task,family,method,source,temperature_K,caliper_A,target,n,loss,true_contrast_rms
structure,linear,radial,911,400.0,0.05,q4,91,0.6231199385026711,0.7864290239137353
structure,linear,radial,911,400.0,0.05,q6,91,0.08611028723905528,0.28107120380936584
structure,linear,radial,911,400.0,0.05,w4,91,0.9786291912428683,1.0039194051485754
structure,linear,radial,911,400.0,0.05,w6,91,0.010433428472329564,0.09833909551856254
structure,linear,radial,911,400.0,0.05,qbar6,91,0.04648522861043376,0.1637500602188683
structure,linear,radial,911,400.0,0.05,q6_coherence,91,0.029986433818797138,0.08737102635964063
structure,linear,radial,911,400.0,0.05,bond_order,91,0.2957940846476925,0.5399759500006852
structure,linear,radial,911,400.0,0.05,angular_arrangement,91,0.3451271640464192,0.613096792440957
structure,linear,radial,913,400.0,0.05,q4,158,0.04579622594343422,0.16580978263499452
structure,linear,radial,913,400.0,0.05,q6,158,0.019210567618361367,0.11235314043889053
structure,linear,radial,913,400.0,0.05,w4,158,0.05371623932402264,0.21209998368458238
structure,linear,radial,913,400.0,0.05,w6,158,0.018495734424391865,0.07868418925212133
structure,linear,radial,913,400.0,0.05,qbar6,158,0.023040838014637122,0.040421867971188956
structure,linear,radial,913,400.0,0.05,q6_coherence,158,0.02157297141936257,0.024684560340675978
structure,linear,radial,913,400.0,0.05,bond_order,158,0.030305429457368298,0.12485790045134083
structure,linear,radial,913,400.0,0.05,angular_arrangement,158,0.10698012476581499,0.37381207866282845
structure,linear,radial,938,450.0,0.05,q4,13,1.556548899441921,1.2555246469716765
structure,linear,radial,938,450.0,0.05,q6,13,0.2575957654984934,0.5500440943831092
structure,linear,radial,938,450.0,0.05,w4,13,2.349414276953217,1.547580763054549
structure,linear,radial,938,450.0,0.05,w6,13,0.0503058287545785,0.2132062701016716
structure,linear,radial,938,450.0,0.05,qbar6,13,0.09203473979390733,0.35945473949190987
structure,linear,radial,938,450.0,0.05,q6_coherence,13,0.035510777039123594,0.2256067345542457
structure,linear,radial,938,450.0,0.05,bond_order,13,0.7235683812468735,0.8659734296468224
structure,linear,radial,938,450.0,0.05,angular_arrangement,13,1.0448274949999574,1.0600659779537185
structure,linear,radial,942,450.0,0.05,q4,206,0.05715927477754086,0.18808513950432873
structure,linear,radial,942,450.0,0.05,q6,206,0.026068759442844053,0.11409508279772727
structure,linear,radial,942,450.0,0.05,w4,206,0.09075767686137014,0.2723829738548929
structure,linear,radial,942,450.0,0.05,w6,206,0.012160079230319374,0.09270735987560787
structure,linear,radial,942,450.0,0.05,qbar6,206,0.024337071931741564,0.04026644987015386
structure,linear,radial,942,450.0,0.05,q6_coherence,206,0.01800113413942247,0.0203954079111501
structure,linear,radial,942,450.0,0.05,bond_order,206,0.03808066606387307,0.1490068266283638
structure,linear,radial,942,450.0,0.05,angular_arrangement,206,0.12849637428535463,0.3904597233780116
structure,linear,radial,970,500.0,0.05,q4,82,0.15323812172383477,0.4122969130415288
structure,linear,radial,970,500.0,0.05,q6,82,0.026471799201281752,0.15570356584334472
structure,linear,radial,970,500.0,0.05,w4,82,0.13767442377284486,0.3966564763436262
structure,linear,radial,970,500.0,0.05,w6,82,0.01401411821255407,0.10562520457987064
structure,linear,radial,970,500.0,0.05,qbar6,82,0.019900182870085676,0.07958244387716755
structure,linear,radial,970,500.0,0.05,q6_coherence,82,0.011810476215952392,0.04325246021223588
structure,linear,radial,970,500.0,0.05,bond_order,82,0.06051818699942559,0.24863947449927762
structure,linear,radial,970,500.0,0.05,angular_arrangement,82,0.17580150350513657,0.4564394598621464
structure,linear,radial,971,500.0,0.05,q4,16,0.510640566774098,0.6995239887906375
structure,linear,radial,971,500.0,0.05,q6,16,0.08097873805101118,0.19126547100619057
structure,linear,radial,971,500.0,0.05,w4,16,0.4957473087452748,0.7208948353117678
structure,linear,radial,971,500.0,0.05,w6,16,0.038159821903585696,0.1406353350802877
structure,linear,radial,971,500.0,0.05,qbar6,16,0.05477141873639407,0.13026485036415222
structure,linear,radial,971,500.0,0.05,q6_coherence,16,0.03960781958290445,0.08282895095921848
structure,linear,radial,971,500.0,0.05,bond_order,16,0.20331761229887801,0.4260699314084698
structure,linear,radial,971,500.0,0.05,angular_arrangement,16,0.22016967754618386,0.4772211851500516
structure,linear,radial,1000,510.0,0.05,q4,2,0.026358007204731238,0.18959328285465324
structure,linear,radial,1000,510.0,0.05,q6,2,0.023018457258412034,0.18444600397720076
structure,linear,radial,1000,510.0,0.05,w4,2,0.04525319479941514,0.18940047086597553
structure,linear,radial,1000,510.0,0.05,w6,2,0.03705377906195883,0.1854566227772121
structure,linear,radial,1000,510.0,0.05,qbar6,2,0.055613107163910366,0.05976879124222398
structure,linear,radial,1000,510.0,0.05,q6_coherence,2,0.039925252902661836,0.02829881516315293
structure,linear,radial,1000,510.0,0.05,bond_order,2,0.037870299731848245,0.15524484421344417
structure,linear,radial,1000,510.0,0.05,angular_arrangement,2,0.20179530649957717,0.4681339093935752
structure,linear,radial,1001,510.0,0.05,q4,27,0.32039518255888144,0.5806120321533584
structure,linear,radial,1001,510.0,0.05,q6,27,0.03509980740541421,0.15791416154800664
structure,linear,radial,1001,510.0,0.05,w4,27,0.4118012190673766,0.632134740607913
structure,linear,radial,1001,510.0,0.05,w6,27,0.01698507171246031,0.1417871957623332
structure,linear,radial,1001,510.0,0.05,qbar6,27,0.03356592671836229,0.09907650604183864
structure,linear,radial,1001,510.0,0.05,q6_coherence,27,0.02833720872654208,0.06835355034916336
structure,linear,radial,1001,510.0,0.05,bond_order,27,0.14103073603150615,0.3642877789511647
structure,linear,radial,1001,510.0,0.05,angular_arrangement,27,0.2816745427188792,0.5148658056162762
structure,linear,radial,1009,520.0,0.05,q4,14,0.07982768962921709,0.2113813404481155
structure,linear,radial,1009,520.0,0.05,q6,14,0.034488376932711354,0.1575887899811701
structure,linear,radial,1009,520.0,0.05,w4,14,0.06062957956058317,0.21643950211051974
structure,linear,radial,1009,520.0,0.05,w6,14,0.012485864713726275,0.09891221474462229
structure,linear,radial,1009,520.0,0.05,qbar6,14,0.021432899722742548,0.08945530424463699
structure,linear,radial,1009,520.0,0.05,q6_coherence,14,0.014284926662130108,0.05055296745715174
structure,linear,radial,1009,520.0,0.05,bond_order,14,0.03719155620351842,0.15094360762280937
structure,linear,radial,1009,520.0,0.05,angular_arrangement,14,0.19802349485266654,0.45369065818224485
structure,linear,radial,911,400.0,0.1,q4,13431,1.0558788037056837,1.0266270699159583
structure,linear,radial,911,400.0,0.1,q6,13431,0.20740337257276892,0.4510847212905268
structure,linear,radial,911,400.0,0.1,w4,13431,1.4082424805841776,1.1788873541785532
structure,linear,radial,911,400.0,0.1,w6,13431,0.8810611249243998,0.9414256790661032
structure,linear,radial,911,400.0,0.1,qbar6,13431,0.08533024480852862,0.2363553336651145
structure,linear,radial,911,400.0,0.1,q6_coherence,13431,0.11213523765555834,0.2796867605913576
structure,linear,radial,911,400.0,0.1,bond_order,13431,0.6250085440418528,0.7818340400744901
structure,linear,radial,911,400.0,0.1,angular_arrangement,13431,0.540593289033387,0.8252979712638587
structure,linear,radial,913,400.0,0.1,q4,11219,0.7258084106835909,0.8448989307302719
structure,linear,radial,913,400.0,0.1,q6,11219,0.22981231663121315,0.46883306725310797
structure,linear,radial,913,400.0,0.1,w4,11219,0.537756898361079,0.7145189952348846
structure,linear,radial,913,400.0,0.1,w6,11219,1.0702054666340044,1.0293600635205897
structure,linear,radial,913,400.0,0.1,qbar6,11219,0.07007819500604186,0.20303463450821171
structure,linear,radial,913,400.0,0.1,q6_coherence,11219,0.12340317079182068,0.30413820210350695
structure,linear,radial,913,400.0,0.1,bond_order,11219,0.45951074301795836,0.6630109717305254
structure,linear,radial,913,400.0,0.1,angular_arrangement,11219,0.4304166953112107,0.7542531642816
structure,linear,radial,938,450.0,0.1,q4,10713,1.900237642272254,1.3471635105358934
structure,linear,radial,938,450.0,0.1,q6,10713,0.3242397935014971,0.5533101707913456
structure,linear,radial,938,450.0,0.1,w4,10713,2.647973579069679,1.6320479698268333
structure,linear,radial,938,450.0,0.1,w6,10713,0.5108283482355334,0.7083241471819619
structure,linear,radial,938,450.0,0.1,qbar6,10713,0.17012239984357047,0.344674321476995
structure,linear,radial,938,450.0,0.1,q6_coherence,10713,0.13362132997513407,0.30677619376100695
structure,linear,radial,938,450.0,0.1,bond_order,10713,0.9478371821496111,0.9573589855658117
structure,linear,radial,938,450.0,0.1,angular_arrangement,10713,0.8039846628913925,0.9872689185839557
structure,linear,radial,942,450.0,0.1,q4,18952,0.40794606551266427,0.6211528106411476
structure,linear,radial,942,450.0,0.1,q6,18952,0.0950330578176452,0.2989398844217068
structure,linear,radial,942,450.0,0.1,w4,18952,0.48246975683801563,0.6820119560558205
structure,linear,radial,942,450.0,0.1,w6,18952,0.25238875263578797,0.4933391599659156
structure,linear,radial,942,450.0,0.1,qbar6,18952,0.05410614262084061,0.15644052039069942
structure,linear,radial,942,450.0,0.1,q6_coherence,18952,0.056793715705700576,0.16765122627601994
structure,linear,radial,942,450.0,0.1,bond_order,18952,0.22478958185510908,0.45392735720531113
structure,linear,radial,942,450.0,0.1,angular_arrangement,18952,0.3092270658138744,0.6903348653220536
structure,linear,radial,970,500.0,0.1,q4,20747,0.27434800690928446,0.4714557417719975
structure,linear,radial,970,500.0,0.1,q6,20747,0.07308779873298042,0.2592551341450374
structure,linear,radial,970,500.0,0.1,w4,20747,0.29858989016136245,0.5211441605080807
structure,linear,radial,970,500.0,0.1,w6,20747,0.20642988164200485,0.44411739938881173
structure,linear,radial,970,500.0,0.1,qbar6,20747,0.044589998080262684,0.11966572327426174
structure,linear,radial,970,500.0,0.1,q6_coherence,20747,0.04336875454183349,0.13732672809140983
structure,linear,radial,970,500.0,0.1,bond_order,20747,0.15673572167795474,0.36320190828173043
structure,linear,radial,970,500.0,0.1,angular_arrangement,20747,0.31713979877816834,0.6968514217406444
structure,linear,radial,971,500.0,0.1,q4,10619,0.8289014250241566,0.9008294576495057
structure,linear,radial,971,500.0,0.1,q6,10619,0.18135674474600638,0.4132977630305768
structure,linear,radial,971,500.0,0.1,w4,10619,0.8637955937677487,0.9274178498987655
structure,linear,radial,971,500.0,0.1,w6,10619,0.5397921598798111,0.72640308493721
structure,linear,radial,971,500.0,0.1,qbar6,10619,0.09731678059026082,0.2603825747723752
structure,linear,radial,971,500.0,0.1,q6_coherence,10619,0.1031145580266922,0.2694443008106143
structure,linear,radial,971,500.0,0.1,bond_order,10619,0.4357128770057794,0.646847918666196
structure,linear,radial,971,500.0,0.1,angular_arrangement,10619,0.520437972177485,0.8297429856149184
structure,linear,radial,1000,510.0,0.1,q4,7473,1.867018800639437,1.3694532009823093
structure,linear,radial,1000,510.0,0.1,q6,7473,0.348321861757728,0.5814350908456233
structure,linear,radial,1000,510.0,0.1,w4,7473,2.22696967158044,1.485107729828026
structure,linear,radial,1000,510.0,0.1,w6,7473,1.3374018486073447,1.1487602659941378
structure,linear,radial,1000,510.0,0.1,qbar6,7473,0.14056412087567627,0.2878109178255946
structure,linear,radial,1000,510.0,0.1,q6_coherence,7473,0.17574307909714554,0.3405745462688651
structure,linear,radial,1000,510.0,0.1,bond_order,7473,1.0160032304262951,0.9947772027322734
structure,linear,radial,1000,510.0,0.1,angular_arrangement,7473,0.9242722816258487,1.0270293560948809
structure,linear,radial,1001,510.0,0.1,q4,11038,0.8126538536043381,0.8978323454131423
structure,linear,radial,1001,510.0,0.1,q6,11038,0.1804574985178948,0.4285204217098126
structure,linear,radial,1001,510.0,0.1,w4,11038,0.9588369573820733,0.969194001961416
structure,linear,radial,1001,510.0,0.1,w6,11038,0.48695669802966157,0.6915470759393563
structure,linear,radial,1001,510.0,0.1,qbar6,11038,0.09663052986180155,0.29217495095791196
structure,linear,radial,1001,510.0,0.1,q6_coherence,11038,0.11484334846632924,0.311294475741892
structure,linear,radial,1001,510.0,0.1,bond_order,11038,0.4417298143103498,0.6569598537411243
structure,linear,radial,1001,510.0,0.1,angular_arrangement,11038,0.47157841115074944,0.8038537170449556
structure,linear,radial,881,520.0,0.1,q4,7220,2.1880478807302732,1.456085097712625
structure,linear,radial,881,520.0,0.1,q6,7220,0.31583512337586517,0.5538194099410891
structure,linear,radial,881,520.0,0.1,w4,7220,2.453461939086245,1.543980384081562
structure,linear,radial,881,520.0,0.1,w6,7220,1.434580546261267,1.199140873534706
structure,linear,radial,881,520.0,0.1,qbar6,7220,0.1197763126204444,0.29781480209504785
structure,linear,radial,881,520.0,0.1,q6_coherence,7220,0.169665151591436,0.3589105380939715
structure,linear,radial,881,520.0,0.1,bond_order,7220,1.1135611589442553,1.0381252687995095
structure,linear,radial,881,520.0,0.1,angular_arrangement,7220,0.904636745148473,1.0028674037362708
structure,linear,radial,1009,520.0,0.1,q4,13594,1.3870375421856829,1.1698018970890318
structure,linear,radial,1009,520.0,0.1,q6,13594,0.19614353824371275,0.4344309270350266
structure,linear,radial,1009,520.0,0.1,w4,13594,2.037732497069988,1.4351748440500554
structure,linear,radial,1009,520.0,0.1,w6,13594,0.3028630098761689,0.5394766852500842
structure,linear,radial,1009,520.0,0.1,qbar6,13594,0.09352963960704848,0.26619902782914234
structure,linear,radial,1009,520.0,0.1,q6_coherence,13594,0.08196853568595876,0.2222729122037974
structure,linear,radial,1009,520.0,0.1,bond_order,13594,0.6832124604447599,0.819369249853901
structure,linear,radial,1009,520.0,0.1,angular_arrangement,13594,0.6794860330055978,0.9070728693780314
structure,linear,radial_control,911,400.0,0.05,q4,91,0.6260203402666666,0.7864290239137353
structure,linear,radial_control,911,400.0,0.05,q6,91,0.08111208561021227,0.28107120380936584
structure,linear,radial_control,911,400.0,0.05,w4,91,0.9851235285689548,1.0039194051485754
structure,linear,radial_control,911,400.0,0.05,w6,91,0.0100164073520249,0.09833909551856254
structure,linear,radial_control,911,400.0,0.05,qbar6,91,0.04858808046828882,0.1637500602188683
structure,linear,radial_control,911,400.0,0.05,q6_coherence,91,0.03169292999871203,0.08737102635964063
structure,linear,radial_control,911,400.0,0.05,bond_order,91,0.29709222871080987,0.5399759500006852
structure,linear,radial_control,911,400.0,0.05,angular_arrangement,91,0.34346155336090045,0.613096792440957
structure,linear,radial_control,913,400.0,0.05,q4,158,0.04002305471759128,0.16580978263499452
structure,linear,radial_control,913,400.0,0.05,q6,158,0.015688308389894528,0.11235314043889053
structure,linear,radial_control,913,400.0,0.05,w4,158,0.05818150466784952,0.21209998368458238
structure,linear,radial_control,913,400.0,0.05,w6,158,0.014777538138062447,0.07868418925212133
structure,linear,radial_control,913,400.0,0.05,qbar6,158,0.025977110319495456,0.040421867971188956
structure,linear,radial_control,913,400.0,0.05,q6_coherence,158,0.021809310356027272,0.024684560340675978
structure,linear,radial_control,913,400.0,0.05,bond_order,158,0.029409471098153415,0.12485790045134083
structure,linear,radial_control,913,400.0,0.05,angular_arrangement,158,0.1065610870066144,0.37381207866282845
structure,linear,radial_control,938,450.0,0.05,q4,13,1.588785037287791,1.2555246469716765
structure,linear,radial_control,938,450.0,0.05,q6,13,0.23838385853463173,0.5500440943831092
structure,linear,radial_control,938,450.0,0.05,w4,13,2.343226014409391,1.547580763054549
structure,linear,radial_control,938,450.0,0.05,w6,13,0.050016103257550674,0.2132062701016716
structure,linear,radial_control,938,450.0,0.05,qbar6,13,0.09173378296377974,0.35945473949190987
structure,linear,radial_control,938,450.0,0.05,q6_coherence,13,0.038289329819391746,0.2256067345542457
structure,linear,radial_control,938,450.0,0.05,bond_order,13,0.725072354378756,0.8659734296468224
structure,linear,radial_control,938,450.0,0.05,angular_arrangement,13,1.0514754733742002,1.0600659779537185
structure,linear,radial_control,942,450.0,0.05,q4,206,0.0609075482457979,0.18808513950432873
structure,linear,radial_control,942,450.0,0.05,q6,206,0.02390044153435392,0.11409508279772727
structure,linear,radial_control,942,450.0,0.05,w4,206,0.0879672463246836,0.2723829738548929
structure,linear,radial_control,942,450.0,0.05,w6,206,0.011165183079236127,0.09270735987560787
structure,linear,radial_control,942,450.0,0.05,qbar6,206,0.026129118875234298,0.04026644987015386
structure,linear,radial_control,942,450.0,0.05,q6_coherence,206,0.022775376224660103,0.0203954079111501
structure,linear,radial_control,942,450.0,0.05,bond_order,206,0.03880748571399432,0.1490068266283638
structure,linear,radial_control,942,450.0,0.05,angular_arrangement,206,0.12939830787778578,0.3904597233780116
structure,linear,radial_control,970,500.0,0.05,q4,82,0.16534153869906346,0.4122969130415288
structure,linear,radial_control,970,500.0,0.05,q6,82,0.030545154895604863,0.15570356584334472
structure,linear,radial_control,970,500.0,0.05,w4,82,0.1368093502596246,0.3966564763436262
structure,linear,radial_control,970,500.0,0.05,w6,82,0.013310818960711788,0.10562520457987064
structure,linear,radial_control,970,500.0,0.05,qbar6,82,0.02340575069774372,0.07958244387716755
structure,linear,radial_control,970,500.0,0.05,q6_coherence,82,0.01559727015774981,0.04325246021223588
structure,linear,radial_control,970,500.0,0.05,bond_order,82,0.06416831394508304,0.24863947449927762
structure,linear,radial_control,970,500.0,0.05,angular_arrangement,82,0.1744967624990868,0.4564394598621464
structure,linear,radial_control,971,500.0,0.05,q4,16,0.5347995900534236,0.6995239887906375
structure,linear,radial_control,971,500.0,0.05,q6,16,0.06463941798282857,0.19126547100619057
structure,linear,radial_control,971,500.0,0.05,w4,16,0.4946898997858554,0.7208948353117678
structure,linear,radial_control,971,500.0,0.05,w6,16,0.03416670111924843,0.1406353350802877
structure,linear,radial_control,971,500.0,0.05,qbar6,16,0.04427172719212061,0.13026485036415222
structure,linear,radial_control,971,500.0,0.05,q6_coherence,16,0.03180256944700732,0.08282895095921848
structure,linear,radial_control,971,500.0,0.05,bond_order,16,0.20072831759674734,0.4260699314084698
structure,linear,radial_control,971,500.0,0.05,angular_arrangement,16,0.22320316180461763,0.4772211851500516
structure,linear,radial_control,1000,510.0,0.05,q4,2,0.035386673011744064,0.18959328285465324
structure,linear,radial_control,1000,510.0,0.05,q6,2,0.02563945948535449,0.18444600397720076
structure,linear,radial_control,1000,510.0,0.05,w4,2,0.0700547792451691,0.18940047086597553
structure,linear,radial_control,1000,510.0,0.05,w6,2,0.03655445508525823,0.1854566227772121
structure,linear,radial_control,1000,510.0,0.05,qbar6,2,0.05614269808073457,0.05976879124222398
structure,linear,radial_control,1000,510.0,0.05,q6_coherence,2,0.03457146345485279,0.02829881516315293
structure,linear,radial_control,1000,510.0,0.05,bond_order,2,0.043058254727185545,0.15524484421344417
structure,linear,radial_control,1000,510.0,0.05,angular_arrangement,2,0.20074801786041002,0.4681339093935752
structure,linear,radial_control,1001,510.0,0.05,q4,27,0.32120363646229466,0.5806120321533584
structure,linear,radial_control,1001,510.0,0.05,q6,27,0.03398862883532401,0.15791416154800664
structure,linear,radial_control,1001,510.0,0.05,w4,27,0.41302141348304167,0.632134740607913
structure,linear,radial_control,1001,510.0,0.05,w6,27,0.017042433067192782,0.1417871957623332
structure,linear,radial_control,1001,510.0,0.05,qbar6,27,0.031330186236281976,0.09907650604183864
structure,linear,radial_control,1001,510.0,0.05,q6_coherence,27,0.02781923547079328,0.06835355034916336
structure,linear,radial_control,1001,510.0,0.05,bond_order,27,0.14073425559248806,0.3642877789511647
structure,linear,radial_control,1001,510.0,0.05,angular_arrangement,27,0.27862549123218217,0.5148658056162762
structure,linear,radial_control,1009,520.0,0.05,q4,14,0.071312701621681,0.2113813404481155
structure,linear,radial_control,1009,520.0,0.05,q6,14,0.03134820598430862,0.1575887899811701
structure,linear,radial_control,1009,520.0,0.05,w4,14,0.08488131954623825,0.21643950211051974
structure,linear,radial_control,1009,520.0,0.05,w6,14,0.010591106652785778,0.09891221474462229
structure,linear,radial_control,1009,520.0,0.05,qbar6,14,0.021983577662881112,0.08945530424463699
structure,linear,radial_control,1009,520.0,0.05,q6_coherence,14,0.013614083743484178,0.05055296745715174
structure,linear,radial_control,1009,520.0,0.05,bond_order,14,0.03895516586856316,0.15094360762280937
structure,linear,radial_control,1009,520.0,0.05,angular_arrangement,14,0.1974889630593985,0.45369065818224485
structure,linear,radial_control,911,400.0,0.1,q4,13431,1.056268066183644,1.0266270699159583
structure,linear,radial_control,911,400.0,0.1,q6,13431,0.20548962865848203,0.4510847212905268
structure,linear,radial_control,911,400.0,0.1,w4,13431,1.4099828159348997,1.1788873541785532
structure,linear,radial_control,911,400.0,0.1,w6,13431,0.8812987188293407,0.9414256790661032
structure,linear,radial_control,911,400.0,0.1,qbar6,13431,0.0851455491445862,0.2363553336651145
structure,linear,radial_control,911,400.0,0.1,q6_coherence,13431,0.11128407811842443,0.2796867605913576
structure,linear,radial_control,911,400.0,0.1,bond_order,13431,0.6249114761448962,0.7818340400744901
structure,linear,radial_control,911,400.0,0.1,angular_arrangement,13431,0.5371374776730302,0.8252979712638587
structure,linear,radial_control,913,400.0,0.1,q4,11219,0.7233657918419332,0.8448989307302719
structure,linear,radial_control,913,400.0,0.1,q6,11219,0.223981282115588,0.46883306725310797
structure,linear,radial_control,913,400.0,0.1,w4,11219,0.5383806070832344,0.7145189952348846
structure,linear,radial_control,913,400.0,0.1,w6,11219,1.06443920377596,1.0293600635205897
structure,linear,radial_control,913,400.0,0.1,qbar6,11219,0.07070964535188674,0.20303463450821171
structure,linear,radial_control,913,400.0,0.1,q6_coherence,11219,0.1194516385803228,0.30413820210350695
structure,linear,radial_control,913,400.0,0.1,bond_order,11219,0.4567213614581542,0.6630109717305254
structure,linear,radial_control,913,400.0,0.1,angular_arrangement,11219,0.4286199083503024,0.7542531642816
structure,linear,radial_control,938,450.0,0.1,q4,10713,1.9215477957251816,1.3471635105358934
structure,linear,radial_control,938,450.0,0.1,q6,10713,0.3120479446391265,0.5533101707913456
structure,linear,radial_control,938,450.0,0.1,w4,10713,2.6772141015881377,1.6320479698268333
structure,linear,radial_control,938,450.0,0.1,w6,10713,0.5097504274939921,0.7083241471819619
structure,linear,radial_control,938,450.0,0.1,qbar6,10713,0.1708928472165443,0.344674321476995
structure,linear,radial_control,938,450.0,0.1,q6_coherence,10713,0.1404892152183547,0.30677619376100695
structure,linear,radial_control,938,450.0,0.1,bond_order,10713,0.9553237219802229,0.9573589855658117
structure,linear,radial_control,938,450.0,0.1,angular_arrangement,10713,0.8014247507292787,0.9872689185839557
structure,linear,radial_control,942,450.0,0.1,q4,18952,0.41199267998352185,0.6211528106411476
structure,linear,radial_control,942,450.0,0.1,q6,18952,0.09157017858397423,0.2989398844217068
structure,linear,radial_control,942,450.0,0.1,w4,18952,0.4800296585752034,0.6820119560558205
structure,linear,radial_control,942,450.0,0.1,w6,18952,0.25099732443092754,0.4933391599659156
structure,linear,radial_control,942,450.0,0.1,qbar6,18952,0.054687466721561856,0.15644052039069942
structure,linear,radial_control,942,450.0,0.1,q6_coherence,18952,0.05873525492407156,0.16765122627601994
structure,linear,radial_control,942,450.0,0.1,bond_order,18952,0.2246687605365434,0.45392735720531113
structure,linear,radial_control,942,450.0,0.1,angular_arrangement,18952,0.3050731801979752,0.6903348653220536
structure,linear,radial_control,970,500.0,0.1,q4,20747,0.2809209251968085,0.4714557417719975
structure,linear,radial_control,970,500.0,0.1,q6,20747,0.07317035790823638,0.2592551341450374
structure,linear,radial_control,970,500.0,0.1,w4,20747,0.3057542326966052,0.5211441605080807
structure,linear,radial_control,970,500.0,0.1,w6,20747,0.20519316581586522,0.44411739938881173
structure,linear,radial_control,970,500.0,0.1,qbar6,20747,0.04533093238416091,0.11966572327426174
structure,linear,radial_control,970,500.0,0.1,q6_coherence,20747,0.04503705351459071,0.13732672809140983
structure,linear,radial_control,970,500.0,0.1,bond_order,20747,0.15923444458604444,0.36320190828173043
structure,linear,radial_control,970,500.0,0.1,angular_arrangement,20747,0.3167901564237648,0.6968514217406444
structure,linear,radial_control,971,500.0,0.1,q4,10619,0.8396415914511818,0.9008294576495057
structure,linear,radial_control,971,500.0,0.1,q6,10619,0.18349200114666575,0.4132977630305768
structure,linear,radial_control,971,500.0,0.1,w4,10619,0.8633061469263067,0.9274178498987655
structure,linear,radial_control,971,500.0,0.1,w6,10619,0.5370969472647436,0.72640308493721
structure,linear,radial_control,971,500.0,0.1,qbar6,10619,0.09833747139770806,0.2603825747723752
structure,linear,radial_control,971,500.0,0.1,q6_coherence,10619,0.09993889988573874,0.2694443008106143
structure,linear,radial_control,971,500.0,0.1,bond_order,10619,0.43696884301205746,0.646847918666196
structure,linear,radial_control,971,500.0,0.1,angular_arrangement,10619,0.5171927042344676,0.8297429856149184
structure,linear,radial_control,1000,510.0,0.1,q4,7473,1.859952202001516,1.3694532009823093
structure,linear,radial_control,1000,510.0,0.1,q6,7473,0.348972728210917,0.5814350908456233
structure,linear,radial_control,1000,510.0,0.1,w4,7473,2.2106256627002767,1.485107729828026
structure,linear,radial_control,1000,510.0,0.1,w6,7473,1.3350304318842352,1.1487602659941378
structure,linear,radial_control,1000,510.0,0.1,qbar6,7473,0.13940346201919757,0.2878109178255946
structure,linear,radial_control,1000,510.0,0.1,q6_coherence,7473,0.17095490795693158,0.3405745462688651
structure,linear,radial_control,1000,510.0,0.1,bond_order,7473,1.0108232324621789,0.9947772027322734
structure,linear,radial_control,1000,510.0,0.1,angular_arrangement,7473,0.9223341304218848,1.0270293560948809
structure,linear,radial_control,1001,510.0,0.1,q4,11038,0.8064168198076977,0.8978323454131423
structure,linear,radial_control,1001,510.0,0.1,q6,11038,0.17932187440622457,0.4285204217098126
structure,linear,radial_control,1001,510.0,0.1,w4,11038,0.9649142748611071,0.969194001961416
structure,linear,radial_control,1001,510.0,0.1,w6,11038,0.48563535222652665,0.6915470759393563
structure,linear,radial_control,1001,510.0,0.1,qbar6,11038,0.0954048771479388,0.29217495095791196
structure,linear,radial_control,1001,510.0,0.1,q6_coherence,11038,0.11413721436737842,0.311294475741892
structure,linear,radial_control,1001,510.0,0.1,bond_order,11038,0.4409717354694788,0.6569598537411243
structure,linear,radial_control,1001,510.0,0.1,angular_arrangement,11038,0.46865732200262306,0.8038537170449556
structure,linear,radial_control,881,520.0,0.1,q4,7220,2.173102978602087,1.456085097712625
structure,linear,radial_control,881,520.0,0.1,q6,7220,0.3137623827462076,0.5538194099410891
structure,linear,radial_control,881,520.0,0.1,w4,7220,2.449159135819082,1.543980384081562
structure,linear,radial_control,881,520.0,0.1,w6,7220,1.4331513936821145,1.199140873534706
structure,linear,radial_control,881,520.0,0.1,qbar6,7220,0.11755767540252403,0.29781480209504785
structure,linear,radial_control,881,520.0,0.1,q6_coherence,7220,0.16784155664899889,0.3589105380939715
structure,linear,radial_control,881,520.0,0.1,bond_order,7220,1.1090958538168356,1.0381252687995095
structure,linear,radial_control,881,520.0,0.1,angular_arrangement,7220,0.9031181587714604,1.0028674037362708
structure,linear,radial_control,1009,520.0,0.1,q4,13594,1.3771003969866673,1.1698018970890318
structure,linear,radial_control,1009,520.0,0.1,q6,13594,0.19261968193502813,0.4344309270350266
structure,linear,radial_control,1009,520.0,0.1,w4,13594,2.029139115320169,1.4351748440500554
structure,linear,radial_control,1009,520.0,0.1,w6,13594,0.3006860197024835,0.5394766852500842
structure,linear,radial_control,1009,520.0,0.1,qbar6,13594,0.09229659851682193,0.26619902782914234
structure,linear,radial_control,1009,520.0,0.1,q6_coherence,13594,0.07863629670092825,0.2222729122037974
structure,linear,radial_control,1009,520.0,0.1,bond_order,13594,0.6784130181936829,0.819369249853901
structure,linear,radial_control,1009,520.0,0.1,angular_arrangement,13594,0.6789039111643868,0.9070728693780314
structure,linear,plus_gatr,911,400.0,0.05,q4,91,0.6242002912209283,0.7864290239137353
structure,linear,plus_gatr,911,400.0,0.05,q6,91,0.08464185020942717,0.28107120380936584
structure,linear,plus_gatr,911,400.0,0.05,w4,91,0.9865433743248119,1.0039194051485754
structure,linear,plus_gatr,911,400.0,0.05,w6,91,0.010803527181799213,0.09833909551856254
structure,linear,plus_gatr,911,400.0,0.05,qbar6,91,0.04828551290062923,0.1637500602188683
structure,linear,plus_gatr,911,400.0,0.05,q6_coherence,91,0.03137554625869616,0.08737102635964063
structure,linear,plus_gatr,911,400.0,0.05,bond_order,91,0.2976416836827153,0.5399759500006852
structure,linear,plus_gatr,911,400.0,0.05,angular_arrangement,91,0.3443494164800736,0.613096792440957
structure,linear,plus_gatr,913,400.0,0.05,q4,158,0.051576314813898516,0.16580978263499452
structure,linear,plus_gatr,913,400.0,0.05,q6,158,0.015157071517835505,0.11235314043889053
structure,linear,plus_gatr,913,400.0,0.05,w4,158,0.057383158412833354,0.21209998368458238
structure,linear,plus_gatr,913,400.0,0.05,w6,158,0.014068569862825972,0.07868418925212133
structure,linear,plus_gatr,913,400.0,0.05,qbar6,158,0.02600722639121239,0.040421867971188956
structure,linear,plus_gatr,913,400.0,0.05,q6_coherence,158,0.021602844658054746,0.024684560340675978
structure,linear,plus_gatr,913,400.0,0.05,bond_order,158,0.030965864276110082,0.12485790045134083
structure,linear,plus_gatr,913,400.0,0.05,angular_arrangement,158,0.10624353741280994,0.37381207866282845
structure,linear,plus_gatr,938,450.0,0.05,q4,13,1.5816907980807817,1.2555246469716765
structure,linear,plus_gatr,938,450.0,0.05,q6,13,0.23937249596704188,0.5500440943831092
structure,linear,plus_gatr,938,450.0,0.05,w4,13,2.3419682634942487,1.547580763054549
structure,linear,plus_gatr,938,450.0,0.05,w6,13,0.054629189286330856,0.2132062701016716
structure,linear,plus_gatr,938,450.0,0.05,qbar6,13,0.09127328619134693,0.35945473949190987
structure,linear,plus_gatr,938,450.0,0.05,q6_coherence,13,0.03789495547153195,0.2256067345542457
structure,linear,plus_gatr,938,450.0,0.05,bond_order,13,0.7244714980818804,0.8659734296468224
structure,linear,plus_gatr,938,450.0,0.05,angular_arrangement,13,1.049804926797537,1.0600659779537185
structure,linear,plus_gatr,942,450.0,0.05,q4,206,0.05993218131996897,0.18808513950432873
structure,linear,plus_gatr,942,450.0,0.05,q6,206,0.023345532551458707,0.11409508279772727
structure,linear,plus_gatr,942,450.0,0.05,w4,206,0.08742745572030983,0.2723829738548929
structure,linear,plus_gatr,942,450.0,0.05,w6,206,0.010953306906755195,0.09270735987560787
structure,linear,plus_gatr,942,450.0,0.05,qbar6,206,0.026233195132972485,0.04026644987015386
structure,linear,plus_gatr,942,450.0,0.05,q6_coherence,206,0.022303686006917237,0.0203954079111501
structure,linear,plus_gatr,942,450.0,0.05,bond_order,206,0.0383658929397304,0.1490068266283638
structure,linear,plus_gatr,942,450.0,0.05,angular_arrangement,206,0.12837707126148856,0.3904597233780116
structure,linear,plus_gatr,970,500.0,0.05,q4,82,0.16374440843942775,0.4122969130415288
structure,linear,plus_gatr,970,500.0,0.05,q6,82,0.03043440764002273,0.15570356584334472
structure,linear,plus_gatr,970,500.0,0.05,w4,82,0.13585145188617653,0.3966564763436262
structure,linear,plus_gatr,970,500.0,0.05,w6,82,0.016628954088855605,0.10562520457987064
structure,linear,plus_gatr,970,500.0,0.05,qbar6,82,0.0232849332181814,0.07958244387716755
structure,linear,plus_gatr,970,500.0,0.05,q6_coherence,82,0.014983745947463776,0.04325246021223588
structure,linear,plus_gatr,970,500.0,0.05,bond_order,82,0.06415465020335463,0.24863947449927762
structure,linear,plus_gatr,970,500.0,0.05,angular_arrangement,82,0.17423859305677597,0.4564394598621464
structure,linear,plus_gatr,971,500.0,0.05,q4,16,0.5282739080629685,0.6995239887906375
structure,linear,plus_gatr,971,500.0,0.05,q6,16,0.0654195650425127,0.19126547100619057
structure,linear,plus_gatr,971,500.0,0.05,w4,16,0.49567909906268537,0.7208948353117678
structure,linear,plus_gatr,971,500.0,0.05,w6,16,0.03251755846843256,0.1406353350802877
structure,linear,plus_gatr,971,500.0,0.05,qbar6,16,0.04444906833723905,0.13026485036415222
structure,linear,plus_gatr,971,500.0,0.05,q6_coherence,16,0.03039022000310975,0.08282895095921848
structure,linear,plus_gatr,971,500.0,0.05,bond_order,16,0.19945490316282466,0.4260699314084698
structure,linear,plus_gatr,971,500.0,0.05,angular_arrangement,16,0.22369903824372384,0.4772211851500516
structure,linear,plus_gatr,1000,510.0,0.05,q4,2,0.034135315102640944,0.18959328285465324
structure,linear,plus_gatr,1000,510.0,0.05,q6,2,0.02727452212739536,0.18444600397720076
structure,linear,plus_gatr,1000,510.0,0.05,w4,2,0.06335130910201703,0.18940047086597553
structure,linear,plus_gatr,1000,510.0,0.05,w6,2,0.03874694442664389,0.1854566227772121
structure,linear,plus_gatr,1000,510.0,0.05,qbar6,2,0.05738896094386248,0.05976879124222398
structure,linear,plus_gatr,1000,510.0,0.05,q6_coherence,2,0.030829305502442946,0.02829881516315293
structure,linear,plus_gatr,1000,510.0,0.05,bond_order,2,0.04195439286750044,0.15524484421344417
structure,linear,plus_gatr,1000,510.0,0.05,angular_arrangement,2,0.20358916718385003,0.4681339093935752
structure,linear,plus_gatr,1001,510.0,0.05,q4,27,0.32043251716879045,0.5806120321533584
structure,linear,plus_gatr,1001,510.0,0.05,q6,27,0.033991353907849825,0.15791416154800664
structure,linear,plus_gatr,1001,510.0,0.05,w4,27,0.4118201449946356,0.632134740607913
structure,linear,plus_gatr,1001,510.0,0.05,w6,27,0.0175162538094165,0.1417871957623332
structure,linear,plus_gatr,1001,510.0,0.05,qbar6,27,0.031518634036455016,0.09907650604183864
structure,linear,plus_gatr,1001,510.0,0.05,q6_coherence,27,0.028017764002311794,0.06835355034916336
structure,linear,plus_gatr,1001,510.0,0.05,bond_order,27,0.14054944465324323,0.3642877789511647
structure,linear,plus_gatr,1001,510.0,0.05,angular_arrangement,27,0.27708482900984593,0.5148658056162762
structure,linear,plus_gatr,1009,520.0,0.05,q4,14,0.06920836618728478,0.2113813404481155
structure,linear,plus_gatr,1009,520.0,0.05,q6,14,0.030973629162866678,0.1575887899811701
structure,linear,plus_gatr,1009,520.0,0.05,w4,14,0.08531015625051942,0.21643950211051974
structure,linear,plus_gatr,1009,520.0,0.05,w6,14,0.009852792069388125,0.09891221474462229
structure,linear,plus_gatr,1009,520.0,0.05,qbar6,14,0.021840597775116495,0.08945530424463699
structure,linear,plus_gatr,1009,520.0,0.05,q6_coherence,14,0.0134717214970792,0.05055296745715174
structure,linear,plus_gatr,1009,520.0,0.05,bond_order,14,0.038442877157042435,0.15094360762280937
structure,linear,plus_gatr,1009,520.0,0.05,angular_arrangement,14,0.19662373377948375,0.45369065818224485
structure,linear,plus_gatr,911,400.0,0.1,q4,13431,1.0557441605630362,1.0266270699159583
structure,linear,plus_gatr,911,400.0,0.1,q6,13431,0.2066868607273328,0.4510847212905268
structure,linear,plus_gatr,911,400.0,0.1,w4,13431,1.4108525690508371,1.1788873541785532
structure,linear,plus_gatr,911,400.0,0.1,w6,13431,0.8796661563966395,0.9414256790661032
structure,linear,plus_gatr,911,400.0,0.1,qbar6,13431,0.0848896259870776,0.2363553336651145
structure,linear,plus_gatr,911,400.0,0.1,q6_coherence,13431,0.11107052582746345,0.2796867605913576
structure,linear,plus_gatr,911,400.0,0.1,bond_order,13431,0.624818316425398,0.7818340400744901
structure,linear,plus_gatr,911,400.0,0.1,angular_arrangement,13431,0.5380932365156338,0.8252979712638587
structure,linear,plus_gatr,913,400.0,0.1,q4,11219,0.7359793758855089,0.8448989307302719
structure,linear,plus_gatr,913,400.0,0.1,q6,11219,0.22336192815059194,0.46883306725310797
structure,linear,plus_gatr,913,400.0,0.1,w4,11219,0.5386996931674758,0.7145189952348846
structure,linear,plus_gatr,913,400.0,0.1,w6,11219,1.0634518017677668,1.0293600635205897
structure,linear,plus_gatr,913,400.0,0.1,qbar6,11219,0.07070653585996013,0.20303463450821171
structure,linear,plus_gatr,913,400.0,0.1,q6_coherence,11219,0.11877332400755694,0.30413820210350695
structure,linear,plus_gatr,913,400.0,0.1,bond_order,11219,0.45849544313981,0.6630109717305254
structure,linear,plus_gatr,913,400.0,0.1,angular_arrangement,11219,0.4286127077551762,0.7542531642816
structure,linear,plus_gatr,938,450.0,0.1,q4,10713,1.917273104623697,1.3471635105358934
structure,linear,plus_gatr,938,450.0,0.1,q6,10713,0.3105952289516841,0.5533101707913456
structure,linear,plus_gatr,938,450.0,0.1,w4,10713,2.6732296824853687,1.6320479698268333
structure,linear,plus_gatr,938,450.0,0.1,w6,10713,0.5138152946439698,0.7083241471819619
structure,linear,plus_gatr,938,450.0,0.1,qbar6,10713,0.17049809989376652,0.344674321476995
structure,linear,plus_gatr,938,450.0,0.1,q6_coherence,10713,0.13898970667960744,0.30677619376100695
structure,linear,plus_gatr,938,450.0,0.1,bond_order,10713,0.9540668528796823,0.9573589855658117
structure,linear,plus_gatr,938,450.0,0.1,angular_arrangement,10713,0.8001665681652531,0.9872689185839557
structure,linear,plus_gatr,942,450.0,0.1,q4,18952,0.41039943859388534,0.6211528106411476
structure,linear,plus_gatr,942,450.0,0.1,q6,18952,0.09119176252398871,0.2989398844217068
structure,linear,plus_gatr,942,450.0,0.1,w4,18952,0.479674552286174,0.6820119560558205
structure,linear,plus_gatr,942,450.0,0.1,w6,18952,0.2505884299567333,0.4933391599659156
structure,linear,plus_gatr,942,450.0,0.1,qbar6,18952,0.054720010212855996,0.15644052039069942
structure,linear,plus_gatr,942,450.0,0.1,q6_coherence,18952,0.058238337578321885,0.16765122627601994
structure,linear,plus_gatr,942,450.0,0.1,bond_order,18952,0.22413542185865992,0.45392735720531113
structure,linear,plus_gatr,942,450.0,0.1,angular_arrangement,18952,0.30535422311140853,0.6903348653220536
structure,linear,plus_gatr,970,500.0,0.1,q4,20747,0.2795781260433936,0.4714557417719975
structure,linear,plus_gatr,970,500.0,0.1,q6,20747,0.07312527631960562,0.2592551341450374
structure,linear,plus_gatr,970,500.0,0.1,w4,20747,0.3045882630968365,0.5211441605080807
structure,linear,plus_gatr,970,500.0,0.1,w6,20747,0.20751748105820905,0.44411739938881173
structure,linear,plus_gatr,970,500.0,0.1,qbar6,20747,0.045207154613167,0.11966572327426174
structure,linear,plus_gatr,970,500.0,0.1,q6_coherence,20747,0.04442704461618162,0.13732672809140983
structure,linear,plus_gatr,970,500.0,0.1,bond_order,20747,0.15907389095789895,0.36320190828173043
structure,linear,plus_gatr,970,500.0,0.1,angular_arrangement,20747,0.3160254227363154,0.6968514217406444
structure,linear,plus_gatr,971,500.0,0.1,q4,10619,0.8375100821453842,0.9008294576495057
structure,linear,plus_gatr,971,500.0,0.1,q6,10619,0.18352125820910295,0.4132977630305768
structure,linear,plus_gatr,971,500.0,0.1,w4,10619,0.863812960215658,0.9274178498987655
structure,linear,plus_gatr,971,500.0,0.1,w6,10619,0.5365510914283883,0.72640308493721
structure,linear,plus_gatr,971,500.0,0.1,qbar6,10619,0.09811417276815373,0.2603825747723752
structure,linear,plus_gatr,971,500.0,0.1,q6_coherence,10619,0.0994146216586813,0.2694443008106143
structure,linear,plus_gatr,971,500.0,0.1,bond_order,10619,0.43648736440422814,0.646847918666196
structure,linear,plus_gatr,971,500.0,0.1,angular_arrangement,10619,0.5168337529140042,0.8297429856149184
structure,linear,plus_gatr,1000,510.0,0.1,q4,7473,1.873670746281743,1.3694532009823093
structure,linear,plus_gatr,1000,510.0,0.1,q6,7473,0.3489928384224865,0.5814350908456233
structure,linear,plus_gatr,1000,510.0,0.1,w4,7473,2.210497561945423,1.485107729828026
structure,linear,plus_gatr,1000,510.0,0.1,w6,7473,1.3442829546935637,1.1487602659941378
structure,linear,plus_gatr,1000,510.0,0.1,qbar6,7473,0.13909195002841238,0.2878109178255946
structure,linear,plus_gatr,1000,510.0,0.1,q6_coherence,7473,0.1698256682041685,0.3405745462688651
structure,linear,plus_gatr,1000,510.0,0.1,bond_order,7473,1.0143936199292996,0.9947772027322734
structure,linear,plus_gatr,1000,510.0,0.1,angular_arrangement,7473,0.9232469465212475,1.0270293560948809
structure,linear,plus_gatr,1001,510.0,0.1,q4,11038,0.8042272527929598,0.8978323454131423
structure,linear,plus_gatr,1001,510.0,0.1,q6,11038,0.17932617002536352,0.4285204217098126
structure,linear,plus_gatr,1001,510.0,0.1,w4,11038,0.9631318433109693,0.969194001961416
structure,linear,plus_gatr,1001,510.0,0.1,w6,11038,0.48561682296232217,0.6915470759393563
structure,linear,plus_gatr,1001,510.0,0.1,qbar6,11038,0.09521160060860878,0.29217495095791196
structure,linear,plus_gatr,1001,510.0,0.1,q6_coherence,11038,0.11392186618362951,0.311294475741892
structure,linear,plus_gatr,1001,510.0,0.1,bond_order,11038,0.44023925931397556,0.6569598537411243
structure,linear,plus_gatr,1001,510.0,0.1,angular_arrangement,11038,0.46809924976060596,0.8038537170449556
structure,linear,plus_gatr,881,520.0,0.1,q4,7220,2.169818817743716,1.456085097712625
structure,linear,plus_gatr,881,520.0,0.1,q6,7220,0.3139672497276971,0.5538194099410891
structure,linear,plus_gatr,881,520.0,0.1,w4,7220,2.4464505059625186,1.543980384081562
structure,linear,plus_gatr,881,520.0,0.1,w6,7220,1.438807449943178,1.199140873534706
structure,linear,plus_gatr,881,520.0,0.1,qbar6,7220,0.11745787117971786,0.29781480209504785
structure,linear,plus_gatr,881,520.0,0.1,q6_coherence,7220,0.16775062933622054,0.3589105380939715
structure,linear,plus_gatr,881,520.0,0.1,bond_order,7220,1.1090420873155078,1.0381252687995095
structure,linear,plus_gatr,881,520.0,0.1,angular_arrangement,7220,0.9025961908132248,1.0028674037362708
structure,linear,plus_gatr,1009,520.0,0.1,q4,13594,1.3746923671315439,1.1698018970890318
structure,linear,plus_gatr,1009,520.0,0.1,q6,13594,0.19268379551347975,0.4344309270350266
structure,linear,plus_gatr,1009,520.0,0.1,w4,13594,2.0289715568709297,1.4351748440500554
structure,linear,plus_gatr,1009,520.0,0.1,w6,13594,0.30008312935526066,0.5394766852500842
structure,linear,plus_gatr,1009,520.0,0.1,qbar6,13594,0.09211476625848267,0.26619902782914234
structure,linear,plus_gatr,1009,520.0,0.1,q6_coherence,13594,0.07825439968118136,0.2222729122037974
structure,linear,plus_gatr,1009,520.0,0.1,bond_order,13594,0.6778000024684796,0.819369249853901
structure,linear,plus_gatr,1009,520.0,0.1,angular_arrangement,13594,0.6785181501032843,0.9070728693780314
structure,linear,delta_gatr,911,400.0,0.05,q4,91,0.6435185360232434,0.7864290239137353
structure,linear,delta_gatr,911,400.0,0.05,q6,91,0.07740486867533061,0.28107120380936584
structure,linear,delta_gatr,911,400.0,0.05,w4,91,0.9804601362795186,1.0039194051485754
structure,linear,delta_gatr,911,400.0,0.05,w6,91,0.012104684395410802,0.09833909551856254
structure,linear,delta_gatr,911,400.0,0.05,qbar6,91,0.04564897881051174,0.1637500602188683
structure,linear,delta_gatr,911,400.0,0.05,q6_coherence,91,0.02978202591832722,0.08737102635964063
structure,linear,delta_gatr,911,400.0,0.05,bond_order,91,0.29815320501705717,0.5399759500006852
structure,linear,delta_gatr,911,400.0,0.05,angular_arrangement,91,0.3479006746119053,0.613096792440957
structure,linear,delta_gatr,913,400.0,0.05,q4,158,0.05472807319622063,0.16580978263499452
structure,linear,delta_gatr,913,400.0,0.05,q6,158,0.015894318407774215,0.11235314043889053
structure,linear,delta_gatr,913,400.0,0.05,w4,158,0.05392018213526344,0.21209998368458238
structure,linear,delta_gatr,913,400.0,0.05,w6,158,0.012522150487038097,0.07868418925212133
structure,linear,delta_gatr,913,400.0,0.05,qbar6,158,0.028486478104441135,0.040421867971188956
structure,linear,delta_gatr,913,400.0,0.05,q6_coherence,158,0.022514594976480656,0.024684560340675978
structure,linear,delta_gatr,913,400.0,0.05,bond_order,158,0.031344299551203034,0.12485790045134083
structure,linear,delta_gatr,913,400.0,0.05,angular_arrangement,158,0.1108053618916849,0.37381207866282845
structure,linear,delta_gatr,938,450.0,0.05,q4,13,1.6053879619939968,1.2555246469716765
structure,linear,delta_gatr,938,450.0,0.05,q6,13,0.2433426575327706,0.5500440943831092
structure,linear,delta_gatr,938,450.0,0.05,w4,13,2.3349059027546177,1.547580763054549
structure,linear,delta_gatr,938,450.0,0.05,w6,13,0.05671254808336708,0.2132062701016716
structure,linear,delta_gatr,938,450.0,0.05,qbar6,13,0.09085436361686137,0.35945473949190987
structure,linear,delta_gatr,938,450.0,0.05,q6_coherence,13,0.038013922395738996,0.2256067345542457
structure,linear,delta_gatr,938,450.0,0.05,bond_order,13,0.7282028927295587,0.8659734296468224
structure,linear,delta_gatr,938,450.0,0.05,angular_arrangement,13,1.0448924080790423,1.0600659779537185
structure,linear,delta_gatr,942,450.0,0.05,q4,206,0.06078121980835263,0.18808513950432873
structure,linear,delta_gatr,942,450.0,0.05,q6,206,0.02422123361556071,0.11409508279772727
structure,linear,delta_gatr,942,450.0,0.05,w4,206,0.08716017088338149,0.2723829738548929
structure,linear,delta_gatr,942,450.0,0.05,w6,206,0.011395262778652781,0.09270735987560787
structure,linear,delta_gatr,942,450.0,0.05,qbar6,206,0.02749198152492181,0.04026644987015386
structure,linear,delta_gatr,942,450.0,0.05,q6_coherence,206,0.022086173567888313,0.0203954079111501
structure,linear,delta_gatr,942,450.0,0.05,bond_order,206,0.038856007029792965,0.1490068266283638
structure,linear,delta_gatr,942,450.0,0.05,angular_arrangement,206,0.13322608067493089,0.3904597233780116
structure,linear,delta_gatr,970,500.0,0.05,q4,82,0.1643701505023564,0.4122969130415288
structure,linear,delta_gatr,970,500.0,0.05,q6,82,0.0261234436816481,0.15570356584334472
structure,linear,delta_gatr,970,500.0,0.05,w4,82,0.13972649837385256,0.3966564763436262
structure,linear,delta_gatr,970,500.0,0.05,w6,82,0.017736121042868102,0.10562520457987064
structure,linear,delta_gatr,970,500.0,0.05,qbar6,82,0.024688399061502553,0.07958244387716755
structure,linear,delta_gatr,970,500.0,0.05,q6_coherence,82,0.01407000846341111,0.04325246021223588
structure,linear,delta_gatr,970,500.0,0.05,bond_order,82,0.06445243685427314,0.24863947449927762
structure,linear,delta_gatr,970,500.0,0.05,angular_arrangement,82,0.17863253619461028,0.4564394598621464
structure,linear,delta_gatr,971,500.0,0.05,q4,16,0.52071832756604,0.6995239887906375
structure,linear,delta_gatr,971,500.0,0.05,q6,16,0.0635402328001574,0.19126547100619057
structure,linear,delta_gatr,971,500.0,0.05,w4,16,0.48856632257724314,0.7208948353117678
structure,linear,delta_gatr,971,500.0,0.05,w6,16,0.043166432171685726,0.1406353350802877
structure,linear,delta_gatr,971,500.0,0.05,qbar6,16,0.05059801481454286,0.13026485036415222
structure,linear,delta_gatr,971,500.0,0.05,q6_coherence,16,0.0325966285046185,0.08282895095921848
structure,linear,delta_gatr,971,500.0,0.05,bond_order,16,0.19986432640571458,0.4260699314084698
structure,linear,delta_gatr,971,500.0,0.05,angular_arrangement,16,0.22764251089316595,0.4772211851500516
structure,linear,delta_gatr,1000,510.0,0.05,q4,2,0.03386367602320443,0.18959328285465324
structure,linear,delta_gatr,1000,510.0,0.05,q6,2,0.05593047118111786,0.18444600397720076
structure,linear,delta_gatr,1000,510.0,0.05,w4,2,0.06142537846569827,0.18940047086597553
structure,linear,delta_gatr,1000,510.0,0.05,w6,2,0.032164509429308895,0.1854566227772121
structure,linear,delta_gatr,1000,510.0,0.05,qbar6,2,0.058790154907600735,0.05976879124222398
structure,linear,delta_gatr,1000,510.0,0.05,q6_coherence,2,0.02609937937068275,0.02829881516315293
structure,linear,delta_gatr,1000,510.0,0.05,bond_order,2,0.044712261562935486,0.15524484421344417
structure,linear,delta_gatr,1000,510.0,0.05,angular_arrangement,2,0.21492051128803596,0.4681339093935752
structure,linear,delta_gatr,1001,510.0,0.05,q4,27,0.3219411364833236,0.5806120321533584
structure,linear,delta_gatr,1001,510.0,0.05,q6,27,0.041246118523282596,0.15791416154800664
structure,linear,delta_gatr,1001,510.0,0.05,w4,27,0.4131347620979067,0.632134740607913
structure,linear,delta_gatr,1001,510.0,0.05,w6,27,0.017053412158924138,0.1417871957623332
structure,linear,delta_gatr,1001,510.0,0.05,qbar6,27,0.028529539781304257,0.09907650604183864
structure,linear,delta_gatr,1001,510.0,0.05,q6_coherence,27,0.02996180973141587,0.06835355034916336
structure,linear,delta_gatr,1001,510.0,0.05,bond_order,27,0.1419777964626929,0.3642877789511647
structure,linear,delta_gatr,1001,510.0,0.05,angular_arrangement,27,0.2797408801967586,0.5148658056162762
structure,linear,delta_gatr,1009,520.0,0.05,q4,14,0.07612528878763655,0.2113813404481155
structure,linear,delta_gatr,1009,520.0,0.05,q6,14,0.031566644953075824,0.1575887899811701
structure,linear,delta_gatr,1009,520.0,0.05,w4,14,0.06922635864082392,0.21643950211051974
structure,linear,delta_gatr,1009,520.0,0.05,w6,14,0.00972700523999795,0.09891221474462229
structure,linear,delta_gatr,1009,520.0,0.05,qbar6,14,0.024977234600109536,0.08945530424463699
structure,linear,delta_gatr,1009,520.0,0.05,q6_coherence,14,0.014222979254254314,0.05055296745715174
structure,linear,delta_gatr,1009,520.0,0.05,bond_order,14,0.03764091857931635,0.15094360762280937
structure,linear,delta_gatr,1009,520.0,0.05,angular_arrangement,14,0.19892535786865936,0.45369065818224485
structure,linear,delta_gatr,911,400.0,0.1,q4,13431,1.054601861786122,1.0266270699159583
structure,linear,delta_gatr,911,400.0,0.1,q6,13431,0.20521649479332382,0.4510847212905268
structure,linear,delta_gatr,911,400.0,0.1,w4,13431,1.3989278751653629,1.1788873541785532
structure,linear,delta_gatr,911,400.0,0.1,w6,13431,0.8804672373408517,0.9414256790661032
structure,linear,delta_gatr,911,400.0,0.1,qbar6,13431,0.08282194922728592,0.2363553336651145
structure,linear,delta_gatr,911,400.0,0.1,q6_coherence,13431,0.11006087858731985,0.2796867605913576
structure,linear,delta_gatr,911,400.0,0.1,bond_order,13431,0.6220160494833777,0.7818340400744901
structure,linear,delta_gatr,911,400.0,0.1,angular_arrangement,13431,0.5340859053581799,0.8252979712638587
structure,linear,delta_gatr,913,400.0,0.1,q4,11219,0.7332132342857578,0.8448989307302719
structure,linear,delta_gatr,913,400.0,0.1,q6,11219,0.22405134328486134,0.46883306725310797
structure,linear,delta_gatr,913,400.0,0.1,w4,11219,0.5364430408660229,0.7145189952348846
structure,linear,delta_gatr,913,400.0,0.1,w6,11219,1.064661085420521,1.0293600635205897
structure,linear,delta_gatr,913,400.0,0.1,qbar6,11219,0.07337498855497387,0.20303463450821171
structure,linear,delta_gatr,913,400.0,0.1,q6_coherence,11219,0.12107014579763893,0.30413820210350695
structure,linear,delta_gatr,913,400.0,0.1,bond_order,11219,0.4588023063682959,0.6630109717305254
structure,linear,delta_gatr,913,400.0,0.1,angular_arrangement,11219,0.4251472568074075,0.7542531642816
structure,linear,delta_gatr,938,450.0,0.1,q4,10713,1.9091688800845408,1.3471635105358934
structure,linear,delta_gatr,938,450.0,0.1,q6,10713,0.312683159396658,0.5533101707913456
structure,linear,delta_gatr,938,450.0,0.1,w4,10713,2.6660109300903945,1.6320479698268333
structure,linear,delta_gatr,938,450.0,0.1,w6,10713,0.5140599227926206,0.7083241471819619
structure,linear,delta_gatr,938,450.0,0.1,qbar6,10713,0.17009638081289927,0.344674321476995
structure,linear,delta_gatr,938,450.0,0.1,q6_coherence,10713,0.1376447721794542,0.30677619376100695
structure,linear,delta_gatr,938,450.0,0.1,bond_order,10713,0.9516106742260946,0.9573589855658117
structure,linear,delta_gatr,938,450.0,0.1,angular_arrangement,10713,0.7940281663538332,0.9872689185839557
structure,linear,delta_gatr,942,450.0,0.1,q4,18952,0.41233378729186815,0.6211528106411476
structure,linear,delta_gatr,942,450.0,0.1,q6,18952,0.09195295651883427,0.2989398844217068
structure,linear,delta_gatr,942,450.0,0.1,w4,18952,0.47871607372324426,0.6820119560558205
structure,linear,delta_gatr,942,450.0,0.1,w6,18952,0.2514583120048628,0.4933391599659156
structure,linear,delta_gatr,942,450.0,0.1,qbar6,18952,0.0566066119438243,0.15644052039069942
structure,linear,delta_gatr,942,450.0,0.1,q6_coherence,18952,0.05838364602084022,0.16765122627601994
structure,linear,delta_gatr,942,450.0,0.1,bond_order,18952,0.2249085645839123,0.45392735720531113
structure,linear,delta_gatr,942,450.0,0.1,angular_arrangement,18952,0.30668007945541037,0.6903348653220536
structure,linear,delta_gatr,970,500.0,0.1,q4,20747,0.2769248311298445,0.4714557417719975
structure,linear,delta_gatr,970,500.0,0.1,q6,20747,0.06988547218588091,0.2592551341450374
structure,linear,delta_gatr,970,500.0,0.1,w4,20747,0.30321453075903754,0.5211441605080807
structure,linear,delta_gatr,970,500.0,0.1,w6,20747,0.2072092372951688,0.44411739938881173
structure,linear,delta_gatr,970,500.0,0.1,qbar6,20747,0.04710254699734618,0.11966572327426174
structure,linear,delta_gatr,970,500.0,0.1,q6_coherence,20747,0.04411910590304284,0.13732672809140983
structure,linear,delta_gatr,970,500.0,0.1,bond_order,20747,0.1580759540450535,0.36320190828173043
structure,linear,delta_gatr,970,500.0,0.1,angular_arrangement,20747,0.31422930399801285,0.6968514217406444
structure,linear,delta_gatr,971,500.0,0.1,q4,10619,0.839195831714565,0.9008294576495057
structure,linear,delta_gatr,971,500.0,0.1,q6,10619,0.17600629465492454,0.4132977630305768
structure,linear,delta_gatr,971,500.0,0.1,w4,10619,0.8647037797489898,0.9274178498987655
structure,linear,delta_gatr,971,500.0,0.1,w6,10619,0.5400159290583256,0.72640308493721
structure,linear,delta_gatr,971,500.0,0.1,qbar6,10619,0.09898951563447415,0.2603825747723752
structure,linear,delta_gatr,971,500.0,0.1,q6_coherence,10619,0.09828472972267772,0.2694443008106143
structure,linear,delta_gatr,971,500.0,0.1,bond_order,10619,0.43619934675565947,0.646847918666196
structure,linear,delta_gatr,971,500.0,0.1,angular_arrangement,10619,0.5103862687870345,0.8297429856149184
structure,linear,delta_gatr,1000,510.0,0.1,q4,7473,1.8733219903698688,1.3694532009823093
structure,linear,delta_gatr,1000,510.0,0.1,q6,7473,0.34464959655435856,0.5814350908456233
structure,linear,delta_gatr,1000,510.0,0.1,w4,7473,2.2091714733668426,1.485107729828026
structure,linear,delta_gatr,1000,510.0,0.1,w6,7473,1.341610683356425,1.1487602659941378
structure,linear,delta_gatr,1000,510.0,0.1,qbar6,7473,0.13836372509300882,0.2878109178255946
structure,linear,delta_gatr,1000,510.0,0.1,q6_coherence,7473,0.16770287873892684,0.3405745462688651
structure,linear,delta_gatr,1000,510.0,0.1,bond_order,7473,1.0124700579132386,0.9947772027322734
structure,linear,delta_gatr,1000,510.0,0.1,angular_arrangement,7473,0.9163099956493606,1.0270293560948809
structure,linear,delta_gatr,1001,510.0,0.1,q4,11038,0.8053930405362618,0.8978323454131423
structure,linear,delta_gatr,1001,510.0,0.1,q6,11038,0.17673120801695547,0.4285204217098126
structure,linear,delta_gatr,1001,510.0,0.1,w4,11038,0.9609041646295609,0.969194001961416
structure,linear,delta_gatr,1001,510.0,0.1,w6,11038,0.4870792111943862,0.6915470759393563
structure,linear,delta_gatr,1001,510.0,0.1,qbar6,11038,0.0944746958744547,0.29217495095791196
structure,linear,delta_gatr,1001,510.0,0.1,q6_coherence,11038,0.1098054433725392,0.311294475741892
structure,linear,delta_gatr,1001,510.0,0.1,bond_order,11038,0.4390646272706931,0.6569598537411243
structure,linear,delta_gatr,1001,510.0,0.1,angular_arrangement,11038,0.46544179373159655,0.8038537170449556
structure,linear,delta_gatr,881,520.0,0.1,q4,7220,2.163379261369113,1.456085097712625
structure,linear,delta_gatr,881,520.0,0.1,q6,7220,0.313515575123388,0.5538194099410891
structure,linear,delta_gatr,881,520.0,0.1,w4,7220,2.4440357692225994,1.543980384081562
structure,linear,delta_gatr,881,520.0,0.1,w6,7220,1.4350404961200558,1.199140873534706
structure,linear,delta_gatr,881,520.0,0.1,qbar6,7220,0.11801103371515227,0.29781480209504785
structure,linear,delta_gatr,881,520.0,0.1,q6_coherence,7220,0.1664326886161918,0.3589105380939715
structure,linear,delta_gatr,881,520.0,0.1,bond_order,7220,1.1067358040277502,1.0381252687995095
structure,linear,delta_gatr,881,520.0,0.1,angular_arrangement,7220,0.8914175813588102,1.0028674037362708
structure,linear,delta_gatr,1009,520.0,0.1,q4,13594,1.3705174381450855,1.1698018970890318
structure,linear,delta_gatr,1009,520.0,0.1,q6,13594,0.1937654614254592,0.4344309270350266
structure,linear,delta_gatr,1009,520.0,0.1,w4,13594,2.026915839245905,1.4351748440500554
structure,linear,delta_gatr,1009,520.0,0.1,w6,13594,0.30344789806206635,0.5394766852500842
structure,linear,delta_gatr,1009,520.0,0.1,qbar6,13594,0.09114534947926779,0.26619902782914234
structure,linear,delta_gatr,1009,520.0,0.1,q6_coherence,13594,0.07712071137523081,0.2222729122037974
structure,linear,delta_gatr,1009,520.0,0.1,bond_order,13594,0.6771521162888358,0.819369249853901
structure,linear,delta_gatr,1009,520.0,0.1,angular_arrangement,13594,0.6775515940723124,0.9070728693780314
structure,linear,duplicate_gatr,911,400.0,0.05,q4,91,0.6242166290919009,0.7864290239137353
structure,linear,duplicate_gatr,911,400.0,0.05,q6,91,0.0846649656012008,0.28107120380936584
structure,linear,duplicate_gatr,911,400.0,0.05,w4,91,0.9865328200758823,1.0039194051485754
structure,linear,duplicate_gatr,911,400.0,0.05,w6,91,0.010797855347215703,0.09833909551856254
structure,linear,duplicate_gatr,911,400.0,0.05,qbar6,91,0.04845589973453352,0.1637500602188683
structure,linear,duplicate_gatr,911,400.0,0.05,q6_coherence,91,0.0315637501012056,0.08737102635964063
structure,linear,duplicate_gatr,911,400.0,0.05,bond_order,91,0.29770531999198974,0.5399759500006852
structure,linear,duplicate_gatr,911,400.0,0.05,angular_arrangement,91,0.34380531670426095,0.613096792440957
structure,linear,duplicate_gatr,913,400.0,0.05,q4,158,0.0515673759577294,0.16580978263499452
structure,linear,duplicate_gatr,913,400.0,0.05,q6,158,0.015169407348177531,0.11235314043889053
structure,linear,duplicate_gatr,913,400.0,0.05,w4,158,0.05739519579391737,0.21209998368458238
structure,linear,duplicate_gatr,913,400.0,0.05,w6,158,0.014079284581304407,0.07868418925212133
structure,linear,duplicate_gatr,913,400.0,0.05,qbar6,158,0.026254627323407984,0.040421867971188956
structure,linear,duplicate_gatr,913,400.0,0.05,q6_coherence,158,0.021632654978746866,0.024684560340675978
structure,linear,duplicate_gatr,913,400.0,0.05,bond_order,158,0.03101642433054726,0.12485790045134083
structure,linear,duplicate_gatr,913,400.0,0.05,angular_arrangement,158,0.10626705265596827,0.37381207866282845
structure,linear,duplicate_gatr,938,450.0,0.05,q4,13,1.5817474275375163,1.2555246469716765
structure,linear,duplicate_gatr,938,450.0,0.05,q6,13,0.23939486475115057,0.5500440943831092
structure,linear,duplicate_gatr,938,450.0,0.05,w4,13,2.3420173860827256,1.547580763054549
structure,linear,duplicate_gatr,938,450.0,0.05,w6,13,0.0546071001870579,0.2132062701016716
structure,linear,duplicate_gatr,938,450.0,0.05,qbar6,13,0.09190869978560381,0.35945473949190987
structure,linear,duplicate_gatr,938,450.0,0.05,q6_coherence,13,0.0379234385158725,0.2256067345542457
structure,linear,duplicate_gatr,938,450.0,0.05,bond_order,13,0.7245998194766544,0.8659734296468224
structure,linear,duplicate_gatr,938,450.0,0.05,angular_arrangement,13,1.049200629222052,1.0600659779537185
structure,linear,duplicate_gatr,942,450.0,0.05,q4,206,0.05997036367614103,0.18808513950432873
structure,linear,duplicate_gatr,942,450.0,0.05,q6,206,0.02335136079631313,0.11409508279772727
structure,linear,duplicate_gatr,942,450.0,0.05,w4,206,0.08741992927755647,0.2723829738548929
structure,linear,duplicate_gatr,942,450.0,0.05,w6,206,0.0109529188914643,0.09270735987560787
structure,linear,duplicate_gatr,942,450.0,0.05,qbar6,206,0.026343471389421134,0.04026644987015386
structure,linear,duplicate_gatr,942,450.0,0.05,q6_coherence,206,0.022317188175671774,0.0203954079111501
structure,linear,duplicate_gatr,942,450.0,0.05,bond_order,206,0.03839253870109464,0.1490068266283638
structure,linear,duplicate_gatr,942,450.0,0.05,angular_arrangement,206,0.12878551264321839,0.3904597233780116
structure,linear,duplicate_gatr,970,500.0,0.05,q4,82,0.16375234197994643,0.4122969130415288
structure,linear,duplicate_gatr,970,500.0,0.05,q6,82,0.030474472919519803,0.15570356584334472
structure,linear,duplicate_gatr,970,500.0,0.05,w4,82,0.13584616553389717,0.3966564763436262
structure,linear,duplicate_gatr,970,500.0,0.05,w6,82,0.016633564563842965,0.10562520457987064
structure,linear,duplicate_gatr,970,500.0,0.05,qbar6,82,0.023470063197774955,0.07958244387716755
structure,linear,duplicate_gatr,970,500.0,0.05,q6_coherence,82,0.014975037758811482,0.04325246021223588
structure,linear,duplicate_gatr,970,500.0,0.05,bond_order,82,0.0641919409922988,0.24863947449927762
structure,linear,duplicate_gatr,970,500.0,0.05,angular_arrangement,82,0.1742778833440358,0.4564394598621464
structure,linear,duplicate_gatr,971,500.0,0.05,q4,16,0.5284405628498096,0.6995239887906375
structure,linear,duplicate_gatr,971,500.0,0.05,q6,16,0.06491756209727949,0.19126547100619057
structure,linear,duplicate_gatr,971,500.0,0.05,w4,16,0.49575929440412814,0.7208948353117678
structure,linear,duplicate_gatr,971,500.0,0.05,w6,16,0.03244536417568352,0.1406353350802877
structure,linear,duplicate_gatr,971,500.0,0.05,qbar6,16,0.04449934821077353,0.13026485036415222
structure,linear,duplicate_gatr,971,500.0,0.05,q6_coherence,16,0.030411774494160368,0.08282895095921848
structure,linear,duplicate_gatr,971,500.0,0.05,bond_order,16,0.1994123177053058,0.4260699314084698
structure,linear,duplicate_gatr,971,500.0,0.05,angular_arrangement,16,0.22376762173132447,0.4772211851500516
structure,linear,duplicate_gatr,1000,510.0,0.05,q4,2,0.03823602649329072,0.18959328285465324
structure,linear,duplicate_gatr,1000,510.0,0.05,q6,2,0.02600848575788251,0.18444600397720076
structure,linear,duplicate_gatr,1000,510.0,0.05,w4,2,0.06348623528775924,0.18940047086597553
structure,linear,duplicate_gatr,1000,510.0,0.05,w6,2,0.03871683583293075,0.1854566227772121
structure,linear,duplicate_gatr,1000,510.0,0.05,qbar6,2,0.05721281818636048,0.05976879124222398
structure,linear,duplicate_gatr,1000,510.0,0.05,q6_coherence,2,0.030861045984040394,0.02829881516315293
structure,linear,duplicate_gatr,1000,510.0,0.05,bond_order,2,0.04242024125704402,0.15524484421344417
structure,linear,duplicate_gatr,1000,510.0,0.05,angular_arrangement,2,0.20393316901598785,0.4681339093935752
structure,linear,duplicate_gatr,1001,510.0,0.05,q4,27,0.32039316184194894,0.5806120321533584
structure,linear,duplicate_gatr,1001,510.0,0.05,q6,27,0.03382343842355944,0.15791416154800664
structure,linear,duplicate_gatr,1001,510.0,0.05,w4,27,0.4118816848170446,0.632134740607913
structure,linear,duplicate_gatr,1001,510.0,0.05,w6,27,0.017493462521168304,0.1417871957623332
structure,linear,duplicate_gatr,1001,510.0,0.05,qbar6,27,0.03164283574869165,0.09907650604183864
structure,linear,duplicate_gatr,1001,510.0,0.05,q6_coherence,27,0.02808247237201989,0.06835355034916336
structure,linear,duplicate_gatr,1001,510.0,0.05,bond_order,27,0.1405528426207388,0.3642877789511647
structure,linear,duplicate_gatr,1001,510.0,0.05,angular_arrangement,27,0.27717434594840235,0.5148658056162762
structure,linear,duplicate_gatr,1009,520.0,0.05,q4,14,0.06916449060841082,0.2113813404481155
structure,linear,duplicate_gatr,1009,520.0,0.05,q6,14,0.03095490819669791,0.1575887899811701
structure,linear,duplicate_gatr,1009,520.0,0.05,w4,14,0.08562626010031116,0.21643950211051974
structure,linear,duplicate_gatr,1009,520.0,0.05,w6,14,0.009855266527071643,0.09891221474462229
structure,linear,duplicate_gatr,1009,520.0,0.05,qbar6,14,0.02201172190555013,0.08945530424463699
structure,linear,duplicate_gatr,1009,520.0,0.05,q6_coherence,14,0.013475761599033447,0.05055296745715174
structure,linear,duplicate_gatr,1009,520.0,0.05,bond_order,14,0.038514734822845856,0.15094360762280937
structure,linear,duplicate_gatr,1009,520.0,0.05,angular_arrangement,14,0.19667276546295345,0.45369065818224485
structure,linear,duplicate_gatr,911,400.0,0.1,q4,13431,1.055719307171377,1.0266270699159583
structure,linear,duplicate_gatr,911,400.0,0.1,q6,13431,0.20671393606356717,0.4510847212905268
structure,linear,duplicate_gatr,911,400.0,0.1,w4,13431,1.4108778732913003,1.1788873541785532
structure,linear,duplicate_gatr,911,400.0,0.1,w6,13431,0.8796550920659633,0.9414256790661032
structure,linear,duplicate_gatr,911,400.0,0.1,qbar6,13431,0.08525953913529266,0.2363553336651145
structure,linear,duplicate_gatr,911,400.0,0.1,q6_coherence,13431,0.11135405262072902,0.2796867605913576
structure,linear,duplicate_gatr,911,400.0,0.1,bond_order,13431,0.6249299667247049,0.7818340400744901
structure,linear,duplicate_gatr,911,400.0,0.1,angular_arrangement,13431,0.5366856892080363,0.8252979712638587
structure,linear,duplicate_gatr,913,400.0,0.1,q4,11219,0.7360453054974399,0.8448989307302719
structure,linear,duplicate_gatr,913,400.0,0.1,q6,11219,0.22335934330474064,0.46883306725310797
structure,linear,duplicate_gatr,913,400.0,0.1,w4,11219,0.5387194690126736,0.7145189952348846
structure,linear,duplicate_gatr,913,400.0,0.1,w6,11219,1.0634486390006692,1.0293600635205897
structure,linear,duplicate_gatr,913,400.0,0.1,qbar6,11219,0.07082467738326782,0.20303463450821171
structure,linear,duplicate_gatr,913,400.0,0.1,q6_coherence,11219,0.11880248158885336,0.30413820210350695
structure,linear,duplicate_gatr,913,400.0,0.1,bond_order,11219,0.45853331929794067,0.6630109717305254
structure,linear,duplicate_gatr,913,400.0,0.1,angular_arrangement,11219,0.4286349327363561,0.7542531642816
structure,linear,duplicate_gatr,938,450.0,0.1,q4,10713,1.9174013342602598,1.3471635105358934
structure,linear,duplicate_gatr,938,450.0,0.1,q6,10713,0.31059630828512175,0.5533101707913456
structure,linear,duplicate_gatr,938,450.0,0.1,w4,10713,2.673278386880291,1.6320479698268333
structure,linear,duplicate_gatr,938,450.0,0.1,w6,10713,0.5137893370869084,0.7083241471819619
structure,linear,duplicate_gatr,938,450.0,0.1,qbar6,10713,0.17102946117620138,0.344674321476995
structure,linear,duplicate_gatr,938,450.0,0.1,q6_coherence,10713,0.13905181085180734,0.30677619376100695
structure,linear,duplicate_gatr,938,450.0,0.1,bond_order,10713,0.9541911064234316,0.9573589855658117
structure,linear,duplicate_gatr,938,450.0,0.1,angular_arrangement,10713,0.7994687269896706,0.9872689185839557
structure,linear,duplicate_gatr,942,450.0,0.1,q4,18952,0.41041140172345975,0.6211528106411476
structure,linear,duplicate_gatr,942,450.0,0.1,q6,18952,0.09119010325158171,0.2989398844217068
structure,linear,duplicate_gatr,942,450.0,0.1,w4,18952,0.4796589952874234,0.6820119560558205
structure,linear,duplicate_gatr,942,450.0,0.1,w6,18952,0.25057525413237886,0.4933391599659156
structure,linear,duplicate_gatr,942,450.0,0.1,qbar6,18952,0.05489092980275844,0.15644052039069942
structure,linear,duplicate_gatr,942,450.0,0.1,q6_coherence,18952,0.05826251899511501,0.16765122627601994
structure,linear,duplicate_gatr,942,450.0,0.1,bond_order,18952,0.22416486719878617,0.45392735720531113
structure,linear,duplicate_gatr,942,450.0,0.1,angular_arrangement,18952,0.3045543075352021,0.6903348653220536
structure,linear,duplicate_gatr,970,500.0,0.1,q4,20747,0.2795840859705676,0.4714557417719975
structure,linear,duplicate_gatr,970,500.0,0.1,q6,20747,0.0730244683282535,0.2592551341450374
structure,linear,duplicate_gatr,970,500.0,0.1,w4,20747,0.30458785881262157,0.5211441605080807
structure,linear,duplicate_gatr,970,500.0,0.1,w6,20747,0.20751508229961346,0.44411739938881173
structure,linear,duplicate_gatr,970,500.0,0.1,qbar6,20747,0.045357315181296765,0.11966572327426174
structure,linear,duplicate_gatr,970,500.0,0.1,q6_coherence,20747,0.044451016383634794,0.13732672809140983
structure,linear,duplicate_gatr,970,500.0,0.1,bond_order,20747,0.15908663782933125,0.36320190828173043
structure,linear,duplicate_gatr,970,500.0,0.1,angular_arrangement,20747,0.3160769841116077,0.6968514217406444
structure,linear,duplicate_gatr,971,500.0,0.1,q4,10619,0.8375461037473826,0.9008294576495057
structure,linear,duplicate_gatr,971,500.0,0.1,q6,10619,0.1833575780063294,0.4132977630305768
structure,linear,duplicate_gatr,971,500.0,0.1,w4,10619,0.8638186930835454,0.9274178498987655
structure,linear,duplicate_gatr,971,500.0,0.1,w6,10619,0.5365294982111722,0.72640308493721
structure,linear,duplicate_gatr,971,500.0,0.1,qbar6,10619,0.09842162001278928,0.2603825747723752
structure,linear,duplicate_gatr,971,500.0,0.1,q6_coherence,10619,0.09945355627461276,0.2694443008106143
structure,linear,duplicate_gatr,971,500.0,0.1,bond_order,10619,0.43652117488930525,0.646847918666196
structure,linear,duplicate_gatr,971,500.0,0.1,angular_arrangement,10619,0.5168760326594724,0.8297429856149184
structure,linear,duplicate_gatr,1000,510.0,0.1,q4,7473,1.8590563514474823,1.3694532009823093
structure,linear,duplicate_gatr,1000,510.0,0.1,q6,7473,0.348850930204046,0.5814350908456233
structure,linear,duplicate_gatr,1000,510.0,0.1,w4,7473,2.2105545796523454,1.485107729828026
structure,linear,duplicate_gatr,1000,510.0,0.1,w6,7473,1.3442678015284018,1.1487602659941378
structure,linear,duplicate_gatr,1000,510.0,0.1,qbar6,7473,0.13945752929083335,0.2878109178255946
structure,linear,duplicate_gatr,1000,510.0,0.1,q6_coherence,7473,0.16984528693502937,0.3405745462688651
structure,linear,duplicate_gatr,1000,510.0,0.1,bond_order,7473,1.0120054131763563,0.9947772027322734
structure,linear,duplicate_gatr,1000,510.0,0.1,angular_arrangement,7473,0.9233296869091251,1.0270293560948809
structure,linear,duplicate_gatr,1001,510.0,0.1,q4,11038,0.8042468129157393,0.8978323454131423
structure,linear,duplicate_gatr,1001,510.0,0.1,q6,11038,0.17924609588983392,0.4285204217098126
structure,linear,duplicate_gatr,1001,510.0,0.1,w4,11038,0.9630956580865002,0.969194001961416
structure,linear,duplicate_gatr,1001,510.0,0.1,w6,11038,0.4855870281231895,0.6915470759393563
structure,linear,duplicate_gatr,1001,510.0,0.1,qbar6,11038,0.09548470814684445,0.29217495095791196
structure,linear,duplicate_gatr,1001,510.0,0.1,q6_coherence,11038,0.11421917789519546,0.311294475741892
structure,linear,duplicate_gatr,1001,510.0,0.1,bond_order,11038,0.44031324684288375,0.6569598537411243
structure,linear,duplicate_gatr,1001,510.0,0.1,angular_arrangement,11038,0.4681318123510463,0.8038537170449556
structure,linear,duplicate_gatr,881,520.0,0.1,q4,7220,2.169910754651166,1.456085097712625
structure,linear,duplicate_gatr,881,520.0,0.1,q6,7220,0.31397429578013586,0.5538194099410891
structure,linear,duplicate_gatr,881,520.0,0.1,w4,7220,2.448904010122125,1.543980384081562
structure,linear,duplicate_gatr,881,520.0,0.1,w6,7220,1.438780999266156,1.199140873534706
structure,linear,duplicate_gatr,881,520.0,0.1,qbar6,7220,0.11771302427281953,0.29781480209504785
structure,linear,duplicate_gatr,881,520.0,0.1,q6_coherence,7220,0.16778324603009287,0.3589105380939715
structure,linear,duplicate_gatr,881,520.0,0.1,bond_order,7220,1.1095110550204161,1.0381252687995095
structure,linear,duplicate_gatr,881,520.0,0.1,angular_arrangement,7220,0.902757120161094,1.0028674037362708
structure,linear,duplicate_gatr,1009,520.0,0.1,q4,13594,1.3747295483034707,1.1698018970890318
structure,linear,duplicate_gatr,1009,520.0,0.1,q6,13594,0.1926973121471191,0.4344309270350266
structure,linear,duplicate_gatr,1009,520.0,0.1,w4,13594,2.0298745676826795,1.4351748440500554
structure,linear,duplicate_gatr,1009,520.0,0.1,w6,13594,0.30006163437573086,0.5394766852500842
structure,linear,duplicate_gatr,1009,520.0,0.1,qbar6,13594,0.0925061197274123,0.26619902782914234
structure,linear,duplicate_gatr,1009,520.0,0.1,q6_coherence,13594,0.07829530813530351,0.2222729122037974
structure,linear,duplicate_gatr,1009,520.0,0.1,bond_order,13594,0.6780274150619526,0.819369249853901
structure,linear,duplicate_gatr,1009,520.0,0.1,angular_arrangement,13594,0.6786510226145546,0.9070728693780314
structure,linear,plus_mace,911,400.0,0.05,q4,91,0.6005830202056887,0.7864290239137353
structure,linear,plus_mace,911,400.0,0.05,q6,91,0.07731173898548169,0.28107120380936584
structure,linear,plus_mace,911,400.0,0.05,w4,91,0.9521238445956113,1.0039194051485754
structure,linear,plus_mace,911,400.0,0.05,w6,91,0.010720384734165771,0.09833909551856254
structure,linear,plus_mace,911,400.0,0.05,qbar6,91,0.03144931829921468,0.1637500602188683
structure,linear,plus_mace,911,400.0,0.05,q6_coherence,91,0.01813676421638077,0.08737102635964063
structure,linear,plus_mace,911,400.0,0.05,bond_order,91,0.2817208451727571,0.5399759500006852
structure,linear,plus_mace,911,400.0,0.05,angular_arrangement,91,0.33872793378817034,0.613096792440957
structure,linear,plus_mace,913,400.0,0.05,q4,158,0.0448288442178222,0.16580978263499452
structure,linear,plus_mace,913,400.0,0.05,q6,158,0.013357960065552047,0.11235314043889053
structure,linear,plus_mace,913,400.0,0.05,w4,158,0.0615489841025062,0.21209998368458238
structure,linear,plus_mace,913,400.0,0.05,w6,158,0.020543038415395672,0.07868418925212133
structure,linear,plus_mace,913,400.0,0.05,qbar6,158,0.004968595849253359,0.040421867971188956
structure,linear,plus_mace,913,400.0,0.05,q6_coherence,158,0.0061524713854682975,0.024684560340675978
structure,linear,plus_mace,913,400.0,0.05,bond_order,158,0.025233315672666293,0.12485790045134083
structure,linear,plus_mace,913,400.0,0.05,angular_arrangement,158,0.10215736174450672,0.37381207866282845
structure,linear,plus_mace,938,450.0,0.05,q4,13,1.4833244796935547,1.2555246469716765
structure,linear,plus_mace,938,450.0,0.05,q6,13,0.22744025913808041,0.5500440943831092
structure,linear,plus_mace,938,450.0,0.05,w4,13,2.4337745172666607,1.547580763054549
structure,linear,plus_mace,938,450.0,0.05,w6,13,0.04991173712431656,0.2132062701016716
structure,linear,plus_mace,938,450.0,0.05,qbar6,13,0.05073329752903177,0.35945473949190987
structure,linear,plus_mace,938,450.0,0.05,q6_coherence,13,0.011607963054013551,0.2256067345542457
structure,linear,plus_mace,938,450.0,0.05,bond_order,13,0.7094653756342763,0.8659734296468224
structure,linear,plus_mace,938,450.0,0.05,angular_arrangement,13,1.0082014557106966,1.0600659779537185
structure,linear,plus_mace,942,450.0,0.05,q4,206,0.06131849753566779,0.18808513950432873
structure,linear,plus_mace,942,450.0,0.05,q6,206,0.01531711944586606,0.11409508279772727
structure,linear,plus_mace,942,450.0,0.05,w4,206,0.07901836217925627,0.2723829738548929
structure,linear,plus_mace,942,450.0,0.05,w6,206,0.013658695396496326,0.09270735987560787
structure,linear,plus_mace,942,450.0,0.05,qbar6,206,0.007984138204049427,0.04026644987015386
structure,linear,plus_mace,942,450.0,0.05,q6_coherence,206,0.010995230158671857,0.0203954079111501
structure,linear,plus_mace,942,450.0,0.05,bond_order,206,0.03138200715333462,0.1490068266283638
structure,linear,plus_mace,942,450.0,0.05,angular_arrangement,206,0.12262004371545289,0.3904597233780116
structure,linear,plus_mace,970,500.0,0.05,q4,82,0.16807218445190328,0.4122969130415288
structure,linear,plus_mace,970,500.0,0.05,q6,82,0.021845169261852163,0.15570356584334472
structure,linear,plus_mace,970,500.0,0.05,w4,82,0.182321593777249,0.3966564763436262
structure,linear,plus_mace,970,500.0,0.05,w6,82,0.01761970389296702,0.10562520457987064
structure,linear,plus_mace,970,500.0,0.05,qbar6,82,0.01159457524768205,0.07958244387716755
structure,linear,plus_mace,970,500.0,0.05,q6_coherence,82,0.014465323421997082,0.04325246021223588
structure,linear,plus_mace,970,500.0,0.05,bond_order,82,0.0693197583422751,0.24863947449927762
structure,linear,plus_mace,970,500.0,0.05,angular_arrangement,82,0.1630514989824787,0.4564394598621464
structure,linear,plus_mace,971,500.0,0.05,q4,16,0.5404195259995512,0.6995239887906375
structure,linear,plus_mace,971,500.0,0.05,q6,16,0.05017494878637734,0.19126547100619057
structure,linear,plus_mace,971,500.0,0.05,w4,16,0.5063431036243431,0.7208948353117678
structure,linear,plus_mace,971,500.0,0.05,w6,16,0.034769406821467744,0.1406353350802877
structure,linear,plus_mace,971,500.0,0.05,qbar6,16,0.024182183582326707,0.13026485036415222
structure,linear,plus_mace,971,500.0,0.05,q6_coherence,16,0.018085015862120857,0.08282895095921848
structure,linear,plus_mace,971,500.0,0.05,bond_order,16,0.19566236411269788,0.4260699314084698
structure,linear,plus_mace,971,500.0,0.05,angular_arrangement,16,0.22011373939454654,0.4772211851500516
structure,linear,plus_mace,1000,510.0,0.05,q4,2,0.13602119406633048,0.18959328285465324
structure,linear,plus_mace,1000,510.0,0.05,q6,2,0.013208896645814004,0.18444600397720076
structure,linear,plus_mace,1000,510.0,0.05,w4,2,0.07256368912028813,0.18940047086597553
structure,linear,plus_mace,1000,510.0,0.05,w6,2,0.036095662287138904,0.1854566227772121
structure,linear,plus_mace,1000,510.0,0.05,qbar6,2,0.010463310487887878,0.05976879124222398
structure,linear,plus_mace,1000,510.0,0.05,q6_coherence,2,0.0051901842956416245,0.02829881516315293
structure,linear,plus_mace,1000,510.0,0.05,bond_order,2,0.04559048948385017,0.15524484421344417
structure,linear,plus_mace,1000,510.0,0.05,angular_arrangement,2,0.16556472855123974,0.4681339093935752
structure,linear,plus_mace,1001,510.0,0.05,q4,27,0.33808880994782103,0.5806120321533584
structure,linear,plus_mace,1001,510.0,0.05,q6,27,0.02727838416365855,0.15791416154800664
structure,linear,plus_mace,1001,510.0,0.05,w4,27,0.42810684408938826,0.632134740607913
structure,linear,plus_mace,1001,510.0,0.05,w6,27,0.017354754127405888,0.1417871957623332
structure,linear,plus_mace,1001,510.0,0.05,qbar6,27,0.01874219300902092,0.09907650604183864
structure,linear,plus_mace,1001,510.0,0.05,q6_coherence,27,0.01746995772997445,0.06835355034916336
structure,linear,plus_mace,1001,510.0,0.05,bond_order,27,0.14117349051121153,0.3642877789511647
structure,linear,plus_mace,1001,510.0,0.05,angular_arrangement,27,0.26125910852773737,0.5148658056162762
structure,linear,plus_mace,1009,520.0,0.05,q4,14,0.08603602027396341,0.2113813404481155
structure,linear,plus_mace,1009,520.0,0.05,q6,14,0.01714811313779703,0.1575887899811701
structure,linear,plus_mace,1009,520.0,0.05,w4,14,0.0655829058168622,0.21643950211051974
structure,linear,plus_mace,1009,520.0,0.05,w6,14,0.009784971837202215,0.09891221474462229
structure,linear,plus_mace,1009,520.0,0.05,qbar6,14,0.01015267217537188,0.08945530424463699
structure,linear,plus_mace,1009,520.0,0.05,q6_coherence,14,0.01006743343714334,0.05055296745715174
structure,linear,plus_mace,1009,520.0,0.05,bond_order,14,0.03312868611305669,0.15094360762280937
structure,linear,plus_mace,1009,520.0,0.05,angular_arrangement,14,0.17930996570355598,0.45369065818224485
structure,linear,plus_mace,911,400.0,0.1,q4,13431,1.003819084617515,1.0266270699159583
structure,linear,plus_mace,911,400.0,0.1,q6,13431,0.17225173271643457,0.4510847212905268
structure,linear,plus_mace,911,400.0,0.1,w4,13431,1.39500408458645,1.1788873541785532
structure,linear,plus_mace,911,400.0,0.1,w6,13431,0.8738095604877659,0.9414256790661032
structure,linear,plus_mace,911,400.0,0.1,qbar6,13431,0.052569257897585014,0.2363553336651145
structure,linear,plus_mace,911,400.0,0.1,q6_coherence,13431,0.08376099998780705,0.2796867605913576
structure,linear,plus_mace,911,400.0,0.1,bond_order,13431,0.5968691200489263,0.7818340400744901
structure,linear,plus_mace,911,400.0,0.1,angular_arrangement,13431,0.5036429270004092,0.8252979712638587
structure,linear,plus_mace,913,400.0,0.1,q4,11219,0.6082471053305228,0.8448989307302719
structure,linear,plus_mace,913,400.0,0.1,q6,11219,0.1694668434926076,0.46883306725310797
structure,linear,plus_mace,913,400.0,0.1,w4,11219,0.5277619180011004,0.7145189952348846
structure,linear,plus_mace,913,400.0,0.1,w6,11219,1.0623694568064737,1.0293600635205897
structure,linear,plus_mace,913,400.0,0.1,qbar6,11219,0.040046306779564535,0.20303463450821171
structure,linear,plus_mace,913,400.0,0.1,q6_coherence,11219,0.09399478482753933,0.30413820210350695
structure,linear,plus_mace,913,400.0,0.1,bond_order,11219,0.41698106920630135,0.6630109717305254
structure,linear,plus_mace,913,400.0,0.1,angular_arrangement,11219,0.38162390234174404,0.7542531642816
structure,linear,plus_mace,938,450.0,0.1,q4,10713,1.8694448873653817,1.3471635105358934
structure,linear,plus_mace,938,450.0,0.1,q6,10713,0.2758742676476526,0.5533101707913456
structure,linear,plus_mace,938,450.0,0.1,w4,10713,2.6901632300346066,1.6320479698268333
structure,linear,plus_mace,938,450.0,0.1,w6,10713,0.5094264237048285,0.7083241471819619
structure,linear,plus_mace,938,450.0,0.1,qbar6,10713,0.10001723882418317,0.344674321476995
structure,linear,plus_mace,938,450.0,0.1,q6_coherence,10713,0.09701708207184191,0.30677619376100695
structure,linear,plus_mace,938,450.0,0.1,bond_order,10713,0.923657188274749,0.9573589855658117
structure,linear,plus_mace,938,450.0,0.1,angular_arrangement,10713,0.766337367698922,0.9872689185839557
structure,linear,plus_mace,942,450.0,0.1,q4,18952,0.39097242779522495,0.6211528106411476
structure,linear,plus_mace,942,450.0,0.1,q6,18952,0.06996716581909418,0.2989398844217068
structure,linear,plus_mace,942,450.0,0.1,w4,18952,0.4685461478820131,0.6820119560558205
structure,linear,plus_mace,942,450.0,0.1,w6,18952,0.2525221913817107,0.4933391599659156
structure,linear,plus_mace,942,450.0,0.1,qbar6,18952,0.024010578800814312,0.15644052039069942
structure,linear,plus_mace,942,450.0,0.1,q6_coherence,18952,0.04050750635733129,0.16765122627601994
structure,linear,plus_mace,942,450.0,0.1,bond_order,18952,0.20775433633936477,0.45392735720531113
structure,linear,plus_mace,942,450.0,0.1,angular_arrangement,18952,0.28079658682555625,0.6903348653220536
structure,linear,plus_mace,970,500.0,0.1,q4,20747,0.2679325166766832,0.4714557417719975
structure,linear,plus_mace,970,500.0,0.1,q6,20747,0.0536553580853957,0.2592551341450374
structure,linear,plus_mace,970,500.0,0.1,w4,20747,0.30610977869948375,0.5211441605080807
structure,linear,plus_mace,970,500.0,0.1,w6,20747,0.20435279971128173,0.44411739938881173
structure,linear,plus_mace,970,500.0,0.1,qbar6,20747,0.020314379462582653,0.11966572327426174
structure,linear,plus_mace,970,500.0,0.1,q6_coherence,20747,0.033828328927981495,0.13732672809140983
structure,linear,plus_mace,970,500.0,0.1,bond_order,20747,0.14769886026056808,0.36320190828173043
structure,linear,plus_mace,970,500.0,0.1,angular_arrangement,20747,0.28116528476853747,0.6968514217406444
structure,linear,plus_mace,971,500.0,0.1,q4,10619,0.786282901962445,0.9008294576495057
structure,linear,plus_mace,971,500.0,0.1,q6,10619,0.1481752633560769,0.4132977630305768
structure,linear,plus_mace,971,500.0,0.1,w4,10619,0.8158026995969511,0.9274178498987655
structure,linear,plus_mace,971,500.0,0.1,w6,10619,0.5364516729856548,0.72640308493721
structure,linear,plus_mace,971,500.0,0.1,qbar6,10619,0.048955533462581156,0.2603825747723752
structure,linear,plus_mace,971,500.0,0.1,q6_coherence,10619,0.07520936565862815,0.2694443008106143
structure,linear,plus_mace,971,500.0,0.1,bond_order,10619,0.4018129061703895,0.646847918666196
structure,linear,plus_mace,971,500.0,0.1,angular_arrangement,10619,0.47684631674013134,0.8297429856149184
structure,linear,plus_mace,1000,510.0,0.1,q4,7473,1.7371301088953557,1.3694532009823093
structure,linear,plus_mace,1000,510.0,0.1,q6,7473,0.3087601287987118,0.5814350908456233
structure,linear,plus_mace,1000,510.0,0.1,w4,7473,2.206473673053596,1.485107729828026
structure,linear,plus_mace,1000,510.0,0.1,w6,7473,1.3383835350411957,1.1487602659941378
structure,linear,plus_mace,1000,510.0,0.1,qbar6,7473,0.09415794145145355,0.2878109178255946
structure,linear,plus_mace,1000,510.0,0.1,q6_coherence,7473,0.1366484484817215,0.3405745462688651
structure,linear,plus_mace,1000,510.0,0.1,bond_order,7473,0.9702589726203389,0.9947772027322734
structure,linear,plus_mace,1000,510.0,0.1,angular_arrangement,7473,0.866521124735776,1.0270293560948809
structure,linear,plus_mace,1001,510.0,0.1,q4,11038,0.7899238531925639,0.8978323454131423
structure,linear,plus_mace,1001,510.0,0.1,q6,11038,0.13306008319747434,0.4285204217098126
structure,linear,plus_mace,1001,510.0,0.1,w4,11038,0.9476189473441095,0.969194001961416
structure,linear,plus_mace,1001,510.0,0.1,w6,11038,0.482642246603751,0.6915470759393563
structure,linear,plus_mace,1001,510.0,0.1,qbar6,11038,0.047066585808620214,0.29217495095791196
structure,linear,plus_mace,1001,510.0,0.1,q6_coherence,11038,0.07416127730188851,0.311294475741892
structure,linear,plus_mace,1001,510.0,0.1,bond_order,11038,0.4124121655747346,0.6569598537411243
structure,linear,plus_mace,1001,510.0,0.1,angular_arrangement,11038,0.42996993721296867,0.8038537170449556
structure,linear,plus_mace,881,520.0,0.1,q4,7220,2.0957875626052993,1.456085097712625
structure,linear,plus_mace,881,520.0,0.1,q6,7220,0.2916957123987837,0.5538194099410891
structure,linear,plus_mace,881,520.0,0.1,w4,7220,2.420065700514631,1.543980384081562
structure,linear,plus_mace,881,520.0,0.1,w6,7220,1.4303138992232527,1.199140873534706
structure,linear,plus_mace,881,520.0,0.1,qbar6,7220,0.0882497290465479,0.29781480209504785
structure,linear,plus_mace,881,520.0,0.1,q6_coherence,7220,0.14212931186271757,0.3589105380939715
structure,linear,plus_mace,881,520.0,0.1,bond_order,7220,1.0780403192752053,1.0381252687995095
structure,linear,plus_mace,881,520.0,0.1,angular_arrangement,7220,0.8570505897719735,1.0028674037362708
structure,linear,plus_mace,1009,520.0,0.1,q4,13594,1.338106434057719,1.1698018970890318
structure,linear,plus_mace,1009,520.0,0.1,q6,13594,0.182247426904278,0.4344309270350266
structure,linear,plus_mace,1009,520.0,0.1,w4,13594,1.9749452626406951,1.4351748440500554
structure,linear,plus_mace,1009,520.0,0.1,w6,13594,0.2992539927006906,0.5394766852500842
structure,linear,plus_mace,1009,520.0,0.1,qbar6,13594,0.05882475009169787,0.26619902782914234
structure,linear,plus_mace,1009,520.0,0.1,q6_coherence,13594,0.057634351492593515,0.2222729122037974
structure,linear,plus_mace,1009,520.0,0.1,bond_order,13594,0.6518353696479455,0.819369249853901
structure,linear,plus_mace,1009,520.0,0.1,angular_arrangement,13594,0.642180557623214,0.9070728693780314
structure,linear,delta_mace,911,400.0,0.05,q4,91,0.5733416176557414,0.7864290239137353
structure,linear,delta_mace,911,400.0,0.05,q6,91,0.08109340907304527,0.28107120380936584
structure,linear,delta_mace,911,400.0,0.05,w4,91,0.9495645625802815,1.0039194051485754
structure,linear,delta_mace,911,400.0,0.05,w6,91,0.011697855072699772,0.09833909551856254
structure,linear,delta_mace,911,400.0,0.05,qbar6,91,0.03123302161976186,0.1637500602188683
structure,linear,delta_mace,911,400.0,0.05,q6_coherence,91,0.017890265530468533,0.08737102635964063
structure,linear,delta_mace,911,400.0,0.05,bond_order,91,0.27747012192199977,0.5399759500006852
structure,linear,delta_mace,911,400.0,0.05,angular_arrangement,91,0.3387178788136565,0.613096792440957
structure,linear,delta_mace,913,400.0,0.05,q4,158,0.045071581219688156,0.16580978263499452
structure,linear,delta_mace,913,400.0,0.05,q6,158,0.012574407963769966,0.11235314043889053
structure,linear,delta_mace,913,400.0,0.05,w4,158,0.058457291968613205,0.21209998368458238
structure,linear,delta_mace,913,400.0,0.05,w6,158,0.010557115962258905,0.07868418925212133
structure,linear,delta_mace,913,400.0,0.05,qbar6,158,0.004589109996415314,0.040421867971188956
structure,linear,delta_mace,913,400.0,0.05,q6_coherence,158,0.005517817820835952,0.024684560340675978
structure,linear,delta_mace,913,400.0,0.05,bond_order,158,0.02279455415526359,0.12485790045134083
structure,linear,delta_mace,913,400.0,0.05,angular_arrangement,158,0.10081230760471678,0.37381207866282845
structure,linear,delta_mace,938,450.0,0.05,q4,13,1.4772907833962705,1.2555246469716765
structure,linear,delta_mace,938,450.0,0.05,q6,13,0.22949004184236627,0.5500440943831092
structure,linear,delta_mace,938,450.0,0.05,w4,13,2.3137458338129293,1.547580763054549
structure,linear,delta_mace,938,450.0,0.05,w6,13,0.04903302460709927,0.2132062701016716
structure,linear,delta_mace,938,450.0,0.05,qbar6,13,0.04878982738298177,0.35945473949190987
structure,linear,delta_mace,938,450.0,0.05,q6_coherence,13,0.010867156760195543,0.2256067345542457
structure,linear,delta_mace,938,450.0,0.05,bond_order,13,0.6882027779669737,0.8659734296468224
structure,linear,delta_mace,938,450.0,0.05,angular_arrangement,13,0.9973080947753565,1.0600659779537185
structure,linear,delta_mace,942,450.0,0.05,q4,206,0.06262465390086956,0.18808513950432873
structure,linear,delta_mace,942,450.0,0.05,q6,206,0.014716681824239462,0.11409508279772727
structure,linear,delta_mace,942,450.0,0.05,w4,206,0.09065355256642194,0.2723829738548929
structure,linear,delta_mace,942,450.0,0.05,w6,206,0.01510715730299668,0.09270735987560787
structure,linear,delta_mace,942,450.0,0.05,qbar6,206,0.006651258629176843,0.04026644987015386
structure,linear,delta_mace,942,450.0,0.05,q6_coherence,206,0.009440740930064032,0.0203954079111501
structure,linear,delta_mace,942,450.0,0.05,bond_order,206,0.03319900752562809,0.1490068266283638
structure,linear,delta_mace,942,450.0,0.05,angular_arrangement,206,0.12001064083699545,0.3904597233780116
structure,linear,delta_mace,970,500.0,0.05,q4,82,0.1696088161460996,0.4122969130415288
structure,linear,delta_mace,970,500.0,0.05,q6,82,0.02048029634645843,0.15570356584334472
structure,linear,delta_mace,970,500.0,0.05,w4,82,0.15320433274666762,0.3966564763436262
structure,linear,delta_mace,970,500.0,0.05,w6,82,0.018366340893681738,0.10562520457987064
structure,linear,delta_mace,970,500.0,0.05,qbar6,82,0.010674182349475994,0.07958244387716755
structure,linear,delta_mace,970,500.0,0.05,q6_coherence,82,0.01292486294528569,0.04325246021223588
structure,linear,delta_mace,970,500.0,0.05,bond_order,82,0.06420980523794484,0.24863947449927762
structure,linear,delta_mace,970,500.0,0.05,angular_arrangement,82,0.15833812199291908,0.4564394598621464
structure,linear,delta_mace,971,500.0,0.05,q4,16,0.5342968057377574,0.6995239887906375
structure,linear,delta_mace,971,500.0,0.05,q6,16,0.056298121886794186,0.19126547100619057
structure,linear,delta_mace,971,500.0,0.05,w4,16,0.4617832953664236,0.7208948353117678
structure,linear,delta_mace,971,500.0,0.05,w6,16,0.0337235637654055,0.1406353350802877
structure,linear,delta_mace,971,500.0,0.05,qbar6,16,0.023501002522082384,0.13026485036415222
structure,linear,delta_mace,971,500.0,0.05,q6_coherence,16,0.017538971483643202,0.08282895095921848
structure,linear,delta_mace,971,500.0,0.05,bond_order,16,0.18785696012701777,0.4260699314084698
structure,linear,delta_mace,971,500.0,0.05,angular_arrangement,16,0.21094487765154063,0.4772211851500516
structure,linear,delta_mace,1000,510.0,0.05,q4,2,0.15341250592772118,0.18959328285465324
structure,linear,delta_mace,1000,510.0,0.05,q6,2,0.008005723590218955,0.18444600397720076
structure,linear,delta_mace,1000,510.0,0.05,w4,2,0.06657613429317329,0.18940047086597553
structure,linear,delta_mace,1000,510.0,0.05,w6,2,0.029863201088747078,0.1854566227772121
structure,linear,delta_mace,1000,510.0,0.05,qbar6,2,0.014330475147866102,0.05976879124222398
structure,linear,delta_mace,1000,510.0,0.05,q6_coherence,2,0.009759120104645757,0.02829881516315293
structure,linear,delta_mace,1000,510.0,0.05,bond_order,2,0.04699119335872873,0.15524484421344417
structure,linear,delta_mace,1000,510.0,0.05,angular_arrangement,2,0.16090096549092542,0.4681339093935752
structure,linear,delta_mace,1001,510.0,0.05,q4,27,0.3265308342742873,0.5806120321533584
structure,linear,delta_mace,1001,510.0,0.05,q6,27,0.020684350878532105,0.15791416154800664
structure,linear,delta_mace,1001,510.0,0.05,w4,27,0.4172961878488114,0.632134740607913
structure,linear,delta_mace,1001,510.0,0.05,w6,27,0.01800148399415605,0.1417871957623332
structure,linear,delta_mace,1001,510.0,0.05,qbar6,27,0.016732373157160817,0.09907650604183864
structure,linear,delta_mace,1001,510.0,0.05,q6_coherence,27,0.015536663689333085,0.06835355034916336
structure,linear,delta_mace,1001,510.0,0.05,bond_order,27,0.13579698230704682,0.3642877789511647
structure,linear,delta_mace,1001,510.0,0.05,angular_arrangement,27,0.2589219258042291,0.5148658056162762
structure,linear,delta_mace,1009,520.0,0.05,q4,14,0.10061225249594259,0.2113813404481155
structure,linear,delta_mace,1009,520.0,0.05,q6,14,0.014430978807998141,0.1575887899811701
structure,linear,delta_mace,1009,520.0,0.05,w4,14,0.06423758082358982,0.21643950211051974
structure,linear,delta_mace,1009,520.0,0.05,w6,14,0.011543885575791151,0.09891221474462229
structure,linear,delta_mace,1009,520.0,0.05,qbar6,14,0.008046521741756263,0.08945530424463699
structure,linear,delta_mace,1009,520.0,0.05,q6_coherence,14,0.009348599664388696,0.05055296745715174
structure,linear,delta_mace,1009,520.0,0.05,bond_order,14,0.03470330318491112,0.15094360762280937
structure,linear,delta_mace,1009,520.0,0.05,angular_arrangement,14,0.17406983137991233,0.45369065818224485
structure,linear,delta_mace,911,400.0,0.1,q4,13431,1.005746289751812,1.0266270699159583
structure,linear,delta_mace,911,400.0,0.1,q6,13431,0.16729373408744908,0.4510847212905268
structure,linear,delta_mace,911,400.0,0.1,w4,13431,1.3948492410143054,1.1788873541785532
structure,linear,delta_mace,911,400.0,0.1,w6,13431,0.8718182683995225,0.9414256790661032
structure,linear,delta_mace,911,400.0,0.1,qbar6,13431,0.05180358392367829,0.2363553336651145
structure,linear,delta_mace,911,400.0,0.1,q6_coherence,13431,0.08275482732703679,0.2796867605913576
structure,linear,delta_mace,911,400.0,0.1,bond_order,13431,0.5957109907506339,0.7818340400744901
structure,linear,delta_mace,911,400.0,0.1,angular_arrangement,13431,0.4988712163937914,0.8252979712638587
structure,linear,delta_mace,913,400.0,0.1,q4,11219,0.5905070691177092,0.8448989307302719
structure,linear,delta_mace,913,400.0,0.1,q6,11219,0.1637245537375249,0.46883306725310797
structure,linear,delta_mace,913,400.0,0.1,w4,11219,0.5202520455651823,0.7145189952348846
structure,linear,delta_mace,913,400.0,0.1,w6,11219,1.0475411008158129,1.0293600635205897
structure,linear,delta_mace,913,400.0,0.1,qbar6,11219,0.039205610107833896,0.20303463450821171
structure,linear,delta_mace,913,400.0,0.1,q6_coherence,11219,0.09253547872168513,0.30413820210350695
structure,linear,delta_mace,913,400.0,0.1,bond_order,11219,0.4089609763442913,0.6630109717305254
structure,linear,delta_mace,913,400.0,0.1,angular_arrangement,11219,0.3778852393439423,0.7542531642816
structure,linear,delta_mace,938,450.0,0.1,q4,10713,1.8531392729009708,1.3471635105358934
structure,linear,delta_mace,938,450.0,0.1,q6,10713,0.2686088766112223,0.5533101707913456
structure,linear,delta_mace,938,450.0,0.1,w4,10713,2.658147036154059,1.6320479698268333
structure,linear,delta_mace,938,450.0,0.1,w6,10713,0.5071885468582754,0.7083241471819619
structure,linear,delta_mace,938,450.0,0.1,qbar6,10713,0.09658314494837252,0.344674321476995
structure,linear,delta_mace,938,450.0,0.1,q6_coherence,10713,0.09240576288170947,0.30677619376100695
structure,linear,delta_mace,938,450.0,0.1,bond_order,10713,0.9126787733924349,0.9573589855658117
structure,linear,delta_mace,938,450.0,0.1,angular_arrangement,10713,0.7610876649791332,0.9872689185839557
structure,linear,delta_mace,942,450.0,0.1,q4,18952,0.3858843516307907,0.6211528106411476
structure,linear,delta_mace,942,450.0,0.1,q6,18952,0.06717284634214031,0.2989398844217068
structure,linear,delta_mace,942,450.0,0.1,w4,18952,0.46799939979383004,0.6820119560558205
structure,linear,delta_mace,942,450.0,0.1,w6,18952,0.251677727652802,0.4933391599659156
structure,linear,delta_mace,942,450.0,0.1,qbar6,18952,0.02259202625098378,0.15644052039069942
structure,linear,delta_mace,942,450.0,0.1,q6_coherence,18952,0.03863480397225299,0.16765122627601994
structure,linear,delta_mace,942,450.0,0.1,bond_order,18952,0.20566019260713322,0.45392735720531113
structure,linear,delta_mace,942,450.0,0.1,angular_arrangement,18952,0.2759212588196266,0.6903348653220536
structure,linear,delta_mace,970,500.0,0.1,q4,20747,0.26284845459515743,0.4714557417719975
structure,linear,delta_mace,970,500.0,0.1,q6,20747,0.05073917991827377,0.2592551341450374
structure,linear,delta_mace,970,500.0,0.1,w4,20747,0.28744546391303744,0.5211441605080807
structure,linear,delta_mace,970,500.0,0.1,w6,20747,0.20354139175599964,0.44411739938881173
structure,linear,delta_mace,970,500.0,0.1,qbar6,20747,0.018960025582880662,0.11966572327426174
structure,linear,delta_mace,970,500.0,0.1,q6_coherence,20747,0.03243610935438745,0.13732672809140983
structure,linear,delta_mace,970,500.0,0.1,bond_order,20747,0.1426617708532894,0.36320190828173043
structure,linear,delta_mace,970,500.0,0.1,angular_arrangement,20747,0.27780124687949453,0.6968514217406444
structure,linear,delta_mace,971,500.0,0.1,q4,10619,0.7856888909499552,0.9008294576495057
structure,linear,delta_mace,971,500.0,0.1,q6,10619,0.14302802309186347,0.4132977630305768
structure,linear,delta_mace,971,500.0,0.1,w4,10619,0.8196663519663389,0.9274178498987655
structure,linear,delta_mace,971,500.0,0.1,w6,10619,0.5355267170095931,0.72640308493721
structure,linear,delta_mace,971,500.0,0.1,qbar6,10619,0.048132448984073394,0.2603825747723752
structure,linear,delta_mace,971,500.0,0.1,q6_coherence,10619,0.0741981204617562,0.2694443008106143
structure,linear,delta_mace,971,500.0,0.1,bond_order,10619,0.4010400920772633,0.646847918666196
structure,linear,delta_mace,971,500.0,0.1,angular_arrangement,10619,0.4717556169048599,0.8297429856149184
structure,linear,delta_mace,1000,510.0,0.1,q4,7473,1.72639234588931,1.3694532009823093
structure,linear,delta_mace,1000,510.0,0.1,q6,7473,0.30050847167838324,0.5814350908456233
structure,linear,delta_mace,1000,510.0,0.1,w4,7473,2.1984695181761023,1.485107729828026
structure,linear,delta_mace,1000,510.0,0.1,w6,7473,1.3343637109814226,1.1487602659941378
structure,linear,delta_mace,1000,510.0,0.1,qbar6,7473,0.09207081494660434,0.2878109178255946
structure,linear,delta_mace,1000,510.0,0.1,q6_coherence,7473,0.13437903890585773,0.3405745462688651
structure,linear,delta_mace,1000,510.0,0.1,bond_order,7473,0.9643639834296133,0.9947772027322734
structure,linear,delta_mace,1000,510.0,0.1,angular_arrangement,7473,0.8610046478461879,1.0270293560948809
structure,linear,delta_mace,1001,510.0,0.1,q4,11038,0.7818031645681688,0.8978323454131423
structure,linear,delta_mace,1001,510.0,0.1,q6,11038,0.12880790877283663,0.4285204217098126
structure,linear,delta_mace,1001,510.0,0.1,w4,11038,0.9359242076073908,0.969194001961416
structure,linear,delta_mace,1001,510.0,0.1,w6,11038,0.4819505111029784,0.6915470759393563
structure,linear,delta_mace,1001,510.0,0.1,qbar6,11038,0.04578944080145597,0.29217495095791196
structure,linear,delta_mace,1001,510.0,0.1,q6_coherence,11038,0.07267003321094827,0.311294475741892
structure,linear,delta_mace,1001,510.0,0.1,bond_order,11038,0.4078242110106299,0.6569598537411243
structure,linear,delta_mace,1001,510.0,0.1,angular_arrangement,11038,0.423994365790318,0.8038537170449556
structure,linear,delta_mace,881,520.0,0.1,q4,7220,2.0837089008464384,1.456085097712625
structure,linear,delta_mace,881,520.0,0.1,q6,7220,0.283883527419686,0.5538194099410891
structure,linear,delta_mace,881,520.0,0.1,w4,7220,2.420682059175207,1.543980384081562
structure,linear,delta_mace,881,520.0,0.1,w6,7220,1.428927527367449,1.199140873534706
structure,linear,delta_mace,881,520.0,0.1,qbar6,7220,0.08677507312880475,0.29781480209504785
structure,linear,delta_mace,881,520.0,0.1,q6_coherence,7220,0.1391975655172937,0.3589105380939715
structure,linear,delta_mace,881,520.0,0.1,bond_order,7220,1.0738624422424798,1.0381252687995095
structure,linear,delta_mace,881,520.0,0.1,angular_arrangement,7220,0.8527378028457706,1.0028674037362708
structure,linear,delta_mace,1009,520.0,0.1,q4,13594,1.3097184937653996,1.1698018970890318
structure,linear,delta_mace,1009,520.0,0.1,q6,13594,0.17767699194995415,0.4344309270350266
structure,linear,delta_mace,1009,520.0,0.1,w4,13594,1.954241713636921,1.4351748440500554
structure,linear,delta_mace,1009,520.0,0.1,w6,13594,0.30048771709027305,0.5394766852500842
structure,linear,delta_mace,1009,520.0,0.1,qbar6,13594,0.05641192080722839,0.26619902782914234
structure,linear,delta_mace,1009,520.0,0.1,q6_coherence,13594,0.05477880111995865,0.2222729122037974
structure,linear,delta_mace,1009,520.0,0.1,bond_order,13594,0.6422192730616225,0.819369249853901
structure,linear,delta_mace,1009,520.0,0.1,angular_arrangement,13594,0.6348970909545713,0.9070728693780314
structure,linear,duplicate_mace,911,400.0,0.05,q4,91,0.6237966478048445,0.7864290239137353
structure,linear,duplicate_mace,911,400.0,0.05,q6,91,0.08460541651314435,0.28107120380936584
structure,linear,duplicate_mace,911,400.0,0.05,w4,91,0.986308774328206,1.0039194051485754
structure,linear,duplicate_mace,911,400.0,0.05,w6,91,0.010878882465121423,0.09833909551856254
structure,linear,duplicate_mace,911,400.0,0.05,qbar6,91,0.04861767588025128,0.1637500602188683
structure,linear,duplicate_mace,911,400.0,0.05,q6_coherence,91,0.031755607135147294,0.08737102635964063
structure,linear,duplicate_mace,911,400.0,0.05,bond_order,91,0.2976605006877858,0.5399759500006852
structure,linear,duplicate_mace,911,400.0,0.05,angular_arrangement,91,0.3433635802638418,0.613096792440957
structure,linear,duplicate_mace,913,400.0,0.05,q4,158,0.05146356294414759,0.16580978263499452
structure,linear,duplicate_mace,913,400.0,0.05,q6,158,0.015190723608911376,0.11235314043889053
structure,linear,duplicate_mace,913,400.0,0.05,w4,158,0.05745117357264761,0.21209998368458238
structure,linear,duplicate_mace,913,400.0,0.05,w6,158,0.013899184830358579,0.07868418925212133
structure,linear,duplicate_mace,913,400.0,0.05,qbar6,158,0.026043640141537486,0.040421867971188956
structure,linear,duplicate_mace,913,400.0,0.05,q6_coherence,158,0.021278476151549243,0.024684560340675978
structure,linear,duplicate_mace,913,400.0,0.05,bond_order,158,0.030887793541525314,0.12485790045134083
structure,linear,duplicate_mace,913,400.0,0.05,angular_arrangement,158,0.10655567623929527,0.37381207866282845
structure,linear,duplicate_mace,938,450.0,0.05,q4,13,1.5766497330108673,1.2555246469716765
structure,linear,duplicate_mace,938,450.0,0.05,q6,13,0.23846431813240462,0.5500440943831092
structure,linear,duplicate_mace,938,450.0,0.05,w4,13,2.338533782177026,1.547580763054549
structure,linear,duplicate_mace,938,450.0,0.05,w6,13,0.05458949878810645,0.2132062701016716
structure,linear,duplicate_mace,938,450.0,0.05,qbar6,13,0.09071823260719275,0.35945473949190987
structure,linear,duplicate_mace,938,450.0,0.05,q6_coherence,13,0.037863643409340265,0.2256067345542457
structure,linear,duplicate_mace,938,450.0,0.05,bond_order,13,0.7228032013541562,0.8659734296468224
structure,linear,duplicate_mace,938,450.0,0.05,angular_arrangement,13,1.0494406832721828,1.0600659779537185
structure,linear,duplicate_mace,942,450.0,0.05,q4,206,0.06059675156519151,0.18808513950432873
structure,linear,duplicate_mace,942,450.0,0.05,q6,206,0.023443089746776457,0.11409508279772727
structure,linear,duplicate_mace,942,450.0,0.05,w4,206,0.08714518140009807,0.2723829738548929
structure,linear,duplicate_mace,942,450.0,0.05,w6,206,0.010896171388561048,0.09270735987560787
structure,linear,duplicate_mace,942,450.0,0.05,qbar6,206,0.02620173837569237,0.04026644987015386
structure,linear,duplicate_mace,942,450.0,0.05,q6_coherence,206,0.021785086543365535,0.0203954079111501
structure,linear,duplicate_mace,942,450.0,0.05,bond_order,206,0.03834466983661416,0.1490068266283638
structure,linear,duplicate_mace,942,450.0,0.05,angular_arrangement,206,0.12863323376471358,0.3904597233780116
structure,linear,duplicate_mace,970,500.0,0.05,q4,82,0.16422737796524112,0.4122969130415288
structure,linear,duplicate_mace,970,500.0,0.05,q6,82,0.03091698810189887,0.15570356584334472
structure,linear,duplicate_mace,970,500.0,0.05,w4,82,0.13609364570851792,0.3966564763436262
structure,linear,duplicate_mace,970,500.0,0.05,w6,82,0.016790886926222024,0.10562520457987064
structure,linear,duplicate_mace,970,500.0,0.05,qbar6,82,0.02364098898308355,0.07958244387716755
structure,linear,duplicate_mace,970,500.0,0.05,q6_coherence,82,0.014897390471216925,0.04325246021223588
structure,linear,duplicate_mace,970,500.0,0.05,bond_order,82,0.06442787969269674,0.24863947449927762
structure,linear,duplicate_mace,970,500.0,0.05,angular_arrangement,82,0.17456731266330577,0.4564394598621464
structure,linear,duplicate_mace,971,500.0,0.05,q4,16,0.5312072816578286,0.6995239887906375
structure,linear,duplicate_mace,971,500.0,0.05,q6,16,0.06337716201205751,0.19126547100619057
structure,linear,duplicate_mace,971,500.0,0.05,w4,16,0.49673569562351244,0.7208948353117678
structure,linear,duplicate_mace,971,500.0,0.05,w6,16,0.033585306394047706,0.1406353350802877
structure,linear,duplicate_mace,971,500.0,0.05,qbar6,16,0.0433800655630983,0.13026485036415222
structure,linear,duplicate_mace,971,500.0,0.05,q6_coherence,16,0.030259749697905194,0.08282895095921848
structure,linear,duplicate_mace,971,500.0,0.05,bond_order,16,0.19975754349140828,0.4260699314084698
structure,linear,duplicate_mace,971,500.0,0.05,angular_arrangement,16,0.22368207869652235,0.4772211851500516
structure,linear,duplicate_mace,1000,510.0,0.05,q4,2,0.03532110237578012,0.18959328285465324
structure,linear,duplicate_mace,1000,510.0,0.05,q6,2,0.027364889001992722,0.18444600397720076
structure,linear,duplicate_mace,1000,510.0,0.05,w4,2,0.06487930297921381,0.18940047086597553
structure,linear,duplicate_mace,1000,510.0,0.05,w6,2,0.037496413229425665,0.1854566227772121
structure,linear,duplicate_mace,1000,510.0,0.05,qbar6,2,0.05680407792932171,0.05976879124222398
structure,linear,duplicate_mace,1000,510.0,0.05,q6_coherence,2,0.031709885746290106,0.02829881516315293
structure,linear,duplicate_mace,1000,510.0,0.05,bond_order,2,0.042262611877004023,0.15524484421344417
structure,linear,duplicate_mace,1000,510.0,0.05,angular_arrangement,2,0.20774690140556515,0.4681339093935752
structure,linear,duplicate_mace,1001,510.0,0.05,q4,27,0.3212663571552455,0.5806120321533584
structure,linear,duplicate_mace,1001,510.0,0.05,q6,27,0.034393906360316036,0.15791416154800664
structure,linear,duplicate_mace,1001,510.0,0.05,w4,27,0.4126232678640772,0.632134740607913
structure,linear,duplicate_mace,1001,510.0,0.05,w6,27,0.01677877400393612,0.1417871957623332
structure,linear,duplicate_mace,1001,510.0,0.05,qbar6,27,0.031163507011563594,0.09907650604183864
structure,linear,duplicate_mace,1001,510.0,0.05,q6_coherence,27,0.027698489376264866,0.06835355034916336
structure,linear,duplicate_mace,1001,510.0,0.05,bond_order,27,0.1406540502952339,0.3642877789511647
structure,linear,duplicate_mace,1001,510.0,0.05,angular_arrangement,27,0.27718707923716646,0.5148658056162762
structure,linear,duplicate_mace,1009,520.0,0.05,q4,14,0.06894517717937029,0.2113813404481155
structure,linear,duplicate_mace,1009,520.0,0.05,q6,14,0.031038353952464976,0.1575887899811701
structure,linear,duplicate_mace,1009,520.0,0.05,w4,14,0.08404740252716399,0.21643950211051974
structure,linear,duplicate_mace,1009,520.0,0.05,w6,14,0.010355083114347213,0.09891221474462229
structure,linear,duplicate_mace,1009,520.0,0.05,qbar6,14,0.022364284297093865,0.08945530424463699
structure,linear,duplicate_mace,1009,520.0,0.05,q6_coherence,14,0.013589281967443226,0.05055296745715174
structure,linear,duplicate_mace,1009,520.0,0.05,bond_order,14,0.038389930506313924,0.15094360762280937
structure,linear,duplicate_mace,1009,520.0,0.05,angular_arrangement,14,0.19756581885073748,0.45369065818224485
structure,linear,duplicate_mace,911,400.0,0.1,q4,13431,1.0556886264724414,1.0266270699159583
structure,linear,duplicate_mace,911,400.0,0.1,q6,13431,0.20672296617470096,0.4510847212905268
structure,linear,duplicate_mace,911,400.0,0.1,w4,13431,1.4095811294359144,1.1788873541785532
structure,linear,duplicate_mace,911,400.0,0.1,w6,13431,0.8795685256080408,0.9414256790661032
structure,linear,duplicate_mace,911,400.0,0.1,qbar6,13431,0.08501190336219244,0.2363553336651145
structure,linear,duplicate_mace,911,400.0,0.1,q6_coherence,13431,0.11112433724242189,0.2796867605913576
structure,linear,duplicate_mace,911,400.0,0.1,bond_order,13431,0.6246162480492853,0.7818340400744901
structure,linear,duplicate_mace,911,400.0,0.1,angular_arrangement,13431,0.5365104603554953,0.8252979712638587
structure,linear,duplicate_mace,913,400.0,0.1,q4,11219,0.7362756861398113,0.8448989307302719
structure,linear,duplicate_mace,913,400.0,0.1,q6,11219,0.22346087552265856,0.46883306725310797
structure,linear,duplicate_mace,913,400.0,0.1,w4,11219,0.5382220137633609,0.7145189952348846
structure,linear,duplicate_mace,913,400.0,0.1,w6,11219,1.0635998535259683,1.0293600635205897
structure,linear,duplicate_mace,913,400.0,0.1,qbar6,11219,0.07065165721692841,0.20303463450821171
structure,linear,duplicate_mace,913,400.0,0.1,q6_coherence,11219,0.11867771975237978,0.30413820210350695
structure,linear,duplicate_mace,913,400.0,0.1,bond_order,11219,0.4584813009868512,0.6630109717305254
structure,linear,duplicate_mace,913,400.0,0.1,angular_arrangement,11219,0.4292706159245666,0.7542531642816
structure,linear,duplicate_mace,938,450.0,0.1,q4,10713,1.9166626616908742,1.3471635105358934
structure,linear,duplicate_mace,938,450.0,0.1,q6,10713,0.31059029132911736,0.5533101707913456
structure,linear,duplicate_mace,938,450.0,0.1,w4,10713,2.6724315546986963,1.6320479698268333
structure,linear,duplicate_mace,938,450.0,0.1,w6,10713,0.5137513502991383,0.7083241471819619
structure,linear,duplicate_mace,938,450.0,0.1,qbar6,10713,0.17046253816947593,0.344674321476995
structure,linear,duplicate_mace,938,450.0,0.1,q6_coherence,10713,0.13840038277139793,0.30677619376100695
structure,linear,duplicate_mace,938,450.0,0.1,bond_order,10713,0.9537164631597832,0.9573589855658117
structure,linear,duplicate_mace,938,450.0,0.1,angular_arrangement,10713,0.7994049540011228,0.9872689185839557
structure,linear,duplicate_mace,942,450.0,0.1,q4,18952,0.41072012609074104,0.6211528106411476
structure,linear,duplicate_mace,942,450.0,0.1,q6,18952,0.0910253635659047,0.2989398844217068
structure,linear,duplicate_mace,942,450.0,0.1,w4,18952,0.4790162755825332,0.6820119560558205
structure,linear,duplicate_mace,942,450.0,0.1,w6,18952,0.2505686573226406,0.4933391599659156
structure,linear,duplicate_mace,942,450.0,0.1,qbar6,18952,0.05453567529744496,0.15644052039069942
structure,linear,duplicate_mace,942,450.0,0.1,q6_coherence,18952,0.057540862522538476,0.16765122627601994
structure,linear,duplicate_mace,942,450.0,0.1,bond_order,18952,0.2239011600636339,0.45392735720531113
structure,linear,duplicate_mace,942,450.0,0.1,angular_arrangement,18952,0.3047499154146457,0.6903348653220536
structure,linear,duplicate_mace,970,500.0,0.1,q4,20747,0.28017952497935394,0.4714557417719975
structure,linear,duplicate_mace,970,500.0,0.1,q6,20747,0.07320128782032413,0.2592551341450374
structure,linear,duplicate_mace,970,500.0,0.1,w4,20747,0.30459995581846155,0.5211441605080807
structure,linear,duplicate_mace,970,500.0,0.1,w6,20747,0.20775397108695579,0.44411739938881173
structure,linear,duplicate_mace,970,500.0,0.1,qbar6,20747,0.04534772280493326,0.11966572327426174
structure,linear,duplicate_mace,970,500.0,0.1,q6_coherence,20747,0.04429314678973847,0.13732672809140983
structure,linear,duplicate_mace,970,500.0,0.1,bond_order,20747,0.15922926821662783,0.36320190828173043
structure,linear,duplicate_mace,970,500.0,0.1,angular_arrangement,20747,0.31708480070225714,0.6968514217406444
structure,linear,duplicate_mace,971,500.0,0.1,q4,10619,0.8383575422510461,0.9008294576495057
structure,linear,duplicate_mace,971,500.0,0.1,q6,10619,0.1837155742867044,0.4132977630305768
structure,linear,duplicate_mace,971,500.0,0.1,w4,10619,0.8637083847103099,0.9274178498987655
structure,linear,duplicate_mace,971,500.0,0.1,w6,10619,0.5363980633445998,0.72640308493721
structure,linear,duplicate_mace,971,500.0,0.1,qbar6,10619,0.09822877678531881,0.2603825747723752
structure,linear,duplicate_mace,971,500.0,0.1,q6_coherence,10619,0.09927561240040951,0.2694443008106143
structure,linear,duplicate_mace,971,500.0,0.1,bond_order,10619,0.436613992296398,0.646847918666196
structure,linear,duplicate_mace,971,500.0,0.1,angular_arrangement,10619,0.5165368666014049,0.8297429856149184
structure,linear,duplicate_mace,1000,510.0,0.1,q4,7473,1.873798920105178,1.3694532009823093
structure,linear,duplicate_mace,1000,510.0,0.1,q6,7473,0.3487341801049879,0.5814350908456233
structure,linear,duplicate_mace,1000,510.0,0.1,w4,7473,2.2106250518397452,1.485107729828026
structure,linear,duplicate_mace,1000,510.0,0.1,w6,7473,1.344358533019427,1.1487602659941378
structure,linear,duplicate_mace,1000,510.0,0.1,qbar6,7473,0.1391334064851668,0.2878109178255946
structure,linear,duplicate_mace,1000,510.0,0.1,q6_coherence,7473,0.169371651424735,0.3405745462688651
structure,linear,duplicate_mace,1000,510.0,0.1,bond_order,7473,1.0143369571632068,0.9947772027322734
structure,linear,duplicate_mace,1000,510.0,0.1,angular_arrangement,7473,0.9231790304408029,1.0270293560948809
structure,linear,duplicate_mace,1001,510.0,0.1,q4,11038,0.804957851387589,0.8978323454131423
structure,linear,duplicate_mace,1001,510.0,0.1,q6,11038,0.17938239836386408,0.4285204217098126
structure,linear,duplicate_mace,1001,510.0,0.1,w4,11038,0.9641111951598106,0.969194001961416
structure,linear,duplicate_mace,1001,510.0,0.1,w6,11038,0.48520364064375887,0.6915470759393563
structure,linear,duplicate_mace,1001,510.0,0.1,qbar6,11038,0.09513815522283059,0.29217495095791196
structure,linear,duplicate_mace,1001,510.0,0.1,q6_coherence,11038,0.11390501007118829,0.311294475741892
structure,linear,duplicate_mace,1001,510.0,0.1,bond_order,11038,0.4404497084748403,0.6569598537411243
structure,linear,duplicate_mace,1001,510.0,0.1,angular_arrangement,11038,0.4684071588912424,0.8038537170449556
structure,linear,duplicate_mace,881,520.0,0.1,q4,7220,2.1695950076039545,1.456085097712625
structure,linear,duplicate_mace,881,520.0,0.1,q6,7220,0.31336695000683584,0.5538194099410891
structure,linear,duplicate_mace,881,520.0,0.1,w4,7220,2.4497965926831675,1.543980384081562
structure,linear,duplicate_mace,881,520.0,0.1,w6,7220,1.4327520926105695,1.199140873534706
structure,linear,duplicate_mace,881,520.0,0.1,qbar6,7220,0.1172196772316563,0.29781480209504785
structure,linear,duplicate_mace,881,520.0,0.1,q6_coherence,7220,0.16759038804205656,0.3589105380939715
structure,linear,duplicate_mace,881,520.0,0.1,bond_order,7220,1.1083867846963733,1.0381252687995095
structure,linear,duplicate_mace,881,520.0,0.1,angular_arrangement,7220,0.9020925502873578,1.0028674037362708
structure,linear,duplicate_mace,1009,520.0,0.1,q4,13594,1.3749453619902445,1.1698018970890318
structure,linear,duplicate_mace,1009,520.0,0.1,q6,13594,0.1925131676479682,0.4344309270350266
structure,linear,duplicate_mace,1009,520.0,0.1,w4,13594,2.0286882785744433,1.4351748440500554
structure,linear,duplicate_mace,1009,520.0,0.1,w6,13594,0.30019387431561934,0.5394766852500842
structure,linear,duplicate_mace,1009,520.0,0.1,qbar6,13594,0.09215364248417186,0.26619902782914234
structure,linear,duplicate_mace,1009,520.0,0.1,q6_coherence,13594,0.07809695663143418,0.2222729122037974
structure,linear,duplicate_mace,1009,520.0,0.1,bond_order,13594,0.6777652136073136,0.819369249853901
structure,linear,duplicate_mace,1009,520.0,0.1,angular_arrangement,13594,0.6788136217722966,0.9070728693780314
structure,linear,plus_soap,911,400.0,0.05,q4,91,0.023065049010791774,0.7864290239137353
structure,linear,plus_soap,911,400.0,0.05,q6,91,0.004152208356077963,0.28107120380936584
structure,linear,plus_soap,911,400.0,0.05,w4,91,0.2623596551582711,1.0039194051485754
structure,linear,plus_soap,911,400.0,0.05,w6,91,0.03872608264840479,0.09833909551856254
structure,linear,plus_soap,911,400.0,0.05,qbar6,91,0.01570540354181446,0.1637500602188683
structure,linear,plus_soap,911,400.0,0.05,q6_coherence,91,0.021727329433166315,0.08737102635964063
structure,linear,plus_soap,911,400.0,0.05,bond_order,91,0.06095595469142106,0.5399759500006852
structure,linear,plus_soap,911,400.0,0.05,angular_arrangement,91,0.11621433331393514,0.613096792440957
structure,linear,plus_soap,913,400.0,0.05,q4,158,0.009144320789260555,0.16580978263499452
structure,linear,plus_soap,913,400.0,0.05,q6,158,0.001653634699164319,0.11235314043889053
structure,linear,plus_soap,913,400.0,0.05,w4,158,0.05078272615471656,0.21209998368458238
structure,linear,plus_soap,913,400.0,0.05,w6,158,0.03480232214938328,0.07868418925212133
structure,linear,plus_soap,913,400.0,0.05,qbar6,158,0.00955982365433173,0.040421867971188956
structure,linear,plus_soap,913,400.0,0.05,q6_coherence,158,0.012411238355142042,0.024684560340675978
structure,linear,plus_soap,913,400.0,0.05,bond_order,158,0.019725677633666415,0.12485790045134083
structure,linear,plus_soap,913,400.0,0.05,angular_arrangement,158,0.06701016931358378,0.37381207866282845
structure,linear,plus_soap,938,450.0,0.05,q4,13,0.05635392948521072,1.2555246469716765
structure,linear,plus_soap,938,450.0,0.05,q6,13,0.010111916830963548,0.5500440943831092
structure,linear,plus_soap,938,450.0,0.05,w4,13,0.6545749439088179,1.547580763054549
structure,linear,plus_soap,938,450.0,0.05,w6,13,0.08804015158380046,0.2132062701016716
structure,linear,plus_soap,938,450.0,0.05,qbar6,13,0.03514725746420543,0.35945473949190987
structure,linear,plus_soap,938,450.0,0.05,q6_coherence,13,0.068222360509245,0.2256067345542457
structure,linear,plus_soap,938,450.0,0.05,bond_order,13,0.15207509329704053,0.8659734296468224
structure,linear,plus_soap,938,450.0,0.05,angular_arrangement,13,0.30539186622412867,1.0600659779537185
structure,linear,plus_soap,942,450.0,0.05,q4,206,0.007839767177015317,0.18808513950432873
structure,linear,plus_soap,942,450.0,0.05,q6,206,0.002396888399434511,0.11409508279772727
structure,linear,plus_soap,942,450.0,0.05,w4,206,0.08011653520841092,0.2723829738548929
structure,linear,plus_soap,942,450.0,0.05,w6,206,0.027059213113540197,0.09270735987560787
structure,linear,plus_soap,942,450.0,0.05,qbar6,206,0.011270970928738595,0.04026644987015386
structure,linear,plus_soap,942,450.0,0.05,q6_coherence,206,0.014051506810946452,0.0203954079111501
structure,linear,plus_soap,942,450.0,0.05,bond_order,206,0.023789146939680993,0.1490068266283638
structure,linear,plus_soap,942,450.0,0.05,angular_arrangement,206,0.0774487486688612,0.3904597233780116
structure,linear,plus_soap,970,500.0,0.05,q4,82,0.046662081374820134,0.4122969130415288
structure,linear,plus_soap,970,500.0,0.05,q6,82,0.003185310018747434,0.15570356584334472
structure,linear,plus_soap,970,500.0,0.05,w4,82,0.08155799786127012,0.3966564763436262
structure,linear,plus_soap,970,500.0,0.05,w6,82,0.029467831277036914,0.10562520457987064
structure,linear,plus_soap,970,500.0,0.05,qbar6,82,0.010761819115890673,0.07958244387716755
structure,linear,plus_soap,970,500.0,0.05,q6_coherence,82,0.015912732138133736,0.04325246021223588
structure,linear,plus_soap,970,500.0,0.05,bond_order,82,0.0312579619643165,0.24863947449927762
structure,linear,plus_soap,970,500.0,0.05,angular_arrangement,82,0.08877377213046489,0.4564394598621464
structure,linear,plus_soap,971,500.0,0.05,q4,16,0.023555975542468535,0.6995239887906375
structure,linear,plus_soap,971,500.0,0.05,q6,16,0.0019938167226611,0.19126547100619057
structure,linear,plus_soap,971,500.0,0.05,w4,16,0.1568727686583812,0.7208948353117678
structure,linear,plus_soap,971,500.0,0.05,w6,16,0.06744152843125725,0.1406353350802877
structure,linear,plus_soap,971,500.0,0.05,qbar6,16,0.015097866291619948,0.13026485036415222
structure,linear,plus_soap,971,500.0,0.05,q6_coherence,16,0.015053877888938628,0.08282895095921848
structure,linear,plus_soap,971,500.0,0.05,bond_order,16,0.04666930558922111,0.4260699314084698
structure,linear,plus_soap,971,500.0,0.05,angular_arrangement,16,0.10277937323270699,0.4772211851500516
structure,linear,plus_soap,1000,510.0,0.05,q4,2,0.010794266976530945,0.18959328285465324
structure,linear,plus_soap,1000,510.0,0.05,q6,2,0.0033026741599767834,0.18444600397720076
structure,linear,plus_soap,1000,510.0,0.05,w4,2,0.0446795479151168,0.18940047086597553
structure,linear,plus_soap,1000,510.0,0.05,w6,2,0.01541480513757787,0.1854566227772121
structure,linear,plus_soap,1000,510.0,0.05,qbar6,2,0.023776000002403517,0.05976879124222398
structure,linear,plus_soap,1000,510.0,0.05,q6_coherence,2,0.014016922900927684,0.02829881516315293
structure,linear,plus_soap,1000,510.0,0.05,bond_order,2,0.018664036182088933,0.15524484421344417
structure,linear,plus_soap,1000,510.0,0.05,angular_arrangement,2,0.046114355711509965,0.4681339093935752
structure,linear,plus_soap,1001,510.0,0.05,q4,27,0.009990610987277748,0.5806120321533584
structure,linear,plus_soap,1001,510.0,0.05,q6,27,0.0031565108418240375,0.15791416154800664
structure,linear,plus_soap,1001,510.0,0.05,w4,27,0.11742544879108208,0.632134740607913
structure,linear,plus_soap,1001,510.0,0.05,w6,27,0.08025409303530028,0.1417871957623332
structure,linear,plus_soap,1001,510.0,0.05,qbar6,27,0.013303905370167587,0.09907650604183864
structure,linear,plus_soap,1001,510.0,0.05,q6_coherence,27,0.017570587683445837,0.06835355034916336
structure,linear,plus_soap,1001,510.0,0.05,bond_order,27,0.04028352611818292,0.3642877789511647
structure,linear,plus_soap,1001,510.0,0.05,angular_arrangement,27,0.12962914909499823,0.5148658056162762
structure,linear,plus_soap,1009,520.0,0.05,q4,14,0.013683857804756975,0.2113813404481155
structure,linear,plus_soap,1009,520.0,0.05,q6,14,0.0056895136672868605,0.1575887899811701
structure,linear,plus_soap,1009,520.0,0.05,w4,14,0.0603918209880742,0.21643950211051974
structure,linear,plus_soap,1009,520.0,0.05,w6,14,0.05386745408761408,0.09891221474462229
structure,linear,plus_soap,1009,520.0,0.05,qbar6,14,0.010091811442183253,0.08945530424463699
structure,linear,plus_soap,1009,520.0,0.05,q6_coherence,14,0.005866998371131286,0.05055296745715174
structure,linear,plus_soap,1009,520.0,0.05,bond_order,14,0.024931909393507774,0.15094360762280937
structure,linear,plus_soap,1009,520.0,0.05,angular_arrangement,14,0.12629237097939633,0.45369065818224485
structure,linear,plus_soap,911,400.0,0.1,q4,13431,0.18608073935485664,1.0266270699159583
structure,linear,plus_soap,911,400.0,0.1,q6,13431,0.018035706029008683,0.4510847212905268
structure,linear,plus_soap,911,400.0,0.1,w4,13431,0.6172468812350826,1.1788873541785532
structure,linear,plus_soap,911,400.0,0.1,w6,13431,0.7937543184500073,0.9414256790661032
structure,linear,plus_soap,911,400.0,0.1,qbar6,13431,0.040779349414636026,0.2363553336651145
structure,linear,plus_soap,911,400.0,0.1,q6_coherence,13431,0.0874813123163813,0.2796867605913576
structure,linear,plus_soap,911,400.0,0.1,bond_order,13431,0.29056305113332875,0.7818340400744901
structure,linear,plus_soap,911,400.0,0.1,angular_arrangement,13431,0.26344711245188085,0.8252979712638587
structure,linear,plus_soap,913,400.0,0.1,q4,11219,0.17799301328329245,0.8448989307302719
structure,linear,plus_soap,913,400.0,0.1,q6,11219,0.019476579398063288,0.46883306725310797
structure,linear,plus_soap,913,400.0,0.1,w4,11219,0.4450436962948558,0.7145189952348846
structure,linear,plus_soap,913,400.0,0.1,w6,11219,0.9884034105471661,1.0293600635205897
structure,linear,plus_soap,913,400.0,0.1,qbar6,11219,0.04004566985010845,0.20303463450821171
structure,linear,plus_soap,913,400.0,0.1,q6_coherence,11219,0.09154347904023633,0.30413820210350695
structure,linear,plus_soap,913,400.0,0.1,bond_order,11219,0.29375097473562034,0.6630109717305254
structure,linear,plus_soap,913,400.0,0.1,angular_arrangement,11219,0.25748075396509396,0.7542531642816
structure,linear,plus_soap,938,450.0,0.1,q4,10713,0.16068840069479065,1.3471635105358934
structure,linear,plus_soap,938,450.0,0.1,q6,10713,0.01503474501403022,0.5533101707913456
structure,linear,plus_soap,938,450.0,0.1,w4,10713,0.9317000250536079,1.6320479698268333
structure,linear,plus_soap,938,450.0,0.1,w6,10713,0.46752903845038546,0.7083241471819619
structure,linear,plus_soap,938,450.0,0.1,qbar6,10713,0.05312370450882369,0.344674321476995
structure,linear,plus_soap,938,450.0,0.1,q6_coherence,10713,0.08965659013906328,0.30677619376100695
structure,linear,plus_soap,938,450.0,0.1,bond_order,10713,0.2862887506434502,0.9573589855658117
structure,linear,plus_soap,938,450.0,0.1,angular_arrangement,10713,0.3234861061273297,0.9872689185839557
structure,linear,plus_soap,942,450.0,0.1,q4,18952,0.06280097329053062,0.6211528106411476
structure,linear,plus_soap,942,450.0,0.1,q6,18952,0.008546698332447282,0.2989398844217068
structure,linear,plus_soap,942,450.0,0.1,w4,18952,0.2692935097573323,0.6820119560558205
structure,linear,plus_soap,942,450.0,0.1,w6,18952,0.248411838982721,0.4933391599659156
structure,linear,plus_soap,942,450.0,0.1,qbar6,18952,0.025100852676608675,0.15644052039069942
structure,linear,plus_soap,942,450.0,0.1,q6_coherence,18952,0.0426309259208175,0.16765122627601994
structure,linear,plus_soap,942,450.0,0.1,bond_order,18952,0.10946413316007622,0.45392735720531113
structure,linear,plus_soap,942,450.0,0.1,angular_arrangement,18952,0.15853155874968675,0.6903348653220536
structure,linear,plus_soap,970,500.0,0.1,q4,20747,0.05550285822302148,0.4714557417719975
structure,linear,plus_soap,970,500.0,0.1,q6,20747,0.006643802991957419,0.2592551341450374
structure,linear,plus_soap,970,500.0,0.1,w4,20747,0.20795782741757407,0.5211441605080807
structure,linear,plus_soap,970,500.0,0.1,w6,20747,0.19812858937644595,0.44411739938881173
structure,linear,plus_soap,970,500.0,0.1,qbar6,20747,0.022002884354052017,0.11966572327426174
structure,linear,plus_soap,970,500.0,0.1,q6_coherence,20747,0.03399961491527211,0.13732672809140983
structure,linear,plus_soap,970,500.0,0.1,bond_order,20747,0.08737259621305385,0.36320190828173043
structure,linear,plus_soap,970,500.0,0.1,angular_arrangement,20747,0.17011734220988256,0.6968514217406444
structure,linear,plus_soap,971,500.0,0.1,q4,10619,0.13898068531714713,0.9008294576495057
structure,linear,plus_soap,971,500.0,0.1,q6,10619,0.013700427289497696,0.4132977630305768
structure,linear,plus_soap,971,500.0,0.1,w4,10619,0.472114182058477,0.9274178498987655
structure,linear,plus_soap,971,500.0,0.1,w6,10619,0.5093727684157924,0.72640308493721
structure,linear,plus_soap,971,500.0,0.1,qbar6,10619,0.043795796907592006,0.2603825747723752
structure,linear,plus_soap,971,500.0,0.1,q6_coherence,10619,0.06826400918078745,0.2694443008106143
structure,linear,plus_soap,971,500.0,0.1,bond_order,10619,0.20770464486154894,0.646847918666196
structure,linear,plus_soap,971,500.0,0.1,angular_arrangement,10619,0.2746382801654027,0.8297429856149184
structure,linear,plus_soap,1000,510.0,0.1,q4,7473,0.2861071152250887,1.3694532009823093
structure,linear,plus_soap,1000,510.0,0.1,q6,7473,0.02552985000442173,0.5814350908456233
structure,linear,plus_soap,1000,510.0,0.1,w4,7473,0.8857786095272198,1.485107729828026
structure,linear,plus_soap,1000,510.0,0.1,w6,7473,1.2434155208582458,1.1487602659941378
structure,linear,plus_soap,1000,510.0,0.1,qbar6,7473,0.06416330266832572,0.2878109178255946
structure,linear,plus_soap,1000,510.0,0.1,q6_coherence,7473,0.1302712959016918,0.3405745462688651
structure,linear,plus_soap,1000,510.0,0.1,bond_order,7473,0.43921094903083224,0.9947772027322734
structure,linear,plus_soap,1000,510.0,0.1,angular_arrangement,7473,0.42105945671539086,1.0270293560948809
structure,linear,plus_soap,1001,510.0,0.1,q4,11038,0.14221289708428192,0.8978323454131423
structure,linear,plus_soap,1001,510.0,0.1,q6,11038,0.01294912739412438,0.4285204217098126
structure,linear,plus_soap,1001,510.0,0.1,w4,11038,0.5531643254629754,0.969194001961416
structure,linear,plus_soap,1001,510.0,0.1,w6,11038,0.48568419174759453,0.6915470759393563
structure,linear,plus_soap,1001,510.0,0.1,qbar6,11038,0.0402816100798103,0.29217495095791196
structure,linear,plus_soap,1001,510.0,0.1,q6_coherence,11038,0.075233180890621,0.311294475741892
structure,linear,plus_soap,1001,510.0,0.1,bond_order,11038,0.21825422210990128,0.6569598537411243
structure,linear,plus_soap,1001,510.0,0.1,angular_arrangement,11038,0.25757957429495415,0.8038537170449556
structure,linear,plus_soap,881,520.0,0.1,q4,7220,0.29229957659705685,1.456085097712625
structure,linear,plus_soap,881,520.0,0.1,q6,7220,0.02268578189847656,0.5538194099410891
structure,linear,plus_soap,881,520.0,0.1,w4,7220,1.0981057615480696,1.543980384081562
structure,linear,plus_soap,881,520.0,0.1,w6,7220,1.293731788842921,1.199140873534706
structure,linear,plus_soap,881,520.0,0.1,qbar6,7220,0.06637999446366645,0.29781480209504785
structure,linear,plus_soap,881,520.0,0.1,q6_coherence,7220,0.1498326185146089,0.3589105380939715
structure,linear,plus_soap,881,520.0,0.1,bond_order,7220,0.48717258697746646,1.0381252687995095
structure,linear,plus_soap,881,520.0,0.1,angular_arrangement,7220,0.4261507141821235,1.0028674037362708
structure,linear,plus_soap,1009,520.0,0.1,q4,13594,0.11216843830331064,1.1698018970890318
structure,linear,plus_soap,1009,520.0,0.1,q6,13594,0.012589599151526633,0.4344309270350266
structure,linear,plus_soap,1009,520.0,0.1,w4,13594,0.8481433625201482,1.4351748440500554
structure,linear,plus_soap,1009,520.0,0.1,w6,13594,0.33082724592846224,0.5394766852500842
structure,linear,plus_soap,1009,520.0,0.1,qbar6,13594,0.039439716137570746,0.26619902782914234
structure,linear,plus_soap,1009,520.0,0.1,q6_coherence,13594,0.07141635662881925,0.2222729122037974
structure,linear,plus_soap,1009,520.0,0.1,bond_order,13594,0.23576411977830625,0.819369249853901
structure,linear,plus_soap,1009,520.0,0.1,angular_arrangement,13594,0.3207067725769437,0.9070728693780314
structure,nonlinear,radial,911,400.0,0.05,q4,91,0.6430440950731368,0.7864290239137353
structure,nonlinear,radial,911,400.0,0.05,q6,91,0.0892114554055866,0.28107120380936584
structure,nonlinear,radial,911,400.0,0.05,w4,91,1.000347086595195,1.0039194051485754
structure,nonlinear,radial,911,400.0,0.05,w6,91,0.01203456782205711,0.09833909551856254
structure,nonlinear,radial,911,400.0,0.05,qbar6,91,0.04321382058859561,0.1637500602188683
structure,nonlinear,radial,911,400.0,0.05,q6_coherence,91,0.02545586968787929,0.08737102635964063
structure,nonlinear,radial,911,400.0,0.05,bond_order,91,0.302217815862075,0.5399759500006852
structure,nonlinear,radial,911,400.0,0.05,angular_arrangement,91,0.3425378622059494,0.613096792440957
structure,nonlinear,radial,913,400.0,0.05,q4,158,0.03505315090913105,0.16580978263499452
structure,nonlinear,radial,913,400.0,0.05,q6,158,0.01914828794319962,0.11235314043889053
structure,nonlinear,radial,913,400.0,0.05,w4,158,0.05077248292469241,0.21209998368458238
structure,nonlinear,radial,913,400.0,0.05,w6,158,0.011046506251364923,0.07868418925212133
structure,nonlinear,radial,913,400.0,0.05,qbar6,158,0.019692564422779897,0.040421867971188956
structure,nonlinear,radial,913,400.0,0.05,q6_coherence,158,0.01849478378801232,0.024684560340675978
structure,nonlinear,radial,913,400.0,0.05,bond_order,158,0.02570129603986337,0.12485790045134083
structure,nonlinear,radial,913,400.0,0.05,angular_arrangement,158,0.10641418036299052,0.37381207866282845
structure,nonlinear,radial,938,450.0,0.05,q4,13,1.5499412088937068,1.2555246469716765
structure,nonlinear,radial,938,450.0,0.05,q6,13,0.25725426136606866,0.5500440943831092
structure,nonlinear,radial,938,450.0,0.05,w4,13,2.294519009073482,1.547580763054549
structure,nonlinear,radial,938,450.0,0.05,w6,13,0.04864073162468067,0.2132062701016716
structure,nonlinear,radial,938,450.0,0.05,qbar6,13,0.09736848110143968,0.35945473949190987
structure,nonlinear,radial,938,450.0,0.05,q6_coherence,13,0.03380342028983872,0.2256067345542457
structure,nonlinear,radial,938,450.0,0.05,bond_order,13,0.7135878520582026,0.8659734296468224
structure,nonlinear,radial,938,450.0,0.05,angular_arrangement,13,1.0332561486820555,1.0600659779537185
structure,nonlinear,radial,942,450.0,0.05,q4,206,0.06457208212701865,0.18808513950432873
structure,nonlinear,radial,942,450.0,0.05,q6,206,0.023477531361756586,0.11409508279772727
structure,nonlinear,radial,942,450.0,0.05,w4,206,0.08240917874120737,0.2723829738548929
structure,nonlinear,radial,942,450.0,0.05,w6,206,0.010738566733855056,0.09270735987560787
structure,nonlinear,radial,942,450.0,0.05,qbar6,206,0.021943615562011246,0.04026644987015386
structure,nonlinear,radial,942,450.0,0.05,q6_coherence,206,0.015664263008478688,0.0203954079111501
structure,nonlinear,radial,942,450.0,0.05,bond_order,206,0.036467539589054604,0.1490068266283638
structure,nonlinear,radial,942,450.0,0.05,angular_arrangement,206,0.13026866792022224,0.3904597233780116
structure,nonlinear,radial,970,500.0,0.05,q4,82,0.1928660970889736,0.4122969130415288
structure,nonlinear,radial,970,500.0,0.05,q6,82,0.028918093920828836,0.15570356584334472
structure,nonlinear,radial,970,500.0,0.05,w4,82,0.1476466071655216,0.3966564763436262
structure,nonlinear,radial,970,500.0,0.05,w6,82,0.015085814300838845,0.10562520457987064
structure,nonlinear,radial,970,500.0,0.05,qbar6,82,0.017387597122198895,0.07958244387716755
structure,nonlinear,radial,970,500.0,0.05,q6_coherence,82,0.014158572387895762,0.04325246021223588
structure,nonlinear,radial,970,500.0,0.05,bond_order,82,0.0693437969977096,0.24863947449927762
structure,nonlinear,radial,970,500.0,0.05,angular_arrangement,82,0.18055088771358477,0.4564394598621464
structure,nonlinear,radial,971,500.0,0.05,q4,16,0.47481214986350095,0.6995239887906375
structure,nonlinear,radial,971,500.0,0.05,q6,16,0.05641145402659317,0.19126547100619057
structure,nonlinear,radial,971,500.0,0.05,w4,16,0.4332292203294378,0.7208948353117678
structure,nonlinear,radial,971,500.0,0.05,w6,16,0.03877895083228019,0.1406353350802877
structure,nonlinear,radial,971,500.0,0.05,qbar6,16,0.032935218747770424,0.13026485036415222
structure,nonlinear,radial,971,500.0,0.05,q6_coherence,16,0.027383001117859674,0.08282895095921848
structure,nonlinear,radial,971,500.0,0.05,bond_order,16,0.17725833248624034,0.4260699314084698
structure,nonlinear,radial,971,500.0,0.05,angular_arrangement,16,0.2102117871223707,0.4772211851500516
structure,nonlinear,radial,1000,510.0,0.05,q4,2,0.04950285458674577,0.18959328285465324
structure,nonlinear,radial,1000,510.0,0.05,q6,2,0.018707207893167273,0.18444600397720076
structure,nonlinear,radial,1000,510.0,0.05,w4,2,0.013715607214269081,0.18940047086597553
structure,nonlinear,radial,1000,510.0,0.05,w6,2,0.05986800424611756,0.1854566227772121
structure,nonlinear,radial,1000,510.0,0.05,qbar6,2,0.02150829036342724,0.05976879124222398
structure,nonlinear,radial,1000,510.0,0.05,q6_coherence,2,0.00343200603459982,0.02829881516315293
structure,nonlinear,radial,1000,510.0,0.05,bond_order,2,0.027788995056387794,0.15524484421344417
structure,nonlinear,radial,1000,510.0,0.05,angular_arrangement,2,0.18840294016459458,0.4681339093935752
structure,nonlinear,radial,1001,510.0,0.05,q4,27,0.2862327337944268,0.5806120321533584
structure,nonlinear,radial,1001,510.0,0.05,q6,27,0.02688086659670441,0.15791416154800664
structure,nonlinear,radial,1001,510.0,0.05,w4,27,0.36719063234742505,0.632134740607913
structure,nonlinear,radial,1001,510.0,0.05,w6,27,0.017277612712692684,0.1417871957623332
structure,nonlinear,radial,1001,510.0,0.05,qbar6,27,0.030633129103461457,0.09907650604183864
structure,nonlinear,radial,1001,510.0,0.05,q6_coherence,27,0.024288243496729714,0.06835355034916336
structure,nonlinear,radial,1001,510.0,0.05,bond_order,27,0.1254172030085734,0.3642877789511647
structure,nonlinear,radial,1001,510.0,0.05,angular_arrangement,27,0.2698543190551631,0.5148658056162762
structure,nonlinear,radial,1009,520.0,0.05,q4,14,0.07525863054633981,0.2113813404481155
structure,nonlinear,radial,1009,520.0,0.05,q6,14,0.03395618715564654,0.1575887899811701
structure,nonlinear,radial,1009,520.0,0.05,w4,14,0.0544040085682962,0.21643950211051974
structure,nonlinear,radial,1009,520.0,0.05,w6,14,0.009176147895875984,0.09891221474462229
structure,nonlinear,radial,1009,520.0,0.05,qbar6,14,0.015300186975619051,0.08945530424463699
structure,nonlinear,radial,1009,520.0,0.05,q6_coherence,14,0.00980959555279703,0.05055296745715174
structure,nonlinear,radial,1009,520.0,0.05,bond_order,14,0.03298412611576244,0.15094360762280937
structure,nonlinear,radial,1009,520.0,0.05,angular_arrangement,14,0.17413826090011225,0.45369065818224485
structure,nonlinear,radial,911,400.0,0.1,q4,13431,1.066037496053176,1.0266270699159583
structure,nonlinear,radial,911,400.0,0.1,q6,13431,0.20594899530653843,0.4510847212905268
structure,nonlinear,radial,911,400.0,0.1,w4,13431,1.3957796922521901,1.1788873541785532
structure,nonlinear,radial,911,400.0,0.1,w6,13431,0.8791495794271169,0.9414256790661032
structure,nonlinear,radial,911,400.0,0.1,qbar6,13431,0.08185065694409131,0.2363553336651145
structure,nonlinear,radial,911,400.0,0.1,q6_coherence,13431,0.10834260782839354,0.2796867605913576
structure,nonlinear,radial,911,400.0,0.1,bond_order,13431,0.6228515046352511,0.7818340400744901
structure,nonlinear,radial,911,400.0,0.1,angular_arrangement,13431,0.5373512204714317,0.8252979712638587
structure,nonlinear,radial,913,400.0,0.1,q4,11219,0.7127685042189188,0.8448989307302719
structure,nonlinear,radial,913,400.0,0.1,q6,11219,0.22185042691801068,0.46883306725310797
structure,nonlinear,radial,913,400.0,0.1,w4,11219,0.5338790792170891,0.7145189952348846
structure,nonlinear,radial,913,400.0,0.1,w6,11219,1.056557786551592,1.0293600635205897
structure,nonlinear,radial,913,400.0,0.1,qbar6,11219,0.06417642791143162,0.20303463450821171
structure,nonlinear,radial,913,400.0,0.1,q6_coherence,11219,0.11397102042784685,0.30413820210350695
structure,nonlinear,radial,913,400.0,0.1,bond_order,11219,0.45053387420748153,0.6630109717305254
structure,nonlinear,radial,913,400.0,0.1,angular_arrangement,11219,0.4232101037840562,0.7542531642816
structure,nonlinear,radial,938,450.0,0.1,q4,10713,1.9070701891668091,1.3471635105358934
structure,nonlinear,radial,938,450.0,0.1,q6,10713,0.30971991875716787,0.5533101707913456
structure,nonlinear,radial,938,450.0,0.1,w4,10713,2.640660936604563,1.6320479698268333
structure,nonlinear,radial,938,450.0,0.1,w6,10713,0.5091215585478757,0.7083241471819619
structure,nonlinear,radial,938,450.0,0.1,qbar6,10713,0.15755679122888255,0.344674321476995
structure,nonlinear,radial,938,450.0,0.1,q6_coherence,10713,0.1263663914644247,0.30677619376100695
structure,nonlinear,radial,938,450.0,0.1,bond_order,10713,0.9417492976282871,0.9573589855658117
structure,nonlinear,radial,938,450.0,0.1,angular_arrangement,10713,0.8076464099502443,0.9872689185839557
structure,nonlinear,radial,942,450.0,0.1,q4,18952,0.4095980505340737,0.6211528106411476
structure,nonlinear,radial,942,450.0,0.1,q6,18952,0.09011102130605386,0.2989398844217068
structure,nonlinear,radial,942,450.0,0.1,w4,18952,0.46698738285962044,0.6820119560558205
structure,nonlinear,radial,942,450.0,0.1,w6,18952,0.24755834540485624,0.4933391599659156
structure,nonlinear,radial,942,450.0,0.1,qbar6,18952,0.04446363726004703,0.15644052039069942
structure,nonlinear,radial,942,450.0,0.1,q6_coherence,18952,0.047764542981914064,0.16765122627601994
structure,nonlinear,radial,942,450.0,0.1,bond_order,18952,0.2177471633910942,0.45392735720531113
structure,nonlinear,radial,942,450.0,0.1,angular_arrangement,18952,0.3034833023381854,0.6903348653220536
structure,nonlinear,radial,970,500.0,0.1,q4,20747,0.27799472874517933,0.4714557417719975
structure,nonlinear,radial,970,500.0,0.1,q6,20747,0.06654778469877486,0.2592551341450374
structure,nonlinear,radial,970,500.0,0.1,w4,20747,0.29912866837913477,0.5211441605080807
structure,nonlinear,radial,970,500.0,0.1,w6,20747,0.20256426671052682,0.44411739938881173
structure,nonlinear,radial,970,500.0,0.1,qbar6,20747,0.029717576237836944,0.11966572327426174
structure,nonlinear,radial,970,500.0,0.1,q6_coherence,20747,0.0347172928161546,0.13732672809140983
structure,nonlinear,radial,970,500.0,0.1,bond_order,20747,0.1517783862646012,0.36320190828173043
structure,nonlinear,radial,970,500.0,0.1,angular_arrangement,20747,0.3076460015296227,0.6968514217406444
structure,nonlinear,radial,971,500.0,0.1,q4,10619,0.8171967947924441,0.9008294576495057
structure,nonlinear,radial,971,500.0,0.1,q6,10619,0.17293893423732418,0.4132977630305768
structure,nonlinear,radial,971,500.0,0.1,w4,10619,0.8628724214529513,0.9274178498987655
structure,nonlinear,radial,971,500.0,0.1,w6,10619,0.5373497628735915,0.72640308493721
structure,nonlinear,radial,971,500.0,0.1,qbar6,10619,0.08183673039648355,0.2603825747723752
structure,nonlinear,radial,971,500.0,0.1,q6_coherence,10619,0.09066662565519643,0.2694443008106143
structure,nonlinear,radial,971,500.0,0.1,bond_order,10619,0.4271435449013319,0.646847918666196
structure,nonlinear,radial,971,500.0,0.1,angular_arrangement,10619,0.5141826303066647,0.8297429856149184
structure,nonlinear,radial,1000,510.0,0.1,q4,7473,1.8893932319531064,1.3694532009823093
structure,nonlinear,radial,1000,510.0,0.1,q6,7473,0.3370565167422347,0.5814350908456233
structure,nonlinear,radial,1000,510.0,0.1,w4,7473,2.224035837219148,1.485107729828026
structure,nonlinear,radial,1000,510.0,0.1,w6,7473,1.341953876620575,1.1487602659941378
structure,nonlinear,radial,1000,510.0,0.1,qbar6,7473,0.1242018034349593,0.2878109178255946
structure,nonlinear,radial,1000,510.0,0.1,q6_coherence,7473,0.15651483556500062,0.3405745462688651
structure,nonlinear,radial,1000,510.0,0.1,bond_order,7473,1.0121926835891708,0.9947772027322734
structure,nonlinear,radial,1000,510.0,0.1,angular_arrangement,7473,0.9132921400025152,1.0270293560948809
structure,nonlinear,radial,1001,510.0,0.1,q4,11038,0.8181397056982633,0.8978323454131423
structure,nonlinear,radial,1001,510.0,0.1,q6,11038,0.17230761575209969,0.4285204217098126
structure,nonlinear,radial,1001,510.0,0.1,w4,11038,0.9704521106407298,0.969194001961416
structure,nonlinear,radial,1001,510.0,0.1,w6,11038,0.4858356465628917,0.6915470759393563
structure,nonlinear,radial,1001,510.0,0.1,qbar6,11038,0.08852202448817535,0.29217495095791196
structure,nonlinear,radial,1001,510.0,0.1,q6_coherence,11038,0.1069420090771905,0.311294475741892
structure,nonlinear,radial,1001,510.0,0.1,bond_order,11038,0.440366518703225,0.6569598537411243
structure,nonlinear,radial,1001,510.0,0.1,angular_arrangement,11038,0.46627299747671175,0.8038537170449556
structure,nonlinear,radial,881,520.0,0.1,q4,7220,2.130327124695352,1.456085097712625
structure,nonlinear,radial,881,520.0,0.1,q6,7220,0.307846565155869,0.5538194099410891
structure,nonlinear,radial,881,520.0,0.1,w4,7220,2.409373609433209,1.543980384081562
structure,nonlinear,radial,881,520.0,0.1,w6,7220,1.432155062847205,1.199140873534706
structure,nonlinear,radial,881,520.0,0.1,qbar6,7220,0.11279132344406811,0.29781480209504785
structure,nonlinear,radial,881,520.0,0.1,q6_coherence,7220,0.1633749821887217,0.3589105380939715
structure,nonlinear,radial,881,520.0,0.1,bond_order,7220,1.0926447779607371,1.0381252687995095
structure,nonlinear,radial,881,520.0,0.1,angular_arrangement,7220,0.8967820229636444,1.0028674037362708
structure,nonlinear,radial,1009,520.0,0.1,q4,13594,1.3798432148651747,1.1698018970890318
structure,nonlinear,radial,1009,520.0,0.1,q6,13594,0.200450210605321,0.4344309270350266
structure,nonlinear,radial,1009,520.0,0.1,w4,13594,2.032835633519129,1.4351748440500554
structure,nonlinear,radial,1009,520.0,0.1,w6,13594,0.2951531825143512,0.5394766852500842
structure,nonlinear,radial,1009,520.0,0.1,qbar6,13594,0.09512069628011849,0.26619902782914234
structure,nonlinear,radial,1009,520.0,0.1,q6_coherence,13594,0.08026304684984921,0.2222729122037974
structure,nonlinear,radial,1009,520.0,0.1,bond_order,13594,0.6806109974389906,0.819369249853901
structure,nonlinear,radial,1009,520.0,0.1,angular_arrangement,13594,0.6766035904830653,0.9070728693780314
structure,nonlinear,radial_control,911,400.0,0.05,q4,91,0.6611468793906582,0.7864290239137353
structure,nonlinear,radial_control,911,400.0,0.05,q6,91,0.09574567122653699,0.28107120380936584
structure,nonlinear,radial_control,911,400.0,0.05,w4,91,1.0296102663958464,1.0039194051485754
structure,nonlinear,radial_control,911,400.0,0.05,w6,91,0.012355731240953155,0.09833909551856254
structure,nonlinear,radial_control,911,400.0,0.05,qbar6,91,0.04212236730669887,0.1637500602188683
structure,nonlinear,radial_control,911,400.0,0.05,q6_coherence,91,0.021837550225515374,0.08737102635964063
structure,nonlinear,radial_control,911,400.0,0.05,bond_order,91,0.31046974429770147,0.5399759500006852
structure,nonlinear,radial_control,911,400.0,0.05,angular_arrangement,91,0.35078062789925996,0.613096792440957
structure,nonlinear,radial_control,913,400.0,0.05,q4,158,0.05671927804611932,0.16580978263499452
structure,nonlinear,radial_control,913,400.0,0.05,q6,158,0.021626879292819434,0.11235314043889053
structure,nonlinear,radial_control,913,400.0,0.05,w4,158,0.06310578383193825,0.21209998368458238
structure,nonlinear,radial_control,913,400.0,0.05,w6,158,0.01054901427413562,0.07868418925212133
structure,nonlinear,radial_control,913,400.0,0.05,qbar6,158,0.01537655247597014,0.040421867971188956
structure,nonlinear,radial_control,913,400.0,0.05,q6_coherence,158,0.01501945244348342,0.024684560340675978
structure,nonlinear,radial_control,913,400.0,0.05,bond_order,158,0.030399493394077697,0.12485790045134083
structure,nonlinear,radial_control,913,400.0,0.05,angular_arrangement,158,0.10749561356929392,0.37381207866282845
structure,nonlinear,radial_control,938,450.0,0.05,q4,13,1.5352901324081119,1.2555246469716765
structure,nonlinear,radial_control,938,450.0,0.05,q6,13,0.28296732857690565,0.5500440943831092
structure,nonlinear,radial_control,938,450.0,0.05,w4,13,2.261543223614811,1.547580763054549
structure,nonlinear,radial_control,938,450.0,0.05,w6,13,0.05017646644411618,0.2132062701016716
structure,nonlinear,radial_control,938,450.0,0.05,qbar6,13,0.12048058396539794,0.35945473949190987
structure,nonlinear,radial_control,938,450.0,0.05,q6_coherence,13,0.05983311641337205,0.2256067345542457
structure,nonlinear,radial_control,938,450.0,0.05,bond_order,13,0.7183818085704524,0.8659734296468224
structure,nonlinear,radial_control,938,450.0,0.05,angular_arrangement,13,1.0545867840541283,1.0600659779537185
structure,nonlinear,radial_control,942,450.0,0.05,q4,206,0.062263978726571835,0.18808513950432873
structure,nonlinear,radial_control,942,450.0,0.05,q6,206,0.0244625381706047,0.11409508279772727
structure,nonlinear,radial_control,942,450.0,0.05,w4,206,0.0876220924117473,0.2723829738548929
structure,nonlinear,radial_control,942,450.0,0.05,w6,206,0.010783580680114166,0.09270735987560787
structure,nonlinear,radial_control,942,450.0,0.05,qbar6,206,0.017097159554266314,0.04026644987015386
structure,nonlinear,radial_control,942,450.0,0.05,q6_coherence,206,0.016207063049036977,0.0203954079111501
structure,nonlinear,radial_control,942,450.0,0.05,bond_order,206,0.03640606876539021,0.1490068266283638
structure,nonlinear,radial_control,942,450.0,0.05,angular_arrangement,206,0.12457761168608128,0.3904597233780116
structure,nonlinear,radial_control,970,500.0,0.05,q4,82,0.162696379734513,0.4122969130415288
structure,nonlinear,radial_control,970,500.0,0.05,q6,82,0.030720119463176224,0.15570356584334472
structure,nonlinear,radial_control,970,500.0,0.05,w4,82,0.14274531669084448,0.3966564763436262
structure,nonlinear,radial_control,970,500.0,0.05,w6,82,0.014535889935721403,0.10562520457987064
structure,nonlinear,radial_control,970,500.0,0.05,qbar6,82,0.015687132822983917,0.07958244387716755
structure,nonlinear,radial_control,970,500.0,0.05,q6_coherence,82,0.011833871939102583,0.04325246021223588
structure,nonlinear,radial_control,970,500.0,0.05,bond_order,82,0.06303645176439027,0.24863947449927762
structure,nonlinear,radial_control,970,500.0,0.05,angular_arrangement,82,0.1764513597426208,0.4564394598621464
structure,nonlinear,radial_control,971,500.0,0.05,q4,16,0.5221600804154658,0.6995239887906375
structure,nonlinear,radial_control,971,500.0,0.05,q6,16,0.03667368206655541,0.19126547100619057
structure,nonlinear,radial_control,971,500.0,0.05,w4,16,0.4676089827678212,0.7208948353117678
structure,nonlinear,radial_control,971,500.0,0.05,w6,16,0.03859769437124672,0.1406353350802877
structure,nonlinear,radial_control,971,500.0,0.05,qbar6,16,0.028788904767686772,0.13026485036415222
structure,nonlinear,radial_control,971,500.0,0.05,q6_coherence,16,0.02107985928018296,0.08282895095921848
structure,nonlinear,radial_control,971,500.0,0.05,bond_order,16,0.18581820061149315,0.4260699314084698
structure,nonlinear,radial_control,971,500.0,0.05,angular_arrangement,16,0.21268331179685296,0.4772211851500516
structure,nonlinear,radial_control,1000,510.0,0.05,q4,2,0.012028150771925662,0.18959328285465324
structure,nonlinear,radial_control,1000,510.0,0.05,q6,2,0.0064140015729548154,0.18444600397720076
structure,nonlinear,radial_control,1000,510.0,0.05,w4,2,0.03617138524097093,0.18940047086597553
structure,nonlinear,radial_control,1000,510.0,0.05,w6,2,0.041770159642722696,0.1854566227772121
structure,nonlinear,radial_control,1000,510.0,0.05,qbar6,2,0.06289365003038588,0.05976879124222398
structure,nonlinear,radial_control,1000,510.0,0.05,q6_coherence,2,0.04287926469426122,0.02829881516315293
structure,nonlinear,radial_control,1000,510.0,0.05,bond_order,2,0.0336927686588702,0.15524484421344417
structure,nonlinear,radial_control,1000,510.0,0.05,angular_arrangement,2,0.1533855927760513,0.4681339093935752
structure,nonlinear,radial_control,1001,510.0,0.05,q4,27,0.36441580753762753,0.5806120321533584
structure,nonlinear,radial_control,1001,510.0,0.05,q6,27,0.03916955597390705,0.15791416154800664
structure,nonlinear,radial_control,1001,510.0,0.05,w4,27,0.4151117359740997,0.632134740607913
structure,nonlinear,radial_control,1001,510.0,0.05,w6,27,0.01970731531800411,0.1417871957623332
structure,nonlinear,radial_control,1001,510.0,0.05,qbar6,27,0.026793420993588748,0.09907650604183864
structure,nonlinear,radial_control,1001,510.0,0.05,q6_coherence,27,0.025701364670504656,0.06835355034916336
structure,nonlinear,radial_control,1001,510.0,0.05,bond_order,27,0.14848320007795532,0.3642877789511647
structure,nonlinear,radial_control,1001,510.0,0.05,angular_arrangement,27,0.2726254496952746,0.5148658056162762
structure,nonlinear,radial_control,1009,520.0,0.05,q4,14,0.05548863891130656,0.2113813404481155
structure,nonlinear,radial_control,1009,520.0,0.05,q6,14,0.026880233924873948,0.1575887899811701
structure,nonlinear,radial_control,1009,520.0,0.05,w4,14,0.05883679288311051,0.21643950211051974
structure,nonlinear,radial_control,1009,520.0,0.05,w6,14,0.012200036659792765,0.09891221474462229
structure,nonlinear,radial_control,1009,520.0,0.05,qbar6,14,0.01739667045349115,0.08945530424463699
structure,nonlinear,radial_control,1009,520.0,0.05,q6_coherence,14,0.014557962335799089,0.05055296745715174
structure,nonlinear,radial_control,1009,520.0,0.05,bond_order,14,0.030893389194729,0.15094360762280937
structure,nonlinear,radial_control,1009,520.0,0.05,angular_arrangement,14,0.17436441930070742,0.45369065818224485
structure,nonlinear,radial_control,911,400.0,0.1,q4,13431,1.0547098172368792,1.0266270699159583
structure,nonlinear,radial_control,911,400.0,0.1,q6,13431,0.2076902959355656,0.4510847212905268
structure,nonlinear,radial_control,911,400.0,0.1,w4,13431,1.3956821443853658,1.1788873541785532
structure,nonlinear,radial_control,911,400.0,0.1,w6,13431,0.8780507129834618,0.9414256790661032
structure,nonlinear,radial_control,911,400.0,0.1,qbar6,13431,0.07737774112851128,0.2363553336651145
structure,nonlinear,radial_control,911,400.0,0.1,q6_coherence,13431,0.10249929218522183,0.2796867605913576
structure,nonlinear,radial_control,911,400.0,0.1,bond_order,13431,0.6193350006425008,0.7818340400744901
structure,nonlinear,radial_control,911,400.0,0.1,angular_arrangement,13431,0.5331662348849215,0.8252979712638587
structure,nonlinear,radial_control,913,400.0,0.1,q4,11219,0.7400184099168451,0.8448989307302719
structure,nonlinear,radial_control,913,400.0,0.1,q6,11219,0.22588447235518022,0.46883306725310797
structure,nonlinear,radial_control,913,400.0,0.1,w4,11219,0.535179502403601,0.7145189952348846
structure,nonlinear,radial_control,913,400.0,0.1,w6,11219,1.0659248905803012,1.0293600635205897
structure,nonlinear,radial_control,913,400.0,0.1,qbar6,11219,0.06406594281580953,0.20303463450821171
structure,nonlinear,radial_control,913,400.0,0.1,q6_coherence,11219,0.11753772239044231,0.30413820210350695
structure,nonlinear,radial_control,913,400.0,0.1,bond_order,11219,0.4581018234103632,0.6630109717305254
structure,nonlinear,radial_control,913,400.0,0.1,angular_arrangement,11219,0.4260543397157095,0.7542531642816
structure,nonlinear,radial_control,938,450.0,0.1,q4,10713,1.9247873209903923,1.3471635105358934
structure,nonlinear,radial_control,938,450.0,0.1,q6,10713,0.31112769568938653,0.5533101707913456
structure,nonlinear,radial_control,938,450.0,0.1,w4,10713,2.6445437767401963,1.6320479698268333
structure,nonlinear,radial_control,938,450.0,0.1,w6,10713,0.5091636337826958,0.7083241471819619
structure,nonlinear,radial_control,938,450.0,0.1,qbar6,10713,0.1550293996578034,0.344674321476995
structure,nonlinear,radial_control,938,450.0,0.1,q6_coherence,10713,0.1373876751611225,0.30677619376100695
structure,nonlinear,radial_control,938,450.0,0.1,bond_order,10713,0.9470065836702661,0.9573589855658117
structure,nonlinear,radial_control,938,450.0,0.1,angular_arrangement,10713,0.7996739169755969,0.9872689185839557
structure,nonlinear,radial_control,942,450.0,0.1,q4,18952,0.41098015073504585,0.6211528106411476
structure,nonlinear,radial_control,942,450.0,0.1,q6,18952,0.09121382123520891,0.2989398844217068
structure,nonlinear,radial_control,942,450.0,0.1,w4,18952,0.4911268057012593,0.6820119560558205
structure,nonlinear,radial_control,942,450.0,0.1,w6,18952,0.24871486333937462,0.4933391599659156
structure,nonlinear,radial_control,942,450.0,0.1,qbar6,18952,0.043547431058275264,0.15644052039069942
structure,nonlinear,radial_control,942,450.0,0.1,q6_coherence,18952,0.05143343943669374,0.16765122627601994
structure,nonlinear,radial_control,942,450.0,0.1,bond_order,18952,0.22283608525097626,0.45392735720531113
structure,nonlinear,radial_control,942,450.0,0.1,angular_arrangement,18952,0.3001646714929702,0.6903348653220536
structure,nonlinear,radial_control,970,500.0,0.1,q4,20747,0.27546582253211604,0.4714557417719975
structure,nonlinear,radial_control,970,500.0,0.1,q6,20747,0.06643888217353947,0.2592551341450374
structure,nonlinear,radial_control,970,500.0,0.1,w4,20747,0.2998949072560144,0.5211441605080807
structure,nonlinear,radial_control,970,500.0,0.1,w6,20747,0.20234367706615694,0.44411739938881173
structure,nonlinear,radial_control,970,500.0,0.1,qbar6,20747,0.03436688050856898,0.11966572327426174
structure,nonlinear,radial_control,970,500.0,0.1,q6_coherence,20747,0.04027943729503144,0.13732672809140983
structure,nonlinear,radial_control,970,500.0,0.1,bond_order,20747,0.15313160113857122,0.36320190828173043
structure,nonlinear,radial_control,970,500.0,0.1,angular_arrangement,20747,0.3102193385397473,0.6968514217406444
structure,nonlinear,radial_control,971,500.0,0.1,q4,10619,0.8284325615516699,0.9008294576495057
structure,nonlinear,radial_control,971,500.0,0.1,q6,10619,0.17394181788892357,0.4132977630305768
structure,nonlinear,radial_control,971,500.0,0.1,w4,10619,0.8684690028292807,0.9274178498987655
structure,nonlinear,radial_control,971,500.0,0.1,w6,10619,0.5336930697385638,0.72640308493721
structure,nonlinear,radial_control,971,500.0,0.1,qbar6,10619,0.09137171529223416,0.2603825747723752
structure,nonlinear,radial_control,971,500.0,0.1,q6_coherence,10619,0.09562860062207172,0.2694443008106143
structure,nonlinear,radial_control,971,500.0,0.1,bond_order,10619,0.43192279465379063,0.646847918666196
structure,nonlinear,radial_control,971,500.0,0.1,angular_arrangement,10619,0.5133032169027433,0.8297429856149184
structure,nonlinear,radial_control,1000,510.0,0.1,q4,7473,1.8888758715087717,1.3694532009823093
structure,nonlinear,radial_control,1000,510.0,0.1,q6,7473,0.3425568312067007,0.5814350908456233
structure,nonlinear,radial_control,1000,510.0,0.1,w4,7473,2.240801925732291,1.485107729828026
structure,nonlinear,radial_control,1000,510.0,0.1,w6,7473,1.3347174218532845,1.1487602659941378
structure,nonlinear,radial_control,1000,510.0,0.1,qbar6,7473,0.11591973283422853,0.2878109178255946
structure,nonlinear,radial_control,1000,510.0,0.1,q6_coherence,7473,0.1533356978709807,0.3405745462688651
structure,nonlinear,radial_control,1000,510.0,0.1,bond_order,7473,1.0127012468343763,0.9947772027322734
structure,nonlinear,radial_control,1000,510.0,0.1,angular_arrangement,7473,0.9192483098349629,1.0270293560948809
structure,nonlinear,radial_control,1001,510.0,0.1,q4,11038,0.8128747509785583,0.8978323454131423
structure,nonlinear,radial_control,1001,510.0,0.1,q6,11038,0.17359653371309636,0.4285204217098126
structure,nonlinear,radial_control,1001,510.0,0.1,w4,11038,0.9737603661288473,0.969194001961416
structure,nonlinear,radial_control,1001,510.0,0.1,w6,11038,0.4821429611983989,0.6915470759393563
structure,nonlinear,radial_control,1001,510.0,0.1,qbar6,11038,0.08414181275590656,0.29217495095791196
structure,nonlinear,radial_control,1001,510.0,0.1,q6_coherence,11038,0.10478491300900457,0.311294475741892
structure,nonlinear,radial_control,1001,510.0,0.1,bond_order,11038,0.4385502229639687,0.6569598537411243
structure,nonlinear,radial_control,1001,510.0,0.1,angular_arrangement,11038,0.4647205190930255,0.8038537170449556
structure,nonlinear,radial_control,881,520.0,0.1,q4,7220,2.1382439742951767,1.456085097712625
structure,nonlinear,radial_control,881,520.0,0.1,q6,7220,0.31415695625613904,0.5538194099410891
structure,nonlinear,radial_control,881,520.0,0.1,w4,7220,2.411004556962525,1.543980384081562
structure,nonlinear,radial_control,881,520.0,0.1,w6,7220,1.4288756664379105,1.199140873534706
structure,nonlinear,radial_control,881,520.0,0.1,qbar6,7220,0.11508865924214969,0.29781480209504785
structure,nonlinear,radial_control,881,520.0,0.1,q6_coherence,7220,0.1662432927958753,0.3589105380939715
structure,nonlinear,radial_control,881,520.0,0.1,bond_order,7220,1.0956021843316293,1.0381252687995095
structure,nonlinear,radial_control,881,520.0,0.1,angular_arrangement,7220,0.8946295000721348,1.0028674037362708
structure,nonlinear,radial_control,1009,520.0,0.1,q4,13594,1.379515450178817,1.1698018970890318
structure,nonlinear,radial_control,1009,520.0,0.1,q6,13594,0.19644913098981232,0.4344309270350266
structure,nonlinear,radial_control,1009,520.0,0.1,w4,13594,2.026752696538586,1.4351748440500554
structure,nonlinear,radial_control,1009,520.0,0.1,w6,13594,0.30003419124222247,0.5394766852500842
structure,nonlinear,radial_control,1009,520.0,0.1,qbar6,13594,0.09028657260589494,0.26619902782914234
structure,nonlinear,radial_control,1009,520.0,0.1,q6_coherence,13594,0.08032821141092411,0.2222729122037974
structure,nonlinear,radial_control,1009,520.0,0.1,bond_order,13594,0.678894375494376,0.819369249853901
structure,nonlinear,radial_control,1009,520.0,0.1,angular_arrangement,13594,0.672951888381935,0.9070728693780314
structure,nonlinear,plus_gatr,911,400.0,0.05,q4,91,0.6430803610301006,0.7864290239137353
structure,nonlinear,plus_gatr,911,400.0,0.05,q6,91,0.09277431553316819,0.28107120380936584
structure,nonlinear,plus_gatr,911,400.0,0.05,w4,91,1.0166486518780944,1.0039194051485754
structure,nonlinear,plus_gatr,911,400.0,0.05,w6,91,0.010817443931688332,0.09833909551856254
structure,nonlinear,plus_gatr,911,400.0,0.05,qbar6,91,0.04238671005546087,0.1637500602188683
structure,nonlinear,plus_gatr,911,400.0,0.05,q6_coherence,91,0.02057041407037172,0.08737102635964063
structure,nonlinear,plus_gatr,911,400.0,0.05,bond_order,91,0.30437964941648066,0.5399759500006852
structure,nonlinear,plus_gatr,911,400.0,0.05,angular_arrangement,91,0.34578071955658435,0.613096792440957
structure,nonlinear,plus_gatr,913,400.0,0.05,q4,158,0.04332264785507379,0.16580978263499452
structure,nonlinear,plus_gatr,913,400.0,0.05,q6,158,0.01938696186443243,0.11235314043889053
structure,nonlinear,plus_gatr,913,400.0,0.05,w4,158,0.06033641285632927,0.21209998368458238
structure,nonlinear,plus_gatr,913,400.0,0.05,w6,158,0.015033117092636428,0.07868418925212133
structure,nonlinear,plus_gatr,913,400.0,0.05,qbar6,158,0.013493582271192073,0.040421867971188956
structure,nonlinear,plus_gatr,913,400.0,0.05,q6_coherence,158,0.015043083699755168,0.024684560340675978
structure,nonlinear,plus_gatr,913,400.0,0.05,bond_order,158,0.027769300939903194,0.12485790045134083
structure,nonlinear,plus_gatr,913,400.0,0.05,angular_arrangement,158,0.10282402899011431,0.37381207866282845
structure,nonlinear,plus_gatr,938,450.0,0.05,q4,13,1.6042812529133283,1.2555246469716765
structure,nonlinear,plus_gatr,938,450.0,0.05,q6,13,0.2848004183511748,0.5500440943831092
structure,nonlinear,plus_gatr,938,450.0,0.05,w4,13,2.3031968052136067,1.547580763054549
structure,nonlinear,plus_gatr,938,450.0,0.05,w6,13,0.04579569768084987,0.2132062701016716
structure,nonlinear,plus_gatr,938,450.0,0.05,qbar6,13,0.10155378787896094,0.35945473949190987
structure,nonlinear,plus_gatr,938,450.0,0.05,q6_coherence,13,0.04449460131435408,0.2256067345542457
structure,nonlinear,plus_gatr,938,450.0,0.05,bond_order,13,0.7306870938920458,0.8659734296468224
structure,nonlinear,plus_gatr,938,450.0,0.05,angular_arrangement,13,1.0497895678845397,1.0600659779537185
structure,nonlinear,plus_gatr,942,450.0,0.05,q4,206,0.05252263481550025,0.18808513950432873
structure,nonlinear,plus_gatr,942,450.0,0.05,q6,206,0.016520572704185207,0.11409508279772727
structure,nonlinear,plus_gatr,942,450.0,0.05,w4,206,0.08722721113293143,0.2723829738548929
structure,nonlinear,plus_gatr,942,450.0,0.05,w6,206,0.010839188248194926,0.09270735987560787
structure,nonlinear,plus_gatr,942,450.0,0.05,qbar6,206,0.018727557880077017,0.04026644987015386
structure,nonlinear,plus_gatr,942,450.0,0.05,q6_coherence,206,0.019588924548285303,0.0203954079111501
structure,nonlinear,plus_gatr,942,450.0,0.05,bond_order,206,0.034237681554862356,0.1490068266283638
structure,nonlinear,plus_gatr,942,450.0,0.05,angular_arrangement,206,0.12485790956757926,0.3904597233780116
structure,nonlinear,plus_gatr,970,500.0,0.05,q4,82,0.16959634532157064,0.4122969130415288
structure,nonlinear,plus_gatr,970,500.0,0.05,q6,82,0.025601511082723603,0.15570356584334472
structure,nonlinear,plus_gatr,970,500.0,0.05,w4,82,0.14051606139454215,0.3966564763436262
structure,nonlinear,plus_gatr,970,500.0,0.05,w6,82,0.011728386278607207,0.10562520457987064
structure,nonlinear,plus_gatr,970,500.0,0.05,qbar6,82,0.016118531605059765,0.07958244387716755
structure,nonlinear,plus_gatr,970,500.0,0.05,q6_coherence,82,0.013551903620366805,0.04325246021223588
structure,nonlinear,plus_gatr,970,500.0,0.05,bond_order,82,0.06285212321714503,0.24863947449927762
structure,nonlinear,plus_gatr,970,500.0,0.05,angular_arrangement,82,0.170702145646108,0.4564394598621464
structure,nonlinear,plus_gatr,971,500.0,0.05,q4,16,0.448349441267353,0.6995239887906375
structure,nonlinear,plus_gatr,971,500.0,0.05,q6,16,0.053836617129894584,0.19126547100619057
structure,nonlinear,plus_gatr,971,500.0,0.05,w4,16,0.46508394522248897,0.7208948353117678
structure,nonlinear,plus_gatr,971,500.0,0.05,w6,16,0.02989678327705344,0.1406353350802877
structure,nonlinear,plus_gatr,971,500.0,0.05,qbar6,16,0.031020209210277063,0.13026485036415222
structure,nonlinear,plus_gatr,971,500.0,0.05,q6_coherence,16,0.021509037514949036,0.08282895095921848
structure,nonlinear,plus_gatr,971,500.0,0.05,bond_order,16,0.17494933893700268,0.4260699314084698
structure,nonlinear,plus_gatr,971,500.0,0.05,angular_arrangement,16,0.19802962673151486,0.4772211851500516
structure,nonlinear,plus_gatr,1000,510.0,0.05,q4,2,0.015336555881009092,0.18959328285465324
structure,nonlinear,plus_gatr,1000,510.0,0.05,q6,2,0.009765968667012409,0.18444600397720076
structure,nonlinear,plus_gatr,1000,510.0,0.05,w4,2,0.02710855832281067,0.18940047086597553
structure,nonlinear,plus_gatr,1000,510.0,0.05,w6,2,0.0355240397166966,0.1854566227772121
structure,nonlinear,plus_gatr,1000,510.0,0.05,qbar6,2,0.029751947385000595,0.05976879124222398
structure,nonlinear,plus_gatr,1000,510.0,0.05,q6_coherence,2,0.01698851587306424,0.02829881516315293
structure,nonlinear,plus_gatr,1000,510.0,0.05,bond_order,2,0.02241259764093227,0.15524484421344417
structure,nonlinear,plus_gatr,1000,510.0,0.05,angular_arrangement,2,0.16679357879822226,0.4681339093935752
structure,nonlinear,plus_gatr,1001,510.0,0.05,q4,27,0.2969957134535923,0.5806120321533584
structure,nonlinear,plus_gatr,1001,510.0,0.05,q6,27,0.023432044350702248,0.15791416154800664
structure,nonlinear,plus_gatr,1001,510.0,0.05,w4,27,0.4201712038313898,0.632134740607913
structure,nonlinear,plus_gatr,1001,510.0,0.05,w6,27,0.01996351200089926,0.1417871957623332
structure,nonlinear,plus_gatr,1001,510.0,0.05,qbar6,27,0.020300876767443504,0.09907650604183864
structure,nonlinear,plus_gatr,1001,510.0,0.05,q6_coherence,27,0.01869068783801955,0.06835355034916336
structure,nonlinear,plus_gatr,1001,510.0,0.05,bond_order,27,0.1332590063736744,0.3642877789511647
structure,nonlinear,plus_gatr,1001,510.0,0.05,angular_arrangement,27,0.26411151828722684,0.5148658056162762
structure,nonlinear,plus_gatr,1009,520.0,0.05,q4,14,0.06504943603640907,0.2113813404481155
structure,nonlinear,plus_gatr,1009,520.0,0.05,q6,14,0.02459833332197697,0.1575887899811701
structure,nonlinear,plus_gatr,1009,520.0,0.05,w4,14,0.06106635709537326,0.21643950211051974
structure,nonlinear,plus_gatr,1009,520.0,0.05,w6,14,0.007934523366091066,0.09891221474462229
structure,nonlinear,plus_gatr,1009,520.0,0.05,qbar6,14,0.014286806103896071,0.08945530424463699
structure,nonlinear,plus_gatr,1009,520.0,0.05,q6_coherence,14,0.0119287058308246,0.05055296745715174
structure,nonlinear,plus_gatr,1009,520.0,0.05,bond_order,14,0.03081069362576184,0.15094360762280937
structure,nonlinear,plus_gatr,1009,520.0,0.05,angular_arrangement,14,0.18957276721660368,0.45369065818224485
structure,nonlinear,plus_gatr,911,400.0,0.1,q4,13431,1.0743053315437776,1.0266270699159583
structure,nonlinear,plus_gatr,911,400.0,0.1,q6,13431,0.20732626067941784,0.4510847212905268
structure,nonlinear,plus_gatr,911,400.0,0.1,w4,13431,1.4043173427544442,1.1788873541785532
structure,nonlinear,plus_gatr,911,400.0,0.1,w6,13431,0.8787011068403876,0.9414256790661032
structure,nonlinear,plus_gatr,911,400.0,0.1,qbar6,13431,0.07538126965326324,0.2363553336651145
structure,nonlinear,plus_gatr,911,400.0,0.1,q6_coherence,13431,0.10055106448651384,0.2796867605913576
structure,nonlinear,plus_gatr,911,400.0,0.1,bond_order,13431,0.6234303959929672,0.7818340400744901
structure,nonlinear,plus_gatr,911,400.0,0.1,angular_arrangement,13431,0.5312860060132659,0.8252979712638587
structure,nonlinear,plus_gatr,913,400.0,0.1,q4,11219,0.7420183589712794,0.8448989307302719
structure,nonlinear,plus_gatr,913,400.0,0.1,q6,11219,0.22944822663652892,0.46883306725310797
structure,nonlinear,plus_gatr,913,400.0,0.1,w4,11219,0.5495726553602663,0.7145189952348846
structure,nonlinear,plus_gatr,913,400.0,0.1,w6,11219,1.0747847255013043,1.0293600635205897
structure,nonlinear,plus_gatr,913,400.0,0.1,qbar6,11219,0.06365086337887504,0.20303463450821171
structure,nonlinear,plus_gatr,913,400.0,0.1,q6_coherence,11219,0.11849459685234658,0.30413820210350695
structure,nonlinear,plus_gatr,913,400.0,0.1,bond_order,11219,0.46299490445010016,0.6630109717305254
structure,nonlinear,plus_gatr,913,400.0,0.1,angular_arrangement,11219,0.42830848135518934,0.7542531642816
structure,nonlinear,plus_gatr,938,450.0,0.1,q4,10713,1.89495979157657,1.3471635105358934
structure,nonlinear,plus_gatr,938,450.0,0.1,q6,10713,0.30386162786103377,0.5533101707913456
structure,nonlinear,plus_gatr,938,450.0,0.1,w4,10713,2.6370786814646228,1.6320479698268333
structure,nonlinear,plus_gatr,938,450.0,0.1,w6,10713,0.5066954780406345,0.7083241471819619
structure,nonlinear,plus_gatr,938,450.0,0.1,qbar6,10713,0.14278238778765318,0.344674321476995
structure,nonlinear,plus_gatr,938,450.0,0.1,q6_coherence,10713,0.12479616089958127,0.30677619376100695
structure,nonlinear,plus_gatr,938,450.0,0.1,bond_order,10713,0.9350290212716826,0.9573589855658117
structure,nonlinear,plus_gatr,938,450.0,0.1,angular_arrangement,10713,0.7948938885714057,0.9872689185839557
structure,nonlinear,plus_gatr,942,450.0,0.1,q4,18952,0.4009121275524284,0.6211528106411476
structure,nonlinear,plus_gatr,942,450.0,0.1,q6,18952,0.08633862867267857,0.2989398844217068
structure,nonlinear,plus_gatr,942,450.0,0.1,w4,18952,0.4809695916085928,0.6820119560558205
structure,nonlinear,plus_gatr,942,450.0,0.1,w6,18952,0.24703729169643784,0.4933391599659156
structure,nonlinear,plus_gatr,942,450.0,0.1,qbar6,18952,0.03680631060177065,0.15644052039069942
structure,nonlinear,plus_gatr,942,450.0,0.1,q6_coherence,18952,0.04502251070759588,0.16765122627601994
structure,nonlinear,plus_gatr,942,450.0,0.1,bond_order,18952,0.21618107680658405,0.45392735720531113
structure,nonlinear,plus_gatr,942,450.0,0.1,angular_arrangement,18952,0.2999492240112931,0.6903348653220536
structure,nonlinear,plus_gatr,970,500.0,0.1,q4,20747,0.26126327262412213,0.4714557417719975
structure,nonlinear,plus_gatr,970,500.0,0.1,q6,20747,0.06651202254281839,0.2592551341450374
structure,nonlinear,plus_gatr,970,500.0,0.1,w4,20747,0.2948673829028456,0.5211441605080807
structure,nonlinear,plus_gatr,970,500.0,0.1,w6,20747,0.20103613750608518,0.44411739938881173
structure,nonlinear,plus_gatr,970,500.0,0.1,qbar6,20747,0.03428726361076069,0.11966572327426174
structure,nonlinear,plus_gatr,970,500.0,0.1,q6_coherence,20747,0.03940288332323081,0.13732672809140983
structure,nonlinear,plus_gatr,970,500.0,0.1,bond_order,20747,0.1495614937516438,0.36320190828173043
structure,nonlinear,plus_gatr,970,500.0,0.1,angular_arrangement,20747,0.30974630904278927,0.6968514217406444
structure,nonlinear,plus_gatr,971,500.0,0.1,q4,10619,0.852112673442427,0.9008294576495057
structure,nonlinear,plus_gatr,971,500.0,0.1,q6,10619,0.17368365949137327,0.4132977630305768
structure,nonlinear,plus_gatr,971,500.0,0.1,w4,10619,0.8853759507702156,0.9274178498987655
structure,nonlinear,plus_gatr,971,500.0,0.1,w6,10619,0.5361713045102703,0.72640308493721
structure,nonlinear,plus_gatr,971,500.0,0.1,qbar6,10619,0.09056694439821672,0.2603825747723752
structure,nonlinear,plus_gatr,971,500.0,0.1,q6_coherence,10619,0.09621627103208281,0.2694443008106143
structure,nonlinear,plus_gatr,971,500.0,0.1,bond_order,10619,0.43902113394076436,0.646847918666196
structure,nonlinear,plus_gatr,971,500.0,0.1,angular_arrangement,10619,0.512227431247511,0.8297429856149184
structure,nonlinear,plus_gatr,1000,510.0,0.1,q4,7473,1.8931446617832712,1.3694532009823093
structure,nonlinear,plus_gatr,1000,510.0,0.1,q6,7473,0.33991038856737127,0.5814350908456233
structure,nonlinear,plus_gatr,1000,510.0,0.1,w4,7473,2.232754482338253,1.485107729828026
structure,nonlinear,plus_gatr,1000,510.0,0.1,w6,7473,1.3357780062203826,1.1487602659941378
structure,nonlinear,plus_gatr,1000,510.0,0.1,qbar6,7473,0.11147518428221939,0.2878109178255946
structure,nonlinear,plus_gatr,1000,510.0,0.1,q6_coherence,7473,0.15004963939228746,0.3405745462688651
structure,nonlinear,plus_gatr,1000,510.0,0.1,bond_order,7473,1.0105187270972975,0.9947772027322734
structure,nonlinear,plus_gatr,1000,510.0,0.1,angular_arrangement,7473,0.9197849294305347,1.0270293560948809
structure,nonlinear,plus_gatr,1001,510.0,0.1,q4,11038,0.8203401989712183,0.8978323454131423
structure,nonlinear,plus_gatr,1001,510.0,0.1,q6,11038,0.17386888271753562,0.4285204217098126
structure,nonlinear,plus_gatr,1001,510.0,0.1,w4,11038,0.979298655872479,0.969194001961416
structure,nonlinear,plus_gatr,1001,510.0,0.1,w6,11038,0.4830582563326901,0.6915470759393563
structure,nonlinear,plus_gatr,1001,510.0,0.1,qbar6,11038,0.08643565961780908,0.29217495095791196
structure,nonlinear,plus_gatr,1001,510.0,0.1,q6_coherence,11038,0.10498672792142184,0.311294475741892
structure,nonlinear,plus_gatr,1001,510.0,0.1,bond_order,11038,0.4413313969055257,0.6569598537411243
structure,nonlinear,plus_gatr,1001,510.0,0.1,angular_arrangement,11038,0.4664342279884028,0.8038537170449556
structure,nonlinear,plus_gatr,881,520.0,0.1,q4,7220,2.159543239710628,1.456085097712625
structure,nonlinear,plus_gatr,881,520.0,0.1,q6,7220,0.3173764645150958,0.5538194099410891
structure,nonlinear,plus_gatr,881,520.0,0.1,w4,7220,2.419530215430113,1.543980384081562
structure,nonlinear,plus_gatr,881,520.0,0.1,w6,7220,1.43293888506971,1.199140873534706
structure,nonlinear,plus_gatr,881,520.0,0.1,qbar6,7220,0.11163768313467604,0.29781480209504785
structure,nonlinear,plus_gatr,881,520.0,0.1,q6_coherence,7220,0.15784498604083094,0.3589105380939715
structure,nonlinear,plus_gatr,881,520.0,0.1,bond_order,7220,1.0998119123168424,1.0381252687995095
structure,nonlinear,plus_gatr,881,520.0,0.1,angular_arrangement,7220,0.9037818947005246,1.0028674037362708
structure,nonlinear,plus_gatr,1009,520.0,0.1,q4,13594,1.3800456407343107,1.1698018970890318
structure,nonlinear,plus_gatr,1009,520.0,0.1,q6,13594,0.19603724032829947,0.4344309270350266
structure,nonlinear,plus_gatr,1009,520.0,0.1,w4,13594,2.020450114384656,1.4351748440500554
structure,nonlinear,plus_gatr,1009,520.0,0.1,w6,13594,0.2999627801282244,0.5394766852500842
structure,nonlinear,plus_gatr,1009,520.0,0.1,qbar6,13594,0.08945631769786011,0.26619902782914234
structure,nonlinear,plus_gatr,1009,520.0,0.1,q6_coherence,13594,0.07598408449374686,0.2222729122037974
structure,nonlinear,plus_gatr,1009,520.0,0.1,bond_order,13594,0.676989362961183,0.819369249853901
structure,nonlinear,plus_gatr,1009,520.0,0.1,angular_arrangement,13594,0.6749734266547046,0.9070728693780314
structure,nonlinear,delta_gatr,911,400.0,0.05,q4,91,0.6936926616993232,0.7864290239137353
structure,nonlinear,delta_gatr,911,400.0,0.05,q6,91,0.08975311810664623,0.28107120380936584
structure,nonlinear,delta_gatr,911,400.0,0.05,w4,91,1.0168674040927517,1.0039194051485754
structure,nonlinear,delta_gatr,911,400.0,0.05,w6,91,0.01147621508153631,0.09833909551856254
structure,nonlinear,delta_gatr,911,400.0,0.05,qbar6,91,0.04586407594239932,0.1637500602188683
structure,nonlinear,delta_gatr,911,400.0,0.05,q6_coherence,91,0.022382641776657195,0.08737102635964063
structure,nonlinear,delta_gatr,911,400.0,0.05,bond_order,91,0.31333935278321895,0.5399759500006852
structure,nonlinear,delta_gatr,911,400.0,0.05,angular_arrangement,91,0.36509442910879425,0.613096792440957
structure,nonlinear,delta_gatr,913,400.0,0.05,q4,158,0.05261927371141035,0.16580978263499452
structure,nonlinear,delta_gatr,913,400.0,0.05,q6,158,0.012850957477794757,0.11235314043889053
structure,nonlinear,delta_gatr,913,400.0,0.05,w4,158,0.060138525010680004,0.21209998368458238
structure,nonlinear,delta_gatr,913,400.0,0.05,w6,158,0.00965445851765318,0.07868418925212133
structure,nonlinear,delta_gatr,913,400.0,0.05,qbar6,158,0.014909919785809196,0.040421867971188956
structure,nonlinear,delta_gatr,913,400.0,0.05,q6_coherence,158,0.01455265001683447,0.024684560340675978
structure,nonlinear,delta_gatr,913,400.0,0.05,bond_order,158,0.02745429742003033,0.12485790045134083
structure,nonlinear,delta_gatr,913,400.0,0.05,angular_arrangement,158,0.11137590190322826,0.37381207866282845
structure,nonlinear,delta_gatr,938,450.0,0.05,q4,13,1.5450760775787804,1.2555246469716765
structure,nonlinear,delta_gatr,938,450.0,0.05,q6,13,0.25981159450668334,0.5500440943831092
structure,nonlinear,delta_gatr,938,450.0,0.05,w4,13,2.283759704313036,1.547580763054549
structure,nonlinear,delta_gatr,938,450.0,0.05,w6,13,0.051966145645685705,0.2132062701016716
structure,nonlinear,delta_gatr,938,450.0,0.05,qbar6,13,0.0934295588212083,0.35945473949190987
structure,nonlinear,delta_gatr,938,450.0,0.05,q6_coherence,13,0.039911392962921136,0.2256067345542457
structure,nonlinear,delta_gatr,938,450.0,0.05,bond_order,13,0.7123257456380525,0.8659734296468224
structure,nonlinear,delta_gatr,938,450.0,0.05,angular_arrangement,13,1.0544316969508627,1.0600659779537185
structure,nonlinear,delta_gatr,942,450.0,0.05,q4,206,0.05764576445735961,0.18808513950432873
structure,nonlinear,delta_gatr,942,450.0,0.05,q6,206,0.021135663608528598,0.11409508279772727
structure,nonlinear,delta_gatr,942,450.0,0.05,w4,206,0.08172897048762122,0.2723829738548929
structure,nonlinear,delta_gatr,942,450.0,0.05,w6,206,0.01020217845778851,0.09270735987560787
structure,nonlinear,delta_gatr,942,450.0,0.05,qbar6,206,0.016877132068499414,0.04026644987015386
structure,nonlinear,delta_gatr,942,450.0,0.05,q6_coherence,206,0.018812031306189195,0.0203954079111501
structure,nonlinear,delta_gatr,942,450.0,0.05,bond_order,206,0.03440029006433109,0.1490068266283638
structure,nonlinear,delta_gatr,942,450.0,0.05,angular_arrangement,206,0.12498611588312819,0.3904597233780116
structure,nonlinear,delta_gatr,970,500.0,0.05,q4,82,0.1812282264187819,0.4122969130415288
structure,nonlinear,delta_gatr,970,500.0,0.05,q6,82,0.025308861552090493,0.15570356584334472
structure,nonlinear,delta_gatr,970,500.0,0.05,w4,82,0.14065074481167422,0.3966564763436262
structure,nonlinear,delta_gatr,970,500.0,0.05,w6,82,0.01159529777114771,0.10562520457987064
structure,nonlinear,delta_gatr,970,500.0,0.05,qbar6,82,0.014663632262495771,0.07958244387716755
structure,nonlinear,delta_gatr,970,500.0,0.05,q6_coherence,82,0.012661772549256189,0.04325246021223588
structure,nonlinear,delta_gatr,970,500.0,0.05,bond_order,82,0.06435142256090771,0.24863947449927762
structure,nonlinear,delta_gatr,970,500.0,0.05,angular_arrangement,82,0.18754483318045223,0.4564394598621464
structure,nonlinear,delta_gatr,971,500.0,0.05,q4,16,0.45073884346844856,0.6995239887906375
structure,nonlinear,delta_gatr,971,500.0,0.05,q6,16,0.04521688220985587,0.19126547100619057
structure,nonlinear,delta_gatr,971,500.0,0.05,w4,16,0.456402031251444,0.7208948353117678
structure,nonlinear,delta_gatr,971,500.0,0.05,w6,16,0.032242052858288114,0.1406353350802877
structure,nonlinear,delta_gatr,971,500.0,0.05,qbar6,16,0.040294680841029135,0.13026485036415222
structure,nonlinear,delta_gatr,971,500.0,0.05,q6_coherence,16,0.01723370667487268,0.08282895095921848
structure,nonlinear,delta_gatr,971,500.0,0.05,bond_order,16,0.1736880328839897,0.4260699314084698
structure,nonlinear,delta_gatr,971,500.0,0.05,angular_arrangement,16,0.21897558203832232,0.4772211851500516
structure,nonlinear,delta_gatr,1000,510.0,0.05,q4,2,0.01732876556582898,0.18959328285465324
structure,nonlinear,delta_gatr,1000,510.0,0.05,q6,2,0.04376000478011098,0.18444600397720076
structure,nonlinear,delta_gatr,1000,510.0,0.05,w4,2,0.0241705399828304,0.18940047086597553
structure,nonlinear,delta_gatr,1000,510.0,0.05,w6,2,0.03743508737446807,0.1854566227772121
structure,nonlinear,delta_gatr,1000,510.0,0.05,qbar6,2,0.023228542726236076,0.05976879124222398
structure,nonlinear,delta_gatr,1000,510.0,0.05,q6_coherence,2,0.011213428328811269,0.02829881516315293
structure,nonlinear,delta_gatr,1000,510.0,0.05,bond_order,2,0.026189394793047632,0.15524484421344417
structure,nonlinear,delta_gatr,1000,510.0,0.05,angular_arrangement,2,0.19394703100919242,0.4681339093935752
structure,nonlinear,delta_gatr,1001,510.0,0.05,q4,27,0.31407308587356825,0.5806120321533584
structure,nonlinear,delta_gatr,1001,510.0,0.05,q6,27,0.03138765651873746,0.15791416154800664
structure,nonlinear,delta_gatr,1001,510.0,0.05,w4,27,0.4129390772865082,0.632134740607913
structure,nonlinear,delta_gatr,1001,510.0,0.05,w6,27,0.020765993065856508,0.1417871957623332
structure,nonlinear,delta_gatr,1001,510.0,0.05,qbar6,27,0.015673095114478036,0.09907650604183864
structure,nonlinear,delta_gatr,1001,510.0,0.05,q6_coherence,27,0.014104967643141399,0.06835355034916336
structure,nonlinear,delta_gatr,1001,510.0,0.05,bond_order,27,0.13482397925038167,0.3642877789511647
structure,nonlinear,delta_gatr,1001,510.0,0.05,angular_arrangement,27,0.27771296400912227,0.5148658056162762
structure,nonlinear,delta_gatr,1009,520.0,0.05,q4,14,0.07525721340198667,0.2113813404481155
structure,nonlinear,delta_gatr,1009,520.0,0.05,q6,14,0.02569781974611629,0.1575887899811701
structure,nonlinear,delta_gatr,1009,520.0,0.05,w4,14,0.07617127107660204,0.21643950211051974
structure,nonlinear,delta_gatr,1009,520.0,0.05,w6,14,0.008790602769515644,0.09891221474462229
structure,nonlinear,delta_gatr,1009,520.0,0.05,qbar6,14,0.013101936275176881,0.08945530424463699
structure,nonlinear,delta_gatr,1009,520.0,0.05,q6_coherence,14,0.011404755529699034,0.05055296745715174
structure,nonlinear,delta_gatr,1009,520.0,0.05,bond_order,14,0.03507059979984943,0.15094360762280937
structure,nonlinear,delta_gatr,1009,520.0,0.05,angular_arrangement,14,0.17901901643001625,0.45369065818224485
structure,nonlinear,delta_gatr,911,400.0,0.1,q4,13431,1.0723167297008642,1.0266270699159583
structure,nonlinear,delta_gatr,911,400.0,0.1,q6,13431,0.21153907642734818,0.4510847212905268
structure,nonlinear,delta_gatr,911,400.0,0.1,w4,13431,1.3933837863417613,1.1788873541785532
structure,nonlinear,delta_gatr,911,400.0,0.1,w6,13431,0.8798013474700289,0.9414256790661032
structure,nonlinear,delta_gatr,911,400.0,0.1,qbar6,13431,0.0760822496251637,0.2363553336651145
structure,nonlinear,delta_gatr,911,400.0,0.1,q6_coherence,13431,0.1025104204254339,0.2796867605913576
structure,nonlinear,delta_gatr,911,400.0,0.1,bond_order,13431,0.6226056016650999,0.7818340400744901
structure,nonlinear,delta_gatr,911,400.0,0.1,angular_arrangement,13431,0.5336151878931358,0.8252979712638587
structure,nonlinear,delta_gatr,913,400.0,0.1,q4,11219,0.7341061841569728,0.8448989307302719
structure,nonlinear,delta_gatr,913,400.0,0.1,q6,11219,0.2204744033240062,0.46883306725310797
structure,nonlinear,delta_gatr,913,400.0,0.1,w4,11219,0.5356631238824947,0.7145189952348846
structure,nonlinear,delta_gatr,913,400.0,0.1,w6,11219,1.0645931089908727,1.0293600635205897
structure,nonlinear,delta_gatr,913,400.0,0.1,qbar6,11219,0.06370728954304608,0.20303463450821171
structure,nonlinear,delta_gatr,913,400.0,0.1,q6_coherence,11219,0.11743460983323686,0.30413820210350695
structure,nonlinear,delta_gatr,913,400.0,0.1,bond_order,11219,0.45599645328843824,0.6630109717305254
structure,nonlinear,delta_gatr,913,400.0,0.1,angular_arrangement,11219,0.4232316890530391,0.7542531642816
structure,nonlinear,delta_gatr,938,450.0,0.1,q4,10713,1.9276239951337792,1.3471635105358934
structure,nonlinear,delta_gatr,938,450.0,0.1,q6,10713,0.31277805002983955,0.5533101707913456
structure,nonlinear,delta_gatr,938,450.0,0.1,w4,10713,2.6449540247717405,1.6320479698268333
structure,nonlinear,delta_gatr,938,450.0,0.1,w6,10713,0.5075299001434889,0.7083241471819619
structure,nonlinear,delta_gatr,938,450.0,0.1,qbar6,10713,0.1425705155607204,0.344674321476995
structure,nonlinear,delta_gatr,938,450.0,0.1,q6_coherence,10713,0.12558077595881167,0.30677619376100695
structure,nonlinear,delta_gatr,938,450.0,0.1,bond_order,10713,0.9435062102663966,0.9573589855658117
structure,nonlinear,delta_gatr,938,450.0,0.1,angular_arrangement,10713,0.7882385841493736,0.9872689185839557
structure,nonlinear,delta_gatr,942,450.0,0.1,q4,18952,0.3998172686863937,0.6211528106411476
structure,nonlinear,delta_gatr,942,450.0,0.1,q6,18952,0.08729188171714876,0.2989398844217068
structure,nonlinear,delta_gatr,942,450.0,0.1,w4,18952,0.4658315745923085,0.6820119560558205
structure,nonlinear,delta_gatr,942,450.0,0.1,w6,18952,0.24566463843199104,0.4933391599659156
structure,nonlinear,delta_gatr,942,450.0,0.1,qbar6,18952,0.03598075970297974,0.15644052039069942
structure,nonlinear,delta_gatr,942,450.0,0.1,q6_coherence,18952,0.04592003595223317,0.16765122627601994
structure,nonlinear,delta_gatr,942,450.0,0.1,bond_order,18952,0.2134176931805092,0.45392735720531113
structure,nonlinear,delta_gatr,942,450.0,0.1,angular_arrangement,18952,0.2979866424075556,0.6903348653220536
structure,nonlinear,delta_gatr,970,500.0,0.1,q4,20747,0.27838536158198246,0.4714557417719975
structure,nonlinear,delta_gatr,970,500.0,0.1,q6,20747,0.0641175558585326,0.2592551341450374
structure,nonlinear,delta_gatr,970,500.0,0.1,w4,20747,0.2954182133502167,0.5211441605080807
structure,nonlinear,delta_gatr,970,500.0,0.1,w6,20747,0.20246590498099837,0.44411739938881173
structure,nonlinear,delta_gatr,970,500.0,0.1,qbar6,20747,0.03557891058009681,0.11966572327426174
structure,nonlinear,delta_gatr,970,500.0,0.1,q6_coherence,20747,0.041733387790215626,0.13732672809140983
structure,nonlinear,delta_gatr,970,500.0,0.1,bond_order,20747,0.15294988902367374,0.36320190828173043
structure,nonlinear,delta_gatr,970,500.0,0.1,angular_arrangement,20747,0.31061118943625826,0.6968514217406444
structure,nonlinear,delta_gatr,971,500.0,0.1,q4,10619,0.8388579518125241,0.9008294576495057
structure,nonlinear,delta_gatr,971,500.0,0.1,q6,10619,0.17843427694757855,0.4132977630305768
structure,nonlinear,delta_gatr,971,500.0,0.1,w4,10619,0.8671104654256093,0.9274178498987655
structure,nonlinear,delta_gatr,971,500.0,0.1,w6,10619,0.5334240220202427,0.72640308493721
structure,nonlinear,delta_gatr,971,500.0,0.1,qbar6,10619,0.0932333128775281,0.2603825747723752
structure,nonlinear,delta_gatr,971,500.0,0.1,q6_coherence,10619,0.09685493832885454,0.2694443008106143
structure,nonlinear,delta_gatr,971,500.0,0.1,bond_order,10619,0.434652494568723,0.646847918666196
structure,nonlinear,delta_gatr,971,500.0,0.1,angular_arrangement,10619,0.5056984948548889,0.8297429856149184
structure,nonlinear,delta_gatr,1000,510.0,0.1,q4,7473,1.8909610502501395,1.3694532009823093
structure,nonlinear,delta_gatr,1000,510.0,0.1,q6,7473,0.3358275007299406,0.5814350908456233
structure,nonlinear,delta_gatr,1000,510.0,0.1,w4,7473,2.225608683011727,1.485107729828026
structure,nonlinear,delta_gatr,1000,510.0,0.1,w6,7473,1.3379864087242144,1.1487602659941378
structure,nonlinear,delta_gatr,1000,510.0,0.1,qbar6,7473,0.1066880124665401,0.2878109178255946
structure,nonlinear,delta_gatr,1000,510.0,0.1,q6_coherence,7473,0.14292573885173174,0.3405745462688651
structure,nonlinear,delta_gatr,1000,510.0,0.1,bond_order,7473,1.0066662323390487,0.9947772027322734
structure,nonlinear,delta_gatr,1000,510.0,0.1,angular_arrangement,7473,0.9045515447034763,1.0270293560948809
structure,nonlinear,delta_gatr,1001,510.0,0.1,q4,11038,0.8185459106467455,0.8978323454131423
structure,nonlinear,delta_gatr,1001,510.0,0.1,q6,11038,0.1759146486506221,0.4285204217098126
structure,nonlinear,delta_gatr,1001,510.0,0.1,w4,11038,0.97773733219219,0.969194001961416
structure,nonlinear,delta_gatr,1001,510.0,0.1,w6,11038,0.4816128445263454,0.6915470759393563
structure,nonlinear,delta_gatr,1001,510.0,0.1,qbar6,11038,0.08184062141215351,0.29217495095791196
structure,nonlinear,delta_gatr,1001,510.0,0.1,q6_coherence,11038,0.10208557631737172,0.311294475741892
structure,nonlinear,delta_gatr,1001,510.0,0.1,bond_order,11038,0.43962282229090477,0.6569598537411243
structure,nonlinear,delta_gatr,1001,510.0,0.1,angular_arrangement,11038,0.46466835866404843,0.8038537170449556
structure,nonlinear,delta_gatr,881,520.0,0.1,q4,7220,2.1633083908520483,1.456085097712625
structure,nonlinear,delta_gatr,881,520.0,0.1,q6,7220,0.314755120955197,0.5538194099410891
structure,nonlinear,delta_gatr,881,520.0,0.1,w4,7220,2.4181118464941935,1.543980384081562
structure,nonlinear,delta_gatr,881,520.0,0.1,w6,7220,1.4279502788001535,1.199140873534706
structure,nonlinear,delta_gatr,881,520.0,0.1,qbar6,7220,0.1093704252059888,0.29781480209504785
structure,nonlinear,delta_gatr,881,520.0,0.1,q6_coherence,7220,0.160849361193767,0.3589105380939715
structure,nonlinear,delta_gatr,881,520.0,0.1,bond_order,7220,1.0990575705835581,1.0381252687995095
structure,nonlinear,delta_gatr,881,520.0,0.1,angular_arrangement,7220,0.8863486798886367,1.0028674037362708
structure,nonlinear,delta_gatr,1009,520.0,0.1,q4,13594,1.3771990294509486,1.1698018970890318
structure,nonlinear,delta_gatr,1009,520.0,0.1,q6,13594,0.1950248227010802,0.4344309270350266
structure,nonlinear,delta_gatr,1009,520.0,0.1,w4,13594,2.008781150150742,1.4351748440500554
structure,nonlinear,delta_gatr,1009,520.0,0.1,w6,13594,0.30055877183883123,0.5394766852500842
structure,nonlinear,delta_gatr,1009,520.0,0.1,qbar6,13594,0.08439466843746718,0.26619902782914234
structure,nonlinear,delta_gatr,1009,520.0,0.1,q6_coherence,13594,0.07260397151241411,0.2222729122037974
structure,nonlinear,delta_gatr,1009,520.0,0.1,bond_order,13594,0.6730937356819139,0.819369249853901
structure,nonlinear,delta_gatr,1009,520.0,0.1,angular_arrangement,13594,0.670958531376773,0.9070728693780314
structure,nonlinear,duplicate_gatr,911,400.0,0.05,q4,91,0.6431502420849322,0.7864290239137353
structure,nonlinear,duplicate_gatr,911,400.0,0.05,q6,91,0.09263823143895686,0.28107120380936584
structure,nonlinear,duplicate_gatr,911,400.0,0.05,w4,91,1.0165063843277338,1.0039194051485754
structure,nonlinear,duplicate_gatr,911,400.0,0.05,w6,91,0.0107671818171594,0.09833909551856254
structure,nonlinear,duplicate_gatr,911,400.0,0.05,qbar6,91,0.04225609596352231,0.1637500602188683
structure,nonlinear,duplicate_gatr,911,400.0,0.05,q6_coherence,91,0.02047444426956209,0.08737102635964063
structure,nonlinear,duplicate_gatr,911,400.0,0.05,bond_order,91,0.3042987633169778,0.5399759500006852
structure,nonlinear,duplicate_gatr,911,400.0,0.05,angular_arrangement,91,0.34568754306506694,0.613096792440957
structure,nonlinear,duplicate_gatr,913,400.0,0.05,q4,158,0.04287005145758593,0.16580978263499452
structure,nonlinear,duplicate_gatr,913,400.0,0.05,q6,158,0.019334397059043038,0.11235314043889053
structure,nonlinear,duplicate_gatr,913,400.0,0.05,w4,158,0.060396867445242516,0.21209998368458238
structure,nonlinear,duplicate_gatr,913,400.0,0.05,w6,158,0.015099629988863258,0.07868418925212133
structure,nonlinear,duplicate_gatr,913,400.0,0.05,qbar6,158,0.013366739908756583,0.040421867971188956
structure,nonlinear,duplicate_gatr,913,400.0,0.05,q6_coherence,158,0.014924936039566438,0.024684560340675978
structure,nonlinear,duplicate_gatr,913,400.0,0.05,bond_order,158,0.02766543698317629,0.12485790045134083
structure,nonlinear,duplicate_gatr,913,400.0,0.05,angular_arrangement,158,0.10278254499433852,0.37381207866282845
structure,nonlinear,duplicate_gatr,938,450.0,0.05,q4,13,1.6008131809078672,1.2555246469716765
structure,nonlinear,duplicate_gatr,938,450.0,0.05,q6,13,0.2847698729764254,0.5500440943831092
structure,nonlinear,duplicate_gatr,938,450.0,0.05,w4,13,2.30152078087728,1.547580763054549
structure,nonlinear,duplicate_gatr,938,450.0,0.05,w6,13,0.04564113148865244,0.2132062701016716
structure,nonlinear,duplicate_gatr,938,450.0,0.05,qbar6,13,0.10125497638364137,0.35945473949190987
structure,nonlinear,duplicate_gatr,938,450.0,0.05,q6_coherence,13,0.044057582362458464,0.2256067345542457
structure,nonlinear,duplicate_gatr,938,450.0,0.05,bond_order,13,0.7296762541660541,0.8659734296468224
structure,nonlinear,duplicate_gatr,938,450.0,0.05,angular_arrangement,13,1.0499697653611944,1.0600659779537185
structure,nonlinear,duplicate_gatr,942,450.0,0.05,q4,206,0.05253787290608957,0.18808513950432873
structure,nonlinear,duplicate_gatr,942,450.0,0.05,q6,206,0.016504941478473898,0.11409508279772727
structure,nonlinear,duplicate_gatr,942,450.0,0.05,w4,206,0.08711265296058647,0.2723829738548929
structure,nonlinear,duplicate_gatr,942,450.0,0.05,w6,206,0.010834024701206176,0.09270735987560787
structure,nonlinear,duplicate_gatr,942,450.0,0.05,qbar6,206,0.018600536486011218,0.04026644987015386
structure,nonlinear,duplicate_gatr,942,450.0,0.05,q6_coherence,206,0.019442994378563495,0.0203954079111501
structure,nonlinear,duplicate_gatr,942,450.0,0.05,bond_order,206,0.03417217048515514,0.1490068266283638
structure,nonlinear,duplicate_gatr,942,450.0,0.05,angular_arrangement,206,0.12478836372105824,0.3904597233780116
structure,nonlinear,duplicate_gatr,970,500.0,0.05,q4,82,0.16931708610806936,0.4122969130415288
structure,nonlinear,duplicate_gatr,970,500.0,0.05,q6,82,0.02560555005193112,0.15570356584334472
structure,nonlinear,duplicate_gatr,970,500.0,0.05,w4,82,0.14048435813269047,0.3966564763436262
structure,nonlinear,duplicate_gatr,970,500.0,0.05,w6,82,0.01171898552520756,0.10562520457987064
structure,nonlinear,duplicate_gatr,970,500.0,0.05,qbar6,82,0.016078959944184283,0.07958244387716755
structure,nonlinear,duplicate_gatr,970,500.0,0.05,q6_coherence,82,0.013562454634820966,0.04325246021223588
structure,nonlinear,duplicate_gatr,970,500.0,0.05,bond_order,82,0.0627945657328173,0.24863947449927762
structure,nonlinear,duplicate_gatr,970,500.0,0.05,angular_arrangement,82,0.17072502845516815,0.4564394598621464
structure,nonlinear,duplicate_gatr,971,500.0,0.05,q4,16,0.44671668298137523,0.6995239887906375
structure,nonlinear,duplicate_gatr,971,500.0,0.05,q6,16,0.05359613667682606,0.19126547100619057
structure,nonlinear,duplicate_gatr,971,500.0,0.05,w4,16,0.4646779648950397,0.7208948353117678
structure,nonlinear,duplicate_gatr,971,500.0,0.05,w6,16,0.029918081811464912,0.1406353350802877
structure,nonlinear,duplicate_gatr,971,500.0,0.05,qbar6,16,0.030913637262168482,0.13026485036415222
structure,nonlinear,duplicate_gatr,971,500.0,0.05,q6_coherence,16,0.021323550253210602,0.08282895095921848
structure,nonlinear,duplicate_gatr,971,500.0,0.05,bond_order,16,0.17452434231334749,0.4260699314084698
structure,nonlinear,duplicate_gatr,971,500.0,0.05,angular_arrangement,16,0.19789023249046533,0.4772211851500516
structure,nonlinear,duplicate_gatr,1000,510.0,0.05,q4,2,0.015274929294006414,0.18959328285465324
structure,nonlinear,duplicate_gatr,1000,510.0,0.05,q6,2,0.010302920108984748,0.18444600397720076
structure,nonlinear,duplicate_gatr,1000,510.0,0.05,w4,2,0.02709635305021144,0.18940047086597553
structure,nonlinear,duplicate_gatr,1000,510.0,0.05,w6,2,0.035425968164036356,0.1854566227772121
structure,nonlinear,duplicate_gatr,1000,510.0,0.05,qbar6,2,0.029679842975361848,0.05976879124222398
structure,nonlinear,duplicate_gatr,1000,510.0,0.05,q6_coherence,2,0.01708515668978034,0.02829881516315293
structure,nonlinear,duplicate_gatr,1000,510.0,0.05,bond_order,2,0.02247752838039686,0.15524484421344417
structure,nonlinear,duplicate_gatr,1000,510.0,0.05,angular_arrangement,2,0.16677489020899933,0.4681339093935752
structure,nonlinear,duplicate_gatr,1001,510.0,0.05,q4,27,0.2980486330650553,0.5806120321533584
structure,nonlinear,duplicate_gatr,1001,510.0,0.05,q6,27,0.023540710768855243,0.15791416154800664
structure,nonlinear,duplicate_gatr,1001,510.0,0.05,w4,27,0.42105923782660704,0.632134740607913
structure,nonlinear,duplicate_gatr,1001,510.0,0.05,w6,27,0.019951255857907538,0.1417871957623332
structure,nonlinear,duplicate_gatr,1001,510.0,0.05,qbar6,27,0.021488908105369957,0.09907650604183864
structure,nonlinear,duplicate_gatr,1001,510.0,0.05,q6_coherence,27,0.018838276075938104,0.06835355034916336
structure,nonlinear,duplicate_gatr,1001,510.0,0.05,bond_order,27,0.13382117028328883,0.3642877789511647
structure,nonlinear,duplicate_gatr,1001,510.0,0.05,angular_arrangement,27,0.2642593918739059,0.5148658056162762
structure,nonlinear,duplicate_gatr,1009,520.0,0.05,q4,14,0.06469704981043224,0.2113813404481155
structure,nonlinear,duplicate_gatr,1009,520.0,0.05,q6,14,0.024263479353016346,0.1575887899811701
structure,nonlinear,duplicate_gatr,1009,520.0,0.05,w4,14,0.060340163109103576,0.21643950211051974
structure,nonlinear,duplicate_gatr,1009,520.0,0.05,w6,14,0.007957662704242557,0.09891221474462229
structure,nonlinear,duplicate_gatr,1009,520.0,0.05,qbar6,14,0.014125415928534788,0.08945530424463699
structure,nonlinear,duplicate_gatr,1009,520.0,0.05,q6_coherence,14,0.011830228508704623,0.05055296745715174
structure,nonlinear,duplicate_gatr,1009,520.0,0.05,bond_order,14,0.03053566656900569,0.15094360762280937
structure,nonlinear,duplicate_gatr,1009,520.0,0.05,angular_arrangement,14,0.1892684815867571,0.45369065818224485
structure,nonlinear,duplicate_gatr,911,400.0,0.1,q4,13431,1.074283597100505,1.0266270699159583
structure,nonlinear,duplicate_gatr,911,400.0,0.1,q6,13431,0.20733139765711125,0.4510847212905268
structure,nonlinear,duplicate_gatr,911,400.0,0.1,w4,13431,1.4043734827183398,1.1788873541785532
structure,nonlinear,duplicate_gatr,911,400.0,0.1,w6,13431,0.8786269250845777,0.9414256790661032
structure,nonlinear,duplicate_gatr,911,400.0,0.1,qbar6,13431,0.07542281978739154,0.2363553336651145
structure,nonlinear,duplicate_gatr,911,400.0,0.1,q6_coherence,13431,0.10058703846329532,0.2796867605913576
structure,nonlinear,duplicate_gatr,911,400.0,0.1,bond_order,13431,0.6234375434685369,0.7818340400744901
structure,nonlinear,duplicate_gatr,911,400.0,0.1,angular_arrangement,13431,0.5313578460182459,0.8252979712638587
structure,nonlinear,duplicate_gatr,913,400.0,0.1,q4,11219,0.7416243558379878,0.8448989307302719
structure,nonlinear,duplicate_gatr,913,400.0,0.1,q6,11219,0.22918320172848117,0.46883306725310797
structure,nonlinear,duplicate_gatr,913,400.0,0.1,w4,11219,0.5495869333266372,0.7145189952348846
structure,nonlinear,duplicate_gatr,913,400.0,0.1,w6,11219,1.0750352805879169,1.0293600635205897
structure,nonlinear,duplicate_gatr,913,400.0,0.1,qbar6,11219,0.06341899793531738,0.20303463450821171
structure,nonlinear,duplicate_gatr,913,400.0,0.1,q6_coherence,11219,0.1182850797652325,0.30413820210350695
structure,nonlinear,duplicate_gatr,913,400.0,0.1,bond_order,11219,0.46285564153026215,0.6630109717305254
structure,nonlinear,duplicate_gatr,913,400.0,0.1,angular_arrangement,11219,0.42820256701805415,0.7542531642816
structure,nonlinear,duplicate_gatr,938,450.0,0.1,q4,10713,1.8943556598280384,1.3471635105358934
structure,nonlinear,duplicate_gatr,938,450.0,0.1,q6,10713,0.3040121301338541,0.5533101707913456
structure,nonlinear,duplicate_gatr,938,450.0,0.1,w4,10713,2.637087404284095,1.6320479698268333
structure,nonlinear,duplicate_gatr,938,450.0,0.1,w6,10713,0.5066735655739469,0.7083241471819619
structure,nonlinear,duplicate_gatr,938,450.0,0.1,qbar6,10713,0.14276761873132332,0.344674321476995
structure,nonlinear,duplicate_gatr,938,450.0,0.1,q6_coherence,10713,0.12470731564967849,0.30677619376100695
structure,nonlinear,duplicate_gatr,938,450.0,0.1,bond_order,10713,0.9349339490334895,0.9573589855658117
structure,nonlinear,duplicate_gatr,938,450.0,0.1,angular_arrangement,10713,0.794947444375912,0.9872689185839557
structure,nonlinear,duplicate_gatr,942,450.0,0.1,q4,18952,0.40079638242951204,0.6211528106411476
structure,nonlinear,duplicate_gatr,942,450.0,0.1,q6,18952,0.08630478770653252,0.2989398844217068
structure,nonlinear,duplicate_gatr,942,450.0,0.1,w4,18952,0.480758333831092,0.6820119560558205
structure,nonlinear,duplicate_gatr,942,450.0,0.1,w6,18952,0.2470448316839847,0.4933391599659156
structure,nonlinear,duplicate_gatr,942,450.0,0.1,qbar6,18952,0.0367236878346395,0.15644052039069942
structure,nonlinear,duplicate_gatr,942,450.0,0.1,q6_coherence,18952,0.044912114160699054,0.16765122627601994
structure,nonlinear,duplicate_gatr,942,450.0,0.1,bond_order,18952,0.21609002294107665,0.45392735720531113
structure,nonlinear,duplicate_gatr,942,450.0,0.1,angular_arrangement,18952,0.299905002614246,0.6903348653220536
structure,nonlinear,duplicate_gatr,970,500.0,0.1,q4,20747,0.2614165907087456,0.4714557417719975
structure,nonlinear,duplicate_gatr,970,500.0,0.1,q6,20747,0.06649423411291941,0.2592551341450374
structure,nonlinear,duplicate_gatr,970,500.0,0.1,w4,20747,0.29490097101422647,0.5211441605080807
structure,nonlinear,duplicate_gatr,970,500.0,0.1,w6,20747,0.20101996894660257,0.44411739938881173
structure,nonlinear,duplicate_gatr,970,500.0,0.1,qbar6,20747,0.03425769434471845,0.11966572327426174
structure,nonlinear,duplicate_gatr,970,500.0,0.1,q6_coherence,20747,0.03938159586096009,0.13732672809140983
structure,nonlinear,duplicate_gatr,970,500.0,0.1,bond_order,20747,0.14957850916469542,0.36320190828173043
structure,nonlinear,duplicate_gatr,970,500.0,0.1,angular_arrangement,20747,0.3098389945770895,0.6968514217406444
structure,nonlinear,duplicate_gatr,971,500.0,0.1,q4,10619,0.8516973378745772,0.9008294576495057
structure,nonlinear,duplicate_gatr,971,500.0,0.1,q6,10619,0.1738257559957413,0.4132977630305768
structure,nonlinear,duplicate_gatr,971,500.0,0.1,w4,10619,0.8852296788365016,0.9274178498987655
structure,nonlinear,duplicate_gatr,971,500.0,0.1,w6,10619,0.5360727472991651,0.72640308493721
structure,nonlinear,duplicate_gatr,971,500.0,0.1,qbar6,10619,0.09059883344802232,0.2603825747723752
structure,nonlinear,duplicate_gatr,971,500.0,0.1,q6_coherence,10619,0.09620125288714765,0.2694443008106143
structure,nonlinear,duplicate_gatr,971,500.0,0.1,bond_order,10619,0.43893760105685925,0.646847918666196
structure,nonlinear,duplicate_gatr,971,500.0,0.1,angular_arrangement,10619,0.5122690326013712,0.8297429856149184
structure,nonlinear,duplicate_gatr,1000,510.0,0.1,q4,7473,1.8931689852104077,1.3694532009823093
structure,nonlinear,duplicate_gatr,1000,510.0,0.1,q6,7473,0.33980141214489584,0.5814350908456233
structure,nonlinear,duplicate_gatr,1000,510.0,0.1,w4,7473,2.232866449135104,1.485107729828026
structure,nonlinear,duplicate_gatr,1000,510.0,0.1,w6,7473,1.3356732406557559,1.1487602659941378
structure,nonlinear,duplicate_gatr,1000,510.0,0.1,qbar6,7473,0.11150140333875319,0.2878109178255946
structure,nonlinear,duplicate_gatr,1000,510.0,0.1,q6_coherence,7473,0.15014943286811266,0.3405745462688651
structure,nonlinear,duplicate_gatr,1000,510.0,0.1,bond_order,7473,1.0105268205588382,0.9947772027322734
structure,nonlinear,duplicate_gatr,1000,510.0,0.1,angular_arrangement,7473,0.9196815601209793,1.0270293560948809
structure,nonlinear,duplicate_gatr,1001,510.0,0.1,q4,11038,0.8203076310230542,0.8978323454131423
structure,nonlinear,duplicate_gatr,1001,510.0,0.1,q6,11038,0.17372513451837462,0.4285204217098126
structure,nonlinear,duplicate_gatr,1001,510.0,0.1,w4,11038,0.9789615697396006,0.969194001961416
structure,nonlinear,duplicate_gatr,1001,510.0,0.1,w6,11038,0.4829669399534078,0.6915470759393563
structure,nonlinear,duplicate_gatr,1001,510.0,0.1,qbar6,11038,0.0859901108091053,0.29217495095791196
structure,nonlinear,duplicate_gatr,1001,510.0,0.1,q6_coherence,11038,0.10504632551835108,0.311294475741892
structure,nonlinear,duplicate_gatr,1001,510.0,0.1,bond_order,11038,0.4411662852603155,0.6569598537411243
structure,nonlinear,duplicate_gatr,1001,510.0,0.1,angular_arrangement,11038,0.46641734283383973,0.8038537170449556
structure,nonlinear,duplicate_gatr,881,520.0,0.1,q4,7220,2.1600392814638005,1.456085097712625
structure,nonlinear,duplicate_gatr,881,520.0,0.1,q6,7220,0.31723834083312946,0.5538194099410891
structure,nonlinear,duplicate_gatr,881,520.0,0.1,w4,7220,2.419473592153898,1.543980384081562
structure,nonlinear,duplicate_gatr,881,520.0,0.1,w6,7220,1.4328590871205806,1.199140873534706
structure,nonlinear,duplicate_gatr,881,520.0,0.1,qbar6,7220,0.11151990397616407,0.29781480209504785
structure,nonlinear,duplicate_gatr,881,520.0,0.1,q6_coherence,7220,0.1576432137522745,0.3589105380939715
structure,nonlinear,duplicate_gatr,881,520.0,0.1,bond_order,7220,1.099795569883308,1.0381252687995095
structure,nonlinear,duplicate_gatr,881,520.0,0.1,angular_arrangement,7220,0.9040117922756693,1.0028674037362708
structure,nonlinear,duplicate_gatr,1009,520.0,0.1,q4,13594,1.3798315310863065,1.1698018970890318
structure,nonlinear,duplicate_gatr,1009,520.0,0.1,q6,13594,0.1960430523288337,0.4344309270350266
structure,nonlinear,duplicate_gatr,1009,520.0,0.1,w4,13594,2.020942148322622,1.4351748440500554
structure,nonlinear,duplicate_gatr,1009,520.0,0.1,w6,13594,0.29996133581853557,0.5394766852500842
structure,nonlinear,duplicate_gatr,1009,520.0,0.1,qbar6,13594,0.08952072492940885,0.26619902782914234
structure,nonlinear,duplicate_gatr,1009,520.0,0.1,q6_coherence,13594,0.07604401745253905,0.2222729122037974
structure,nonlinear,duplicate_gatr,1009,520.0,0.1,bond_order,13594,0.6770571349897077,0.819369249853901
structure,nonlinear,duplicate_gatr,1009,520.0,0.1,angular_arrangement,13594,0.6750748200890281,0.9070728693780314
structure,nonlinear,plus_mace,911,400.0,0.05,q4,91,0.6880417522417318,0.7864290239137353
structure,nonlinear,plus_mace,911,400.0,0.05,q6,91,0.07949433250031192,0.28107120380936584
structure,nonlinear,plus_mace,911,400.0,0.05,w4,91,1.0389964957436302,1.0039194051485754
structure,nonlinear,plus_mace,911,400.0,0.05,w6,91,0.010429508190257118,0.09833909551856254
structure,nonlinear,plus_mace,911,400.0,0.05,qbar6,91,0.03623713913692938,0.1637500602188683
structure,nonlinear,plus_mace,911,400.0,0.05,q6_coherence,91,0.022214546415633418,0.08737102635964063
structure,nonlinear,plus_mace,911,400.0,0.05,bond_order,91,0.3125689623714156,0.5399759500006852
structure,nonlinear,plus_mace,911,400.0,0.05,angular_arrangement,91,0.3432885351244031,0.613096792440957
structure,nonlinear,plus_mace,913,400.0,0.05,q4,158,0.05518836541554262,0.16580978263499452
structure,nonlinear,plus_mace,913,400.0,0.05,q6,158,0.014839059699404546,0.11235314043889053
structure,nonlinear,plus_mace,913,400.0,0.05,w4,158,0.0741309114191755,0.21209998368458238
structure,nonlinear,plus_mace,913,400.0,0.05,w6,158,0.017803104542598317,0.07868418925212133
structure,nonlinear,plus_mace,913,400.0,0.05,qbar6,158,0.005638664668504845,0.040421867971188956
structure,nonlinear,plus_mace,913,400.0,0.05,q6_coherence,158,0.007695635992525545,0.024684560340675978
structure,nonlinear,plus_mace,913,400.0,0.05,bond_order,158,0.029215956956291894,0.12485790045134083
structure,nonlinear,plus_mace,913,400.0,0.05,angular_arrangement,158,0.10458770118605061,0.37381207866282845
structure,nonlinear,plus_mace,938,450.0,0.05,q4,13,1.636956920798895,1.2555246469716765
structure,nonlinear,plus_mace,938,450.0,0.05,q6,13,0.2539912999660871,0.5500440943831092
structure,nonlinear,plus_mace,938,450.0,0.05,w4,13,2.4010149127740754,1.547580763054549
structure,nonlinear,plus_mace,938,450.0,0.05,w6,13,0.048832993798381415,0.2132062701016716
structure,nonlinear,plus_mace,938,450.0,0.05,qbar6,13,0.060903354602120034,0.35945473949190987
structure,nonlinear,plus_mace,938,450.0,0.05,q6_coherence,13,0.023432228031506804,0.2256067345542457
structure,nonlinear,plus_mace,938,450.0,0.05,bond_order,13,0.7375219516618444,0.8659734296468224
structure,nonlinear,plus_mace,938,450.0,0.05,angular_arrangement,13,1.0296131993147908,1.0600659779537185
structure,nonlinear,plus_mace,942,450.0,0.05,q4,206,0.07538254750958887,0.18808513950432873
structure,nonlinear,plus_mace,942,450.0,0.05,q6,206,0.015930943772915797,0.11409508279772727
structure,nonlinear,plus_mace,942,450.0,0.05,w4,206,0.07775742901413045,0.2723829738548929
structure,nonlinear,plus_mace,942,450.0,0.05,w6,206,0.011366840440691061,0.09270735987560787
structure,nonlinear,plus_mace,942,450.0,0.05,qbar6,206,0.007719009149439089,0.04026644987015386
structure,nonlinear,plus_mace,942,450.0,0.05,q6_coherence,206,0.012414584915453053,0.0203954079111501
structure,nonlinear,plus_mace,942,450.0,0.05,bond_order,206,0.03342855913370305,0.1490068266283638
structure,nonlinear,plus_mace,942,450.0,0.05,angular_arrangement,206,0.1231511041368394,0.3904597233780116
structure,nonlinear,plus_mace,970,500.0,0.05,q4,82,0.197955459668382,0.4122969130415288
structure,nonlinear,plus_mace,970,500.0,0.05,q6,82,0.024014926062414312,0.15570356584334472
structure,nonlinear,plus_mace,970,500.0,0.05,w4,82,0.15357660112094948,0.3966564763436262
structure,nonlinear,plus_mace,970,500.0,0.05,w6,82,0.012423345117927174,0.10562520457987064
structure,nonlinear,plus_mace,970,500.0,0.05,qbar6,82,0.011073035566102608,0.07958244387716755
structure,nonlinear,plus_mace,970,500.0,0.05,q6_coherence,82,0.013234506220675964,0.04325246021223588
structure,nonlinear,plus_mace,970,500.0,0.05,bond_order,82,0.06871297895940859,0.24863947449927762
structure,nonlinear,plus_mace,970,500.0,0.05,angular_arrangement,82,0.1634143893878216,0.4564394598621464
structure,nonlinear,plus_mace,971,500.0,0.05,q4,16,0.47322740622805765,0.6995239887906375
structure,nonlinear,plus_mace,971,500.0,0.05,q6,16,0.054641073180173895,0.19126547100619057
structure,nonlinear,plus_mace,971,500.0,0.05,w4,16,0.4850998731807088,0.7208948353117678
structure,nonlinear,plus_mace,971,500.0,0.05,w6,16,0.032268467467154754,0.1406353350802877
structure,nonlinear,plus_mace,971,500.0,0.05,qbar6,16,0.028238115495605565,0.13026485036415222
structure,nonlinear,plus_mace,971,500.0,0.05,q6_coherence,16,0.02083627462095746,0.08282895095921848
structure,nonlinear,plus_mace,971,500.0,0.05,bond_order,16,0.182385201695443,0.4260699314084698
structure,nonlinear,plus_mace,971,500.0,0.05,angular_arrangement,16,0.21256077903359752,0.4772211851500516
structure,nonlinear,plus_mace,1000,510.0,0.05,q4,2,0.16693554477015302,0.18959328285465324
structure,nonlinear,plus_mace,1000,510.0,0.05,q6,2,0.014451264624657326,0.18444600397720076
structure,nonlinear,plus_mace,1000,510.0,0.05,w4,2,0.01669930914662444,0.18940047086597553
structure,nonlinear,plus_mace,1000,510.0,0.05,w6,2,0.03325707958568156,0.1854566227772121
structure,nonlinear,plus_mace,1000,510.0,0.05,qbar6,2,0.007900314765407446,0.05976879124222398
structure,nonlinear,plus_mace,1000,510.0,0.05,q6_coherence,2,0.009761158705088983,0.02829881516315293
structure,nonlinear,plus_mace,1000,510.0,0.05,bond_order,2,0.04150077859960213,0.15524484421344417
structure,nonlinear,plus_mace,1000,510.0,0.05,angular_arrangement,2,0.15449247893939377,0.4681339093935752
structure,nonlinear,plus_mace,1001,510.0,0.05,q4,27,0.3313842210938163,0.5806120321533584
structure,nonlinear,plus_mace,1001,510.0,0.05,q6,27,0.0373779092312022,0.15791416154800664
structure,nonlinear,plus_mace,1001,510.0,0.05,w4,27,0.3728531395687764,0.632134740607913
structure,nonlinear,plus_mace,1001,510.0,0.05,w6,27,0.0203760916867358,0.1417871957623332
structure,nonlinear,plus_mace,1001,510.0,0.05,qbar6,27,0.01763099648049373,0.09907650604183864
structure,nonlinear,plus_mace,1001,510.0,0.05,q6_coherence,27,0.016779235968813484,0.06835355034916336
structure,nonlinear,plus_mace,1001,510.0,0.05,bond_order,27,0.132733599004973,0.3642877789511647
structure,nonlinear,plus_mace,1001,510.0,0.05,angular_arrangement,27,0.25370873975176195,0.5148658056162762
structure,nonlinear,plus_mace,1009,520.0,0.05,q4,14,0.10497371136081335,0.2113813404481155
structure,nonlinear,plus_mace,1009,520.0,0.05,q6,14,0.025258730729835744,0.1575887899811701
structure,nonlinear,plus_mace,1009,520.0,0.05,w4,14,0.04594072745693461,0.21643950211051974
structure,nonlinear,plus_mace,1009,520.0,0.05,w6,14,0.011361843415256184,0.09891221474462229
structure,nonlinear,plus_mace,1009,520.0,0.05,qbar6,14,0.009839579092157153,0.08945530424463699
structure,nonlinear,plus_mace,1009,520.0,0.05,q6_coherence,14,0.012075236221371046,0.05055296745715174
structure,nonlinear,plus_mace,1009,520.0,0.05,bond_order,14,0.03490830471272802,0.15094360762280937
structure,nonlinear,plus_mace,1009,520.0,0.05,angular_arrangement,14,0.17258315580914507,0.45369065818224485
structure,nonlinear,plus_mace,911,400.0,0.1,q4,13431,1.0424421810542424,1.0266270699159583
structure,nonlinear,plus_mace,911,400.0,0.1,q6,13431,0.17866244638068635,0.4510847212905268
structure,nonlinear,plus_mace,911,400.0,0.1,w4,13431,1.4169331950882433,1.1788873541785532
structure,nonlinear,plus_mace,911,400.0,0.1,w6,13431,0.8769695740585041,0.9414256790661032
structure,nonlinear,plus_mace,911,400.0,0.1,qbar6,13431,0.05322625756921822,0.2363553336651145
structure,nonlinear,plus_mace,911,400.0,0.1,q6_coherence,13431,0.0853601777269598,0.2796867605913576
structure,nonlinear,plus_mace,911,400.0,0.1,bond_order,13431,0.6089323053129757,0.7818340400744901
structure,nonlinear,plus_mace,911,400.0,0.1,angular_arrangement,13431,0.51470458662206,0.8252979712638587
structure,nonlinear,plus_mace,913,400.0,0.1,q4,11219,0.6681782317011576,0.8448989307302719
structure,nonlinear,plus_mace,913,400.0,0.1,q6,11219,0.18432804819206045,0.46883306725310797
structure,nonlinear,plus_mace,913,400.0,0.1,w4,11219,0.5429810172859434,0.7145189952348846
structure,nonlinear,plus_mace,913,400.0,0.1,w6,11219,1.0669818105586886,1.0293600635205897
structure,nonlinear,plus_mace,913,400.0,0.1,qbar6,11219,0.0397365737535248,0.20303463450821171
structure,nonlinear,plus_mace,913,400.0,0.1,q6_coherence,11219,0.09421730437006194,0.30413820210350695
structure,nonlinear,plus_mace,913,400.0,0.1,bond_order,11219,0.43273716431023945,0.6630109717305254
structure,nonlinear,plus_mace,913,400.0,0.1,angular_arrangement,11219,0.3914952606494749,0.7542531642816
structure,nonlinear,plus_mace,938,450.0,0.1,q4,10713,1.908313045419784,1.3471635105358934
structure,nonlinear,plus_mace,938,450.0,0.1,q6,10713,0.28663737530790984,0.5533101707913456
structure,nonlinear,plus_mace,938,450.0,0.1,w4,10713,2.6879907976979514,1.6320479698268333
structure,nonlinear,plus_mace,938,450.0,0.1,w6,10713,0.5065662529362538,0.7083241471819619
structure,nonlinear,plus_mace,938,450.0,0.1,qbar6,10713,0.10122345529337408,0.344674321476995
structure,nonlinear,plus_mace,938,450.0,0.1,q6_coherence,10713,0.10022124955964035,0.30677619376100695
structure,nonlinear,plus_mace,938,450.0,0.1,bond_order,10713,0.9318253627024856,0.9573589855658117
structure,nonlinear,plus_mace,938,450.0,0.1,angular_arrangement,10713,0.7773622188812497,0.9872689185839557
structure,nonlinear,plus_mace,942,450.0,0.1,q4,18952,0.3970853516835958,0.6211528106411476
structure,nonlinear,plus_mace,942,450.0,0.1,q6,18952,0.07503619822711076,0.2989398844217068
structure,nonlinear,plus_mace,942,450.0,0.1,w4,18952,0.46024605780807765,0.6820119560558205
structure,nonlinear,plus_mace,942,450.0,0.1,w6,18952,0.24781242506588702,0.4933391599659156
structure,nonlinear,plus_mace,942,450.0,0.1,qbar6,18952,0.02260308467223846,0.15644052039069942
structure,nonlinear,plus_mace,942,450.0,0.1,q6_coherence,18952,0.03973881516306077,0.16765122627601994
structure,nonlinear,plus_mace,942,450.0,0.1,bond_order,18952,0.20708698876999507,0.45392735720531113
structure,nonlinear,plus_mace,942,450.0,0.1,angular_arrangement,18952,0.28421372059292693,0.6903348653220536
structure,nonlinear,plus_mace,970,500.0,0.1,q4,20747,0.2723493486259799,0.4714557417719975
structure,nonlinear,plus_mace,970,500.0,0.1,q6,20747,0.06311326309908064,0.2592551341450374
structure,nonlinear,plus_mace,970,500.0,0.1,w4,20747,0.30159002563989823,0.5211441605080807
structure,nonlinear,plus_mace,970,500.0,0.1,w6,20747,0.2022388089931219,0.44411739938881173
structure,nonlinear,plus_mace,970,500.0,0.1,qbar6,20747,0.02164341128396333,0.11966572327426174
structure,nonlinear,plus_mace,970,500.0,0.1,q6_coherence,20747,0.036573532711208626,0.13732672809140983
structure,nonlinear,plus_mace,970,500.0,0.1,bond_order,20747,0.1495847317255421,0.36320190828173043
structure,nonlinear,plus_mace,970,500.0,0.1,angular_arrangement,20747,0.2901958610850189,0.6968514217406444
structure,nonlinear,plus_mace,971,500.0,0.1,q4,10619,0.8232140708968656,0.9008294576495057
structure,nonlinear,plus_mace,971,500.0,0.1,q6,10619,0.1569195224526032,0.4132977630305768
structure,nonlinear,plus_mace,971,500.0,0.1,w4,10619,0.8482047274684301,0.9274178498987655
structure,nonlinear,plus_mace,971,500.0,0.1,w6,10619,0.5314751801220948,0.72640308493721
structure,nonlinear,plus_mace,971,500.0,0.1,qbar6,10619,0.050095304006808256,0.2603825747723752
structure,nonlinear,plus_mace,971,500.0,0.1,q6_coherence,10619,0.07415797376996508,0.2694443008106143
structure,nonlinear,plus_mace,971,500.0,0.1,bond_order,10619,0.41401112978612786,0.646847918666196
structure,nonlinear,plus_mace,971,500.0,0.1,angular_arrangement,10619,0.49097419234637607,0.8297429856149184
structure,nonlinear,plus_mace,1000,510.0,0.1,q4,7473,1.759027902728722,1.3694532009823093
structure,nonlinear,plus_mace,1000,510.0,0.1,q6,7473,0.31493789958576135,0.5814350908456233
structure,nonlinear,plus_mace,1000,510.0,0.1,w4,7473,2.2437929972718527,1.485107729828026
structure,nonlinear,plus_mace,1000,510.0,0.1,w6,7473,1.3368566849778227,1.1487602659941378
structure,nonlinear,plus_mace,1000,510.0,0.1,qbar6,7473,0.08893259836438448,0.2878109178255946
structure,nonlinear,plus_mace,1000,510.0,0.1,q6_coherence,7473,0.132922658665686,0.3405745462688651
structure,nonlinear,plus_mace,1000,510.0,0.1,bond_order,7473,0.979411790265705,0.9947772027322734
structure,nonlinear,plus_mace,1000,510.0,0.1,angular_arrangement,7473,0.8725099938349192,1.0270293560948809
structure,nonlinear,plus_mace,1001,510.0,0.1,q4,11038,0.8322315044860585,0.8978323454131423
structure,nonlinear,plus_mace,1001,510.0,0.1,q6,11038,0.14429210541608925,0.4285204217098126
structure,nonlinear,plus_mace,1001,510.0,0.1,w4,11038,0.9677424711125882,0.969194001961416
structure,nonlinear,plus_mace,1001,510.0,0.1,w6,11038,0.4793834215616508,0.6915470759393563
structure,nonlinear,plus_mace,1001,510.0,0.1,qbar6,11038,0.04760734800388891,0.29217495095791196
structure,nonlinear,plus_mace,1001,510.0,0.1,q6_coherence,11038,0.07575443868507008,0.311294475741892
structure,nonlinear,plus_mace,1001,510.0,0.1,bond_order,11038,0.4245018815442243,0.6569598537411243
structure,nonlinear,plus_mace,1001,510.0,0.1,angular_arrangement,11038,0.4402503076887443,0.8038537170449556
structure,nonlinear,plus_mace,881,520.0,0.1,q4,7220,2.0933963568177085,1.456085097712625
structure,nonlinear,plus_mace,881,520.0,0.1,q6,7220,0.2898607183279641,0.5538194099410891
structure,nonlinear,plus_mace,881,520.0,0.1,w4,7220,2.4008578944652648,1.543980384081562
structure,nonlinear,plus_mace,881,520.0,0.1,w6,7220,1.4270805454206479,1.199140873534706
structure,nonlinear,plus_mace,881,520.0,0.1,qbar6,7220,0.08743508497430832,0.29781480209504785
structure,nonlinear,plus_mace,881,520.0,0.1,q6_coherence,7220,0.14411325943819092,0.3589105380939715
structure,nonlinear,plus_mace,881,520.0,0.1,bond_order,7220,1.0737906432406807,1.0381252687995095
structure,nonlinear,plus_mace,881,520.0,0.1,angular_arrangement,7220,0.857543042930107,1.0028674037362708
structure,nonlinear,plus_mace,1009,520.0,0.1,q4,13594,1.3753289886416202,1.1698018970890318
structure,nonlinear,plus_mace,1009,520.0,0.1,q6,13594,0.1872160514324209,0.4344309270350266
structure,nonlinear,plus_mace,1009,520.0,0.1,w4,13594,2.0144808036820274,1.4351748440500554
structure,nonlinear,plus_mace,1009,520.0,0.1,w6,13594,0.3022640146534889,0.5394766852500842
structure,nonlinear,plus_mace,1009,520.0,0.1,qbar6,13594,0.058659174781207975,0.26619902782914234
structure,nonlinear,plus_mace,1009,520.0,0.1,q6_coherence,13594,0.05807986885542843,0.2222729122037974
structure,nonlinear,plus_mace,1009,520.0,0.1,bond_order,13594,0.666004817007699,0.819369249853901
structure,nonlinear,plus_mace,1009,520.0,0.1,angular_arrangement,13594,0.6525587885847153,0.9070728693780314
structure,nonlinear,delta_mace,911,400.0,0.05,q4,91,0.6409622828207249,0.7864290239137353
structure,nonlinear,delta_mace,911,400.0,0.05,q6,91,0.0845792556994495,0.28107120380936584
structure,nonlinear,delta_mace,911,400.0,0.05,w4,91,1.0113611786948051,1.0039194051485754
structure,nonlinear,delta_mace,911,400.0,0.05,w6,91,0.01146597778323259,0.09833909551856254
structure,nonlinear,delta_mace,911,400.0,0.05,qbar6,91,0.03146581760190093,0.1637500602188683
structure,nonlinear,delta_mace,911,400.0,0.05,q6_coherence,91,0.017202464296578252,0.08737102635964063
structure,nonlinear,delta_mace,911,400.0,0.05,bond_order,91,0.2995061628161152,0.5399759500006852
structure,nonlinear,delta_mace,911,400.0,0.05,angular_arrangement,91,0.3454014184956586,0.613096792440957
structure,nonlinear,delta_mace,913,400.0,0.05,q4,158,0.054416019459793824,0.16580978263499452
structure,nonlinear,delta_mace,913,400.0,0.05,q6,158,0.013028459615384512,0.11235314043889053
structure,nonlinear,delta_mace,913,400.0,0.05,w4,158,0.06917087963113652,0.21209998368458238
structure,nonlinear,delta_mace,913,400.0,0.05,w6,158,0.008286556154239533,0.07868418925212133
structure,nonlinear,delta_mace,913,400.0,0.05,qbar6,158,0.004355484407220051,0.040421867971188956
structure,nonlinear,delta_mace,913,400.0,0.05,q6_coherence,158,0.006701863228973173,0.024684560340675978
structure,nonlinear,delta_mace,913,400.0,0.05,bond_order,158,0.025993210416124603,0.12485790045134083
structure,nonlinear,delta_mace,913,400.0,0.05,angular_arrangement,158,0.10173945176787062,0.37381207866282845
structure,nonlinear,delta_mace,938,450.0,0.05,q4,13,1.5585084111569556,1.2555246469716765
structure,nonlinear,delta_mace,938,450.0,0.05,q6,13,0.2698884027304676,0.5500440943831092
structure,nonlinear,delta_mace,938,450.0,0.05,w4,13,2.3369953312325586,1.547580763054549
structure,nonlinear,delta_mace,938,450.0,0.05,w6,13,0.045951037726155726,0.2132062701016716
structure,nonlinear,delta_mace,938,450.0,0.05,qbar6,13,0.04863942926398755,0.35945473949190987
structure,nonlinear,delta_mace,938,450.0,0.05,q6_coherence,13,0.013769311066142743,0.2256067345542457
structure,nonlinear,delta_mace,938,450.0,0.05,bond_order,13,0.7122919871960447,0.8659734296468224
structure,nonlinear,delta_mace,938,450.0,0.05,angular_arrangement,13,1.0579497796511985,1.0600659779537185
structure,nonlinear,delta_mace,942,450.0,0.05,q4,206,0.06861695980467006,0.18808513950432873
structure,nonlinear,delta_mace,942,450.0,0.05,q6,206,0.01934976085836746,0.11409508279772727
structure,nonlinear,delta_mace,942,450.0,0.05,w4,206,0.08859673243450394,0.2723829738548929
structure,nonlinear,delta_mace,942,450.0,0.05,w6,206,0.01122767769502466,0.09270735987560787
structure,nonlinear,delta_mace,942,450.0,0.05,qbar6,206,0.007740026378243785,0.04026644987015386
structure,nonlinear,delta_mace,942,450.0,0.05,q6_coherence,206,0.013014468823044908,0.0203954079111501
structure,nonlinear,delta_mace,942,450.0,0.05,bond_order,206,0.034757604332309136,0.1490068266283638
structure,nonlinear,delta_mace,942,450.0,0.05,angular_arrangement,206,0.12391330275727425,0.3904597233780116
structure,nonlinear,delta_mace,970,500.0,0.05,q4,82,0.17765411145696505,0.4122969130415288
structure,nonlinear,delta_mace,970,500.0,0.05,q6,82,0.022569221430906394,0.15570356584334472
structure,nonlinear,delta_mace,970,500.0,0.05,w4,82,0.17050178427386373,0.3966564763436262
structure,nonlinear,delta_mace,970,500.0,0.05,w6,82,0.012493225004365487,0.10562520457987064
structure,nonlinear,delta_mace,970,500.0,0.05,qbar6,82,0.01012548929619639,0.07958244387716755
structure,nonlinear,delta_mace,970,500.0,0.05,q6_coherence,82,0.010444307940114429,0.04325246021223588
structure,nonlinear,delta_mace,970,500.0,0.05,bond_order,82,0.06729802323373524,0.24863947449927762
structure,nonlinear,delta_mace,970,500.0,0.05,angular_arrangement,82,0.16415030737545738,0.4564394598621464
structure,nonlinear,delta_mace,971,500.0,0.05,q4,16,0.4796984040210046,0.6995239887906375
structure,nonlinear,delta_mace,971,500.0,0.05,q6,16,0.05238141588405562,0.19126547100619057
structure,nonlinear,delta_mace,971,500.0,0.05,w4,16,0.48808257539821,0.7208948353117678
structure,nonlinear,delta_mace,971,500.0,0.05,w6,16,0.029727672762153833,0.1406353350802877
structure,nonlinear,delta_mace,971,500.0,0.05,qbar6,16,0.029415897171939022,0.13026485036415222
structure,nonlinear,delta_mace,971,500.0,0.05,q6_coherence,16,0.024632002450778897,0.08282895095921848
structure,nonlinear,delta_mace,971,500.0,0.05,bond_order,16,0.18398966128135705,0.4260699314084698
structure,nonlinear,delta_mace,971,500.0,0.05,angular_arrangement,16,0.2089685024052517,0.4772211851500516
structure,nonlinear,delta_mace,1000,510.0,0.05,q4,2,0.20954584055279563,0.18959328285465324
structure,nonlinear,delta_mace,1000,510.0,0.05,q6,2,0.05040947220114743,0.18444600397720076
structure,nonlinear,delta_mace,1000,510.0,0.05,w4,2,0.06675792179351442,0.18940047086597553
structure,nonlinear,delta_mace,1000,510.0,0.05,w6,2,0.034192727225007095,0.1854566227772121
structure,nonlinear,delta_mace,1000,510.0,0.05,qbar6,2,0.006644546691741776,0.05976879124222398
structure,nonlinear,delta_mace,1000,510.0,0.05,q6_coherence,2,0.009673232078460856,0.02829881516315293
structure,nonlinear,delta_mace,1000,510.0,0.05,bond_order,2,0.06287062342377787,0.15524484421344417
structure,nonlinear,delta_mace,1000,510.0,0.05,angular_arrangement,2,0.18613757357407676,0.4681339093935752
structure,nonlinear,delta_mace,1001,510.0,0.05,q4,27,0.35530054732982,0.5806120321533584
structure,nonlinear,delta_mace,1001,510.0,0.05,q6,27,0.024447644326064128,0.15791416154800664
structure,nonlinear,delta_mace,1001,510.0,0.05,w4,27,0.4235124193486113,0.632134740607913
structure,nonlinear,delta_mace,1001,510.0,0.05,w6,27,0.0195501022814598,0.1417871957623332
structure,nonlinear,delta_mace,1001,510.0,0.05,qbar6,27,0.017139831596188957,0.09907650604183864
structure,nonlinear,delta_mace,1001,510.0,0.05,q6_coherence,27,0.01277007261239013,0.06835355034916336
structure,nonlinear,delta_mace,1001,510.0,0.05,bond_order,27,0.14212010291575572,0.3642877789511647
structure,nonlinear,delta_mace,1001,510.0,0.05,angular_arrangement,27,0.251655226153432,0.5148658056162762
structure,nonlinear,delta_mace,1009,520.0,0.05,q4,14,0.10774565343686782,0.2113813404481155
structure,nonlinear,delta_mace,1009,520.0,0.05,q6,14,0.015400302606990195,0.1575887899811701
structure,nonlinear,delta_mace,1009,520.0,0.05,w4,14,0.050064029041904747,0.21643950211051974
structure,nonlinear,delta_mace,1009,520.0,0.05,w6,14,0.01182015756466746,0.09891221474462229
structure,nonlinear,delta_mace,1009,520.0,0.05,qbar6,14,0.00898349481726902,0.08945530424463699
structure,nonlinear,delta_mace,1009,520.0,0.05,q6_coherence,14,0.0128488923866756,0.05055296745715174
structure,nonlinear,delta_mace,1009,520.0,0.05,bond_order,14,0.03447708830906247,0.15094360762280937
structure,nonlinear,delta_mace,1009,520.0,0.05,angular_arrangement,14,0.17245070574756674,0.45369065818224485
structure,nonlinear,delta_mace,911,400.0,0.1,q4,13431,1.036871387341358,1.0266270699159583
structure,nonlinear,delta_mace,911,400.0,0.1,q6,13431,0.1693685365502779,0.4510847212905268
structure,nonlinear,delta_mace,911,400.0,0.1,w4,13431,1.4044296851517242,1.1788873541785532
structure,nonlinear,delta_mace,911,400.0,0.1,w6,13431,0.875313634217025,0.9414256790661032
structure,nonlinear,delta_mace,911,400.0,0.1,qbar6,13431,0.051422202839883906,0.2363553336651145
structure,nonlinear,delta_mace,911,400.0,0.1,q6_coherence,13431,0.08258279890615972,0.2796867605913576
structure,nonlinear,delta_mace,911,400.0,0.1,bond_order,13431,0.6033313741677382,0.7818340400744901
structure,nonlinear,delta_mace,911,400.0,0.1,angular_arrangement,13431,0.5090647479976652,0.8252979712638587
structure,nonlinear,delta_mace,913,400.0,0.1,q4,11219,0.6599579027662675,0.8448989307302719
structure,nonlinear,delta_mace,913,400.0,0.1,q6,11219,0.1689363995955203,0.46883306725310797
structure,nonlinear,delta_mace,913,400.0,0.1,w4,11219,0.5396104717942983,0.7145189952348846
structure,nonlinear,delta_mace,913,400.0,0.1,w6,11219,1.0538755140799023,1.0293600635205897
structure,nonlinear,delta_mace,913,400.0,0.1,qbar6,11219,0.03907483955171505,0.20303463450821171
structure,nonlinear,delta_mace,913,400.0,0.1,q6_coherence,11219,0.09617606603406015,0.30413820210350695
structure,nonlinear,delta_mace,913,400.0,0.1,bond_order,11219,0.4262718656369606,0.6630109717305254
structure,nonlinear,delta_mace,913,400.0,0.1,angular_arrangement,11219,0.3865548077323655,0.7542531642816
structure,nonlinear,delta_mace,938,450.0,0.1,q4,10713,1.9128218209549117,1.3471635105358934
structure,nonlinear,delta_mace,938,450.0,0.1,q6,10713,0.2758870061310405,0.5533101707913456
structure,nonlinear,delta_mace,938,450.0,0.1,w4,10713,2.668013873073668,1.6320479698268333
structure,nonlinear,delta_mace,938,450.0,0.1,w6,10713,0.505337225764867,0.7083241471819619
structure,nonlinear,delta_mace,938,450.0,0.1,qbar6,10713,0.09753200027929657,0.344674321476995
structure,nonlinear,delta_mace,938,450.0,0.1,q6_coherence,10713,0.09290354837338609,0.30677619376100695
structure,nonlinear,delta_mace,938,450.0,0.1,bond_order,10713,0.9254159124295283,0.9573589855658117
structure,nonlinear,delta_mace,938,450.0,0.1,angular_arrangement,10713,0.7708184648122964,0.9872689185839557
structure,nonlinear,delta_mace,942,450.0,0.1,q4,18952,0.39548488277177957,0.6211528106411476
structure,nonlinear,delta_mace,942,450.0,0.1,q6,18952,0.07337390646520531,0.2989398844217068
structure,nonlinear,delta_mace,942,450.0,0.1,w4,18952,0.46842007426572746,0.6820119560558205
structure,nonlinear,delta_mace,942,450.0,0.1,w6,18952,0.24722790601291192,0.4933391599659156
structure,nonlinear,delta_mace,942,450.0,0.1,qbar6,18952,0.023275248245683642,0.15644052039069942
structure,nonlinear,delta_mace,942,450.0,0.1,q6_coherence,18952,0.04038286034216668,0.16765122627601994
structure,nonlinear,delta_mace,942,450.0,0.1,bond_order,18952,0.20802747968391241,0.45392735720531113
structure,nonlinear,delta_mace,942,450.0,0.1,angular_arrangement,18952,0.282226965473819,0.6903348653220536
structure,nonlinear,delta_mace,970,500.0,0.1,q4,20747,0.26391731842977983,0.4714557417719975
structure,nonlinear,delta_mace,970,500.0,0.1,q6,20747,0.058326332184337616,0.2592551341450374
structure,nonlinear,delta_mace,970,500.0,0.1,w4,20747,0.30737984923881484,0.5211441605080807
structure,nonlinear,delta_mace,970,500.0,0.1,w6,20747,0.2039076631949496,0.44411739938881173
structure,nonlinear,delta_mace,970,500.0,0.1,qbar6,20747,0.02013383589449269,0.11966572327426174
structure,nonlinear,delta_mace,970,500.0,0.1,q6_coherence,20747,0.03159651023358714,0.13732672809140983
structure,nonlinear,delta_mace,970,500.0,0.1,bond_order,20747,0.14754358486266025,0.36320190828173043
structure,nonlinear,delta_mace,970,500.0,0.1,angular_arrangement,20747,0.28857359797575766,0.6968514217406444
structure,nonlinear,delta_mace,971,500.0,0.1,q4,10619,0.8229893038887998,0.9008294576495057
structure,nonlinear,delta_mace,971,500.0,0.1,q6,10619,0.1450674662669264,0.4132977630305768
structure,nonlinear,delta_mace,971,500.0,0.1,w4,10619,0.8409685607752689,0.9274178498987655
structure,nonlinear,delta_mace,971,500.0,0.1,w6,10619,0.5310317186500823,0.72640308493721
structure,nonlinear,delta_mace,971,500.0,0.1,qbar6,10619,0.04725767623360408,0.2603825747723752
structure,nonlinear,delta_mace,971,500.0,0.1,q6_coherence,10619,0.07230757604900634,0.2694443008106143
structure,nonlinear,delta_mace,971,500.0,0.1,bond_order,10619,0.40993705031061456,0.646847918666196
structure,nonlinear,delta_mace,971,500.0,0.1,angular_arrangement,10619,0.48498942749320767,0.8297429856149184
structure,nonlinear,delta_mace,1000,510.0,0.1,q4,7473,1.767935898671753,1.3694532009823093
structure,nonlinear,delta_mace,1000,510.0,0.1,q6,7473,0.3057597625160815,0.5814350908456233
structure,nonlinear,delta_mace,1000,510.0,0.1,w4,7473,2.2208934233122366,1.485107729828026
structure,nonlinear,delta_mace,1000,510.0,0.1,w6,7473,1.3286451148536997,1.1487602659941378
structure,nonlinear,delta_mace,1000,510.0,0.1,qbar6,7473,0.0881369718677017,0.2878109178255946
structure,nonlinear,delta_mace,1000,510.0,0.1,q6_coherence,7473,0.13096982894918965,0.3405745462688651
structure,nonlinear,delta_mace,1000,510.0,0.1,bond_order,7473,0.9737235000284438,0.9947772027322734
structure,nonlinear,delta_mace,1000,510.0,0.1,angular_arrangement,7473,0.8669740892236849,1.0270293560948809
structure,nonlinear,delta_mace,1001,510.0,0.1,q4,11038,0.8135248840140634,0.8978323454131423
structure,nonlinear,delta_mace,1001,510.0,0.1,q6,11038,0.13196893195993298,0.4285204217098126
structure,nonlinear,delta_mace,1001,510.0,0.1,w4,11038,0.9509584903863958,0.969194001961416
structure,nonlinear,delta_mace,1001,510.0,0.1,w6,11038,0.47818814594589176,0.6915470759393563
structure,nonlinear,delta_mace,1001,510.0,0.1,qbar6,11038,0.046546439844974016,0.29217495095791196
structure,nonlinear,delta_mace,1001,510.0,0.1,q6_coherence,11038,0.07350788226589874,0.311294475741892
structure,nonlinear,delta_mace,1001,510.0,0.1,bond_order,11038,0.41578246240285943,0.6569598537411243
structure,nonlinear,delta_mace,1001,510.0,0.1,angular_arrangement,11038,0.43567565790946994,0.8038537170449556
structure,nonlinear,delta_mace,881,520.0,0.1,q4,7220,2.0991828442868288,1.456085097712625
structure,nonlinear,delta_mace,881,520.0,0.1,q6,7220,0.28183687291468623,0.5538194099410891
structure,nonlinear,delta_mace,881,520.0,0.1,w4,7220,2.402789898827685,1.543980384081562
structure,nonlinear,delta_mace,881,520.0,0.1,w6,7220,1.424752060682914,1.199140873534706
structure,nonlinear,delta_mace,881,520.0,0.1,qbar6,7220,0.08668099372327798,0.29781480209504785
structure,nonlinear,delta_mace,881,520.0,0.1,q6_coherence,7220,0.14134777087340494,0.3589105380939715
structure,nonlinear,delta_mace,881,520.0,0.1,bond_order,7220,1.0727650735514664,1.0381252687995095
structure,nonlinear,delta_mace,881,520.0,0.1,angular_arrangement,7220,0.8598367664903614,1.0028674037362708
structure,nonlinear,delta_mace,1009,520.0,0.1,q4,13594,1.3756624463952227,1.1698018970890318
structure,nonlinear,delta_mace,1009,520.0,0.1,q6,13594,0.18108869762549765,0.4344309270350266
structure,nonlinear,delta_mace,1009,520.0,0.1,w4,13594,2.009147710252123,1.4351748440500554
structure,nonlinear,delta_mace,1009,520.0,0.1,w6,13594,0.29918603252051784,0.5394766852500842
structure,nonlinear,delta_mace,1009,520.0,0.1,qbar6,13594,0.05851757342828289,0.26619902782914234
structure,nonlinear,delta_mace,1009,520.0,0.1,q6_coherence,13594,0.05670912960179691,0.2222729122037974
structure,nonlinear,delta_mace,1009,520.0,0.1,bond_order,13594,0.6633852649705736,0.819369249853901
structure,nonlinear,delta_mace,1009,520.0,0.1,angular_arrangement,13594,0.64882450117922,0.9070728693780314
structure,nonlinear,duplicate_mace,911,400.0,0.05,q4,91,0.707249125158282,0.7864290239137353
structure,nonlinear,duplicate_mace,911,400.0,0.05,q6,91,0.09230576997673852,0.28107120380936584
structure,nonlinear,duplicate_mace,911,400.0,0.05,w4,91,1.066368462324999,1.0039194051485754
structure,nonlinear,duplicate_mace,911,400.0,0.05,w6,91,0.011460750851579136,0.09833909551856254
structure,nonlinear,duplicate_mace,911,400.0,0.05,qbar6,91,0.05073996225101232,0.1637500602188683
structure,nonlinear,duplicate_mace,911,400.0,0.05,q6_coherence,91,0.02780977469834491,0.08737102635964063
structure,nonlinear,duplicate_mace,911,400.0,0.05,bond_order,91,0.3259889742101592,0.5399759500006852
structure,nonlinear,duplicate_mace,911,400.0,0.05,angular_arrangement,91,0.3538966141787591,0.613096792440957
structure,nonlinear,duplicate_mace,913,400.0,0.05,q4,158,0.049113681439149605,0.16580978263499452
structure,nonlinear,duplicate_mace,913,400.0,0.05,q6,158,0.01744041398975292,0.11235314043889053
structure,nonlinear,duplicate_mace,913,400.0,0.05,w4,158,0.05632333085339516,0.21209998368458238
structure,nonlinear,duplicate_mace,913,400.0,0.05,w6,158,0.008620004422677683,0.07868418925212133
structure,nonlinear,duplicate_mace,913,400.0,0.05,qbar6,158,0.015182441869303533,0.040421867971188956
structure,nonlinear,duplicate_mace,913,400.0,0.05,q6_coherence,158,0.015048857554715493,0.024684560340675978
structure,nonlinear,duplicate_mace,913,400.0,0.05,bond_order,158,0.0269547883548324,0.12485790045134083
structure,nonlinear,duplicate_mace,913,400.0,0.05,angular_arrangement,158,0.11028749428224752,0.37381207866282845
structure,nonlinear,duplicate_mace,938,450.0,0.05,q4,13,1.5315652186956266,1.2555246469716765
structure,nonlinear,duplicate_mace,938,450.0,0.05,q6,13,0.27810756752579757,0.5500440943831092
structure,nonlinear,duplicate_mace,938,450.0,0.05,w4,13,2.312352114684057,1.547580763054549
structure,nonlinear,duplicate_mace,938,450.0,0.05,w6,13,0.05229024259918878,0.2132062701016716
structure,nonlinear,duplicate_mace,938,450.0,0.05,qbar6,13,0.08889424033886498,0.35945473949190987
structure,nonlinear,duplicate_mace,938,450.0,0.05,q6_coherence,13,0.03486932743016456,0.2256067345542457
structure,nonlinear,duplicate_mace,938,450.0,0.05,bond_order,13,0.71634645187895,0.8659734296468224
structure,nonlinear,duplicate_mace,938,450.0,0.05,angular_arrangement,13,1.02328503324917,1.0600659779537185
structure,nonlinear,duplicate_mace,942,450.0,0.05,q4,206,0.052972229741328376,0.18808513950432873
structure,nonlinear,duplicate_mace,942,450.0,0.05,q6,206,0.014874983859466982,0.11409508279772727
structure,nonlinear,duplicate_mace,942,450.0,0.05,w4,206,0.08109576499646898,0.2723829738548929
structure,nonlinear,duplicate_mace,942,450.0,0.05,w6,206,0.011702756139961856,0.09270735987560787
structure,nonlinear,duplicate_mace,942,450.0,0.05,qbar6,206,0.016522919889495887,0.04026644987015386
structure,nonlinear,duplicate_mace,942,450.0,0.05,q6_coherence,206,0.017103957602755033,0.0203954079111501
structure,nonlinear,duplicate_mace,942,450.0,0.05,bond_order,206,0.03237876870491285,0.1490068266283638
structure,nonlinear,duplicate_mace,942,450.0,0.05,angular_arrangement,206,0.1238269099554835,0.3904597233780116
structure,nonlinear,duplicate_mace,970,500.0,0.05,q4,82,0.16963541234504323,0.4122969130415288
structure,nonlinear,duplicate_mace,970,500.0,0.05,q6,82,0.027504064058886238,0.15570356584334472
structure,nonlinear,duplicate_mace,970,500.0,0.05,w4,82,0.13445299744379258,0.3966564763436262
structure,nonlinear,duplicate_mace,970,500.0,0.05,w6,82,0.012258585943558133,0.10562520457987064
structure,nonlinear,duplicate_mace,970,500.0,0.05,qbar6,82,0.019796212634780295,0.07958244387716755
structure,nonlinear,duplicate_mace,970,500.0,0.05,q6_coherence,82,0.015814288601667767,0.04325246021223588
structure,nonlinear,duplicate_mace,970,500.0,0.05,bond_order,82,0.06324359350462136,0.24863947449927762
structure,nonlinear,duplicate_mace,970,500.0,0.05,angular_arrangement,82,0.1739745713430181,0.4564394598621464
structure,nonlinear,duplicate_mace,971,500.0,0.05,q4,16,0.4316269611005308,0.6995239887906375
structure,nonlinear,duplicate_mace,971,500.0,0.05,q6,16,0.0372392198733954,0.19126547100619057
structure,nonlinear,duplicate_mace,971,500.0,0.05,w4,16,0.46348224335794613,0.7208948353117678
structure,nonlinear,duplicate_mace,971,500.0,0.05,w6,16,0.030954852661179998,0.1406353350802877
structure,nonlinear,duplicate_mace,971,500.0,0.05,qbar6,16,0.028105000888928484,0.13026485036415222
structure,nonlinear,duplicate_mace,971,500.0,0.05,q6_coherence,16,0.016963502602257558,0.08282895095921848
structure,nonlinear,duplicate_mace,971,500.0,0.05,bond_order,16,0.16806196341403976,0.4260699314084698
structure,nonlinear,duplicate_mace,971,500.0,0.05,angular_arrangement,16,0.20285057049732397,0.4772211851500516
structure,nonlinear,duplicate_mace,1000,510.0,0.05,q4,2,0.006132089992019564,0.18959328285465324
structure,nonlinear,duplicate_mace,1000,510.0,0.05,q6,2,0.03278761486106773,0.18444600397720076
structure,nonlinear,duplicate_mace,1000,510.0,0.05,w4,2,0.01825973474098389,0.18940047086597553
structure,nonlinear,duplicate_mace,1000,510.0,0.05,w6,2,0.02728387171643249,0.1854566227772121
structure,nonlinear,duplicate_mace,1000,510.0,0.05,qbar6,2,0.01716391836593684,0.05976879124222398
structure,nonlinear,duplicate_mace,1000,510.0,0.05,q6_coherence,2,0.018432786236281525,0.02829881516315293
structure,nonlinear,duplicate_mace,1000,510.0,0.05,bond_order,2,0.02001000265212034,0.15524484421344417
structure,nonlinear,duplicate_mace,1000,510.0,0.05,angular_arrangement,2,0.19462311970367513,0.4681339093935752
structure,nonlinear,duplicate_mace,1001,510.0,0.05,q4,27,0.3224414379608329,0.5806120321533584
structure,nonlinear,duplicate_mace,1001,510.0,0.05,q6,27,0.02699925019133395,0.15791416154800664
structure,nonlinear,duplicate_mace,1001,510.0,0.05,w4,27,0.3749065134367691,0.632134740607913
structure,nonlinear,duplicate_mace,1001,510.0,0.05,w6,27,0.0189292989282885,0.1417871957623332
structure,nonlinear,duplicate_mace,1001,510.0,0.05,qbar6,27,0.020065224272574338,0.09907650604183864
structure,nonlinear,duplicate_mace,1001,510.0,0.05,q6_coherence,27,0.018884393854764498,0.06835355034916336
structure,nonlinear,duplicate_mace,1001,510.0,0.05,bond_order,27,0.13037101977409388,0.3642877789511647
structure,nonlinear,duplicate_mace,1001,510.0,0.05,angular_arrangement,27,0.27222047782615005,0.5148658056162762
structure,nonlinear,duplicate_mace,1009,520.0,0.05,q4,14,0.05788383711833609,0.2113813404481155
structure,nonlinear,duplicate_mace,1009,520.0,0.05,q6,14,0.028846625307532205,0.1575887899811701
structure,nonlinear,duplicate_mace,1009,520.0,0.05,w4,14,0.048043357640476646,0.21643950211051974
structure,nonlinear,duplicate_mace,1009,520.0,0.05,w6,14,0.01158762632819042,0.09891221474462229
structure,nonlinear,duplicate_mace,1009,520.0,0.05,qbar6,14,0.014458245688722083,0.08945530424463699
structure,nonlinear,duplicate_mace,1009,520.0,0.05,q6_coherence,14,0.008718105465696242,0.05055296745715174
structure,nonlinear,duplicate_mace,1009,520.0,0.05,bond_order,14,0.02825629959149228,0.15094360762280937
structure,nonlinear,duplicate_mace,1009,520.0,0.05,angular_arrangement,14,0.18322470445726718,0.45369065818224485
structure,nonlinear,duplicate_mace,911,400.0,0.1,q4,13431,1.0793917330185865,1.0266270699159583
structure,nonlinear,duplicate_mace,911,400.0,0.1,q6,13431,0.21009270522977644,0.4510847212905268
structure,nonlinear,duplicate_mace,911,400.0,0.1,w4,13431,1.429849998240598,1.1788873541785532
structure,nonlinear,duplicate_mace,911,400.0,0.1,w6,13431,0.8788581317061377,0.9414256790661032
structure,nonlinear,duplicate_mace,911,400.0,0.1,qbar6,13431,0.08092923739715721,0.2363553336651145
structure,nonlinear,duplicate_mace,911,400.0,0.1,q6_coherence,13431,0.10492929313924917,0.2796867605913576
structure,nonlinear,duplicate_mace,911,400.0,0.1,bond_order,13431,0.6306751831219176,0.7818340400744901
structure,nonlinear,duplicate_mace,911,400.0,0.1,angular_arrangement,13431,0.5346099381300575,0.8252979712638587
structure,nonlinear,duplicate_mace,913,400.0,0.1,q4,11219,0.7254948989773758,0.8448989307302719
structure,nonlinear,duplicate_mace,913,400.0,0.1,q6,11219,0.2211602416847007,0.46883306725310797
structure,nonlinear,duplicate_mace,913,400.0,0.1,w4,11219,0.5323706347559999,0.7145189952348846
structure,nonlinear,duplicate_mace,913,400.0,0.1,w6,11219,1.0617403185880214,1.0293600635205897
structure,nonlinear,duplicate_mace,913,400.0,0.1,qbar6,11219,0.0622390357583888,0.20303463450821171
structure,nonlinear,duplicate_mace,913,400.0,0.1,q6_coherence,11219,0.1155538702712517,0.30413820210350695
structure,nonlinear,duplicate_mace,913,400.0,0.1,bond_order,11219,0.45309316667262306,0.6630109717305254
structure,nonlinear,duplicate_mace,913,400.0,0.1,angular_arrangement,11219,0.4287089389371575,0.7542531642816
structure,nonlinear,duplicate_mace,938,450.0,0.1,q4,10713,1.9025252475684646,1.3471635105358934
structure,nonlinear,duplicate_mace,938,450.0,0.1,q6,10713,0.3032435918419808,0.5533101707913456
structure,nonlinear,duplicate_mace,938,450.0,0.1,w4,10713,2.647814207757659,1.6320479698268333
structure,nonlinear,duplicate_mace,938,450.0,0.1,w6,10713,0.5081465353756454,0.7083241471819619
structure,nonlinear,duplicate_mace,938,450.0,0.1,qbar6,10713,0.1481111456573598,0.344674321476995
structure,nonlinear,duplicate_mace,938,450.0,0.1,q6_coherence,10713,0.12973291967228057,0.30677619376100695
structure,nonlinear,duplicate_mace,938,450.0,0.1,bond_order,10713,0.9399289413122318,0.9573589855658117
structure,nonlinear,duplicate_mace,938,450.0,0.1,angular_arrangement,10713,0.7969863662476998,0.9872689185839557
structure,nonlinear,duplicate_mace,942,450.0,0.1,q4,18952,0.39552018412962137,0.6211528106411476
structure,nonlinear,duplicate_mace,942,450.0,0.1,q6,18952,0.08527341096608905,0.2989398844217068
structure,nonlinear,duplicate_mace,942,450.0,0.1,w4,18952,0.4740797503659638,0.6820119560558205
structure,nonlinear,duplicate_mace,942,450.0,0.1,w6,18952,0.24720181587986018,0.4933391599659156
structure,nonlinear,duplicate_mace,942,450.0,0.1,qbar6,18952,0.036552944613695355,0.15644052039069942
structure,nonlinear,duplicate_mace,942,450.0,0.1,q6_coherence,18952,0.045208438764794155,0.16765122627601994
structure,nonlinear,duplicate_mace,942,450.0,0.1,bond_order,18952,0.21397275745333735,0.45392735720531113
structure,nonlinear,duplicate_mace,942,450.0,0.1,angular_arrangement,18952,0.2955163024651902,0.6903348653220536
structure,nonlinear,duplicate_mace,970,500.0,0.1,q4,20747,0.26629435256567635,0.4714557417719975
structure,nonlinear,duplicate_mace,970,500.0,0.1,q6,20747,0.06869487490760263,0.2592551341450374
structure,nonlinear,duplicate_mace,970,500.0,0.1,w4,20747,0.29749356078785577,0.5211441605080807
structure,nonlinear,duplicate_mace,970,500.0,0.1,w6,20747,0.2026161755051747,0.44411739938881173
structure,nonlinear,duplicate_mace,970,500.0,0.1,qbar6,20747,0.036985702903247,0.11966572327426174
structure,nonlinear,duplicate_mace,970,500.0,0.1,q6_coherence,20747,0.041599222139542036,0.13732672809140983
structure,nonlinear,duplicate_mace,970,500.0,0.1,bond_order,20747,0.15228064813484976,0.36320190828173043
structure,nonlinear,duplicate_mace,970,500.0,0.1,angular_arrangement,20747,0.3093946505775365,0.6968514217406444
structure,nonlinear,duplicate_mace,971,500.0,0.1,q4,10619,0.8413520912306487,0.9008294576495057
structure,nonlinear,duplicate_mace,971,500.0,0.1,q6,10619,0.17370973689792182,0.4132977630305768
structure,nonlinear,duplicate_mace,971,500.0,0.1,w4,10619,0.8746309726877228,0.9274178498987655
structure,nonlinear,duplicate_mace,971,500.0,0.1,w6,10619,0.5330280218718819,0.72640308493721
structure,nonlinear,duplicate_mace,971,500.0,0.1,qbar6,10619,0.09128278813446394,0.2603825747723752
structure,nonlinear,duplicate_mace,971,500.0,0.1,q6_coherence,10619,0.09623445232871493,0.2694443008106143
structure,nonlinear,duplicate_mace,971,500.0,0.1,bond_order,10619,0.4350396771918924,0.646847918666196
structure,nonlinear,duplicate_mace,971,500.0,0.1,angular_arrangement,10619,0.516606612042797,0.8297429856149184
structure,nonlinear,duplicate_mace,1000,510.0,0.1,q4,7473,1.888351182407431,1.3694532009823093
structure,nonlinear,duplicate_mace,1000,510.0,0.1,q6,7473,0.3403466370656643,0.5814350908456233
structure,nonlinear,duplicate_mace,1000,510.0,0.1,w4,7473,2.2473423282028167,1.485107729828026
structure,nonlinear,duplicate_mace,1000,510.0,0.1,w6,7473,1.3428768516799412,1.1487602659941378
structure,nonlinear,duplicate_mace,1000,510.0,0.1,qbar6,7473,0.1211246453820412,0.2878109178255946
structure,nonlinear,duplicate_mace,1000,510.0,0.1,q6_coherence,7473,0.15179869507866806,0.3405745462688651
structure,nonlinear,duplicate_mace,1000,510.0,0.1,bond_order,7473,1.0153067233027604,0.9947772027322734
structure,nonlinear,duplicate_mace,1000,510.0,0.1,angular_arrangement,7473,0.9176208103900414,1.0270293560948809
structure,nonlinear,duplicate_mace,1001,510.0,0.1,q4,11038,0.8161876292827412,0.8978323454131423
structure,nonlinear,duplicate_mace,1001,510.0,0.1,q6,11038,0.17197493764060853,0.4285204217098126
structure,nonlinear,duplicate_mace,1001,510.0,0.1,w4,11038,0.9801599994841449,0.969194001961416
structure,nonlinear,duplicate_mace,1001,510.0,0.1,w6,11038,0.48281470771168317,0.6915470759393563
structure,nonlinear,duplicate_mace,1001,510.0,0.1,qbar6,11038,0.08433412178269084,0.29217495095791196
structure,nonlinear,duplicate_mace,1001,510.0,0.1,q6_coherence,11038,0.10385605272178206,0.311294475741892
structure,nonlinear,duplicate_mace,1001,510.0,0.1,bond_order,11038,0.4398879081039418,0.6569598537411243
structure,nonlinear,duplicate_mace,1001,510.0,0.1,angular_arrangement,11038,0.46668418584973315,0.8038537170449556
structure,nonlinear,duplicate_mace,881,520.0,0.1,q4,7220,2.170016645042667,1.456085097712625
structure,nonlinear,duplicate_mace,881,520.0,0.1,q6,7220,0.31136698888238173,0.5538194099410891
structure,nonlinear,duplicate_mace,881,520.0,0.1,w4,7220,2.4137497529530005,1.543980384081562
structure,nonlinear,duplicate_mace,881,520.0,0.1,w6,7220,1.4326545882531816,1.199140873534706
structure,nonlinear,duplicate_mace,881,520.0,0.1,qbar6,7220,0.11230133289894827,0.29781480209504785
structure,nonlinear,duplicate_mace,881,520.0,0.1,q6_coherence,7220,0.1616522932061665,0.3589105380939715
structure,nonlinear,duplicate_mace,881,520.0,0.1,bond_order,7220,1.1002902668727244,1.0381252687995095
structure,nonlinear,duplicate_mace,881,520.0,0.1,angular_arrangement,7220,0.8950462416992065,1.0028674037362708
structure,nonlinear,duplicate_mace,1009,520.0,0.1,q4,13594,1.394922368932465,1.1698018970890318
structure,nonlinear,duplicate_mace,1009,520.0,0.1,q6,13594,0.1993009058785914,0.4344309270350266
structure,nonlinear,duplicate_mace,1009,520.0,0.1,w4,13594,2.039820008966159,1.4351748440500554
structure,nonlinear,duplicate_mace,1009,520.0,0.1,w6,13594,0.30265579365569556,0.5394766852500842
structure,nonlinear,duplicate_mace,1009,520.0,0.1,qbar6,13594,0.08880576166679889,0.26619902782914234
structure,nonlinear,duplicate_mace,1009,520.0,0.1,q6_coherence,13594,0.07536707851898657,0.2222729122037974
structure,nonlinear,duplicate_mace,1009,520.0,0.1,bond_order,13594,0.6834786529364494,0.819369249853901
structure,nonlinear,duplicate_mace,1009,520.0,0.1,angular_arrangement,13594,0.6781757166105956,0.9070728693780314
structure,nonlinear,plus_soap,911,400.0,0.05,q4,91,0.016538655486142372,0.7864290239137353
structure,nonlinear,plus_soap,911,400.0,0.05,q6,91,0.002864639377474591,0.28107120380936584
structure,nonlinear,plus_soap,911,400.0,0.05,w4,91,0.19390162220228743,1.0039194051485754
structure,nonlinear,plus_soap,911,400.0,0.05,w6,91,0.024761297796112303,0.09833909551856254
structure,nonlinear,plus_soap,911,400.0,0.05,qbar6,91,0.008194681016397587,0.1637500602188683
structure,nonlinear,plus_soap,911,400.0,0.05,q6_coherence,91,0.010355597971770651,0.08737102635964063
structure,nonlinear,plus_soap,911,400.0,0.05,bond_order,91,0.042769415641697485,0.5399759500006852
structure,nonlinear,plus_soap,911,400.0,0.05,angular_arrangement,91,0.08998288077243279,0.613096792440957
structure,nonlinear,plus_soap,913,400.0,0.05,q4,158,0.007315174755396311,0.16580978263499452
structure,nonlinear,plus_soap,913,400.0,0.05,q6,158,0.0016935747276787165,0.11235314043889053
structure,nonlinear,plus_soap,913,400.0,0.05,w4,158,0.0579900715185094,0.21209998368458238
structure,nonlinear,plus_soap,913,400.0,0.05,w6,158,0.019348094307662538,0.07868418925212133
structure,nonlinear,plus_soap,913,400.0,0.05,qbar6,158,0.007022775111954994,0.040421867971188956
structure,nonlinear,plus_soap,913,400.0,0.05,q6_coherence,158,0.008700294113904047,0.024684560340675978
structure,nonlinear,plus_soap,913,400.0,0.05,bond_order,158,0.01701166408918433,0.12485790045134083
structure,nonlinear,plus_soap,913,400.0,0.05,angular_arrangement,158,0.06602008526628082,0.37381207866282845
structure,nonlinear,plus_soap,938,450.0,0.05,q4,13,0.06017941058111863,1.2555246469716765
structure,nonlinear,plus_soap,938,450.0,0.05,q6,13,0.007783569195967021,0.5500440943831092
structure,nonlinear,plus_soap,938,450.0,0.05,w4,13,0.4460192050218055,1.547580763054549
structure,nonlinear,plus_soap,938,450.0,0.05,w6,13,0.0863883059683869,0.2132062701016716
structure,nonlinear,plus_soap,938,450.0,0.05,qbar6,13,0.0319253233114174,0.35945473949190987
structure,nonlinear,plus_soap,938,450.0,0.05,q6_coherence,13,0.0324322691119573,0.2256067345542457
structure,nonlinear,plus_soap,938,450.0,0.05,bond_order,13,0.11078801386510878,0.8659734296468224
structure,nonlinear,plus_soap,938,450.0,0.05,angular_arrangement,13,0.22395347404110147,1.0600659779537185
structure,nonlinear,plus_soap,942,450.0,0.05,q4,206,0.013688787916466624,0.18808513950432873
structure,nonlinear,plus_soap,942,450.0,0.05,q6,206,0.0022662913238856146,0.11409508279772727
structure,nonlinear,plus_soap,942,450.0,0.05,w4,206,0.08918003718396195,0.2723829738548929
structure,nonlinear,plus_soap,942,450.0,0.05,w6,206,0.030263036744869784,0.09270735987560787
structure,nonlinear,plus_soap,942,450.0,0.05,qbar6,206,0.008201855523098068,0.04026644987015386
structure,nonlinear,plus_soap,942,450.0,0.05,q6_coherence,206,0.009981298615895888,0.0203954079111501
structure,nonlinear,plus_soap,942,450.0,0.05,bond_order,206,0.02559688455136299,0.1490068266283638
structure,nonlinear,plus_soap,942,450.0,0.05,angular_arrangement,206,0.07743789280974354,0.3904597233780116
structure,nonlinear,plus_soap,970,500.0,0.05,q4,82,0.03224833072487267,0.4122969130415288
structure,nonlinear,plus_soap,970,500.0,0.05,q6,82,0.0027342138672030924,0.15570356584334472
structure,nonlinear,plus_soap,970,500.0,0.05,w4,82,0.0676620171512802,0.3966564763436262
structure,nonlinear,plus_soap,970,500.0,0.05,w6,82,0.04004162254703102,0.10562520457987064
structure,nonlinear,plus_soap,970,500.0,0.05,qbar6,82,0.006668856566718453,0.07958244387716755
structure,nonlinear,plus_soap,970,500.0,0.05,q6_coherence,82,0.010966907547475174,0.04325246021223588
structure,nonlinear,plus_soap,970,500.0,0.05,bond_order,82,0.02672032473409677,0.24863947449927762
structure,nonlinear,plus_soap,970,500.0,0.05,angular_arrangement,82,0.09024992888260679,0.4564394598621464
structure,nonlinear,plus_soap,971,500.0,0.05,q4,16,0.01421587990482443,0.6995239887906375
structure,nonlinear,plus_soap,971,500.0,0.05,q6,16,0.000881045274278711,0.19126547100619057
structure,nonlinear,plus_soap,971,500.0,0.05,w4,16,0.1540497069249147,0.7208948353117678
structure,nonlinear,plus_soap,971,500.0,0.05,w6,16,0.08566313535968605,0.1406353350802877
structure,nonlinear,plus_soap,971,500.0,0.05,qbar6,16,0.011864527495176726,0.13026485036415222
structure,nonlinear,plus_soap,971,500.0,0.05,q6_coherence,16,0.014812189150266506,0.08282895095921848
structure,nonlinear,plus_soap,971,500.0,0.05,bond_order,16,0.046914414018191186,0.4260699314084698
structure,nonlinear,plus_soap,971,500.0,0.05,angular_arrangement,16,0.09523235945377342,0.4772211851500516
structure,nonlinear,plus_soap,1000,510.0,0.05,q4,2,0.02448606337198641,0.18959328285465324
structure,nonlinear,plus_soap,1000,510.0,0.05,q6,2,0.0005264337718233204,0.18444600397720076
structure,nonlinear,plus_soap,1000,510.0,0.05,w4,2,0.011159457200342997,0.18940047086597553
structure,nonlinear,plus_soap,1000,510.0,0.05,w6,2,0.030918287862446922,0.1854566227772121
structure,nonlinear,plus_soap,1000,510.0,0.05,qbar6,2,0.027515069171432642,0.05976879124222398
structure,nonlinear,plus_soap,1000,510.0,0.05,q6_coherence,2,0.018578703478040196,0.02829881516315293
structure,nonlinear,plus_soap,1000,510.0,0.05,bond_order,2,0.01886400247601208,0.15524484421344417
structure,nonlinear,plus_soap,1000,510.0,0.05,angular_arrangement,2,0.05096923114128401,0.4681339093935752
structure,nonlinear,plus_soap,1001,510.0,0.05,q4,27,0.02076905738789135,0.5806120321533584
structure,nonlinear,plus_soap,1001,510.0,0.05,q6,27,0.0028904771561196604,0.15791416154800664
structure,nonlinear,plus_soap,1001,510.0,0.05,w4,27,0.12072913509307763,0.632134740607913
structure,nonlinear,plus_soap,1001,510.0,0.05,w6,27,0.039056165048305835,0.1417871957623332
structure,nonlinear,plus_soap,1001,510.0,0.05,qbar6,27,0.00991466495134168,0.09907650604183864
structure,nonlinear,plus_soap,1001,510.0,0.05,q6_coherence,27,0.012184459840819464,0.06835355034916336
structure,nonlinear,plus_soap,1001,510.0,0.05,bond_order,27,0.0342573265795926,0.3642877789511647
structure,nonlinear,plus_soap,1001,510.0,0.05,angular_arrangement,27,0.11376340512993116,0.5148658056162762
structure,nonlinear,plus_soap,1009,520.0,0.05,q4,14,0.014162497569714206,0.2113813404481155
structure,nonlinear,plus_soap,1009,520.0,0.05,q6,14,0.005783547241305457,0.1575887899811701
structure,nonlinear,plus_soap,1009,520.0,0.05,w4,14,0.0682901257667349,0.21643950211051974
structure,nonlinear,plus_soap,1009,520.0,0.05,w6,14,0.024287588760134628,0.09891221474462229
structure,nonlinear,plus_soap,1009,520.0,0.05,qbar6,14,0.007303332174130847,0.08945530424463699
structure,nonlinear,plus_soap,1009,520.0,0.05,q6_coherence,14,0.0053029313027179005,0.05055296745715174
structure,nonlinear,plus_soap,1009,520.0,0.05,bond_order,14,0.020855003802456324,0.15094360762280937
structure,nonlinear,plus_soap,1009,520.0,0.05,angular_arrangement,14,0.1179987519617132,0.45369065818224485
structure,nonlinear,plus_soap,911,400.0,0.1,q4,13431,0.1770127169115183,1.0266270699159583
structure,nonlinear,plus_soap,911,400.0,0.1,q6,13431,0.01677455544101388,0.4510847212905268
structure,nonlinear,plus_soap,911,400.0,0.1,w4,13431,0.5549567277634823,1.1788873541785532
structure,nonlinear,plus_soap,911,400.0,0.1,w6,13431,0.7982200289643686,0.9414256790661032
structure,nonlinear,plus_soap,911,400.0,0.1,qbar6,13431,0.03579175603036444,0.2363553336651145
structure,nonlinear,plus_soap,911,400.0,0.1,q6_coherence,13431,0.07674126268142026,0.2796867605913576
structure,nonlinear,plus_soap,911,400.0,0.1,bond_order,13431,0.27658284129869465,0.7818340400744901
structure,nonlinear,plus_soap,911,400.0,0.1,angular_arrangement,13431,0.24751746970068078,0.8252979712638587
structure,nonlinear,plus_soap,913,400.0,0.1,q4,11219,0.18786311681456677,0.8448989307302719
structure,nonlinear,plus_soap,913,400.0,0.1,q6,11219,0.019018081385450525,0.46883306725310797
structure,nonlinear,plus_soap,913,400.0,0.1,w4,11219,0.4462171581231831,0.7145189952348846
structure,nonlinear,plus_soap,913,400.0,0.1,w6,11219,0.9911254557598907,1.0293600635205897
structure,nonlinear,plus_soap,913,400.0,0.1,qbar6,11219,0.03797259825326802,0.20303463450821171
structure,nonlinear,plus_soap,913,400.0,0.1,q6_coherence,11219,0.08775558078343527,0.30413820210350695
structure,nonlinear,plus_soap,913,400.0,0.1,bond_order,11219,0.2949919985199657,0.6630109717305254
structure,nonlinear,plus_soap,913,400.0,0.1,angular_arrangement,11219,0.2562243072122737,0.7542531642816
structure,nonlinear,plus_soap,938,450.0,0.1,q4,10713,0.14844627716231773,1.3471635105358934
structure,nonlinear,plus_soap,938,450.0,0.1,q6,10713,0.013847840143402193,0.5533101707913456
structure,nonlinear,plus_soap,938,450.0,0.1,w4,10713,0.7377175241868875,1.6320479698268333
structure,nonlinear,plus_soap,938,450.0,0.1,w6,10713,0.4623764054418418,0.7083241471819619
structure,nonlinear,plus_soap,938,450.0,0.1,qbar6,10713,0.05074620856994638,0.344674321476995
structure,nonlinear,plus_soap,938,450.0,0.1,q6_coherence,10713,0.0774562587346981,0.30677619376100695
structure,nonlinear,plus_soap,938,450.0,0.1,bond_order,10713,0.24843175237318224,0.9573589855658117
structure,nonlinear,plus_soap,938,450.0,0.1,angular_arrangement,10713,0.2951339712007964,0.9872689185839557
structure,nonlinear,plus_soap,942,450.0,0.1,q4,18952,0.07149284217322545,0.6211528106411476
structure,nonlinear,plus_soap,942,450.0,0.1,q6,18952,0.007796962609396828,0.2989398844217068
structure,nonlinear,plus_soap,942,450.0,0.1,w4,18952,0.2627836934061527,0.6820119560558205
structure,nonlinear,plus_soap,942,450.0,0.1,w6,18952,0.2487367153391128,0.4933391599659156
structure,nonlinear,plus_soap,942,450.0,0.1,qbar6,18952,0.02164066198285015,0.15644052039069942
structure,nonlinear,plus_soap,942,450.0,0.1,q6_coherence,18952,0.03799806898903204,0.16765122627601994
structure,nonlinear,plus_soap,942,450.0,0.1,bond_order,18952,0.10840815741662832,0.45392735720531113
structure,nonlinear,plus_soap,942,450.0,0.1,angular_arrangement,18952,0.15586522739274647,0.6903348653220536
structure,nonlinear,plus_soap,970,500.0,0.1,q4,20747,0.05687507052865705,0.4714557417719975
structure,nonlinear,plus_soap,970,500.0,0.1,q6,20747,0.006529416128346471,0.2592551341450374
structure,nonlinear,plus_soap,970,500.0,0.1,w4,20747,0.19512970156407103,0.5211441605080807
structure,nonlinear,plus_soap,970,500.0,0.1,w6,20747,0.19625781090324995,0.44411739938881173
structure,nonlinear,plus_soap,970,500.0,0.1,qbar6,20747,0.018436073679566473,0.11966572327426174
structure,nonlinear,plus_soap,970,500.0,0.1,q6_coherence,20747,0.030899004854622027,0.13732672809140983
structure,nonlinear,plus_soap,970,500.0,0.1,bond_order,20747,0.08402117960975215,0.36320190828173043
structure,nonlinear,plus_soap,970,500.0,0.1,angular_arrangement,20747,0.16931625108677262,0.6968514217406444
structure,nonlinear,plus_soap,971,500.0,0.1,q4,10619,0.13517608064195838,0.9008294576495057
structure,nonlinear,plus_soap,971,500.0,0.1,q6,10619,0.012679160599740882,0.4132977630305768
structure,nonlinear,plus_soap,971,500.0,0.1,w4,10619,0.45375439141607865,0.9274178498987655
structure,nonlinear,plus_soap,971,500.0,0.1,w6,10619,0.5116599151288488,0.72640308493721
structure,nonlinear,plus_soap,971,500.0,0.1,qbar6,10619,0.04035254654085279,0.2603825747723752
structure,nonlinear,plus_soap,971,500.0,0.1,q6_coherence,10619,0.06575362267940463,0.2694443008106143
structure,nonlinear,plus_soap,971,500.0,0.1,bond_order,10619,0.20322928616781397,0.646847918666196
structure,nonlinear,plus_soap,971,500.0,0.1,angular_arrangement,10619,0.27195618386208376,0.8297429856149184
structure,nonlinear,plus_soap,1000,510.0,0.1,q4,7473,0.27732026226759,1.3694532009823093
structure,nonlinear,plus_soap,1000,510.0,0.1,q6,7473,0.025182852576140728,0.5814350908456233
structure,nonlinear,plus_soap,1000,510.0,0.1,w4,7473,0.7864881974015775,1.485107729828026
structure,nonlinear,plus_soap,1000,510.0,0.1,w6,7473,1.2348416204489285,1.1487602659941378
structure,nonlinear,plus_soap,1000,510.0,0.1,qbar6,7473,0.058550142724959155,0.2878109178255946
structure,nonlinear,plus_soap,1000,510.0,0.1,q6_coherence,7473,0.1173271388031278,0.3405745462688651
structure,nonlinear,plus_soap,1000,510.0,0.1,bond_order,7473,0.416618369037054,0.9947772027322734
structure,nonlinear,plus_soap,1000,510.0,0.1,angular_arrangement,7473,0.39251929098022115,1.0270293560948809
structure,nonlinear,plus_soap,1001,510.0,0.1,q4,11038,0.13859598920923746,0.8978323454131423
structure,nonlinear,plus_soap,1001,510.0,0.1,q6,11038,0.011901888207080987,0.4285204217098126
structure,nonlinear,plus_soap,1001,510.0,0.1,w4,11038,0.5267598128621774,0.969194001961416
structure,nonlinear,plus_soap,1001,510.0,0.1,w6,11038,0.4683477242407793,0.6915470759393563
structure,nonlinear,plus_soap,1001,510.0,0.1,qbar6,11038,0.03885290298236168,0.29217495095791196
structure,nonlinear,plus_soap,1001,510.0,0.1,q6_coherence,11038,0.07049932063816819,0.311294475741892
structure,nonlinear,plus_soap,1001,510.0,0.1,bond_order,11038,0.20915960635663414,0.6569598537411243
structure,nonlinear,plus_soap,1001,510.0,0.1,angular_arrangement,11038,0.24974883048862942,0.8038537170449556
structure,nonlinear,plus_soap,881,520.0,0.1,q4,7220,0.28632889830696345,1.456085097712625
structure,nonlinear,plus_soap,881,520.0,0.1,q6,7220,0.022494078928044448,0.5538194099410891
structure,nonlinear,plus_soap,881,520.0,0.1,w4,7220,1.01935252480015,1.543980384081562
structure,nonlinear,plus_soap,881,520.0,0.1,w6,7220,1.3122027155823406,1.199140873534706
structure,nonlinear,plus_soap,881,520.0,0.1,qbar6,7220,0.06771212371894157,0.29781480209504785
structure,nonlinear,plus_soap,881,520.0,0.1,q6_coherence,7220,0.14086952343107748,0.3589105380939715
structure,nonlinear,plus_soap,881,520.0,0.1,bond_order,7220,0.47482664412791953,1.0381252687995095
structure,nonlinear,plus_soap,881,520.0,0.1,angular_arrangement,7220,0.40715096563998043,1.0028674037362708
structure,nonlinear,plus_soap,1009,520.0,0.1,q4,13594,0.10112231244398784,1.1698018970890318
structure,nonlinear,plus_soap,1009,520.0,0.1,q6,13594,0.010825336648326096,0.4344309270350266
structure,nonlinear,plus_soap,1009,520.0,0.1,w4,13594,0.7212224106491931,1.4351748440500554
structure,nonlinear,plus_soap,1009,520.0,0.1,w6,13594,0.312877797937191,0.5394766852500842
structure,nonlinear,plus_soap,1009,520.0,0.1,qbar6,13594,0.03404839307542066,0.26619902782914234
structure,nonlinear,plus_soap,1009,520.0,0.1,q6_coherence,13594,0.052453043399535285,0.2222729122037974
structure,nonlinear,plus_soap,1009,520.0,0.1,bond_order,13594,0.2054248823589423,0.819369249853901
structure,nonlinear,plus_soap,1009,520.0,0.1,angular_arrangement,13594,0.296234750090274,0.9070728693780314
