source_id,population,method,metric,value,samples
860,all,encoder,present/bond_order,0.6229840517044067,12
861,all,encoder,present/bond_order,0.17683172225952148,12
862,all,encoder,present/bond_order,0.5366766452789307,12
863,all,encoder,present/bond_order,0.5726057887077332,12
864,all,encoder,present/bond_order,0.19056029617786407,12
865,all,encoder,present/bond_order,0.30594193935394287,12
866,all,encoder,present/bond_order,0.18864448368549347,12
867,all,encoder,present/bond_order,0.2416185587644577,12
868,all,encoder,present/bond_order,0.39445748925209045,12
869,all,encoder,present/bond_order,0.16769063472747803,12
870,all,encoder,present/bond_order,0.229853555560112,12
871,all,encoder,present/bond_order,0.3325163722038269,12
872,all,encoder,present/bond_order,0.7676019668579102,12
873,all,encoder,present/bond_order,0.408023864030838,12
874,all,encoder,present/bond_order,0.31770825386047363,12
884,all,encoder,present/bond_order,0.33764728903770447,12
885,all,encoder,present/bond_order,0.4025901257991791,12
886,all,encoder,present/bond_order,0.5390436053276062,12
887,all,encoder,present/bond_order,0.20567096769809723,12
888,all,encoder,present/bond_order,0.2752368152141571,12
889,all,encoder,present/bond_order,0.29984354972839355,12
890,all,encoder,present/bond_order,0.6607939004898071,12
891,all,encoder,present/bond_order,0.2105286717414856,12
892,all,encoder,present/bond_order,0.28897804021835327,12
893,all,encoder,present/bond_order,0.22550742328166962,12
894,all,encoder,present/bond_order,0.5755528211593628,12
895,all,encoder,present/bond_order,0.16916213929653168,12
896,all,encoder,present/bond_order,0.2166939377784729,12
897,all,encoder,present/bond_order,0.2129524201154709,12
898,all,encoder,present/bond_order,0.2806856036186218,12
899,all,encoder,present/bond_order,0.3374350368976593,12
900,all,encoder,present/bond_order,0.3134138286113739,12
901,all,encoder,present/bond_order,0.23346275091171265,12
914,all,encoder,present/bond_order,0.7052050232887268,12
915,all,encoder,present/bond_order,1.084860920906067,12
916,all,encoder,present/bond_order,0.5635008215904236,12
917,all,encoder,present/bond_order,0.3914581835269928,12
918,all,encoder,present/bond_order,0.41355037689208984,12
919,all,encoder,present/bond_order,0.5640788674354553,12
920,all,encoder,present/bond_order,0.9617154002189636,12
921,all,encoder,present/bond_order,0.4698532521724701,12
922,all,encoder,present/bond_order,1.102099895477295,12
923,all,encoder,present/bond_order,0.5999012589454651,12
924,all,encoder,present/bond_order,0.9253318905830383,12
925,all,encoder,present/bond_order,0.6046934127807617,12
926,all,encoder,present/bond_order,0.38901200890541077,12
927,all,encoder,present/bond_order,0.46819207072257996,12
928,all,encoder,present/bond_order,0.5727633833885193,12
929,all,encoder,present/bond_order,0.7556666731834412,12
930,all,encoder,present/bond_order,0.4094131886959076,12
931,all,encoder,present/bond_order,0.8190612196922302,12
944,all,encoder,present/bond_order,0.5022976994514465,12
945,all,encoder,present/bond_order,0.8260717391967773,12
946,all,encoder,present/bond_order,0.6338080167770386,12
947,all,encoder,present/bond_order,0.9899530410766602,12
948,all,encoder,present/bond_order,0.7737891674041748,12
949,all,encoder,present/bond_order,0.5528486371040344,12
950,all,encoder,present/bond_order,0.2925199866294861,12
951,all,encoder,present/bond_order,0.6888453960418701,12
952,all,encoder,present/bond_order,0.41481176018714905,12
953,all,encoder,present/bond_order,0.7008863091468811,12
954,all,encoder,present/bond_order,0.189630389213562,12
955,all,encoder,present/bond_order,0.4816643297672272,12
956,all,encoder,present/bond_order,0.24310874938964844,12
957,all,encoder,present/bond_order,0.8536941409111023,12
958,all,encoder,present/bond_order,0.9499598145484924,12
959,all,encoder,present/bond_order,0.82975834608078,12
960,all,encoder,present/bond_order,0.8436955809593201,12
961,all,encoder,present/bond_order,0.6659336090087891,12
974,all,encoder,present/bond_order,0.7162628173828125,12
975,all,encoder,present/bond_order,0.8180171847343445,12
976,all,encoder,present/bond_order,0.6338475346565247,12
977,all,encoder,present/bond_order,0.48633480072021484,12
978,all,encoder,present/bond_order,0.22172237932682037,12
979,all,encoder,present/bond_order,0.21389330923557281,12
980,all,encoder,present/bond_order,0.3662686347961426,12
981,all,encoder,present/bond_order,0.5875071883201599,12
982,all,encoder,present/bond_order,0.3561050593852997,12
983,all,encoder,present/bond_order,0.44530996680259705,12
984,all,encoder,present/bond_order,0.6285065412521362,12
985,all,encoder,present/bond_order,0.6120367646217346,12
986,all,encoder,present/bond_order,0.3398396670818329,12
987,all,encoder,present/bond_order,0.5692247152328491,12
988,all,encoder,present/bond_order,0.3267298936843872,12
989,all,encoder,present/bond_order,0.38168737292289734,12
990,all,encoder,present/bond_order,0.4156758785247803,12
991,all,encoder,present/bond_order,0.4765242040157318,12
1004,all,encoder,present/bond_order,0.33631613850593567,12
1005,all,encoder,present/bond_order,0.8995101451873779,12
1006,all,encoder,present/bond_order,0.5407776832580566,12
860,all,encoder,future/0.75ps/bond_order,0.6401439309120178,12
861,all,encoder,future/0.75ps/bond_order,0.21327495574951172,12
862,all,encoder,future/0.75ps/bond_order,0.5705379247665405,12
863,all,encoder,future/0.75ps/bond_order,0.5679519772529602,12
864,all,encoder,future/0.75ps/bond_order,0.24517059326171875,12
865,all,encoder,future/0.75ps/bond_order,0.31787803769111633,12
866,all,encoder,future/0.75ps/bond_order,0.17271964251995087,12
867,all,encoder,future/0.75ps/bond_order,0.27850672602653503,12
868,all,encoder,future/0.75ps/bond_order,0.4013320207595825,12
869,all,encoder,future/0.75ps/bond_order,0.17929838597774506,12
870,all,encoder,future/0.75ps/bond_order,0.2865239679813385,12
871,all,encoder,future/0.75ps/bond_order,0.38375210762023926,12
872,all,encoder,future/0.75ps/bond_order,0.723928689956665,12
873,all,encoder,future/0.75ps/bond_order,0.46616700291633606,12
874,all,encoder,future/0.75ps/bond_order,0.38863706588745117,12
884,all,encoder,future/0.75ps/bond_order,0.38275596499443054,12
885,all,encoder,future/0.75ps/bond_order,0.42108848690986633,12
886,all,encoder,future/0.75ps/bond_order,0.532154381275177,12
887,all,encoder,future/0.75ps/bond_order,0.22864528000354767,12
888,all,encoder,future/0.75ps/bond_order,0.28955015540122986,12
889,all,encoder,future/0.75ps/bond_order,0.36388659477233887,12
890,all,encoder,future/0.75ps/bond_order,0.6969000697135925,12
891,all,encoder,future/0.75ps/bond_order,0.22905708849430084,12
892,all,encoder,future/0.75ps/bond_order,0.27923786640167236,12
893,all,encoder,future/0.75ps/bond_order,0.25248411297798157,12
894,all,encoder,future/0.75ps/bond_order,0.6121428608894348,12
895,all,encoder,future/0.75ps/bond_order,0.1837596893310547,12
896,all,encoder,future/0.75ps/bond_order,0.2238602638244629,12
897,all,encoder,future/0.75ps/bond_order,0.2316819429397583,12
898,all,encoder,future/0.75ps/bond_order,0.30237409472465515,12
899,all,encoder,future/0.75ps/bond_order,0.3232821226119995,12
900,all,encoder,future/0.75ps/bond_order,0.30003753304481506,12
901,all,encoder,future/0.75ps/bond_order,0.2762506902217865,12
914,all,encoder,future/0.75ps/bond_order,0.7795594334602356,12
915,all,encoder,future/0.75ps/bond_order,1.0444895029067993,12
916,all,encoder,future/0.75ps/bond_order,0.6039615273475647,12
917,all,encoder,future/0.75ps/bond_order,0.390318900346756,12
918,all,encoder,future/0.75ps/bond_order,0.4219459593296051,12
919,all,encoder,future/0.75ps/bond_order,0.5564261674880981,12
920,all,encoder,future/0.75ps/bond_order,0.9499152302742004,12
921,all,encoder,future/0.75ps/bond_order,0.5124969482421875,12
922,all,encoder,future/0.75ps/bond_order,1.09027099609375,12
923,all,encoder,future/0.75ps/bond_order,0.6333380937576294,12
924,all,encoder,future/0.75ps/bond_order,0.971030056476593,12
925,all,encoder,future/0.75ps/bond_order,0.653033435344696,12
926,all,encoder,future/0.75ps/bond_order,0.40303125977516174,12
927,all,encoder,future/0.75ps/bond_order,0.47628721594810486,12
928,all,encoder,future/0.75ps/bond_order,0.5446938276290894,12
929,all,encoder,future/0.75ps/bond_order,0.7303273677825928,12
930,all,encoder,future/0.75ps/bond_order,0.3901788294315338,12
931,all,encoder,future/0.75ps/bond_order,0.7883062362670898,12
944,all,encoder,future/0.75ps/bond_order,0.513176679611206,12
945,all,encoder,future/0.75ps/bond_order,0.755174458026886,12
946,all,encoder,future/0.75ps/bond_order,0.6252410411834717,12
947,all,encoder,future/0.75ps/bond_order,0.9579112529754639,12
948,all,encoder,future/0.75ps/bond_order,0.7671267986297607,12
949,all,encoder,future/0.75ps/bond_order,0.5283253192901611,12
950,all,encoder,future/0.75ps/bond_order,0.26938146352767944,12
951,all,encoder,future/0.75ps/bond_order,0.7232552170753479,12
952,all,encoder,future/0.75ps/bond_order,0.451980859041214,12
953,all,encoder,future/0.75ps/bond_order,0.7047932147979736,12
954,all,encoder,future/0.75ps/bond_order,0.2305055856704712,12
955,all,encoder,future/0.75ps/bond_order,0.454468697309494,12
956,all,encoder,future/0.75ps/bond_order,0.31891268491744995,12
957,all,encoder,future/0.75ps/bond_order,0.8334288597106934,12
958,all,encoder,future/0.75ps/bond_order,0.9063823223114014,12
959,all,encoder,future/0.75ps/bond_order,0.8098482489585876,12
960,all,encoder,future/0.75ps/bond_order,0.7761515974998474,12
961,all,encoder,future/0.75ps/bond_order,0.6989005208015442,12
974,all,encoder,future/0.75ps/bond_order,0.6630609035491943,12
975,all,encoder,future/0.75ps/bond_order,0.7684230804443359,12
976,all,encoder,future/0.75ps/bond_order,0.6236947178840637,12
977,all,encoder,future/0.75ps/bond_order,0.46195653080940247,12
978,all,encoder,future/0.75ps/bond_order,0.2665947377681732,12
979,all,encoder,future/0.75ps/bond_order,0.241581991314888,12
980,all,encoder,future/0.75ps/bond_order,0.37129902839660645,12
981,all,encoder,future/0.75ps/bond_order,0.562202513217926,12
982,all,encoder,future/0.75ps/bond_order,0.3674372136592865,12
983,all,encoder,future/0.75ps/bond_order,0.43061399459838867,12
984,all,encoder,future/0.75ps/bond_order,0.583640992641449,12
985,all,encoder,future/0.75ps/bond_order,0.5822939276695251,12
986,all,encoder,future/0.75ps/bond_order,0.3184202015399933,12
987,all,encoder,future/0.75ps/bond_order,0.607023298740387,12
988,all,encoder,future/0.75ps/bond_order,0.353908896446228,12
989,all,encoder,future/0.75ps/bond_order,0.40301069617271423,12
990,all,encoder,future/0.75ps/bond_order,0.3948546350002289,12
991,all,encoder,future/0.75ps/bond_order,0.39925917983055115,12
1004,all,encoder,future/0.75ps/bond_order,0.32195964455604553,12
1005,all,encoder,future/0.75ps/bond_order,0.8669764995574951,12
1006,all,encoder,future/0.75ps/bond_order,0.5691746473312378,12
860,all,persistence,future/0.75ps/bond_order,0.07246481627225876,12
861,all,persistence,future/0.75ps/bond_order,0.15103933215141296,12
862,all,persistence,future/0.75ps/bond_order,0.04034037888050079,12
863,all,persistence,future/0.75ps/bond_order,0.065562404692173,12
864,all,persistence,future/0.75ps/bond_order,0.14384593069553375,12
865,all,persistence,future/0.75ps/bond_order,0.19934184849262238,12
866,all,persistence,future/0.75ps/bond_order,0.16622596979141235,12
867,all,persistence,future/0.75ps/bond_order,0.15567557513713837,12
868,all,persistence,future/0.75ps/bond_order,0.08485567569732666,12
869,all,persistence,future/0.75ps/bond_order,0.17642956972122192,12
870,all,persistence,future/0.75ps/bond_order,0.15410707890987396,12
871,all,persistence,future/0.75ps/bond_order,0.2516633868217468,12
872,all,persistence,future/0.75ps/bond_order,0.10720151662826538,12
873,all,persistence,future/0.75ps/bond_order,0.06035078689455986,12
874,all,persistence,future/0.75ps/bond_order,0.22931313514709473,12
884,all,persistence,future/0.75ps/bond_order,0.08589693903923035,12
885,all,persistence,future/0.75ps/bond_order,0.08372422307729721,12
886,all,persistence,future/0.75ps/bond_order,0.030913760885596275,12
887,all,persistence,future/0.75ps/bond_order,0.11733917146921158,12
888,all,persistence,future/0.75ps/bond_order,0.12088937312364578,12
889,all,persistence,future/0.75ps/bond_order,0.13287362456321716,12
890,all,persistence,future/0.75ps/bond_order,0.08639427274465561,12
891,all,persistence,future/0.75ps/bond_order,0.11459650844335556,12
892,all,persistence,future/0.75ps/bond_order,0.10749444365501404,12
893,all,persistence,future/0.75ps/bond_order,0.0887831375002861,12
894,all,persistence,future/0.75ps/bond_order,0.10483921319246292,12
895,all,persistence,future/0.75ps/bond_order,0.09080369025468826,12
896,all,persistence,future/0.75ps/bond_order,0.11136186867952347,12
897,all,persistence,future/0.75ps/bond_order,0.11265650391578674,12
898,all,persistence,future/0.75ps/bond_order,0.17304760217666626,12
899,all,persistence,future/0.75ps/bond_order,0.08989682048559189,12
900,all,persistence,future/0.75ps/bond_order,0.1975754350423813,12
901,all,persistence,future/0.75ps/bond_order,0.14099399745464325,12
914,all,persistence,future/0.75ps/bond_order,0.07191010564565659,12
915,all,persistence,future/0.75ps/bond_order,0.04509042575955391,12
916,all,persistence,future/0.75ps/bond_order,0.05710781738162041,12
917,all,persistence,future/0.75ps/bond_order,0.026912065222859383,12
918,all,persistence,future/0.75ps/bond_order,0.0849691852927208,12
919,all,persistence,future/0.75ps/bond_order,0.06560263782739639,12
920,all,persistence,future/0.75ps/bond_order,0.05352843180298805,12
921,all,persistence,future/0.75ps/bond_order,0.04273540899157524,12
922,all,persistence,future/0.75ps/bond_order,0.03362805023789406,12
923,all,persistence,future/0.75ps/bond_order,0.029448511078953743,12
924,all,persistence,future/0.75ps/bond_order,0.08736613392829895,12
925,all,persistence,future/0.75ps/bond_order,0.05488399788737297,12
926,all,persistence,future/0.75ps/bond_order,0.033976223319768906,12
927,all,persistence,future/0.75ps/bond_order,0.03847327455878258,12
928,all,persistence,future/0.75ps/bond_order,0.07846572250127792,12
929,all,persistence,future/0.75ps/bond_order,0.022617990151047707,12
930,all,persistence,future/0.75ps/bond_order,0.0647013708949089,12
931,all,persistence,future/0.75ps/bond_order,0.06468034535646439,12
944,all,persistence,future/0.75ps/bond_order,0.051907721906900406,12
945,all,persistence,future/0.75ps/bond_order,0.057859644293785095,12
946,all,persistence,future/0.75ps/bond_order,0.036032844334840775,12
947,all,persistence,future/0.75ps/bond_order,0.03261624649167061,12
948,all,persistence,future/0.75ps/bond_order,0.025120379403233528,12
949,all,persistence,future/0.75ps/bond_order,0.027015214785933495,12
950,all,persistence,future/0.75ps/bond_order,0.17531055212020874,12
951,all,persistence,future/0.75ps/bond_order,0.03426414728164673,12
952,all,persistence,future/0.75ps/bond_order,0.04355527088046074,12
953,all,persistence,future/0.75ps/bond_order,0.07452746480703354,12
954,all,persistence,future/0.75ps/bond_order,0.1821744590997696,12
955,all,persistence,future/0.75ps/bond_order,0.025621967390179634,12
956,all,persistence,future/0.75ps/bond_order,0.16931356489658356,12
957,all,persistence,future/0.75ps/bond_order,0.04983781650662422,12
958,all,persistence,future/0.75ps/bond_order,0.03589504212141037,12
959,all,persistence,future/0.75ps/bond_order,0.0997445285320282,12
960,all,persistence,future/0.75ps/bond_order,0.04109558090567589,12
961,all,persistence,future/0.75ps/bond_order,0.0780029222369194,12
974,all,persistence,future/0.75ps/bond_order,0.09532136470079422,12
975,all,persistence,future/0.75ps/bond_order,0.04022451117634773,12
976,all,persistence,future/0.75ps/bond_order,0.08812850713729858,12
977,all,persistence,future/0.75ps/bond_order,0.06119833514094353,12
978,all,persistence,future/0.75ps/bond_order,0.12176317721605301,12
979,all,persistence,future/0.75ps/bond_order,0.19464249908924103,12
980,all,persistence,future/0.75ps/bond_order,0.033092427998781204,12
981,all,persistence,future/0.75ps/bond_order,0.08265741914510727,12
982,all,persistence,future/0.75ps/bond_order,0.05848752334713936,12
983,all,persistence,future/0.75ps/bond_order,0.11348588019609451,12
984,all,persistence,future/0.75ps/bond_order,0.12059219926595688,12
985,all,persistence,future/0.75ps/bond_order,0.06297095865011215,12
986,all,persistence,future/0.75ps/bond_order,0.05669848620891571,12
987,all,persistence,future/0.75ps/bond_order,0.07926226407289505,12
988,all,persistence,future/0.75ps/bond_order,0.16765481233596802,12
989,all,persistence,future/0.75ps/bond_order,0.05092335119843483,12
990,all,persistence,future/0.75ps/bond_order,0.043155487626791,12
991,all,persistence,future/0.75ps/bond_order,0.05569848418235779,12
1004,all,persistence,future/0.75ps/bond_order,0.038274552673101425,12
1005,all,persistence,future/0.75ps/bond_order,0.023996343836188316,12
1006,all,persistence,future/0.75ps/bond_order,0.03184087947010994,12
860,all,encoder,delta/0.75ps/bond_order,0.07543639093637466,12
861,all,encoder,delta/0.75ps/bond_order,0.1667470782995224,12
862,all,encoder,delta/0.75ps/bond_order,0.0423768050968647,12
863,all,encoder,delta/0.75ps/bond_order,0.06688348203897476,12
864,all,encoder,delta/0.75ps/bond_order,0.16731010377407074,12
865,all,encoder,delta/0.75ps/bond_order,0.22291088104248047,12
866,all,encoder,delta/0.75ps/bond_order,0.1849568486213684,12
867,all,encoder,delta/0.75ps/bond_order,0.17316888272762299,12
868,all,encoder,delta/0.75ps/bond_order,0.09530997276306152,12
869,all,encoder,delta/0.75ps/bond_order,0.17731882631778717,12
870,all,encoder,delta/0.75ps/bond_order,0.16198745369911194,12
871,all,encoder,delta/0.75ps/bond_order,0.2545357644557953,12
872,all,encoder,delta/0.75ps/bond_order,0.10994445532560349,12
873,all,encoder,delta/0.75ps/bond_order,0.060781221836805344,12
874,all,encoder,delta/0.75ps/bond_order,0.23218943178653717,12
884,all,encoder,delta/0.75ps/bond_order,0.09583453088998795,12
885,all,encoder,delta/0.75ps/bond_order,0.09326853603124619,12
886,all,encoder,delta/0.75ps/bond_order,0.033531833440065384,12
887,all,encoder,delta/0.75ps/bond_order,0.11905550211668015,12
888,all,encoder,delta/0.75ps/bond_order,0.12926192581653595,12
889,all,encoder,delta/0.75ps/bond_order,0.14121398329734802,12
890,all,encoder,delta/0.75ps/bond_order,0.0930265262722969,12
891,all,encoder,delta/0.75ps/bond_order,0.12499599903821945,12
892,all,encoder,delta/0.75ps/bond_order,0.11622846871614456,12
893,all,encoder,delta/0.75ps/bond_order,0.10167711973190308,12
894,all,encoder,delta/0.75ps/bond_order,0.11211184412240982,12
895,all,encoder,delta/0.75ps/bond_order,0.09789234399795532,12
896,all,encoder,delta/0.75ps/bond_order,0.11235109716653824,12
897,all,encoder,delta/0.75ps/bond_order,0.11921077966690063,12
898,all,encoder,delta/0.75ps/bond_order,0.18202631175518036,12
899,all,encoder,delta/0.75ps/bond_order,0.1034458801150322,12
900,all,encoder,delta/0.75ps/bond_order,0.20434312522411346,12
901,all,encoder,delta/0.75ps/bond_order,0.14697803556919098,12
914,all,encoder,delta/0.75ps/bond_order,0.07085291296243668,12
915,all,encoder,delta/0.75ps/bond_order,0.0491621233522892,12
916,all,encoder,delta/0.75ps/bond_order,0.05957662686705589,12
917,all,encoder,delta/0.75ps/bond_order,0.02811671793460846,12
918,all,encoder,delta/0.75ps/bond_order,0.08686058968305588,12
919,all,encoder,delta/0.75ps/bond_order,0.07038673013448715,12
920,all,encoder,delta/0.75ps/bond_order,0.05650365725159645,12
921,all,encoder,delta/0.75ps/bond_order,0.04399307072162628,12
922,all,encoder,delta/0.75ps/bond_order,0.0405484139919281,12
923,all,encoder,delta/0.75ps/bond_order,0.02944306842982769,12
924,all,encoder,delta/0.75ps/bond_order,0.08958426117897034,12
925,all,encoder,delta/0.75ps/bond_order,0.055142104625701904,12
926,all,encoder,delta/0.75ps/bond_order,0.03506629914045334,12
927,all,encoder,delta/0.75ps/bond_order,0.03844737261533737,12
928,all,encoder,delta/0.75ps/bond_order,0.08006983995437622,12
929,all,encoder,delta/0.75ps/bond_order,0.026501068845391273,12
930,all,encoder,delta/0.75ps/bond_order,0.06560010462999344,12
931,all,encoder,delta/0.75ps/bond_order,0.06979873776435852,12
944,all,encoder,delta/0.75ps/bond_order,0.05677040293812752,12
945,all,encoder,delta/0.75ps/bond_order,0.06246088072657585,12
946,all,encoder,delta/0.75ps/bond_order,0.038199204951524734,12
947,all,encoder,delta/0.75ps/bond_order,0.03407988324761391,12
948,all,encoder,delta/0.75ps/bond_order,0.027372026816010475,12
949,all,encoder,delta/0.75ps/bond_order,0.02777595818042755,12
950,all,encoder,delta/0.75ps/bond_order,0.18260790407657623,12
951,all,encoder,delta/0.75ps/bond_order,0.03522224724292755,12
952,all,encoder,delta/0.75ps/bond_order,0.044087205082178116,12
953,all,encoder,delta/0.75ps/bond_order,0.07492900639772415,12
954,all,encoder,delta/0.75ps/bond_order,0.20339642465114594,12
955,all,encoder,delta/0.75ps/bond_order,0.026768973097205162,12
956,all,encoder,delta/0.75ps/bond_order,0.19012020528316498,12
957,all,encoder,delta/0.75ps/bond_order,0.04991987347602844,12
958,all,encoder,delta/0.75ps/bond_order,0.0404975600540638,12
959,all,encoder,delta/0.75ps/bond_order,0.10357531905174255,12
960,all,encoder,delta/0.75ps/bond_order,0.046397700905799866,12
961,all,encoder,delta/0.75ps/bond_order,0.07908773422241211,12
974,all,encoder,delta/0.75ps/bond_order,0.09562981128692627,12
975,all,encoder,delta/0.75ps/bond_order,0.04176715388894081,12
976,all,encoder,delta/0.75ps/bond_order,0.08943966776132584,12
977,all,encoder,delta/0.75ps/bond_order,0.06152810528874397,12
978,all,encoder,delta/0.75ps/bond_order,0.13382144272327423,12
979,all,encoder,delta/0.75ps/bond_order,0.21315555274486542,12
980,all,encoder,delta/0.75ps/bond_order,0.03410591185092926,12
981,all,encoder,delta/0.75ps/bond_order,0.0855538472533226,12
982,all,encoder,delta/0.75ps/bond_order,0.05836745724081993,12
983,all,encoder,delta/0.75ps/bond_order,0.11817146092653275,12
984,all,encoder,delta/0.75ps/bond_order,0.12463095784187317,12
985,all,encoder,delta/0.75ps/bond_order,0.06587760895490646,12
986,all,encoder,delta/0.75ps/bond_order,0.059845101088285446,12
987,all,encoder,delta/0.75ps/bond_order,0.07801289111375809,12
988,all,encoder,delta/0.75ps/bond_order,0.17228083312511444,12
989,all,encoder,delta/0.75ps/bond_order,0.05232924595475197,12
990,all,encoder,delta/0.75ps/bond_order,0.041588108986616135,12
991,all,encoder,delta/0.75ps/bond_order,0.05787258222699165,12
1004,all,encoder,delta/0.75ps/bond_order,0.0379132516682148,12
1005,all,encoder,delta/0.75ps/bond_order,0.026875386014580727,12
1006,all,encoder,delta/0.75ps/bond_order,0.033805008977651596,12
860,all,encoder,future/3ps/bond_order,0.6304411888122559,12
861,all,encoder,future/3ps/bond_order,0.2851211726665497,12
862,all,encoder,future/3ps/bond_order,0.48390066623687744,12
863,all,encoder,future/3ps/bond_order,0.5791881680488586,12
864,all,encoder,future/3ps/bond_order,0.2795731723308563,12
865,all,encoder,future/3ps/bond_order,0.243893101811409,12
866,all,encoder,future/3ps/bond_order,0.24193044006824493,12
867,all,encoder,future/3ps/bond_order,0.35874342918395996,12
868,all,encoder,future/3ps/bond_order,0.3748739957809448,12
869,all,encoder,future/3ps/bond_order,0.17798472940921783,12
870,all,encoder,future/3ps/bond_order,0.3237955868244171,12
871,all,encoder,future/3ps/bond_order,0.5403322577476501,12
872,all,encoder,future/3ps/bond_order,0.5818904042243958,12
873,all,encoder,future/3ps/bond_order,0.40575161576271057,12
874,all,encoder,future/3ps/bond_order,0.3218920826911926,12
884,all,encoder,future/3ps/bond_order,0.29941174387931824,12
885,all,encoder,future/3ps/bond_order,0.47802746295928955,12
886,all,encoder,future/3ps/bond_order,0.5793596506118774,12
887,all,encoder,future/3ps/bond_order,0.22806356847286224,12
888,all,encoder,future/3ps/bond_order,0.28097838163375854,12
889,all,encoder,future/3ps/bond_order,0.6521697640419006,12
890,all,encoder,future/3ps/bond_order,0.7943589091300964,12
891,all,encoder,future/3ps/bond_order,0.2781032621860504,12
892,all,encoder,future/3ps/bond_order,0.3299120366573334,12
893,all,encoder,future/3ps/bond_order,0.25805994868278503,12
894,all,encoder,future/3ps/bond_order,0.5832770466804504,12
895,all,encoder,future/3ps/bond_order,0.209142804145813,12
896,all,encoder,future/3ps/bond_order,0.2528761923313141,12
897,all,encoder,future/3ps/bond_order,0.264197438955307,12
898,all,encoder,future/3ps/bond_order,0.2914096713066101,12
899,all,encoder,future/3ps/bond_order,0.2985885441303253,12
900,all,encoder,future/3ps/bond_order,0.2922928035259247,12
901,all,encoder,future/3ps/bond_order,0.412580281496048,12
914,all,encoder,future/3ps/bond_order,0.7329602837562561,12
915,all,encoder,future/3ps/bond_order,1.0311648845672607,12
916,all,encoder,future/3ps/bond_order,0.5639022588729858,12
917,all,encoder,future/3ps/bond_order,0.42101219296455383,12
918,all,encoder,future/3ps/bond_order,0.3886429965496063,12
919,all,encoder,future/3ps/bond_order,0.5767998695373535,12
920,all,encoder,future/3ps/bond_order,0.9330465197563171,12
921,all,encoder,future/3ps/bond_order,0.5039811730384827,12
922,all,encoder,future/3ps/bond_order,1.0550436973571777,12
923,all,encoder,future/3ps/bond_order,0.6357517838478088,12
924,all,encoder,future/3ps/bond_order,0.8454678058624268,12
925,all,encoder,future/3ps/bond_order,0.6185063123703003,12
926,all,encoder,future/3ps/bond_order,0.4007657468318939,12
927,all,encoder,future/3ps/bond_order,0.48449277877807617,12
928,all,encoder,future/3ps/bond_order,0.5356488823890686,12
929,all,encoder,future/3ps/bond_order,0.717508852481842,12
930,all,encoder,future/3ps/bond_order,0.45446285605430603,12
931,all,encoder,future/3ps/bond_order,0.8713453412055969,12
944,all,encoder,future/3ps/bond_order,0.5017450451850891,12
945,all,encoder,future/3ps/bond_order,0.7175071239471436,12
946,all,encoder,future/3ps/bond_order,0.648364245891571,12
947,all,encoder,future/3ps/bond_order,0.8545634746551514,12
948,all,encoder,future/3ps/bond_order,0.6894328594207764,12
949,all,encoder,future/3ps/bond_order,0.5561524033546448,12
950,all,encoder,future/3ps/bond_order,0.344796746969223,12
951,all,encoder,future/3ps/bond_order,0.684536874294281,12
952,all,encoder,future/3ps/bond_order,0.42957738041877747,12
953,all,encoder,future/3ps/bond_order,0.7349123358726501,12
954,all,encoder,future/3ps/bond_order,0.2960326671600342,12
955,all,encoder,future/3ps/bond_order,0.46495720744132996,12
956,all,encoder,future/3ps/bond_order,0.3871416747570038,12
957,all,encoder,future/3ps/bond_order,0.9508493542671204,12
958,all,encoder,future/3ps/bond_order,0.9654620289802551,12
959,all,encoder,future/3ps/bond_order,0.8863843083381653,12
960,all,encoder,future/3ps/bond_order,0.7419072985649109,12
961,all,encoder,future/3ps/bond_order,0.7272336483001709,12
974,all,encoder,future/3ps/bond_order,0.6481489539146423,12
975,all,encoder,future/3ps/bond_order,0.8025867342948914,12
976,all,encoder,future/3ps/bond_order,0.7650766968727112,12
977,all,encoder,future/3ps/bond_order,0.4700731337070465,12
978,all,encoder,future/3ps/bond_order,0.2609142065048218,12
979,all,encoder,future/3ps/bond_order,0.2528970539569855,12
980,all,encoder,future/3ps/bond_order,0.3627263605594635,12
981,all,encoder,future/3ps/bond_order,0.5134612917900085,12
982,all,encoder,future/3ps/bond_order,0.37081119418144226,12
983,all,encoder,future/3ps/bond_order,0.45673489570617676,12
984,all,encoder,future/3ps/bond_order,0.563984215259552,12
985,all,encoder,future/3ps/bond_order,0.47604799270629883,12
986,all,encoder,future/3ps/bond_order,0.3314519226551056,12
987,all,encoder,future/3ps/bond_order,0.5984463095664978,12
988,all,encoder,future/3ps/bond_order,0.29951268434524536,12
989,all,encoder,future/3ps/bond_order,0.38059648871421814,12
990,all,encoder,future/3ps/bond_order,0.47733691334724426,12
991,all,encoder,future/3ps/bond_order,0.3687094449996948,12
1004,all,encoder,future/3ps/bond_order,0.2944090664386749,12
1005,all,encoder,future/3ps/bond_order,0.950972855091095,12
1006,all,encoder,future/3ps/bond_order,0.5174230337142944,12
860,all,persistence,future/3ps/bond_order,0.05282670632004738,12
861,all,persistence,future/3ps/bond_order,0.18976157903671265,12
862,all,persistence,future/3ps/bond_order,0.04730372130870819,12
863,all,persistence,future/3ps/bond_order,0.0593048520386219,12
864,all,persistence,future/3ps/bond_order,0.19634783267974854,12
865,all,persistence,future/3ps/bond_order,0.1691674143075943,12
866,all,persistence,future/3ps/bond_order,0.22337500751018524,12
867,all,persistence,future/3ps/bond_order,0.2411113977432251,12
868,all,persistence,future/3ps/bond_order,0.12667399644851685,12
869,all,persistence,future/3ps/bond_order,0.1497506946325302,12
870,all,persistence,future/3ps/bond_order,0.18868346512317657,12
871,all,persistence,future/3ps/bond_order,0.6502426862716675,12
872,all,persistence,future/3ps/bond_order,0.24645580351352692,12
873,all,persistence,future/3ps/bond_order,0.04981216788291931,12
874,all,persistence,future/3ps/bond_order,0.2362634688615799,12
884,all,persistence,future/3ps/bond_order,0.12570194900035858,12
885,all,persistence,future/3ps/bond_order,0.1283232420682907,12
886,all,persistence,future/3ps/bond_order,0.04355120658874512,12
887,all,persistence,future/3ps/bond_order,0.15492409467697144,12
888,all,persistence,future/3ps/bond_order,0.15758241713047028,12
889,all,persistence,future/3ps/bond_order,0.27135512232780457,12
890,all,persistence,future/3ps/bond_order,0.09131059050559998,12
891,all,persistence,future/3ps/bond_order,0.11658639460802078,12
892,all,persistence,future/3ps/bond_order,0.15427611768245697,12
893,all,persistence,future/3ps/bond_order,0.10869411379098892,12
894,all,persistence,future/3ps/bond_order,0.09878510981798172,12
895,all,persistence,future/3ps/bond_order,0.10329410433769226,12
896,all,persistence,future/3ps/bond_order,0.11387291550636292,12
897,all,persistence,future/3ps/bond_order,0.14645738899707794,12
898,all,persistence,future/3ps/bond_order,0.14353014528751373,12
899,all,persistence,future/3ps/bond_order,0.10192421823740005,12
900,all,persistence,future/3ps/bond_order,0.16570596396923065,12
901,all,persistence,future/3ps/bond_order,0.2769908607006073,12
914,all,persistence,future/3ps/bond_order,0.07018169015645981,12
915,all,persistence,future/3ps/bond_order,0.033377621322870255,12
916,all,persistence,future/3ps/bond_order,0.04277521371841431,12
917,all,persistence,future/3ps/bond_order,0.021693876013159752,12
918,all,persistence,future/3ps/bond_order,0.061799030750989914,12
919,all,persistence,future/3ps/bond_order,0.07830733805894852,12
920,all,persistence,future/3ps/bond_order,0.08513515442609787,12
921,all,persistence,future/3ps/bond_order,0.04237418994307518,12
922,all,persistence,future/3ps/bond_order,0.0443280003964901,12
923,all,persistence,future/3ps/bond_order,0.02532823197543621,12
924,all,persistence,future/3ps/bond_order,0.18553708493709564,12
925,all,persistence,future/3ps/bond_order,0.08558863401412964,12
926,all,persistence,future/3ps/bond_order,0.040715184062719345,12
927,all,persistence,future/3ps/bond_order,0.02286372147500515,12
928,all,persistence,future/3ps/bond_order,0.058605801314115524,12
929,all,persistence,future/3ps/bond_order,0.03416082635521889,12
930,all,persistence,future/3ps/bond_order,0.12048167735338211,12
931,all,persistence,future/3ps/bond_order,0.09578318148851395,12
944,all,persistence,future/3ps/bond_order,0.0770919993519783,12
945,all,persistence,future/3ps/bond_order,0.0537937767803669,12
946,all,persistence,future/3ps/bond_order,0.030999669805169106,12
947,all,persistence,future/3ps/bond_order,0.030162645503878593,12
948,all,persistence,future/3ps/bond_order,0.03159157559275627,12
949,all,persistence,future/3ps/bond_order,0.03566538169980049,12
950,all,persistence,future/3ps/bond_order,0.3088066875934601,12
951,all,persistence,future/3ps/bond_order,0.039644476026296616,12
952,all,persistence,future/3ps/bond_order,0.03858206793665886,12
953,all,persistence,future/3ps/bond_order,0.14406098425388336,12
954,all,persistence,future/3ps/bond_order,0.2557314932346344,12
955,all,persistence,future/3ps/bond_order,0.1403881460428238,12
956,all,persistence,future/3ps/bond_order,0.26094865798950195,12
957,all,persistence,future/3ps/bond_order,0.092279352247715,12
958,all,persistence,future/3ps/bond_order,0.0429699532687664,12
959,all,persistence,future/3ps/bond_order,0.0791168138384819,12
960,all,persistence,future/3ps/bond_order,0.03594524785876274,12
961,all,persistence,future/3ps/bond_order,0.07665782421827316,12
974,all,persistence,future/3ps/bond_order,0.07379791140556335,12
975,all,persistence,future/3ps/bond_order,0.16535739600658417,12
976,all,persistence,future/3ps/bond_order,0.08980167657136917,12
977,all,persistence,future/3ps/bond_order,0.07809270173311234,12
978,all,persistence,future/3ps/bond_order,0.20415468513965607,12
979,all,persistence,future/3ps/bond_order,0.1934698075056076,12
980,all,persistence,future/3ps/bond_order,0.042179007083177567,12
981,all,persistence,future/3ps/bond_order,0.0785493329167366,12
982,all,persistence,future/3ps/bond_order,0.07587762922048569,12
983,all,persistence,future/3ps/bond_order,0.07545016705989838,12
984,all,persistence,future/3ps/bond_order,0.08958035707473755,12
985,all,persistence,future/3ps/bond_order,0.06455244868993759,12
986,all,persistence,future/3ps/bond_order,0.06896053999662399,12
987,all,persistence,future/3ps/bond_order,0.08492069691419601,12
988,all,persistence,future/3ps/bond_order,0.1687294840812683,12
989,all,persistence,future/3ps/bond_order,0.04843327775597572,12
990,all,persistence,future/3ps/bond_order,0.05994376540184021,12
991,all,persistence,future/3ps/bond_order,0.12427408248186111,12
1004,all,persistence,future/3ps/bond_order,0.05636494234204292,12
1005,all,persistence,future/3ps/bond_order,0.027828216552734375,12
1006,all,persistence,future/3ps/bond_order,0.02335774153470993,12
860,all,encoder,delta/3ps/bond_order,0.05551677942276001,12
861,all,encoder,delta/3ps/bond_order,0.20380999147891998,12
862,all,encoder,delta/3ps/bond_order,0.05162791535258293,12
863,all,encoder,delta/3ps/bond_order,0.059890761971473694,12
864,all,encoder,delta/3ps/bond_order,0.2234010547399521,12
865,all,encoder,delta/3ps/bond_order,0.1841762214899063,12
866,all,encoder,delta/3ps/bond_order,0.23744767904281616,12
867,all,encoder,delta/3ps/bond_order,0.2774176597595215,12
868,all,encoder,delta/3ps/bond_order,0.1385146975517273,12
869,all,encoder,delta/3ps/bond_order,0.15114901959896088,12
870,all,encoder,delta/3ps/bond_order,0.20341886579990387,12
871,all,encoder,delta/3ps/bond_order,0.6523715853691101,12
872,all,encoder,delta/3ps/bond_order,0.24887067079544067,12
873,all,encoder,delta/3ps/bond_order,0.05337923392653465,12
874,all,encoder,delta/3ps/bond_order,0.23706753551959991,12
884,all,encoder,delta/3ps/bond_order,0.13435246050357819,12
885,all,encoder,delta/3ps/bond_order,0.1340026557445526,12
886,all,encoder,delta/3ps/bond_order,0.04404306411743164,12
887,all,encoder,delta/3ps/bond_order,0.15790067613124847,12
888,all,encoder,delta/3ps/bond_order,0.15606680512428284,12
889,all,encoder,delta/3ps/bond_order,0.2630491554737091,12
890,all,encoder,delta/3ps/bond_order,0.09859297424554825,12
891,all,encoder,delta/3ps/bond_order,0.12617792189121246,12
892,all,encoder,delta/3ps/bond_order,0.15833361446857452,12
893,all,encoder,delta/3ps/bond_order,0.12011516094207764,12
894,all,encoder,delta/3ps/bond_order,0.11220329999923706,12
895,all,encoder,delta/3ps/bond_order,0.11300044506788254,12
896,all,encoder,delta/3ps/bond_order,0.11167310923337936,12
897,all,encoder,delta/3ps/bond_order,0.15651680529117584,12
898,all,encoder,delta/3ps/bond_order,0.15611441433429718,12
899,all,encoder,delta/3ps/bond_order,0.1222289502620697,12
900,all,encoder,delta/3ps/bond_order,0.16855718195438385,12
901,all,encoder,delta/3ps/bond_order,0.2660321891307831,12
914,all,encoder,delta/3ps/bond_order,0.07219161093235016,12
915,all,encoder,delta/3ps/bond_order,0.039155762642621994,12
916,all,encoder,delta/3ps/bond_order,0.04206536337733269,12
917,all,encoder,delta/3ps/bond_order,0.02272895537316799,12
918,all,encoder,delta/3ps/bond_order,0.06686894595623016,12
919,all,encoder,delta/3ps/bond_order,0.08779219537973404,12
920,all,encoder,delta/3ps/bond_order,0.08357304334640503,12
921,all,encoder,delta/3ps/bond_order,0.044631946831941605,12
922,all,encoder,delta/3ps/bond_order,0.050000861287117004,12
923,all,encoder,delta/3ps/bond_order,0.02606024406850338,12
924,all,encoder,delta/3ps/bond_order,0.19033831357955933,12
925,all,encoder,delta/3ps/bond_order,0.08405598253011703,12
926,all,encoder,delta/3ps/bond_order,0.045253146439790726,12
927,all,encoder,delta/3ps/bond_order,0.025673942640423775,12
928,all,encoder,delta/3ps/bond_order,0.06274491548538208,12
929,all,encoder,delta/3ps/bond_order,0.03846654295921326,12
930,all,encoder,delta/3ps/bond_order,0.12108743190765381,12
931,all,encoder,delta/3ps/bond_order,0.10111477971076965,12
944,all,encoder,delta/3ps/bond_order,0.08211642503738403,12
945,all,encoder,delta/3ps/bond_order,0.060207903385162354,12
946,all,encoder,delta/3ps/bond_order,0.03320438787341118,12
947,all,encoder,delta/3ps/bond_order,0.0328039713203907,12
948,all,encoder,delta/3ps/bond_order,0.03348417580127716,12
949,all,encoder,delta/3ps/bond_order,0.03805123269557953,12
950,all,encoder,delta/3ps/bond_order,0.2985405921936035,12
951,all,encoder,delta/3ps/bond_order,0.040401849895715714,12
952,all,encoder,delta/3ps/bond_order,0.04010126739740372,12
953,all,encoder,delta/3ps/bond_order,0.13635943830013275,12
954,all,encoder,delta/3ps/bond_order,0.27636393904685974,12
955,all,encoder,delta/3ps/bond_order,0.1432182639837265,12
956,all,encoder,delta/3ps/bond_order,0.25170639157295227,12
957,all,encoder,delta/3ps/bond_order,0.0907575860619545,12
958,all,encoder,delta/3ps/bond_order,0.043247565627098083,12
959,all,encoder,delta/3ps/bond_order,0.07993092387914658,12
960,all,encoder,delta/3ps/bond_order,0.040520355105400085,12
961,all,encoder,delta/3ps/bond_order,0.07806932926177979,12
974,all,encoder,delta/3ps/bond_order,0.07375534623861313,12
975,all,encoder,delta/3ps/bond_order,0.15989941358566284,12
976,all,encoder,delta/3ps/bond_order,0.09597107768058777,12
977,all,encoder,delta/3ps/bond_order,0.0858684703707695,12
978,all,encoder,delta/3ps/bond_order,0.20674870908260345,12
979,all,encoder,delta/3ps/bond_order,0.21609628200531006,12
980,all,encoder,delta/3ps/bond_order,0.04412182793021202,12
981,all,encoder,delta/3ps/bond_order,0.08156074583530426,12
982,all,encoder,delta/3ps/bond_order,0.07558216154575348,12
983,all,encoder,delta/3ps/bond_order,0.07633397728204727,12
984,all,encoder,delta/3ps/bond_order,0.10429903864860535,12
985,all,encoder,delta/3ps/bond_order,0.06809527426958084,12
986,all,encoder,delta/3ps/bond_order,0.07511203736066818,12
987,all,encoder,delta/3ps/bond_order,0.08815667778253555,12
988,all,encoder,delta/3ps/bond_order,0.17121225595474243,12
989,all,encoder,delta/3ps/bond_order,0.048952579498291016,12
990,all,encoder,delta/3ps/bond_order,0.0550595261156559,12
991,all,encoder,delta/3ps/bond_order,0.12952841818332672,12
1004,all,encoder,delta/3ps/bond_order,0.054141443222761154,12
1005,all,encoder,delta/3ps/bond_order,0.029441706836223602,12
1006,all,encoder,delta/3ps/bond_order,0.02492711693048477,12
860,all,encoder,future/9ps/bond_order,0.5860431790351868,12
861,all,encoder,future/9ps/bond_order,0.2789875864982605,12
862,all,encoder,future/9ps/bond_order,0.4671514928340912,12
863,all,encoder,future/9ps/bond_order,0.6165955662727356,12
864,all,encoder,future/9ps/bond_order,0.2702935039997101,12
865,all,encoder,future/9ps/bond_order,0.3027031719684601,12
866,all,encoder,future/9ps/bond_order,0.2989315092563629,12
867,all,encoder,future/9ps/bond_order,0.3117311894893646,12
868,all,encoder,future/9ps/bond_order,0.5956758856773376,12
869,all,encoder,future/9ps/bond_order,0.27008673548698425,12
870,all,encoder,future/9ps/bond_order,0.2883266508579254,12
871,all,encoder,future/9ps/bond_order,1.108201265335083,12
872,all,encoder,future/9ps/bond_order,0.7779218554496765,12
873,all,encoder,future/9ps/bond_order,0.36341872811317444,12
874,all,encoder,future/9ps/bond_order,0.3716493844985962,12
884,all,encoder,future/9ps/bond_order,0.31012162566185,12
885,all,encoder,future/9ps/bond_order,0.4786611795425415,12
886,all,encoder,future/9ps/bond_order,0.689276397228241,12
887,all,encoder,future/9ps/bond_order,0.2309407740831375,12
888,all,encoder,future/9ps/bond_order,0.29386478662490845,12
889,all,encoder,future/9ps/bond_order,0.734733521938324,12
890,all,encoder,future/9ps/bond_order,0.7476253509521484,12
891,all,encoder,future/9ps/bond_order,0.3218490183353424,12
892,all,encoder,future/9ps/bond_order,0.31951677799224854,12
893,all,encoder,future/9ps/bond_order,0.2576281726360321,12
894,all,encoder,future/9ps/bond_order,0.7853388786315918,12
895,all,encoder,future/9ps/bond_order,0.263168603181839,12
896,all,encoder,future/9ps/bond_order,0.29436373710632324,12
897,all,encoder,future/9ps/bond_order,0.23799972236156464,12
898,all,encoder,future/9ps/bond_order,0.35087788105010986,12
899,all,encoder,future/9ps/bond_order,0.33371981978416443,12
900,all,encoder,future/9ps/bond_order,0.4392596483230591,12
901,all,encoder,future/9ps/bond_order,0.6350275874137878,12
914,all,encoder,future/9ps/bond_order,0.7411187291145325,12
915,all,encoder,future/9ps/bond_order,0.9630158543586731,12
916,all,encoder,future/9ps/bond_order,0.5411351919174194,12
917,all,encoder,future/9ps/bond_order,0.3937102258205414,12
918,all,encoder,future/9ps/bond_order,0.43274155259132385,12
919,all,encoder,future/9ps/bond_order,0.44568026065826416,12
920,all,encoder,future/9ps/bond_order,0.9349163174629211,12
921,all,encoder,future/9ps/bond_order,0.4992366135120392,12
922,all,encoder,future/9ps/bond_order,1.1367828845977783,12
923,all,encoder,future/9ps/bond_order,0.6778547763824463,12
924,all,encoder,future/9ps/bond_order,0.9446257948875427,12
925,all,encoder,future/9ps/bond_order,0.726355791091919,12
926,all,encoder,future/9ps/bond_order,0.3876434862613678,12
927,all,encoder,future/9ps/bond_order,0.44283366203308105,12
928,all,encoder,future/9ps/bond_order,0.5153527855873108,12
929,all,encoder,future/9ps/bond_order,0.6595345139503479,12
930,all,encoder,future/9ps/bond_order,0.4594721794128418,12
931,all,encoder,future/9ps/bond_order,0.8300734162330627,12
944,all,encoder,future/9ps/bond_order,0.6932275891304016,12
945,all,encoder,future/9ps/bond_order,0.7233570218086243,12
946,all,encoder,future/9ps/bond_order,0.7026579976081848,12
947,all,encoder,future/9ps/bond_order,0.9586334824562073,12
948,all,encoder,future/9ps/bond_order,0.7735884785652161,12
949,all,encoder,future/9ps/bond_order,0.5529323220252991,12
950,all,encoder,future/9ps/bond_order,0.6114670634269714,12
951,all,encoder,future/9ps/bond_order,0.6452927589416504,12
952,all,encoder,future/9ps/bond_order,0.3579171597957611,12
953,all,encoder,future/9ps/bond_order,0.9628698825836182,12
954,all,encoder,future/9ps/bond_order,0.26398831605911255,12
955,all,encoder,future/9ps/bond_order,0.5461111664772034,12
956,all,encoder,future/9ps/bond_order,0.4505743980407715,12
957,all,encoder,future/9ps/bond_order,0.8294374346733093,12
958,all,encoder,future/9ps/bond_order,0.8781225085258484,12
959,all,encoder,future/9ps/bond_order,0.7459993362426758,12
960,all,encoder,future/9ps/bond_order,0.7567692399024963,12
961,all,encoder,future/9ps/bond_order,0.65633225440979,12
974,all,encoder,future/9ps/bond_order,0.46553322672843933,12
975,all,encoder,future/9ps/bond_order,1.0827527046203613,12
976,all,encoder,future/9ps/bond_order,0.6624786257743835,12
977,all,encoder,future/9ps/bond_order,0.4257781505584717,12
978,all,encoder,future/9ps/bond_order,0.3233248293399811,12
979,all,encoder,future/9ps/bond_order,0.29903414845466614,12
980,all,encoder,future/9ps/bond_order,0.36963772773742676,12
981,all,encoder,future/9ps/bond_order,0.48491978645324707,12
982,all,encoder,future/9ps/bond_order,0.33461353182792664,12
983,all,encoder,future/9ps/bond_order,0.42919349670410156,12
984,all,encoder,future/9ps/bond_order,0.511142373085022,12
985,all,encoder,future/9ps/bond_order,0.7237281203269958,12
986,all,encoder,future/9ps/bond_order,0.3387458026409149,12
987,all,encoder,future/9ps/bond_order,0.5328340530395508,12
988,all,encoder,future/9ps/bond_order,0.2907571494579315,12
989,all,encoder,future/9ps/bond_order,0.4001859724521637,12
990,all,encoder,future/9ps/bond_order,0.42294439673423767,12
991,all,encoder,future/9ps/bond_order,0.4670344591140747,12
1004,all,encoder,future/9ps/bond_order,0.41707316040992737,12
1005,all,encoder,future/9ps/bond_order,0.8982042670249939,12
1006,all,encoder,future/9ps/bond_order,0.4740210771560669,12
860,all,persistence,future/9ps/bond_order,0.06311332434415817,12
861,all,persistence,future/9ps/bond_order,0.31347331404685974,12
862,all,persistence,future/9ps/bond_order,0.0658411905169487,12
863,all,persistence,future/9ps/bond_order,0.061146367341279984,12
864,all,persistence,future/9ps/bond_order,0.14680035412311554,12
865,all,persistence,future/9ps/bond_order,0.2704751491546631,12
866,all,persistence,future/9ps/bond_order,0.28008297085762024,12
867,all,persistence,future/9ps/bond_order,0.2699607312679291,12
868,all,persistence,future/9ps/bond_order,0.5619199872016907,12
869,all,persistence,future/9ps/bond_order,0.1769700050354004,12
870,all,persistence,future/9ps/bond_order,0.25985243916511536,12
871,all,persistence,future/9ps/bond_order,1.4573842287063599,12
872,all,persistence,future/9ps/bond_order,0.43036893010139465,12
873,all,persistence,future/9ps/bond_order,0.059943828731775284,12
874,all,persistence,future/9ps/bond_order,0.18675947189331055,12
884,all,persistence,future/9ps/bond_order,0.13701142370700836,12
885,all,persistence,future/9ps/bond_order,0.12514840066432953,12
886,all,persistence,future/9ps/bond_order,0.10127661377191544,12
887,all,persistence,future/9ps/bond_order,0.12801924347877502,12
888,all,persistence,future/9ps/bond_order,0.11396133154630661,12
889,all,persistence,future/9ps/bond_order,0.42918285727500916,12
890,all,persistence,future/9ps/bond_order,0.11113779991865158,12
891,all,persistence,future/9ps/bond_order,0.14851316809654236,12
892,all,persistence,future/9ps/bond_order,0.17282767593860626,12
893,all,persistence,future/9ps/bond_order,0.12547048926353455,12
894,all,persistence,future/9ps/bond_order,0.21072383224964142,12
895,all,persistence,future/9ps/bond_order,0.12549461424350739,12
896,all,persistence,future/9ps/bond_order,0.20832081139087677,12
897,all,persistence,future/9ps/bond_order,0.17844736576080322,12
898,all,persistence,future/9ps/bond_order,0.1293392926454544,12
899,all,persistence,future/9ps/bond_order,0.1246313527226448,12
900,all,persistence,future/9ps/bond_order,0.3087938725948334,12
901,all,persistence,future/9ps/bond_order,0.5744268894195557,12
914,all,persistence,future/9ps/bond_order,0.11699465662240982,12
915,all,persistence,future/9ps/bond_order,0.07089069485664368,12
916,all,persistence,future/9ps/bond_order,0.04116419330239296,12
917,all,persistence,future/9ps/bond_order,0.025199005380272865,12
918,all,persistence,future/9ps/bond_order,0.08822719007730484,12
919,all,persistence,future/9ps/bond_order,0.06296634674072266,12
920,all,persistence,future/9ps/bond_order,0.0770685151219368,12
921,all,persistence,future/9ps/bond_order,0.04072580114006996,12
922,all,persistence,future/9ps/bond_order,0.04231852665543556,12
923,all,persistence,future/9ps/bond_order,0.028972044587135315,12
924,all,persistence,future/9ps/bond_order,0.5217154622077942,12
925,all,persistence,future/9ps/bond_order,0.19131629168987274,12
926,all,persistence,future/9ps/bond_order,0.03385436534881592,12
927,all,persistence,future/9ps/bond_order,0.04762512817978859,12
928,all,persistence,future/9ps/bond_order,0.08175601810216904,12
929,all,persistence,future/9ps/bond_order,0.08545409888029099,12
930,all,persistence,future/9ps/bond_order,0.12556831538677216,12
931,all,persistence,future/9ps/bond_order,0.1831657737493515,12
944,all,persistence,future/9ps/bond_order,0.7005336880683899,12
945,all,persistence,future/9ps/bond_order,0.04316168650984764,12
946,all,persistence,future/9ps/bond_order,0.033562541007995605,12
947,all,persistence,future/9ps/bond_order,0.029666857793927193,12
948,all,persistence,future/9ps/bond_order,0.04011907801032066,12
949,all,persistence,future/9ps/bond_order,0.027132606133818626,12
950,all,persistence,future/9ps/bond_order,0.8575160503387451,12
951,all,persistence,future/9ps/bond_order,0.041468746960163116,12
952,all,persistence,future/9ps/bond_order,0.045283231884241104,12
953,all,persistence,future/9ps/bond_order,0.392466276884079,12
954,all,persistence,future/9ps/bond_order,0.179076686501503,12
955,all,persistence,future/9ps/bond_order,0.2828546166419983,12
956,all,persistence,future/9ps/bond_order,0.353728324174881,12
957,all,persistence,future/9ps/bond_order,0.048125941306352615,12
958,all,persistence,future/9ps/bond_order,0.05270471051335335,12
959,all,persistence,future/9ps/bond_order,0.07236179709434509,12
960,all,persistence,future/9ps/bond_order,0.02686609886586666,12
961,all,persistence,future/9ps/bond_order,0.11191684007644653,12
974,all,persistence,future/9ps/bond_order,0.09812766313552856,12
975,all,persistence,future/9ps/bond_order,0.49656423926353455,12
976,all,persistence,future/9ps/bond_order,0.07155939191579819,12
977,all,persistence,future/9ps/bond_order,0.11720357090234756,12
978,all,persistence,future/9ps/bond_order,0.26888060569763184,12
979,all,persistence,future/9ps/bond_order,0.1975790113210678,12
980,all,persistence,future/9ps/bond_order,0.03866167739033699,12
981,all,persistence,future/9ps/bond_order,0.09723774343729019,12
982,all,persistence,future/9ps/bond_order,0.09229806065559387,12
983,all,persistence,future/9ps/bond_order,0.10196090489625931,12
984,all,persistence,future/9ps/bond_order,0.15778517723083496,12
985,all,persistence,future/9ps/bond_order,0.26358577609062195,12
986,all,persistence,future/9ps/bond_order,0.05715470388531685,12
987,all,persistence,future/9ps/bond_order,0.15383510291576385,12
988,all,persistence,future/9ps/bond_order,0.23622967302799225,12
989,all,persistence,future/9ps/bond_order,0.06979022175073624,12
990,all,persistence,future/9ps/bond_order,0.04719257727265358,12
991,all,persistence,future/9ps/bond_order,0.08425655961036682,12
1004,all,persistence,future/9ps/bond_order,0.07053995877504349,12
1005,all,persistence,future/9ps/bond_order,0.029762089252471924,12
1006,all,persistence,future/9ps/bond_order,0.05875752866268158,12
860,all,encoder,delta/9ps/bond_order,0.07266435772180557,12
861,all,encoder,delta/9ps/bond_order,0.3109026849269867,12
862,all,encoder,delta/9ps/bond_order,0.06653284281492233,12
863,all,encoder,delta/9ps/bond_order,0.06435299664735794,12
864,all,encoder,delta/9ps/bond_order,0.16511249542236328,12
865,all,encoder,delta/9ps/bond_order,0.31471017003059387,12
866,all,encoder,delta/9ps/bond_order,0.3074677884578705,12
867,all,encoder,delta/9ps/bond_order,0.30959680676460266,12
868,all,encoder,delta/9ps/bond_order,0.5122873783111572,12
869,all,encoder,delta/9ps/bond_order,0.1922001838684082,12
870,all,encoder,delta/9ps/bond_order,0.22675974667072296,12
871,all,encoder,delta/9ps/bond_order,1.4273457527160645,12
872,all,encoder,delta/9ps/bond_order,0.4378696382045746,12
873,all,encoder,delta/9ps/bond_order,0.06923887133598328,12
874,all,encoder,delta/9ps/bond_order,0.2106163501739502,12
884,all,encoder,delta/9ps/bond_order,0.15018455684185028,12
885,all,encoder,delta/9ps/bond_order,0.1356288492679596,12
886,all,encoder,delta/9ps/bond_order,0.09844807535409927,12
887,all,encoder,delta/9ps/bond_order,0.13890762627124786,12
888,all,encoder,delta/9ps/bond_order,0.12581291794776917,12
889,all,encoder,delta/9ps/bond_order,0.3437284231185913,12
890,all,encoder,delta/9ps/bond_order,0.12071924656629562,12
891,all,encoder,delta/9ps/bond_order,0.1799512505531311,12
892,all,encoder,delta/9ps/bond_order,0.18815551698207855,12
893,all,encoder,delta/9ps/bond_order,0.13975748419761658,12
894,all,encoder,delta/9ps/bond_order,0.19351954758167267,12
895,all,encoder,delta/9ps/bond_order,0.15529824793338776,12
896,all,encoder,delta/9ps/bond_order,0.20393837988376617,12
897,all,encoder,delta/9ps/bond_order,0.19870151579380035,12
898,all,encoder,delta/9ps/bond_order,0.15318700671195984,12
899,all,encoder,delta/9ps/bond_order,0.14527170360088348,12
900,all,encoder,delta/9ps/bond_order,0.31851842999458313,12
901,all,encoder,delta/9ps/bond_order,0.5224511027336121,12
914,all,encoder,delta/9ps/bond_order,0.11571159958839417,12
915,all,encoder,delta/9ps/bond_order,0.07952498644590378,12
916,all,encoder,delta/9ps/bond_order,0.04217720404267311,12
917,all,encoder,delta/9ps/bond_order,0.026248209178447723,12
918,all,encoder,delta/9ps/bond_order,0.08548634499311447,12
919,all,encoder,delta/9ps/bond_order,0.0718635842204094,12
920,all,encoder,delta/9ps/bond_order,0.07864221185445786,12
921,all,encoder,delta/9ps/bond_order,0.04496954008936882,12
922,all,encoder,delta/9ps/bond_order,0.054600078612565994,12
923,all,encoder,delta/9ps/bond_order,0.030635878443717957,12
924,all,encoder,delta/9ps/bond_order,0.5348146557807922,12
925,all,encoder,delta/9ps/bond_order,0.18384726345539093,12
926,all,encoder,delta/9ps/bond_order,0.036380935460329056,12
927,all,encoder,delta/9ps/bond_order,0.04669429734349251,12
928,all,encoder,delta/9ps/bond_order,0.08745163679122925,12
929,all,encoder,delta/9ps/bond_order,0.09522274136543274,12
930,all,encoder,delta/9ps/bond_order,0.1319974660873413,12
931,all,encoder,delta/9ps/bond_order,0.19728879630565643,12
944,all,encoder,delta/9ps/bond_order,0.6316966414451599,12
945,all,encoder,delta/9ps/bond_order,0.056612592190504074,12
946,all,encoder,delta/9ps/bond_order,0.036975398659706116,12
947,all,encoder,delta/9ps/bond_order,0.03356344252824783,12
948,all,encoder,delta/9ps/bond_order,0.04464903846383095,12
949,all,encoder,delta/9ps/bond_order,0.03109412081539631,12
950,all,encoder,delta/9ps/bond_order,0.7925815582275391,12
951,all,encoder,delta/9ps/bond_order,0.043503288179636,12
952,all,encoder,delta/9ps/bond_order,0.04619266465306282,12
953,all,encoder,delta/9ps/bond_order,0.3913479745388031,12
954,all,encoder,delta/9ps/bond_order,0.20129023492336273,12
955,all,encoder,delta/9ps/bond_order,0.2893192172050476,12
956,all,encoder,delta/9ps/bond_order,0.3306727707386017,12
957,all,encoder,delta/9ps/bond_order,0.0489109605550766,12
958,all,encoder,delta/9ps/bond_order,0.06773732602596283,12
959,all,encoder,delta/9ps/bond_order,0.08160354942083359,12
960,all,encoder,delta/9ps/bond_order,0.03223475441336632,12
961,all,encoder,delta/9ps/bond_order,0.11250793933868408,12
974,all,encoder,delta/9ps/bond_order,0.10824301093816757,12
975,all,encoder,delta/9ps/bond_order,0.48142537474632263,12
976,all,encoder,delta/9ps/bond_order,0.08026447147130966,12
977,all,encoder,delta/9ps/bond_order,0.13653849065303802,12
978,all,encoder,delta/9ps/bond_order,0.25089502334594727,12
979,all,encoder,delta/9ps/bond_order,0.22472405433654785,12
980,all,encoder,delta/9ps/bond_order,0.04210131987929344,12
981,all,encoder,delta/9ps/bond_order,0.10665291547775269,12
982,all,encoder,delta/9ps/bond_order,0.09157156199216843,12
983,all,encoder,delta/9ps/bond_order,0.10349175333976746,12
984,all,encoder,delta/9ps/bond_order,0.17440088093280792,12
985,all,encoder,delta/9ps/bond_order,0.26681745052337646,12
986,all,encoder,delta/9ps/bond_order,0.06506947427988052,12
987,all,encoder,delta/9ps/bond_order,0.16188307106494904,12
988,all,encoder,delta/9ps/bond_order,0.24873609840869904,12
989,all,encoder,delta/9ps/bond_order,0.07318442314863205,12
990,all,encoder,delta/9ps/bond_order,0.04126106947660446,12
991,all,encoder,delta/9ps/bond_order,0.09273167699575424,12
1004,all,encoder,delta/9ps/bond_order,0.06759683042764664,12
1005,all,encoder,delta/9ps/bond_order,0.033363912254571915,12
1006,all,encoder,delta/9ps/bond_order,0.05628548935055733,12
860,all,encoder,present/instantaneous_TDA_H0,0.16296742856502533,12
861,all,encoder,present/instantaneous_TDA_H0,0.31430256366729736,12
862,all,encoder,present/instantaneous_TDA_H0,0.34733104705810547,12
863,all,encoder,present/instantaneous_TDA_H0,0.3375808298587799,12
864,all,encoder,present/instantaneous_TDA_H0,0.24713075160980225,12
865,all,encoder,present/instantaneous_TDA_H0,0.20559751987457275,12
866,all,encoder,present/instantaneous_TDA_H0,0.5138569474220276,12
867,all,encoder,present/instantaneous_TDA_H0,0.19233931601047516,12
868,all,encoder,present/instantaneous_TDA_H0,0.16069813072681427,12
869,all,encoder,present/instantaneous_TDA_H0,0.21281875669956207,12
870,all,encoder,present/instantaneous_TDA_H0,0.3257213830947876,12
871,all,encoder,present/instantaneous_TDA_H0,0.33398523926734924,12
872,all,encoder,present/instantaneous_TDA_H0,0.2504788637161255,12
873,all,encoder,present/instantaneous_TDA_H0,0.2892858684062958,12
874,all,encoder,present/instantaneous_TDA_H0,0.3304937481880188,12
884,all,encoder,present/instantaneous_TDA_H0,0.27564820647239685,12
885,all,encoder,present/instantaneous_TDA_H0,0.2675211429595947,12
886,all,encoder,present/instantaneous_TDA_H0,0.5403560996055603,12
887,all,encoder,present/instantaneous_TDA_H0,0.27709707617759705,12
888,all,encoder,present/instantaneous_TDA_H0,0.3080653250217438,12
889,all,encoder,present/instantaneous_TDA_H0,0.18696051836013794,12
890,all,encoder,present/instantaneous_TDA_H0,0.2902703285217285,12
891,all,encoder,present/instantaneous_TDA_H0,0.12522011995315552,12
892,all,encoder,present/instantaneous_TDA_H0,0.30824199318885803,12
893,all,encoder,present/instantaneous_TDA_H0,0.40095198154449463,12
894,all,encoder,present/instantaneous_TDA_H0,0.3911592960357666,12
895,all,encoder,present/instantaneous_TDA_H0,0.16669006645679474,12
896,all,encoder,present/instantaneous_TDA_H0,0.1527995616197586,12
897,all,encoder,present/instantaneous_TDA_H0,0.1809287667274475,12
898,all,encoder,present/instantaneous_TDA_H0,0.1533714085817337,12
899,all,encoder,present/instantaneous_TDA_H0,0.4171656370162964,12
900,all,encoder,present/instantaneous_TDA_H0,0.09413016587495804,12
901,all,encoder,present/instantaneous_TDA_H0,0.2448473572731018,12
914,all,encoder,present/instantaneous_TDA_H0,0.4221706688404083,12
915,all,encoder,present/instantaneous_TDA_H0,0.24848783016204834,12
916,all,encoder,present/instantaneous_TDA_H0,0.25748783349990845,12
917,all,encoder,present/instantaneous_TDA_H0,0.27965039014816284,12
918,all,encoder,present/instantaneous_TDA_H0,0.3996051549911499,12
919,all,encoder,present/instantaneous_TDA_H0,0.37742289900779724,12
920,all,encoder,present/instantaneous_TDA_H0,0.8161411285400391,12
921,all,encoder,present/instantaneous_TDA_H0,0.2921428382396698,12
922,all,encoder,present/instantaneous_TDA_H0,1.159652829170227,12
923,all,encoder,present/instantaneous_TDA_H0,0.48819825053215027,12
924,all,encoder,present/instantaneous_TDA_H0,0.4177280366420746,12
925,all,encoder,present/instantaneous_TDA_H0,0.267733097076416,12
926,all,encoder,present/instantaneous_TDA_H0,0.49527767300605774,12
927,all,encoder,present/instantaneous_TDA_H0,0.3078860938549042,12
928,all,encoder,present/instantaneous_TDA_H0,0.3708273470401764,12
929,all,encoder,present/instantaneous_TDA_H0,0.8563572764396667,12
930,all,encoder,present/instantaneous_TDA_H0,0.44685089588165283,12
931,all,encoder,present/instantaneous_TDA_H0,0.3556097447872162,12
944,all,encoder,present/instantaneous_TDA_H0,0.2744281589984894,12
945,all,encoder,present/instantaneous_TDA_H0,0.5778399109840393,12
946,all,encoder,present/instantaneous_TDA_H0,0.4596269130706787,12
947,all,encoder,present/instantaneous_TDA_H0,0.48947182297706604,12
948,all,encoder,present/instantaneous_TDA_H0,0.26443755626678467,12
949,all,encoder,present/instantaneous_TDA_H0,0.5103933215141296,12
950,all,encoder,present/instantaneous_TDA_H0,0.2103136032819748,12
951,all,encoder,present/instantaneous_TDA_H0,0.09411024302244186,12
952,all,encoder,present/instantaneous_TDA_H0,0.42245128750801086,12
953,all,encoder,present/instantaneous_TDA_H0,0.3367406129837036,12
954,all,encoder,present/instantaneous_TDA_H0,0.3140198290348053,12
955,all,encoder,present/instantaneous_TDA_H0,0.41190358996391296,12
956,all,encoder,present/instantaneous_TDA_H0,0.4095803499221802,12
957,all,encoder,present/instantaneous_TDA_H0,0.6233505606651306,12
958,all,encoder,present/instantaneous_TDA_H0,0.6026344895362854,12
959,all,encoder,present/instantaneous_TDA_H0,0.5504159331321716,12
960,all,encoder,present/instantaneous_TDA_H0,0.7284154295921326,12
961,all,encoder,present/instantaneous_TDA_H0,0.3765428364276886,12
974,all,encoder,present/instantaneous_TDA_H0,0.5173667073249817,12
975,all,encoder,present/instantaneous_TDA_H0,0.76594477891922,12
976,all,encoder,present/instantaneous_TDA_H0,0.3567121922969818,12
977,all,encoder,present/instantaneous_TDA_H0,0.4842972457408905,12
978,all,encoder,present/instantaneous_TDA_H0,0.6436268091201782,12
979,all,encoder,present/instantaneous_TDA_H0,0.21970318257808685,12
980,all,encoder,present/instantaneous_TDA_H0,0.2440718412399292,12
981,all,encoder,present/instantaneous_TDA_H0,0.3502855598926544,12
982,all,encoder,present/instantaneous_TDA_H0,0.21158188581466675,12
983,all,encoder,present/instantaneous_TDA_H0,0.47349587082862854,12
984,all,encoder,present/instantaneous_TDA_H0,0.48011350631713867,12
985,all,encoder,present/instantaneous_TDA_H0,0.6571834683418274,12
986,all,encoder,present/instantaneous_TDA_H0,0.20885451138019562,12
987,all,encoder,present/instantaneous_TDA_H0,0.2426508069038391,12
988,all,encoder,present/instantaneous_TDA_H0,0.34481826424598694,12
989,all,encoder,present/instantaneous_TDA_H0,0.19956760108470917,12
990,all,encoder,present/instantaneous_TDA_H0,0.3312409818172455,12
991,all,encoder,present/instantaneous_TDA_H0,0.24484632909297943,12
1004,all,encoder,present/instantaneous_TDA_H0,0.12218642979860306,12
1005,all,encoder,present/instantaneous_TDA_H0,0.21913902461528778,12
1006,all,encoder,present/instantaneous_TDA_H0,0.38722309470176697,12
860,all,encoder,future/0.75ps/instantaneous_TDA_H0,0.21850652992725372,12
861,all,encoder,future/0.75ps/instantaneous_TDA_H0,0.5686224699020386,12
862,all,encoder,future/0.75ps/instantaneous_TDA_H0,0.26013684272766113,12
863,all,encoder,future/0.75ps/instantaneous_TDA_H0,0.46673569083213806,12
864,all,encoder,future/0.75ps/instantaneous_TDA_H0,0.37791237235069275,12
865,all,encoder,future/0.75ps/instantaneous_TDA_H0,0.45052626729011536,12
866,all,encoder,future/0.75ps/instantaneous_TDA_H0,0.3962591588497162,12
867,all,encoder,future/0.75ps/instantaneous_TDA_H0,0.2453581541776657,12
868,all,encoder,future/0.75ps/instantaneous_TDA_H0,0.2609086334705353,12
869,all,encoder,future/0.75ps/instantaneous_TDA_H0,0.17985738813877106,12
870,all,encoder,future/0.75ps/instantaneous_TDA_H0,0.5632750391960144,12
871,all,encoder,future/0.75ps/instantaneous_TDA_H0,0.3812244236469269,12
872,all,encoder,future/0.75ps/instantaneous_TDA_H0,0.21104313433170319,12
873,all,encoder,future/0.75ps/instantaneous_TDA_H0,0.17942482233047485,12
874,all,encoder,future/0.75ps/instantaneous_TDA_H0,0.3577058017253876,12
884,all,encoder,future/0.75ps/instantaneous_TDA_H0,0.18888890743255615,12
885,all,encoder,future/0.75ps/instantaneous_TDA_H0,0.3369215726852417,12
886,all,encoder,future/0.75ps/instantaneous_TDA_H0,0.517001211643219,12
887,all,encoder,future/0.75ps/instantaneous_TDA_H0,0.2509518265724182,12
888,all,encoder,future/0.75ps/instantaneous_TDA_H0,0.3127458095550537,12
889,all,encoder,future/0.75ps/instantaneous_TDA_H0,0.20955286920070648,12
890,all,encoder,future/0.75ps/instantaneous_TDA_H0,0.42181119322776794,12
891,all,encoder,future/0.75ps/instantaneous_TDA_H0,0.24325479567050934,12
892,all,encoder,future/0.75ps/instantaneous_TDA_H0,0.3200613558292389,12
893,all,encoder,future/0.75ps/instantaneous_TDA_H0,0.3987930715084076,12
894,all,encoder,future/0.75ps/instantaneous_TDA_H0,0.3907695710659027,12
895,all,encoder,future/0.75ps/instantaneous_TDA_H0,0.2502792179584503,12
896,all,encoder,future/0.75ps/instantaneous_TDA_H0,0.20826773345470428,12
897,all,encoder,future/0.75ps/instantaneous_TDA_H0,0.15509340167045593,12
898,all,encoder,future/0.75ps/instantaneous_TDA_H0,0.1349678486585617,12
899,all,encoder,future/0.75ps/instantaneous_TDA_H0,0.37710461020469666,12
900,all,encoder,future/0.75ps/instantaneous_TDA_H0,0.24213016033172607,12
901,all,encoder,future/0.75ps/instantaneous_TDA_H0,0.1792561262845993,12
914,all,encoder,future/0.75ps/instantaneous_TDA_H0,0.6876259446144104,12
915,all,encoder,future/0.75ps/instantaneous_TDA_H0,0.3231787383556366,12
916,all,encoder,future/0.75ps/instantaneous_TDA_H0,0.1785709410905838,12
917,all,encoder,future/0.75ps/instantaneous_TDA_H0,0.35865330696105957,12
918,all,encoder,future/0.75ps/instantaneous_TDA_H0,0.2761516869068146,12
919,all,encoder,future/0.75ps/instantaneous_TDA_H0,0.3407723009586334,12
920,all,encoder,future/0.75ps/instantaneous_TDA_H0,0.8111546635627747,12
921,all,encoder,future/0.75ps/instantaneous_TDA_H0,0.28238722681999207,12
922,all,encoder,future/0.75ps/instantaneous_TDA_H0,0.8999770283699036,12
923,all,encoder,future/0.75ps/instantaneous_TDA_H0,0.41296759247779846,12
924,all,encoder,future/0.75ps/instantaneous_TDA_H0,0.4107973277568817,12
925,all,encoder,future/0.75ps/instantaneous_TDA_H0,0.36759647727012634,12
926,all,encoder,future/0.75ps/instantaneous_TDA_H0,0.5075381398200989,12
927,all,encoder,future/0.75ps/instantaneous_TDA_H0,0.32533136010169983,12
928,all,encoder,future/0.75ps/instantaneous_TDA_H0,0.2985459864139557,12
929,all,encoder,future/0.75ps/instantaneous_TDA_H0,0.8932561874389648,12
930,all,encoder,future/0.75ps/instantaneous_TDA_H0,0.5408580303192139,12
931,all,encoder,future/0.75ps/instantaneous_TDA_H0,0.14922358095645905,12
944,all,encoder,future/0.75ps/instantaneous_TDA_H0,0.3316955268383026,12
945,all,encoder,future/0.75ps/instantaneous_TDA_H0,0.6030712127685547,12
946,all,encoder,future/0.75ps/instantaneous_TDA_H0,0.32233187556266785,12
947,all,encoder,future/0.75ps/instantaneous_TDA_H0,0.4065206050872803,12
948,all,encoder,future/0.75ps/instantaneous_TDA_H0,0.18809308111667633,12
949,all,encoder,future/0.75ps/instantaneous_TDA_H0,0.1806417852640152,12
950,all,encoder,future/0.75ps/instantaneous_TDA_H0,0.3370497524738312,12
951,all,encoder,future/0.75ps/instantaneous_TDA_H0,0.21704868972301483,12
952,all,encoder,future/0.75ps/instantaneous_TDA_H0,0.32839450240135193,12
953,all,encoder,future/0.75ps/instantaneous_TDA_H0,0.32141414284706116,12
954,all,encoder,future/0.75ps/instantaneous_TDA_H0,0.32688048481941223,12
955,all,encoder,future/0.75ps/instantaneous_TDA_H0,0.34675490856170654,12
956,all,encoder,future/0.75ps/instantaneous_TDA_H0,0.6002190113067627,12
957,all,encoder,future/0.75ps/instantaneous_TDA_H0,0.4929003417491913,12
958,all,encoder,future/0.75ps/instantaneous_TDA_H0,0.46630653738975525,12
959,all,encoder,future/0.75ps/instantaneous_TDA_H0,0.45938539505004883,12
960,all,encoder,future/0.75ps/instantaneous_TDA_H0,1.1780126094818115,12
961,all,encoder,future/0.75ps/instantaneous_TDA_H0,0.24894876778125763,12
974,all,encoder,future/0.75ps/instantaneous_TDA_H0,0.36764419078826904,12
975,all,encoder,future/0.75ps/instantaneous_TDA_H0,0.5222514271736145,12
976,all,encoder,future/0.75ps/instantaneous_TDA_H0,0.41632404923439026,12
977,all,encoder,future/0.75ps/instantaneous_TDA_H0,0.19357450306415558,12
978,all,encoder,future/0.75ps/instantaneous_TDA_H0,0.44957220554351807,12
979,all,encoder,future/0.75ps/instantaneous_TDA_H0,0.37117794156074524,12
980,all,encoder,future/0.75ps/instantaneous_TDA_H0,0.3187630772590637,12
981,all,encoder,future/0.75ps/instantaneous_TDA_H0,0.3270125687122345,12
982,all,encoder,future/0.75ps/instantaneous_TDA_H0,0.28567561507225037,12
983,all,encoder,future/0.75ps/instantaneous_TDA_H0,0.32014766335487366,12
984,all,encoder,future/0.75ps/instantaneous_TDA_H0,0.5719460844993591,12
985,all,encoder,future/0.75ps/instantaneous_TDA_H0,0.7209449410438538,12
986,all,encoder,future/0.75ps/instantaneous_TDA_H0,0.2718997299671173,12
987,all,encoder,future/0.75ps/instantaneous_TDA_H0,0.18363255262374878,12
988,all,encoder,future/0.75ps/instantaneous_TDA_H0,0.4285848140716553,12
989,all,encoder,future/0.75ps/instantaneous_TDA_H0,0.1802138090133667,12
990,all,encoder,future/0.75ps/instantaneous_TDA_H0,0.3862871825695038,12
991,all,encoder,future/0.75ps/instantaneous_TDA_H0,0.2695606052875519,12
1004,all,encoder,future/0.75ps/instantaneous_TDA_H0,0.10372404009103775,12
1005,all,encoder,future/0.75ps/instantaneous_TDA_H0,0.5211121439933777,12
1006,all,encoder,future/0.75ps/instantaneous_TDA_H0,0.44872796535491943,12
860,all,persistence,future/0.75ps/instantaneous_TDA_H0,0.2711593210697174,12
861,all,persistence,future/0.75ps/instantaneous_TDA_H0,0.3744039237499237,12
862,all,persistence,future/0.75ps/instantaneous_TDA_H0,0.15794579684734344,12
863,all,persistence,future/0.75ps/instantaneous_TDA_H0,0.3637058734893799,12
864,all,persistence,future/0.75ps/instantaneous_TDA_H0,0.3229950964450836,12
865,all,persistence,future/0.75ps/instantaneous_TDA_H0,0.4343588054180145,12
866,all,persistence,future/0.75ps/instantaneous_TDA_H0,0.4797962009906769,12
867,all,persistence,future/0.75ps/instantaneous_TDA_H0,0.3124644160270691,12
868,all,persistence,future/0.75ps/instantaneous_TDA_H0,0.2752383351325989,12
869,all,persistence,future/0.75ps/instantaneous_TDA_H0,0.23510871827602386,12
870,all,persistence,future/0.75ps/instantaneous_TDA_H0,0.19760160148143768,12
871,all,persistence,future/0.75ps/instantaneous_TDA_H0,0.2858814299106598,12
872,all,persistence,future/0.75ps/instantaneous_TDA_H0,0.15815648436546326,12
873,all,persistence,future/0.75ps/instantaneous_TDA_H0,0.09581583738327026,12
874,all,persistence,future/0.75ps/instantaneous_TDA_H0,0.2276141494512558,12
884,all,persistence,future/0.75ps/instantaneous_TDA_H0,0.17820291221141815,12
885,all,persistence,future/0.75ps/instantaneous_TDA_H0,0.10530047863721848,12
886,all,persistence,future/0.75ps/instantaneous_TDA_H0,0.169599249958992,12
887,all,persistence,future/0.75ps/instantaneous_TDA_H0,0.48231208324432373,12
888,all,persistence,future/0.75ps/instantaneous_TDA_H0,0.43422064185142517,12
889,all,persistence,future/0.75ps/instantaneous_TDA_H0,0.11639130860567093,12
890,all,persistence,future/0.75ps/instantaneous_TDA_H0,0.2275131344795227,12
891,all,persistence,future/0.75ps/instantaneous_TDA_H0,0.2844755947589874,12
892,all,persistence,future/0.75ps/instantaneous_TDA_H0,0.19270099699497223,12
893,all,persistence,future/0.75ps/instantaneous_TDA_H0,0.5319587588310242,12
894,all,persistence,future/0.75ps/instantaneous_TDA_H0,0.3232399523258209,12
895,all,persistence,future/0.75ps/instantaneous_TDA_H0,0.25819000601768494,12
896,all,persistence,future/0.75ps/instantaneous_TDA_H0,0.3447408378124237,12
897,all,persistence,future/0.75ps/instantaneous_TDA_H0,0.28116026520729065,12
898,all,persistence,future/0.75ps/instantaneous_TDA_H0,0.22703248262405396,12
899,all,persistence,future/0.75ps/instantaneous_TDA_H0,0.33763810992240906,12
900,all,persistence,future/0.75ps/instantaneous_TDA_H0,0.15058547258377075,12
901,all,persistence,future/0.75ps/instantaneous_TDA_H0,0.2186432033777237,12
914,all,persistence,future/0.75ps/instantaneous_TDA_H0,0.2414236217737198,12
915,all,persistence,future/0.75ps/instantaneous_TDA_H0,0.3357067406177521,12
916,all,persistence,future/0.75ps/instantaneous_TDA_H0,0.10713670402765274,12
917,all,persistence,future/0.75ps/instantaneous_TDA_H0,0.6193237900733948,12
918,all,persistence,future/0.75ps/instantaneous_TDA_H0,0.21457171440124512,12
919,all,persistence,future/0.75ps/instantaneous_TDA_H0,0.30251190066337585,12
920,all,persistence,future/0.75ps/instantaneous_TDA_H0,0.1703127771615982,12
921,all,persistence,future/0.75ps/instantaneous_TDA_H0,0.11210029572248459,12
922,all,persistence,future/0.75ps/instantaneous_TDA_H0,0.39810243248939514,12
923,all,persistence,future/0.75ps/instantaneous_TDA_H0,0.40167930722236633,12
924,all,persistence,future/0.75ps/instantaneous_TDA_H0,0.4813980758190155,12
925,all,persistence,future/0.75ps/instantaneous_TDA_H0,0.1562255322933197,12
926,all,persistence,future/0.75ps/instantaneous_TDA_H0,0.23041249811649323,12
927,all,persistence,future/0.75ps/instantaneous_TDA_H0,0.16903084516525269,12
928,all,persistence,future/0.75ps/instantaneous_TDA_H0,0.26785531640052795,12
929,all,persistence,future/0.75ps/instantaneous_TDA_H0,0.2146047204732895,12
930,all,persistence,future/0.75ps/instantaneous_TDA_H0,0.206339493393898,12
931,all,persistence,future/0.75ps/instantaneous_TDA_H0,0.16651521623134613,12
944,all,persistence,future/0.75ps/instantaneous_TDA_H0,0.3817581236362457,12
945,all,persistence,future/0.75ps/instantaneous_TDA_H0,0.2901412546634674,12
946,all,persistence,future/0.75ps/instantaneous_TDA_H0,0.24947793781757355,12
947,all,persistence,future/0.75ps/instantaneous_TDA_H0,0.1795344352722168,12
948,all,persistence,future/0.75ps/instantaneous_TDA_H0,0.24249406158924103,12
949,all,persistence,future/0.75ps/instantaneous_TDA_H0,0.36643674969673157,12
950,all,persistence,future/0.75ps/instantaneous_TDA_H0,0.14554902911186218,12
951,all,persistence,future/0.75ps/instantaneous_TDA_H0,0.19424724578857422,12
952,all,persistence,future/0.75ps/instantaneous_TDA_H0,0.25469648838043213,12
953,all,persistence,future/0.75ps/instantaneous_TDA_H0,0.23796874284744263,12
954,all,persistence,future/0.75ps/instantaneous_TDA_H0,0.4004952609539032,12
955,all,persistence,future/0.75ps/instantaneous_TDA_H0,0.34725186228752136,12
956,all,persistence,future/0.75ps/instantaneous_TDA_H0,0.5930957198143005,12
957,all,persistence,future/0.75ps/instantaneous_TDA_H0,0.1728953868150711,12
958,all,persistence,future/0.75ps/instantaneous_TDA_H0,0.4652409553527832,12
959,all,persistence,future/0.75ps/instantaneous_TDA_H0,0.21352647244930267,12
960,all,persistence,future/0.75ps/instantaneous_TDA_H0,0.4738750159740448,12
961,all,persistence,future/0.75ps/instantaneous_TDA_H0,0.3292771577835083,12
974,all,persistence,future/0.75ps/instantaneous_TDA_H0,0.3253647983074188,12
975,all,persistence,future/0.75ps/instantaneous_TDA_H0,0.2134314775466919,12
976,all,persistence,future/0.75ps/instantaneous_TDA_H0,0.2931610941886902,12
977,all,persistence,future/0.75ps/instantaneous_TDA_H0,0.552061140537262,12
978,all,persistence,future/0.75ps/instantaneous_TDA_H0,0.21316403150558472,12
979,all,persistence,future/0.75ps/instantaneous_TDA_H0,0.12167129665613174,12
980,all,persistence,future/0.75ps/instantaneous_TDA_H0,0.40909528732299805,12
981,all,persistence,future/0.75ps/instantaneous_TDA_H0,0.4317546784877777,12
982,all,persistence,future/0.75ps/instantaneous_TDA_H0,0.24180622398853302,12
983,all,persistence,future/0.75ps/instantaneous_TDA_H0,0.2913723587989807,12
984,all,persistence,future/0.75ps/instantaneous_TDA_H0,0.2570935785770416,12
985,all,persistence,future/0.75ps/instantaneous_TDA_H0,0.2835908830165863,12
986,all,persistence,future/0.75ps/instantaneous_TDA_H0,0.20760226249694824,12
987,all,persistence,future/0.75ps/instantaneous_TDA_H0,0.3556581437587738,12
988,all,persistence,future/0.75ps/instantaneous_TDA_H0,0.16771160066127777,12
989,all,persistence,future/0.75ps/instantaneous_TDA_H0,0.22012555599212646,12
990,all,persistence,future/0.75ps/instantaneous_TDA_H0,0.3600023686885834,12
991,all,persistence,future/0.75ps/instantaneous_TDA_H0,0.32067590951919556,12
1004,all,persistence,future/0.75ps/instantaneous_TDA_H0,0.1757138967514038,12
1005,all,persistence,future/0.75ps/instantaneous_TDA_H0,0.30120646953582764,12
1006,all,persistence,future/0.75ps/instantaneous_TDA_H0,0.39461398124694824,12
860,all,encoder,delta/0.75ps/instantaneous_TDA_H0,0.2625255286693573,12
861,all,encoder,delta/0.75ps/instantaneous_TDA_H0,0.3812662661075592,12
862,all,encoder,delta/0.75ps/instantaneous_TDA_H0,0.15619757771492004,12
863,all,encoder,delta/0.75ps/instantaneous_TDA_H0,0.3555431663990021,12
864,all,encoder,delta/0.75ps/instantaneous_TDA_H0,0.3316153883934021,12
865,all,encoder,delta/0.75ps/instantaneous_TDA_H0,0.44004881381988525,12
866,all,encoder,delta/0.75ps/instantaneous_TDA_H0,0.47442129254341125,12
867,all,encoder,delta/0.75ps/instantaneous_TDA_H0,0.3165127635002136,12
868,all,encoder,delta/0.75ps/instantaneous_TDA_H0,0.27655643224716187,12
869,all,encoder,delta/0.75ps/instantaneous_TDA_H0,0.233587384223938,12
870,all,encoder,delta/0.75ps/instantaneous_TDA_H0,0.2033889889717102,12
871,all,encoder,delta/0.75ps/instantaneous_TDA_H0,0.27471211552619934,12
872,all,encoder,delta/0.75ps/instantaneous_TDA_H0,0.14987559616565704,12
873,all,encoder,delta/0.75ps/instantaneous_TDA_H0,0.09061461687088013,12
874,all,encoder,delta/0.75ps/instantaneous_TDA_H0,0.21701355278491974,12
884,all,encoder,delta/0.75ps/instantaneous_TDA_H0,0.182461217045784,12
885,all,encoder,delta/0.75ps/instantaneous_TDA_H0,0.11416104435920715,12
886,all,encoder,delta/0.75ps/instantaneous_TDA_H0,0.17134493589401245,12
887,all,encoder,delta/0.75ps/instantaneous_TDA_H0,0.4786003530025482,12
888,all,encoder,delta/0.75ps/instantaneous_TDA_H0,0.4137268364429474,12
889,all,encoder,delta/0.75ps/instantaneous_TDA_H0,0.12108767032623291,12
890,all,encoder,delta/0.75ps/instantaneous_TDA_H0,0.23619818687438965,12
891,all,encoder,delta/0.75ps/instantaneous_TDA_H0,0.29032817482948303,12
892,all,encoder,delta/0.75ps/instantaneous_TDA_H0,0.19119668006896973,12
893,all,encoder,delta/0.75ps/instantaneous_TDA_H0,0.5251035690307617,12
894,all,encoder,delta/0.75ps/instantaneous_TDA_H0,0.3285934031009674,12
895,all,encoder,delta/0.75ps/instantaneous_TDA_H0,0.27230748534202576,12
896,all,encoder,delta/0.75ps/instantaneous_TDA_H0,0.350877970457077,12
897,all,encoder,delta/0.75ps/instantaneous_TDA_H0,0.2877795398235321,12
898,all,encoder,delta/0.75ps/instantaneous_TDA_H0,0.2271530032157898,12
899,all,encoder,delta/0.75ps/instantaneous_TDA_H0,0.3533831536769867,12
900,all,encoder,delta/0.75ps/instantaneous_TDA_H0,0.15800656378269196,12
901,all,encoder,delta/0.75ps/instantaneous_TDA_H0,0.2086832970380783,12
914,all,encoder,delta/0.75ps/instantaneous_TDA_H0,0.24716508388519287,12
915,all,encoder,delta/0.75ps/instantaneous_TDA_H0,0.33627212047576904,12
916,all,encoder,delta/0.75ps/instantaneous_TDA_H0,0.1135643944144249,12
917,all,encoder,delta/0.75ps/instantaneous_TDA_H0,0.616473376750946,12
918,all,encoder,delta/0.75ps/instantaneous_TDA_H0,0.21099448204040527,12
919,all,encoder,delta/0.75ps/instantaneous_TDA_H0,0.31080690026283264,12
920,all,encoder,delta/0.75ps/instantaneous_TDA_H0,0.16821110248565674,12
921,all,encoder,delta/0.75ps/instantaneous_TDA_H0,0.11203861236572266,12
922,all,encoder,delta/0.75ps/instantaneous_TDA_H0,0.3977086842060089,12
923,all,encoder,delta/0.75ps/instantaneous_TDA_H0,0.4028433859348297,12
924,all,encoder,delta/0.75ps/instantaneous_TDA_H0,0.48755204677581787,12
925,all,encoder,delta/0.75ps/instantaneous_TDA_H0,0.1478022336959839,12
926,all,encoder,delta/0.75ps/instantaneous_TDA_H0,0.2274860143661499,12
927,all,encoder,delta/0.75ps/instantaneous_TDA_H0,0.17165935039520264,12
928,all,encoder,delta/0.75ps/instantaneous_TDA_H0,0.27375224232673645,12
929,all,encoder,delta/0.75ps/instantaneous_TDA_H0,0.20769821107387543,12
930,all,encoder,delta/0.75ps/instantaneous_TDA_H0,0.19989079236984253,12
931,all,encoder,delta/0.75ps/instantaneous_TDA_H0,0.17935945093631744,12
944,all,encoder,delta/0.75ps/instantaneous_TDA_H0,0.3916301429271698,12
945,all,encoder,delta/0.75ps/instantaneous_TDA_H0,0.2820516526699066,12
946,all,encoder,delta/0.75ps/instantaneous_TDA_H0,0.2442205548286438,12
947,all,encoder,delta/0.75ps/instantaneous_TDA_H0,0.18889284133911133,12
948,all,encoder,delta/0.75ps/instantaneous_TDA_H0,0.2528541684150696,12
949,all,encoder,delta/0.75ps/instantaneous_TDA_H0,0.3916463851928711,12
950,all,encoder,delta/0.75ps/instantaneous_TDA_H0,0.14723967015743256,12
951,all,encoder,delta/0.75ps/instantaneous_TDA_H0,0.1883782297372818,12
952,all,encoder,delta/0.75ps/instantaneous_TDA_H0,0.25471705198287964,12
953,all,encoder,delta/0.75ps/instantaneous_TDA_H0,0.22634851932525635,12
954,all,encoder,delta/0.75ps/instantaneous_TDA_H0,0.40747106075286865,12
955,all,encoder,delta/0.75ps/instantaneous_TDA_H0,0.3458245098590851,12
956,all,encoder,delta/0.75ps/instantaneous_TDA_H0,0.5966472029685974,12
957,all,encoder,delta/0.75ps/instantaneous_TDA_H0,0.1741010695695877,12
958,all,encoder,delta/0.75ps/instantaneous_TDA_H0,0.47079482674598694,12
959,all,encoder,delta/0.75ps/instantaneous_TDA_H0,0.21922193467617035,12
960,all,encoder,delta/0.75ps/instantaneous_TDA_H0,0.46257710456848145,12
961,all,encoder,delta/0.75ps/instantaneous_TDA_H0,0.3366531431674957,12
974,all,encoder,delta/0.75ps/instantaneous_TDA_H0,0.3278605341911316,12
975,all,encoder,delta/0.75ps/instantaneous_TDA_H0,0.228011354804039,12
976,all,encoder,delta/0.75ps/instantaneous_TDA_H0,0.28841957449913025,12
977,all,encoder,delta/0.75ps/instantaneous_TDA_H0,0.5735618472099304,12
978,all,encoder,delta/0.75ps/instantaneous_TDA_H0,0.2043171375989914,12
979,all,encoder,delta/0.75ps/instantaneous_TDA_H0,0.12828122079372406,12
980,all,encoder,delta/0.75ps/instantaneous_TDA_H0,0.4091455042362213,12
981,all,encoder,delta/0.75ps/instantaneous_TDA_H0,0.4373367130756378,12
982,all,encoder,delta/0.75ps/instantaneous_TDA_H0,0.22629304230213165,12
983,all,encoder,delta/0.75ps/instantaneous_TDA_H0,0.31067851185798645,12
984,all,encoder,delta/0.75ps/instantaneous_TDA_H0,0.24345718324184418,12
985,all,encoder,delta/0.75ps/instantaneous_TDA_H0,0.2967067062854767,12
986,all,encoder,delta/0.75ps/instantaneous_TDA_H0,0.2079647034406662,12
987,all,encoder,delta/0.75ps/instantaneous_TDA_H0,0.35053399205207825,12
988,all,encoder,delta/0.75ps/instantaneous_TDA_H0,0.16547274589538574,12
989,all,encoder,delta/0.75ps/instantaneous_TDA_H0,0.21548539400100708,12
990,all,encoder,delta/0.75ps/instantaneous_TDA_H0,0.35754498839378357,12
991,all,encoder,delta/0.75ps/instantaneous_TDA_H0,0.33111491799354553,12
1004,all,encoder,delta/0.75ps/instantaneous_TDA_H0,0.17792457342147827,12
1005,all,encoder,delta/0.75ps/instantaneous_TDA_H0,0.2986831068992615,12
1006,all,encoder,delta/0.75ps/instantaneous_TDA_H0,0.3919433653354645,12
860,all,encoder,future/3ps/instantaneous_TDA_H0,0.22975124418735504,12
861,all,encoder,future/3ps/instantaneous_TDA_H0,0.4521349370479584,12
862,all,encoder,future/3ps/instantaneous_TDA_H0,0.17041456699371338,12
863,all,encoder,future/3ps/instantaneous_TDA_H0,0.37283921241760254,12
864,all,encoder,future/3ps/instantaneous_TDA_H0,0.5735415816307068,12
865,all,encoder,future/3ps/instantaneous_TDA_H0,0.40583181381225586,12
866,all,encoder,future/3ps/instantaneous_TDA_H0,0.43364715576171875,12
867,all,encoder,future/3ps/instantaneous_TDA_H0,0.24858267605304718,12
868,all,encoder,future/3ps/instantaneous_TDA_H0,0.32123884558677673,12
869,all,encoder,future/3ps/instantaneous_TDA_H0,0.3096327483654022,12
870,all,encoder,future/3ps/instantaneous_TDA_H0,0.3965560495853424,12
871,all,encoder,future/3ps/instantaneous_TDA_H0,0.5649916529655457,12
872,all,encoder,future/3ps/instantaneous_TDA_H0,0.31693601608276367,12
873,all,encoder,future/3ps/instantaneous_TDA_H0,0.23815853893756866,12
874,all,encoder,future/3ps/instantaneous_TDA_H0,0.43906736373901367,12
884,all,encoder,future/3ps/instantaneous_TDA_H0,0.25978508591651917,12
885,all,encoder,future/3ps/instantaneous_TDA_H0,0.3951636552810669,12
886,all,encoder,future/3ps/instantaneous_TDA_H0,0.5985177159309387,12
887,all,encoder,future/3ps/instantaneous_TDA_H0,0.16299138963222504,12
888,all,encoder,future/3ps/instantaneous_TDA_H0,0.4038008153438568,12
889,all,encoder,future/3ps/instantaneous_TDA_H0,0.294329971075058,12
890,all,encoder,future/3ps/instantaneous_TDA_H0,0.6865401864051819,12
891,all,encoder,future/3ps/instantaneous_TDA_H0,0.31481727957725525,12
892,all,encoder,future/3ps/instantaneous_TDA_H0,0.20279783010482788,12
893,all,encoder,future/3ps/instantaneous_TDA_H0,0.0932474359869957,12
894,all,encoder,future/3ps/instantaneous_TDA_H0,0.4584111273288727,12
895,all,encoder,future/3ps/instantaneous_TDA_H0,0.1492450088262558,12
896,all,encoder,future/3ps/instantaneous_TDA_H0,0.12614114582538605,12
897,all,encoder,future/3ps/instantaneous_TDA_H0,0.16738907992839813,12
898,all,encoder,future/3ps/instantaneous_TDA_H0,0.32319679856300354,12
899,all,encoder,future/3ps/instantaneous_TDA_H0,0.30633407831192017,12
900,all,encoder,future/3ps/instantaneous_TDA_H0,0.27293720841407776,12
901,all,encoder,future/3ps/instantaneous_TDA_H0,0.3060532808303833,12
914,all,encoder,future/3ps/instantaneous_TDA_H0,0.4417753219604492,12
915,all,encoder,future/3ps/instantaneous_TDA_H0,0.27017274498939514,12
916,all,encoder,future/3ps/instantaneous_TDA_H0,0.38481661677360535,12
917,all,encoder,future/3ps/instantaneous_TDA_H0,0.5407814979553223,12
918,all,encoder,future/3ps/instantaneous_TDA_H0,0.15695072710514069,12
919,all,encoder,future/3ps/instantaneous_TDA_H0,0.42137837409973145,12
920,all,encoder,future/3ps/instantaneous_TDA_H0,0.6500521898269653,12
921,all,encoder,future/3ps/instantaneous_TDA_H0,0.3354959189891815,12
922,all,encoder,future/3ps/instantaneous_TDA_H0,0.836426317691803,12
923,all,encoder,future/3ps/instantaneous_TDA_H0,0.24428796768188477,12
924,all,encoder,future/3ps/instantaneous_TDA_H0,0.850189745426178,12
925,all,encoder,future/3ps/instantaneous_TDA_H0,0.38492515683174133,12
926,all,encoder,future/3ps/instantaneous_TDA_H0,0.6732168197631836,12
927,all,encoder,future/3ps/instantaneous_TDA_H0,0.2667258083820343,12
928,all,encoder,future/3ps/instantaneous_TDA_H0,0.4433108866214752,12
929,all,encoder,future/3ps/instantaneous_TDA_H0,0.871000349521637,12
930,all,encoder,future/3ps/instantaneous_TDA_H0,0.47508183121681213,12
931,all,encoder,future/3ps/instantaneous_TDA_H0,0.21412132680416107,12
944,all,encoder,future/3ps/instantaneous_TDA_H0,0.12099301069974899,12
945,all,encoder,future/3ps/instantaneous_TDA_H0,0.4089571237564087,12
946,all,encoder,future/3ps/instantaneous_TDA_H0,0.4625260531902313,12
947,all,encoder,future/3ps/instantaneous_TDA_H0,0.2861926853656769,12
948,all,encoder,future/3ps/instantaneous_TDA_H0,0.3855890929698944,12
949,all,encoder,future/3ps/instantaneous_TDA_H0,0.47633063793182373,12
950,all,encoder,future/3ps/instantaneous_TDA_H0,0.27725282311439514,12
951,all,encoder,future/3ps/instantaneous_TDA_H0,0.2119894027709961,12
952,all,encoder,future/3ps/instantaneous_TDA_H0,0.28672799468040466,12
953,all,encoder,future/3ps/instantaneous_TDA_H0,0.6754233837127686,12
954,all,encoder,future/3ps/instantaneous_TDA_H0,0.3969005048274994,12
955,all,encoder,future/3ps/instantaneous_TDA_H0,0.39743128418922424,12
956,all,encoder,future/3ps/instantaneous_TDA_H0,0.5483898520469666,12
957,all,encoder,future/3ps/instantaneous_TDA_H0,0.730218231678009,12
958,all,encoder,future/3ps/instantaneous_TDA_H0,0.6189727783203125,12
959,all,encoder,future/3ps/instantaneous_TDA_H0,0.3885750472545624,12
960,all,encoder,future/3ps/instantaneous_TDA_H0,0.575211226940155,12
961,all,encoder,future/3ps/instantaneous_TDA_H0,0.6718228459358215,12
974,all,encoder,future/3ps/instantaneous_TDA_H0,0.535869300365448,12
975,all,encoder,future/3ps/instantaneous_TDA_H0,0.61078941822052,12
976,all,encoder,future/3ps/instantaneous_TDA_H0,0.5927300453186035,12
977,all,encoder,future/3ps/instantaneous_TDA_H0,0.37326571345329285,12
978,all,encoder,future/3ps/instantaneous_TDA_H0,0.37796375155448914,12
979,all,encoder,future/3ps/instantaneous_TDA_H0,0.4013857841491699,12
980,all,encoder,future/3ps/instantaneous_TDA_H0,0.19478817284107208,12
981,all,encoder,future/3ps/instantaneous_TDA_H0,0.5200120806694031,12
982,all,encoder,future/3ps/instantaneous_TDA_H0,0.2241087108850479,12
983,all,encoder,future/3ps/instantaneous_TDA_H0,0.3391423225402832,12
984,all,encoder,future/3ps/instantaneous_TDA_H0,0.21579577028751373,12
985,all,encoder,future/3ps/instantaneous_TDA_H0,0.6698666214942932,12
986,all,encoder,future/3ps/instantaneous_TDA_H0,0.12107956409454346,12
987,all,encoder,future/3ps/instantaneous_TDA_H0,0.15016306936740875,12
988,all,encoder,future/3ps/instantaneous_TDA_H0,0.30499500036239624,12
989,all,encoder,future/3ps/instantaneous_TDA_H0,0.3010767102241516,12
990,all,encoder,future/3ps/instantaneous_TDA_H0,0.24394290149211884,12
991,all,encoder,future/3ps/instantaneous_TDA_H0,0.1909557729959488,12
1004,all,encoder,future/3ps/instantaneous_TDA_H0,0.1407146155834198,12
1005,all,encoder,future/3ps/instantaneous_TDA_H0,0.4873286485671997,12
1006,all,encoder,future/3ps/instantaneous_TDA_H0,0.4505593478679657,12
860,all,persistence,future/3ps/instantaneous_TDA_H0,0.2670118510723114,12
861,all,persistence,future/3ps/instantaneous_TDA_H0,0.22069664299488068,12
862,all,persistence,future/3ps/instantaneous_TDA_H0,0.4067549705505371,12
863,all,persistence,future/3ps/instantaneous_TDA_H0,0.5395621657371521,12
864,all,persistence,future/3ps/instantaneous_TDA_H0,0.2795345187187195,12
865,all,persistence,future/3ps/instantaneous_TDA_H0,0.3503839671611786,12
866,all,persistence,future/3ps/instantaneous_TDA_H0,0.8628810048103333,12
867,all,persistence,future/3ps/instantaneous_TDA_H0,0.3714841604232788,12
868,all,persistence,future/3ps/instantaneous_TDA_H0,0.2563633918762207,12
869,all,persistence,future/3ps/instantaneous_TDA_H0,0.4227564036846161,12
870,all,persistence,future/3ps/instantaneous_TDA_H0,0.26993051171302795,12
871,all,persistence,future/3ps/instantaneous_TDA_H0,0.4609241783618927,12
872,all,persistence,future/3ps/instantaneous_TDA_H0,0.3056401312351227,12
873,all,persistence,future/3ps/instantaneous_TDA_H0,0.2537015676498413,12
874,all,persistence,future/3ps/instantaneous_TDA_H0,0.1282770186662674,12
884,all,persistence,future/3ps/instantaneous_TDA_H0,0.22874385118484497,12
885,all,persistence,future/3ps/instantaneous_TDA_H0,0.07996506243944168,12
886,all,persistence,future/3ps/instantaneous_TDA_H0,0.24457621574401855,12
887,all,persistence,future/3ps/instantaneous_TDA_H0,0.2913348972797394,12
888,all,persistence,future/3ps/instantaneous_TDA_H0,0.4043770134449005,12
889,all,persistence,future/3ps/instantaneous_TDA_H0,0.1934289187192917,12
890,all,persistence,future/3ps/instantaneous_TDA_H0,0.2562127709388733,12
891,all,persistence,future/3ps/instantaneous_TDA_H0,0.2940368354320526,12
892,all,persistence,future/3ps/instantaneous_TDA_H0,0.20262759923934937,12
893,all,persistence,future/3ps/instantaneous_TDA_H0,0.5055227875709534,12
894,all,persistence,future/3ps/instantaneous_TDA_H0,0.12484247237443924,12
895,all,persistence,future/3ps/instantaneous_TDA_H0,0.1770189255475998,12
896,all,persistence,future/3ps/instantaneous_TDA_H0,0.1727350354194641,12
897,all,persistence,future/3ps/instantaneous_TDA_H0,0.3472001850605011,12
898,all,persistence,future/3ps/instantaneous_TDA_H0,0.42336246371269226,12
899,all,persistence,future/3ps/instantaneous_TDA_H0,0.17691056430339813,12
900,all,persistence,future/3ps/instantaneous_TDA_H0,0.2039055973291397,12
901,all,persistence,future/3ps/instantaneous_TDA_H0,0.33854416012763977,12
914,all,persistence,future/3ps/instantaneous_TDA_H0,0.1911221742630005,12
915,all,persistence,future/3ps/instantaneous_TDA_H0,0.1723187118768692,12
916,all,persistence,future/3ps/instantaneous_TDA_H0,0.18030278384685516,12
917,all,persistence,future/3ps/instantaneous_TDA_H0,0.7035250663757324,12
918,all,persistence,future/3ps/instantaneous_TDA_H0,0.28162264823913574,12
919,all,persistence,future/3ps/instantaneous_TDA_H0,0.19610027968883514,12
920,all,persistence,future/3ps/instantaneous_TDA_H0,0.2782851755619049,12
921,all,persistence,future/3ps/instantaneous_TDA_H0,0.15725938975811005,12
922,all,persistence,future/3ps/instantaneous_TDA_H0,0.3148566782474518,12
923,all,persistence,future/3ps/instantaneous_TDA_H0,0.5913678407669067,12
924,all,persistence,future/3ps/instantaneous_TDA_H0,0.5613884329795837,12
925,all,persistence,future/3ps/instantaneous_TDA_H0,0.2959024906158447,12
926,all,persistence,future/3ps/instantaneous_TDA_H0,0.2901819944381714,12
927,all,persistence,future/3ps/instantaneous_TDA_H0,0.24559040367603302,12
928,all,persistence,future/3ps/instantaneous_TDA_H0,0.2751629650592804,12
929,all,persistence,future/3ps/instantaneous_TDA_H0,0.16923530399799347,12
930,all,persistence,future/3ps/instantaneous_TDA_H0,0.24287796020507812,12
931,all,persistence,future/3ps/instantaneous_TDA_H0,0.27065572142601013,12
944,all,persistence,future/3ps/instantaneous_TDA_H0,0.22670646011829376,12
945,all,persistence,future/3ps/instantaneous_TDA_H0,0.229827418923378,12
946,all,persistence,future/3ps/instantaneous_TDA_H0,0.32151058316230774,12
947,all,persistence,future/3ps/instantaneous_TDA_H0,0.1142972931265831,12
948,all,persistence,future/3ps/instantaneous_TDA_H0,0.22757303714752197,12
949,all,persistence,future/3ps/instantaneous_TDA_H0,0.41341355443000793,12
950,all,persistence,future/3ps/instantaneous_TDA_H0,0.3251146376132965,12
951,all,persistence,future/3ps/instantaneous_TDA_H0,0.1844882220029831,12
952,all,persistence,future/3ps/instantaneous_TDA_H0,0.4193688929080963,12
953,all,persistence,future/3ps/instantaneous_TDA_H0,0.42648887634277344,12
954,all,persistence,future/3ps/instantaneous_TDA_H0,0.28508424758911133,12
955,all,persistence,future/3ps/instantaneous_TDA_H0,0.24270236492156982,12
956,all,persistence,future/3ps/instantaneous_TDA_H0,0.18854041397571564,12
957,all,persistence,future/3ps/instantaneous_TDA_H0,0.4675196707248688,12
958,all,persistence,future/3ps/instantaneous_TDA_H0,0.45481839776039124,12
959,all,persistence,future/3ps/instantaneous_TDA_H0,0.27037420868873596,12
960,all,persistence,future/3ps/instantaneous_TDA_H0,0.10696151852607727,12
961,all,persistence,future/3ps/instantaneous_TDA_H0,0.36891016364097595,12
974,all,persistence,future/3ps/instantaneous_TDA_H0,0.23083864152431488,12
975,all,persistence,future/3ps/instantaneous_TDA_H0,0.22864939272403717,12
976,all,persistence,future/3ps/instantaneous_TDA_H0,0.5652689337730408,12
977,all,persistence,future/3ps/instantaneous_TDA_H0,0.30293720960617065,12
978,all,persistence,future/3ps/instantaneous_TDA_H0,0.488451212644577,12
979,all,persistence,future/3ps/instantaneous_TDA_H0,0.35228896141052246,12
980,all,persistence,future/3ps/instantaneous_TDA_H0,0.19868741929531097,12
981,all,persistence,future/3ps/instantaneous_TDA_H0,0.40964946150779724,12
982,all,persistence,future/3ps/instantaneous_TDA_H0,0.27370408177375793,12
983,all,persistence,future/3ps/instantaneous_TDA_H0,0.38835835456848145,12
984,all,persistence,future/3ps/instantaneous_TDA_H0,0.3495633602142334,12
985,all,persistence,future/3ps/instantaneous_TDA_H0,0.20810933411121368,12
986,all,persistence,future/3ps/instantaneous_TDA_H0,0.2210337370634079,12
987,all,persistence,future/3ps/instantaneous_TDA_H0,0.33880189061164856,12
988,all,persistence,future/3ps/instantaneous_TDA_H0,0.31941279768943787,12
989,all,persistence,future/3ps/instantaneous_TDA_H0,0.29047515988349915,12
990,all,persistence,future/3ps/instantaneous_TDA_H0,0.2500610053539276,12
991,all,persistence,future/3ps/instantaneous_TDA_H0,0.214066743850708,12
1004,all,persistence,future/3ps/instantaneous_TDA_H0,0.29450592398643494,12
1005,all,persistence,future/3ps/instantaneous_TDA_H0,0.29251816868782043,12
1006,all,persistence,future/3ps/instantaneous_TDA_H0,0.25472667813301086,12
860,all,encoder,delta/3ps/instantaneous_TDA_H0,0.2552012801170349,12
861,all,encoder,delta/3ps/instantaneous_TDA_H0,0.22273297607898712,12
862,all,encoder,delta/3ps/instantaneous_TDA_H0,0.4319864511489868,12
863,all,encoder,delta/3ps/instantaneous_TDA_H0,0.5358371138572693,12
864,all,encoder,delta/3ps/instantaneous_TDA_H0,0.2990935742855072,12
865,all,encoder,delta/3ps/instantaneous_TDA_H0,0.37612032890319824,12
866,all,encoder,delta/3ps/instantaneous_TDA_H0,0.8428948521614075,12
867,all,encoder,delta/3ps/instantaneous_TDA_H0,0.37787938117980957,12
868,all,encoder,delta/3ps/instantaneous_TDA_H0,0.26009735465049744,12
869,all,encoder,delta/3ps/instantaneous_TDA_H0,0.4354546368122101,12
870,all,encoder,delta/3ps/instantaneous_TDA_H0,0.25686636567115784,12
871,all,encoder,delta/3ps/instantaneous_TDA_H0,0.4467802047729492,12
872,all,encoder,delta/3ps/instantaneous_TDA_H0,0.30877113342285156,12
873,all,encoder,delta/3ps/instantaneous_TDA_H0,0.2636018693447113,12
874,all,encoder,delta/3ps/instantaneous_TDA_H0,0.1340949982404709,12
884,all,encoder,delta/3ps/instantaneous_TDA_H0,0.23284314572811127,12
885,all,encoder,delta/3ps/instantaneous_TDA_H0,0.08637364953756332,12
886,all,encoder,delta/3ps/instantaneous_TDA_H0,0.24193106591701508,12
887,all,encoder,delta/3ps/instantaneous_TDA_H0,0.2888808846473694,12
888,all,encoder,delta/3ps/instantaneous_TDA_H0,0.3837149143218994,12
889,all,encoder,delta/3ps/instantaneous_TDA_H0,0.20157301425933838,12
890,all,encoder,delta/3ps/instantaneous_TDA_H0,0.2614104449748993,12
891,all,encoder,delta/3ps/instantaneous_TDA_H0,0.30543598532676697,12
892,all,encoder,delta/3ps/instantaneous_TDA_H0,0.18999910354614258,12
893,all,encoder,delta/3ps/instantaneous_TDA_H0,0.4757099449634552,12
894,all,encoder,delta/3ps/instantaneous_TDA_H0,0.13524647057056427,12
895,all,encoder,delta/3ps/instantaneous_TDA_H0,0.1902478188276291,12
896,all,encoder,delta/3ps/instantaneous_TDA_H0,0.15915678441524506,12
897,all,encoder,delta/3ps/instantaneous_TDA_H0,0.3536398410797119,12
898,all,encoder,delta/3ps/instantaneous_TDA_H0,0.4428883492946625,12
899,all,encoder,delta/3ps/instantaneous_TDA_H0,0.17694057524204254,12
900,all,encoder,delta/3ps/instantaneous_TDA_H0,0.2054435759782791,12
901,all,encoder,delta/3ps/instantaneous_TDA_H0,0.32991525530815125,12
914,all,encoder,delta/3ps/instantaneous_TDA_H0,0.20030087232589722,12
915,all,encoder,delta/3ps/instantaneous_TDA_H0,0.16550324857234955,12
916,all,encoder,delta/3ps/instantaneous_TDA_H0,0.15705585479736328,12
917,all,encoder,delta/3ps/instantaneous_TDA_H0,0.6821511387825012,12
918,all,encoder,delta/3ps/instantaneous_TDA_H0,0.2916624844074249,12
919,all,encoder,delta/3ps/instantaneous_TDA_H0,0.19334854185581207,12
920,all,encoder,delta/3ps/instantaneous_TDA_H0,0.27147430181503296,12
921,all,encoder,delta/3ps/instantaneous_TDA_H0,0.15898658335208893,12
922,all,encoder,delta/3ps/instantaneous_TDA_H0,0.31818145513534546,12
923,all,encoder,delta/3ps/instantaneous_TDA_H0,0.6112226247787476,12
924,all,encoder,delta/3ps/instantaneous_TDA_H0,0.528658926486969,12
925,all,encoder,delta/3ps/instantaneous_TDA_H0,0.2927360534667969,12
926,all,encoder,delta/3ps/instantaneous_TDA_H0,0.28633567690849304,12
927,all,encoder,delta/3ps/instantaneous_TDA_H0,0.2510605752468109,12
928,all,encoder,delta/3ps/instantaneous_TDA_H0,0.2841376066207886,12
929,all,encoder,delta/3ps/instantaneous_TDA_H0,0.1607203483581543,12
930,all,encoder,delta/3ps/instantaneous_TDA_H0,0.25041356682777405,12
931,all,encoder,delta/3ps/instantaneous_TDA_H0,0.2766813337802887,12
944,all,encoder,delta/3ps/instantaneous_TDA_H0,0.2265426069498062,12
945,all,encoder,delta/3ps/instantaneous_TDA_H0,0.22708916664123535,12
946,all,encoder,delta/3ps/instantaneous_TDA_H0,0.3026150166988373,12
947,all,encoder,delta/3ps/instantaneous_TDA_H0,0.1309804469347,12
948,all,encoder,delta/3ps/instantaneous_TDA_H0,0.2302386313676834,12
949,all,encoder,delta/3ps/instantaneous_TDA_H0,0.430976539850235,12
950,all,encoder,delta/3ps/instantaneous_TDA_H0,0.3168671429157257,12
951,all,encoder,delta/3ps/instantaneous_TDA_H0,0.1638755053281784,12
952,all,encoder,delta/3ps/instantaneous_TDA_H0,0.4471041262149811,12
953,all,encoder,delta/3ps/instantaneous_TDA_H0,0.3973955810070038,12
954,all,encoder,delta/3ps/instantaneous_TDA_H0,0.29937848448753357,12
955,all,encoder,delta/3ps/instantaneous_TDA_H0,0.21900777518749237,12
956,all,encoder,delta/3ps/instantaneous_TDA_H0,0.1856602430343628,12
957,all,encoder,delta/3ps/instantaneous_TDA_H0,0.4657888412475586,12
958,all,encoder,delta/3ps/instantaneous_TDA_H0,0.4536536633968353,12
959,all,encoder,delta/3ps/instantaneous_TDA_H0,0.2700609266757965,12
960,all,encoder,delta/3ps/instantaneous_TDA_H0,0.1048477292060852,12
961,all,encoder,delta/3ps/instantaneous_TDA_H0,0.3389645516872406,12
974,all,encoder,delta/3ps/instantaneous_TDA_H0,0.21632735431194305,12
975,all,encoder,delta/3ps/instantaneous_TDA_H0,0.24623674154281616,12
976,all,encoder,delta/3ps/instantaneous_TDA_H0,0.5676000714302063,12
977,all,encoder,delta/3ps/instantaneous_TDA_H0,0.3105751574039459,12
978,all,encoder,delta/3ps/instantaneous_TDA_H0,0.47376513481140137,12
979,all,encoder,delta/3ps/instantaneous_TDA_H0,0.3338964283466339,12
980,all,encoder,delta/3ps/instantaneous_TDA_H0,0.20350946485996246,12
981,all,encoder,delta/3ps/instantaneous_TDA_H0,0.40448829531669617,12
982,all,encoder,delta/3ps/instantaneous_TDA_H0,0.2585523724555969,12
983,all,encoder,delta/3ps/instantaneous_TDA_H0,0.40517938137054443,12
984,all,encoder,delta/3ps/instantaneous_TDA_H0,0.324157178401947,12
985,all,encoder,delta/3ps/instantaneous_TDA_H0,0.22303497791290283,12
986,all,encoder,delta/3ps/instantaneous_TDA_H0,0.24268734455108643,12
987,all,encoder,delta/3ps/instantaneous_TDA_H0,0.3205558955669403,12
988,all,encoder,delta/3ps/instantaneous_TDA_H0,0.3004721999168396,12
989,all,encoder,delta/3ps/instantaneous_TDA_H0,0.2753179371356964,12
990,all,encoder,delta/3ps/instantaneous_TDA_H0,0.264840304851532,12
991,all,encoder,delta/3ps/instantaneous_TDA_H0,0.23432333767414093,12
1004,all,encoder,delta/3ps/instantaneous_TDA_H0,0.2886923849582672,12
1005,all,encoder,delta/3ps/instantaneous_TDA_H0,0.28282082080841064,12
1006,all,encoder,delta/3ps/instantaneous_TDA_H0,0.23897738754749298,12
860,all,encoder,future/9ps/instantaneous_TDA_H0,0.18575458228588104,12
861,all,encoder,future/9ps/instantaneous_TDA_H0,0.30360814929008484,12
862,all,encoder,future/9ps/instantaneous_TDA_H0,0.10227326303720474,12
863,all,encoder,future/9ps/instantaneous_TDA_H0,0.39762091636657715,12
864,all,encoder,future/9ps/instantaneous_TDA_H0,0.42611992359161377,12
865,all,encoder,future/9ps/instantaneous_TDA_H0,0.4585675299167633,12
866,all,encoder,future/9ps/instantaneous_TDA_H0,0.2724086344242096,12
867,all,encoder,future/9ps/instantaneous_TDA_H0,0.7024741768836975,12
868,all,encoder,future/9ps/instantaneous_TDA_H0,0.4364893138408661,12
869,all,encoder,future/9ps/instantaneous_TDA_H0,0.47374871373176575,12
870,all,encoder,future/9ps/instantaneous_TDA_H0,0.3380344808101654,12
871,all,encoder,future/9ps/instantaneous_TDA_H0,0.6085584759712219,12
872,all,encoder,future/9ps/instantaneous_TDA_H0,0.3744516670703888,12
873,all,encoder,future/9ps/instantaneous_TDA_H0,0.2722003161907196,12
874,all,encoder,future/9ps/instantaneous_TDA_H0,0.8078470826148987,12
884,all,encoder,future/9ps/instantaneous_TDA_H0,0.15016071498394012,12
885,all,encoder,future/9ps/instantaneous_TDA_H0,0.6608994603157043,12
886,all,encoder,future/9ps/instantaneous_TDA_H0,0.42156878113746643,12
887,all,encoder,future/9ps/instantaneous_TDA_H0,0.24075722694396973,12
888,all,encoder,future/9ps/instantaneous_TDA_H0,0.4814954102039337,12
889,all,encoder,future/9ps/instantaneous_TDA_H0,0.5079227089881897,12
890,all,encoder,future/9ps/instantaneous_TDA_H0,0.4863511323928833,12
891,all,encoder,future/9ps/instantaneous_TDA_H0,0.12999407947063446,12
892,all,encoder,future/9ps/instantaneous_TDA_H0,0.5504567623138428,12
893,all,encoder,future/9ps/instantaneous_TDA_H0,0.1799694299697876,12
894,all,encoder,future/9ps/instantaneous_TDA_H0,0.4612762928009033,12
895,all,encoder,future/9ps/instantaneous_TDA_H0,0.08090966194868088,12
896,all,encoder,future/9ps/instantaneous_TDA_H0,0.1987827867269516,12
897,all,encoder,future/9ps/instantaneous_TDA_H0,0.26103585958480835,12
898,all,encoder,future/9ps/instantaneous_TDA_H0,0.19539570808410645,12
899,all,encoder,future/9ps/instantaneous_TDA_H0,0.37290120124816895,12
900,all,encoder,future/9ps/instantaneous_TDA_H0,0.2926134765148163,12
901,all,encoder,future/9ps/instantaneous_TDA_H0,0.23403431475162506,12
914,all,encoder,future/9ps/instantaneous_TDA_H0,0.433942049741745,12
915,all,encoder,future/9ps/instantaneous_TDA_H0,0.30431926250457764,12
916,all,encoder,future/9ps/instantaneous_TDA_H0,0.28447479009628296,12
917,all,encoder,future/9ps/instantaneous_TDA_H0,0.2765370309352875,12
918,all,encoder,future/9ps/instantaneous_TDA_H0,0.3109607696533203,12
919,all,encoder,future/9ps/instantaneous_TDA_H0,0.2062041163444519,12
920,all,encoder,future/9ps/instantaneous_TDA_H0,0.7890213131904602,12
921,all,encoder,future/9ps/instantaneous_TDA_H0,0.3614383935928345,12
922,all,encoder,future/9ps/instantaneous_TDA_H0,1.0644400119781494,12
923,all,encoder,future/9ps/instantaneous_TDA_H0,0.34791862964630127,12
924,all,encoder,future/9ps/instantaneous_TDA_H0,0.6404768228530884,12
925,all,encoder,future/9ps/instantaneous_TDA_H0,0.32612136006355286,12
926,all,encoder,future/9ps/instantaneous_TDA_H0,0.5133807063102722,12
927,all,encoder,future/9ps/instantaneous_TDA_H0,0.2347913533449173,12
928,all,encoder,future/9ps/instantaneous_TDA_H0,0.5500653386116028,12
929,all,encoder,future/9ps/instantaneous_TDA_H0,0.6496462225914001,12
930,all,encoder,future/9ps/instantaneous_TDA_H0,0.7019588351249695,12
931,all,encoder,future/9ps/instantaneous_TDA_H0,0.15997600555419922,12
944,all,encoder,future/9ps/instantaneous_TDA_H0,0.5295717716217041,12
945,all,encoder,future/9ps/instantaneous_TDA_H0,0.5154146552085876,12
946,all,encoder,future/9ps/instantaneous_TDA_H0,0.5000873804092407,12
947,all,encoder,future/9ps/instantaneous_TDA_H0,0.41646039485931396,12
948,all,encoder,future/9ps/instantaneous_TDA_H0,0.31750205159187317,12
949,all,encoder,future/9ps/instantaneous_TDA_H0,0.14700482785701752,12
950,all,encoder,future/9ps/instantaneous_TDA_H0,0.4771628677845001,12
951,all,encoder,future/9ps/instantaneous_TDA_H0,0.15731094777584076,12
952,all,encoder,future/9ps/instantaneous_TDA_H0,0.4342203140258789,12
953,all,encoder,future/9ps/instantaneous_TDA_H0,1.0454065799713135,12
954,all,encoder,future/9ps/instantaneous_TDA_H0,0.35895928740501404,12
955,all,encoder,future/9ps/instantaneous_TDA_H0,0.2579965889453888,12
956,all,encoder,future/9ps/instantaneous_TDA_H0,0.31714874505996704,12
957,all,encoder,future/9ps/instantaneous_TDA_H0,0.5706424117088318,12
958,all,encoder,future/9ps/instantaneous_TDA_H0,0.37030115723609924,12
959,all,encoder,future/9ps/instantaneous_TDA_H0,0.4546242654323578,12
960,all,encoder,future/9ps/instantaneous_TDA_H0,0.744575023651123,12
961,all,encoder,future/9ps/instantaneous_TDA_H0,0.5541518926620483,12
974,all,encoder,future/9ps/instantaneous_TDA_H0,0.2536838948726654,12
975,all,encoder,future/9ps/instantaneous_TDA_H0,0.9445835947990417,12
976,all,encoder,future/9ps/instantaneous_TDA_H0,0.27257540822029114,12
977,all,encoder,future/9ps/instantaneous_TDA_H0,0.24451608955860138,12
978,all,encoder,future/9ps/instantaneous_TDA_H0,0.2724687159061432,12
979,all,encoder,future/9ps/instantaneous_TDA_H0,0.5837811827659607,12
980,all,encoder,future/9ps/instantaneous_TDA_H0,0.31080207228660583,12
981,all,encoder,future/9ps/instantaneous_TDA_H0,0.15445278584957123,12
982,all,encoder,future/9ps/instantaneous_TDA_H0,0.17168907821178436,12
983,all,encoder,future/9ps/instantaneous_TDA_H0,0.25273397564888,12
984,all,encoder,future/9ps/instantaneous_TDA_H0,0.27096930146217346,12
985,all,encoder,future/9ps/instantaneous_TDA_H0,0.8318318724632263,12
986,all,encoder,future/9ps/instantaneous_TDA_H0,0.29094886779785156,12
987,all,encoder,future/9ps/instantaneous_TDA_H0,0.2832041084766388,12
988,all,encoder,future/9ps/instantaneous_TDA_H0,0.4282015264034271,12
989,all,encoder,future/9ps/instantaneous_TDA_H0,0.19681203365325928,12
990,all,encoder,future/9ps/instantaneous_TDA_H0,0.3580220937728882,12
991,all,encoder,future/9ps/instantaneous_TDA_H0,0.32073691487312317,12
1004,all,encoder,future/9ps/instantaneous_TDA_H0,0.25572875142097473,12
1005,all,encoder,future/9ps/instantaneous_TDA_H0,0.455329030752182,12
1006,all,encoder,future/9ps/instantaneous_TDA_H0,0.4295836389064789,12
860,all,persistence,future/9ps/instantaneous_TDA_H0,0.4262361526489258,12
861,all,persistence,future/9ps/instantaneous_TDA_H0,0.24685801565647125,12
862,all,persistence,future/9ps/instantaneous_TDA_H0,0.21141774952411652,12
863,all,persistence,future/9ps/instantaneous_TDA_H0,0.40746721625328064,12
864,all,persistence,future/9ps/instantaneous_TDA_H0,0.3746391236782074,12
865,all,persistence,future/9ps/instantaneous_TDA_H0,0.3438042104244232,12
866,all,persistence,future/9ps/instantaneous_TDA_H0,0.3663676679134369,12
867,all,persistence,future/9ps/instantaneous_TDA_H0,0.4514956772327423,12
868,all,persistence,future/9ps/instantaneous_TDA_H0,0.7580587267875671,12
869,all,persistence,future/9ps/instantaneous_TDA_H0,0.3252840042114258,12
870,all,persistence,future/9ps/instantaneous_TDA_H0,0.38600611686706543,12
871,all,persistence,future/9ps/instantaneous_TDA_H0,0.7833659648895264,12
872,all,persistence,future/9ps/instantaneous_TDA_H0,0.26006168127059937,12
873,all,persistence,future/9ps/instantaneous_TDA_H0,0.1881173849105835,12
874,all,persistence,future/9ps/instantaneous_TDA_H0,0.2866843044757843,12
884,all,persistence,future/9ps/instantaneous_TDA_H0,0.1617060750722885,12
885,all,persistence,future/9ps/instantaneous_TDA_H0,0.25540828704833984,12
886,all,persistence,future/9ps/instantaneous_TDA_H0,0.25238481163978577,12
887,all,persistence,future/9ps/instantaneous_TDA_H0,0.40788617730140686,12
888,all,persistence,future/9ps/instantaneous_TDA_H0,0.34231892228126526,12
889,all,persistence,future/9ps/instantaneous_TDA_H0,0.6599858999252319,12
890,all,persistence,future/9ps/instantaneous_TDA_H0,0.1988459825515747,12
891,all,persistence,future/9ps/instantaneous_TDA_H0,0.15432631969451904,12
892,all,persistence,future/9ps/instantaneous_TDA_H0,0.43145909905433655,12
893,all,persistence,future/9ps/instantaneous_TDA_H0,0.2514094412326813,12
894,all,persistence,future/9ps/instantaneous_TDA_H0,0.19440865516662598,12
895,all,persistence,future/9ps/instantaneous_TDA_H0,0.17875880002975464,12
896,all,persistence,future/9ps/instantaneous_TDA_H0,0.11574224382638931,12
897,all,persistence,future/9ps/instantaneous_TDA_H0,0.2180836796760559,12
898,all,persistence,future/9ps/instantaneous_TDA_H0,0.17225833237171173,12
899,all,persistence,future/9ps/instantaneous_TDA_H0,0.22292886674404144,12
900,all,persistence,future/9ps/instantaneous_TDA_H0,0.12709194421768188,12
901,all,persistence,future/9ps/instantaneous_TDA_H0,0.19416533410549164,12
914,all,persistence,future/9ps/instantaneous_TDA_H0,0.33739468455314636,12
915,all,persistence,future/9ps/instantaneous_TDA_H0,0.24036015570163727,12
916,all,persistence,future/9ps/instantaneous_TDA_H0,0.1714821308851242,12
917,all,persistence,future/9ps/instantaneous_TDA_H0,0.5127965807914734,12
918,all,persistence,future/9ps/instantaneous_TDA_H0,0.14433301985263824,12
919,all,persistence,future/9ps/instantaneous_TDA_H0,0.3372407853603363,12
920,all,persistence,future/9ps/instantaneous_TDA_H0,0.24370361864566803,12
921,all,persistence,future/9ps/instantaneous_TDA_H0,0.15801361203193665,12
922,all,persistence,future/9ps/instantaneous_TDA_H0,0.4126899540424347,12
923,all,persistence,future/9ps/instantaneous_TDA_H0,0.1950986236333847,12
924,all,persistence,future/9ps/instantaneous_TDA_H0,0.33232802152633667,12
925,all,persistence,future/9ps/instantaneous_TDA_H0,0.1396079808473587,12
926,all,persistence,future/9ps/instantaneous_TDA_H0,0.3820071518421173,12
927,all,persistence,future/9ps/instantaneous_TDA_H0,0.200931116938591,12
928,all,persistence,future/9ps/instantaneous_TDA_H0,0.19114220142364502,12
929,all,persistence,future/9ps/instantaneous_TDA_H0,0.2674701511859894,12
930,all,persistence,future/9ps/instantaneous_TDA_H0,0.3275129497051239,12
931,all,persistence,future/9ps/instantaneous_TDA_H0,0.1863345056772232,12
944,all,persistence,future/9ps/instantaneous_TDA_H0,0.6865212917327881,12
945,all,persistence,future/9ps/instantaneous_TDA_H0,0.2894938886165619,12
946,all,persistence,future/9ps/instantaneous_TDA_H0,0.5605804324150085,12
947,all,persistence,future/9ps/instantaneous_TDA_H0,0.09893524646759033,12
948,all,persistence,future/9ps/instantaneous_TDA_H0,0.1777019500732422,12
949,all,persistence,future/9ps/instantaneous_TDA_H0,0.3402184545993805,12
950,all,persistence,future/9ps/instantaneous_TDA_H0,0.8213377594947815,12
951,all,persistence,future/9ps/instantaneous_TDA_H0,0.22882981598377228,12
952,all,persistence,future/9ps/instantaneous_TDA_H0,0.5043146014213562,12
953,all,persistence,future/9ps/instantaneous_TDA_H0,0.8738083243370056,12
954,all,persistence,future/9ps/instantaneous_TDA_H0,0.3074062168598175,12
955,all,persistence,future/9ps/instantaneous_TDA_H0,0.3772328197956085,12
956,all,persistence,future/9ps/instantaneous_TDA_H0,0.26681986451148987,12
957,all,persistence,future/9ps/instantaneous_TDA_H0,0.3088153302669525,12
958,all,persistence,future/9ps/instantaneous_TDA_H0,0.33293524384498596,12
959,all,persistence,future/9ps/instantaneous_TDA_H0,0.42412078380584717,12
960,all,persistence,future/9ps/instantaneous_TDA_H0,0.20207077264785767,12
961,all,persistence,future/9ps/instantaneous_TDA_H0,0.4273783266544342,12
974,all,persistence,future/9ps/instantaneous_TDA_H0,0.26429373025894165,12
975,all,persistence,future/9ps/instantaneous_TDA_H0,0.5157627463340759,12
976,all,persistence,future/9ps/instantaneous_TDA_H0,0.24739690124988556,12
977,all,persistence,future/9ps/instantaneous_TDA_H0,0.5488196015357971,12
978,all,persistence,future/9ps/instantaneous_TDA_H0,0.5330255627632141,12
979,all,persistence,future/9ps/instantaneous_TDA_H0,0.2041192203760147,12
980,all,persistence,future/9ps/instantaneous_TDA_H0,0.17856432497501373,12
981,all,persistence,future/9ps/instantaneous_TDA_H0,0.19975192844867706,12
982,all,persistence,future/9ps/instantaneous_TDA_H0,0.16964353621006012,12
983,all,persistence,future/9ps/instantaneous_TDA_H0,0.35880133509635925,12
984,all,persistence,future/9ps/instantaneous_TDA_H0,0.22362105548381805,12
985,all,persistence,future/9ps/instantaneous_TDA_H0,0.5120813250541687,12
986,all,persistence,future/9ps/instantaneous_TDA_H0,0.502486526966095,12
987,all,persistence,future/9ps/instantaneous_TDA_H0,0.4089343547821045,12
988,all,persistence,future/9ps/instantaneous_TDA_H0,0.3089196979999542,12
989,all,persistence,future/9ps/instantaneous_TDA_H0,0.20637422800064087,12
990,all,persistence,future/9ps/instantaneous_TDA_H0,0.2991671562194824,12
991,all,persistence,future/9ps/instantaneous_TDA_H0,0.19586831331253052,12
1004,all,persistence,future/9ps/instantaneous_TDA_H0,0.2926836311817169,12
1005,all,persistence,future/9ps/instantaneous_TDA_H0,0.3851849138736725,12
1006,all,persistence,future/9ps/instantaneous_TDA_H0,0.4530496895313263,12
860,all,encoder,delta/9ps/instantaneous_TDA_H0,0.4451812505722046,12
861,all,encoder,delta/9ps/instantaneous_TDA_H0,0.23016957938671112,12
862,all,encoder,delta/9ps/instantaneous_TDA_H0,0.23869585990905762,12
863,all,encoder,delta/9ps/instantaneous_TDA_H0,0.410404771566391,12
864,all,encoder,delta/9ps/instantaneous_TDA_H0,0.40058043599128723,12
865,all,encoder,delta/9ps/instantaneous_TDA_H0,0.38010719418525696,12
866,all,encoder,delta/9ps/instantaneous_TDA_H0,0.3456638753414154,12
867,all,encoder,delta/9ps/instantaneous_TDA_H0,0.5134204030036926,12
868,all,encoder,delta/9ps/instantaneous_TDA_H0,0.7196391224861145,12
869,all,encoder,delta/9ps/instantaneous_TDA_H0,0.3693852722644806,12
870,all,encoder,delta/9ps/instantaneous_TDA_H0,0.345980167388916,12
871,all,encoder,delta/9ps/instantaneous_TDA_H0,0.7091900706291199,12
872,all,encoder,delta/9ps/instantaneous_TDA_H0,0.23992498219013214,12
873,all,encoder,delta/9ps/instantaneous_TDA_H0,0.22019608318805695,12
874,all,encoder,delta/9ps/instantaneous_TDA_H0,0.3251476287841797,12
884,all,encoder,delta/9ps/instantaneous_TDA_H0,0.16721993684768677,12
885,all,encoder,delta/9ps/instantaneous_TDA_H0,0.28269198536872864,12
886,all,encoder,delta/9ps/instantaneous_TDA_H0,0.26882946491241455,12
887,all,encoder,delta/9ps/instantaneous_TDA_H0,0.4049408733844757,12
888,all,encoder,delta/9ps/instantaneous_TDA_H0,0.3321937620639801,12
889,all,encoder,delta/9ps/instantaneous_TDA_H0,0.5850595831871033,12
890,all,encoder,delta/9ps/instantaneous_TDA_H0,0.23375876247882843,12
891,all,encoder,delta/9ps/instantaneous_TDA_H0,0.15132220089435577,12
892,all,encoder,delta/9ps/instantaneous_TDA_H0,0.4709728956222534,12
893,all,encoder,delta/9ps/instantaneous_TDA_H0,0.2610975205898285,12
894,all,encoder,delta/9ps/instantaneous_TDA_H0,0.21251873672008514,12
895,all,encoder,delta/9ps/instantaneous_TDA_H0,0.21054838597774506,12
896,all,encoder,delta/9ps/instantaneous_TDA_H0,0.1351042240858078,12
897,all,encoder,delta/9ps/instantaneous_TDA_H0,0.2568150460720062,12
898,all,encoder,delta/9ps/instantaneous_TDA_H0,0.20156507194042206,12
899,all,encoder,delta/9ps/instantaneous_TDA_H0,0.2363135814666748,12
900,all,encoder,delta/9ps/instantaneous_TDA_H0,0.14833422005176544,12
901,all,encoder,delta/9ps/instantaneous_TDA_H0,0.17442722618579865,12
914,all,encoder,delta/9ps/instantaneous_TDA_H0,0.35898610949516296,12
915,all,encoder,delta/9ps/instantaneous_TDA_H0,0.23881447315216064,12
916,all,encoder,delta/9ps/instantaneous_TDA_H0,0.16413167119026184,12
917,all,encoder,delta/9ps/instantaneous_TDA_H0,0.5064181685447693,12
918,all,encoder,delta/9ps/instantaneous_TDA_H0,0.1458503156900406,12
919,all,encoder,delta/9ps/instantaneous_TDA_H0,0.34993112087249756,12
920,all,encoder,delta/9ps/instantaneous_TDA_H0,0.23983900249004364,12
921,all,encoder,delta/9ps/instantaneous_TDA_H0,0.16763006150722504,12
922,all,encoder,delta/9ps/instantaneous_TDA_H0,0.41219937801361084,12
923,all,encoder,delta/9ps/instantaneous_TDA_H0,0.20820832252502441,12
924,all,encoder,delta/9ps/instantaneous_TDA_H0,0.3102298676967621,12
925,all,encoder,delta/9ps/instantaneous_TDA_H0,0.1411447376012802,12
926,all,encoder,delta/9ps/instantaneous_TDA_H0,0.3815039396286011,12
927,all,encoder,delta/9ps/instantaneous_TDA_H0,0.21066494286060333,12
928,all,encoder,delta/9ps/instantaneous_TDA_H0,0.17942987382411957,12
929,all,encoder,delta/9ps/instantaneous_TDA_H0,0.2745001018047333,12
930,all,encoder,delta/9ps/instantaneous_TDA_H0,0.3147501051425934,12
931,all,encoder,delta/9ps/instantaneous_TDA_H0,0.1961115151643753,12
944,all,encoder,delta/9ps/instantaneous_TDA_H0,0.6433998346328735,12
945,all,encoder,delta/9ps/instantaneous_TDA_H0,0.2819484770298004,12
946,all,encoder,delta/9ps/instantaneous_TDA_H0,0.5473479628562927,12
947,all,encoder,delta/9ps/instantaneous_TDA_H0,0.09522324055433273,12
948,all,encoder,delta/9ps/instantaneous_TDA_H0,0.16461218893527985,12
949,all,encoder,delta/9ps/instantaneous_TDA_H0,0.37634527683258057,12
950,all,encoder,delta/9ps/instantaneous_TDA_H0,0.7562413215637207,12
951,all,encoder,delta/9ps/instantaneous_TDA_H0,0.23541559278964996,12
952,all,encoder,delta/9ps/instantaneous_TDA_H0,0.5332517027854919,12
953,all,encoder,delta/9ps/instantaneous_TDA_H0,0.8449022173881531,12
954,all,encoder,delta/9ps/instantaneous_TDA_H0,0.33214765787124634,12
955,all,encoder,delta/9ps/instantaneous_TDA_H0,0.36447274684906006,12
956,all,encoder,delta/9ps/instantaneous_TDA_H0,0.2509148120880127,12
957,all,encoder,delta/9ps/instantaneous_TDA_H0,0.3222375512123108,12
958,all,encoder,delta/9ps/instantaneous_TDA_H0,0.34688177704811096,12
959,all,encoder,delta/9ps/instantaneous_TDA_H0,0.4357753098011017,12
960,all,encoder,delta/9ps/instantaneous_TDA_H0,0.1965688019990921,12
961,all,encoder,delta/9ps/instantaneous_TDA_H0,0.4388004541397095,12
974,all,encoder,delta/9ps/instantaneous_TDA_H0,0.2827899754047394,12
975,all,encoder,delta/9ps/instantaneous_TDA_H0,0.5483329892158508,12
976,all,encoder,delta/9ps/instantaneous_TDA_H0,0.26943284273147583,12
977,all,encoder,delta/9ps/instantaneous_TDA_H0,0.5757365822792053,12
978,all,encoder,delta/9ps/instantaneous_TDA_H0,0.4939463436603546,12
979,all,encoder,delta/9ps/instantaneous_TDA_H0,0.22735244035720825,12
980,all,encoder,delta/9ps/instantaneous_TDA_H0,0.16471002995967865,12
981,all,encoder,delta/9ps/instantaneous_TDA_H0,0.22334297001361847,12
982,all,encoder,delta/9ps/instantaneous_TDA_H0,0.17122983932495117,12
983,all,encoder,delta/9ps/instantaneous_TDA_H0,0.3700830936431885,12
984,all,encoder,delta/9ps/instantaneous_TDA_H0,0.20455430448055267,12
985,all,encoder,delta/9ps/instantaneous_TDA_H0,0.46755680441856384,12
986,all,encoder,delta/9ps/instantaneous_TDA_H0,0.5387703776359558,12
987,all,encoder,delta/9ps/instantaneous_TDA_H0,0.3980163633823395,12
988,all,encoder,delta/9ps/instantaneous_TDA_H0,0.29829132556915283,12
989,all,encoder,delta/9ps/instantaneous_TDA_H0,0.2003488391637802,12
990,all,encoder,delta/9ps/instantaneous_TDA_H0,0.3049115240573883,12
991,all,encoder,delta/9ps/instantaneous_TDA_H0,0.190151646733284,12
1004,all,encoder,delta/9ps/instantaneous_TDA_H0,0.27807381749153137,12
1005,all,encoder,delta/9ps/instantaneous_TDA_H0,0.36675533652305603,12
1006,all,encoder,delta/9ps/instantaneous_TDA_H0,0.4482153356075287,12
860,all,encoder,present/instantaneous_TDA_H1,0.2088063359260559,12
861,all,encoder,present/instantaneous_TDA_H1,0.3334231376647949,12
862,all,encoder,present/instantaneous_TDA_H1,0.2586042582988739,12
863,all,encoder,present/instantaneous_TDA_H1,0.26710379123687744,12
864,all,encoder,present/instantaneous_TDA_H1,0.24193920195102692,12
865,all,encoder,present/instantaneous_TDA_H1,0.15862353146076202,12
866,all,encoder,present/instantaneous_TDA_H1,0.25834593176841736,12
867,all,encoder,present/instantaneous_TDA_H1,0.15200947225093842,12
868,all,encoder,present/instantaneous_TDA_H1,0.26565974950790405,12
869,all,encoder,present/instantaneous_TDA_H1,0.2820732295513153,12
870,all,encoder,present/instantaneous_TDA_H1,0.36009156703948975,12
871,all,encoder,present/instantaneous_TDA_H1,0.19481779634952545,12
872,all,encoder,present/instantaneous_TDA_H1,0.21799500286579132,12
873,all,encoder,present/instantaneous_TDA_H1,0.1849052459001541,12
874,all,encoder,present/instantaneous_TDA_H1,0.46017417311668396,12
884,all,encoder,present/instantaneous_TDA_H1,0.2862028181552887,12
885,all,encoder,present/instantaneous_TDA_H1,0.34277114272117615,12
886,all,encoder,present/instantaneous_TDA_H1,0.5309467315673828,12
887,all,encoder,present/instantaneous_TDA_H1,0.09777126461267471,12
888,all,encoder,present/instantaneous_TDA_H1,0.17263104021549225,12
889,all,encoder,present/instantaneous_TDA_H1,0.15373213589191437,12
890,all,encoder,present/instantaneous_TDA_H1,0.32162413001060486,12
891,all,encoder,present/instantaneous_TDA_H1,0.16239644587039948,12
892,all,encoder,present/instantaneous_TDA_H1,0.23919202387332916,12
893,all,encoder,present/instantaneous_TDA_H1,0.17588774859905243,12
894,all,encoder,present/instantaneous_TDA_H1,0.3323909044265747,12
895,all,encoder,present/instantaneous_TDA_H1,0.11336511373519897,12
896,all,encoder,present/instantaneous_TDA_H1,0.13880760967731476,12
897,all,encoder,present/instantaneous_TDA_H1,0.09776411205530167,12
898,all,encoder,present/instantaneous_TDA_H1,0.1270834356546402,12
899,all,encoder,present/instantaneous_TDA_H1,0.4095790684223175,12
900,all,encoder,present/instantaneous_TDA_H1,0.17353947460651398,12
901,all,encoder,present/instantaneous_TDA_H1,0.2518572509288788,12
914,all,encoder,present/instantaneous_TDA_H1,0.4384717643260956,12
915,all,encoder,present/instantaneous_TDA_H1,0.366135835647583,12
916,all,encoder,present/instantaneous_TDA_H1,0.3092762529850006,12
917,all,encoder,present/instantaneous_TDA_H1,0.21716564893722534,12
918,all,encoder,present/instantaneous_TDA_H1,0.36756956577301025,12
919,all,encoder,present/instantaneous_TDA_H1,0.24581609666347504,12
920,all,encoder,present/instantaneous_TDA_H1,0.8757457733154297,12
921,all,encoder,present/instantaneous_TDA_H1,0.3482144773006439,12
922,all,encoder,present/instantaneous_TDA_H1,0.9137429594993591,12
923,all,encoder,present/instantaneous_TDA_H1,0.30663660168647766,12
924,all,encoder,present/instantaneous_TDA_H1,0.5079756379127502,12
925,all,encoder,present/instantaneous_TDA_H1,0.20110367238521576,12
926,all,encoder,present/instantaneous_TDA_H1,0.20002420246601105,12
927,all,encoder,present/instantaneous_TDA_H1,0.26136156916618347,12
928,all,encoder,present/instantaneous_TDA_H1,0.5551605820655823,12
929,all,encoder,present/instantaneous_TDA_H1,0.6189037561416626,12
930,all,encoder,present/instantaneous_TDA_H1,0.2300271987915039,12
931,all,encoder,present/instantaneous_TDA_H1,0.19839037954807281,12
944,all,encoder,present/instantaneous_TDA_H1,0.20318669080734253,12
945,all,encoder,present/instantaneous_TDA_H1,0.40406978130340576,12
946,all,encoder,present/instantaneous_TDA_H1,0.3507973253726959,12
947,all,encoder,present/instantaneous_TDA_H1,0.7216529250144958,12
948,all,encoder,present/instantaneous_TDA_H1,0.4092630445957184,12
949,all,encoder,present/instantaneous_TDA_H1,0.2885484993457794,12
950,all,encoder,present/instantaneous_TDA_H1,0.21968483924865723,12
951,all,encoder,present/instantaneous_TDA_H1,0.43959105014801025,12
952,all,encoder,present/instantaneous_TDA_H1,0.3019513189792633,12
953,all,encoder,present/instantaneous_TDA_H1,0.3698296546936035,12
954,all,encoder,present/instantaneous_TDA_H1,0.22283053398132324,12
955,all,encoder,present/instantaneous_TDA_H1,0.2731345593929291,12
956,all,encoder,present/instantaneous_TDA_H1,0.24211432039737701,12
957,all,encoder,present/instantaneous_TDA_H1,0.47373464703559875,12
958,all,encoder,present/instantaneous_TDA_H1,0.5420598387718201,12
959,all,encoder,present/instantaneous_TDA_H1,0.584318220615387,12
960,all,encoder,present/instantaneous_TDA_H1,0.8727380633354187,12
961,all,encoder,present/instantaneous_TDA_H1,0.3876364231109619,12
974,all,encoder,present/instantaneous_TDA_H1,0.3493829667568207,12
975,all,encoder,present/instantaneous_TDA_H1,0.7083899974822998,12
976,all,encoder,present/instantaneous_TDA_H1,0.46533694863319397,12
977,all,encoder,present/instantaneous_TDA_H1,0.321584552526474,12
978,all,encoder,present/instantaneous_TDA_H1,0.5021213889122009,12
979,all,encoder,present/instantaneous_TDA_H1,0.2894197404384613,12
980,all,encoder,present/instantaneous_TDA_H1,0.2829226851463318,12
981,all,encoder,present/instantaneous_TDA_H1,0.1291271597146988,12
982,all,encoder,present/instantaneous_TDA_H1,0.20920205116271973,12
983,all,encoder,present/instantaneous_TDA_H1,0.2793203592300415,12
984,all,encoder,present/instantaneous_TDA_H1,0.166105717420578,12
985,all,encoder,present/instantaneous_TDA_H1,0.6745502352714539,12
986,all,encoder,present/instantaneous_TDA_H1,0.14225442707538605,12
987,all,encoder,present/instantaneous_TDA_H1,0.08453180640935898,12
988,all,encoder,present/instantaneous_TDA_H1,0.1974947452545166,12
989,all,encoder,present/instantaneous_TDA_H1,0.15495581924915314,12
990,all,encoder,present/instantaneous_TDA_H1,0.3232215344905853,12
991,all,encoder,present/instantaneous_TDA_H1,0.2030683010816574,12
1004,all,encoder,present/instantaneous_TDA_H1,0.10550976544618607,12
1005,all,encoder,present/instantaneous_TDA_H1,0.4888404309749603,12
1006,all,encoder,present/instantaneous_TDA_H1,0.24773292243480682,12
860,all,encoder,future/0.75ps/instantaneous_TDA_H1,0.25536102056503296,12
861,all,encoder,future/0.75ps/instantaneous_TDA_H1,0.3899648189544678,12
862,all,encoder,future/0.75ps/instantaneous_TDA_H1,0.22919826209545135,12
863,all,encoder,future/0.75ps/instantaneous_TDA_H1,0.23841513693332672,12
864,all,encoder,future/0.75ps/instantaneous_TDA_H1,0.26647326350212097,12
865,all,encoder,future/0.75ps/instantaneous_TDA_H1,0.37410053610801697,12
866,all,encoder,future/0.75ps/instantaneous_TDA_H1,0.39329707622528076,12
867,all,encoder,future/0.75ps/instantaneous_TDA_H1,0.268384724855423,12
868,all,encoder,future/0.75ps/instantaneous_TDA_H1,0.2680339217185974,12
869,all,encoder,future/0.75ps/instantaneous_TDA_H1,0.40234288573265076,12
870,all,encoder,future/0.75ps/instantaneous_TDA_H1,0.3896275460720062,12
871,all,encoder,future/0.75ps/instantaneous_TDA_H1,0.26914671063423157,12
872,all,encoder,future/0.75ps/instantaneous_TDA_H1,0.19483761489391327,12
873,all,encoder,future/0.75ps/instantaneous_TDA_H1,0.16117756068706512,12
874,all,encoder,future/0.75ps/instantaneous_TDA_H1,0.5840169787406921,12
884,all,encoder,future/0.75ps/instantaneous_TDA_H1,0.15237481892108917,12
885,all,encoder,future/0.75ps/instantaneous_TDA_H1,0.41029849648475647,12
886,all,encoder,future/0.75ps/instantaneous_TDA_H1,0.4386092722415924,12
887,all,encoder,future/0.75ps/instantaneous_TDA_H1,0.1811279058456421,12
888,all,encoder,future/0.75ps/instantaneous_TDA_H1,0.23925183713436127,12
889,all,encoder,future/0.75ps/instantaneous_TDA_H1,0.17835061252117157,12
890,all,encoder,future/0.75ps/instantaneous_TDA_H1,0.41134753823280334,12
891,all,encoder,future/0.75ps/instantaneous_TDA_H1,0.13514375686645508,12
892,all,encoder,future/0.75ps/instantaneous_TDA_H1,0.23276455700397491,12
893,all,encoder,future/0.75ps/instantaneous_TDA_H1,0.1987868696451187,12
894,all,encoder,future/0.75ps/instantaneous_TDA_H1,0.33771541714668274,12
895,all,encoder,future/0.75ps/instantaneous_TDA_H1,0.15731219947338104,12
896,all,encoder,future/0.75ps/instantaneous_TDA_H1,0.18946470320224762,12
897,all,encoder,future/0.75ps/instantaneous_TDA_H1,0.11797382682561874,12
898,all,encoder,future/0.75ps/instantaneous_TDA_H1,0.1325012892484665,12
899,all,encoder,future/0.75ps/instantaneous_TDA_H1,0.26267579197883606,12
900,all,encoder,future/0.75ps/instantaneous_TDA_H1,0.21726393699645996,12
901,all,encoder,future/0.75ps/instantaneous_TDA_H1,0.23243719339370728,12
914,all,encoder,future/0.75ps/instantaneous_TDA_H1,0.647534191608429,12
915,all,encoder,future/0.75ps/instantaneous_TDA_H1,0.2856045067310333,12
916,all,encoder,future/0.75ps/instantaneous_TDA_H1,0.31073132157325745,12
917,all,encoder,future/0.75ps/instantaneous_TDA_H1,0.23590731620788574,12
918,all,encoder,future/0.75ps/instantaneous_TDA_H1,0.3403964042663574,12
919,all,encoder,future/0.75ps/instantaneous_TDA_H1,0.255710631608963,12
920,all,encoder,future/0.75ps/instantaneous_TDA_H1,0.8091563582420349,12
921,all,encoder,future/0.75ps/instantaneous_TDA_H1,0.34120258688926697,12
922,all,encoder,future/0.75ps/instantaneous_TDA_H1,0.7556717395782471,12
923,all,encoder,future/0.75ps/instantaneous_TDA_H1,0.3042798340320587,12
924,all,encoder,future/0.75ps/instantaneous_TDA_H1,0.43426069617271423,12
925,all,encoder,future/0.75ps/instantaneous_TDA_H1,0.2685995101928711,12
926,all,encoder,future/0.75ps/instantaneous_TDA_H1,0.21019043028354645,12
927,all,encoder,future/0.75ps/instantaneous_TDA_H1,0.23565822839736938,12
928,all,encoder,future/0.75ps/instantaneous_TDA_H1,0.4604792296886444,12
929,all,encoder,future/0.75ps/instantaneous_TDA_H1,0.6851840615272522,12
930,all,encoder,future/0.75ps/instantaneous_TDA_H1,0.29300495982170105,12
931,all,encoder,future/0.75ps/instantaneous_TDA_H1,0.1736513376235962,12
944,all,encoder,future/0.75ps/instantaneous_TDA_H1,0.2082574963569641,12
945,all,encoder,future/0.75ps/instantaneous_TDA_H1,0.3684133291244507,12
946,all,encoder,future/0.75ps/instantaneous_TDA_H1,0.31030189990997314,12
947,all,encoder,future/0.75ps/instantaneous_TDA_H1,0.6375259160995483,12
948,all,encoder,future/0.75ps/instantaneous_TDA_H1,0.37181687355041504,12
949,all,encoder,future/0.75ps/instantaneous_TDA_H1,0.23195965588092804,12
950,all,encoder,future/0.75ps/instantaneous_TDA_H1,0.24059946835041046,12
951,all,encoder,future/0.75ps/instantaneous_TDA_H1,0.4358002245426178,12
952,all,encoder,future/0.75ps/instantaneous_TDA_H1,0.36878153681755066,12
953,all,encoder,future/0.75ps/instantaneous_TDA_H1,0.33884522318840027,12
954,all,encoder,future/0.75ps/instantaneous_TDA_H1,0.29154324531555176,12
955,all,encoder,future/0.75ps/instantaneous_TDA_H1,0.24958574771881104,12
956,all,encoder,future/0.75ps/instantaneous_TDA_H1,0.3368253707885742,12
957,all,encoder,future/0.75ps/instantaneous_TDA_H1,0.4076858460903168,12
958,all,encoder,future/0.75ps/instantaneous_TDA_H1,0.5656163096427917,12
959,all,encoder,future/0.75ps/instantaneous_TDA_H1,0.5452331900596619,12
960,all,encoder,future/0.75ps/instantaneous_TDA_H1,0.7571014761924744,12
961,all,encoder,future/0.75ps/instantaneous_TDA_H1,0.37973806262016296,12
974,all,encoder,future/0.75ps/instantaneous_TDA_H1,0.3276320993900299,12
975,all,encoder,future/0.75ps/instantaneous_TDA_H1,0.5293307900428772,12
976,all,encoder,future/0.75ps/instantaneous_TDA_H1,0.4536435604095459,12
977,all,encoder,future/0.75ps/instantaneous_TDA_H1,0.2132323980331421,12
978,all,encoder,future/0.75ps/instantaneous_TDA_H1,0.469235897064209,12
979,all,encoder,future/0.75ps/instantaneous_TDA_H1,0.3353758156299591,12
980,all,encoder,future/0.75ps/instantaneous_TDA_H1,0.250837117433548,12
981,all,encoder,future/0.75ps/instantaneous_TDA_H1,0.18938839435577393,12
982,all,encoder,future/0.75ps/instantaneous_TDA_H1,0.12675713002681732,12
983,all,encoder,future/0.75ps/instantaneous_TDA_H1,0.17826636135578156,12
984,all,encoder,future/0.75ps/instantaneous_TDA_H1,0.2143358439207077,12
985,all,encoder,future/0.75ps/instantaneous_TDA_H1,0.6547093391418457,12
986,all,encoder,future/0.75ps/instantaneous_TDA_H1,0.0955292284488678,12
987,all,encoder,future/0.75ps/instantaneous_TDA_H1,0.08225256949663162,12
988,all,encoder,future/0.75ps/instantaneous_TDA_H1,0.21873454749584198,12
989,all,encoder,future/0.75ps/instantaneous_TDA_H1,0.12776613235473633,12
990,all,encoder,future/0.75ps/instantaneous_TDA_H1,0.27203768491744995,12
991,all,encoder,future/0.75ps/instantaneous_TDA_H1,0.18174125254154205,12
1004,all,encoder,future/0.75ps/instantaneous_TDA_H1,0.09491907805204391,12
1005,all,encoder,future/0.75ps/instantaneous_TDA_H1,0.48745977878570557,12
1006,all,encoder,future/0.75ps/instantaneous_TDA_H1,0.22718755900859833,12
860,all,persistence,future/0.75ps/instantaneous_TDA_H1,0.1713799685239792,12
861,all,persistence,future/0.75ps/instantaneous_TDA_H1,0.16324858367443085,12
862,all,persistence,future/0.75ps/instantaneous_TDA_H1,0.11294692009687424,12
863,all,persistence,future/0.75ps/instantaneous_TDA_H1,0.13246330618858337,12
864,all,persistence,future/0.75ps/instantaneous_TDA_H1,0.1672244817018509,12
865,all,persistence,future/0.75ps/instantaneous_TDA_H1,0.15212474763393402,12
866,all,persistence,future/0.75ps/instantaneous_TDA_H1,0.23413614928722382,12
867,all,persistence,future/0.75ps/instantaneous_TDA_H1,0.2083684653043747,12
868,all,persistence,future/0.75ps/instantaneous_TDA_H1,0.10953223705291748,12
869,all,persistence,future/0.75ps/instantaneous_TDA_H1,0.23335129022598267,12
870,all,persistence,future/0.75ps/instantaneous_TDA_H1,0.17748694121837616,12
871,all,persistence,future/0.75ps/instantaneous_TDA_H1,0.2658882141113281,12
872,all,persistence,future/0.75ps/instantaneous_TDA_H1,0.1912504881620407,12
873,all,persistence,future/0.75ps/instantaneous_TDA_H1,0.16198474168777466,12
874,all,persistence,future/0.75ps/instantaneous_TDA_H1,0.19867800176143646,12
884,all,persistence,future/0.75ps/instantaneous_TDA_H1,0.19379903376102448,12
885,all,persistence,future/0.75ps/instantaneous_TDA_H1,0.0906890407204628,12
886,all,persistence,future/0.75ps/instantaneous_TDA_H1,0.2346382886171341,12
887,all,persistence,future/0.75ps/instantaneous_TDA_H1,0.1516532450914383,12
888,all,persistence,future/0.75ps/instantaneous_TDA_H1,0.12103872746229172,12
889,all,persistence,future/0.75ps/instantaneous_TDA_H1,0.09020296484231949,12
890,all,persistence,future/0.75ps/instantaneous_TDA_H1,0.1726154237985611,12
891,all,persistence,future/0.75ps/instantaneous_TDA_H1,0.12340188771486282,12
892,all,persistence,future/0.75ps/instantaneous_TDA_H1,0.14811481535434723,12
893,all,persistence,future/0.75ps/instantaneous_TDA_H1,0.1570037454366684,12
894,all,persistence,future/0.75ps/instantaneous_TDA_H1,0.11667089909315109,12
895,all,persistence,future/0.75ps/instantaneous_TDA_H1,0.08052920550107956,12
896,all,persistence,future/0.75ps/instantaneous_TDA_H1,0.16255953907966614,12
897,all,persistence,future/0.75ps/instantaneous_TDA_H1,0.15518701076507568,12
898,all,persistence,future/0.75ps/instantaneous_TDA_H1,0.06980755180120468,12
899,all,persistence,future/0.75ps/instantaneous_TDA_H1,0.13275453448295593,12
900,all,persistence,future/0.75ps/instantaneous_TDA_H1,0.16449862718582153,12
901,all,persistence,future/0.75ps/instantaneous_TDA_H1,0.10754754394292831,12
914,all,persistence,future/0.75ps/instantaneous_TDA_H1,0.22018514573574066,12
915,all,persistence,future/0.75ps/instantaneous_TDA_H1,0.15253867208957672,12
916,all,persistence,future/0.75ps/instantaneous_TDA_H1,0.10709875822067261,12
917,all,persistence,future/0.75ps/instantaneous_TDA_H1,0.14033518731594086,12
918,all,persistence,future/0.75ps/instantaneous_TDA_H1,0.15682168304920197,12
919,all,persistence,future/0.75ps/instantaneous_TDA_H1,0.1527763456106186,12
920,all,persistence,future/0.75ps/instantaneous_TDA_H1,0.06788400560617447,12
921,all,persistence,future/0.75ps/instantaneous_TDA_H1,0.21062491834163666,12
922,all,persistence,future/0.75ps/instantaneous_TDA_H1,0.17540545761585236,12
923,all,persistence,future/0.75ps/instantaneous_TDA_H1,0.08613044023513794,12
924,all,persistence,future/0.75ps/instantaneous_TDA_H1,0.14254553616046906,12
925,all,persistence,future/0.75ps/instantaneous_TDA_H1,0.1092386543750763,12
926,all,persistence,future/0.75ps/instantaneous_TDA_H1,0.10934098809957504,12
927,all,persistence,future/0.75ps/instantaneous_TDA_H1,0.1303689330816269,12
928,all,persistence,future/0.75ps/instantaneous_TDA_H1,0.13014422357082367,12
929,all,persistence,future/0.75ps/instantaneous_TDA_H1,0.1188788115978241,12
930,all,persistence,future/0.75ps/instantaneous_TDA_H1,0.11968692392110825,12
931,all,persistence,future/0.75ps/instantaneous_TDA_H1,0.09843150526285172,12
944,all,persistence,future/0.75ps/instantaneous_TDA_H1,0.10438995808362961,12
945,all,persistence,future/0.75ps/instantaneous_TDA_H1,0.11399203538894653,12
946,all,persistence,future/0.75ps/instantaneous_TDA_H1,0.18987207114696503,12
947,all,persistence,future/0.75ps/instantaneous_TDA_H1,0.12444888800382614,12
948,all,persistence,future/0.75ps/instantaneous_TDA_H1,0.208475723862648,12
949,all,persistence,future/0.75ps/instantaneous_TDA_H1,0.30373451113700867,12
950,all,persistence,future/0.75ps/instantaneous_TDA_H1,0.18613135814666748,12
951,all,persistence,future/0.75ps/instantaneous_TDA_H1,0.11074119061231613,12
952,all,persistence,future/0.75ps/instantaneous_TDA_H1,0.22490327060222626,12
953,all,persistence,future/0.75ps/instantaneous_TDA_H1,0.24592339992523193,12
954,all,persistence,future/0.75ps/instantaneous_TDA_H1,0.27988559007644653,12
955,all,persistence,future/0.75ps/instantaneous_TDA_H1,0.16179774701595306,12
956,all,persistence,future/0.75ps/instantaneous_TDA_H1,0.2125260829925537,12
957,all,persistence,future/0.75ps/instantaneous_TDA_H1,0.17401744425296783,12
958,all,persistence,future/0.75ps/instantaneous_TDA_H1,0.1950996071100235,12
959,all,persistence,future/0.75ps/instantaneous_TDA_H1,0.13578160107135773,12
960,all,persistence,future/0.75ps/instantaneous_TDA_H1,0.20489560067653656,12
961,all,persistence,future/0.75ps/instantaneous_TDA_H1,0.15694354474544525,12
974,all,persistence,future/0.75ps/instantaneous_TDA_H1,0.1995222121477127,12
975,all,persistence,future/0.75ps/instantaneous_TDA_H1,0.18105827271938324,12
976,all,persistence,future/0.75ps/instantaneous_TDA_H1,0.16485512256622314,12
977,all,persistence,future/0.75ps/instantaneous_TDA_H1,0.13235019147396088,12
978,all,persistence,future/0.75ps/instantaneous_TDA_H1,0.27467939257621765,12
979,all,persistence,future/0.75ps/instantaneous_TDA_H1,0.16689522564411163,12
980,all,persistence,future/0.75ps/instantaneous_TDA_H1,0.24201352894306183,12
981,all,persistence,future/0.75ps/instantaneous_TDA_H1,0.16845297813415527,12
982,all,persistence,future/0.75ps/instantaneous_TDA_H1,0.21181444823741913,12
983,all,persistence,future/0.75ps/instantaneous_TDA_H1,0.13411056995391846,12
984,all,persistence,future/0.75ps/instantaneous_TDA_H1,0.14963047206401825,12
985,all,persistence,future/0.75ps/instantaneous_TDA_H1,0.1747802048921585,12
986,all,persistence,future/0.75ps/instantaneous_TDA_H1,0.09795502573251724,12
987,all,persistence,future/0.75ps/instantaneous_TDA_H1,0.13510771095752716,12
988,all,persistence,future/0.75ps/instantaneous_TDA_H1,0.16459347307682037,12
989,all,persistence,future/0.75ps/instantaneous_TDA_H1,0.11624431610107422,12
990,all,persistence,future/0.75ps/instantaneous_TDA_H1,0.09839048236608505,12
991,all,persistence,future/0.75ps/instantaneous_TDA_H1,0.09759605675935745,12
1004,all,persistence,future/0.75ps/instantaneous_TDA_H1,0.10504838079214096,12
1005,all,persistence,future/0.75ps/instantaneous_TDA_H1,0.1677122563123703,12
1006,all,persistence,future/0.75ps/instantaneous_TDA_H1,0.12948958575725555,12
860,all,encoder,delta/0.75ps/instantaneous_TDA_H1,0.16835077106952667,12
861,all,encoder,delta/0.75ps/instantaneous_TDA_H1,0.16764771938323975,12
862,all,encoder,delta/0.75ps/instantaneous_TDA_H1,0.11537027359008789,12
863,all,encoder,delta/0.75ps/instantaneous_TDA_H1,0.1321360468864441,12
864,all,encoder,delta/0.75ps/instantaneous_TDA_H1,0.17370618879795074,12
865,all,encoder,delta/0.75ps/instantaneous_TDA_H1,0.16272605955600739,12
866,all,encoder,delta/0.75ps/instantaneous_TDA_H1,0.2383023053407669,12
867,all,encoder,delta/0.75ps/instantaneous_TDA_H1,0.21498197317123413,12
868,all,encoder,delta/0.75ps/instantaneous_TDA_H1,0.11532803624868393,12
869,all,encoder,delta/0.75ps/instantaneous_TDA_H1,0.23826198279857635,12
870,all,encoder,delta/0.75ps/instantaneous_TDA_H1,0.17730791866779327,12
871,all,encoder,delta/0.75ps/instantaneous_TDA_H1,0.2624652683734894,12
872,all,encoder,delta/0.75ps/instantaneous_TDA_H1,0.19136101007461548,12
873,all,encoder,delta/0.75ps/instantaneous_TDA_H1,0.16108538210391998,12
874,all,encoder,delta/0.75ps/instantaneous_TDA_H1,0.20038217306137085,12
884,all,encoder,delta/0.75ps/instantaneous_TDA_H1,0.19467712938785553,12
885,all,encoder,delta/0.75ps/instantaneous_TDA_H1,0.09837731719017029,12
886,all,encoder,delta/0.75ps/instantaneous_TDA_H1,0.2385457307100296,12
887,all,encoder,delta/0.75ps/instantaneous_TDA_H1,0.15360702574253082,12
888,all,encoder,delta/0.75ps/instantaneous_TDA_H1,0.12249644845724106,12
889,all,encoder,delta/0.75ps/instantaneous_TDA_H1,0.09302574396133423,12
890,all,encoder,delta/0.75ps/instantaneous_TDA_H1,0.17521141469478607,12
891,all,encoder,delta/0.75ps/instantaneous_TDA_H1,0.12637601792812347,12
892,all,encoder,delta/0.75ps/instantaneous_TDA_H1,0.15103423595428467,12
893,all,encoder,delta/0.75ps/instantaneous_TDA_H1,0.1613348424434662,12
894,all,encoder,delta/0.75ps/instantaneous_TDA_H1,0.1161496713757515,12
895,all,encoder,delta/0.75ps/instantaneous_TDA_H1,0.08678557723760605,12
896,all,encoder,delta/0.75ps/instantaneous_TDA_H1,0.1619843691587448,12
897,all,encoder,delta/0.75ps/instantaneous_TDA_H1,0.1567312628030777,12
898,all,encoder,delta/0.75ps/instantaneous_TDA_H1,0.07590147107839584,12
899,all,encoder,delta/0.75ps/instantaneous_TDA_H1,0.13978730142116547,12
900,all,encoder,delta/0.75ps/instantaneous_TDA_H1,0.16911627352237701,12
901,all,encoder,delta/0.75ps/instantaneous_TDA_H1,0.10892059653997421,12
914,all,encoder,delta/0.75ps/instantaneous_TDA_H1,0.22442518174648285,12
915,all,encoder,delta/0.75ps/instantaneous_TDA_H1,0.1513240486383438,12
916,all,encoder,delta/0.75ps/instantaneous_TDA_H1,0.10983022302389145,12
917,all,encoder,delta/0.75ps/instantaneous_TDA_H1,0.14390353858470917,12
918,all,encoder,delta/0.75ps/instantaneous_TDA_H1,0.15487517416477203,12
919,all,encoder,delta/0.75ps/instantaneous_TDA_H1,0.15433864295482635,12
920,all,encoder,delta/0.75ps/instantaneous_TDA_H1,0.06902220100164413,12
921,all,encoder,delta/0.75ps/instantaneous_TDA_H1,0.2117239236831665,12
922,all,encoder,delta/0.75ps/instantaneous_TDA_H1,0.17834456264972687,12
923,all,encoder,delta/0.75ps/instantaneous_TDA_H1,0.08539304882287979,12
924,all,encoder,delta/0.75ps/instantaneous_TDA_H1,0.1426170915365219,12
925,all,encoder,delta/0.75ps/instantaneous_TDA_H1,0.104686439037323,12
926,all,encoder,delta/0.75ps/instantaneous_TDA_H1,0.11215408891439438,12
927,all,encoder,delta/0.75ps/instantaneous_TDA_H1,0.1346352994441986,12
928,all,encoder,delta/0.75ps/instantaneous_TDA_H1,0.13167576491832733,12
929,all,encoder,delta/0.75ps/instantaneous_TDA_H1,0.11737542599439621,12
930,all,encoder,delta/0.75ps/instantaneous_TDA_H1,0.11774569749832153,12
931,all,encoder,delta/0.75ps/instantaneous_TDA_H1,0.10648874193429947,12
944,all,encoder,delta/0.75ps/instantaneous_TDA_H1,0.10219401121139526,12
945,all,encoder,delta/0.75ps/instantaneous_TDA_H1,0.1161838173866272,12
946,all,encoder,delta/0.75ps/instantaneous_TDA_H1,0.1920386105775833,12
947,all,encoder,delta/0.75ps/instantaneous_TDA_H1,0.12966851890087128,12
948,all,encoder,delta/0.75ps/instantaneous_TDA_H1,0.2071485072374344,12
949,all,encoder,delta/0.75ps/instantaneous_TDA_H1,0.30725935101509094,12
950,all,encoder,delta/0.75ps/instantaneous_TDA_H1,0.18448984622955322,12
951,all,encoder,delta/0.75ps/instantaneous_TDA_H1,0.11023338884115219,12
952,all,encoder,delta/0.75ps/instantaneous_TDA_H1,0.22586233913898468,12
953,all,encoder,delta/0.75ps/instantaneous_TDA_H1,0.24875342845916748,12
954,all,encoder,delta/0.75ps/instantaneous_TDA_H1,0.2871522307395935,12
955,all,encoder,delta/0.75ps/instantaneous_TDA_H1,0.16669262945652008,12
956,all,encoder,delta/0.75ps/instantaneous_TDA_H1,0.21801353991031647,12
957,all,encoder,delta/0.75ps/instantaneous_TDA_H1,0.17797835171222687,12
958,all,encoder,delta/0.75ps/instantaneous_TDA_H1,0.19545628130435944,12
959,all,encoder,delta/0.75ps/instantaneous_TDA_H1,0.14278672635555267,12
960,all,encoder,delta/0.75ps/instantaneous_TDA_H1,0.20504195988178253,12
961,all,encoder,delta/0.75ps/instantaneous_TDA_H1,0.15511925518512726,12
974,all,encoder,delta/0.75ps/instantaneous_TDA_H1,0.20021170377731323,12
975,all,encoder,delta/0.75ps/instantaneous_TDA_H1,0.18226635456085205,12
976,all,encoder,delta/0.75ps/instantaneous_TDA_H1,0.165467768907547,12
977,all,encoder,delta/0.75ps/instantaneous_TDA_H1,0.137531578540802,12
978,all,encoder,delta/0.75ps/instantaneous_TDA_H1,0.27848199009895325,12
979,all,encoder,delta/0.75ps/instantaneous_TDA_H1,0.1715831160545349,12
980,all,encoder,delta/0.75ps/instantaneous_TDA_H1,0.2446698397397995,12
981,all,encoder,delta/0.75ps/instantaneous_TDA_H1,0.17320169508457184,12
982,all,encoder,delta/0.75ps/instantaneous_TDA_H1,0.20587538182735443,12
983,all,encoder,delta/0.75ps/instantaneous_TDA_H1,0.1394672691822052,12
984,all,encoder,delta/0.75ps/instantaneous_TDA_H1,0.1494157761335373,12
985,all,encoder,delta/0.75ps/instantaneous_TDA_H1,0.18015211820602417,12
986,all,encoder,delta/0.75ps/instantaneous_TDA_H1,0.1038685142993927,12
987,all,encoder,delta/0.75ps/instantaneous_TDA_H1,0.13246817886829376,12
988,all,encoder,delta/0.75ps/instantaneous_TDA_H1,0.16296975314617157,12
989,all,encoder,delta/0.75ps/instantaneous_TDA_H1,0.11375102400779724,12
990,all,encoder,delta/0.75ps/instantaneous_TDA_H1,0.10092876106500626,12
991,all,encoder,delta/0.75ps/instantaneous_TDA_H1,0.09934667497873306,12
1004,all,encoder,delta/0.75ps/instantaneous_TDA_H1,0.10999911278486252,12
1005,all,encoder,delta/0.75ps/instantaneous_TDA_H1,0.16637034714221954,12
1006,all,encoder,delta/0.75ps/instantaneous_TDA_H1,0.1282557100057602,12
860,all,encoder,future/3ps/instantaneous_TDA_H1,0.2938770353794098,12
861,all,encoder,future/3ps/instantaneous_TDA_H1,0.39245423674583435,12
862,all,encoder,future/3ps/instantaneous_TDA_H1,0.17263762652873993,12
863,all,encoder,future/3ps/instantaneous_TDA_H1,0.3196514844894409,12
864,all,encoder,future/3ps/instantaneous_TDA_H1,0.4019032418727875,12
865,all,encoder,future/3ps/instantaneous_TDA_H1,0.38129445910453796,12
866,all,encoder,future/3ps/instantaneous_TDA_H1,0.25893643498420715,12
867,all,encoder,future/3ps/instantaneous_TDA_H1,0.33977076411247253,12
868,all,encoder,future/3ps/instantaneous_TDA_H1,0.27470526099205017,12
869,all,encoder,future/3ps/instantaneous_TDA_H1,0.3667876422405243,12
870,all,encoder,future/3ps/instantaneous_TDA_H1,0.4444047212600708,12
871,all,encoder,future/3ps/instantaneous_TDA_H1,0.5610126852989197,12
872,all,encoder,future/3ps/instantaneous_TDA_H1,0.1889234185218811,12
873,all,encoder,future/3ps/instantaneous_TDA_H1,0.13719700276851654,12
874,all,encoder,future/3ps/instantaneous_TDA_H1,0.4534124433994293,12
884,all,encoder,future/3ps/instantaneous_TDA_H1,0.17337970435619354,12
885,all,encoder,future/3ps/instantaneous_TDA_H1,0.49662289023399353,12
886,all,encoder,future/3ps/instantaneous_TDA_H1,0.42183563113212585,12
887,all,encoder,future/3ps/instantaneous_TDA_H1,0.2154870629310608,12
888,all,encoder,future/3ps/instantaneous_TDA_H1,0.23192095756530762,12
889,all,encoder,future/3ps/instantaneous_TDA_H1,0.3048758804798126,12
890,all,encoder,future/3ps/instantaneous_TDA_H1,0.5374994874000549,12
891,all,encoder,future/3ps/instantaneous_TDA_H1,0.1813500076532364,12
892,all,encoder,future/3ps/instantaneous_TDA_H1,0.20323093235492706,12
893,all,encoder,future/3ps/instantaneous_TDA_H1,0.12052080035209656,12
894,all,encoder,future/3ps/instantaneous_TDA_H1,0.31932333111763,12
895,all,encoder,future/3ps/instantaneous_TDA_H1,0.19114096462726593,12
896,all,encoder,future/3ps/instantaneous_TDA_H1,0.16952507197856903,12
897,all,encoder,future/3ps/instantaneous_TDA_H1,0.09210488200187683,12
898,all,encoder,future/3ps/instantaneous_TDA_H1,0.15178297460079193,12
899,all,encoder,future/3ps/instantaneous_TDA_H1,0.31236934661865234,12
900,all,encoder,future/3ps/instantaneous_TDA_H1,0.17994727194309235,12
901,all,encoder,future/3ps/instantaneous_TDA_H1,0.2590930461883545,12
914,all,encoder,future/3ps/instantaneous_TDA_H1,0.3020370304584503,12
915,all,encoder,future/3ps/instantaneous_TDA_H1,0.227401003241539,12
916,all,encoder,future/3ps/instantaneous_TDA_H1,0.42851755023002625,12
917,all,encoder,future/3ps/instantaneous_TDA_H1,0.4057539999485016,12
918,all,encoder,future/3ps/instantaneous_TDA_H1,0.31147992610931396,12
919,all,encoder,future/3ps/instantaneous_TDA_H1,0.2801041603088379,12
920,all,encoder,future/3ps/instantaneous_TDA_H1,0.9255126118659973,12
921,all,encoder,future/3ps/instantaneous_TDA_H1,0.3059181869029999,12
922,all,encoder,future/3ps/instantaneous_TDA_H1,0.7633230090141296,12
923,all,encoder,future/3ps/instantaneous_TDA_H1,0.2865189015865326,12
924,all,encoder,future/3ps/instantaneous_TDA_H1,0.5998957753181458,12
925,all,encoder,future/3ps/instantaneous_TDA_H1,0.287895530462265,12
926,all,encoder,future/3ps/instantaneous_TDA_H1,0.2026972621679306,12
927,all,encoder,future/3ps/instantaneous_TDA_H1,0.28630194067955017,12
928,all,encoder,future/3ps/instantaneous_TDA_H1,0.4219273626804352,12
929,all,encoder,future/3ps/instantaneous_TDA_H1,0.6447656750679016,12
930,all,encoder,future/3ps/instantaneous_TDA_H1,0.3971904218196869,12
931,all,encoder,future/3ps/instantaneous_TDA_H1,0.1893891543149948,12
944,all,encoder,future/3ps/instantaneous_TDA_H1,0.21307373046875,12
945,all,encoder,future/3ps/instantaneous_TDA_H1,0.32784396409988403,12
946,all,encoder,future/3ps/instantaneous_TDA_H1,0.3207751214504242,12
947,all,encoder,future/3ps/instantaneous_TDA_H1,0.4813556373119354,12
948,all,encoder,future/3ps/instantaneous_TDA_H1,0.3202091157436371,12
949,all,encoder,future/3ps/instantaneous_TDA_H1,0.23340599238872528,12
950,all,encoder,future/3ps/instantaneous_TDA_H1,0.19484131038188934,12
951,all,encoder,future/3ps/instantaneous_TDA_H1,0.44663873314857483,12
952,all,encoder,future/3ps/instantaneous_TDA_H1,0.21448159217834473,12
953,all,encoder,future/3ps/instantaneous_TDA_H1,0.6207396984100342,12
954,all,encoder,future/3ps/instantaneous_TDA_H1,0.34197619557380676,12
955,all,encoder,future/3ps/instantaneous_TDA_H1,0.24439848959445953,12
956,all,encoder,future/3ps/instantaneous_TDA_H1,0.2254307121038437,12
957,all,encoder,future/3ps/instantaneous_TDA_H1,0.4218125343322754,12
958,all,encoder,future/3ps/instantaneous_TDA_H1,0.44522544741630554,12
959,all,encoder,future/3ps/instantaneous_TDA_H1,0.474218487739563,12
960,all,encoder,future/3ps/instantaneous_TDA_H1,0.6977093815803528,12
961,all,encoder,future/3ps/instantaneous_TDA_H1,0.4823479950428009,12
974,all,encoder,future/3ps/instantaneous_TDA_H1,0.34190836548805237,12
975,all,encoder,future/3ps/instantaneous_TDA_H1,0.6336227059364319,12
976,all,encoder,future/3ps/instantaneous_TDA_H1,0.464834064245224,12
977,all,encoder,future/3ps/instantaneous_TDA_H1,0.27418968081474304,12
978,all,encoder,future/3ps/instantaneous_TDA_H1,0.37575116753578186,12
979,all,encoder,future/3ps/instantaneous_TDA_H1,0.2684207558631897,12
980,all,encoder,future/3ps/instantaneous_TDA_H1,0.24763460457324982,12
981,all,encoder,future/3ps/instantaneous_TDA_H1,0.19042879343032837,12
982,all,encoder,future/3ps/instantaneous_TDA_H1,0.15356527268886566,12
983,all,encoder,future/3ps/instantaneous_TDA_H1,0.2630300223827362,12
984,all,encoder,future/3ps/instantaneous_TDA_H1,0.18008410930633545,12
985,all,encoder,future/3ps/instantaneous_TDA_H1,0.5698381662368774,12
986,all,encoder,future/3ps/instantaneous_TDA_H1,0.09317559003829956,12
987,all,encoder,future/3ps/instantaneous_TDA_H1,0.29523220658302307,12
988,all,encoder,future/3ps/instantaneous_TDA_H1,0.18479906022548676,12
989,all,encoder,future/3ps/instantaneous_TDA_H1,0.1533484309911728,12
990,all,encoder,future/3ps/instantaneous_TDA_H1,0.3010207712650299,12
991,all,encoder,future/3ps/instantaneous_TDA_H1,0.16531966626644135,12
1004,all,encoder,future/3ps/instantaneous_TDA_H1,0.06830830127000809,12
1005,all,encoder,future/3ps/instantaneous_TDA_H1,0.5388719439506531,12
1006,all,encoder,future/3ps/instantaneous_TDA_H1,0.22543412446975708,12
860,all,persistence,future/3ps/instantaneous_TDA_H1,0.13997407257556915,12
861,all,persistence,future/3ps/instantaneous_TDA_H1,0.3112003803253174,12
862,all,persistence,future/3ps/instantaneous_TDA_H1,0.17917712032794952,12
863,all,persistence,future/3ps/instantaneous_TDA_H1,0.12865658104419708,12
864,all,persistence,future/3ps/instantaneous_TDA_H1,0.17737151682376862,12
865,all,persistence,future/3ps/instantaneous_TDA_H1,0.2255827784538269,12
866,all,persistence,future/3ps/instantaneous_TDA_H1,0.2763608992099762,12
867,all,persistence,future/3ps/instantaneous_TDA_H1,0.2413855940103531,12
868,all,persistence,future/3ps/instantaneous_TDA_H1,0.12330839037895203,12
869,all,persistence,future/3ps/instantaneous_TDA_H1,0.2136334329843521,12
870,all,persistence,future/3ps/instantaneous_TDA_H1,0.24676279723644257,12
871,all,persistence,future/3ps/instantaneous_TDA_H1,0.49465203285217285,12
872,all,persistence,future/3ps/instantaneous_TDA_H1,0.14145243167877197,12
873,all,persistence,future/3ps/instantaneous_TDA_H1,0.1012522280216217,12
874,all,persistence,future/3ps/instantaneous_TDA_H1,0.29803338646888733,12
884,all,persistence,future/3ps/instantaneous_TDA_H1,0.15397273004055023,12
885,all,persistence,future/3ps/instantaneous_TDA_H1,0.10325730592012405,12
886,all,persistence,future/3ps/instantaneous_TDA_H1,0.24294041097164154,12
887,all,persistence,future/3ps/instantaneous_TDA_H1,0.13668595254421234,12
888,all,persistence,future/3ps/instantaneous_TDA_H1,0.1644466072320938,12
889,all,persistence,future/3ps/instantaneous_TDA_H1,0.1722186952829361,12
890,all,persistence,future/3ps/instantaneous_TDA_H1,0.26295438408851624,12
891,all,persistence,future/3ps/instantaneous_TDA_H1,0.1336878389120102,12
892,all,persistence,future/3ps/instantaneous_TDA_H1,0.197623610496521,12
893,all,persistence,future/3ps/instantaneous_TDA_H1,0.17377160489559174,12
894,all,persistence,future/3ps/instantaneous_TDA_H1,0.14047017693519592,12
895,all,persistence,future/3ps/instantaneous_TDA_H1,0.14957067370414734,12
896,all,persistence,future/3ps/instantaneous_TDA_H1,0.14279817044734955,12
897,all,persistence,future/3ps/instantaneous_TDA_H1,0.1324072927236557,12
898,all,persistence,future/3ps/instantaneous_TDA_H1,0.09931688755750656,12
899,all,persistence,future/3ps/instantaneous_TDA_H1,0.1725132316350937,12
900,all,persistence,future/3ps/instantaneous_TDA_H1,0.13346335291862488,12
901,all,persistence,future/3ps/instantaneous_TDA_H1,0.14943264424800873,12
914,all,persistence,future/3ps/instantaneous_TDA_H1,0.13500270247459412,12
915,all,persistence,future/3ps/instantaneous_TDA_H1,0.10959786176681519,12
916,all,persistence,future/3ps/instantaneous_TDA_H1,0.11781710386276245,12
917,all,persistence,future/3ps/instantaneous_TDA_H1,0.19212613999843597,12
918,all,persistence,future/3ps/instantaneous_TDA_H1,0.17306990921497345,12
919,all,persistence,future/3ps/instantaneous_TDA_H1,0.12908491492271423,12
920,all,persistence,future/3ps/instantaneous_TDA_H1,0.17170052230358124,12
921,all,persistence,future/3ps/instantaneous_TDA_H1,0.15951673686504364,12
922,all,persistence,future/3ps/instantaneous_TDA_H1,0.09693802148103714,12
923,all,persistence,future/3ps/instantaneous_TDA_H1,0.0914149209856987,12
924,all,persistence,future/3ps/instantaneous_TDA_H1,0.11496427655220032,12
925,all,persistence,future/3ps/instantaneous_TDA_H1,0.15848581492900848,12
926,all,persistence,future/3ps/instantaneous_TDA_H1,0.09360557794570923,12
927,all,persistence,future/3ps/instantaneous_TDA_H1,0.08147480338811874,12
928,all,persistence,future/3ps/instantaneous_TDA_H1,0.11563673615455627,12
929,all,persistence,future/3ps/instantaneous_TDA_H1,0.15985509753227234,12
930,all,persistence,future/3ps/instantaneous_TDA_H1,0.16823631525039673,12
931,all,persistence,future/3ps/instantaneous_TDA_H1,0.21204139292240143,12
944,all,persistence,future/3ps/instantaneous_TDA_H1,0.08271659165620804,12
945,all,persistence,future/3ps/instantaneous_TDA_H1,0.20603181421756744,12
946,all,persistence,future/3ps/instantaneous_TDA_H1,0.11715808510780334,12
947,all,persistence,future/3ps/instantaneous_TDA_H1,0.1218264177441597,12
948,all,persistence,future/3ps/instantaneous_TDA_H1,0.12519177794456482,12
949,all,persistence,future/3ps/instantaneous_TDA_H1,0.1847251057624817,12
950,all,persistence,future/3ps/instantaneous_TDA_H1,0.25968843698501587,12
951,all,persistence,future/3ps/instantaneous_TDA_H1,0.17581014335155487,12
952,all,persistence,future/3ps/instantaneous_TDA_H1,0.1340184509754181,12
953,all,persistence,future/3ps/instantaneous_TDA_H1,0.2629031836986542,12
954,all,persistence,future/3ps/instantaneous_TDA_H1,0.2376093864440918,12
955,all,persistence,future/3ps/instantaneous_TDA_H1,0.13406597077846527,12
956,all,persistence,future/3ps/instantaneous_TDA_H1,0.22380566596984863,12
957,all,persistence,future/3ps/instantaneous_TDA_H1,0.23799611628055573,12
958,all,persistence,future/3ps/instantaneous_TDA_H1,0.14356079697608948,12
959,all,persistence,future/3ps/instantaneous_TDA_H1,0.14728562533855438,12
960,all,persistence,future/3ps/instantaneous_TDA_H1,0.12146506458520889,12
961,all,persistence,future/3ps/instantaneous_TDA_H1,0.2016763687133789,12
974,all,persistence,future/3ps/instantaneous_TDA_H1,0.17515359818935394,12
975,all,persistence,future/3ps/instantaneous_TDA_H1,0.21140211820602417,12
976,all,persistence,future/3ps/instantaneous_TDA_H1,0.1628204733133316,12
977,all,persistence,future/3ps/instantaneous_TDA_H1,0.15214362740516663,12
978,all,persistence,future/3ps/instantaneous_TDA_H1,0.2572689652442932,12
979,all,persistence,future/3ps/instantaneous_TDA_H1,0.20887251198291779,12
980,all,persistence,future/3ps/instantaneous_TDA_H1,0.20802676677703857,12
981,all,persistence,future/3ps/instantaneous_TDA_H1,0.1329393833875656,12
982,all,persistence,future/3ps/instantaneous_TDA_H1,0.27511435747146606,12
983,all,persistence,future/3ps/instantaneous_TDA_H1,0.09350516647100449,12
984,all,persistence,future/3ps/instantaneous_TDA_H1,0.18600952625274658,12
985,all,persistence,future/3ps/instantaneous_TDA_H1,0.2120279222726822,12
986,all,persistence,future/3ps/instantaneous_TDA_H1,0.09222200512886047,12
987,all,persistence,future/3ps/instantaneous_TDA_H1,0.21184073388576508,12
988,all,persistence,future/3ps/instantaneous_TDA_H1,0.11519042402505875,12
989,all,persistence,future/3ps/instantaneous_TDA_H1,0.11992164701223373,12
990,all,persistence,future/3ps/instantaneous_TDA_H1,0.27006593346595764,12
991,all,persistence,future/3ps/instantaneous_TDA_H1,0.1189613938331604,12
1004,all,persistence,future/3ps/instantaneous_TDA_H1,0.0816616639494896,12
1005,all,persistence,future/3ps/instantaneous_TDA_H1,0.16093161702156067,12
1006,all,persistence,future/3ps/instantaneous_TDA_H1,0.11420897394418716,12
860,all,encoder,delta/3ps/instantaneous_TDA_H1,0.13698682188987732,12
861,all,encoder,delta/3ps/instantaneous_TDA_H1,0.32288917899131775,12
862,all,encoder,delta/3ps/instantaneous_TDA_H1,0.1888350248336792,12
863,all,encoder,delta/3ps/instantaneous_TDA_H1,0.12731565535068512,12
864,all,encoder,delta/3ps/instantaneous_TDA_H1,0.19145619869232178,12
865,all,encoder,delta/3ps/instantaneous_TDA_H1,0.2389177531003952,12
866,all,encoder,delta/3ps/instantaneous_TDA_H1,0.27218708395957947,12
867,all,encoder,delta/3ps/instantaneous_TDA_H1,0.2565942108631134,12
868,all,encoder,delta/3ps/instantaneous_TDA_H1,0.13484619557857513,12
869,all,encoder,delta/3ps/instantaneous_TDA_H1,0.22270701825618744,12
870,all,encoder,delta/3ps/instantaneous_TDA_H1,0.25068917870521545,12
871,all,encoder,delta/3ps/instantaneous_TDA_H1,0.48994824290275574,12
872,all,encoder,delta/3ps/instantaneous_TDA_H1,0.14316783845424652,12
873,all,encoder,delta/3ps/instantaneous_TDA_H1,0.10571160167455673,12
874,all,encoder,delta/3ps/instantaneous_TDA_H1,0.2864277958869934,12
884,all,encoder,delta/3ps/instantaneous_TDA_H1,0.15560604631900787,12
885,all,encoder,delta/3ps/instantaneous_TDA_H1,0.10647520422935486,12
886,all,encoder,delta/3ps/instantaneous_TDA_H1,0.25127482414245605,12
887,all,encoder,delta/3ps/instantaneous_TDA_H1,0.13611720502376556,12
888,all,encoder,delta/3ps/instantaneous_TDA_H1,0.1564919501543045,12
889,all,encoder,delta/3ps/instantaneous_TDA_H1,0.1731232851743698,12
890,all,encoder,delta/3ps/instantaneous_TDA_H1,0.2629944384098053,12
891,all,encoder,delta/3ps/instantaneous_TDA_H1,0.13535766303539276,12
892,all,encoder,delta/3ps/instantaneous_TDA_H1,0.20849715173244476,12
893,all,encoder,delta/3ps/instantaneous_TDA_H1,0.1715840846300125,12
894,all,encoder,delta/3ps/instantaneous_TDA_H1,0.15007765591144562,12
895,all,encoder,delta/3ps/instantaneous_TDA_H1,0.1459287852048874,12
896,all,encoder,delta/3ps/instantaneous_TDA_H1,0.14262433350086212,12
897,all,encoder,delta/3ps/instantaneous_TDA_H1,0.1375845968723297,12
898,all,encoder,delta/3ps/instantaneous_TDA_H1,0.10569939762353897,12
899,all,encoder,delta/3ps/instantaneous_TDA_H1,0.1790877729654312,12
900,all,encoder,delta/3ps/instantaneous_TDA_H1,0.13407814502716064,12
901,all,encoder,delta/3ps/instantaneous_TDA_H1,0.15136365592479706,12
914,all,encoder,delta/3ps/instantaneous_TDA_H1,0.13580283522605896,12
915,all,encoder,delta/3ps/instantaneous_TDA_H1,0.11109692603349686,12
916,all,encoder,delta/3ps/instantaneous_TDA_H1,0.1079009547829628,12
917,all,encoder,delta/3ps/instantaneous_TDA_H1,0.1833433359861374,12
918,all,encoder,delta/3ps/instantaneous_TDA_H1,0.16863490641117096,12
919,all,encoder,delta/3ps/instantaneous_TDA_H1,0.12949848175048828,12
920,all,encoder,delta/3ps/instantaneous_TDA_H1,0.1716185361146927,12
921,all,encoder,delta/3ps/instantaneous_TDA_H1,0.16533826291561127,12
922,all,encoder,delta/3ps/instantaneous_TDA_H1,0.09734395891427994,12
923,all,encoder,delta/3ps/instantaneous_TDA_H1,0.08886831253767014,12
924,all,encoder,delta/3ps/instantaneous_TDA_H1,0.10680053383111954,12
925,all,encoder,delta/3ps/instantaneous_TDA_H1,0.15352226793766022,12
926,all,encoder,delta/3ps/instantaneous_TDA_H1,0.10002247244119644,12
927,all,encoder,delta/3ps/instantaneous_TDA_H1,0.0791887640953064,12
928,all,encoder,delta/3ps/instantaneous_TDA_H1,0.12479128688573837,12
929,all,encoder,delta/3ps/instantaneous_TDA_H1,0.1628476232290268,12
930,all,encoder,delta/3ps/instantaneous_TDA_H1,0.15723012387752533,12
931,all,encoder,delta/3ps/instantaneous_TDA_H1,0.22071151435375214,12
944,all,encoder,delta/3ps/instantaneous_TDA_H1,0.09025921672582626,12
945,all,encoder,delta/3ps/instantaneous_TDA_H1,0.21680575609207153,12
946,all,encoder,delta/3ps/instantaneous_TDA_H1,0.1179637610912323,12
947,all,encoder,delta/3ps/instantaneous_TDA_H1,0.12999266386032104,12
948,all,encoder,delta/3ps/instantaneous_TDA_H1,0.12531739473342896,12
949,all,encoder,delta/3ps/instantaneous_TDA_H1,0.18446244299411774,12
950,all,encoder,delta/3ps/instantaneous_TDA_H1,0.24806231260299683,12
951,all,encoder,delta/3ps/instantaneous_TDA_H1,0.18323242664337158,12
952,all,encoder,delta/3ps/instantaneous_TDA_H1,0.14000952243804932,12
953,all,encoder,delta/3ps/instantaneous_TDA_H1,0.25598570704460144,12
954,all,encoder,delta/3ps/instantaneous_TDA_H1,0.2492859810590744,12
955,all,encoder,delta/3ps/instantaneous_TDA_H1,0.13375909626483917,12
956,all,encoder,delta/3ps/instantaneous_TDA_H1,0.20976261794567108,12
957,all,encoder,delta/3ps/instantaneous_TDA_H1,0.24121063947677612,12
958,all,encoder,delta/3ps/instantaneous_TDA_H1,0.1455170214176178,12
959,all,encoder,delta/3ps/instantaneous_TDA_H1,0.1483779400587082,12
960,all,encoder,delta/3ps/instantaneous_TDA_H1,0.12654592096805573,12
961,all,encoder,delta/3ps/instantaneous_TDA_H1,0.19196443259716034,12
974,all,encoder,delta/3ps/instantaneous_TDA_H1,0.1729707568883896,12
975,all,encoder,delta/3ps/instantaneous_TDA_H1,0.22110943496227264,12
976,all,encoder,delta/3ps/instantaneous_TDA_H1,0.1607617437839508,12
977,all,encoder,delta/3ps/instantaneous_TDA_H1,0.161179319024086,12
978,all,encoder,delta/3ps/instantaneous_TDA_H1,0.24933695793151855,12
979,all,encoder,delta/3ps/instantaneous_TDA_H1,0.20637565851211548,12
980,all,encoder,delta/3ps/instantaneous_TDA_H1,0.21686959266662598,12
981,all,encoder,delta/3ps/instantaneous_TDA_H1,0.13898156583309174,12
982,all,encoder,delta/3ps/instantaneous_TDA_H1,0.26974210143089294,12
983,all,encoder,delta/3ps/instantaneous_TDA_H1,0.09372859448194504,12
984,all,encoder,delta/3ps/instantaneous_TDA_H1,0.18979215621948242,12
985,all,encoder,delta/3ps/instantaneous_TDA_H1,0.22272123396396637,12
986,all,encoder,delta/3ps/instantaneous_TDA_H1,0.09047039598226547,12
987,all,encoder,delta/3ps/instantaneous_TDA_H1,0.2217954397201538,12
988,all,encoder,delta/3ps/instantaneous_TDA_H1,0.10964324325323105,12
989,all,encoder,delta/3ps/instantaneous_TDA_H1,0.11968022584915161,12
990,all,encoder,delta/3ps/instantaneous_TDA_H1,0.26979541778564453,12
991,all,encoder,delta/3ps/instantaneous_TDA_H1,0.12800143659114838,12
1004,all,encoder,delta/3ps/instantaneous_TDA_H1,0.08556410670280457,12
1005,all,encoder,delta/3ps/instantaneous_TDA_H1,0.15995323657989502,12
1006,all,encoder,delta/3ps/instantaneous_TDA_H1,0.10526404529809952,12
860,all,encoder,future/9ps/instantaneous_TDA_H1,0.1234249398112297,12
861,all,encoder,future/9ps/instantaneous_TDA_H1,0.20526862144470215,12
862,all,encoder,future/9ps/instantaneous_TDA_H1,0.128119096159935,12
863,all,encoder,future/9ps/instantaneous_TDA_H1,0.22346200048923492,12
864,all,encoder,future/9ps/instantaneous_TDA_H1,0.37199804186820984,12
865,all,encoder,future/9ps/instantaneous_TDA_H1,0.363673597574234,12
866,all,encoder,future/9ps/instantaneous_TDA_H1,0.23041439056396484,12
867,all,encoder,future/9ps/instantaneous_TDA_H1,0.28926119208335876,12
868,all,encoder,future/9ps/instantaneous_TDA_H1,0.29282355308532715,12
869,all,encoder,future/9ps/instantaneous_TDA_H1,0.41978099942207336,12
870,all,encoder,future/9ps/instantaneous_TDA_H1,0.16522778570652008,12
871,all,encoder,future/9ps/instantaneous_TDA_H1,0.7573187351226807,12
872,all,encoder,future/9ps/instantaneous_TDA_H1,0.4156942069530487,12
873,all,encoder,future/9ps/instantaneous_TDA_H1,0.1560419648885727,12
874,all,encoder,future/9ps/instantaneous_TDA_H1,0.5558502078056335,12
884,all,encoder,future/9ps/instantaneous_TDA_H1,0.23194967210292816,12
885,all,encoder,future/9ps/instantaneous_TDA_H1,0.3534993827342987,12
886,all,encoder,future/9ps/instantaneous_TDA_H1,0.4066941440105438,12
887,all,encoder,future/9ps/instantaneous_TDA_H1,0.1955525428056717,12
888,all,encoder,future/9ps/instantaneous_TDA_H1,0.274400919675827,12
889,all,encoder,future/9ps/instantaneous_TDA_H1,0.5234322547912598,12
890,all,encoder,future/9ps/instantaneous_TDA_H1,0.5027689337730408,12
891,all,encoder,future/9ps/instantaneous_TDA_H1,0.18447746336460114,12
892,all,encoder,future/9ps/instantaneous_TDA_H1,0.2587333619594574,12
893,all,encoder,future/9ps/instantaneous_TDA_H1,0.12815554440021515,12
894,all,encoder,future/9ps/instantaneous_TDA_H1,0.33679571747779846,12
895,all,encoder,future/9ps/instantaneous_TDA_H1,0.17248769104480743,12
896,all,encoder,future/9ps/instantaneous_TDA_H1,0.17253565788269043,12
897,all,encoder,future/9ps/instantaneous_TDA_H1,0.1844230443239212,12
898,all,encoder,future/9ps/instantaneous_TDA_H1,0.19146649539470673,12
899,all,encoder,future/9ps/instantaneous_TDA_H1,0.3299832344055176,12
900,all,encoder,future/9ps/instantaneous_TDA_H1,0.2570782005786896,12
901,all,encoder,future/9ps/instantaneous_TDA_H1,0.3457582890987396,12
914,all,encoder,future/9ps/instantaneous_TDA_H1,0.44959256052970886,12
915,all,encoder,future/9ps/instantaneous_TDA_H1,0.3171021640300751,12
916,all,encoder,future/9ps/instantaneous_TDA_H1,0.33469638228416443,12
917,all,encoder,future/9ps/instantaneous_TDA_H1,0.3197663128376007,12
918,all,encoder,future/9ps/instantaneous_TDA_H1,0.2744996249675751,12
919,all,encoder,future/9ps/instantaneous_TDA_H1,0.18547983467578888,12
920,all,encoder,future/9ps/instantaneous_TDA_H1,0.831307590007782,12
921,all,encoder,future/9ps/instantaneous_TDA_H1,0.263118714094162,12
922,all,encoder,future/9ps/instantaneous_TDA_H1,0.7746509909629822,12
923,all,encoder,future/9ps/instantaneous_TDA_H1,0.4084668457508087,12
924,all,encoder,future/9ps/instantaneous_TDA_H1,0.8204360604286194,12
925,all,encoder,future/9ps/instantaneous_TDA_H1,0.271053284406662,12
926,all,encoder,future/9ps/instantaneous_TDA_H1,0.1746625155210495,12
927,all,encoder,future/9ps/instantaneous_TDA_H1,0.3039885461330414,12
928,all,encoder,future/9ps/instantaneous_TDA_H1,0.3847803771495819,12
929,all,encoder,future/9ps/instantaneous_TDA_H1,0.5480450391769409,12
930,all,encoder,future/9ps/instantaneous_TDA_H1,0.456114262342453,12
931,all,encoder,future/9ps/instantaneous_TDA_H1,0.18392978608608246,12
944,all,encoder,future/9ps/instantaneous_TDA_H1,0.23931123316287994,12
945,all,encoder,future/9ps/instantaneous_TDA_H1,0.3663734495639801,12
946,all,encoder,future/9ps/instantaneous_TDA_H1,0.38234445452690125,12
947,all,encoder,future/9ps/instantaneous_TDA_H1,0.6245457530021667,12
948,all,encoder,future/9ps/instantaneous_TDA_H1,0.3115415573120117,12
949,all,encoder,future/9ps/instantaneous_TDA_H1,0.1794614940881729,12
950,all,encoder,future/9ps/instantaneous_TDA_H1,0.39987853169441223,12
951,all,encoder,future/9ps/instantaneous_TDA_H1,0.46802017092704773,12
952,all,encoder,future/9ps/instantaneous_TDA_H1,0.23205430805683136,12
953,all,encoder,future/9ps/instantaneous_TDA_H1,0.7437463402748108,12
954,all,encoder,future/9ps/instantaneous_TDA_H1,0.28627216815948486,12
955,all,encoder,future/9ps/instantaneous_TDA_H1,0.24165195226669312,12
956,all,encoder,future/9ps/instantaneous_TDA_H1,0.3089226186275482,12
957,all,encoder,future/9ps/instantaneous_TDA_H1,0.36518606543540955,12
958,all,encoder,future/9ps/instantaneous_TDA_H1,0.5269294381141663,12
959,all,encoder,future/9ps/instantaneous_TDA_H1,0.5003886222839355,12
960,all,encoder,future/9ps/instantaneous_TDA_H1,0.6738779544830322,12
961,all,encoder,future/9ps/instantaneous_TDA_H1,0.38719621300697327,12
974,all,encoder,future/9ps/instantaneous_TDA_H1,0.22443915903568268,12
975,all,encoder,future/9ps/instantaneous_TDA_H1,0.9129810333251953,12
976,all,encoder,future/9ps/instantaneous_TDA_H1,0.37820327281951904,12
977,all,encoder,future/9ps/instantaneous_TDA_H1,0.2690371572971344,12
978,all,encoder,future/9ps/instantaneous_TDA_H1,0.2777157425880432,12
979,all,encoder,future/9ps/instantaneous_TDA_H1,0.389009952545166,12
980,all,encoder,future/9ps/instantaneous_TDA_H1,0.236777663230896,12
981,all,encoder,future/9ps/instantaneous_TDA_H1,0.19669365882873535,12
982,all,encoder,future/9ps/instantaneous_TDA_H1,0.09270896762609482,12
983,all,encoder,future/9ps/instantaneous_TDA_H1,0.2132961004972458,12
984,all,encoder,future/9ps/instantaneous_TDA_H1,0.23420925438404083,12
985,all,encoder,future/9ps/instantaneous_TDA_H1,0.7464961409568787,12
986,all,encoder,future/9ps/instantaneous_TDA_H1,0.16173438727855682,12
987,all,encoder,future/9ps/instantaneous_TDA_H1,0.1534913331270218,12
988,all,encoder,future/9ps/instantaneous_TDA_H1,0.42191651463508606,12
989,all,encoder,future/9ps/instantaneous_TDA_H1,0.1389237940311432,12
990,all,encoder,future/9ps/instantaneous_TDA_H1,0.31287825107574463,12
991,all,encoder,future/9ps/instantaneous_TDA_H1,0.31723010540008545,12
1004,all,encoder,future/9ps/instantaneous_TDA_H1,0.1594005674123764,12
1005,all,encoder,future/9ps/instantaneous_TDA_H1,0.5274884104728699,12
1006,all,encoder,future/9ps/instantaneous_TDA_H1,0.2357875555753708,12
860,all,persistence,future/9ps/instantaneous_TDA_H1,0.12515191733837128,12
861,all,persistence,future/9ps/instantaneous_TDA_H1,0.3020969331264496,12
862,all,persistence,future/9ps/instantaneous_TDA_H1,0.16843225061893463,12
863,all,persistence,future/9ps/instantaneous_TDA_H1,0.1127595603466034,12
864,all,persistence,future/9ps/instantaneous_TDA_H1,0.19210289418697357,12
865,all,persistence,future/9ps/instantaneous_TDA_H1,0.1950998455286026,12
866,all,persistence,future/9ps/instantaneous_TDA_H1,0.17890703678131104,12
867,all,persistence,future/9ps/instantaneous_TDA_H1,0.22663362324237823,12
868,all,persistence,future/9ps/instantaneous_TDA_H1,0.5917487740516663,12
869,all,persistence,future/9ps/instantaneous_TDA_H1,0.2813185751438141,12
870,all,persistence,future/9ps/instantaneous_TDA_H1,0.3225439488887787,12
871,all,persistence,future/9ps/instantaneous_TDA_H1,0.8477814197540283,12
872,all,persistence,future/9ps/instantaneous_TDA_H1,0.21382977068424225,12
873,all,persistence,future/9ps/instantaneous_TDA_H1,0.10098839551210403,12
874,all,persistence,future/9ps/instantaneous_TDA_H1,0.25367775559425354,12
884,all,persistence,future/9ps/instantaneous_TDA_H1,0.15114404261112213,12
885,all,persistence,future/9ps/instantaneous_TDA_H1,0.1024547591805458,12
886,all,persistence,future/9ps/instantaneous_TDA_H1,0.26800498366355896,12
887,all,persistence,future/9ps/instantaneous_TDA_H1,0.1942751407623291,12
888,all,persistence,future/9ps/instantaneous_TDA_H1,0.08903240412473679,12
889,all,persistence,future/9ps/instantaneous_TDA_H1,0.5048595666885376,12
890,all,persistence,future/9ps/instantaneous_TDA_H1,0.1924775093793869,12
891,all,persistence,future/9ps/instantaneous_TDA_H1,0.13792715966701508,12
892,all,persistence,future/9ps/instantaneous_TDA_H1,0.16598664224147797,12
893,all,persistence,future/9ps/instantaneous_TDA_H1,0.15886852145195007,12
894,all,persistence,future/9ps/instantaneous_TDA_H1,0.11258536577224731,12
895,all,persistence,future/9ps/instantaneous_TDA_H1,0.14198563992977142,12
896,all,persistence,future/9ps/instantaneous_TDA_H1,0.18078076839447021,12
897,all,persistence,future/9ps/instantaneous_TDA_H1,0.15703539550304413,12
898,all,persistence,future/9ps/instantaneous_TDA_H1,0.1101616621017456,12
899,all,persistence,future/9ps/instantaneous_TDA_H1,0.24067533016204834,12
900,all,persistence,future/9ps/instantaneous_TDA_H1,0.2304290533065796,12
901,all,persistence,future/9ps/instantaneous_TDA_H1,0.33111241459846497,12
914,all,persistence,future/9ps/instantaneous_TDA_H1,0.24275125563144684,12
915,all,persistence,future/9ps/instantaneous_TDA_H1,0.14443403482437134,12
916,all,persistence,future/9ps/instantaneous_TDA_H1,0.15945889055728912,12
917,all,persistence,future/9ps/instantaneous_TDA_H1,0.16678495705127716,12
918,all,persistence,future/9ps/instantaneous_TDA_H1,0.1764453798532486,12
919,all,persistence,future/9ps/instantaneous_TDA_H1,0.17363238334655762,12
920,all,persistence,future/9ps/instantaneous_TDA_H1,0.0993628278374672,12
921,all,persistence,future/9ps/instantaneous_TDA_H1,0.16335529088974,12
922,all,persistence,future/9ps/instantaneous_TDA_H1,0.11054996401071548,12
923,all,persistence,future/9ps/instantaneous_TDA_H1,0.08874290436506271,12
924,all,persistence,future/9ps/instantaneous_TDA_H1,0.2084294557571411,12
925,all,persistence,future/9ps/instantaneous_TDA_H1,0.16294606029987335,12
926,all,persistence,future/9ps/instantaneous_TDA_H1,0.13933657109737396,12
927,all,persistence,future/9ps/instantaneous_TDA_H1,0.08331561833620071,12
928,all,persistence,future/9ps/instantaneous_TDA_H1,0.13700026273727417,12
929,all,persistence,future/9ps/instantaneous_TDA_H1,0.10443634539842606,12
930,all,persistence,future/9ps/instantaneous_TDA_H1,0.1693798452615738,12
931,all,persistence,future/9ps/instantaneous_TDA_H1,0.20124508440494537,12
944,all,persistence,future/9ps/instantaneous_TDA_H1,0.44433578848838806,12
945,all,persistence,future/9ps/instantaneous_TDA_H1,0.15330420434474945,12
946,all,persistence,future/9ps/instantaneous_TDA_H1,0.15756981074810028,12
947,all,persistence,future/9ps/instantaneous_TDA_H1,0.06801421195268631,12
948,all,persistence,future/9ps/instantaneous_TDA_H1,0.19074897468090057,12
949,all,persistence,future/9ps/instantaneous_TDA_H1,0.19809697568416595,12
950,all,persistence,future/9ps/instantaneous_TDA_H1,0.6620450019836426,12
951,all,persistence,future/9ps/instantaneous_TDA_H1,0.14287491142749786,12
952,all,persistence,future/9ps/instantaneous_TDA_H1,0.15104804933071136,12
953,all,persistence,future/9ps/instantaneous_TDA_H1,0.4282217025756836,12
954,all,persistence,future/9ps/instantaneous_TDA_H1,0.23278088867664337,12
955,all,persistence,future/9ps/instantaneous_TDA_H1,0.16784439980983734,12
956,all,persistence,future/9ps/instantaneous_TDA_H1,0.40634608268737793,12
957,all,persistence,future/9ps/instantaneous_TDA_H1,0.14623583853244781,12
958,all,persistence,future/9ps/instantaneous_TDA_H1,0.11508331447839737,12
959,all,persistence,future/9ps/instantaneous_TDA_H1,0.17529618740081787,12
960,all,persistence,future/9ps/instantaneous_TDA_H1,0.1156744658946991,12
961,all,persistence,future/9ps/instantaneous_TDA_H1,0.19525305926799774,12
974,all,persistence,future/9ps/instantaneous_TDA_H1,0.1772160530090332,12
975,all,persistence,future/9ps/instantaneous_TDA_H1,0.36847972869873047,12
976,all,persistence,future/9ps/instantaneous_TDA_H1,0.13354241847991943,12
977,all,persistence,future/9ps/instantaneous_TDA_H1,0.17640535533428192,12
978,all,persistence,future/9ps/instantaneous_TDA_H1,0.43135860562324524,12
979,all,persistence,future/9ps/instantaneous_TDA_H1,0.1854744702577591,12
980,all,persistence,future/9ps/instantaneous_TDA_H1,0.2137853056192398,12
981,all,persistence,future/9ps/instantaneous_TDA_H1,0.14861957728862762,12
982,all,persistence,future/9ps/instantaneous_TDA_H1,0.26787248253822327,12
983,all,persistence,future/9ps/instantaneous_TDA_H1,0.13351280987262726,12
984,all,persistence,future/9ps/instantaneous_TDA_H1,0.24215640127658844,12
985,all,persistence,future/9ps/instantaneous_TDA_H1,0.33942684531211853,12
986,all,persistence,future/9ps/instantaneous_TDA_H1,0.2088841050863266,12
987,all,persistence,future/9ps/instantaneous_TDA_H1,0.20715464651584625,12
988,all,persistence,future/9ps/instantaneous_TDA_H1,0.2356141060590744,12
989,all,persistence,future/9ps/instantaneous_TDA_H1,0.11238917708396912,12
990,all,persistence,future/9ps/instantaneous_TDA_H1,0.18688039481639862,12
991,all,persistence,future/9ps/instantaneous_TDA_H1,0.10770931839942932,12
1004,all,persistence,future/9ps/instantaneous_TDA_H1,0.13682226836681366,12
1005,all,persistence,future/9ps/instantaneous_TDA_H1,0.1782246232032776,12
1006,all,persistence,future/9ps/instantaneous_TDA_H1,0.15658719837665558,12
860,all,encoder,delta/9ps/instantaneous_TDA_H1,0.13116216659545898,12
861,all,encoder,delta/9ps/instantaneous_TDA_H1,0.2863192856311798,12
862,all,encoder,delta/9ps/instantaneous_TDA_H1,0.1857174038887024,12
863,all,encoder,delta/9ps/instantaneous_TDA_H1,0.10744412988424301,12
864,all,encoder,delta/9ps/instantaneous_TDA_H1,0.19745004177093506,12
865,all,encoder,delta/9ps/instantaneous_TDA_H1,0.2253137081861496,12
866,all,encoder,delta/9ps/instantaneous_TDA_H1,0.16733123362064362,12
867,all,encoder,delta/9ps/instantaneous_TDA_H1,0.2514816224575043,12
868,all,encoder,delta/9ps/instantaneous_TDA_H1,0.5736462473869324,12
869,all,encoder,delta/9ps/instantaneous_TDA_H1,0.2955206632614136,12
870,all,encoder,delta/9ps/instantaneous_TDA_H1,0.28536877036094666,12
871,all,encoder,delta/9ps/instantaneous_TDA_H1,0.8025074601173401,12
872,all,encoder,delta/9ps/instantaneous_TDA_H1,0.2219334840774536,12
873,all,encoder,delta/9ps/instantaneous_TDA_H1,0.10815274715423584,12
874,all,encoder,delta/9ps/instantaneous_TDA_H1,0.251273512840271,12
884,all,encoder,delta/9ps/instantaneous_TDA_H1,0.14655296504497528,12
885,all,encoder,delta/9ps/instantaneous_TDA_H1,0.11050426959991455,12
886,all,encoder,delta/9ps/instantaneous_TDA_H1,0.28597205877304077,12
887,all,encoder,delta/9ps/instantaneous_TDA_H1,0.20762740075588226,12
888,all,encoder,delta/9ps/instantaneous_TDA_H1,0.08909600973129272,12
889,all,encoder,delta/9ps/instantaneous_TDA_H1,0.4785328209400177,12
890,all,encoder,delta/9ps/instantaneous_TDA_H1,0.1895662397146225,12
891,all,encoder,delta/9ps/instantaneous_TDA_H1,0.14522898197174072,12
892,all,encoder,delta/9ps/instantaneous_TDA_H1,0.18213523924350739,12
893,all,encoder,delta/9ps/instantaneous_TDA_H1,0.17561642825603485,12
894,all,encoder,delta/9ps/instantaneous_TDA_H1,0.11418768018484116,12
895,all,encoder,delta/9ps/instantaneous_TDA_H1,0.15697714686393738,12
896,all,encoder,delta/9ps/instantaneous_TDA_H1,0.19019871950149536,12
897,all,encoder,delta/9ps/instantaneous_TDA_H1,0.1617737114429474,12
898,all,encoder,delta/9ps/instantaneous_TDA_H1,0.11748635023832321,12
899,all,encoder,delta/9ps/instantaneous_TDA_H1,0.26183295249938965,12
900,all,encoder,delta/9ps/instantaneous_TDA_H1,0.23228375613689423,12
901,all,encoder,delta/9ps/instantaneous_TDA_H1,0.3072975277900696,12
914,all,encoder,delta/9ps/instantaneous_TDA_H1,0.24599970877170563,12
915,all,encoder,delta/9ps/instantaneous_TDA_H1,0.14560621976852417,12
916,all,encoder,delta/9ps/instantaneous_TDA_H1,0.1555774062871933,12
917,all,encoder,delta/9ps/instantaneous_TDA_H1,0.16022363305091858,12
918,all,encoder,delta/9ps/instantaneous_TDA_H1,0.17403636872768402,12
919,all,encoder,delta/9ps/instantaneous_TDA_H1,0.17999082803726196,12
920,all,encoder,delta/9ps/instantaneous_TDA_H1,0.0968429446220398,12
921,all,encoder,delta/9ps/instantaneous_TDA_H1,0.17528630793094635,12
922,all,encoder,delta/9ps/instantaneous_TDA_H1,0.11547557264566422,12
923,all,encoder,delta/9ps/instantaneous_TDA_H1,0.07984346896409988,12
924,all,encoder,delta/9ps/instantaneous_TDA_H1,0.18413949012756348,12
925,all,encoder,delta/9ps/instantaneous_TDA_H1,0.16790783405303955,12
926,all,encoder,delta/9ps/instantaneous_TDA_H1,0.14887912571430206,12
927,all,encoder,delta/9ps/instantaneous_TDA_H1,0.07756979018449783,12
928,all,encoder,delta/9ps/instantaneous_TDA_H1,0.14533859491348267,12
929,all,encoder,delta/9ps/instantaneous_TDA_H1,0.11704657226800919,12
930,all,encoder,delta/9ps/instantaneous_TDA_H1,0.14964979887008667,12
931,all,encoder,delta/9ps/instantaneous_TDA_H1,0.21950624883174896,12
944,all,encoder,delta/9ps/instantaneous_TDA_H1,0.42763659358024597,12
945,all,encoder,delta/9ps/instantaneous_TDA_H1,0.16283147037029266,12
946,all,encoder,delta/9ps/instantaneous_TDA_H1,0.15823198854923248,12
947,all,encoder,delta/9ps/instantaneous_TDA_H1,0.07899888604879379,12
948,all,encoder,delta/9ps/instantaneous_TDA_H1,0.1930197924375534,12
949,all,encoder,delta/9ps/instantaneous_TDA_H1,0.2026921957731247,12
950,all,encoder,delta/9ps/instantaneous_TDA_H1,0.610322892665863,12
951,all,encoder,delta/9ps/instantaneous_TDA_H1,0.14675723016262054,12
952,all,encoder,delta/9ps/instantaneous_TDA_H1,0.15961946547031403,12
953,all,encoder,delta/9ps/instantaneous_TDA_H1,0.41035735607147217,12
954,all,encoder,delta/9ps/instantaneous_TDA_H1,0.25786569714546204,12
955,all,encoder,delta/9ps/instantaneous_TDA_H1,0.16619731485843658,12
956,all,encoder,delta/9ps/instantaneous_TDA_H1,0.375492125749588,12
957,all,encoder,delta/9ps/instantaneous_TDA_H1,0.15603169798851013,12
958,all,encoder,delta/9ps/instantaneous_TDA_H1,0.1197969913482666,12
959,all,encoder,delta/9ps/instantaneous_TDA_H1,0.1921239048242569,12
960,all,encoder,delta/9ps/instantaneous_TDA_H1,0.12750743329524994,12
961,all,encoder,delta/9ps/instantaneous_TDA_H1,0.19960856437683105,12
974,all,encoder,delta/9ps/instantaneous_TDA_H1,0.18317945301532745,12
975,all,encoder,delta/9ps/instantaneous_TDA_H1,0.3806200325489044,12
976,all,encoder,delta/9ps/instantaneous_TDA_H1,0.14147575199604034,12
977,all,encoder,delta/9ps/instantaneous_TDA_H1,0.18609416484832764,12
978,all,encoder,delta/9ps/instantaneous_TDA_H1,0.40851891040802,12
979,all,encoder,delta/9ps/instantaneous_TDA_H1,0.18942897021770477,12
980,all,encoder,delta/9ps/instantaneous_TDA_H1,0.2089890092611313,12
981,all,encoder,delta/9ps/instantaneous_TDA_H1,0.15651048719882965,12
982,all,encoder,delta/9ps/instantaneous_TDA_H1,0.25773313641548157,12
983,all,encoder,delta/9ps/instantaneous_TDA_H1,0.14139844477176666,12
984,all,encoder,delta/9ps/instantaneous_TDA_H1,0.2583772838115692,12
985,all,encoder,delta/9ps/instantaneous_TDA_H1,0.33010369539260864,12
986,all,encoder,delta/9ps/instantaneous_TDA_H1,0.20894233882427216,12
987,all,encoder,delta/9ps/instantaneous_TDA_H1,0.18914085626602173,12
988,all,encoder,delta/9ps/instantaneous_TDA_H1,0.24001896381378174,12
989,all,encoder,delta/9ps/instantaneous_TDA_H1,0.10876505821943283,12
990,all,encoder,delta/9ps/instantaneous_TDA_H1,0.1828981637954712,12
991,all,encoder,delta/9ps/instantaneous_TDA_H1,0.10648488998413086,12
1004,all,encoder,delta/9ps/instantaneous_TDA_H1,0.13430188596248627,12
1005,all,encoder,delta/9ps/instantaneous_TDA_H1,0.18525786697864532,12
1006,all,encoder,delta/9ps/instantaneous_TDA_H1,0.15433911979198456,12
860,all,encoder,present/instantaneous_TDA_H2,0.19273076951503754,12
861,all,encoder,present/instantaneous_TDA_H2,0.19576923549175262,12
862,all,encoder,present/instantaneous_TDA_H2,0.1681230515241623,12
863,all,encoder,present/instantaneous_TDA_H2,0.28556427359580994,12
864,all,encoder,present/instantaneous_TDA_H2,0.24111314117908478,12
865,all,encoder,present/instantaneous_TDA_H2,0.22181008756160736,12
866,all,encoder,present/instantaneous_TDA_H2,0.10012701153755188,12
867,all,encoder,present/instantaneous_TDA_H2,0.15557117760181427,12
868,all,encoder,present/instantaneous_TDA_H2,0.21259905397891998,12
869,all,encoder,present/instantaneous_TDA_H2,0.08192729204893112,12
870,all,encoder,present/instantaneous_TDA_H2,0.15387170016765594,12
871,all,encoder,present/instantaneous_TDA_H2,0.17429374158382416,12
872,all,encoder,present/instantaneous_TDA_H2,0.24213118851184845,12
873,all,encoder,present/instantaneous_TDA_H2,0.16038759052753448,12
874,all,encoder,present/instantaneous_TDA_H2,0.2355269342660904,12
884,all,encoder,present/instantaneous_TDA_H2,0.17882730066776276,12
885,all,encoder,present/instantaneous_TDA_H2,0.362980455160141,12
886,all,encoder,present/instantaneous_TDA_H2,0.37114110589027405,12
887,all,encoder,present/instantaneous_TDA_H2,0.12849967181682587,12
888,all,encoder,present/instantaneous_TDA_H2,0.13880079984664917,12
889,all,encoder,present/instantaneous_TDA_H2,0.18142153322696686,12
890,all,encoder,present/instantaneous_TDA_H2,0.3367883861064911,12
891,all,encoder,present/instantaneous_TDA_H2,0.19420337677001953,12
892,all,encoder,present/instantaneous_TDA_H2,0.21132837235927582,12
893,all,encoder,present/instantaneous_TDA_H2,0.12161477655172348,12
894,all,encoder,present/instantaneous_TDA_H2,0.34398403763771057,12
895,all,encoder,present/instantaneous_TDA_H2,0.1882166862487793,12
896,all,encoder,present/instantaneous_TDA_H2,0.16414496302604675,12
897,all,encoder,present/instantaneous_TDA_H2,0.07878339290618896,12
898,all,encoder,present/instantaneous_TDA_H2,0.10508078336715698,12
899,all,encoder,present/instantaneous_TDA_H2,0.40663978457450867,12
900,all,encoder,present/instantaneous_TDA_H2,0.17248094081878662,12
901,all,encoder,present/instantaneous_TDA_H2,0.22364194691181183,12
914,all,encoder,present/instantaneous_TDA_H2,0.39940881729125977,12
915,all,encoder,present/instantaneous_TDA_H2,0.28864964842796326,12
916,all,encoder,present/instantaneous_TDA_H2,0.3454361855983734,12
917,all,encoder,present/instantaneous_TDA_H2,0.1815921813249588,12
918,all,encoder,present/instantaneous_TDA_H2,0.32470688223838806,12
919,all,encoder,present/instantaneous_TDA_H2,0.1998918056488037,12
920,all,encoder,present/instantaneous_TDA_H2,0.6810283660888672,12
921,all,encoder,present/instantaneous_TDA_H2,0.30174726247787476,12
922,all,encoder,present/instantaneous_TDA_H2,0.7693544030189514,12
923,all,encoder,present/instantaneous_TDA_H2,0.2839839458465576,12
924,all,encoder,present/instantaneous_TDA_H2,0.45116570591926575,12
925,all,encoder,present/instantaneous_TDA_H2,0.19689041376113892,12
926,all,encoder,present/instantaneous_TDA_H2,0.16371610760688782,12
927,all,encoder,present/instantaneous_TDA_H2,0.27626684308052063,12
928,all,encoder,present/instantaneous_TDA_H2,0.4351225197315216,12
929,all,encoder,present/instantaneous_TDA_H2,0.49988722801208496,12
930,all,encoder,present/instantaneous_TDA_H2,0.17738425731658936,12
931,all,encoder,present/instantaneous_TDA_H2,0.16927047073841095,12
944,all,encoder,present/instantaneous_TDA_H2,0.16688640415668488,12
945,all,encoder,present/instantaneous_TDA_H2,0.3318215310573578,12
946,all,encoder,present/instantaneous_TDA_H2,0.36859986186027527,12
947,all,encoder,present/instantaneous_TDA_H2,0.7654190063476562,12
948,all,encoder,present/instantaneous_TDA_H2,0.37994253635406494,12
949,all,encoder,present/instantaneous_TDA_H2,0.23039685189723969,12
950,all,encoder,present/instantaneous_TDA_H2,0.1522369086742401,12
951,all,encoder,present/instantaneous_TDA_H2,0.2945150136947632,12
952,all,encoder,present/instantaneous_TDA_H2,0.2508806884288788,12
953,all,encoder,present/instantaneous_TDA_H2,0.2817508578300476,12
954,all,encoder,present/instantaneous_TDA_H2,0.10923727601766586,12
955,all,encoder,present/instantaneous_TDA_H2,0.30732691287994385,12
956,all,encoder,present/instantaneous_TDA_H2,0.24735987186431885,12
957,all,encoder,present/instantaneous_TDA_H2,0.40523096919059753,12
958,all,encoder,present/instantaneous_TDA_H2,0.5197731256484985,12
959,all,encoder,present/instantaneous_TDA_H2,0.42768552899360657,12
960,all,encoder,present/instantaneous_TDA_H2,0.7080625891685486,12
961,all,encoder,present/instantaneous_TDA_H2,0.4394053518772125,12
974,all,encoder,present/instantaneous_TDA_H2,0.2844082713127136,12
975,all,encoder,present/instantaneous_TDA_H2,0.4955540597438812,12
976,all,encoder,present/instantaneous_TDA_H2,0.42933085560798645,12
977,all,encoder,present/instantaneous_TDA_H2,0.29324209690093994,12
978,all,encoder,present/instantaneous_TDA_H2,0.2692565321922302,12
979,all,encoder,present/instantaneous_TDA_H2,0.17026977241039276,12
980,all,encoder,present/instantaneous_TDA_H2,0.2466266006231308,12
981,all,encoder,present/instantaneous_TDA_H2,0.11822811514139175,12
982,all,encoder,present/instantaneous_TDA_H2,0.15014415979385376,12
983,all,encoder,present/instantaneous_TDA_H2,0.13561974465847015,12
984,all,encoder,present/instantaneous_TDA_H2,0.17517416179180145,12
985,all,encoder,present/instantaneous_TDA_H2,0.7691309452056885,12
986,all,encoder,present/instantaneous_TDA_H2,0.07187477499246597,12
987,all,encoder,present/instantaneous_TDA_H2,0.085504449903965,12
988,all,encoder,present/instantaneous_TDA_H2,0.09602390974760056,12
989,all,encoder,present/instantaneous_TDA_H2,0.08195248991250992,12
990,all,encoder,present/instantaneous_TDA_H2,0.28300514817237854,12
991,all,encoder,present/instantaneous_TDA_H2,0.19145362079143524,12
1004,all,encoder,present/instantaneous_TDA_H2,0.12261904031038284,12
1005,all,encoder,present/instantaneous_TDA_H2,0.5379214882850647,12
1006,all,encoder,present/instantaneous_TDA_H2,0.21515850722789764,12
860,all,encoder,future/0.75ps/instantaneous_TDA_H2,0.2604418992996216,12
861,all,encoder,future/0.75ps/instantaneous_TDA_H2,0.23458808660507202,12
862,all,encoder,future/0.75ps/instantaneous_TDA_H2,0.21502070128917694,12
863,all,encoder,future/0.75ps/instantaneous_TDA_H2,0.27794596552848816,12
864,all,encoder,future/0.75ps/instantaneous_TDA_H2,0.268027663230896,12
865,all,encoder,future/0.75ps/instantaneous_TDA_H2,0.3410865366458893,12
866,all,encoder,future/0.75ps/instantaneous_TDA_H2,0.1653408259153366,12
867,all,encoder,future/0.75ps/instantaneous_TDA_H2,0.23934431374073029,12
868,all,encoder,future/0.75ps/instantaneous_TDA_H2,0.25214383006095886,12
869,all,encoder,future/0.75ps/instantaneous_TDA_H2,0.20725663006305695,12
870,all,encoder,future/0.75ps/instantaneous_TDA_H2,0.30601412057876587,12
871,all,encoder,future/0.75ps/instantaneous_TDA_H2,0.2651154100894928,12
872,all,encoder,future/0.75ps/instantaneous_TDA_H2,0.16395293176174164,12
873,all,encoder,future/0.75ps/instantaneous_TDA_H2,0.18212483823299408,12
874,all,encoder,future/0.75ps/instantaneous_TDA_H2,0.32551974058151245,12
884,all,encoder,future/0.75ps/instantaneous_TDA_H2,0.20097893476486206,12
885,all,encoder,future/0.75ps/instantaneous_TDA_H2,0.44558393955230713,12
886,all,encoder,future/0.75ps/instantaneous_TDA_H2,0.39172425866127014,12
887,all,encoder,future/0.75ps/instantaneous_TDA_H2,0.22026510536670685,12
888,all,encoder,future/0.75ps/instantaneous_TDA_H2,0.23908333480358124,12
889,all,encoder,future/0.75ps/instantaneous_TDA_H2,0.20154516398906708,12
890,all,encoder,future/0.75ps/instantaneous_TDA_H2,0.38984882831573486,12
891,all,encoder,future/0.75ps/instantaneous_TDA_H2,0.1853076070547104,12
892,all,encoder,future/0.75ps/instantaneous_TDA_H2,0.2386622428894043,12
893,all,encoder,future/0.75ps/instantaneous_TDA_H2,0.14533376693725586,12
894,all,encoder,future/0.75ps/instantaneous_TDA_H2,0.408894419670105,12
895,all,encoder,future/0.75ps/instantaneous_TDA_H2,0.20926374197006226,12
896,all,encoder,future/0.75ps/instantaneous_TDA_H2,0.17735521495342255,12
897,all,encoder,future/0.75ps/instantaneous_TDA_H2,0.12840978801250458,12
898,all,encoder,future/0.75ps/instantaneous_TDA_H2,0.13972784578800201,12
899,all,encoder,future/0.75ps/instantaneous_TDA_H2,0.3545260429382324,12
900,all,encoder,future/0.75ps/instantaneous_TDA_H2,0.20393383502960205,12
901,all,encoder,future/0.75ps/instantaneous_TDA_H2,0.27747485041618347,12
914,all,encoder,future/0.75ps/instantaneous_TDA_H2,0.5583582520484924,12
915,all,encoder,future/0.75ps/instantaneous_TDA_H2,0.25521573424339294,12
916,all,encoder,future/0.75ps/instantaneous_TDA_H2,0.3894299268722534,12
917,all,encoder,future/0.75ps/instantaneous_TDA_H2,0.23381786048412323,12
918,all,encoder,future/0.75ps/instantaneous_TDA_H2,0.3262544274330139,12
919,all,encoder,future/0.75ps/instantaneous_TDA_H2,0.2516726851463318,12
920,all,encoder,future/0.75ps/instantaneous_TDA_H2,0.6357965469360352,12
921,all,encoder,future/0.75ps/instantaneous_TDA_H2,0.36867964267730713,12
922,all,encoder,future/0.75ps/instantaneous_TDA_H2,0.6564016342163086,12
923,all,encoder,future/0.75ps/instantaneous_TDA_H2,0.30508580803871155,12
924,all,encoder,future/0.75ps/instantaneous_TDA_H2,0.5296305418014526,12
925,all,encoder,future/0.75ps/instantaneous_TDA_H2,0.3186454772949219,12
926,all,encoder,future/0.75ps/instantaneous_TDA_H2,0.22439496219158173,12
927,all,encoder,future/0.75ps/instantaneous_TDA_H2,0.2460172325372696,12
928,all,encoder,future/0.75ps/instantaneous_TDA_H2,0.38932254910469055,12
929,all,encoder,future/0.75ps/instantaneous_TDA_H2,0.5452023148536682,12
930,all,encoder,future/0.75ps/instantaneous_TDA_H2,0.30162790417671204,12
931,all,encoder,future/0.75ps/instantaneous_TDA_H2,0.17303049564361572,12
944,all,encoder,future/0.75ps/instantaneous_TDA_H2,0.19030141830444336,12
945,all,encoder,future/0.75ps/instantaneous_TDA_H2,0.3107779324054718,12
946,all,encoder,future/0.75ps/instantaneous_TDA_H2,0.3692737817764282,12
947,all,encoder,future/0.75ps/instantaneous_TDA_H2,0.7426274418830872,12
948,all,encoder,future/0.75ps/instantaneous_TDA_H2,0.3923867642879486,12
949,all,encoder,future/0.75ps/instantaneous_TDA_H2,0.19781602919101715,12
950,all,encoder,future/0.75ps/instantaneous_TDA_H2,0.1917441487312317,12
951,all,encoder,future/0.75ps/instantaneous_TDA_H2,0.33414211869239807,12
952,all,encoder,future/0.75ps/instantaneous_TDA_H2,0.33830562233924866,12
953,all,encoder,future/0.75ps/instantaneous_TDA_H2,0.3192240595817566,12
954,all,encoder,future/0.75ps/instantaneous_TDA_H2,0.1766928881406784,12
955,all,encoder,future/0.75ps/instantaneous_TDA_H2,0.2558126151561737,12
956,all,encoder,future/0.75ps/instantaneous_TDA_H2,0.3516249656677246,12
957,all,encoder,future/0.75ps/instantaneous_TDA_H2,0.40097174048423767,12
958,all,encoder,future/0.75ps/instantaneous_TDA_H2,0.5359624028205872,12
959,all,encoder,future/0.75ps/instantaneous_TDA_H2,0.35755133628845215,12
960,all,encoder,future/0.75ps/instantaneous_TDA_H2,0.6214345097541809,12
961,all,encoder,future/0.75ps/instantaneous_TDA_H2,0.45338284969329834,12
974,all,encoder,future/0.75ps/instantaneous_TDA_H2,0.28507131338119507,12
975,all,encoder,future/0.75ps/instantaneous_TDA_H2,0.37437593936920166,12
976,all,encoder,future/0.75ps/instantaneous_TDA_H2,0.509710967540741,12
977,all,encoder,future/0.75ps/instantaneous_TDA_H2,0.23065054416656494,12
978,all,encoder,future/0.75ps/instantaneous_TDA_H2,0.3148500621318817,12
979,all,encoder,future/0.75ps/instantaneous_TDA_H2,0.23141753673553467,12
980,all,encoder,future/0.75ps/instantaneous_TDA_H2,0.22752124071121216,12
981,all,encoder,future/0.75ps/instantaneous_TDA_H2,0.1444646716117859,12
982,all,encoder,future/0.75ps/instantaneous_TDA_H2,0.12587015330791473,12
983,all,encoder,future/0.75ps/instantaneous_TDA_H2,0.14256688952445984,12
984,all,encoder,future/0.75ps/instantaneous_TDA_H2,0.15865036845207214,12
985,all,encoder,future/0.75ps/instantaneous_TDA_H2,0.737698495388031,12
986,all,encoder,future/0.75ps/instantaneous_TDA_H2,0.10279583185911179,12
987,all,encoder,future/0.75ps/instantaneous_TDA_H2,0.10635282844305038,12
988,all,encoder,future/0.75ps/instantaneous_TDA_H2,0.2463364452123642,12
989,all,encoder,future/0.75ps/instantaneous_TDA_H2,0.11989287286996841,12
990,all,encoder,future/0.75ps/instantaneous_TDA_H2,0.20947249233722687,12
991,all,encoder,future/0.75ps/instantaneous_TDA_H2,0.20336942374706268,12
1004,all,encoder,future/0.75ps/instantaneous_TDA_H2,0.13099782168865204,12
1005,all,encoder,future/0.75ps/instantaneous_TDA_H2,0.5099691152572632,12
1006,all,encoder,future/0.75ps/instantaneous_TDA_H2,0.2129509001970291,12
860,all,persistence,future/0.75ps/instantaneous_TDA_H2,0.08148793876171112,12
861,all,persistence,future/0.75ps/instantaneous_TDA_H2,0.128603994846344,12
862,all,persistence,future/0.75ps/instantaneous_TDA_H2,0.12179289013147354,12
863,all,persistence,future/0.75ps/instantaneous_TDA_H2,0.1543281078338623,12
864,all,persistence,future/0.75ps/instantaneous_TDA_H2,0.21943561732769012,12
865,all,persistence,future/0.75ps/instantaneous_TDA_H2,0.17884854972362518,12
866,all,persistence,future/0.75ps/instantaneous_TDA_H2,0.12071425467729568,12
867,all,persistence,future/0.75ps/instantaneous_TDA_H2,0.1656360924243927,12
868,all,persistence,future/0.75ps/instantaneous_TDA_H2,0.08079536259174347,12
869,all,persistence,future/0.75ps/instantaneous_TDA_H2,0.12649233639240265,12
870,all,persistence,future/0.75ps/instantaneous_TDA_H2,0.1427372545003891,12
871,all,persistence,future/0.75ps/instantaneous_TDA_H2,0.23892922699451447,12
872,all,persistence,future/0.75ps/instantaneous_TDA_H2,0.17038758099079132,12
873,all,persistence,future/0.75ps/instantaneous_TDA_H2,0.07191549986600876,12
874,all,persistence,future/0.75ps/instantaneous_TDA_H2,0.13204917311668396,12
884,all,persistence,future/0.75ps/instantaneous_TDA_H2,0.10711289197206497,12
885,all,persistence,future/0.75ps/instantaneous_TDA_H2,0.08566710352897644,12
886,all,persistence,future/0.75ps/instantaneous_TDA_H2,0.13581156730651855,12
887,all,persistence,future/0.75ps/instantaneous_TDA_H2,0.09772651642560959,12
888,all,persistence,future/0.75ps/instantaneous_TDA_H2,0.10917794704437256,12
889,all,persistence,future/0.75ps/instantaneous_TDA_H2,0.08463886380195618,12
890,all,persistence,future/0.75ps/instantaneous_TDA_H2,0.12593060731887817,12
891,all,persistence,future/0.75ps/instantaneous_TDA_H2,0.1142246350646019,12
892,all,persistence,future/0.75ps/instantaneous_TDA_H2,0.1727112978696823,12
893,all,persistence,future/0.75ps/instantaneous_TDA_H2,0.13038240373134613,12
894,all,persistence,future/0.75ps/instantaneous_TDA_H2,0.11306669563055038,12
895,all,persistence,future/0.75ps/instantaneous_TDA_H2,0.1116284504532814,12
896,all,persistence,future/0.75ps/instantaneous_TDA_H2,0.16409777104854584,12
897,all,persistence,future/0.75ps/instantaneous_TDA_H2,0.12296239286661148,12
898,all,persistence,future/0.75ps/instantaneous_TDA_H2,0.06506075710058212,12
899,all,persistence,future/0.75ps/instantaneous_TDA_H2,0.13443748652935028,12
900,all,persistence,future/0.75ps/instantaneous_TDA_H2,0.12401077896356583,12
901,all,persistence,future/0.75ps/instantaneous_TDA_H2,0.2073056548833847,12
914,all,persistence,future/0.75ps/instantaneous_TDA_H2,0.13195239007472992,12
915,all,persistence,future/0.75ps/instantaneous_TDA_H2,0.08498316258192062,12
916,all,persistence,future/0.75ps/instantaneous_TDA_H2,0.12355118244886398,12
917,all,persistence,future/0.75ps/instantaneous_TDA_H2,0.09299676865339279,12
918,all,persistence,future/0.75ps/instantaneous_TDA_H2,0.14974991977214813,12
919,all,persistence,future/0.75ps/instantaneous_TDA_H2,0.06687556952238083,12
920,all,persistence,future/0.75ps/instantaneous_TDA_H2,0.07475095242261887,12
921,all,persistence,future/0.75ps/instantaneous_TDA_H2,0.15840297937393188,12
922,all,persistence,future/0.75ps/instantaneous_TDA_H2,0.08025654405355453,12
923,all,persistence,future/0.75ps/instantaneous_TDA_H2,0.07505639642477036,12
924,all,persistence,future/0.75ps/instantaneous_TDA_H2,0.11403845995664597,12
925,all,persistence,future/0.75ps/instantaneous_TDA_H2,0.09063773602247238,12
926,all,persistence,future/0.75ps/instantaneous_TDA_H2,0.12305700033903122,12
927,all,persistence,future/0.75ps/instantaneous_TDA_H2,0.20576678216457367,12
928,all,persistence,future/0.75ps/instantaneous_TDA_H2,0.21092630922794342,12
929,all,persistence,future/0.75ps/instantaneous_TDA_H2,0.13768582046031952,12
930,all,persistence,future/0.75ps/instantaneous_TDA_H2,0.08777601271867752,12
931,all,persistence,future/0.75ps/instantaneous_TDA_H2,0.0928482785820961,12
944,all,persistence,future/0.75ps/instantaneous_TDA_H2,0.06306573748588562,12
945,all,persistence,future/0.75ps/instantaneous_TDA_H2,0.12620218098163605,12
946,all,persistence,future/0.75ps/instantaneous_TDA_H2,0.24361346662044525,12
947,all,persistence,future/0.75ps/instantaneous_TDA_H2,0.07279735803604126,12
948,all,persistence,future/0.75ps/instantaneous_TDA_H2,0.17804330587387085,12
949,all,persistence,future/0.75ps/instantaneous_TDA_H2,0.15626876056194305,12
950,all,persistence,future/0.75ps/instantaneous_TDA_H2,0.09248793125152588,12
951,all,persistence,future/0.75ps/instantaneous_TDA_H2,0.11794886738061905,12
952,all,persistence,future/0.75ps/instantaneous_TDA_H2,0.11336693167686462,12
953,all,persistence,future/0.75ps/instantaneous_TDA_H2,0.18112371861934662,12
954,all,persistence,future/0.75ps/instantaneous_TDA_H2,0.11891546100378036,12
955,all,persistence,future/0.75ps/instantaneous_TDA_H2,0.1128954365849495,12
956,all,persistence,future/0.75ps/instantaneous_TDA_H2,0.14637073874473572,12
957,all,persistence,future/0.75ps/instantaneous_TDA_H2,0.15077821910381317,12
958,all,persistence,future/0.75ps/instantaneous_TDA_H2,0.09723269194364548,12
959,all,persistence,future/0.75ps/instantaneous_TDA_H2,0.09327388554811478,12
960,all,persistence,future/0.75ps/instantaneous_TDA_H2,0.133138969540596,12
961,all,persistence,future/0.75ps/instantaneous_TDA_H2,0.13286294043064117,12
974,all,persistence,future/0.75ps/instantaneous_TDA_H2,0.10874146223068237,12
975,all,persistence,future/0.75ps/instantaneous_TDA_H2,0.1075069010257721,12
976,all,persistence,future/0.75ps/instantaneous_TDA_H2,0.16264702379703522,12
977,all,persistence,future/0.75ps/instantaneous_TDA_H2,0.11728332191705704,12
978,all,persistence,future/0.75ps/instantaneous_TDA_H2,0.12160778045654297,12
979,all,persistence,future/0.75ps/instantaneous_TDA_H2,0.17158977687358856,12
980,all,persistence,future/0.75ps/instantaneous_TDA_H2,0.09567388147115707,12
981,all,persistence,future/0.75ps/instantaneous_TDA_H2,0.10003343969583511,12
982,all,persistence,future/0.75ps/instantaneous_TDA_H2,0.20022714138031006,12
983,all,persistence,future/0.75ps/instantaneous_TDA_H2,0.12211745977401733,12
984,all,persistence,future/0.75ps/instantaneous_TDA_H2,0.09427797049283981,12
985,all,persistence,future/0.75ps/instantaneous_TDA_H2,0.14486923813819885,12
986,all,persistence,future/0.75ps/instantaneous_TDA_H2,0.08182317763566971,12
987,all,persistence,future/0.75ps/instantaneous_TDA_H2,0.2275058478116989,12
988,all,persistence,future/0.75ps/instantaneous_TDA_H2,0.16310633718967438,12
989,all,persistence,future/0.75ps/instantaneous_TDA_H2,0.1297265887260437,12
990,all,persistence,future/0.75ps/instantaneous_TDA_H2,0.07302895188331604,12
991,all,persistence,future/0.75ps/instantaneous_TDA_H2,0.09650794416666031,12
1004,all,persistence,future/0.75ps/instantaneous_TDA_H2,0.09017876535654068,12
1005,all,persistence,future/0.75ps/instantaneous_TDA_H2,0.11395519971847534,12
1006,all,persistence,future/0.75ps/instantaneous_TDA_H2,0.09436595439910889,12
860,all,encoder,delta/0.75ps/instantaneous_TDA_H2,0.08135296404361725,12
861,all,encoder,delta/0.75ps/instantaneous_TDA_H2,0.13222847878932953,12
862,all,encoder,delta/0.75ps/instantaneous_TDA_H2,0.12708327174186707,12
863,all,encoder,delta/0.75ps/instantaneous_TDA_H2,0.15339846909046173,12
864,all,encoder,delta/0.75ps/instantaneous_TDA_H2,0.23439858853816986,12
865,all,encoder,delta/0.75ps/instantaneous_TDA_H2,0.2025832086801529,12
866,all,encoder,delta/0.75ps/instantaneous_TDA_H2,0.13236327469348907,12
867,all,encoder,delta/0.75ps/instantaneous_TDA_H2,0.18294848501682281,12
868,all,encoder,delta/0.75ps/instantaneous_TDA_H2,0.09149035811424255,12
869,all,encoder,delta/0.75ps/instantaneous_TDA_H2,0.1403619796037674,12
870,all,encoder,delta/0.75ps/instantaneous_TDA_H2,0.14792245626449585,12
871,all,encoder,delta/0.75ps/instantaneous_TDA_H2,0.2328917384147644,12
872,all,encoder,delta/0.75ps/instantaneous_TDA_H2,0.17637759447097778,12
873,all,encoder,delta/0.75ps/instantaneous_TDA_H2,0.07190956920385361,12
874,all,encoder,delta/0.75ps/instantaneous_TDA_H2,0.1435059905052185,12
884,all,encoder,delta/0.75ps/instantaneous_TDA_H2,0.11894375085830688,12
885,all,encoder,delta/0.75ps/instantaneous_TDA_H2,0.09574967622756958,12
886,all,encoder,delta/0.75ps/instantaneous_TDA_H2,0.13386866450309753,12
887,all,encoder,delta/0.75ps/instantaneous_TDA_H2,0.10577156394720078,12
888,all,encoder,delta/0.75ps/instantaneous_TDA_H2,0.12101923674345016,12
889,all,encoder,delta/0.75ps/instantaneous_TDA_H2,0.09802711755037308,12
890,all,encoder,delta/0.75ps/instantaneous_TDA_H2,0.13225151598453522,12
891,all,encoder,delta/0.75ps/instantaneous_TDA_H2,0.1293652057647705,12
892,all,encoder,delta/0.75ps/instantaneous_TDA_H2,0.1818062663078308,12
893,all,encoder,delta/0.75ps/instantaneous_TDA_H2,0.13666142523288727,12
894,all,encoder,delta/0.75ps/instantaneous_TDA_H2,0.12111421674489975,12
895,all,encoder,delta/0.75ps/instantaneous_TDA_H2,0.11198390275239944,12
896,all,encoder,delta/0.75ps/instantaneous_TDA_H2,0.16380693018436432,12
897,all,encoder,delta/0.75ps/instantaneous_TDA_H2,0.13582313060760498,12
898,all,encoder,delta/0.75ps/instantaneous_TDA_H2,0.07076629251241684,12
899,all,encoder,delta/0.75ps/instantaneous_TDA_H2,0.14580996334552765,12
900,all,encoder,delta/0.75ps/instantaneous_TDA_H2,0.12630464136600494,12
901,all,encoder,delta/0.75ps/instantaneous_TDA_H2,0.21216611564159393,12
914,all,encoder,delta/0.75ps/instantaneous_TDA_H2,0.12385863065719604,12
915,all,encoder,delta/0.75ps/instantaneous_TDA_H2,0.09035271406173706,12
916,all,encoder,delta/0.75ps/instantaneous_TDA_H2,0.12644051015377045,12
917,all,encoder,delta/0.75ps/instantaneous_TDA_H2,0.09395984560251236,12
918,all,encoder,delta/0.75ps/instantaneous_TDA_H2,0.1531125158071518,12
919,all,encoder,delta/0.75ps/instantaneous_TDA_H2,0.06564853340387344,12
920,all,encoder,delta/0.75ps/instantaneous_TDA_H2,0.0744938775897026,12
921,all,encoder,delta/0.75ps/instantaneous_TDA_H2,0.15786026418209076,12
922,all,encoder,delta/0.75ps/instantaneous_TDA_H2,0.08741110563278198,12
923,all,encoder,delta/0.75ps/instantaneous_TDA_H2,0.07694242149591446,12
924,all,encoder,delta/0.75ps/instantaneous_TDA_H2,0.11545181274414062,12
925,all,encoder,delta/0.75ps/instantaneous_TDA_H2,0.0919862687587738,12
926,all,encoder,delta/0.75ps/instantaneous_TDA_H2,0.12287971377372742,12
927,all,encoder,delta/0.75ps/instantaneous_TDA_H2,0.20070695877075195,12
928,all,encoder,delta/0.75ps/instantaneous_TDA_H2,0.2095421552658081,12
929,all,encoder,delta/0.75ps/instantaneous_TDA_H2,0.144748255610466,12
930,all,encoder,delta/0.75ps/instantaneous_TDA_H2,0.09033109992742538,12
931,all,encoder,delta/0.75ps/instantaneous_TDA_H2,0.09819981455802917,12
944,all,encoder,delta/0.75ps/instantaneous_TDA_H2,0.059961963444948196,12
945,all,encoder,delta/0.75ps/instantaneous_TDA_H2,0.12719957530498505,12
946,all,encoder,delta/0.75ps/instantaneous_TDA_H2,0.24091024696826935,12
947,all,encoder,delta/0.75ps/instantaneous_TDA_H2,0.07073527574539185,12
948,all,encoder,delta/0.75ps/instantaneous_TDA_H2,0.18136365711688995,12
949,all,encoder,delta/0.75ps/instantaneous_TDA_H2,0.1566920131444931,12
950,all,encoder,delta/0.75ps/instantaneous_TDA_H2,0.09716436266899109,12
951,all,encoder,delta/0.75ps/instantaneous_TDA_H2,0.11906654387712479,12
952,all,encoder,delta/0.75ps/instantaneous_TDA_H2,0.1069321408867836,12
953,all,encoder,delta/0.75ps/instantaneous_TDA_H2,0.1745680719614029,12
954,all,encoder,delta/0.75ps/instantaneous_TDA_H2,0.1359955072402954,12
955,all,encoder,delta/0.75ps/instantaneous_TDA_H2,0.1081666648387909,12
956,all,encoder,delta/0.75ps/instantaneous_TDA_H2,0.16603241860866547,12
957,all,encoder,delta/0.75ps/instantaneous_TDA_H2,0.1497671753168106,12
958,all,encoder,delta/0.75ps/instantaneous_TDA_H2,0.09672429412603378,12
959,all,encoder,delta/0.75ps/instantaneous_TDA_H2,0.09593397378921509,12
960,all,encoder,delta/0.75ps/instantaneous_TDA_H2,0.13717813789844513,12
961,all,encoder,delta/0.75ps/instantaneous_TDA_H2,0.12541267275810242,12
974,all,encoder,delta/0.75ps/instantaneous_TDA_H2,0.10759500414133072,12
975,all,encoder,delta/0.75ps/instantaneous_TDA_H2,0.11051259189844131,12
976,all,encoder,delta/0.75ps/instantaneous_TDA_H2,0.15684933960437775,12
977,all,encoder,delta/0.75ps/instantaneous_TDA_H2,0.1176721528172493,12
978,all,encoder,delta/0.75ps/instantaneous_TDA_H2,0.13359101116657257,12
979,all,encoder,delta/0.75ps/instantaneous_TDA_H2,0.18568111956119537,12
980,all,encoder,delta/0.75ps/instantaneous_TDA_H2,0.09122840315103531,12
981,all,encoder,delta/0.75ps/instantaneous_TDA_H2,0.10054358839988708,12
982,all,encoder,delta/0.75ps/instantaneous_TDA_H2,0.1994244009256363,12
983,all,encoder,delta/0.75ps/instantaneous_TDA_H2,0.12506544589996338,12
984,all,encoder,delta/0.75ps/instantaneous_TDA_H2,0.10518059879541397,12
985,all,encoder,delta/0.75ps/instantaneous_TDA_H2,0.14451248943805695,12
986,all,encoder,delta/0.75ps/instantaneous_TDA_H2,0.07390246540307999,12
987,all,encoder,delta/0.75ps/instantaneous_TDA_H2,0.22550751268863678,12
988,all,encoder,delta/0.75ps/instantaneous_TDA_H2,0.16023531556129456,12
989,all,encoder,delta/0.75ps/instantaneous_TDA_H2,0.1285742074251175,12
990,all,encoder,delta/0.75ps/instantaneous_TDA_H2,0.07190737873315811,12
991,all,encoder,delta/0.75ps/instantaneous_TDA_H2,0.09465175122022629,12
1004,all,encoder,delta/0.75ps/instantaneous_TDA_H2,0.08831582218408585,12
1005,all,encoder,delta/0.75ps/instantaneous_TDA_H2,0.11191462725400925,12
1006,all,encoder,delta/0.75ps/instantaneous_TDA_H2,0.09655901789665222,12
860,all,encoder,future/3ps/instantaneous_TDA_H2,0.3174074590206146,12
861,all,encoder,future/3ps/instantaneous_TDA_H2,0.19979538023471832,12
862,all,encoder,future/3ps/instantaneous_TDA_H2,0.18895578384399414,12
863,all,encoder,future/3ps/instantaneous_TDA_H2,0.3296796977519989,12
864,all,encoder,future/3ps/instantaneous_TDA_H2,0.25300776958465576,12
865,all,encoder,future/3ps/instantaneous_TDA_H2,0.2342892289161682,12
866,all,encoder,future/3ps/instantaneous_TDA_H2,0.18360382318496704,12
867,all,encoder,future/3ps/instantaneous_TDA_H2,0.29217666387557983,12
868,all,encoder,future/3ps/instantaneous_TDA_H2,0.24453838169574738,12
869,all,encoder,future/3ps/instantaneous_TDA_H2,0.1743069887161255,12
870,all,encoder,future/3ps/instantaneous_TDA_H2,0.27551984786987305,12
871,all,encoder,future/3ps/instantaneous_TDA_H2,0.523485004901886,12
872,all,encoder,future/3ps/instantaneous_TDA_H2,0.2233545184135437,12
873,all,encoder,future/3ps/instantaneous_TDA_H2,0.1268196851015091,12
874,all,encoder,future/3ps/instantaneous_TDA_H2,0.3095822334289551,12
884,all,encoder,future/3ps/instantaneous_TDA_H2,0.19330601394176483,12
885,all,encoder,future/3ps/instantaneous_TDA_H2,0.483852356672287,12
886,all,encoder,future/3ps/instantaneous_TDA_H2,0.37154439091682434,12
887,all,encoder,future/3ps/instantaneous_TDA_H2,0.2367018461227417,12
888,all,encoder,future/3ps/instantaneous_TDA_H2,0.18366722762584686,12
889,all,encoder,future/3ps/instantaneous_TDA_H2,0.2209528088569641,12
890,all,encoder,future/3ps/instantaneous_TDA_H2,0.5112355351448059,12
891,all,encoder,future/3ps/instantaneous_TDA_H2,0.18205499649047852,12
892,all,encoder,future/3ps/instantaneous_TDA_H2,0.24378007650375366,12
893,all,encoder,future/3ps/instantaneous_TDA_H2,0.1452309638261795,12
894,all,encoder,future/3ps/instantaneous_TDA_H2,0.3242519795894623,12
895,all,encoder,future/3ps/instantaneous_TDA_H2,0.18624715507030487,12
896,all,encoder,future/3ps/instantaneous_TDA_H2,0.17492389678955078,12
897,all,encoder,future/3ps/instantaneous_TDA_H2,0.09556129574775696,12
898,all,encoder,future/3ps/instantaneous_TDA_H2,0.10553126782178879,12
899,all,encoder,future/3ps/instantaneous_TDA_H2,0.31258949637413025,12
900,all,encoder,future/3ps/instantaneous_TDA_H2,0.16125202178955078,12
901,all,encoder,future/3ps/instantaneous_TDA_H2,0.22745351493358612,12
914,all,encoder,future/3ps/instantaneous_TDA_H2,0.280385822057724,12
915,all,encoder,future/3ps/instantaneous_TDA_H2,0.28282713890075684,12
916,all,encoder,future/3ps/instantaneous_TDA_H2,0.4649449288845062,12
917,all,encoder,future/3ps/instantaneous_TDA_H2,0.42108383774757385,12
918,all,encoder,future/3ps/instantaneous_TDA_H2,0.3063519299030304,12
919,all,encoder,future/3ps/instantaneous_TDA_H2,0.24909110367298126,12
920,all,encoder,future/3ps/instantaneous_TDA_H2,0.612135112285614,12
921,all,encoder,future/3ps/instantaneous_TDA_H2,0.29637330770492554,12
922,all,encoder,future/3ps/instantaneous_TDA_H2,0.6182407736778259,12
923,all,encoder,future/3ps/instantaneous_TDA_H2,0.28590190410614014,12
924,all,encoder,future/3ps/instantaneous_TDA_H2,0.6889122128486633,12
925,all,encoder,future/3ps/instantaneous_TDA_H2,0.26049938797950745,12
926,all,encoder,future/3ps/instantaneous_TDA_H2,0.2187040001153946,12
927,all,encoder,future/3ps/instantaneous_TDA_H2,0.3689044713973999,12
928,all,encoder,future/3ps/instantaneous_TDA_H2,0.28513452410697937,12
929,all,encoder,future/3ps/instantaneous_TDA_H2,0.5112536549568176,12
930,all,encoder,future/3ps/instantaneous_TDA_H2,0.3456658124923706,12
931,all,encoder,future/3ps/instantaneous_TDA_H2,0.20107750594615936,12
944,all,encoder,future/3ps/instantaneous_TDA_H2,0.19047600030899048,12
945,all,encoder,future/3ps/instantaneous_TDA_H2,0.3247798979282379,12
946,all,encoder,future/3ps/instantaneous_TDA_H2,0.42847299575805664,12
947,all,encoder,future/3ps/instantaneous_TDA_H2,0.5350353717803955,12
948,all,encoder,future/3ps/instantaneous_TDA_H2,0.30532822012901306,12
949,all,encoder,future/3ps/instantaneous_TDA_H2,0.2989841103553772,12
950,all,encoder,future/3ps/instantaneous_TDA_H2,0.1765490621328354,12
951,all,encoder,future/3ps/instantaneous_TDA_H2,0.3846910893917084,12
952,all,encoder,future/3ps/instantaneous_TDA_H2,0.18317075073719025,12
953,all,encoder,future/3ps/instantaneous_TDA_H2,0.5350781083106995,12
954,all,encoder,future/3ps/instantaneous_TDA_H2,0.26516684889793396,12
955,all,encoder,future/3ps/instantaneous_TDA_H2,0.2735097110271454,12
956,all,encoder,future/3ps/instantaneous_TDA_H2,0.24524269998073578,12
957,all,encoder,future/3ps/instantaneous_TDA_H2,0.44347241520881653,12
958,all,encoder,future/3ps/instantaneous_TDA_H2,0.5201159715652466,12
959,all,encoder,future/3ps/instantaneous_TDA_H2,0.3356438875198364,12
960,all,encoder,future/3ps/instantaneous_TDA_H2,0.5584953427314758,12
961,all,encoder,future/3ps/instantaneous_TDA_H2,0.5066890120506287,12
974,all,encoder,future/3ps/instantaneous_TDA_H2,0.31034037470817566,12
975,all,encoder,future/3ps/instantaneous_TDA_H2,0.44353508949279785,12
976,all,encoder,future/3ps/instantaneous_TDA_H2,0.564130961894989,12
977,all,encoder,future/3ps/instantaneous_TDA_H2,0.2600848376750946,12
978,all,encoder,future/3ps/instantaneous_TDA_H2,0.26249411702156067,12
979,all,encoder,future/3ps/instantaneous_TDA_H2,0.19743721187114716,12
980,all,encoder,future/3ps/instantaneous_TDA_H2,0.22879935801029205,12
981,all,encoder,future/3ps/instantaneous_TDA_H2,0.204515740275383,12
982,all,encoder,future/3ps/instantaneous_TDA_H2,0.11463585495948792,12
983,all,encoder,future/3ps/instantaneous_TDA_H2,0.14241337776184082,12
984,all,encoder,future/3ps/instantaneous_TDA_H2,0.1619110405445099,12
985,all,encoder,future/3ps/instantaneous_TDA_H2,0.4983518421649933,12
986,all,encoder,future/3ps/instantaneous_TDA_H2,0.11081057041883469,12
987,all,encoder,future/3ps/instantaneous_TDA_H2,0.20531655848026276,12
988,all,encoder,future/3ps/instantaneous_TDA_H2,0.1735701560974121,12
989,all,encoder,future/3ps/instantaneous_TDA_H2,0.12637844681739807,12
990,all,encoder,future/3ps/instantaneous_TDA_H2,0.2976699769496918,12
991,all,encoder,future/3ps/instantaneous_TDA_H2,0.19342339038848877,12
1004,all,encoder,future/3ps/instantaneous_TDA_H2,0.09590981155633926,12
1005,all,encoder,future/3ps/instantaneous_TDA_H2,0.5685956478118896,12
1006,all,encoder,future/3ps/instantaneous_TDA_H2,0.23712269961833954,12
860,all,persistence,future/3ps/instantaneous_TDA_H2,0.10521920770406723,12
861,all,persistence,future/3ps/instantaneous_TDA_H2,0.21088211238384247,12
862,all,persistence,future/3ps/instantaneous_TDA_H2,0.10642803460359573,12
863,all,persistence,future/3ps/instantaneous_TDA_H2,0.11281954497098923,12
864,all,persistence,future/3ps/instantaneous_TDA_H2,0.19112609326839447,12
865,all,persistence,future/3ps/instantaneous_TDA_H2,0.2078801393508911,12
866,all,persistence,future/3ps/instantaneous_TDA_H2,0.1689876914024353,12
867,all,persistence,future/3ps/instantaneous_TDA_H2,0.21380706131458282,12
868,all,persistence,future/3ps/instantaneous_TDA_H2,0.13680090010166168,12
869,all,persistence,future/3ps/instantaneous_TDA_H2,0.1583985537290573,12
870,all,persistence,future/3ps/instantaneous_TDA_H2,0.16895152628421783,12
871,all,persistence,future/3ps/instantaneous_TDA_H2,0.39439621567726135,12
872,all,persistence,future/3ps/instantaneous_TDA_H2,0.11319559812545776,12
873,all,persistence,future/3ps/instantaneous_TDA_H2,0.05229862034320831,12
874,all,persistence,future/3ps/instantaneous_TDA_H2,0.17370964586734772,12
884,all,persistence,future/3ps/instantaneous_TDA_H2,0.11591608077287674,12
885,all,persistence,future/3ps/instantaneous_TDA_H2,0.12495120614767075,12
886,all,persistence,future/3ps/instantaneous_TDA_H2,0.1854303479194641,12
887,all,persistence,future/3ps/instantaneous_TDA_H2,0.14610645174980164,12
888,all,persistence,future/3ps/instantaneous_TDA_H2,0.12447246164083481,12
889,all,persistence,future/3ps/instantaneous_TDA_H2,0.12479346990585327,12
890,all,persistence,future/3ps/instantaneous_TDA_H2,0.15253648161888123,12
891,all,persistence,future/3ps/instantaneous_TDA_H2,0.11023391038179398,12
892,all,persistence,future/3ps/instantaneous_TDA_H2,0.15417537093162537,12
893,all,persistence,future/3ps/instantaneous_TDA_H2,0.1367398053407669,12
894,all,persistence,future/3ps/instantaneous_TDA_H2,0.13785529136657715,12
895,all,persistence,future/3ps/instantaneous_TDA_H2,0.1161360815167427,12
896,all,persistence,future/3ps/instantaneous_TDA_H2,0.13336153328418732,12
897,all,persistence,future/3ps/instantaneous_TDA_H2,0.10726653784513474,12
898,all,persistence,future/3ps/instantaneous_TDA_H2,0.11558141559362411,12
899,all,persistence,future/3ps/instantaneous_TDA_H2,0.147866353392601,12
900,all,persistence,future/3ps/instantaneous_TDA_H2,0.09154877811670303,12
901,all,persistence,future/3ps/instantaneous_TDA_H2,0.16454018652439117,12
914,all,persistence,future/3ps/instantaneous_TDA_H2,0.08984167128801346,12
915,all,persistence,future/3ps/instantaneous_TDA_H2,0.09287842363119125,12
916,all,persistence,future/3ps/instantaneous_TDA_H2,0.12976627051830292,12
917,all,persistence,future/3ps/instantaneous_TDA_H2,0.11898252367973328,12
918,all,persistence,future/3ps/instantaneous_TDA_H2,0.11346573382616043,12
919,all,persistence,future/3ps/instantaneous_TDA_H2,0.09613711386919022,12
920,all,persistence,future/3ps/instantaneous_TDA_H2,0.1308794915676117,12
921,all,persistence,future/3ps/instantaneous_TDA_H2,0.12059352546930313,12
922,all,persistence,future/3ps/instantaneous_TDA_H2,0.06687472015619278,12
923,all,persistence,future/3ps/instantaneous_TDA_H2,0.06394866853952408,12
924,all,persistence,future/3ps/instantaneous_TDA_H2,0.1704886555671692,12
925,all,persistence,future/3ps/instantaneous_TDA_H2,0.07787608355283737,12
926,all,persistence,future/3ps/instantaneous_TDA_H2,0.10542913526296616,12
927,all,persistence,future/3ps/instantaneous_TDA_H2,0.1608196645975113,12
928,all,persistence,future/3ps/instantaneous_TDA_H2,0.1365828812122345,12
929,all,persistence,future/3ps/instantaneous_TDA_H2,0.1296224743127823,12
930,all,persistence,future/3ps/instantaneous_TDA_H2,0.11308514326810837,12
931,all,persistence,future/3ps/instantaneous_TDA_H2,0.12031211704015732,12
944,all,persistence,future/3ps/instantaneous_TDA_H2,0.055761922150850296,12
945,all,persistence,future/3ps/instantaneous_TDA_H2,0.10420119017362595,12
946,all,persistence,future/3ps/instantaneous_TDA_H2,0.13988171517848969,12
947,all,persistence,future/3ps/instantaneous_TDA_H2,0.08804056793451309,12
948,all,persistence,future/3ps/instantaneous_TDA_H2,0.12415536493062973,12
949,all,persistence,future/3ps/instantaneous_TDA_H2,0.11345196515321732,12
950,all,persistence,future/3ps/instantaneous_TDA_H2,0.19588808715343475,12
951,all,persistence,future/3ps/instantaneous_TDA_H2,0.1361280381679535,12
952,all,persistence,future/3ps/instantaneous_TDA_H2,0.09995215386152267,12
953,all,persistence,future/3ps/instantaneous_TDA_H2,0.27249717712402344,12
954,all,persistence,future/3ps/instantaneous_TDA_H2,0.1433301717042923,12
955,all,persistence,future/3ps/instantaneous_TDA_H2,0.0651896744966507,12
956,all,persistence,future/3ps/instantaneous_TDA_H2,0.16284345090389252,12
957,all,persistence,future/3ps/instantaneous_TDA_H2,0.15345484018325806,12
958,all,persistence,future/3ps/instantaneous_TDA_H2,0.1688276082277298,12
959,all,persistence,future/3ps/instantaneous_TDA_H2,0.11103520542383194,12
960,all,persistence,future/3ps/instantaneous_TDA_H2,0.08865070343017578,12
961,all,persistence,future/3ps/instantaneous_TDA_H2,0.13536576926708221,12
974,all,persistence,future/3ps/instantaneous_TDA_H2,0.1387665569782257,12
975,all,persistence,future/3ps/instantaneous_TDA_H2,0.10453794151544571,12
976,all,persistence,future/3ps/instantaneous_TDA_H2,0.18198151886463165,12
977,all,persistence,future/3ps/instantaneous_TDA_H2,0.13881991803646088,12
978,all,persistence,future/3ps/instantaneous_TDA_H2,0.14007645845413208,12
979,all,persistence,future/3ps/instantaneous_TDA_H2,0.14950132369995117,12
980,all,persistence,future/3ps/instantaneous_TDA_H2,0.10420850664377213,12
981,all,persistence,future/3ps/instantaneous_TDA_H2,0.11612976342439651,12
982,all,persistence,future/3ps/instantaneous_TDA_H2,0.24079714715480804,12
983,all,persistence,future/3ps/instantaneous_TDA_H2,0.10708880424499512,12
984,all,persistence,future/3ps/instantaneous_TDA_H2,0.10472070425748825,12
985,all,persistence,future/3ps/instantaneous_TDA_H2,0.1568375676870346,12
986,all,persistence,future/3ps/instantaneous_TDA_H2,0.10015401989221573,12
987,all,persistence,future/3ps/instantaneous_TDA_H2,0.2491557002067566,12
988,all,persistence,future/3ps/instantaneous_TDA_H2,0.17630703747272491,12
989,all,persistence,future/3ps/instantaneous_TDA_H2,0.11857905983924866,12
990,all,persistence,future/3ps/instantaneous_TDA_H2,0.128861203789711,12
991,all,persistence,future/3ps/instantaneous_TDA_H2,0.15276212990283966,12
1004,all,persistence,future/3ps/instantaneous_TDA_H2,0.101955346763134,12
1005,all,persistence,future/3ps/instantaneous_TDA_H2,0.11525428295135498,12
1006,all,persistence,future/3ps/instantaneous_TDA_H2,0.12219835072755814,12
860,all,encoder,delta/3ps/instantaneous_TDA_H2,0.10394659638404846,12
861,all,encoder,delta/3ps/instantaneous_TDA_H2,0.2218717485666275,12
862,all,encoder,delta/3ps/instantaneous_TDA_H2,0.11242124438285828,12
863,all,encoder,delta/3ps/instantaneous_TDA_H2,0.106789231300354,12
864,all,encoder,delta/3ps/instantaneous_TDA_H2,0.2172573357820511,12
865,all,encoder,delta/3ps/instantaneous_TDA_H2,0.2333807349205017,12
866,all,encoder,delta/3ps/instantaneous_TDA_H2,0.1774567812681198,12
867,all,encoder,delta/3ps/instantaneous_TDA_H2,0.2465674877166748,12
868,all,encoder,delta/3ps/instantaneous_TDA_H2,0.13996882736682892,12
869,all,encoder,delta/3ps/instantaneous_TDA_H2,0.1748921275138855,12
870,all,encoder,delta/3ps/instantaneous_TDA_H2,0.17449462413787842,12
871,all,encoder,delta/3ps/instantaneous_TDA_H2,0.38433969020843506,12
872,all,encoder,delta/3ps/instantaneous_TDA_H2,0.11372357606887817,12
873,all,encoder,delta/3ps/instantaneous_TDA_H2,0.05570812150835991,12
874,all,encoder,delta/3ps/instantaneous_TDA_H2,0.17052774131298065,12
884,all,encoder,delta/3ps/instantaneous_TDA_H2,0.1324705332517624,12
885,all,encoder,delta/3ps/instantaneous_TDA_H2,0.12411704659461975,12
886,all,encoder,delta/3ps/instantaneous_TDA_H2,0.1806698590517044,12
887,all,encoder,delta/3ps/instantaneous_TDA_H2,0.12928490340709686,12
888,all,encoder,delta/3ps/instantaneous_TDA_H2,0.1235695481300354,12
889,all,encoder,delta/3ps/instantaneous_TDA_H2,0.12685950100421906,12
890,all,encoder,delta/3ps/instantaneous_TDA_H2,0.1644102931022644,12
891,all,encoder,delta/3ps/instantaneous_TDA_H2,0.11926907300949097,12
892,all,encoder,delta/3ps/instantaneous_TDA_H2,0.16724587976932526,12
893,all,encoder,delta/3ps/instantaneous_TDA_H2,0.1574634462594986,12
894,all,encoder,delta/3ps/instantaneous_TDA_H2,0.1555500626564026,12
895,all,encoder,delta/3ps/instantaneous_TDA_H2,0.11780007928609848,12
896,all,encoder,delta/3ps/instantaneous_TDA_H2,0.1307162642478943,12
897,all,encoder,delta/3ps/instantaneous_TDA_H2,0.12054987996816635,12
898,all,encoder,delta/3ps/instantaneous_TDA_H2,0.1213904619216919,12
899,all,encoder,delta/3ps/instantaneous_TDA_H2,0.17812921106815338,12
900,all,encoder,delta/3ps/instantaneous_TDA_H2,0.08648336678743362,12
901,all,encoder,delta/3ps/instantaneous_TDA_H2,0.14723867177963257,12
914,all,encoder,delta/3ps/instantaneous_TDA_H2,0.08576025813817978,12
915,all,encoder,delta/3ps/instantaneous_TDA_H2,0.10525429248809814,12
916,all,encoder,delta/3ps/instantaneous_TDA_H2,0.134682759642601,12
917,all,encoder,delta/3ps/instantaneous_TDA_H2,0.12910200655460358,12
918,all,encoder,delta/3ps/instantaneous_TDA_H2,0.12179114669561386,12
919,all,encoder,delta/3ps/instantaneous_TDA_H2,0.10058653354644775,12
920,all,encoder,delta/3ps/instantaneous_TDA_H2,0.12698937952518463,12
921,all,encoder,delta/3ps/instantaneous_TDA_H2,0.11993896961212158,12
922,all,encoder,delta/3ps/instantaneous_TDA_H2,0.07168885320425034,12
923,all,encoder,delta/3ps/instantaneous_TDA_H2,0.06502095609903336,12
924,all,encoder,delta/3ps/instantaneous_TDA_H2,0.1711352914571762,12
925,all,encoder,delta/3ps/instantaneous_TDA_H2,0.07898453623056412,12
926,all,encoder,delta/3ps/instantaneous_TDA_H2,0.1059357300400734,12
927,all,encoder,delta/3ps/instantaneous_TDA_H2,0.16004981100559235,12
928,all,encoder,delta/3ps/instantaneous_TDA_H2,0.14392632246017456,12
929,all,encoder,delta/3ps/instantaneous_TDA_H2,0.13020822405815125,12
930,all,encoder,delta/3ps/instantaneous_TDA_H2,0.11412972211837769,12
931,all,encoder,delta/3ps/instantaneous_TDA_H2,0.1190231516957283,12
944,all,encoder,delta/3ps/instantaneous_TDA_H2,0.057318031787872314,12
945,all,encoder,delta/3ps/instantaneous_TDA_H2,0.10914725065231323,12
946,all,encoder,delta/3ps/instantaneous_TDA_H2,0.14072541892528534,12
947,all,encoder,delta/3ps/instantaneous_TDA_H2,0.09519633650779724,12
948,all,encoder,delta/3ps/instantaneous_TDA_H2,0.1282554715871811,12
949,all,encoder,delta/3ps/instantaneous_TDA_H2,0.12258116155862808,12
950,all,encoder,delta/3ps/instantaneous_TDA_H2,0.2014489620923996,12
951,all,encoder,delta/3ps/instantaneous_TDA_H2,0.13603830337524414,12
952,all,encoder,delta/3ps/instantaneous_TDA_H2,0.09471141546964645,12
953,all,encoder,delta/3ps/instantaneous_TDA_H2,0.23644517362117767,12
954,all,encoder,delta/3ps/instantaneous_TDA_H2,0.17431390285491943,12
955,all,encoder,delta/3ps/instantaneous_TDA_H2,0.06220845505595207,12
956,all,encoder,delta/3ps/instantaneous_TDA_H2,0.16424782574176788,12
957,all,encoder,delta/3ps/instantaneous_TDA_H2,0.14248190820217133,12
958,all,encoder,delta/3ps/instantaneous_TDA_H2,0.1557367593050003,12
959,all,encoder,delta/3ps/instantaneous_TDA_H2,0.11365609616041183,12
960,all,encoder,delta/3ps/instantaneous_TDA_H2,0.09076393395662308,12
961,all,encoder,delta/3ps/instantaneous_TDA_H2,0.1290661245584488,12
974,all,encoder,delta/3ps/instantaneous_TDA_H2,0.1312503069639206,12
975,all,encoder,delta/3ps/instantaneous_TDA_H2,0.09625370055437088,12
976,all,encoder,delta/3ps/instantaneous_TDA_H2,0.18002766370773315,12
977,all,encoder,delta/3ps/instantaneous_TDA_H2,0.14904193580150604,12
978,all,encoder,delta/3ps/instantaneous_TDA_H2,0.13384787738323212,12
979,all,encoder,delta/3ps/instantaneous_TDA_H2,0.16208219528198242,12
980,all,encoder,delta/3ps/instantaneous_TDA_H2,0.09827607125043869,12
981,all,encoder,delta/3ps/instantaneous_TDA_H2,0.12577678263187408,12
982,all,encoder,delta/3ps/instantaneous_TDA_H2,0.24154464900493622,12
983,all,encoder,delta/3ps/instantaneous_TDA_H2,0.10719660669565201,12
984,all,encoder,delta/3ps/instantaneous_TDA_H2,0.1221003606915474,12
985,all,encoder,delta/3ps/instantaneous_TDA_H2,0.16757814586162567,12
986,all,encoder,delta/3ps/instantaneous_TDA_H2,0.1066957339644432,12
987,all,encoder,delta/3ps/instantaneous_TDA_H2,0.2460039108991623,12
988,all,encoder,delta/3ps/instantaneous_TDA_H2,0.15970928966999054,12
989,all,encoder,delta/3ps/instantaneous_TDA_H2,0.10861199349164963,12
990,all,encoder,delta/3ps/instantaneous_TDA_H2,0.12774759531021118,12
991,all,encoder,delta/3ps/instantaneous_TDA_H2,0.15051519870758057,12
1004,all,encoder,delta/3ps/instantaneous_TDA_H2,0.09932830184698105,12
1005,all,encoder,delta/3ps/instantaneous_TDA_H2,0.11130087822675705,12
1006,all,encoder,delta/3ps/instantaneous_TDA_H2,0.11852327734231949,12
860,all,encoder,future/9ps/instantaneous_TDA_H2,0.18544049561023712,12
861,all,encoder,future/9ps/instantaneous_TDA_H2,0.17496614158153534,12
862,all,encoder,future/9ps/instantaneous_TDA_H2,0.1268010288476944,12
863,all,encoder,future/9ps/instantaneous_TDA_H2,0.27203938364982605,12
864,all,encoder,future/9ps/instantaneous_TDA_H2,0.2336822748184204,12
865,all,encoder,future/9ps/instantaneous_TDA_H2,0.21019385755062103,12
866,all,encoder,future/9ps/instantaneous_TDA_H2,0.1156962588429451,12
867,all,encoder,future/9ps/instantaneous_TDA_H2,0.2894788980484009,12
868,all,encoder,future/9ps/instantaneous_TDA_H2,0.248809814453125,12
869,all,encoder,future/9ps/instantaneous_TDA_H2,0.1466941386461258,12
870,all,encoder,future/9ps/instantaneous_TDA_H2,0.18837876617908478,12
871,all,encoder,future/9ps/instantaneous_TDA_H2,0.7728694081306458,12
872,all,encoder,future/9ps/instantaneous_TDA_H2,0.4177218973636627,12
873,all,encoder,future/9ps/instantaneous_TDA_H2,0.1462574154138565,12
874,all,encoder,future/9ps/instantaneous_TDA_H2,0.3242904245853424,12
884,all,encoder,future/9ps/instantaneous_TDA_H2,0.2539980113506317,12
885,all,encoder,future/9ps/instantaneous_TDA_H2,0.4616909921169281,12
886,all,encoder,future/9ps/instantaneous_TDA_H2,0.48927736282348633,12
887,all,encoder,future/9ps/instantaneous_TDA_H2,0.1802709549665451,12
888,all,encoder,future/9ps/instantaneous_TDA_H2,0.2520531117916107,12
889,all,encoder,future/9ps/instantaneous_TDA_H2,0.5711376667022705,12
890,all,encoder,future/9ps/instantaneous_TDA_H2,0.4825477600097656,12
891,all,encoder,future/9ps/instantaneous_TDA_H2,0.19238221645355225,12
892,all,encoder,future/9ps/instantaneous_TDA_H2,0.17639480531215668,12
893,all,encoder,future/9ps/instantaneous_TDA_H2,0.1498577743768692,12
894,all,encoder,future/9ps/instantaneous_TDA_H2,0.3514265716075897,12
895,all,encoder,future/9ps/instantaneous_TDA_H2,0.16069729626178741,12
896,all,encoder,future/9ps/instantaneous_TDA_H2,0.12851044535636902,12
897,all,encoder,future/9ps/instantaneous_TDA_H2,0.1412224918603897,12
898,all,encoder,future/9ps/instantaneous_TDA_H2,0.1233925148844719,12
899,all,encoder,future/9ps/instantaneous_TDA_H2,0.2628680169582367,12
900,all,encoder,future/9ps/instantaneous_TDA_H2,0.1997436285018921,12
901,all,encoder,future/9ps/instantaneous_TDA_H2,0.385729044675827,12
914,all,encoder,future/9ps/instantaneous_TDA_H2,0.44427689909935,12
915,all,encoder,future/9ps/instantaneous_TDA_H2,0.381943941116333,12
916,all,encoder,future/9ps/instantaneous_TDA_H2,0.3467491567134857,12
917,all,encoder,future/9ps/instantaneous_TDA_H2,0.3242226541042328,12
918,all,encoder,future/9ps/instantaneous_TDA_H2,0.30081942677497864,12
919,all,encoder,future/9ps/instantaneous_TDA_H2,0.1466667801141739,12
920,all,encoder,future/9ps/instantaneous_TDA_H2,0.584764301776886,12
921,all,encoder,future/9ps/instantaneous_TDA_H2,0.36208227276802063,12
922,all,encoder,future/9ps/instantaneous_TDA_H2,0.7413976788520813,12
923,all,encoder,future/9ps/instantaneous_TDA_H2,0.336652547121048,12
924,all,encoder,future/9ps/instantaneous_TDA_H2,0.8136410117149353,12
925,all,encoder,future/9ps/instantaneous_TDA_H2,0.343670517206192,12
926,all,encoder,future/9ps/instantaneous_TDA_H2,0.16216658055782318,12
927,all,encoder,future/9ps/instantaneous_TDA_H2,0.29483452439308167,12
928,all,encoder,future/9ps/instantaneous_TDA_H2,0.3476290702819824,12
929,all,encoder,future/9ps/instantaneous_TDA_H2,0.46435341238975525,12
930,all,encoder,future/9ps/instantaneous_TDA_H2,0.4383685886859894,12
931,all,encoder,future/9ps/instantaneous_TDA_H2,0.24206596612930298,12
944,all,encoder,future/9ps/instantaneous_TDA_H2,0.20248949527740479,12
945,all,encoder,future/9ps/instantaneous_TDA_H2,0.3329468369483948,12
946,all,encoder,future/9ps/instantaneous_TDA_H2,0.41349613666534424,12
947,all,encoder,future/9ps/instantaneous_TDA_H2,0.6532452702522278,12
948,all,encoder,future/9ps/instantaneous_TDA_H2,0.3327898681163788,12
949,all,encoder,future/9ps/instantaneous_TDA_H2,0.2347436398267746,12
950,all,encoder,future/9ps/instantaneous_TDA_H2,0.3819202184677124,12
951,all,encoder,future/9ps/instantaneous_TDA_H2,0.3520244061946869,12
952,all,encoder,future/9ps/instantaneous_TDA_H2,0.19924922287464142,12
953,all,encoder,future/9ps/instantaneous_TDA_H2,0.6792018413543701,12
954,all,encoder,future/9ps/instantaneous_TDA_H2,0.1720287948846817,12
955,all,encoder,future/9ps/instantaneous_TDA_H2,0.25208431482315063,12
956,all,encoder,future/9ps/instantaneous_TDA_H2,0.28981634974479675,12
957,all,encoder,future/9ps/instantaneous_TDA_H2,0.37809860706329346,12
958,all,encoder,future/9ps/instantaneous_TDA_H2,0.5084015727043152,12
959,all,encoder,future/9ps/instantaneous_TDA_H2,0.29463571310043335,12
960,all,encoder,future/9ps/instantaneous_TDA_H2,0.5418216586112976,12
961,all,encoder,future/9ps/instantaneous_TDA_H2,0.36126473546028137,12
974,all,encoder,future/9ps/instantaneous_TDA_H2,0.18856990337371826,12
975,all,encoder,future/9ps/instantaneous_TDA_H2,0.8370651602745056,12
976,all,encoder,future/9ps/instantaneous_TDA_H2,0.44572409987449646,12
977,all,encoder,future/9ps/instantaneous_TDA_H2,0.3343557119369507,12
978,all,encoder,future/9ps/instantaneous_TDA_H2,0.22933129966259003,12
979,all,encoder,future/9ps/instantaneous_TDA_H2,0.1787680834531784,12
980,all,encoder,future/9ps/instantaneous_TDA_H2,0.25365349650382996,12
981,all,encoder,future/9ps/instantaneous_TDA_H2,0.20510722696781158,12
982,all,encoder,future/9ps/instantaneous_TDA_H2,0.13861405849456787,12
983,all,encoder,future/9ps/instantaneous_TDA_H2,0.1372377723455429,12
984,all,encoder,future/9ps/instantaneous_TDA_H2,0.2285049557685852,12
985,all,encoder,future/9ps/instantaneous_TDA_H2,0.7576633095741272,12
986,all,encoder,future/9ps/instantaneous_TDA_H2,0.09324395656585693,12
987,all,encoder,future/9ps/instantaneous_TDA_H2,0.16815756261348724,12
988,all,encoder,future/9ps/instantaneous_TDA_H2,0.23081952333450317,12
989,all,encoder,future/9ps/instantaneous_TDA_H2,0.10072246193885803,12
990,all,encoder,future/9ps/instantaneous_TDA_H2,0.2249441146850586,12
991,all,encoder,future/9ps/instantaneous_TDA_H2,0.2898913323879242,12
1004,all,encoder,future/9ps/instantaneous_TDA_H2,0.16806142032146454,12
1005,all,encoder,future/9ps/instantaneous_TDA_H2,0.5596461296081543,12
1006,all,encoder,future/9ps/instantaneous_TDA_H2,0.14737652242183685,12
860,all,persistence,future/9ps/instantaneous_TDA_H2,0.0988449826836586,12
861,all,persistence,future/9ps/instantaneous_TDA_H2,0.1979859471321106,12
862,all,persistence,future/9ps/instantaneous_TDA_H2,0.1009272038936615,12
863,all,persistence,future/9ps/instantaneous_TDA_H2,0.10428627580404282,12
864,all,persistence,future/9ps/instantaneous_TDA_H2,0.14667804539203644,12
865,all,persistence,future/9ps/instantaneous_TDA_H2,0.2339903861284256,12
866,all,persistence,future/9ps/instantaneous_TDA_H2,0.16697199642658234,12
867,all,persistence,future/9ps/instantaneous_TDA_H2,0.17236505448818207,12
868,all,persistence,future/9ps/instantaneous_TDA_H2,0.4350489377975464,12
869,all,persistence,future/9ps/instantaneous_TDA_H2,0.1289830058813095,12
870,all,persistence,future/9ps/instantaneous_TDA_H2,0.1992058902978897,12
871,all,persistence,future/9ps/instantaneous_TDA_H2,0.7828578948974609,12
872,all,persistence,future/9ps/instantaneous_TDA_H2,0.2220413088798523,12
873,all,persistence,future/9ps/instantaneous_TDA_H2,0.07928118854761124,12
874,all,persistence,future/9ps/instantaneous_TDA_H2,0.12946470081806183,12
884,all,persistence,future/9ps/instantaneous_TDA_H2,0.15691086649894714,12
885,all,persistence,future/9ps/instantaneous_TDA_H2,0.11431100964546204,12
886,all,persistence,future/9ps/instantaneous_TDA_H2,0.3986745774745941,12
887,all,persistence,future/9ps/instantaneous_TDA_H2,0.11122792959213257,12
888,all,persistence,future/9ps/instantaneous_TDA_H2,0.1470382958650589,12
889,all,persistence,future/9ps/instantaneous_TDA_H2,0.40803536772727966,12
890,all,persistence,future/9ps/instantaneous_TDA_H2,0.14604441821575165,12
891,all,persistence,future/9ps/instantaneous_TDA_H2,0.15423835813999176,12
892,all,persistence,future/9ps/instantaneous_TDA_H2,0.18486928939819336,12
893,all,persistence,future/9ps/instantaneous_TDA_H2,0.12455736845731735,12
894,all,persistence,future/9ps/instantaneous_TDA_H2,0.07093393802642822,12
895,all,persistence,future/9ps/instantaneous_TDA_H2,0.1047084853053093,12
896,all,persistence,future/9ps/instantaneous_TDA_H2,0.142059788107872,12
897,all,persistence,future/9ps/instantaneous_TDA_H2,0.10685080289840698,12
898,all,persistence,future/9ps/instantaneous_TDA_H2,0.12744630873203278,12
899,all,persistence,future/9ps/instantaneous_TDA_H2,0.17208193242549896,12
900,all,persistence,future/9ps/instantaneous_TDA_H2,0.13801468908786774,12
901,all,persistence,future/9ps/instantaneous_TDA_H2,0.38284289836883545,12
914,all,persistence,future/9ps/instantaneous_TDA_H2,0.1431664079427719,12
915,all,persistence,future/9ps/instantaneous_TDA_H2,0.1227680966258049,12
916,all,persistence,future/9ps/instantaneous_TDA_H2,0.14450253546237946,12
917,all,persistence,future/9ps/instantaneous_TDA_H2,0.11350813508033752,12
918,all,persistence,future/9ps/instantaneous_TDA_H2,0.12559306621551514,12
919,all,persistence,future/9ps/instantaneous_TDA_H2,0.09757355600595474,12
920,all,persistence,future/9ps/instantaneous_TDA_H2,0.1388409435749054,12
921,all,persistence,future/9ps/instantaneous_TDA_H2,0.20490311086177826,12
922,all,persistence,future/9ps/instantaneous_TDA_H2,0.0798003152012825,12
923,all,persistence,future/9ps/instantaneous_TDA_H2,0.06406944245100021,12
924,all,persistence,future/9ps/instantaneous_TDA_H2,0.2372351437807083,12
925,all,persistence,future/9ps/instantaneous_TDA_H2,0.15732647478580475,12
926,all,persistence,future/9ps/instantaneous_TDA_H2,0.07659197598695755,12
927,all,persistence,future/9ps/instantaneous_TDA_H2,0.1314750462770462,12
928,all,persistence,future/9ps/instantaneous_TDA_H2,0.18196310102939606,12
929,all,persistence,future/9ps/instantaneous_TDA_H2,0.10107596963644028,12
930,all,persistence,future/9ps/instantaneous_TDA_H2,0.16811232268810272,12
931,all,persistence,future/9ps/instantaneous_TDA_H2,0.2622108459472656,12
944,all,persistence,future/9ps/instantaneous_TDA_H2,0.39419522881507874,12
945,all,persistence,future/9ps/instantaneous_TDA_H2,0.09237351268529892,12
946,all,persistence,future/9ps/instantaneous_TDA_H2,0.18817751109600067,12
947,all,persistence,future/9ps/instantaneous_TDA_H2,0.07474416494369507,12
948,all,persistence,future/9ps/instantaneous_TDA_H2,0.17787033319473267,12
949,all,persistence,future/9ps/instantaneous_TDA_H2,0.17425388097763062,12
950,all,persistence,future/9ps/instantaneous_TDA_H2,0.5292733907699585,12
951,all,persistence,future/9ps/instantaneous_TDA_H2,0.10022415965795517,12
952,all,persistence,future/9ps/instantaneous_TDA_H2,0.07486006617546082,12
953,all,persistence,future/9ps/instantaneous_TDA_H2,0.487078458070755,12
954,all,persistence,future/9ps/instantaneous_TDA_H2,0.14723999798297882,12
955,all,persistence,future/9ps/instantaneous_TDA_H2,0.15535829961299896,12
956,all,persistence,future/9ps/instantaneous_TDA_H2,0.28018730878829956,12
957,all,persistence,future/9ps/instantaneous_TDA_H2,0.10804110765457153,12
958,all,persistence,future/9ps/instantaneous_TDA_H2,0.09322166442871094,12
959,all,persistence,future/9ps/instantaneous_TDA_H2,0.12702564895153046,12
960,all,persistence,future/9ps/instantaneous_TDA_H2,0.11601396650075912,12
961,all,persistence,future/9ps/instantaneous_TDA_H2,0.17207539081573486,12
974,all,persistence,future/9ps/instantaneous_TDA_H2,0.12898562848567963,12
975,all,persistence,future/9ps/instantaneous_TDA_H2,0.5020360350608826,12
976,all,persistence,future/9ps/instantaneous_TDA_H2,0.14816808700561523,12
977,all,persistence,future/9ps/instantaneous_TDA_H2,0.2014562487602234,12
978,all,persistence,future/9ps/instantaneous_TDA_H2,0.22933344542980194,12
979,all,persistence,future/9ps/instantaneous_TDA_H2,0.20276421308517456,12
980,all,persistence,future/9ps/instantaneous_TDA_H2,0.14667603373527527,12
981,all,persistence,future/9ps/instantaneous_TDA_H2,0.11528167873620987,12
982,all,persistence,future/9ps/instantaneous_TDA_H2,0.32283076643943787,12
983,all,persistence,future/9ps/instantaneous_TDA_H2,0.1517128199338913,12
984,all,persistence,future/9ps/instantaneous_TDA_H2,0.1261783242225647,12
985,all,persistence,future/9ps/instantaneous_TDA_H2,0.2729935348033905,12
986,all,persistence,future/9ps/instantaneous_TDA_H2,0.09989690035581589,12
987,all,persistence,future/9ps/instantaneous_TDA_H2,0.21920712292194366,12
988,all,persistence,future/9ps/instantaneous_TDA_H2,0.1480705887079239,12
989,all,persistence,future/9ps/instantaneous_TDA_H2,0.08142606168985367,12
990,all,persistence,future/9ps/instantaneous_TDA_H2,0.08040070533752441,12
991,all,persistence,future/9ps/instantaneous_TDA_H2,0.12263812869787216,12
1004,all,persistence,future/9ps/instantaneous_TDA_H2,0.12623552978038788,12
1005,all,persistence,future/9ps/instantaneous_TDA_H2,0.14770109951496124,12
1006,all,persistence,future/9ps/instantaneous_TDA_H2,0.14902767539024353,12
860,all,encoder,delta/9ps/instantaneous_TDA_H2,0.11374169588088989,12
861,all,encoder,delta/9ps/instantaneous_TDA_H2,0.1724284142255783,12
862,all,encoder,delta/9ps/instantaneous_TDA_H2,0.10170385241508484,12
863,all,encoder,delta/9ps/instantaneous_TDA_H2,0.10143841058015823,12
864,all,encoder,delta/9ps/instantaneous_TDA_H2,0.17060153186321259,12
865,all,encoder,delta/9ps/instantaneous_TDA_H2,0.27019229531288147,12
866,all,encoder,delta/9ps/instantaneous_TDA_H2,0.1610097438097,12
867,all,encoder,delta/9ps/instantaneous_TDA_H2,0.21426774561405182,12
868,all,encoder,delta/9ps/instantaneous_TDA_H2,0.38063845038414,12
869,all,encoder,delta/9ps/instantaneous_TDA_H2,0.1520199477672577,12
870,all,encoder,delta/9ps/instantaneous_TDA_H2,0.16701780259609222,12
871,all,encoder,delta/9ps/instantaneous_TDA_H2,0.7165300250053406,12
872,all,encoder,delta/9ps/instantaneous_TDA_H2,0.22118161618709564,12
873,all,encoder,delta/9ps/instantaneous_TDA_H2,0.08295697718858719,12
874,all,encoder,delta/9ps/instantaneous_TDA_H2,0.13887959718704224,12
884,all,encoder,delta/9ps/instantaneous_TDA_H2,0.17080743610858917,12
885,all,encoder,delta/9ps/instantaneous_TDA_H2,0.11449998617172241,12
886,all,encoder,delta/9ps/instantaneous_TDA_H2,0.3856450021266937,12
887,all,encoder,delta/9ps/instantaneous_TDA_H2,0.10949847847223282,12
888,all,encoder,delta/9ps/instantaneous_TDA_H2,0.16623477637767792,12
889,all,encoder,delta/9ps/instantaneous_TDA_H2,0.36177858710289,12
890,all,encoder,delta/9ps/instantaneous_TDA_H2,0.16814292967319489,12
891,all,encoder,delta/9ps/instantaneous_TDA_H2,0.17912447452545166,12
892,all,encoder,delta/9ps/instantaneous_TDA_H2,0.19951705634593964,12
893,all,encoder,delta/9ps/instantaneous_TDA_H2,0.1773778647184372,12
894,all,encoder,delta/9ps/instantaneous_TDA_H2,0.09314516186714172,12
895,all,encoder,delta/9ps/instantaneous_TDA_H2,0.13929428160190582,12
896,all,encoder,delta/9ps/instantaneous_TDA_H2,0.16485580801963806,12
897,all,encoder,delta/9ps/instantaneous_TDA_H2,0.13180853426456451,12
898,all,encoder,delta/9ps/instantaneous_TDA_H2,0.14572013914585114,12
899,all,encoder,delta/9ps/instantaneous_TDA_H2,0.20086634159088135,12
900,all,encoder,delta/9ps/instantaneous_TDA_H2,0.13291586935520172,12
901,all,encoder,delta/9ps/instantaneous_TDA_H2,0.3288498818874359,12
914,all,encoder,delta/9ps/instantaneous_TDA_H2,0.13860656321048737,12
915,all,encoder,delta/9ps/instantaneous_TDA_H2,0.12908519804477692,12
916,all,encoder,delta/9ps/instantaneous_TDA_H2,0.15199096500873566,12
917,all,encoder,delta/9ps/instantaneous_TDA_H2,0.12008798867464066,12
918,all,encoder,delta/9ps/instantaneous_TDA_H2,0.1256188303232193,12
919,all,encoder,delta/9ps/instantaneous_TDA_H2,0.09275341033935547,12
920,all,encoder,delta/9ps/instantaneous_TDA_H2,0.14347657561302185,12
921,all,encoder,delta/9ps/instantaneous_TDA_H2,0.20451660454273224,12
922,all,encoder,delta/9ps/instantaneous_TDA_H2,0.09793133288621902,12
923,all,encoder,delta/9ps/instantaneous_TDA_H2,0.06391942501068115,12
924,all,encoder,delta/9ps/instantaneous_TDA_H2,0.22285789251327515,12
925,all,encoder,delta/9ps/instantaneous_TDA_H2,0.1675378829240799,12
926,all,encoder,delta/9ps/instantaneous_TDA_H2,0.07533812522888184,12
927,all,encoder,delta/9ps/instantaneous_TDA_H2,0.13471591472625732,12
928,all,encoder,delta/9ps/instantaneous_TDA_H2,0.19157029688358307,12
929,all,encoder,delta/9ps/instantaneous_TDA_H2,0.10921550542116165,12
930,all,encoder,delta/9ps/instantaneous_TDA_H2,0.1717754453420639,12
931,all,encoder,delta/9ps/instantaneous_TDA_H2,0.2947181761264801,12
944,all,encoder,delta/9ps/instantaneous_TDA_H2,0.3377596437931061,12
945,all,encoder,delta/9ps/instantaneous_TDA_H2,0.10406145453453064,12
946,all,encoder,delta/9ps/instantaneous_TDA_H2,0.18936435878276825,12
947,all,encoder,delta/9ps/instantaneous_TDA_H2,0.07658345252275467,12
948,all,encoder,delta/9ps/instantaneous_TDA_H2,0.18389098346233368,12
949,all,encoder,delta/9ps/instantaneous_TDA_H2,0.17839066684246063,12
950,all,encoder,delta/9ps/instantaneous_TDA_H2,0.4664187729358673,12
951,all,encoder,delta/9ps/instantaneous_TDA_H2,0.10218613594770432,12
952,all,encoder,delta/9ps/instantaneous_TDA_H2,0.07209008932113647,12
953,all,encoder,delta/9ps/instantaneous_TDA_H2,0.424810528755188,12
954,all,encoder,delta/9ps/instantaneous_TDA_H2,0.16379699110984802,12
955,all,encoder,delta/9ps/instantaneous_TDA_H2,0.15266074240207672,12
956,all,encoder,delta/9ps/instantaneous_TDA_H2,0.2641570568084717,12
957,all,encoder,delta/9ps/instantaneous_TDA_H2,0.10500050336122513,12
958,all,encoder,delta/9ps/instantaneous_TDA_H2,0.09722072631120682,12
959,all,encoder,delta/9ps/instantaneous_TDA_H2,0.12944330275058746,12
960,all,encoder,delta/9ps/instantaneous_TDA_H2,0.1230996623635292,12
961,all,encoder,delta/9ps/instantaneous_TDA_H2,0.16669054329395294,12
974,all,encoder,delta/9ps/instantaneous_TDA_H2,0.1444169133901596,12
975,all,encoder,delta/9ps/instantaneous_TDA_H2,0.4889119863510132,12
976,all,encoder,delta/9ps/instantaneous_TDA_H2,0.1551070660352707,12
977,all,encoder,delta/9ps/instantaneous_TDA_H2,0.23645897209644318,12
978,all,encoder,delta/9ps/instantaneous_TDA_H2,0.20274831354618073,12
979,all,encoder,delta/9ps/instantaneous_TDA_H2,0.20552943646907806,12
980,all,encoder,delta/9ps/instantaneous_TDA_H2,0.1411186009645462,12
981,all,encoder,delta/9ps/instantaneous_TDA_H2,0.13735242187976837,12
982,all,encoder,delta/9ps/instantaneous_TDA_H2,0.3124867379665375,12
983,all,encoder,delta/9ps/instantaneous_TDA_H2,0.1545625627040863,12
984,all,encoder,delta/9ps/instantaneous_TDA_H2,0.1684712916612625,12
985,all,encoder,delta/9ps/instantaneous_TDA_H2,0.2698638141155243,12
986,all,encoder,delta/9ps/instantaneous_TDA_H2,0.09556836634874344,12
987,all,encoder,delta/9ps/instantaneous_TDA_H2,0.22498267889022827,12
988,all,encoder,delta/9ps/instantaneous_TDA_H2,0.1479741781949997,12
989,all,encoder,delta/9ps/instantaneous_TDA_H2,0.08022624999284744,12
990,all,encoder,delta/9ps/instantaneous_TDA_H2,0.07499733567237854,12
991,all,encoder,delta/9ps/instantaneous_TDA_H2,0.11526364088058472,12
1004,all,encoder,delta/9ps/instantaneous_TDA_H2,0.131581649184227,12
1005,all,encoder,delta/9ps/instantaneous_TDA_H2,0.14076003432273865,12
1006,all,encoder,delta/9ps/instantaneous_TDA_H2,0.1403491348028183,12
860,all,encoder,present/motion_even,0.5116168260574341,12
861,all,encoder,present/motion_even,0.989281177520752,12
862,all,encoder,present/motion_even,0.9470586776733398,12
863,all,encoder,present/motion_even,0.5535539984703064,12
864,all,encoder,present/motion_even,1.0456010103225708,12
865,all,encoder,present/motion_even,0.940351665019989,12
866,all,encoder,present/motion_even,0.742469847202301,12
867,all,encoder,present/motion_even,0.9010086059570312,12
868,all,encoder,present/motion_even,1.3705896139144897,12
869,all,encoder,present/motion_even,0.9373841881752014,12
870,all,encoder,present/motion_even,1.0381569862365723,12
871,all,encoder,present/motion_even,1.287401556968689,12
872,all,encoder,present/motion_even,1.021398663520813,12
873,all,encoder,present/motion_even,1.2205278873443604,12
874,all,encoder,present/motion_even,1.8186239004135132,12
884,all,encoder,present/motion_even,0.9669870734214783,12
885,all,encoder,present/motion_even,1.301721453666687,12
886,all,encoder,present/motion_even,1.190021276473999,12
887,all,encoder,present/motion_even,1.2256404161453247,12
888,all,encoder,present/motion_even,0.8492209315299988,12
889,all,encoder,present/motion_even,1.0382707118988037,12
890,all,encoder,present/motion_even,1.1732407808303833,12
891,all,encoder,present/motion_even,1.3332746028900146,12
892,all,encoder,present/motion_even,1.5602531433105469,12
893,all,encoder,present/motion_even,1.2279095649719238,12
894,all,encoder,present/motion_even,1.1707843542099,12
895,all,encoder,present/motion_even,0.8012125492095947,12
896,all,encoder,present/motion_even,1.2170466184616089,12
897,all,encoder,present/motion_even,1.0712074041366577,12
898,all,encoder,present/motion_even,0.8695399165153503,12
899,all,encoder,present/motion_even,0.9251635670661926,12
900,all,encoder,present/motion_even,1.2735685110092163,12
901,all,encoder,present/motion_even,1.3939100503921509,12
914,all,encoder,present/motion_even,0.607818067073822,12
915,all,encoder,present/motion_even,0.950355052947998,12
916,all,encoder,present/motion_even,0.649592399597168,12
917,all,encoder,present/motion_even,0.6977202892303467,12
918,all,encoder,present/motion_even,0.8633751273155212,12
919,all,encoder,present/motion_even,1.4456151723861694,12
920,all,encoder,present/motion_even,0.7364544868469238,12
921,all,encoder,present/motion_even,0.7793920636177063,12
922,all,encoder,present/motion_even,0.8763836026191711,12
923,all,encoder,present/motion_even,0.4027288258075714,12
924,all,encoder,present/motion_even,0.7214664816856384,12
925,all,encoder,present/motion_even,0.6549494862556458,12
926,all,encoder,present/motion_even,0.9038801193237305,12
927,all,encoder,present/motion_even,1.0203680992126465,12
928,all,encoder,present/motion_even,0.824531078338623,12
929,all,encoder,present/motion_even,0.8752259612083435,12
930,all,encoder,present/motion_even,0.9098877906799316,12
931,all,encoder,present/motion_even,0.6261102557182312,12
944,all,encoder,present/motion_even,1.2588874101638794,12
945,all,encoder,present/motion_even,0.8152985572814941,12
946,all,encoder,present/motion_even,0.6909737586975098,12
947,all,encoder,present/motion_even,1.5871587991714478,12
948,all,encoder,present/motion_even,0.8506242632865906,12
949,all,encoder,present/motion_even,1.1738697290420532,12
950,all,encoder,present/motion_even,1.0961979627609253,12
951,all,encoder,present/motion_even,1.2717558145523071,12
952,all,encoder,present/motion_even,1.2419353723526,12
953,all,encoder,present/motion_even,1.0708036422729492,12
954,all,encoder,present/motion_even,1.1941410303115845,12
955,all,encoder,present/motion_even,1.1779898405075073,12
956,all,encoder,present/motion_even,0.745933473110199,12
957,all,encoder,present/motion_even,0.9102094173431396,12
958,all,encoder,present/motion_even,0.7891231179237366,12
959,all,encoder,present/motion_even,0.6199973821640015,12
960,all,encoder,present/motion_even,0.8989217281341553,12
961,all,encoder,present/motion_even,1.820967674255371,12
974,all,encoder,present/motion_even,1.1327890157699585,12
975,all,encoder,present/motion_even,1.201133370399475,12
976,all,encoder,present/motion_even,0.9599581360816956,12
977,all,encoder,present/motion_even,1.1529301404953003,12
978,all,encoder,present/motion_even,0.5840627551078796,12
979,all,encoder,present/motion_even,1.2860947847366333,12
980,all,encoder,present/motion_even,0.9132736325263977,12
981,all,encoder,present/motion_even,1.103333592414856,12
982,all,encoder,present/motion_even,0.9685501456260681,12
983,all,encoder,present/motion_even,0.7360793948173523,12
984,all,encoder,present/motion_even,0.8314509391784668,12
985,all,encoder,present/motion_even,1.117802381515503,12
986,all,encoder,present/motion_even,0.5059294104576111,12
987,all,encoder,present/motion_even,2.008836030960083,12
988,all,encoder,present/motion_even,1.0035687685012817,12
989,all,encoder,present/motion_even,0.7610873579978943,12
990,all,encoder,present/motion_even,1.3021091222763062,12
991,all,encoder,present/motion_even,0.9055430889129639,12
1004,all,encoder,present/motion_even,1.239924669265747,12
1005,all,encoder,present/motion_even,0.934084415435791,12
1006,all,encoder,present/motion_even,1.0435973405838013,12
860,all,encoder,future/0.75ps/motion_even,1.2744011878967285,12
861,all,encoder,future/0.75ps/motion_even,1.0840765237808228,12
862,all,encoder,future/0.75ps/motion_even,0.9010319113731384,12
863,all,encoder,future/0.75ps/motion_even,0.8929927349090576,12
864,all,encoder,future/0.75ps/motion_even,1.0722962617874146,12
865,all,encoder,future/0.75ps/motion_even,0.7602149844169617,12
866,all,encoder,future/0.75ps/motion_even,0.6727004647254944,12
867,all,encoder,future/0.75ps/motion_even,1.0125255584716797,12
868,all,encoder,future/0.75ps/motion_even,1.2509136199951172,12
869,all,encoder,future/0.75ps/motion_even,0.9005754590034485,12
870,all,encoder,future/0.75ps/motion_even,1.1120630502700806,12
871,all,encoder,future/0.75ps/motion_even,1.7064324617385864,12
872,all,encoder,future/0.75ps/motion_even,1.2222535610198975,12
873,all,encoder,future/0.75ps/motion_even,1.0966774225234985,12
874,all,encoder,future/0.75ps/motion_even,0.8164487481117249,12
884,all,encoder,future/0.75ps/motion_even,1.2000343799591064,12
885,all,encoder,future/0.75ps/motion_even,1.410677433013916,12
886,all,encoder,future/0.75ps/motion_even,1.177089810371399,12
887,all,encoder,future/0.75ps/motion_even,1.1565686464309692,12
888,all,encoder,future/0.75ps/motion_even,0.7354046702384949,12
889,all,encoder,future/0.75ps/motion_even,1.439278244972229,12
890,all,encoder,future/0.75ps/motion_even,1.1310914754867554,12
891,all,encoder,future/0.75ps/motion_even,1.2869337797164917,12
892,all,encoder,future/0.75ps/motion_even,1.3932318687438965,12
893,all,encoder,future/0.75ps/motion_even,1.4264451265335083,12
894,all,encoder,future/0.75ps/motion_even,0.8969636559486389,12
895,all,encoder,future/0.75ps/motion_even,1.0936030149459839,12
896,all,encoder,future/0.75ps/motion_even,1.2091305255889893,12
897,all,encoder,future/0.75ps/motion_even,0.9269695281982422,12
898,all,encoder,future/0.75ps/motion_even,0.9931393265724182,12
899,all,encoder,future/0.75ps/motion_even,0.8440966606140137,12
900,all,encoder,future/0.75ps/motion_even,1.4236407279968262,12
901,all,encoder,future/0.75ps/motion_even,1.2163625955581665,12
914,all,encoder,future/0.75ps/motion_even,0.6200791001319885,12
915,all,encoder,future/0.75ps/motion_even,1.0451918840408325,12
916,all,encoder,future/0.75ps/motion_even,0.5659664273262024,12
917,all,encoder,future/0.75ps/motion_even,0.5709158778190613,12
918,all,encoder,future/0.75ps/motion_even,0.8228347301483154,12
919,all,encoder,future/0.75ps/motion_even,1.054382085800171,12
920,all,encoder,future/0.75ps/motion_even,0.6491686701774597,12
921,all,encoder,future/0.75ps/motion_even,0.7140094637870789,12
922,all,encoder,future/0.75ps/motion_even,0.6911929249763489,12
923,all,encoder,future/0.75ps/motion_even,0.2880447506904602,12
924,all,encoder,future/0.75ps/motion_even,0.47439467906951904,12
925,all,encoder,future/0.75ps/motion_even,0.6541991829872131,12
926,all,encoder,future/0.75ps/motion_even,0.7177643179893494,12
927,all,encoder,future/0.75ps/motion_even,0.7492654919624329,12
928,all,encoder,future/0.75ps/motion_even,0.855998694896698,12
929,all,encoder,future/0.75ps/motion_even,0.7189828753471375,12
930,all,encoder,future/0.75ps/motion_even,0.689561128616333,12
931,all,encoder,future/0.75ps/motion_even,0.5436714291572571,12
944,all,encoder,future/0.75ps/motion_even,0.8482467532157898,12
945,all,encoder,future/0.75ps/motion_even,0.7155766487121582,12
946,all,encoder,future/0.75ps/motion_even,0.8984451293945312,12
947,all,encoder,future/0.75ps/motion_even,2.3209104537963867,12
948,all,encoder,future/0.75ps/motion_even,0.7868008613586426,12
949,all,encoder,future/0.75ps/motion_even,0.6919363141059875,12
950,all,encoder,future/0.75ps/motion_even,0.9980936646461487,12
951,all,encoder,future/0.75ps/motion_even,1.028806447982788,12
952,all,encoder,future/0.75ps/motion_even,1.393847942352295,12
953,all,encoder,future/0.75ps/motion_even,1.0168498754501343,12
954,all,encoder,future/0.75ps/motion_even,1.2001017332077026,12
955,all,encoder,future/0.75ps/motion_even,1.0583621263504028,12
956,all,encoder,future/0.75ps/motion_even,1.1211998462677002,12
957,all,encoder,future/0.75ps/motion_even,0.4810795783996582,12
958,all,encoder,future/0.75ps/motion_even,1.0175902843475342,12
959,all,encoder,future/0.75ps/motion_even,0.5504276156425476,12
960,all,encoder,future/0.75ps/motion_even,0.9248171448707581,12
961,all,encoder,future/0.75ps/motion_even,1.8334354162216187,12
974,all,encoder,future/0.75ps/motion_even,0.8516375422477722,12
975,all,encoder,future/0.75ps/motion_even,1.053275227546692,12
976,all,encoder,future/0.75ps/motion_even,1.2246241569519043,12
977,all,encoder,future/0.75ps/motion_even,0.7857566475868225,12
978,all,encoder,future/0.75ps/motion_even,0.502621054649353,12
979,all,encoder,future/0.75ps/motion_even,1.2674107551574707,12
980,all,encoder,future/0.75ps/motion_even,1.331294298171997,12
981,all,encoder,future/0.75ps/motion_even,0.9687713980674744,12
982,all,encoder,future/0.75ps/motion_even,0.9968736171722412,12
983,all,encoder,future/0.75ps/motion_even,1.1645026206970215,12
984,all,encoder,future/0.75ps/motion_even,1.480554223060608,12
985,all,encoder,future/0.75ps/motion_even,1.1295350790023804,12
986,all,encoder,future/0.75ps/motion_even,0.7475378513336182,12
987,all,encoder,future/0.75ps/motion_even,1.978010654449463,12
988,all,encoder,future/0.75ps/motion_even,0.9456820487976074,12
989,all,encoder,future/0.75ps/motion_even,0.6476653814315796,12
990,all,encoder,future/0.75ps/motion_even,1.4932035207748413,12
991,all,encoder,future/0.75ps/motion_even,0.7532702088356018,12
1004,all,encoder,future/0.75ps/motion_even,1.2414660453796387,12
1005,all,encoder,future/0.75ps/motion_even,1.0377994775772095,12
1006,all,encoder,future/0.75ps/motion_even,0.4478491544723511,12
860,all,persistence,future/0.75ps/motion_even,1.680793285369873,12
861,all,persistence,future/0.75ps/motion_even,1.2983471155166626,12
862,all,persistence,future/0.75ps/motion_even,2.0573441982269287,12
863,all,persistence,future/0.75ps/motion_even,0.770876944065094,12
864,all,persistence,future/0.75ps/motion_even,2.1314666271209717,12
865,all,persistence,future/0.75ps/motion_even,1.4924355745315552,12
866,all,persistence,future/0.75ps/motion_even,1.4257946014404297,12
867,all,persistence,future/0.75ps/motion_even,1.2363642454147339,12
868,all,persistence,future/0.75ps/motion_even,2.5783474445343018,12
869,all,persistence,future/0.75ps/motion_even,1.3999438285827637,12
870,all,persistence,future/0.75ps/motion_even,1.6842840909957886,12
871,all,persistence,future/0.75ps/motion_even,2.941255807876587,12
872,all,persistence,future/0.75ps/motion_even,2.1873257160186768,12
873,all,persistence,future/0.75ps/motion_even,2.0322234630584717,12
874,all,persistence,future/0.75ps/motion_even,2.9663126468658447,12
884,all,persistence,future/0.75ps/motion_even,0.5164413452148438,12
885,all,persistence,future/0.75ps/motion_even,0.8844195008277893,12
886,all,persistence,future/0.75ps/motion_even,0.676426351070404,12
887,all,persistence,future/0.75ps/motion_even,0.6588392853736877,12
888,all,persistence,future/0.75ps/motion_even,0.8925479054450989,12
889,all,persistence,future/0.75ps/motion_even,0.5724286437034607,12
890,all,persistence,future/0.75ps/motion_even,0.8057713508605957,12
891,all,persistence,future/0.75ps/motion_even,1.0617226362228394,12
892,all,persistence,future/0.75ps/motion_even,1.396073341369629,12
893,all,persistence,future/0.75ps/motion_even,1.066131353378296,12
894,all,persistence,future/0.75ps/motion_even,1.1217763423919678,12
895,all,persistence,future/0.75ps/motion_even,0.9150378108024597,12
896,all,persistence,future/0.75ps/motion_even,0.814206063747406,12
897,all,persistence,future/0.75ps/motion_even,0.6601124405860901,12
898,all,persistence,future/0.75ps/motion_even,0.6286823153495789,12
899,all,persistence,future/0.75ps/motion_even,0.8722938895225525,12
900,all,persistence,future/0.75ps/motion_even,0.8993733525276184,12
901,all,persistence,future/0.75ps/motion_even,0.9727872014045715,12
914,all,persistence,future/0.75ps/motion_even,0.8567333817481995,12
915,all,persistence,future/0.75ps/motion_even,1.7240110635757446,12
916,all,persistence,future/0.75ps/motion_even,0.8897464871406555,12
917,all,persistence,future/0.75ps/motion_even,0.8851111531257629,12
918,all,persistence,future/0.75ps/motion_even,0.7689759135246277,12
919,all,persistence,future/0.75ps/motion_even,2.304669141769409,12
920,all,persistence,future/0.75ps/motion_even,1.2531065940856934,12
921,all,persistence,future/0.75ps/motion_even,0.7372085452079773,12
922,all,persistence,future/0.75ps/motion_even,1.737330436706543,12
923,all,persistence,future/0.75ps/motion_even,0.569710373878479,12
924,all,persistence,future/0.75ps/motion_even,0.9860280156135559,12
925,all,persistence,future/0.75ps/motion_even,0.7393946647644043,12
926,all,persistence,future/0.75ps/motion_even,1.127437710762024,12
927,all,persistence,future/0.75ps/motion_even,1.2719076871871948,12
928,all,persistence,future/0.75ps/motion_even,1.475875735282898,12
929,all,persistence,future/0.75ps/motion_even,1.0012551546096802,12
930,all,persistence,future/0.75ps/motion_even,1.3292721509933472,12
931,all,persistence,future/0.75ps/motion_even,0.6169314980506897,12
944,all,persistence,future/0.75ps/motion_even,1.8119789361953735,12
945,all,persistence,future/0.75ps/motion_even,1.5898494720458984,12
946,all,persistence,future/0.75ps/motion_even,1.3640694618225098,12
947,all,persistence,future/0.75ps/motion_even,3.003002882003784,12
948,all,persistence,future/0.75ps/motion_even,1.9521750211715698,12
949,all,persistence,future/0.75ps/motion_even,2.4465410709381104,12
950,all,persistence,future/0.75ps/motion_even,2.2300426959991455,12
951,all,persistence,future/0.75ps/motion_even,2.023627758026123,12
952,all,persistence,future/0.75ps/motion_even,2.616647481918335,12
953,all,persistence,future/0.75ps/motion_even,1.7383880615234375,12
954,all,persistence,future/0.75ps/motion_even,1.848038673400879,12
955,all,persistence,future/0.75ps/motion_even,2.3457634449005127,12
956,all,persistence,future/0.75ps/motion_even,2.0053234100341797,12
957,all,persistence,future/0.75ps/motion_even,2.0145695209503174,12
958,all,persistence,future/0.75ps/motion_even,1.84981107711792,12
959,all,persistence,future/0.75ps/motion_even,1.1437240839004517,12
960,all,persistence,future/0.75ps/motion_even,1.7541346549987793,12
961,all,persistence,future/0.75ps/motion_even,3.6850650310516357,12
974,all,persistence,future/0.75ps/motion_even,1.890565037727356,12
975,all,persistence,future/0.75ps/motion_even,2.367014169692993,12
976,all,persistence,future/0.75ps/motion_even,1.4798641204833984,12
977,all,persistence,future/0.75ps/motion_even,1.8840910196304321,12
978,all,persistence,future/0.75ps/motion_even,1.1353622674942017,12
979,all,persistence,future/0.75ps/motion_even,2.172429323196411,12
980,all,persistence,future/0.75ps/motion_even,1.926904320716858,12
981,all,persistence,future/0.75ps/motion_even,1.7407671213150024,12
982,all,persistence,future/0.75ps/motion_even,1.6846922636032104,12
983,all,persistence,future/0.75ps/motion_even,2.2826192378997803,12
984,all,persistence,future/0.75ps/motion_even,2.059046983718872,12
985,all,persistence,future/0.75ps/motion_even,1.9863289594650269,12
986,all,persistence,future/0.75ps/motion_even,1.0412402153015137,12
987,all,persistence,future/0.75ps/motion_even,2.928464889526367,12
988,all,persistence,future/0.75ps/motion_even,2.035648822784424,12
989,all,persistence,future/0.75ps/motion_even,1.2219830751419067,12
990,all,persistence,future/0.75ps/motion_even,2.3588712215423584,12
991,all,persistence,future/0.75ps/motion_even,1.6756706237792969,12
1004,all,persistence,future/0.75ps/motion_even,1.8794584274291992,12
1005,all,persistence,future/0.75ps/motion_even,1.6141420602798462,12
1006,all,persistence,future/0.75ps/motion_even,1.7189828157424927,12
860,all,encoder,delta/0.75ps/motion_even,1.752125859260559,12
861,all,encoder,delta/0.75ps/motion_even,1.3189204931259155,12
862,all,encoder,delta/0.75ps/motion_even,2.0571062564849854,12
863,all,encoder,delta/0.75ps/motion_even,0.8320732712745667,12
864,all,encoder,delta/0.75ps/motion_even,2.1083528995513916,12
865,all,encoder,delta/0.75ps/motion_even,1.453359603881836,12
866,all,encoder,delta/0.75ps/motion_even,1.529056191444397,12
867,all,encoder,delta/0.75ps/motion_even,1.3005584478378296,12
868,all,encoder,delta/0.75ps/motion_even,2.598701238632202,12
869,all,encoder,delta/0.75ps/motion_even,1.411574363708496,12
870,all,encoder,delta/0.75ps/motion_even,1.7468701601028442,12
871,all,encoder,delta/0.75ps/motion_even,2.947587251663208,12
872,all,encoder,delta/0.75ps/motion_even,2.141031265258789,12
873,all,encoder,delta/0.75ps/motion_even,2.0221705436706543,12
874,all,encoder,delta/0.75ps/motion_even,2.932978630065918,12
884,all,encoder,delta/0.75ps/motion_even,0.5187307596206665,12
885,all,encoder,delta/0.75ps/motion_even,0.9436671137809753,12
886,all,encoder,delta/0.75ps/motion_even,0.6525985598564148,12
887,all,encoder,delta/0.75ps/motion_even,0.7037839293479919,12
888,all,encoder,delta/0.75ps/motion_even,0.8494048714637756,12
889,all,encoder,delta/0.75ps/motion_even,0.594024121761322,12
890,all,encoder,delta/0.75ps/motion_even,0.8211512565612793,12
891,all,encoder,delta/0.75ps/motion_even,1.109850287437439,12
892,all,encoder,delta/0.75ps/motion_even,1.4958964586257935,12
893,all,encoder,delta/0.75ps/motion_even,1.083131194114685,12
894,all,encoder,delta/0.75ps/motion_even,1.1468485593795776,12
895,all,encoder,delta/0.75ps/motion_even,0.9290844798088074,12
896,all,encoder,delta/0.75ps/motion_even,0.9064009189605713,12
897,all,encoder,delta/0.75ps/motion_even,0.684766948223114,12
898,all,encoder,delta/0.75ps/motion_even,0.6549034714698792,12
899,all,encoder,delta/0.75ps/motion_even,0.9579238891601562,12
900,all,encoder,delta/0.75ps/motion_even,0.9256381988525391,12
901,all,encoder,delta/0.75ps/motion_even,1.058434009552002,12
914,all,encoder,delta/0.75ps/motion_even,0.8684411644935608,12
915,all,encoder,delta/0.75ps/motion_even,1.742619514465332,12
916,all,encoder,delta/0.75ps/motion_even,0.8953094482421875,12
917,all,encoder,delta/0.75ps/motion_even,0.8688502311706543,12
918,all,encoder,delta/0.75ps/motion_even,0.8013510704040527,12
919,all,encoder,delta/0.75ps/motion_even,2.3030567169189453,12
920,all,encoder,delta/0.75ps/motion_even,1.2889634370803833,12
921,all,encoder,delta/0.75ps/motion_even,0.7308990359306335,12
922,all,encoder,delta/0.75ps/motion_even,1.8652607202529907,12
923,all,encoder,delta/0.75ps/motion_even,0.560194194316864,12
924,all,encoder,delta/0.75ps/motion_even,0.9930509924888611,12
925,all,encoder,delta/0.75ps/motion_even,0.755344808101654,12
926,all,encoder,delta/0.75ps/motion_even,1.1416282653808594,12
927,all,encoder,delta/0.75ps/motion_even,1.2872841358184814,12
928,all,encoder,delta/0.75ps/motion_even,1.5115962028503418,12
929,all,encoder,delta/0.75ps/motion_even,1.0250029563903809,12
930,all,encoder,delta/0.75ps/motion_even,1.3192999362945557,12
931,all,encoder,delta/0.75ps/motion_even,0.6144848465919495,12
944,all,encoder,delta/0.75ps/motion_even,1.791929841041565,12
945,all,encoder,delta/0.75ps/motion_even,1.6232305765151978,12
946,all,encoder,delta/0.75ps/motion_even,1.3624829053878784,12
947,all,encoder,delta/0.75ps/motion_even,3.0448906421661377,12
948,all,encoder,delta/0.75ps/motion_even,1.972861647605896,12
949,all,encoder,delta/0.75ps/motion_even,2.4460537433624268,12
950,all,encoder,delta/0.75ps/motion_even,2.1940765380859375,12
951,all,encoder,delta/0.75ps/motion_even,1.9971309900283813,12
952,all,encoder,delta/0.75ps/motion_even,2.57653546333313,12
953,all,encoder,delta/0.75ps/motion_even,1.7560272216796875,12
954,all,encoder,delta/0.75ps/motion_even,1.930325984954834,12
955,all,encoder,delta/0.75ps/motion_even,2.3769402503967285,12
956,all,encoder,delta/0.75ps/motion_even,2.084622621536255,12
957,all,encoder,delta/0.75ps/motion_even,1.9594050645828247,12
958,all,encoder,delta/0.75ps/motion_even,1.8633953332901,12
959,all,encoder,delta/0.75ps/motion_even,1.1751458644866943,12
960,all,encoder,delta/0.75ps/motion_even,1.6705819368362427,12
961,all,encoder,delta/0.75ps/motion_even,3.7428293228149414,12
974,all,encoder,delta/0.75ps/motion_even,1.8741124868392944,12
975,all,encoder,delta/0.75ps/motion_even,2.370356559753418,12
976,all,encoder,delta/0.75ps/motion_even,1.485181450843811,12
977,all,encoder,delta/0.75ps/motion_even,1.9086202383041382,12
978,all,encoder,delta/0.75ps/motion_even,1.1884393692016602,12
979,all,encoder,delta/0.75ps/motion_even,2.191577911376953,12
980,all,encoder,delta/0.75ps/motion_even,1.9764071702957153,12
981,all,encoder,delta/0.75ps/motion_even,1.8007978200912476,12
982,all,encoder,delta/0.75ps/motion_even,1.7155855894088745,12
983,all,encoder,delta/0.75ps/motion_even,2.315234422683716,12
984,all,encoder,delta/0.75ps/motion_even,2.0798325538635254,12
985,all,encoder,delta/0.75ps/motion_even,1.968591570854187,12
986,all,encoder,delta/0.75ps/motion_even,1.1218427419662476,12
987,all,encoder,delta/0.75ps/motion_even,2.8635904788970947,12
988,all,encoder,delta/0.75ps/motion_even,2.118588924407959,12
989,all,encoder,delta/0.75ps/motion_even,1.2558470964431763,12
990,all,encoder,delta/0.75ps/motion_even,2.312350273132324,12
991,all,encoder,delta/0.75ps/motion_even,1.6870222091674805,12
1004,all,encoder,delta/0.75ps/motion_even,1.9160884618759155,12
1005,all,encoder,delta/0.75ps/motion_even,1.5988459587097168,12
1006,all,encoder,delta/0.75ps/motion_even,1.6742877960205078,12
860,all,encoder,future/3ps/motion_even,0.9484718441963196,12
861,all,encoder,future/3ps/motion_even,1.0387471914291382,12
862,all,encoder,future/3ps/motion_even,1.12946617603302,12
863,all,encoder,future/3ps/motion_even,0.7505612373352051,12
864,all,encoder,future/3ps/motion_even,1.2023377418518066,12
865,all,encoder,future/3ps/motion_even,0.6985906958580017,12
866,all,encoder,future/3ps/motion_even,1.8632818460464478,12
867,all,encoder,future/3ps/motion_even,0.8861216902732849,12
868,all,encoder,future/3ps/motion_even,0.8518269658088684,12
869,all,encoder,future/3ps/motion_even,1.1635899543762207,12
870,all,encoder,future/3ps/motion_even,0.6485305428504944,12
871,all,encoder,future/3ps/motion_even,1.425941824913025,12
872,all,encoder,future/3ps/motion_even,1.2742494344711304,12
873,all,encoder,future/3ps/motion_even,1.7735103368759155,12
874,all,encoder,future/3ps/motion_even,1.2199411392211914,12
884,all,encoder,future/3ps/motion_even,1.4591593742370605,12
885,all,encoder,future/3ps/motion_even,0.6380677819252014,12
886,all,encoder,future/3ps/motion_even,1.519137978553772,12
887,all,encoder,future/3ps/motion_even,1.4433255195617676,12
888,all,encoder,future/3ps/motion_even,1.3181191682815552,12
889,all,encoder,future/3ps/motion_even,1.1506892442703247,12
890,all,encoder,future/3ps/motion_even,1.2630285024642944,12
891,all,encoder,future/3ps/motion_even,1.6523877382278442,12
892,all,encoder,future/3ps/motion_even,1.411716341972351,12
893,all,encoder,future/3ps/motion_even,1.1024750471115112,12
894,all,encoder,future/3ps/motion_even,1.16640043258667,12
895,all,encoder,future/3ps/motion_even,1.1573355197906494,12
896,all,encoder,future/3ps/motion_even,1.6660723686218262,12
897,all,encoder,future/3ps/motion_even,1.571599006652832,12
898,all,encoder,future/3ps/motion_even,1.6818386316299438,12
899,all,encoder,future/3ps/motion_even,1.2370553016662598,12
900,all,encoder,future/3ps/motion_even,1.0164843797683716,12
901,all,encoder,future/3ps/motion_even,1.1744279861450195,12
914,all,encoder,future/3ps/motion_even,0.40506184101104736,12
915,all,encoder,future/3ps/motion_even,0.5197396278381348,12
916,all,encoder,future/3ps/motion_even,0.6233802437782288,12
917,all,encoder,future/3ps/motion_even,0.5111582279205322,12
918,all,encoder,future/3ps/motion_even,0.8629967570304871,12
919,all,encoder,future/3ps/motion_even,0.498990535736084,12
920,all,encoder,future/3ps/motion_even,0.6550061106681824,12
921,all,encoder,future/3ps/motion_even,1.2629411220550537,12
922,all,encoder,future/3ps/motion_even,1.2754573822021484,12
923,all,encoder,future/3ps/motion_even,0.5308288335800171,12
924,all,encoder,future/3ps/motion_even,0.723897397518158,12
925,all,encoder,future/3ps/motion_even,0.5615924000740051,12
926,all,encoder,future/3ps/motion_even,0.7408735752105713,12
927,all,encoder,future/3ps/motion_even,0.8280453681945801,12
928,all,encoder,future/3ps/motion_even,0.6874753832817078,12
929,all,encoder,future/3ps/motion_even,0.6259511113166809,12
930,all,encoder,future/3ps/motion_even,0.4989049434661865,12
931,all,encoder,future/3ps/motion_even,1.0139782428741455,12
944,all,encoder,future/3ps/motion_even,0.5400417447090149,12
945,all,encoder,future/3ps/motion_even,1.1788910627365112,12
946,all,encoder,future/3ps/motion_even,0.7105572819709778,12
947,all,encoder,future/3ps/motion_even,1.4873188734054565,12
948,all,encoder,future/3ps/motion_even,0.7556588053703308,12
949,all,encoder,future/3ps/motion_even,0.8106475472450256,12
950,all,encoder,future/3ps/motion_even,0.9218581318855286,12
951,all,encoder,future/3ps/motion_even,0.9610202312469482,12
952,all,encoder,future/3ps/motion_even,0.9620120525360107,12
953,all,encoder,future/3ps/motion_even,0.9250080585479736,12
954,all,encoder,future/3ps/motion_even,0.7061644196510315,12
955,all,encoder,future/3ps/motion_even,1.1897697448730469,12
956,all,encoder,future/3ps/motion_even,0.6743631958961487,12
957,all,encoder,future/3ps/motion_even,1.1704691648483276,12
958,all,encoder,future/3ps/motion_even,0.8469051718711853,12
959,all,encoder,future/3ps/motion_even,0.6751570105552673,12
960,all,encoder,future/3ps/motion_even,0.600173830986023,12
961,all,encoder,future/3ps/motion_even,0.9314385056495667,12
974,all,encoder,future/3ps/motion_even,0.5464403033256531,12
975,all,encoder,future/3ps/motion_even,0.5675693154335022,12
976,all,encoder,future/3ps/motion_even,0.7356508374214172,12
977,all,encoder,future/3ps/motion_even,0.510539174079895,12
978,all,encoder,future/3ps/motion_even,1.2274233102798462,12
979,all,encoder,future/3ps/motion_even,0.9978281855583191,12
980,all,encoder,future/3ps/motion_even,1.2752729654312134,12
981,all,encoder,future/3ps/motion_even,0.5189575552940369,12
982,all,encoder,future/3ps/motion_even,1.0766444206237793,12
983,all,encoder,future/3ps/motion_even,1.4610987901687622,12
984,all,encoder,future/3ps/motion_even,0.8756700158119202,12
985,all,encoder,future/3ps/motion_even,1.0356242656707764,12
986,all,encoder,future/3ps/motion_even,1.2116376161575317,12
987,all,encoder,future/3ps/motion_even,1.0869395732879639,12
988,all,encoder,future/3ps/motion_even,0.7051036953926086,12
989,all,encoder,future/3ps/motion_even,1.1930580139160156,12
990,all,encoder,future/3ps/motion_even,0.660060703754425,12
991,all,encoder,future/3ps/motion_even,1.2162336111068726,12
1004,all,encoder,future/3ps/motion_even,0.6366980075836182,12
1005,all,encoder,future/3ps/motion_even,0.5666602253913879,12
1006,all,encoder,future/3ps/motion_even,0.8586487174034119,12
860,all,persistence,future/3ps/motion_even,1.4820423126220703,12
861,all,persistence,future/3ps/motion_even,1.8213410377502441,12
862,all,persistence,future/3ps/motion_even,1.9947229623794556,12
863,all,persistence,future/3ps/motion_even,0.9166703820228577,12
864,all,persistence,future/3ps/motion_even,2.546351909637451,12
865,all,persistence,future/3ps/motion_even,1.4537314176559448,12
866,all,persistence,future/3ps/motion_even,2.3384804725646973,12
867,all,persistence,future/3ps/motion_even,1.677289605140686,12
868,all,persistence,future/3ps/motion_even,1.8230834007263184,12
869,all,persistence,future/3ps/motion_even,1.4166122674942017,12
870,all,persistence,future/3ps/motion_even,1.2828980684280396,12
871,all,persistence,future/3ps/motion_even,2.0419318675994873,12
872,all,persistence,future/3ps/motion_even,2.3603668212890625,12
873,all,persistence,future/3ps/motion_even,2.674103021621704,12
874,all,persistence,future/3ps/motion_even,2.707044839859009,12
884,all,persistence,future/3ps/motion_even,0.771789014339447,12
885,all,persistence,future/3ps/motion_even,1.0010757446289062,12
886,all,persistence,future/3ps/motion_even,1.0251375436782837,12
887,all,persistence,future/3ps/motion_even,1.488986849784851,12
888,all,persistence,future/3ps/motion_even,0.7546349167823792,12
889,all,persistence,future/3ps/motion_even,0.6895902156829834,12
890,all,persistence,future/3ps/motion_even,0.8684391975402832,12
891,all,persistence,future/3ps/motion_even,0.9818730354309082,12
892,all,persistence,future/3ps/motion_even,1.198870301246643,12
893,all,persistence,future/3ps/motion_even,1.499430775642395,12
894,all,persistence,future/3ps/motion_even,0.964921236038208,12
895,all,persistence,future/3ps/motion_even,1.1475751399993896,12
896,all,persistence,future/3ps/motion_even,1.0262349843978882,12
897,all,persistence,future/3ps/motion_even,1.2878961563110352,12
898,all,persistence,future/3ps/motion_even,1.078393816947937,12
899,all,persistence,future/3ps/motion_even,1.39421546459198,12
900,all,persistence,future/3ps/motion_even,0.61079341173172,12
901,all,persistence,future/3ps/motion_even,1.4057303667068481,12
914,all,persistence,future/3ps/motion_even,0.8173683285713196,12
915,all,persistence,future/3ps/motion_even,1.159615159034729,12
916,all,persistence,future/3ps/motion_even,0.7645418047904968,12
917,all,persistence,future/3ps/motion_even,0.9288645386695862,12
918,all,persistence,future/3ps/motion_even,1.342534065246582,12
919,all,persistence,future/3ps/motion_even,1.2746540307998657,12
920,all,persistence,future/3ps/motion_even,1.1848268508911133,12
921,all,persistence,future/3ps/motion_even,1.5774353742599487,12
922,all,persistence,future/3ps/motion_even,1.5164228677749634,12
923,all,persistence,future/3ps/motion_even,1.147749423980713,12
924,all,persistence,future/3ps/motion_even,1.2402013540267944,12
925,all,persistence,future/3ps/motion_even,0.7094974517822266,12
926,all,persistence,future/3ps/motion_even,0.8011460304260254,12
927,all,persistence,future/3ps/motion_even,1.5476030111312866,12
928,all,persistence,future/3ps/motion_even,1.107170820236206,12
929,all,persistence,future/3ps/motion_even,1.4193180799484253,12
930,all,persistence,future/3ps/motion_even,1.617287278175354,12
931,all,persistence,future/3ps/motion_even,1.2015982866287231,12
944,all,persistence,future/3ps/motion_even,1.3539081811904907,12
945,all,persistence,future/3ps/motion_even,1.8944807052612305,12
946,all,persistence,future/3ps/motion_even,1.1998541355133057,12
947,all,persistence,future/3ps/motion_even,2.463583469390869,12
948,all,persistence,future/3ps/motion_even,1.4935675859451294,12
949,all,persistence,future/3ps/motion_even,1.9609503746032715,12
950,all,persistence,future/3ps/motion_even,1.6500954627990723,12
951,all,persistence,future/3ps/motion_even,2.2947137355804443,12
952,all,persistence,future/3ps/motion_even,2.4842169284820557,12
953,all,persistence,future/3ps/motion_even,2.169053792953491,12
954,all,persistence,future/3ps/motion_even,1.8675867319107056,12
955,all,persistence,future/3ps/motion_even,2.4033608436584473,12
956,all,persistence,future/3ps/motion_even,1.7705912590026855,12
957,all,persistence,future/3ps/motion_even,1.9417201280593872,12
958,all,persistence,future/3ps/motion_even,1.7080292701721191,12
959,all,persistence,future/3ps/motion_even,0.7401774525642395,12
960,all,persistence,future/3ps/motion_even,1.3606224060058594,12
961,all,persistence,future/3ps/motion_even,3.302103281021118,12
974,all,persistence,future/3ps/motion_even,1.7425435781478882,12
975,all,persistence,future/3ps/motion_even,1.7237920761108398,12
976,all,persistence,future/3ps/motion_even,1.5264867544174194,12
977,all,persistence,future/3ps/motion_even,1.587860107421875,12
978,all,persistence,future/3ps/motion_even,1.741551399230957,12
979,all,persistence,future/3ps/motion_even,2.0555739402770996,12
980,all,persistence,future/3ps/motion_even,1.419859766960144,12
981,all,persistence,future/3ps/motion_even,1.729775071144104,12
982,all,persistence,future/3ps/motion_even,2.2576067447662354,12
983,all,persistence,future/3ps/motion_even,2.2434844970703125,12
984,all,persistence,future/3ps/motion_even,1.717593789100647,12
985,all,persistence,future/3ps/motion_even,1.861014723777771,12
986,all,persistence,future/3ps/motion_even,1.3794631958007812,12
987,all,persistence,future/3ps/motion_even,2.097186326980591,12
988,all,persistence,future/3ps/motion_even,1.8031619787216187,12
989,all,persistence,future/3ps/motion_even,1.5549715757369995,12
990,all,persistence,future/3ps/motion_even,1.6279739141464233,12
991,all,persistence,future/3ps/motion_even,1.9959245920181274,12
1004,all,persistence,future/3ps/motion_even,1.6011687517166138,12
1005,all,persistence,future/3ps/motion_even,1.3998064994812012,12
1006,all,persistence,future/3ps/motion_even,1.8447424173355103,12
860,all,encoder,delta/3ps/motion_even,1.5078405141830444,12
861,all,encoder,delta/3ps/motion_even,1.9151042699813843,12
862,all,encoder,delta/3ps/motion_even,2.0838396549224854,12
863,all,encoder,delta/3ps/motion_even,0.938004732131958,12
864,all,encoder,delta/3ps/motion_even,2.6058104038238525,12
865,all,encoder,delta/3ps/motion_even,1.4691004753112793,12
866,all,encoder,delta/3ps/motion_even,2.3775956630706787,12
867,all,encoder,delta/3ps/motion_even,1.815189242362976,12
868,all,encoder,delta/3ps/motion_even,1.8851598501205444,12
869,all,encoder,delta/3ps/motion_even,1.5136088132858276,12
870,all,encoder,delta/3ps/motion_even,1.3118215799331665,12
871,all,encoder,delta/3ps/motion_even,2.00327730178833,12
872,all,encoder,delta/3ps/motion_even,2.2962934970855713,12
873,all,encoder,delta/3ps/motion_even,2.557269811630249,12
874,all,encoder,delta/3ps/motion_even,2.6483025550842285,12
884,all,encoder,delta/3ps/motion_even,0.8106730580329895,12
885,all,encoder,delta/3ps/motion_even,1.0673969984054565,12
886,all,encoder,delta/3ps/motion_even,1.0115587711334229,12
887,all,encoder,delta/3ps/motion_even,1.4264708757400513,12
888,all,encoder,delta/3ps/motion_even,0.7028172612190247,12
889,all,encoder,delta/3ps/motion_even,0.66639643907547,12
890,all,encoder,delta/3ps/motion_even,0.8880286812782288,12
891,all,encoder,delta/3ps/motion_even,1.1014477014541626,12
892,all,encoder,delta/3ps/motion_even,1.306219220161438,12
893,all,encoder,delta/3ps/motion_even,1.415313720703125,12
894,all,encoder,delta/3ps/motion_even,1.0464202165603638,12
895,all,encoder,delta/3ps/motion_even,1.237876296043396,12
896,all,encoder,delta/3ps/motion_even,1.0549906492233276,12
897,all,encoder,delta/3ps/motion_even,1.2821766138076782,12
898,all,encoder,delta/3ps/motion_even,1.0553022623062134,12
899,all,encoder,delta/3ps/motion_even,1.4689286947250366,12
900,all,encoder,delta/3ps/motion_even,0.6910941004753113,12
901,all,encoder,delta/3ps/motion_even,1.4004055261611938,12
914,all,encoder,delta/3ps/motion_even,0.8336362242698669,12
915,all,encoder,delta/3ps/motion_even,1.3305448293685913,12
916,all,encoder,delta/3ps/motion_even,0.7943577170372009,12
917,all,encoder,delta/3ps/motion_even,0.9085612297058105,12
918,all,encoder,delta/3ps/motion_even,1.3293596506118774,12
919,all,encoder,delta/3ps/motion_even,1.3184393644332886,12
920,all,encoder,delta/3ps/motion_even,1.1630102396011353,12
921,all,encoder,delta/3ps/motion_even,1.6832294464111328,12
922,all,encoder,delta/3ps/motion_even,1.6186810731887817,12
923,all,encoder,delta/3ps/motion_even,1.1085139513015747,12
924,all,encoder,delta/3ps/motion_even,1.255564570426941,12
925,all,encoder,delta/3ps/motion_even,0.7149507403373718,12
926,all,encoder,delta/3ps/motion_even,0.8386829495429993,12
927,all,encoder,delta/3ps/motion_even,1.5572494268417358,12
928,all,encoder,delta/3ps/motion_even,1.1250745058059692,12
929,all,encoder,delta/3ps/motion_even,1.449371337890625,12
930,all,encoder,delta/3ps/motion_even,1.586148738861084,12
931,all,encoder,delta/3ps/motion_even,1.1933650970458984,12
944,all,encoder,delta/3ps/motion_even,1.2996383905410767,12
945,all,encoder,delta/3ps/motion_even,1.9219937324523926,12
946,all,encoder,delta/3ps/motion_even,1.1931352615356445,12
947,all,encoder,delta/3ps/motion_even,2.4552853107452393,12
948,all,encoder,delta/3ps/motion_even,1.509201169013977,12
949,all,encoder,delta/3ps/motion_even,2.0039188861846924,12
950,all,encoder,delta/3ps/motion_even,1.5755609273910522,12
951,all,encoder,delta/3ps/motion_even,2.2560465335845947,12
952,all,encoder,delta/3ps/motion_even,2.464080333709717,12
953,all,encoder,delta/3ps/motion_even,2.0512306690216064,12
954,all,encoder,delta/3ps/motion_even,1.8618985414505005,12
955,all,encoder,delta/3ps/motion_even,2.4533681869506836,12
956,all,encoder,delta/3ps/motion_even,1.6899185180664062,12
957,all,encoder,delta/3ps/motion_even,1.9449248313903809,12
958,all,encoder,delta/3ps/motion_even,1.7110085487365723,12
959,all,encoder,delta/3ps/motion_even,0.8231834769248962,12
960,all,encoder,delta/3ps/motion_even,1.323671579360962,12
961,all,encoder,delta/3ps/motion_even,3.315828561782837,12
974,all,encoder,delta/3ps/motion_even,1.6859833002090454,12
975,all,encoder,delta/3ps/motion_even,1.7055768966674805,12
976,all,encoder,delta/3ps/motion_even,1.471449375152588,12
977,all,encoder,delta/3ps/motion_even,1.6042829751968384,12
978,all,encoder,delta/3ps/motion_even,1.822381615638733,12
979,all,encoder,delta/3ps/motion_even,2.142017126083374,12
980,all,encoder,delta/3ps/motion_even,1.4521818161010742,12
981,all,encoder,delta/3ps/motion_even,1.6857579946517944,12
982,all,encoder,delta/3ps/motion_even,2.232954740524292,12
983,all,encoder,delta/3ps/motion_even,2.170790433883667,12
984,all,encoder,delta/3ps/motion_even,1.8052730560302734,12
985,all,encoder,delta/3ps/motion_even,1.8678069114685059,12
986,all,encoder,delta/3ps/motion_even,1.4223241806030273,12
987,all,encoder,delta/3ps/motion_even,1.9681142568588257,12
988,all,encoder,delta/3ps/motion_even,1.7883790731430054,12
989,all,encoder,delta/3ps/motion_even,1.6081596612930298,12
990,all,encoder,delta/3ps/motion_even,1.576748251914978,12
991,all,encoder,delta/3ps/motion_even,2.075626850128174,12
1004,all,encoder,delta/3ps/motion_even,1.4685505628585815,12
1005,all,encoder,delta/3ps/motion_even,1.3015581369400024,12
1006,all,encoder,delta/3ps/motion_even,1.8051551580429077,12
860,all,encoder,future/9ps/motion_even,0.9931908249855042,12
861,all,encoder,future/9ps/motion_even,0.919924259185791,12
862,all,encoder,future/9ps/motion_even,1.2992478609085083,12
863,all,encoder,future/9ps/motion_even,0.9153926968574524,12
864,all,encoder,future/9ps/motion_even,1.115159511566162,12
865,all,encoder,future/9ps/motion_even,1.0195101499557495,12
866,all,encoder,future/9ps/motion_even,1.0720716714859009,12
867,all,encoder,future/9ps/motion_even,1.9817118644714355,12
868,all,encoder,future/9ps/motion_even,2.4347712993621826,12
869,all,encoder,future/9ps/motion_even,1.2519034147262573,12
870,all,encoder,future/9ps/motion_even,0.9731324315071106,12
871,all,encoder,future/9ps/motion_even,0.7074998021125793,12
872,all,encoder,future/9ps/motion_even,1.0958186388015747,12
873,all,encoder,future/9ps/motion_even,0.8994004130363464,12
874,all,encoder,future/9ps/motion_even,1.6724843978881836,12
884,all,encoder,future/9ps/motion_even,1.6488676071166992,12
885,all,encoder,future/9ps/motion_even,1.2855867147445679,12
886,all,encoder,future/9ps/motion_even,1.2018851041793823,12
887,all,encoder,future/9ps/motion_even,1.4146596193313599,12
888,all,encoder,future/9ps/motion_even,1.338800311088562,12
889,all,encoder,future/9ps/motion_even,1.4760832786560059,12
890,all,encoder,future/9ps/motion_even,1.3535032272338867,12
891,all,encoder,future/9ps/motion_even,1.5627655982971191,12
892,all,encoder,future/9ps/motion_even,1.2910819053649902,12
893,all,encoder,future/9ps/motion_even,1.5499805212020874,12
894,all,encoder,future/9ps/motion_even,1.3121460676193237,12
895,all,encoder,future/9ps/motion_even,1.007847785949707,12
896,all,encoder,future/9ps/motion_even,1.020640254020691,12
897,all,encoder,future/9ps/motion_even,1.402437686920166,12
898,all,encoder,future/9ps/motion_even,1.0295205116271973,12
899,all,encoder,future/9ps/motion_even,1.3504515886306763,12
900,all,encoder,future/9ps/motion_even,1.378182291984558,12
901,all,encoder,future/9ps/motion_even,1.4477243423461914,12
914,all,encoder,future/9ps/motion_even,0.7083060145378113,12
915,all,encoder,future/9ps/motion_even,0.5073217749595642,12
916,all,encoder,future/9ps/motion_even,0.5611334443092346,12
917,all,encoder,future/9ps/motion_even,1.4635666608810425,12
918,all,encoder,future/9ps/motion_even,0.8569807410240173,12
919,all,encoder,future/9ps/motion_even,0.7854987978935242,12
920,all,encoder,future/9ps/motion_even,0.8455141186714172,12
921,all,encoder,future/9ps/motion_even,0.641468346118927,12
922,all,encoder,future/9ps/motion_even,0.6307945847511292,12
923,all,encoder,future/9ps/motion_even,0.6692800521850586,12
924,all,encoder,future/9ps/motion_even,1.076677680015564,12
925,all,encoder,future/9ps/motion_even,0.9314887523651123,12
926,all,encoder,future/9ps/motion_even,0.6600125432014465,12
927,all,encoder,future/9ps/motion_even,0.6488627195358276,12
928,all,encoder,future/9ps/motion_even,0.672342836856842,12
929,all,encoder,future/9ps/motion_even,0.5703246593475342,12
930,all,encoder,future/9ps/motion_even,0.8181931972503662,12
931,all,encoder,future/9ps/motion_even,0.726218044757843,12
944,all,encoder,future/9ps/motion_even,0.7510358691215515,12
945,all,encoder,future/9ps/motion_even,1.1097222566604614,12
946,all,encoder,future/9ps/motion_even,1.0036399364471436,12
947,all,encoder,future/9ps/motion_even,0.760505199432373,12
948,all,encoder,future/9ps/motion_even,0.5623000264167786,12
949,all,encoder,future/9ps/motion_even,0.8517822623252869,12
950,all,encoder,future/9ps/motion_even,1.090515375137329,12
951,all,encoder,future/9ps/motion_even,0.5966957211494446,12
952,all,encoder,future/9ps/motion_even,0.46585866808891296,12
953,all,encoder,future/9ps/motion_even,0.8844814896583557,12
954,all,encoder,future/9ps/motion_even,1.1555935144424438,12
955,all,encoder,future/9ps/motion_even,0.9285449981689453,12
956,all,encoder,future/9ps/motion_even,0.9299190640449524,12
957,all,encoder,future/9ps/motion_even,0.5968398451805115,12
958,all,encoder,future/9ps/motion_even,0.9560112357139587,12
959,all,encoder,future/9ps/motion_even,1.3116775751113892,12
960,all,encoder,future/9ps/motion_even,0.6554479598999023,12
961,all,encoder,future/9ps/motion_even,0.8309881091117859,12
974,all,encoder,future/9ps/motion_even,0.7981283068656921,12
975,all,encoder,future/9ps/motion_even,0.6717422008514404,12
976,all,encoder,future/9ps/motion_even,1.1569100618362427,12
977,all,encoder,future/9ps/motion_even,1.1424916982650757,12
978,all,encoder,future/9ps/motion_even,1.3312344551086426,12
979,all,encoder,future/9ps/motion_even,1.1056891679763794,12
980,all,encoder,future/9ps/motion_even,0.978956937789917,12
981,all,encoder,future/9ps/motion_even,0.8117334246635437,12
982,all,encoder,future/9ps/motion_even,1.262229323387146,12
983,all,encoder,future/9ps/motion_even,2.216543436050415,12
984,all,encoder,future/9ps/motion_even,0.9607790112495422,12
985,all,encoder,future/9ps/motion_even,1.0527403354644775,12
986,all,encoder,future/9ps/motion_even,1.313073754310608,12
987,all,encoder,future/9ps/motion_even,0.9985536932945251,12
988,all,encoder,future/9ps/motion_even,0.945405900478363,12
989,all,encoder,future/9ps/motion_even,0.6452745795249939,12
990,all,encoder,future/9ps/motion_even,0.8122871518135071,12
991,all,encoder,future/9ps/motion_even,0.9164538383483887,12
1004,all,encoder,future/9ps/motion_even,1.1490442752838135,12
1005,all,encoder,future/9ps/motion_even,1.0900033712387085,12
1006,all,encoder,future/9ps/motion_even,1.1864532232284546,12
860,all,persistence,future/9ps/motion_even,1.559399127960205,12
861,all,persistence,future/9ps/motion_even,1.5997461080551147,12
862,all,persistence,future/9ps/motion_even,2.010420083999634,12
863,all,persistence,future/9ps/motion_even,1.2435193061828613,12
864,all,persistence,future/9ps/motion_even,2.1985390186309814,12
865,all,persistence,future/9ps/motion_even,1.956950068473816,12
866,all,persistence,future/9ps/motion_even,2.0365374088287354,12
867,all,persistence,future/9ps/motion_even,2.7933504581451416,12
868,all,persistence,future/9ps/motion_even,3.0161359310150146,12
869,all,persistence,future/9ps/motion_even,1.799707055091858,12
870,all,persistence,future/9ps/motion_even,1.5678249597549438,12
871,all,persistence,future/9ps/motion_even,1.6754931211471558,12
872,all,persistence,future/9ps/motion_even,1.711065411567688,12
873,all,persistence,future/9ps/motion_even,2.1942694187164307,12
874,all,persistence,future/9ps/motion_even,3.758333206176758,12
884,all,persistence,future/9ps/motion_even,0.8928191065788269,12
885,all,persistence,future/9ps/motion_even,0.6549372673034668,12
886,all,persistence,future/9ps/motion_even,0.8264260292053223,12
887,all,persistence,future/9ps/motion_even,0.9921600818634033,12
888,all,persistence,future/9ps/motion_even,0.7577447295188904,12
889,all,persistence,future/9ps/motion_even,1.1228007078170776,12
890,all,persistence,future/9ps/motion_even,0.8035510182380676,12
891,all,persistence,future/9ps/motion_even,1.1831284761428833,12
892,all,persistence,future/9ps/motion_even,1.6319104433059692,12
893,all,persistence,future/9ps/motion_even,1.5266242027282715,12
894,all,persistence,future/9ps/motion_even,0.9448876976966858,12
895,all,persistence,future/9ps/motion_even,1.3479156494140625,12
896,all,persistence,future/9ps/motion_even,0.8546070456504822,12
897,all,persistence,future/9ps/motion_even,0.8482956886291504,12
898,all,persistence,future/9ps/motion_even,0.798680305480957,12
899,all,persistence,future/9ps/motion_even,1.2144118547439575,12
900,all,persistence,future/9ps/motion_even,0.7769433856010437,12
901,all,persistence,future/9ps/motion_even,1.1386791467666626,12
914,all,persistence,future/9ps/motion_even,1.1209381818771362,12
915,all,persistence,future/9ps/motion_even,1.229867696762085,12
916,all,persistence,future/9ps/motion_even,0.7850525975227356,12
917,all,persistence,future/9ps/motion_even,1.9585981369018555,12
918,all,persistence,future/9ps/motion_even,0.9529282450675964,12
919,all,persistence,future/9ps/motion_even,1.8395806550979614,12
920,all,persistence,future/9ps/motion_even,1.1508451700210571,12
921,all,persistence,future/9ps/motion_even,0.7984035611152649,12
922,all,persistence,future/9ps/motion_even,1.0934975147247314,12
923,all,persistence,future/9ps/motion_even,0.8053810000419617,12
924,all,persistence,future/9ps/motion_even,1.5446261167526245,12
925,all,persistence,future/9ps/motion_even,1.0830355882644653,12
926,all,persistence,future/9ps/motion_even,1.476060390472412,12
927,all,persistence,future/9ps/motion_even,0.9047455787658691,12
928,all,persistence,future/9ps/motion_even,1.28516685962677,12
929,all,persistence,future/9ps/motion_even,1.272698998451233,12
930,all,persistence,future/9ps/motion_even,1.7973839044570923,12
931,all,persistence,future/9ps/motion_even,0.8527426719665527,12
944,all,persistence,future/9ps/motion_even,1.5263820886611938,12
945,all,persistence,future/9ps/motion_even,1.1918264627456665,12
946,all,persistence,future/9ps/motion_even,1.5264719724655151,12
947,all,persistence,future/9ps/motion_even,1.778265357017517,12
948,all,persistence,future/9ps/motion_even,1.660299301147461,12
949,all,persistence,future/9ps/motion_even,1.6954569816589355,12
950,all,persistence,future/9ps/motion_even,1.7894595861434937,12
951,all,persistence,future/9ps/motion_even,1.8890975713729858,12
952,all,persistence,future/9ps/motion_even,1.4109224081039429,12
953,all,persistence,future/9ps/motion_even,2.6403563022613525,12
954,all,persistence,future/9ps/motion_even,2.2057294845581055,12
955,all,persistence,future/9ps/motion_even,2.0716655254364014,12
956,all,persistence,future/9ps/motion_even,1.4760135412216187,12
957,all,persistence,future/9ps/motion_even,1.4332722425460815,12
958,all,persistence,future/9ps/motion_even,1.398743987083435,12
959,all,persistence,future/9ps/motion_even,1.8731919527053833,12
960,all,persistence,future/9ps/motion_even,1.4343109130859375,12
961,all,persistence,future/9ps/motion_even,2.452101230621338,12
974,all,persistence,future/9ps/motion_even,2.0733442306518555,12
975,all,persistence,future/9ps/motion_even,1.3188165426254272,12
976,all,persistence,future/9ps/motion_even,1.6785556077957153,12
977,all,persistence,future/9ps/motion_even,2.593754529953003,12
978,all,persistence,future/9ps/motion_even,1.7284173965454102,12
979,all,persistence,future/9ps/motion_even,1.9405155181884766,12
980,all,persistence,future/9ps/motion_even,1.62762451171875,12
981,all,persistence,future/9ps/motion_even,1.6586599349975586,12
982,all,persistence,future/9ps/motion_even,2.3962230682373047,12
983,all,persistence,future/9ps/motion_even,3.165351629257202,12
984,all,persistence,future/9ps/motion_even,1.7291606664657593,12
985,all,persistence,future/9ps/motion_even,1.3791033029556274,12
986,all,persistence,future/9ps/motion_even,2.070958375930786,12
987,all,persistence,future/9ps/motion_even,3.1902263164520264,12
988,all,persistence,future/9ps/motion_even,2.1159489154815674,12
989,all,persistence,future/9ps/motion_even,1.1372127532958984,12
990,all,persistence,future/9ps/motion_even,1.8804630041122437,12
991,all,persistence,future/9ps/motion_even,1.721279263496399,12
1004,all,persistence,future/9ps/motion_even,1.8155595064163208,12
1005,all,persistence,future/9ps/motion_even,1.6686264276504517,12
1006,all,persistence,future/9ps/motion_even,2.003329277038574,12
860,all,encoder,delta/9ps/motion_even,1.6157535314559937,12
861,all,encoder,delta/9ps/motion_even,1.6965726613998413,12
862,all,encoder,delta/9ps/motion_even,2.0575485229492188,12
863,all,encoder,delta/9ps/motion_even,1.3075073957443237,12
864,all,encoder,delta/9ps/motion_even,2.062584400177002,12
865,all,encoder,delta/9ps/motion_even,1.900895595550537,12
866,all,encoder,delta/9ps/motion_even,2.0771071910858154,12
867,all,encoder,delta/9ps/motion_even,2.8530006408691406,12
868,all,encoder,delta/9ps/motion_even,3.1437885761260986,12
869,all,encoder,delta/9ps/motion_even,1.768651008605957,12
870,all,encoder,delta/9ps/motion_even,1.5914191007614136,12
871,all,encoder,delta/9ps/motion_even,1.6842957735061646,12
872,all,encoder,delta/9ps/motion_even,1.6720176935195923,12
873,all,encoder,delta/9ps/motion_even,2.230860710144043,12
874,all,encoder,delta/9ps/motion_even,3.669287919998169,12
884,all,encoder,delta/9ps/motion_even,0.869267463684082,12
885,all,encoder,delta/9ps/motion_even,0.7435927391052246,12
886,all,encoder,delta/9ps/motion_even,0.8533640503883362,12
887,all,encoder,delta/9ps/motion_even,0.9389327168464661,12
888,all,encoder,delta/9ps/motion_even,0.7827221751213074,12
889,all,encoder,delta/9ps/motion_even,1.09087073802948,12
890,all,encoder,delta/9ps/motion_even,0.8426116108894348,12
891,all,encoder,delta/9ps/motion_even,1.4213711023330688,12
892,all,encoder,delta/9ps/motion_even,1.653085708618164,12
893,all,encoder,delta/9ps/motion_even,1.5269094705581665,12
894,all,encoder,delta/9ps/motion_even,0.9696907997131348,12
895,all,encoder,delta/9ps/motion_even,1.448358416557312,12
896,all,encoder,delta/9ps/motion_even,0.9552825093269348,12
897,all,encoder,delta/9ps/motion_even,0.9239707589149475,12
898,all,encoder,delta/9ps/motion_even,0.8166037201881409,12
899,all,encoder,delta/9ps/motion_even,1.3686603307724,12
900,all,encoder,delta/9ps/motion_even,0.8720753788948059,12
901,all,encoder,delta/9ps/motion_even,1.1873530149459839,12
914,all,encoder,delta/9ps/motion_even,1.0658974647521973,12
915,all,encoder,delta/9ps/motion_even,1.312156081199646,12
916,all,encoder,delta/9ps/motion_even,0.7588052153587341,12
917,all,encoder,delta/9ps/motion_even,2.0067176818847656,12
918,all,encoder,delta/9ps/motion_even,1.0318423509597778,12
919,all,encoder,delta/9ps/motion_even,1.8797035217285156,12
920,all,encoder,delta/9ps/motion_even,1.2164188623428345,12
921,all,encoder,delta/9ps/motion_even,0.7632198929786682,12
922,all,encoder,delta/9ps/motion_even,1.2408348321914673,12
923,all,encoder,delta/9ps/motion_even,0.7191795706748962,12
924,all,encoder,delta/9ps/motion_even,1.6394681930541992,12
925,all,encoder,delta/9ps/motion_even,1.1252163648605347,12
926,all,encoder,delta/9ps/motion_even,1.5908722877502441,12
927,all,encoder,delta/9ps/motion_even,0.895069420337677,12
928,all,encoder,delta/9ps/motion_even,1.3349844217300415,12
929,all,encoder,delta/9ps/motion_even,1.3228548765182495,12
930,all,encoder,delta/9ps/motion_even,1.7881053686141968,12
931,all,encoder,delta/9ps/motion_even,0.8245293498039246,12
944,all,encoder,delta/9ps/motion_even,1.4681172370910645,12
945,all,encoder,delta/9ps/motion_even,1.266424298286438,12
946,all,encoder,delta/9ps/motion_even,1.5124467611312866,12
947,all,encoder,delta/9ps/motion_even,1.6716536283493042,12
948,all,encoder,delta/9ps/motion_even,1.6477199792861938,12
949,all,encoder,delta/9ps/motion_even,1.7155998945236206,12
950,all,encoder,delta/9ps/motion_even,1.750882625579834,12
951,all,encoder,delta/9ps/motion_even,1.8929157257080078,12
952,all,encoder,delta/9ps/motion_even,1.4385498762130737,12
953,all,encoder,delta/9ps/motion_even,2.5630905628204346,12
954,all,encoder,delta/9ps/motion_even,2.2672064304351807,12
955,all,encoder,delta/9ps/motion_even,2.077225923538208,12
956,all,encoder,delta/9ps/motion_even,1.453997254371643,12
957,all,encoder,delta/9ps/motion_even,1.429290771484375,12
958,all,encoder,delta/9ps/motion_even,1.48220956325531,12
959,all,encoder,delta/9ps/motion_even,2.013934850692749,12
960,all,encoder,delta/9ps/motion_even,1.4016247987747192,12
961,all,encoder,delta/9ps/motion_even,2.491347312927246,12
974,all,encoder,delta/9ps/motion_even,2.027435779571533,12
975,all,encoder,delta/9ps/motion_even,1.3238515853881836,12
976,all,encoder,delta/9ps/motion_even,1.7163439989089966,12
977,all,encoder,delta/9ps/motion_even,2.591027021408081,12
978,all,encoder,delta/9ps/motion_even,1.7403942346572876,12
979,all,encoder,delta/9ps/motion_even,2.017026662826538,12
980,all,encoder,delta/9ps/motion_even,1.6331371068954468,12
981,all,encoder,delta/9ps/motion_even,1.6632075309753418,12
982,all,encoder,delta/9ps/motion_even,2.4043543338775635,12
983,all,encoder,delta/9ps/motion_even,3.127647638320923,12
984,all,encoder,delta/9ps/motion_even,1.7588545083999634,12
985,all,encoder,delta/9ps/motion_even,1.3348383903503418,12
986,all,encoder,delta/9ps/motion_even,2.0612542629241943,12
987,all,encoder,delta/9ps/motion_even,3.030245542526245,12
988,all,encoder,delta/9ps/motion_even,2.1256911754608154,12
989,all,encoder,delta/9ps/motion_even,1.1939470767974854,12
990,all,encoder,delta/9ps/motion_even,1.885470986366272,12
991,all,encoder,delta/9ps/motion_even,1.710377812385559,12
1004,all,encoder,delta/9ps/motion_even,1.786800742149353,12
1005,all,encoder,delta/9ps/motion_even,1.6665204763412476,12
1006,all,encoder,delta/9ps/motion_even,1.9697742462158203,12
860,all,encoder,present/motion_odd,1.3335505723953247,12
861,all,encoder,present/motion_odd,0.88570636510849,12
862,all,encoder,present/motion_odd,0.7537341117858887,12
863,all,encoder,present/motion_odd,0.8387987017631531,12
864,all,encoder,present/motion_odd,1.0020947456359863,12
865,all,encoder,present/motion_odd,0.6803247928619385,12
866,all,encoder,present/motion_odd,1.0793370008468628,12
867,all,encoder,present/motion_odd,1.4918261766433716,12
868,all,encoder,present/motion_odd,1.2244197130203247,12
869,all,encoder,present/motion_odd,1.1081544160842896,12
870,all,encoder,present/motion_odd,1.1101423501968384,12
871,all,encoder,present/motion_odd,1.0470067262649536,12
872,all,encoder,present/motion_odd,1.229793667793274,12
873,all,encoder,present/motion_odd,1.3449641466140747,12
874,all,encoder,present/motion_odd,0.6570802330970764,12
884,all,encoder,present/motion_odd,0.6509488821029663,12
885,all,encoder,present/motion_odd,0.5934821963310242,12
886,all,encoder,present/motion_odd,0.5001543760299683,12
887,all,encoder,present/motion_odd,0.6287135481834412,12
888,all,encoder,present/motion_odd,0.44956812262535095,12
889,all,encoder,present/motion_odd,0.5914954543113708,12
890,all,encoder,present/motion_odd,0.8540807366371155,12
891,all,encoder,present/motion_odd,0.9845911860466003,12
892,all,encoder,present/motion_odd,1.2002050876617432,12
893,all,encoder,present/motion_odd,0.6540512442588806,12
894,all,encoder,present/motion_odd,0.6901388764381409,12
895,all,encoder,present/motion_odd,0.7815015316009521,12
896,all,encoder,present/motion_odd,0.7172961831092834,12
897,all,encoder,present/motion_odd,0.4306997060775757,12
898,all,encoder,present/motion_odd,0.38235732913017273,12
899,all,encoder,present/motion_odd,0.9354603290557861,12
900,all,encoder,present/motion_odd,0.8218278288841248,12
901,all,encoder,present/motion_odd,0.921765148639679,12
914,all,encoder,present/motion_odd,0.4954787790775299,12
915,all,encoder,present/motion_odd,0.8598995208740234,12
916,all,encoder,present/motion_odd,0.7665603160858154,12
917,all,encoder,present/motion_odd,0.9401164650917053,12
918,all,encoder,present/motion_odd,0.47382476925849915,12
919,all,encoder,present/motion_odd,1.6929367780685425,12
920,all,encoder,present/motion_odd,0.6267746686935425,12
921,all,encoder,present/motion_odd,0.5956096053123474,12
922,all,encoder,present/motion_odd,0.9159256815910339,12
923,all,encoder,present/motion_odd,1.168936848640442,12
924,all,encoder,present/motion_odd,0.9212411046028137,12
925,all,encoder,present/motion_odd,1.1322959661483765,12
926,all,encoder,present/motion_odd,0.5051889419555664,12
927,all,encoder,present/motion_odd,0.7911685109138489,12
928,all,encoder,present/motion_odd,0.7775463461875916,12
929,all,encoder,present/motion_odd,1.0129722356796265,12
930,all,encoder,present/motion_odd,0.6309837698936462,12
931,all,encoder,present/motion_odd,0.8165664672851562,12
944,all,encoder,present/motion_odd,0.8860847353935242,12
945,all,encoder,present/motion_odd,1.233755111694336,12
946,all,encoder,present/motion_odd,0.8068727850914001,12
947,all,encoder,present/motion_odd,1.6138049364089966,12
948,all,encoder,present/motion_odd,1.0406588315963745,12
949,all,encoder,present/motion_odd,0.6428400278091431,12
950,all,encoder,present/motion_odd,1.0467603206634521,12
951,all,encoder,present/motion_odd,1.5535597801208496,12
952,all,encoder,present/motion_odd,1.4334591627120972,12
953,all,encoder,present/motion_odd,1.3414583206176758,12
954,all,encoder,present/motion_odd,0.875415027141571,12
955,all,encoder,present/motion_odd,1.005732774734497,12
956,all,encoder,present/motion_odd,0.5433176159858704,12
957,all,encoder,present/motion_odd,1.820457100868225,12
958,all,encoder,present/motion_odd,1.3347344398498535,12
959,all,encoder,present/motion_odd,0.9647981524467468,12
960,all,encoder,present/motion_odd,1.4893813133239746,12
961,all,encoder,present/motion_odd,1.4777132272720337,12
974,all,encoder,present/motion_odd,0.790511429309845,12
975,all,encoder,present/motion_odd,0.5938514471054077,12
976,all,encoder,present/motion_odd,0.8144726753234863,12
977,all,encoder,present/motion_odd,1.4521526098251343,12
978,all,encoder,present/motion_odd,1.3629660606384277,12
979,all,encoder,present/motion_odd,2.4966604709625244,12
980,all,encoder,present/motion_odd,0.6888954639434814,12
981,all,encoder,present/motion_odd,0.8006271719932556,12
982,all,encoder,present/motion_odd,0.7744839787483215,12
983,all,encoder,present/motion_odd,0.8459291458129883,12
984,all,encoder,present/motion_odd,1.2448910474777222,12
985,all,encoder,present/motion_odd,1.1473923921585083,12
986,all,encoder,present/motion_odd,0.8947585225105286,12
987,all,encoder,present/motion_odd,2.0316858291625977,12
988,all,encoder,present/motion_odd,0.9492766857147217,12
989,all,encoder,present/motion_odd,0.5263182520866394,12
990,all,encoder,present/motion_odd,1.7214850187301636,12
991,all,encoder,present/motion_odd,1.587423324584961,12
1004,all,encoder,present/motion_odd,1.8752031326293945,12
1005,all,encoder,present/motion_odd,0.6621073484420776,12
1006,all,encoder,present/motion_odd,1.1910947561264038,12
860,all,encoder,future/0.75ps/motion_odd,0.9646880626678467,12
861,all,encoder,future/0.75ps/motion_odd,0.9360125660896301,12
862,all,encoder,future/0.75ps/motion_odd,0.7719740867614746,12
863,all,encoder,future/0.75ps/motion_odd,0.8042623400688171,12
864,all,encoder,future/0.75ps/motion_odd,1.1160115003585815,12
865,all,encoder,future/0.75ps/motion_odd,0.8241516947746277,12
866,all,encoder,future/0.75ps/motion_odd,1.0365616083145142,12
867,all,encoder,future/0.75ps/motion_odd,1.1954456567764282,12
868,all,encoder,future/0.75ps/motion_odd,1.2368568181991577,12
869,all,encoder,future/0.75ps/motion_odd,1.236476182937622,12
870,all,encoder,future/0.75ps/motion_odd,0.6779153943061829,12
871,all,encoder,future/0.75ps/motion_odd,1.0821353197097778,12
872,all,encoder,future/0.75ps/motion_odd,0.8634006381034851,12
873,all,encoder,future/0.75ps/motion_odd,1.1182315349578857,12
874,all,encoder,future/0.75ps/motion_odd,0.825132429599762,12
884,all,encoder,future/0.75ps/motion_odd,0.7910880446434021,12
885,all,encoder,future/0.75ps/motion_odd,0.48434701561927795,12
886,all,encoder,future/0.75ps/motion_odd,0.5885770320892334,12
887,all,encoder,future/0.75ps/motion_odd,0.4378928244113922,12
888,all,encoder,future/0.75ps/motion_odd,0.7554493546485901,12
889,all,encoder,future/0.75ps/motion_odd,0.5333452224731445,12
890,all,encoder,future/0.75ps/motion_odd,0.6683955192565918,12
891,all,encoder,future/0.75ps/motion_odd,0.9081202149391174,12
892,all,encoder,future/0.75ps/motion_odd,0.5682606101036072,12
893,all,encoder,future/0.75ps/motion_odd,0.7493826746940613,12
894,all,encoder,future/0.75ps/motion_odd,0.6152722239494324,12
895,all,encoder,future/0.75ps/motion_odd,1.0660587549209595,12
896,all,encoder,future/0.75ps/motion_odd,0.4882923364639282,12
897,all,encoder,future/0.75ps/motion_odd,0.8519932627677917,12
898,all,encoder,future/0.75ps/motion_odd,0.4741111695766449,12
899,all,encoder,future/0.75ps/motion_odd,0.40166404843330383,12
900,all,encoder,future/0.75ps/motion_odd,0.9307432770729065,12
901,all,encoder,future/0.75ps/motion_odd,1.0738507509231567,12
914,all,encoder,future/0.75ps/motion_odd,0.5036419630050659,12
915,all,encoder,future/0.75ps/motion_odd,0.9005720615386963,12
916,all,encoder,future/0.75ps/motion_odd,0.9748805165290833,12
917,all,encoder,future/0.75ps/motion_odd,0.8015811443328857,12
918,all,encoder,future/0.75ps/motion_odd,0.6080061197280884,12
919,all,encoder,future/0.75ps/motion_odd,1.0542033910751343,12
920,all,encoder,future/0.75ps/motion_odd,0.6717679500579834,12
921,all,encoder,future/0.75ps/motion_odd,0.6011313796043396,12
922,all,encoder,future/0.75ps/motion_odd,0.6988747715950012,12
923,all,encoder,future/0.75ps/motion_odd,0.82563716173172,12
924,all,encoder,future/0.75ps/motion_odd,1.2431137561798096,12
925,all,encoder,future/0.75ps/motion_odd,1.1204503774642944,12
926,all,encoder,future/0.75ps/motion_odd,0.462312787771225,12
927,all,encoder,future/0.75ps/motion_odd,0.7033461928367615,12
928,all,encoder,future/0.75ps/motion_odd,0.9947653412818909,12
929,all,encoder,future/0.75ps/motion_odd,0.9684930443763733,12
930,all,encoder,future/0.75ps/motion_odd,0.7584884762763977,12
931,all,encoder,future/0.75ps/motion_odd,0.9712347388267517,12
944,all,encoder,future/0.75ps/motion_odd,0.9734244346618652,12
945,all,encoder,future/0.75ps/motion_odd,1.52509343624115,12
946,all,encoder,future/0.75ps/motion_odd,1.2417083978652954,12
947,all,encoder,future/0.75ps/motion_odd,2.213130235671997,12
948,all,encoder,future/0.75ps/motion_odd,1.6862584352493286,12
949,all,encoder,future/0.75ps/motion_odd,1.1350821256637573,12
950,all,encoder,future/0.75ps/motion_odd,1.0564056634902954,12
951,all,encoder,future/0.75ps/motion_odd,0.9755962491035461,12
952,all,encoder,future/0.75ps/motion_odd,2.2388603687286377,12
953,all,encoder,future/0.75ps/motion_odd,1.2133822441101074,12
954,all,encoder,future/0.75ps/motion_odd,0.6457421183586121,12
955,all,encoder,future/0.75ps/motion_odd,0.8944034576416016,12
956,all,encoder,future/0.75ps/motion_odd,0.5006038546562195,12
957,all,encoder,future/0.75ps/motion_odd,0.9290875792503357,12
958,all,encoder,future/0.75ps/motion_odd,0.8822050094604492,12
959,all,encoder,future/0.75ps/motion_odd,0.6993024945259094,12
960,all,encoder,future/0.75ps/motion_odd,1.4247995615005493,12
961,all,encoder,future/0.75ps/motion_odd,1.5984715223312378,12
974,all,encoder,future/0.75ps/motion_odd,0.7707417011260986,12
975,all,encoder,future/0.75ps/motion_odd,0.7467814087867737,12
976,all,encoder,future/0.75ps/motion_odd,1.0658339262008667,12
977,all,encoder,future/0.75ps/motion_odd,1.858035683631897,12
978,all,encoder,future/0.75ps/motion_odd,1.1377652883529663,12
979,all,encoder,future/0.75ps/motion_odd,2.553619623184204,12
980,all,encoder,future/0.75ps/motion_odd,0.7344889044761658,12
981,all,encoder,future/0.75ps/motion_odd,1.0582185983657837,12
982,all,encoder,future/0.75ps/motion_odd,1.1022238731384277,12
983,all,encoder,future/0.75ps/motion_odd,1.415585994720459,12
984,all,encoder,future/0.75ps/motion_odd,2.5230872631073,12
985,all,encoder,future/0.75ps/motion_odd,0.9226171970367432,12
986,all,encoder,future/0.75ps/motion_odd,1.3901516199111938,12
987,all,encoder,future/0.75ps/motion_odd,1.8727120161056519,12
988,all,encoder,future/0.75ps/motion_odd,0.7055848240852356,12
989,all,encoder,future/0.75ps/motion_odd,0.473728746175766,12
990,all,encoder,future/0.75ps/motion_odd,1.9766126871109009,12
991,all,encoder,future/0.75ps/motion_odd,0.9563868641853333,12
1004,all,encoder,future/0.75ps/motion_odd,1.7551922798156738,12
1005,all,encoder,future/0.75ps/motion_odd,1.1765705347061157,12
1006,all,encoder,future/0.75ps/motion_odd,1.0595567226409912,12
860,all,persistence,future/0.75ps/motion_odd,3.1121301651000977,12
861,all,persistence,future/0.75ps/motion_odd,1.6950401067733765,12
862,all,persistence,future/0.75ps/motion_odd,1.8935140371322632,12
863,all,persistence,future/0.75ps/motion_odd,1.8516703844070435,12
864,all,persistence,future/0.75ps/motion_odd,2.7535009384155273,12
865,all,persistence,future/0.75ps/motion_odd,1.8068403005599976,12
866,all,persistence,future/0.75ps/motion_odd,2.872476577758789,12
867,all,persistence,future/0.75ps/motion_odd,2.09203839302063,12
868,all,persistence,future/0.75ps/motion_odd,2.991318941116333,12
869,all,persistence,future/0.75ps/motion_odd,2.775527238845825,12
870,all,persistence,future/0.75ps/motion_odd,0.9424834847450256,12
871,all,persistence,future/0.75ps/motion_odd,1.607877254486084,12
872,all,persistence,future/0.75ps/motion_odd,1.4581314325332642,12
873,all,persistence,future/0.75ps/motion_odd,2.780041456222534,12
874,all,persistence,future/0.75ps/motion_odd,1.4195551872253418,12
884,all,persistence,future/0.75ps/motion_odd,1.3574262857437134,12
885,all,persistence,future/0.75ps/motion_odd,1.0255823135375977,12
886,all,persistence,future/0.75ps/motion_odd,0.9000988602638245,12
887,all,persistence,future/0.75ps/motion_odd,1.2754307985305786,12
888,all,persistence,future/0.75ps/motion_odd,1.5215085744857788,12
889,all,persistence,future/0.75ps/motion_odd,0.38790610432624817,12
890,all,persistence,future/0.75ps/motion_odd,0.8355030417442322,12
891,all,persistence,future/0.75ps/motion_odd,2.5700843334198,12
892,all,persistence,future/0.75ps/motion_odd,1.8198128938674927,12
893,all,persistence,future/0.75ps/motion_odd,1.682472586631775,12
894,all,persistence,future/0.75ps/motion_odd,1.3833141326904297,12
895,all,persistence,future/0.75ps/motion_odd,2.541771173477173,12
896,all,persistence,future/0.75ps/motion_odd,1.2566338777542114,12
897,all,persistence,future/0.75ps/motion_odd,1.530550479888916,12
898,all,persistence,future/0.75ps/motion_odd,0.8597686290740967,12
899,all,persistence,future/0.75ps/motion_odd,1.9701496362686157,12
900,all,persistence,future/0.75ps/motion_odd,2.4791371822357178,12
901,all,persistence,future/0.75ps/motion_odd,2.373847723007202,12
914,all,persistence,future/0.75ps/motion_odd,1.19571053981781,12
915,all,persistence,future/0.75ps/motion_odd,1.841415286064148,12
916,all,persistence,future/0.75ps/motion_odd,1.6215299367904663,12
917,all,persistence,future/0.75ps/motion_odd,1.618859887123108,12
918,all,persistence,future/0.75ps/motion_odd,0.9331367015838623,12
919,all,persistence,future/0.75ps/motion_odd,2.7493622303009033,12
920,all,persistence,future/0.75ps/motion_odd,1.0187379121780396,12
921,all,persistence,future/0.75ps/motion_odd,1.0913828611373901,12
922,all,persistence,future/0.75ps/motion_odd,1.2449061870574951,12
923,all,persistence,future/0.75ps/motion_odd,2.3122284412384033,12
924,all,persistence,future/0.75ps/motion_odd,1.697231650352478,12
925,all,persistence,future/0.75ps/motion_odd,2.6012356281280518,12
926,all,persistence,future/0.75ps/motion_odd,0.8432459831237793,12
927,all,persistence,future/0.75ps/motion_odd,1.5640130043029785,12
928,all,persistence,future/0.75ps/motion_odd,2.320782423019409,12
929,all,persistence,future/0.75ps/motion_odd,1.103355050086975,12
930,all,persistence,future/0.75ps/motion_odd,0.6703455448150635,12
931,all,persistence,future/0.75ps/motion_odd,2.4459331035614014,12
944,all,persistence,future/0.75ps/motion_odd,2.4805891513824463,12
945,all,persistence,future/0.75ps/motion_odd,2.273627519607544,12
946,all,persistence,future/0.75ps/motion_odd,1.8279908895492554,12
947,all,persistence,future/0.75ps/motion_odd,4.1790876388549805,12
948,all,persistence,future/0.75ps/motion_odd,2.4758200645446777,12
949,all,persistence,future/0.75ps/motion_odd,2.1654646396636963,12
950,all,persistence,future/0.75ps/motion_odd,2.5575690269470215,12
951,all,persistence,future/0.75ps/motion_odd,3.097616195678711,12
952,all,persistence,future/0.75ps/motion_odd,3.1004695892333984,12
953,all,persistence,future/0.75ps/motion_odd,2.848949670791626,12
954,all,persistence,future/0.75ps/motion_odd,1.2519927024841309,12
955,all,persistence,future/0.75ps/motion_odd,2.3161721229553223,12
956,all,persistence,future/0.75ps/motion_odd,0.8279090523719788,12
957,all,persistence,future/0.75ps/motion_odd,1.7160991430282593,12
958,all,persistence,future/0.75ps/motion_odd,1.617108702659607,12
959,all,persistence,future/0.75ps/motion_odd,2.073085069656372,12
960,all,persistence,future/0.75ps/motion_odd,2.285447835922241,12
961,all,persistence,future/0.75ps/motion_odd,3.4367799758911133,12
974,all,persistence,future/0.75ps/motion_odd,1.7985721826553345,12
975,all,persistence,future/0.75ps/motion_odd,1.2643764019012451,12
976,all,persistence,future/0.75ps/motion_odd,1.3046517372131348,12
977,all,persistence,future/0.75ps/motion_odd,2.3818721771240234,12
978,all,persistence,future/0.75ps/motion_odd,1.900464653968811,12
979,all,persistence,future/0.75ps/motion_odd,5.022667407989502,12
980,all,persistence,future/0.75ps/motion_odd,1.3053921461105347,12
981,all,persistence,future/0.75ps/motion_odd,1.6482858657836914,12
982,all,persistence,future/0.75ps/motion_odd,2.099695920944214,12
983,all,persistence,future/0.75ps/motion_odd,3.208340883255005,12
984,all,persistence,future/0.75ps/motion_odd,2.6406571865081787,12
985,all,persistence,future/0.75ps/motion_odd,2.3877463340759277,12
986,all,persistence,future/0.75ps/motion_odd,2.091461181640625,12
987,all,persistence,future/0.75ps/motion_odd,2.797959566116333,12
988,all,persistence,future/0.75ps/motion_odd,1.8494511842727661,12
989,all,persistence,future/0.75ps/motion_odd,0.9082663059234619,12
990,all,persistence,future/0.75ps/motion_odd,5.685351848602295,12
991,all,persistence,future/0.75ps/motion_odd,2.0592639446258545,12
1004,all,persistence,future/0.75ps/motion_odd,1.9795361757278442,12
1005,all,persistence,future/0.75ps/motion_odd,2.420515775680542,12
1006,all,persistence,future/0.75ps/motion_odd,1.816987156867981,12
860,all,encoder,delta/0.75ps/motion_odd,3.1875715255737305,12
861,all,encoder,delta/0.75ps/motion_odd,1.789002776145935,12
862,all,encoder,delta/0.75ps/motion_odd,1.8531179428100586,12
863,all,encoder,delta/0.75ps/motion_odd,1.8954153060913086,12
864,all,encoder,delta/0.75ps/motion_odd,2.8420095443725586,12
865,all,encoder,delta/0.75ps/motion_odd,1.9010906219482422,12
866,all,encoder,delta/0.75ps/motion_odd,2.9519622325897217,12
867,all,encoder,delta/0.75ps/motion_odd,2.089543581008911,12
868,all,encoder,delta/0.75ps/motion_odd,2.8931963443756104,12
869,all,encoder,delta/0.75ps/motion_odd,2.9132378101348877,12
870,all,encoder,delta/0.75ps/motion_odd,0.9610313773155212,12
871,all,encoder,delta/0.75ps/motion_odd,1.653582215309143,12
872,all,encoder,delta/0.75ps/motion_odd,1.4960018396377563,12
873,all,encoder,delta/0.75ps/motion_odd,2.7845075130462646,12
874,all,encoder,delta/0.75ps/motion_odd,1.364189624786377,12
884,all,encoder,delta/0.75ps/motion_odd,1.4174057245254517,12
885,all,encoder,delta/0.75ps/motion_odd,1.098393440246582,12
886,all,encoder,delta/0.75ps/motion_odd,0.9350005984306335,12
887,all,encoder,delta/0.75ps/motion_odd,1.3418956995010376,12
888,all,encoder,delta/0.75ps/motion_odd,1.4849801063537598,12
889,all,encoder,delta/0.75ps/motion_odd,0.4132787883281708,12
890,all,encoder,delta/0.75ps/motion_odd,0.8546914458274841,12
891,all,encoder,delta/0.75ps/motion_odd,2.617511510848999,12
892,all,encoder,delta/0.75ps/motion_odd,1.9658218622207642,12
893,all,encoder,delta/0.75ps/motion_odd,1.5955933332443237,12
894,all,encoder,delta/0.75ps/motion_odd,1.3916364908218384,12
895,all,encoder,delta/0.75ps/motion_odd,2.4931952953338623,12
896,all,encoder,delta/0.75ps/motion_odd,1.2783578634262085,12
897,all,encoder,delta/0.75ps/motion_odd,1.4284706115722656,12
898,all,encoder,delta/0.75ps/motion_odd,0.9411661624908447,12
899,all,encoder,delta/0.75ps/motion_odd,2.148543119430542,12
900,all,encoder,delta/0.75ps/motion_odd,2.5430121421813965,12
901,all,encoder,delta/0.75ps/motion_odd,2.3312950134277344,12
914,all,encoder,delta/0.75ps/motion_odd,1.2943180799484253,12
915,all,encoder,delta/0.75ps/motion_odd,1.8913722038269043,12
916,all,encoder,delta/0.75ps/motion_odd,1.5814670324325562,12
917,all,encoder,delta/0.75ps/motion_odd,1.6230049133300781,12
918,all,encoder,delta/0.75ps/motion_odd,0.9677495360374451,12
919,all,encoder,delta/0.75ps/motion_odd,2.7538235187530518,12
920,all,encoder,delta/0.75ps/motion_odd,1.0218939781188965,12
921,all,encoder,delta/0.75ps/motion_odd,1.0223194360733032,12
922,all,encoder,delta/0.75ps/motion_odd,1.1990286111831665,12
923,all,encoder,delta/0.75ps/motion_odd,2.346196413040161,12
924,all,encoder,delta/0.75ps/motion_odd,1.5646435022354126,12
925,all,encoder,delta/0.75ps/motion_odd,2.6713716983795166,12
926,all,encoder,delta/0.75ps/motion_odd,0.8553500175476074,12
927,all,encoder,delta/0.75ps/motion_odd,1.5480459928512573,12
928,all,encoder,delta/0.75ps/motion_odd,2.318274974822998,12
929,all,encoder,delta/0.75ps/motion_odd,1.0978680849075317,12
930,all,encoder,delta/0.75ps/motion_odd,0.633065938949585,12
931,all,encoder,delta/0.75ps/motion_odd,2.426386594772339,12
944,all,encoder,delta/0.75ps/motion_odd,2.562382698059082,12
945,all,encoder,delta/0.75ps/motion_odd,2.2134971618652344,12
946,all,encoder,delta/0.75ps/motion_odd,1.8145371675491333,12
947,all,encoder,delta/0.75ps/motion_odd,4.290298938751221,12
948,all,encoder,delta/0.75ps/motion_odd,2.5080015659332275,12
949,all,encoder,delta/0.75ps/motion_odd,2.1548078060150146,12
950,all,encoder,delta/0.75ps/motion_odd,2.680842638015747,12
951,all,encoder,delta/0.75ps/motion_odd,3.094879150390625,12
952,all,encoder,delta/0.75ps/motion_odd,3.0170392990112305,12
953,all,encoder,delta/0.75ps/motion_odd,2.7749183177948,12
954,all,encoder,delta/0.75ps/motion_odd,1.3268612623214722,12
955,all,encoder,delta/0.75ps/motion_odd,2.2303531169891357,12
956,all,encoder,delta/0.75ps/motion_odd,0.9062324166297913,12
957,all,encoder,delta/0.75ps/motion_odd,1.7280817031860352,12
958,all,encoder,delta/0.75ps/motion_odd,1.6199684143066406,12
959,all,encoder,delta/0.75ps/motion_odd,2.1193578243255615,12
960,all,encoder,delta/0.75ps/motion_odd,2.2065861225128174,12
961,all,encoder,delta/0.75ps/motion_odd,3.4067084789276123,12
974,all,encoder,delta/0.75ps/motion_odd,1.824885368347168,12
975,all,encoder,delta/0.75ps/motion_odd,1.2903878688812256,12
976,all,encoder,delta/0.75ps/motion_odd,1.3598980903625488,12
977,all,encoder,delta/0.75ps/motion_odd,2.535402774810791,12
978,all,encoder,delta/0.75ps/motion_odd,1.9077630043029785,12
979,all,encoder,delta/0.75ps/motion_odd,5.144351959228516,12
980,all,encoder,delta/0.75ps/motion_odd,1.2667641639709473,12
981,all,encoder,delta/0.75ps/motion_odd,1.7208051681518555,12
982,all,encoder,delta/0.75ps/motion_odd,2.0695691108703613,12
983,all,encoder,delta/0.75ps/motion_odd,3.2841570377349854,12
984,all,encoder,delta/0.75ps/motion_odd,2.61387038230896,12
985,all,encoder,delta/0.75ps/motion_odd,2.3575868606567383,12
986,all,encoder,delta/0.75ps/motion_odd,2.0386006832122803,12
987,all,encoder,delta/0.75ps/motion_odd,2.862266778945923,12
988,all,encoder,delta/0.75ps/motion_odd,1.8122352361679077,12
989,all,encoder,delta/0.75ps/motion_odd,0.9398290514945984,12
990,all,encoder,delta/0.75ps/motion_odd,5.543134689331055,12
991,all,encoder,delta/0.75ps/motion_odd,2.035565137863159,12
1004,all,encoder,delta/0.75ps/motion_odd,1.956070065498352,12
1005,all,encoder,delta/0.75ps/motion_odd,2.4326376914978027,12
1006,all,encoder,delta/0.75ps/motion_odd,1.8020991086959839,12
860,all,encoder,future/3ps/motion_odd,1.4419981241226196,12
861,all,encoder,future/3ps/motion_odd,1.2624858617782593,12
862,all,encoder,future/3ps/motion_odd,0.641914427280426,12
863,all,encoder,future/3ps/motion_odd,0.9397091865539551,12
864,all,encoder,future/3ps/motion_odd,0.725290834903717,12
865,all,encoder,future/3ps/motion_odd,0.8857173323631287,12
866,all,encoder,future/3ps/motion_odd,1.8761810064315796,12
867,all,encoder,future/3ps/motion_odd,0.5169674754142761,12
868,all,encoder,future/3ps/motion_odd,0.9122229218482971,12
869,all,encoder,future/3ps/motion_odd,0.7977497577667236,12
870,all,encoder,future/3ps/motion_odd,0.9932513236999512,12
871,all,encoder,future/3ps/motion_odd,1.3860527276992798,12
872,all,encoder,future/3ps/motion_odd,1.5411814451217651,12
873,all,encoder,future/3ps/motion_odd,1.0371476411819458,12
874,all,encoder,future/3ps/motion_odd,1.308396577835083,12
884,all,encoder,future/3ps/motion_odd,0.5562842488288879,12
885,all,encoder,future/3ps/motion_odd,0.47897520661354065,12
886,all,encoder,future/3ps/motion_odd,0.7288774847984314,12
887,all,encoder,future/3ps/motion_odd,1.0204389095306396,12
888,all,encoder,future/3ps/motion_odd,0.7349998950958252,12
889,all,encoder,future/3ps/motion_odd,0.619739294052124,12
890,all,encoder,future/3ps/motion_odd,0.6051361560821533,12
891,all,encoder,future/3ps/motion_odd,0.7275540828704834,12
892,all,encoder,future/3ps/motion_odd,0.36115625500679016,12
893,all,encoder,future/3ps/motion_odd,1.179036021232605,12
894,all,encoder,future/3ps/motion_odd,0.7840614914894104,12
895,all,encoder,future/3ps/motion_odd,0.5632551312446594,12
896,all,encoder,future/3ps/motion_odd,0.916372537612915,12
897,all,encoder,future/3ps/motion_odd,1.0905903577804565,12
898,all,encoder,future/3ps/motion_odd,1.0157443284988403,12
899,all,encoder,future/3ps/motion_odd,1.3332408666610718,12
900,all,encoder,future/3ps/motion_odd,0.497222900390625,12
901,all,encoder,future/3ps/motion_odd,0.9276304841041565,12
914,all,encoder,future/3ps/motion_odd,0.7967221736907959,12
915,all,encoder,future/3ps/motion_odd,0.7989498972892761,12
916,all,encoder,future/3ps/motion_odd,0.820747435092926,12
917,all,encoder,future/3ps/motion_odd,0.6644682884216309,12
918,all,encoder,future/3ps/motion_odd,0.9251641631126404,12
919,all,encoder,future/3ps/motion_odd,0.9162692427635193,12
920,all,encoder,future/3ps/motion_odd,1.493047833442688,12
921,all,encoder,future/3ps/motion_odd,1.7874947786331177,12
922,all,encoder,future/3ps/motion_odd,1.33777916431427,12
923,all,encoder,future/3ps/motion_odd,0.7812867164611816,12
924,all,encoder,future/3ps/motion_odd,0.4856646955013275,12
925,all,encoder,future/3ps/motion_odd,0.9070443511009216,12
926,all,encoder,future/3ps/motion_odd,0.511139452457428,12
927,all,encoder,future/3ps/motion_odd,0.6854784488677979,12
928,all,encoder,future/3ps/motion_odd,1.2817213535308838,12
929,all,encoder,future/3ps/motion_odd,0.9416235089302063,12
930,all,encoder,future/3ps/motion_odd,1.037307620048523,12
931,all,encoder,future/3ps/motion_odd,0.7009220123291016,12
944,all,encoder,future/3ps/motion_odd,0.6788622736930847,12
945,all,encoder,future/3ps/motion_odd,1.648598074913025,12
946,all,encoder,future/3ps/motion_odd,0.652094304561615,12
947,all,encoder,future/3ps/motion_odd,1.2710031270980835,12
948,all,encoder,future/3ps/motion_odd,0.5671777129173279,12
949,all,encoder,future/3ps/motion_odd,0.7366428971290588,12
950,all,encoder,future/3ps/motion_odd,1.4834567308425903,12
951,all,encoder,future/3ps/motion_odd,0.7422927021980286,12
952,all,encoder,future/3ps/motion_odd,0.9355207085609436,12
953,all,encoder,future/3ps/motion_odd,1.080253005027771,12
954,all,encoder,future/3ps/motion_odd,1.464161992073059,12
955,all,encoder,future/3ps/motion_odd,1.2066997289657593,12
956,all,encoder,future/3ps/motion_odd,1.404761791229248,12
957,all,encoder,future/3ps/motion_odd,0.9875476360321045,12
958,all,encoder,future/3ps/motion_odd,1.048967957496643,12
959,all,encoder,future/3ps/motion_odd,0.9367144703865051,12
960,all,encoder,future/3ps/motion_odd,0.9900664687156677,12
961,all,encoder,future/3ps/motion_odd,0.8944510817527771,12
974,all,encoder,future/3ps/motion_odd,0.6945353150367737,12
975,all,encoder,future/3ps/motion_odd,0.7207923531532288,12
976,all,encoder,future/3ps/motion_odd,1.0115140676498413,12
977,all,encoder,future/3ps/motion_odd,0.8550565242767334,12
978,all,encoder,future/3ps/motion_odd,1.5400949716567993,12
979,all,encoder,future/3ps/motion_odd,1.895325779914856,12
980,all,encoder,future/3ps/motion_odd,1.3082396984100342,12
981,all,encoder,future/3ps/motion_odd,1.0333428382873535,12
982,all,encoder,future/3ps/motion_odd,1.0194810628890991,12
983,all,encoder,future/3ps/motion_odd,1.7142561674118042,12
984,all,encoder,future/3ps/motion_odd,0.7783782482147217,12
985,all,encoder,future/3ps/motion_odd,1.3022679090499878,12
986,all,encoder,future/3ps/motion_odd,0.9391946792602539,12
987,all,encoder,future/3ps/motion_odd,1.6007717847824097,12
988,all,encoder,future/3ps/motion_odd,1.422587513923645,12
989,all,encoder,future/3ps/motion_odd,1.0511102676391602,12
990,all,encoder,future/3ps/motion_odd,0.9037904739379883,12
991,all,encoder,future/3ps/motion_odd,1.1499048471450806,12
1004,all,encoder,future/3ps/motion_odd,1.3626114130020142,12
1005,all,encoder,future/3ps/motion_odd,0.8207089304924011,12
1006,all,encoder,future/3ps/motion_odd,1.1255218982696533,12
860,all,persistence,future/3ps/motion_odd,2.086064100265503,12
861,all,persistence,future/3ps/motion_odd,1.4376788139343262,12
862,all,persistence,future/3ps/motion_odd,0.8528326153755188,12
863,all,persistence,future/3ps/motion_odd,2.1733105182647705,12
864,all,persistence,future/3ps/motion_odd,1.8454785346984863,12
865,all,persistence,future/3ps/motion_odd,1.0140105485916138,12
866,all,persistence,future/3ps/motion_odd,3.3979127407073975,12
867,all,persistence,future/3ps/motion_odd,2.1522793769836426,12
868,all,persistence,future/3ps/motion_odd,1.961948275566101,12
869,all,persistence,future/3ps/motion_odd,1.2134864330291748,12
870,all,persistence,future/3ps/motion_odd,2.164397954940796,12
871,all,persistence,future/3ps/motion_odd,0.7318329811096191,12
872,all,persistence,future/3ps/motion_odd,1.8510937690734863,12
873,all,persistence,future/3ps/motion_odd,2.537585973739624,12
874,all,persistence,future/3ps/motion_odd,1.7561779022216797,12
884,all,persistence,future/3ps/motion_odd,0.7061550617218018,12
885,all,persistence,future/3ps/motion_odd,1.330980896949768,12
886,all,persistence,future/3ps/motion_odd,1.0698020458221436,12
887,all,persistence,future/3ps/motion_odd,1.1138441562652588,12
888,all,persistence,future/3ps/motion_odd,1.2309902906417847,12
889,all,persistence,future/3ps/motion_odd,1.1769238710403442,12
890,all,persistence,future/3ps/motion_odd,0.9315862059593201,12
891,all,persistence,future/3ps/motion_odd,1.633218765258789,12
892,all,persistence,future/3ps/motion_odd,1.7359970808029175,12
893,all,persistence,future/3ps/motion_odd,2.175752878189087,12
894,all,persistence,future/3ps/motion_odd,1.5120816230773926,12
895,all,persistence,future/3ps/motion_odd,1.5227408409118652,12
896,all,persistence,future/3ps/motion_odd,1.6172380447387695,12
897,all,persistence,future/3ps/motion_odd,1.7538889646530151,12
898,all,persistence,future/3ps/motion_odd,1.3063246011734009,12
899,all,persistence,future/3ps/motion_odd,2.7694103717803955,12
900,all,persistence,future/3ps/motion_odd,1.532173752784729,12
901,all,persistence,future/3ps/motion_odd,3.019007444381714,12
914,all,persistence,future/3ps/motion_odd,1.237267017364502,12
915,all,persistence,future/3ps/motion_odd,1.6996856927871704,12
916,all,persistence,future/3ps/motion_odd,1.4382637739181519,12
917,all,persistence,future/3ps/motion_odd,1.168042778968811,12
918,all,persistence,future/3ps/motion_odd,1.2937034368515015,12
919,all,persistence,future/3ps/motion_odd,1.437888503074646,12
920,all,persistence,future/3ps/motion_odd,2.726766586303711,12
921,all,persistence,future/3ps/motion_odd,2.4459946155548096,12
922,all,persistence,future/3ps/motion_odd,1.9400132894515991,12
923,all,persistence,future/3ps/motion_odd,2.183483362197876,12
924,all,persistence,future/3ps/motion_odd,1.9018913507461548,12
925,all,persistence,future/3ps/motion_odd,1.046858549118042,12
926,all,persistence,future/3ps/motion_odd,0.9938774704933167,12
927,all,persistence,future/3ps/motion_odd,1.8912315368652344,12
928,all,persistence,future/3ps/motion_odd,1.9016623497009277,12
929,all,persistence,future/3ps/motion_odd,2.8785083293914795,12
930,all,persistence,future/3ps/motion_odd,1.8440855741500854,12
931,all,persistence,future/3ps/motion_odd,1.163805603981018,12
944,all,persistence,future/3ps/motion_odd,0.9950725436210632,12
945,all,persistence,future/3ps/motion_odd,2.4219887256622314,12
946,all,persistence,future/3ps/motion_odd,1.3219186067581177,12
947,all,persistence,future/3ps/motion_odd,4.330427169799805,12
948,all,persistence,future/3ps/motion_odd,1.5710853338241577,12
949,all,persistence,future/3ps/motion_odd,0.6784486174583435,12
950,all,persistence,future/3ps/motion_odd,1.896740436553955,12
951,all,persistence,future/3ps/motion_odd,1.8232568502426147,12
952,all,persistence,future/3ps/motion_odd,2.1421780586242676,12
953,all,persistence,future/3ps/motion_odd,3.5045242309570312,12
954,all,persistence,future/3ps/motion_odd,1.835027813911438,12
955,all,persistence,future/3ps/motion_odd,2.8118507862091064,12
956,all,persistence,future/3ps/motion_odd,2.2608067989349365,12
957,all,persistence,future/3ps/motion_odd,2.6953232288360596,12
958,all,persistence,future/3ps/motion_odd,2.1175010204315186,12
959,all,persistence,future/3ps/motion_odd,3.327320098876953,12
960,all,persistence,future/3ps/motion_odd,3.116135597229004,12
961,all,persistence,future/3ps/motion_odd,2.1933159828186035,12
974,all,persistence,future/3ps/motion_odd,2.2574210166931152,12
975,all,persistence,future/3ps/motion_odd,0.8807395100593567,12
976,all,persistence,future/3ps/motion_odd,1.7578792572021484,12
977,all,persistence,future/3ps/motion_odd,1.9257768392562866,12
978,all,persistence,future/3ps/motion_odd,4.119327068328857,12
979,all,persistence,future/3ps/motion_odd,3.819485902786255,12
980,all,persistence,future/3ps/motion_odd,2.3821520805358887,12
981,all,persistence,future/3ps/motion_odd,2.221893548965454,12
982,all,persistence,future/3ps/motion_odd,1.3411115407943726,12
983,all,persistence,future/3ps/motion_odd,1.9607208967208862,12
984,all,persistence,future/3ps/motion_odd,2.3470520973205566,12
985,all,persistence,future/3ps/motion_odd,2.0119521617889404,12
986,all,persistence,future/3ps/motion_odd,2.794382095336914,12
987,all,persistence,future/3ps/motion_odd,2.4094245433807373,12
988,all,persistence,future/3ps/motion_odd,3.116527557373047,12
989,all,persistence,future/3ps/motion_odd,1.6939129829406738,12
990,all,persistence,future/3ps/motion_odd,3.078004837036133,12
991,all,persistence,future/3ps/motion_odd,2.723815679550171,12
1004,all,persistence,future/3ps/motion_odd,2.914494514465332,12
1005,all,persistence,future/3ps/motion_odd,1.4661083221435547,12
1006,all,persistence,future/3ps/motion_odd,1.806301236152649,12
860,all,encoder,delta/3ps/motion_odd,2.248321056365967,12
861,all,encoder,delta/3ps/motion_odd,1.2795219421386719,12
862,all,encoder,delta/3ps/motion_odd,0.8312196135520935,12
863,all,encoder,delta/3ps/motion_odd,2.223965883255005,12
864,all,encoder,delta/3ps/motion_odd,1.9560571908950806,12
865,all,encoder,delta/3ps/motion_odd,0.8702166080474854,12
866,all,encoder,delta/3ps/motion_odd,3.4594504833221436,12
867,all,encoder,delta/3ps/motion_odd,2.244863748550415,12
868,all,encoder,delta/3ps/motion_odd,1.973790168762207,12
869,all,encoder,delta/3ps/motion_odd,1.1411457061767578,12
870,all,encoder,delta/3ps/motion_odd,2.2168686389923096,12
871,all,encoder,delta/3ps/motion_odd,0.7565366625785828,12
872,all,encoder,delta/3ps/motion_odd,1.87134850025177,12
873,all,encoder,delta/3ps/motion_odd,2.493067979812622,12
874,all,encoder,delta/3ps/motion_odd,1.7326849699020386,12
884,all,encoder,delta/3ps/motion_odd,0.7926419377326965,12
885,all,encoder,delta/3ps/motion_odd,1.3392411470413208,12
886,all,encoder,delta/3ps/motion_odd,1.080511212348938,12
887,all,encoder,delta/3ps/motion_odd,1.1161726713180542,12
888,all,encoder,delta/3ps/motion_odd,1.0870195627212524,12
889,all,encoder,delta/3ps/motion_odd,1.3222194910049438,12
890,all,encoder,delta/3ps/motion_odd,0.9328150749206543,12
891,all,encoder,delta/3ps/motion_odd,1.5165696144104004,12
892,all,encoder,delta/3ps/motion_odd,1.9518100023269653,12
893,all,encoder,delta/3ps/motion_odd,2.2689590454101562,12
894,all,encoder,delta/3ps/motion_odd,1.5348635911941528,12
895,all,encoder,delta/3ps/motion_odd,1.4574495553970337,12
896,all,encoder,delta/3ps/motion_odd,1.6227730512619019,12
897,all,encoder,delta/3ps/motion_odd,1.7428067922592163,12
898,all,encoder,delta/3ps/motion_odd,1.3713102340698242,12
899,all,encoder,delta/3ps/motion_odd,2.9235312938690186,12
900,all,encoder,delta/3ps/motion_odd,1.5493388175964355,12
901,all,encoder,delta/3ps/motion_odd,2.927597761154175,12
914,all,encoder,delta/3ps/motion_odd,1.2913844585418701,12
915,all,encoder,delta/3ps/motion_odd,1.8441964387893677,12
916,all,encoder,delta/3ps/motion_odd,1.496544361114502,12
917,all,encoder,delta/3ps/motion_odd,1.2606462240219116,12
918,all,encoder,delta/3ps/motion_odd,1.3229219913482666,12
919,all,encoder,delta/3ps/motion_odd,1.3048244714736938,12
920,all,encoder,delta/3ps/motion_odd,2.7633697986602783,12
921,all,encoder,delta/3ps/motion_odd,2.445444345474243,12
922,all,encoder,delta/3ps/motion_odd,1.9027938842773438,12
923,all,encoder,delta/3ps/motion_odd,2.287560224533081,12
924,all,encoder,delta/3ps/motion_odd,1.937950611114502,12
925,all,encoder,delta/3ps/motion_odd,1.0156768560409546,12
926,all,encoder,delta/3ps/motion_odd,1.0121432542800903,12
927,all,encoder,delta/3ps/motion_odd,1.8668460845947266,12
928,all,encoder,delta/3ps/motion_odd,1.8793200254440308,12
929,all,encoder,delta/3ps/motion_odd,3.231450080871582,12
930,all,encoder,delta/3ps/motion_odd,1.973941683769226,12
931,all,encoder,delta/3ps/motion_odd,1.160948395729065,12
944,all,encoder,delta/3ps/motion_odd,1.1046271324157715,12
945,all,encoder,delta/3ps/motion_odd,2.3934621810913086,12
946,all,encoder,delta/3ps/motion_odd,1.2584935426712036,12
947,all,encoder,delta/3ps/motion_odd,4.4842352867126465,12
948,all,encoder,delta/3ps/motion_odd,1.7069969177246094,12
949,all,encoder,delta/3ps/motion_odd,0.7950987815856934,12
950,all,encoder,delta/3ps/motion_odd,1.920820713043213,12
951,all,encoder,delta/3ps/motion_odd,1.8141274452209473,12
952,all,encoder,delta/3ps/motion_odd,2.138385057449341,12
953,all,encoder,delta/3ps/motion_odd,3.3704564571380615,12
954,all,encoder,delta/3ps/motion_odd,1.889790415763855,12
955,all,encoder,delta/3ps/motion_odd,2.6888949871063232,12
956,all,encoder,delta/3ps/motion_odd,2.196937322616577,12
957,all,encoder,delta/3ps/motion_odd,2.6702229976654053,12
958,all,encoder,delta/3ps/motion_odd,2.1636016368865967,12
959,all,encoder,delta/3ps/motion_odd,3.3099000453948975,12
960,all,encoder,delta/3ps/motion_odd,3.0820677280426025,12
961,all,encoder,delta/3ps/motion_odd,2.186936140060425,12
974,all,encoder,delta/3ps/motion_odd,2.3434977531433105,12
975,all,encoder,delta/3ps/motion_odd,0.8480598330497742,12
976,all,encoder,delta/3ps/motion_odd,1.759866714477539,12
977,all,encoder,delta/3ps/motion_odd,1.8594907522201538,12
978,all,encoder,delta/3ps/motion_odd,4.151574611663818,12
979,all,encoder,delta/3ps/motion_odd,3.6547586917877197,12
980,all,encoder,delta/3ps/motion_odd,2.4169747829437256,12
981,all,encoder,delta/3ps/motion_odd,2.3307242393493652,12
982,all,encoder,delta/3ps/motion_odd,1.3741308450698853,12
983,all,encoder,delta/3ps/motion_odd,1.8934110403060913,12
984,all,encoder,delta/3ps/motion_odd,2.5507590770721436,12
985,all,encoder,delta/3ps/motion_odd,1.9659643173217773,12
986,all,encoder,delta/3ps/motion_odd,2.6776297092437744,12
987,all,encoder,delta/3ps/motion_odd,2.2904911041259766,12
988,all,encoder,delta/3ps/motion_odd,3.0584590435028076,12
989,all,encoder,delta/3ps/motion_odd,1.758679747581482,12
990,all,encoder,delta/3ps/motion_odd,2.953744649887085,12
991,all,encoder,delta/3ps/motion_odd,2.7953262329101562,12
1004,all,encoder,delta/3ps/motion_odd,2.8320846557617188,12
1005,all,encoder,delta/3ps/motion_odd,1.3496737480163574,12
1006,all,encoder,delta/3ps/motion_odd,1.8251019716262817,12
860,all,encoder,future/9ps/motion_odd,1.2557544708251953,12
861,all,encoder,future/9ps/motion_odd,0.8961189389228821,12
862,all,encoder,future/9ps/motion_odd,0.988743007183075,12
863,all,encoder,future/9ps/motion_odd,0.5848151445388794,12
864,all,encoder,future/9ps/motion_odd,2.268075942993164,12
865,all,encoder,future/9ps/motion_odd,1.6476116180419922,12
866,all,encoder,future/9ps/motion_odd,1.410132884979248,12
867,all,encoder,future/9ps/motion_odd,1.2336244583129883,12
868,all,encoder,future/9ps/motion_odd,2.034655809402466,12
869,all,encoder,future/9ps/motion_odd,2.1478731632232666,12
870,all,encoder,future/9ps/motion_odd,0.8798877596855164,12
871,all,encoder,future/9ps/motion_odd,1.1044529676437378,12
872,all,encoder,future/9ps/motion_odd,0.8292896747589111,12
873,all,encoder,future/9ps/motion_odd,0.6614550948143005,12
874,all,encoder,future/9ps/motion_odd,1.56166410446167,12
884,all,encoder,future/9ps/motion_odd,1.3024579286575317,12
885,all,encoder,future/9ps/motion_odd,0.5932486057281494,12
886,all,encoder,future/9ps/motion_odd,0.5783759951591492,12
887,all,encoder,future/9ps/motion_odd,0.9563078284263611,12
888,all,encoder,future/9ps/motion_odd,0.5791416168212891,12
889,all,encoder,future/9ps/motion_odd,0.6592792868614197,12
890,all,encoder,future/9ps/motion_odd,0.77907395362854,12
891,all,encoder,future/9ps/motion_odd,0.5581853985786438,12
892,all,encoder,future/9ps/motion_odd,1.5075181722640991,12
893,all,encoder,future/9ps/motion_odd,0.9007115364074707,12
894,all,encoder,future/9ps/motion_odd,0.5903126001358032,12
895,all,encoder,future/9ps/motion_odd,0.6827049851417542,12
896,all,encoder,future/9ps/motion_odd,0.4064861536026001,12
897,all,encoder,future/9ps/motion_odd,0.7484636306762695,12
898,all,encoder,future/9ps/motion_odd,0.6277042031288147,12
899,all,encoder,future/9ps/motion_odd,0.6985166072845459,12
900,all,encoder,future/9ps/motion_odd,0.7317066192626953,12
901,all,encoder,future/9ps/motion_odd,0.49244213104248047,12
914,all,encoder,future/9ps/motion_odd,1.0509835481643677,12
915,all,encoder,future/9ps/motion_odd,0.8402969241142273,12
916,all,encoder,future/9ps/motion_odd,0.7335020899772644,12
917,all,encoder,future/9ps/motion_odd,2.335987091064453,12
918,all,encoder,future/9ps/motion_odd,0.6184993386268616,12
919,all,encoder,future/9ps/motion_odd,0.8510837554931641,12
920,all,encoder,future/9ps/motion_odd,0.6068671941757202,12
921,all,encoder,future/9ps/motion_odd,0.44705066084861755,12
922,all,encoder,future/9ps/motion_odd,0.7781980037689209,12
923,all,encoder,future/9ps/motion_odd,0.43452188372612,12
924,all,encoder,future/9ps/motion_odd,1.0738376379013062,12
925,all,encoder,future/9ps/motion_odd,0.9371800422668457,12
926,all,encoder,future/9ps/motion_odd,0.6234039068222046,12
927,all,encoder,future/9ps/motion_odd,0.6371408104896545,12
928,all,encoder,future/9ps/motion_odd,1.25749671459198,12
929,all,encoder,future/9ps/motion_odd,0.7928243279457092,12
930,all,encoder,future/9ps/motion_odd,1.558213233947754,12
931,all,encoder,future/9ps/motion_odd,0.586525022983551,12
944,all,encoder,future/9ps/motion_odd,1.1929675340652466,12
945,all,encoder,future/9ps/motion_odd,1.2334671020507812,12
946,all,encoder,future/9ps/motion_odd,1.1305004358291626,12
947,all,encoder,future/9ps/motion_odd,1.2785152196884155,12
948,all,encoder,future/9ps/motion_odd,1.0906243324279785,12
949,all,encoder,future/9ps/motion_odd,1.2825244665145874,12
950,all,encoder,future/9ps/motion_odd,1.5103864669799805,12
951,all,encoder,future/9ps/motion_odd,0.7766605019569397,12
952,all,encoder,future/9ps/motion_odd,0.9364240169525146,12
953,all,encoder,future/9ps/motion_odd,0.9869229793548584,12
954,all,encoder,future/9ps/motion_odd,1.1801012754440308,12
955,all,encoder,future/9ps/motion_odd,1.5083603858947754,12
956,all,encoder,future/9ps/motion_odd,1.3545900583267212,12
957,all,encoder,future/9ps/motion_odd,1.5097719430923462,12
958,all,encoder,future/9ps/motion_odd,1.1893237829208374,12
959,all,encoder,future/9ps/motion_odd,0.7667819857597351,12
960,all,encoder,future/9ps/motion_odd,0.9229273796081543,12
961,all,encoder,future/9ps/motion_odd,0.9079883694648743,12
974,all,encoder,future/9ps/motion_odd,1.2299903631210327,12
975,all,encoder,future/9ps/motion_odd,1.0808988809585571,12
976,all,encoder,future/9ps/motion_odd,0.9988072514533997,12
977,all,encoder,future/9ps/motion_odd,0.5743167996406555,12
978,all,encoder,future/9ps/motion_odd,1.9151016473770142,12
979,all,encoder,future/9ps/motion_odd,1.2518941164016724,12
980,all,encoder,future/9ps/motion_odd,1.2709085941314697,12
981,all,encoder,future/9ps/motion_odd,1.3390330076217651,12
982,all,encoder,future/9ps/motion_odd,1.3444881439208984,12
983,all,encoder,future/9ps/motion_odd,1.7843083143234253,12
984,all,encoder,future/9ps/motion_odd,1.1294022798538208,12
985,all,encoder,future/9ps/motion_odd,1.6009858846664429,12
986,all,encoder,future/9ps/motion_odd,1.8947172164916992,12
987,all,encoder,future/9ps/motion_odd,0.746407687664032,12
988,all,encoder,future/9ps/motion_odd,0.8600942492485046,12
989,all,encoder,future/9ps/motion_odd,1.0420191287994385,12
990,all,encoder,future/9ps/motion_odd,0.6766875386238098,12
991,all,encoder,future/9ps/motion_odd,1.1241978406906128,12
1004,all,encoder,future/9ps/motion_odd,0.6305260062217712,12
1005,all,encoder,future/9ps/motion_odd,1.4279180765151978,12
1006,all,encoder,future/9ps/motion_odd,1.4588885307312012,12
860,all,persistence,future/9ps/motion_odd,3.2512381076812744,12
861,all,persistence,future/9ps/motion_odd,1.9733589887619019,12
862,all,persistence,future/9ps/motion_odd,1.52395761013031,12
863,all,persistence,future/9ps/motion_odd,1.6325416564941406,12
864,all,persistence,future/9ps/motion_odd,1.9976931810379028,12
865,all,persistence,future/9ps/motion_odd,2.107879877090454,12
866,all,persistence,future/9ps/motion_odd,2.32871150970459,12
867,all,persistence,future/9ps/motion_odd,2.101100206375122,12
868,all,persistence,future/9ps/motion_odd,4.956210136413574,12
869,all,persistence,future/9ps/motion_odd,2.6732327938079834,12
870,all,persistence,future/9ps/motion_odd,1.8448346853256226,12
871,all,persistence,future/9ps/motion_odd,1.741650104522705,12
872,all,persistence,future/9ps/motion_odd,2.5718939304351807,12
873,all,persistence,future/9ps/motion_odd,1.8118696212768555,12
874,all,persistence,future/9ps/motion_odd,2.1824910640716553,12
884,all,persistence,future/9ps/motion_odd,2.141939401626587,12
885,all,persistence,future/9ps/motion_odd,0.9508442878723145,12
886,all,persistence,future/9ps/motion_odd,1.102242350578308,12
887,all,persistence,future/9ps/motion_odd,1.5358843803405762,12
888,all,persistence,future/9ps/motion_odd,0.8281629085540771,12
889,all,persistence,future/9ps/motion_odd,0.6431430578231812,12
890,all,persistence,future/9ps/motion_odd,2.166302442550659,12
891,all,persistence,future/9ps/motion_odd,1.578277587890625,12
892,all,persistence,future/9ps/motion_odd,2.404677629470825,12
893,all,persistence,future/9ps/motion_odd,1.5775703191757202,12
894,all,persistence,future/9ps/motion_odd,2.052739381790161,12
895,all,persistence,future/9ps/motion_odd,1.6627229452133179,12
896,all,persistence,future/9ps/motion_odd,1.532565951347351,12
897,all,persistence,future/9ps/motion_odd,0.9152922630310059,12
898,all,persistence,future/9ps/motion_odd,1.1087803840637207,12
899,all,persistence,future/9ps/motion_odd,0.9261233806610107,12
900,all,persistence,future/9ps/motion_odd,1.8480318784713745,12
901,all,persistence,future/9ps/motion_odd,1.0652629137039185,12
914,all,persistence,future/9ps/motion_odd,1.8030248880386353,12
915,all,persistence,future/9ps/motion_odd,0.793703556060791,12
916,all,persistence,future/9ps/motion_odd,1.479722023010254,12
917,all,persistence,future/9ps/motion_odd,2.932048797607422,12
918,all,persistence,future/9ps/motion_odd,0.7928447127342224,12
919,all,persistence,future/9ps/motion_odd,3.0694005489349365,12
920,all,persistence,future/9ps/motion_odd,1.1261649131774902,12
921,all,persistence,future/9ps/motion_odd,1.0202473402023315,12
922,all,persistence,future/9ps/motion_odd,1.676230549812317,12
923,all,persistence,future/9ps/motion_odd,1.943122386932373,12
924,all,persistence,future/9ps/motion_odd,1.6982170343399048,12
925,all,persistence,future/9ps/motion_odd,2.162358045578003,12
926,all,persistence,future/9ps/motion_odd,0.852076530456543,12
927,all,persistence,future/9ps/motion_odd,2.110588312149048,12
928,all,persistence,future/9ps/motion_odd,1.9583959579467773,12
929,all,persistence,future/9ps/motion_odd,1.7406784296035767,12
930,all,persistence,future/9ps/motion_odd,1.4414414167404175,12
931,all,persistence,future/9ps/motion_odd,1.401605486869812,12
944,all,persistence,future/9ps/motion_odd,1.902194619178772,12
945,all,persistence,future/9ps/motion_odd,1.2037867307662964,12
946,all,persistence,future/9ps/motion_odd,1.7747101783752441,12
947,all,persistence,future/9ps/motion_odd,3.252826690673828,12
948,all,persistence,future/9ps/motion_odd,2.692690134048462,12
949,all,persistence,future/9ps/motion_odd,2.811880111694336,12
950,all,persistence,future/9ps/motion_odd,1.620440125465393,12
951,all,persistence,future/9ps/motion_odd,2.0093019008636475,12
952,all,persistence,future/9ps/motion_odd,3.1266958713531494,12
953,all,persistence,future/9ps/motion_odd,1.99140202999115,12
954,all,persistence,future/9ps/motion_odd,2.28235125541687,12
955,all,persistence,future/9ps/motion_odd,2.0289065837860107,12
956,all,persistence,future/9ps/motion_odd,1.3793715238571167,12
957,all,persistence,future/9ps/motion_odd,2.4195058345794678,12
958,all,persistence,future/9ps/motion_odd,3.0719165802001953,12
959,all,persistence,future/9ps/motion_odd,1.7721672058105469,12
960,all,persistence,future/9ps/motion_odd,1.3038803339004517,12
961,all,persistence,future/9ps/motion_odd,2.3956077098846436,12
974,all,persistence,future/9ps/motion_odd,1.5670362710952759,12
975,all,persistence,future/9ps/motion_odd,2.0292816162109375,12
976,all,persistence,future/9ps/motion_odd,1.9205622673034668,12
977,all,persistence,future/9ps/motion_odd,1.5711798667907715,12
978,all,persistence,future/9ps/motion_odd,3.804313898086548,12
979,all,persistence,future/9ps/motion_odd,2.6541905403137207,12
980,all,persistence,future/9ps/motion_odd,1.3165532350540161,12
981,all,persistence,future/9ps/motion_odd,2.3254597187042236,12
982,all,persistence,future/9ps/motion_odd,2.311795711517334,12
983,all,persistence,future/9ps/motion_odd,2.5681447982788086,12
984,all,persistence,future/9ps/motion_odd,1.334044098854065,12
985,all,persistence,future/9ps/motion_odd,2.847615957260132,12
986,all,persistence,future/9ps/motion_odd,2.9301812648773193,12
987,all,persistence,future/9ps/motion_odd,2.8857803344726562,12
988,all,persistence,future/9ps/motion_odd,2.370896100997925,12
989,all,persistence,future/9ps/motion_odd,1.0062862634658813,12
990,all,persistence,future/9ps/motion_odd,3.475867509841919,12
991,all,persistence,future/9ps/motion_odd,2.548112630844116,12
1004,all,persistence,future/9ps/motion_odd,2.0279314517974854,12
1005,all,persistence,future/9ps/motion_odd,2.0610756874084473,12
1006,all,persistence,future/9ps/motion_odd,2.1935465335845947,12
860,all,encoder,delta/9ps/motion_odd,3.3499462604522705,12
861,all,encoder,delta/9ps/motion_odd,2.0564868450164795,12
862,all,encoder,delta/9ps/motion_odd,1.4947916269302368,12
863,all,encoder,delta/9ps/motion_odd,1.6670409440994263,12
864,all,encoder,delta/9ps/motion_odd,1.9604558944702148,12
865,all,encoder,delta/9ps/motion_odd,2.017422676086426,12
866,all,encoder,delta/9ps/motion_odd,2.2486112117767334,12
867,all,encoder,delta/9ps/motion_odd,2.3315982818603516,12
868,all,encoder,delta/9ps/motion_odd,4.790903091430664,12
869,all,encoder,delta/9ps/motion_odd,2.4505321979522705,12
870,all,encoder,delta/9ps/motion_odd,1.903550148010254,12
871,all,encoder,delta/9ps/motion_odd,1.6902962923049927,12
872,all,encoder,delta/9ps/motion_odd,2.6979167461395264,12
873,all,encoder,delta/9ps/motion_odd,1.653469443321228,12
874,all,encoder,delta/9ps/motion_odd,2.0100955963134766,12
884,all,encoder,delta/9ps/motion_odd,2.0636136531829834,12
885,all,encoder,delta/9ps/motion_odd,0.905073881149292,12
886,all,encoder,delta/9ps/motion_odd,1.2181411981582642,12
887,all,encoder,delta/9ps/motion_odd,1.605588436126709,12
888,all,encoder,delta/9ps/motion_odd,0.7876236438751221,12
889,all,encoder,delta/9ps/motion_odd,0.7745713591575623,12
890,all,encoder,delta/9ps/motion_odd,2.197728395462036,12
891,all,encoder,delta/9ps/motion_odd,1.452873706817627,12
892,all,encoder,delta/9ps/motion_odd,2.3893213272094727,12
893,all,encoder,delta/9ps/motion_odd,1.5135070085525513,12
894,all,encoder,delta/9ps/motion_odd,2.1177890300750732,12
895,all,encoder,delta/9ps/motion_odd,1.5367374420166016,12
896,all,encoder,delta/9ps/motion_odd,1.5414472818374634,12
897,all,encoder,delta/9ps/motion_odd,0.8097757697105408,12
898,all,encoder,delta/9ps/motion_odd,1.1600316762924194,12
899,all,encoder,delta/9ps/motion_odd,0.9846490025520325,12
900,all,encoder,delta/9ps/motion_odd,1.8893688917160034,12
901,all,encoder,delta/9ps/motion_odd,0.9782901406288147,12
914,all,encoder,delta/9ps/motion_odd,1.859230875968933,12
915,all,encoder,delta/9ps/motion_odd,0.8108806610107422,12
916,all,encoder,delta/9ps/motion_odd,1.5128272771835327,12
917,all,encoder,delta/9ps/motion_odd,2.9398629665374756,12
918,all,encoder,delta/9ps/motion_odd,0.833461344242096,12
919,all,encoder,delta/9ps/motion_odd,2.987602472305298,12
920,all,encoder,delta/9ps/motion_odd,1.1723682880401611,12
921,all,encoder,delta/9ps/motion_odd,1.064313292503357,12
922,all,encoder,delta/9ps/motion_odd,1.6836657524108887,12
923,all,encoder,delta/9ps/motion_odd,2.0237491130828857,12
924,all,encoder,delta/9ps/motion_odd,1.8016165494918823,12
925,all,encoder,delta/9ps/motion_odd,2.1792147159576416,12
926,all,encoder,delta/9ps/motion_odd,0.9066205620765686,12
927,all,encoder,delta/9ps/motion_odd,2.0216474533081055,12
928,all,encoder,delta/9ps/motion_odd,1.9685473442077637,12
929,all,encoder,delta/9ps/motion_odd,1.9479130506515503,12
930,all,encoder,delta/9ps/motion_odd,1.4271553754806519,12
931,all,encoder,delta/9ps/motion_odd,1.493728518486023,12
944,all,encoder,delta/9ps/motion_odd,1.8862184286117554,12
945,all,encoder,delta/9ps/motion_odd,1.2448699474334717,12
946,all,encoder,delta/9ps/motion_odd,1.8911226987838745,12
947,all,encoder,delta/9ps/motion_odd,3.434673547744751,12
948,all,encoder,delta/9ps/motion_odd,2.6727969646453857,12
949,all,encoder,delta/9ps/motion_odd,2.8408422470092773,12
950,all,encoder,delta/9ps/motion_odd,1.703744888305664,12
951,all,encoder,delta/9ps/motion_odd,2.03729510307312,12
952,all,encoder,delta/9ps/motion_odd,3.1489317417144775,12
953,all,encoder,delta/9ps/motion_odd,1.8524218797683716,12
954,all,encoder,delta/9ps/motion_odd,2.3724982738494873,12
955,all,encoder,delta/9ps/motion_odd,1.9943785667419434,12
956,all,encoder,delta/9ps/motion_odd,1.4275630712509155,12
957,all,encoder,delta/9ps/motion_odd,2.403602361679077,12
958,all,encoder,delta/9ps/motion_odd,3.0793159008026123,12
959,all,encoder,delta/9ps/motion_odd,1.7453632354736328,12
960,all,encoder,delta/9ps/motion_odd,1.2455681562423706,12
961,all,encoder,delta/9ps/motion_odd,2.2302167415618896,12
974,all,encoder,delta/9ps/motion_odd,1.596699595451355,12
975,all,encoder,delta/9ps/motion_odd,2.070646047592163,12
976,all,encoder,delta/9ps/motion_odd,1.946126937866211,12
977,all,encoder,delta/9ps/motion_odd,1.6017036437988281,12
978,all,encoder,delta/9ps/motion_odd,3.8027408123016357,12
979,all,encoder,delta/9ps/motion_odd,2.7917635440826416,12
980,all,encoder,delta/9ps/motion_odd,1.4227553606033325,12
981,all,encoder,delta/9ps/motion_odd,2.4536850452423096,12
982,all,encoder,delta/9ps/motion_odd,2.1382763385772705,12
983,all,encoder,delta/9ps/motion_odd,2.518285036087036,12
984,all,encoder,delta/9ps/motion_odd,1.5077763795852661,12
985,all,encoder,delta/9ps/motion_odd,2.7517518997192383,12
986,all,encoder,delta/9ps/motion_odd,2.9162943363189697,12
987,all,encoder,delta/9ps/motion_odd,2.92502498626709,12
988,all,encoder,delta/9ps/motion_odd,2.4954113960266113,12
989,all,encoder,delta/9ps/motion_odd,1.0110782384872437,12
990,all,encoder,delta/9ps/motion_odd,3.326901435852051,12
991,all,encoder,delta/9ps/motion_odd,2.4438421726226807,12
1004,all,encoder,delta/9ps/motion_odd,1.8773959875106812,12
1005,all,encoder,delta/9ps/motion_odd,1.9469642639160156,12
1006,all,encoder,delta/9ps/motion_odd,2.2661004066467285,12
860,all,encoder,path/0.75ps/mean_std_qbar6,0.16991771757602692,12
861,all,encoder,path/0.75ps/mean_std_qbar6,0.10681966692209244,12
862,all,encoder,path/0.75ps/mean_std_qbar6,0.11150523275136948,12
863,all,encoder,path/0.75ps/mean_std_qbar6,0.0976070836186409,12
864,all,encoder,path/0.75ps/mean_std_qbar6,0.1504170447587967,12
865,all,encoder,path/0.75ps/mean_std_qbar6,0.16916470229625702,12
866,all,encoder,path/0.75ps/mean_std_qbar6,0.10600709915161133,12
867,all,encoder,path/0.75ps/mean_std_qbar6,0.17009754478931427,12
868,all,encoder,path/0.75ps/mean_std_qbar6,0.09576279670000076,12
869,all,encoder,path/0.75ps/mean_std_qbar6,0.0946383848786354,12
870,all,encoder,path/0.75ps/mean_std_qbar6,0.1896064728498459,12
871,all,encoder,path/0.75ps/mean_std_qbar6,0.12563525140285492,12
872,all,encoder,path/0.75ps/mean_std_qbar6,0.07737076282501221,12
873,all,encoder,path/0.75ps/mean_std_qbar6,0.05907346308231354,12
874,all,encoder,path/0.75ps/mean_std_qbar6,0.23147092759609222,12
884,all,encoder,path/0.75ps/mean_std_qbar6,0.27598533034324646,12
885,all,encoder,path/0.75ps/mean_std_qbar6,0.4313022196292877,12
886,all,encoder,path/0.75ps/mean_std_qbar6,0.05681291222572327,12
887,all,encoder,path/0.75ps/mean_std_qbar6,0.1503283530473709,12
888,all,encoder,path/0.75ps/mean_std_qbar6,0.2572701871395111,12
889,all,encoder,path/0.75ps/mean_std_qbar6,0.1841827630996704,12
890,all,encoder,path/0.75ps/mean_std_qbar6,0.3904092013835907,12
891,all,encoder,path/0.75ps/mean_std_qbar6,0.19222132861614227,12
892,all,encoder,path/0.75ps/mean_std_qbar6,0.24909014999866486,12
893,all,encoder,path/0.75ps/mean_std_qbar6,0.21199758350849152,12
894,all,encoder,path/0.75ps/mean_std_qbar6,0.18867504596710205,12
895,all,encoder,path/0.75ps/mean_std_qbar6,0.15048779547214508,12
896,all,encoder,path/0.75ps/mean_std_qbar6,0.22192420065402985,12
897,all,encoder,path/0.75ps/mean_std_qbar6,0.13547347486019135,12
898,all,encoder,path/0.75ps/mean_std_qbar6,0.16472575068473816,12
899,all,encoder,path/0.75ps/mean_std_qbar6,0.09108825773000717,12
900,all,encoder,path/0.75ps/mean_std_qbar6,0.26912441849708557,12
901,all,encoder,path/0.75ps/mean_std_qbar6,0.11997643858194351,12
914,all,encoder,path/0.75ps/mean_std_qbar6,0.11433178186416626,12
915,all,encoder,path/0.75ps/mean_std_qbar6,0.07920332998037338,12
916,all,encoder,path/0.75ps/mean_std_qbar6,0.06543736904859543,12
917,all,encoder,path/0.75ps/mean_std_qbar6,0.05144480988383293,12
918,all,encoder,path/0.75ps/mean_std_qbar6,0.07358809560537338,12
919,all,encoder,path/0.75ps/mean_std_qbar6,0.07171283662319183,12
920,all,encoder,path/0.75ps/mean_std_qbar6,0.4328325092792511,12
921,all,encoder,path/0.75ps/mean_std_qbar6,0.053152430802583694,12
922,all,encoder,path/0.75ps/mean_std_qbar6,0.3521438539028168,12
923,all,encoder,path/0.75ps/mean_std_qbar6,0.054285068064928055,12
924,all,encoder,path/0.75ps/mean_std_qbar6,0.16825371980667114,12
925,all,encoder,path/0.75ps/mean_std_qbar6,0.05048276111483574,12
926,all,encoder,path/0.75ps/mean_std_qbar6,0.03574955463409424,12
927,all,encoder,path/0.75ps/mean_std_qbar6,0.0444815419614315,12
928,all,encoder,path/0.75ps/mean_std_qbar6,0.30575159192085266,12
929,all,encoder,path/0.75ps/mean_std_qbar6,0.28753140568733215,12
930,all,encoder,path/0.75ps/mean_std_qbar6,0.0707893818616867,12
931,all,encoder,path/0.75ps/mean_std_qbar6,0.1446874886751175,12
944,all,encoder,path/0.75ps/mean_std_qbar6,0.05012481287121773,12
945,all,encoder,path/0.75ps/mean_std_qbar6,0.16753165423870087,12
946,all,encoder,path/0.75ps/mean_std_qbar6,0.09388121217489243,12
947,all,encoder,path/0.75ps/mean_std_qbar6,0.25902220606803894,12
948,all,encoder,path/0.75ps/mean_std_qbar6,0.11413490772247314,12
949,all,encoder,path/0.75ps/mean_std_qbar6,0.05953112244606018,12
950,all,encoder,path/0.75ps/mean_std_qbar6,0.06820078194141388,12
951,all,encoder,path/0.75ps/mean_std_qbar6,0.05494317039847374,12
952,all,encoder,path/0.75ps/mean_std_qbar6,0.07269927114248276,12
953,all,encoder,path/0.75ps/mean_std_qbar6,0.2054741531610489,12
954,all,encoder,path/0.75ps/mean_std_qbar6,0.14854490756988525,12
955,all,encoder,path/0.75ps/mean_std_qbar6,0.09239216893911362,12
956,all,encoder,path/0.75ps/mean_std_qbar6,0.1607712060213089,12
957,all,encoder,path/0.75ps/mean_std_qbar6,0.22405289113521576,12
958,all,encoder,path/0.75ps/mean_std_qbar6,0.2621408998966217,12
959,all,encoder,path/0.75ps/mean_std_qbar6,0.261446475982666,12
960,all,encoder,path/0.75ps/mean_std_qbar6,0.34278178215026855,12
961,all,encoder,path/0.75ps/mean_std_qbar6,0.1927158087491989,12
974,all,encoder,path/0.75ps/mean_std_qbar6,0.17050759494304657,12
975,all,encoder,path/0.75ps/mean_std_qbar6,0.29293152689933777,12
976,all,encoder,path/0.75ps/mean_std_qbar6,0.1377035528421402,12
977,all,encoder,path/0.75ps/mean_std_qbar6,0.13952654600143433,12
978,all,encoder,path/0.75ps/mean_std_qbar6,0.219596266746521,12
979,all,encoder,path/0.75ps/mean_std_qbar6,0.14877112209796906,12
980,all,encoder,path/0.75ps/mean_std_qbar6,0.07203064858913422,12
981,all,encoder,path/0.75ps/mean_std_qbar6,0.02427014708518982,12
982,all,encoder,path/0.75ps/mean_std_qbar6,0.029403729364275932,12
983,all,encoder,path/0.75ps/mean_std_qbar6,0.1326337456703186,12
984,all,encoder,path/0.75ps/mean_std_qbar6,0.13615423440933228,12
985,all,encoder,path/0.75ps/mean_std_qbar6,0.2037615180015564,12
986,all,encoder,path/0.75ps/mean_std_qbar6,0.11664614826440811,12
987,all,encoder,path/0.75ps/mean_std_qbar6,0.01912502385675907,12
988,all,encoder,path/0.75ps/mean_std_qbar6,0.10021623224020004,12
989,all,encoder,path/0.75ps/mean_std_qbar6,0.10185322910547256,12
990,all,encoder,path/0.75ps/mean_std_qbar6,0.09892839193344116,12
991,all,encoder,path/0.75ps/mean_std_qbar6,0.08059471100568771,12
1004,all,encoder,path/0.75ps/mean_std_qbar6,0.03976410627365112,12
1005,all,encoder,path/0.75ps/mean_std_qbar6,0.17543955147266388,12
1006,all,encoder,path/0.75ps/mean_std_qbar6,0.0828438401222229,12
860,all,encoder,path/3ps/mean_std_qbar6,0.1760287880897522,12
861,all,encoder,path/3ps/mean_std_qbar6,0.1074647605419159,12
862,all,encoder,path/3ps/mean_std_qbar6,0.10566296428442001,12
863,all,encoder,path/3ps/mean_std_qbar6,0.09717490524053574,12
864,all,encoder,path/3ps/mean_std_qbar6,0.1498449295759201,12
865,all,encoder,path/3ps/mean_std_qbar6,0.15087150037288666,12
866,all,encoder,path/3ps/mean_std_qbar6,0.09752527624368668,12
867,all,encoder,path/3ps/mean_std_qbar6,0.17941634356975555,12
868,all,encoder,path/3ps/mean_std_qbar6,0.09125521779060364,12
869,all,encoder,path/3ps/mean_std_qbar6,0.08284787088632584,12
870,all,encoder,path/3ps/mean_std_qbar6,0.17940418422222137,12
871,all,encoder,path/3ps/mean_std_qbar6,0.20269335806369781,12
872,all,encoder,path/3ps/mean_std_qbar6,0.09873825311660767,12
873,all,encoder,path/3ps/mean_std_qbar6,0.05781389772891998,12
874,all,encoder,path/3ps/mean_std_qbar6,0.20946867763996124,12
884,all,encoder,path/3ps/mean_std_qbar6,0.2628854811191559,12
885,all,encoder,path/3ps/mean_std_qbar6,0.4179019629955292,12
886,all,encoder,path/3ps/mean_std_qbar6,0.053540151566267014,12
887,all,encoder,path/3ps/mean_std_qbar6,0.1512395590543747,12
888,all,encoder,path/3ps/mean_std_qbar6,0.23198886215686798,12
889,all,encoder,path/3ps/mean_std_qbar6,0.18127058446407318,12
890,all,encoder,path/3ps/mean_std_qbar6,0.39673614501953125,12
891,all,encoder,path/3ps/mean_std_qbar6,0.1845286339521408,12
892,all,encoder,path/3ps/mean_std_qbar6,0.2261960357427597,12
893,all,encoder,path/3ps/mean_std_qbar6,0.20036979019641876,12
894,all,encoder,path/3ps/mean_std_qbar6,0.17671824991703033,12
895,all,encoder,path/3ps/mean_std_qbar6,0.14264734089374542,12
896,all,encoder,path/3ps/mean_std_qbar6,0.2159053087234497,12
897,all,encoder,path/3ps/mean_std_qbar6,0.13863806426525116,12
898,all,encoder,path/3ps/mean_std_qbar6,0.161932110786438,12
899,all,encoder,path/3ps/mean_std_qbar6,0.07539577037096024,12
900,all,encoder,path/3ps/mean_std_qbar6,0.2411644458770752,12
901,all,encoder,path/3ps/mean_std_qbar6,0.11418082565069199,12
914,all,encoder,path/3ps/mean_std_qbar6,0.10661492496728897,12
915,all,encoder,path/3ps/mean_std_qbar6,0.07748208194971085,12
916,all,encoder,path/3ps/mean_std_qbar6,0.06515621393918991,12
917,all,encoder,path/3ps/mean_std_qbar6,0.04843389615416527,12
918,all,encoder,path/3ps/mean_std_qbar6,0.06930075585842133,12
919,all,encoder,path/3ps/mean_std_qbar6,0.06864655017852783,12
920,all,encoder,path/3ps/mean_std_qbar6,0.4393630027770996,12
921,all,encoder,path/3ps/mean_std_qbar6,0.047980185598134995,12
922,all,encoder,path/3ps/mean_std_qbar6,0.36537906527519226,12
923,all,encoder,path/3ps/mean_std_qbar6,0.05119040608406067,12
924,all,encoder,path/3ps/mean_std_qbar6,0.18221686780452728,12
925,all,encoder,path/3ps/mean_std_qbar6,0.047284115105867386,12
926,all,encoder,path/3ps/mean_std_qbar6,0.03145790472626686,12
927,all,encoder,path/3ps/mean_std_qbar6,0.04085967317223549,12
928,all,encoder,path/3ps/mean_std_qbar6,0.30310752987861633,12
929,all,encoder,path/3ps/mean_std_qbar6,0.2850811779499054,12
930,all,encoder,path/3ps/mean_std_qbar6,0.0707213506102562,12
931,all,encoder,path/3ps/mean_std_qbar6,0.14222244918346405,12
944,all,encoder,path/3ps/mean_std_qbar6,0.042740266770124435,12
945,all,encoder,path/3ps/mean_std_qbar6,0.16222886741161346,12
946,all,encoder,path/3ps/mean_std_qbar6,0.0912821814417839,12
947,all,encoder,path/3ps/mean_std_qbar6,0.25026968121528625,12
948,all,encoder,path/3ps/mean_std_qbar6,0.10686877369880676,12
949,all,encoder,path/3ps/mean_std_qbar6,0.057332221418619156,12
950,all,encoder,path/3ps/mean_std_qbar6,0.0530986487865448,12
951,all,encoder,path/3ps/mean_std_qbar6,0.04853271320462227,12
952,all,encoder,path/3ps/mean_std_qbar6,0.06806259602308273,12
953,all,encoder,path/3ps/mean_std_qbar6,0.2504805624485016,12
954,all,encoder,path/3ps/mean_std_qbar6,0.14558593928813934,12
955,all,encoder,path/3ps/mean_std_qbar6,0.09127544611692429,12
956,all,encoder,path/3ps/mean_std_qbar6,0.14815831184387207,12
957,all,encoder,path/3ps/mean_std_qbar6,0.22758851945400238,12
958,all,encoder,path/3ps/mean_std_qbar6,0.26387453079223633,12
959,all,encoder,path/3ps/mean_std_qbar6,0.2666924297809601,12
960,all,encoder,path/3ps/mean_std_qbar6,0.3395615518093109,12
961,all,encoder,path/3ps/mean_std_qbar6,0.19718040525913239,12
974,all,encoder,path/3ps/mean_std_qbar6,0.1732548326253891,12
975,all,encoder,path/3ps/mean_std_qbar6,0.2978035509586334,12
976,all,encoder,path/3ps/mean_std_qbar6,0.13264481723308563,12
977,all,encoder,path/3ps/mean_std_qbar6,0.12797759473323822,12
978,all,encoder,path/3ps/mean_std_qbar6,0.19962650537490845,12
979,all,encoder,path/3ps/mean_std_qbar6,0.1322794258594513,12
980,all,encoder,path/3ps/mean_std_qbar6,0.06930643320083618,12
981,all,encoder,path/3ps/mean_std_qbar6,0.023042768239974976,12
982,all,encoder,path/3ps/mean_std_qbar6,0.030228734016418457,12
983,all,encoder,path/3ps/mean_std_qbar6,0.12794943153858185,12
984,all,encoder,path/3ps/mean_std_qbar6,0.13963335752487183,12
985,all,encoder,path/3ps/mean_std_qbar6,0.19263912737369537,12
986,all,encoder,path/3ps/mean_std_qbar6,0.11351261287927628,12
987,all,encoder,path/3ps/mean_std_qbar6,0.020879605785012245,12
988,all,encoder,path/3ps/mean_std_qbar6,0.09043515473604202,12
989,all,encoder,path/3ps/mean_std_qbar6,0.10881635546684265,12
990,all,encoder,path/3ps/mean_std_qbar6,0.09913357347249985,12
991,all,encoder,path/3ps/mean_std_qbar6,0.08422515541315079,12
1004,all,encoder,path/3ps/mean_std_qbar6,0.0357467345893383,12
1005,all,encoder,path/3ps/mean_std_qbar6,0.17464189231395721,12
1006,all,encoder,path/3ps/mean_std_qbar6,0.08324888348579407,12
860,all,encoder,path/9ps/mean_std_qbar6,0.1541101187467575,12
861,all,encoder,path/9ps/mean_std_qbar6,0.09888949990272522,12
862,all,encoder,path/9ps/mean_std_qbar6,0.1039796695113182,12
863,all,encoder,path/9ps/mean_std_qbar6,0.0937274619936943,12
864,all,encoder,path/9ps/mean_std_qbar6,0.12375233322381973,12
865,all,encoder,path/9ps/mean_std_qbar6,0.14418184757232666,12
866,all,encoder,path/9ps/mean_std_qbar6,0.09168121218681335,12
867,all,encoder,path/9ps/mean_std_qbar6,0.16579502820968628,12
868,all,encoder,path/9ps/mean_std_qbar6,0.0842093750834465,12
869,all,encoder,path/9ps/mean_std_qbar6,0.07691275328397751,12
870,all,encoder,path/9ps/mean_std_qbar6,0.12324944138526917,12
871,all,encoder,path/9ps/mean_std_qbar6,0.26681992411613464,12
872,all,encoder,path/9ps/mean_std_qbar6,0.11805545538663864,12
873,all,encoder,path/9ps/mean_std_qbar6,0.0647844672203064,12
874,all,encoder,path/9ps/mean_std_qbar6,0.20062458515167236,12
884,all,encoder,path/9ps/mean_std_qbar6,0.24808430671691895,12
885,all,encoder,path/9ps/mean_std_qbar6,0.4011770784854889,12
886,all,encoder,path/9ps/mean_std_qbar6,0.048714328557252884,12
887,all,encoder,path/9ps/mean_std_qbar6,0.14563943445682526,12
888,all,encoder,path/9ps/mean_std_qbar6,0.21780399978160858,12
889,all,encoder,path/9ps/mean_std_qbar6,0.21169543266296387,12
890,all,encoder,path/9ps/mean_std_qbar6,0.3739084005355835,12
891,all,encoder,path/9ps/mean_std_qbar6,0.16599354147911072,12
892,all,encoder,path/9ps/mean_std_qbar6,0.2306256741285324,12
893,all,encoder,path/9ps/mean_std_qbar6,0.19089336693286896,12
894,all,encoder,path/9ps/mean_std_qbar6,0.13899093866348267,12
895,all,encoder,path/9ps/mean_std_qbar6,0.13651396334171295,12
896,all,encoder,path/9ps/mean_std_qbar6,0.2005913257598877,12
897,all,encoder,path/9ps/mean_std_qbar6,0.1164042055606842,12
898,all,encoder,path/9ps/mean_std_qbar6,0.15111154317855835,12
899,all,encoder,path/9ps/mean_std_qbar6,0.07373320311307907,12
900,all,encoder,path/9ps/mean_std_qbar6,0.23225201666355133,12
901,all,encoder,path/9ps/mean_std_qbar6,0.12233531475067139,12
914,all,encoder,path/9ps/mean_std_qbar6,0.10739796608686447,12
915,all,encoder,path/9ps/mean_std_qbar6,0.08312255889177322,12
916,all,encoder,path/9ps/mean_std_qbar6,0.05972643569111824,12
917,all,encoder,path/9ps/mean_std_qbar6,0.03665274381637573,12
918,all,encoder,path/9ps/mean_std_qbar6,0.07206133753061295,12
919,all,encoder,path/9ps/mean_std_qbar6,0.06022859737277031,12
920,all,encoder,path/9ps/mean_std_qbar6,0.4505031406879425,12
921,all,encoder,path/9ps/mean_std_qbar6,0.038193900138139725,12
922,all,encoder,path/9ps/mean_std_qbar6,0.3693524897098541,12
923,all,encoder,path/9ps/mean_std_qbar6,0.0438777357339859,12
924,all,encoder,path/9ps/mean_std_qbar6,0.19774477183818817,12
925,all,encoder,path/9ps/mean_std_qbar6,0.041391462087631226,12
926,all,encoder,path/9ps/mean_std_qbar6,0.02128436230123043,12
927,all,encoder,path/9ps/mean_std_qbar6,0.03072594664990902,12
928,all,encoder,path/9ps/mean_std_qbar6,0.31612667441368103,12
929,all,encoder,path/9ps/mean_std_qbar6,0.2795724868774414,12
930,all,encoder,path/9ps/mean_std_qbar6,0.06017690896987915,12
931,all,encoder,path/9ps/mean_std_qbar6,0.14116938412189484,12
944,all,encoder,path/9ps/mean_std_qbar6,0.05029435083270073,12
945,all,encoder,path/9ps/mean_std_qbar6,0.15480642020702362,12
946,all,encoder,path/9ps/mean_std_qbar6,0.08420663326978683,12
947,all,encoder,path/9ps/mean_std_qbar6,0.24689297378063202,12
948,all,encoder,path/9ps/mean_std_qbar6,0.09493496268987656,12
949,all,encoder,path/9ps/mean_std_qbar6,0.04383762180805206,12
950,all,encoder,path/9ps/mean_std_qbar6,0.08225809782743454,12
951,all,encoder,path/9ps/mean_std_qbar6,0.03864514082670212,12
952,all,encoder,path/9ps/mean_std_qbar6,0.06455565243959427,12
953,all,encoder,path/9ps/mean_std_qbar6,0.2917214334011078,12
954,all,encoder,path/9ps/mean_std_qbar6,0.11898789554834366,12
955,all,encoder,path/9ps/mean_std_qbar6,0.09208206087350845,12
956,all,encoder,path/9ps/mean_std_qbar6,0.13785283267498016,12
957,all,encoder,path/9ps/mean_std_qbar6,0.2397068738937378,12
958,all,encoder,path/9ps/mean_std_qbar6,0.2518855631351471,12
959,all,encoder,path/9ps/mean_std_qbar6,0.2703765034675598,12
960,all,encoder,path/9ps/mean_std_qbar6,0.34510231018066406,12
961,all,encoder,path/9ps/mean_std_qbar6,0.1968119889497757,12
974,all,encoder,path/9ps/mean_std_qbar6,0.16354933381080627,12
975,all,encoder,path/9ps/mean_std_qbar6,0.3146597445011139,12
976,all,encoder,path/9ps/mean_std_qbar6,0.13697437942028046,12
977,all,encoder,path/9ps/mean_std_qbar6,0.12015768140554428,12
978,all,encoder,path/9ps/mean_std_qbar6,0.15134841203689575,12
979,all,encoder,path/9ps/mean_std_qbar6,0.12829817831516266,12
980,all,encoder,path/9ps/mean_std_qbar6,0.06944798678159714,12
981,all,encoder,path/9ps/mean_std_qbar6,0.023156367242336273,12
982,all,encoder,path/9ps/mean_std_qbar6,0.026352601125836372,12
983,all,encoder,path/9ps/mean_std_qbar6,0.13030293583869934,12
984,all,encoder,path/9ps/mean_std_qbar6,0.13838541507720947,12
985,all,encoder,path/9ps/mean_std_qbar6,0.20811976492404938,12
986,all,encoder,path/9ps/mean_std_qbar6,0.11894754320383072,12
987,all,encoder,path/9ps/mean_std_qbar6,0.025451868772506714,12
988,all,encoder,path/9ps/mean_std_qbar6,0.08886761218309402,12
989,all,encoder,path/9ps/mean_std_qbar6,0.10789867490530014,12
990,all,encoder,path/9ps/mean_std_qbar6,0.10120881348848343,12
991,all,encoder,path/9ps/mean_std_qbar6,0.08383870869874954,12
1004,all,encoder,path/9ps/mean_std_qbar6,0.027457373216748238,12
1005,all,encoder,path/9ps/mean_std_qbar6,0.16885393857955933,12
1006,all,encoder,path/9ps/mean_std_qbar6,0.07531701773405075,12
861,low_order,encoder,present/bond_order,0.17683172225952148,12
864,low_order,encoder,present/bond_order,0.19056029617786407,12
865,low_order,encoder,present/bond_order,0.30594193935394287,12
866,low_order,encoder,present/bond_order,0.18864448368549347,12
867,low_order,encoder,present/bond_order,0.2416185587644577,12
868,low_order,encoder,present/bond_order,0.2849024832248688,6
869,low_order,encoder,present/bond_order,0.16769063472747803,12
870,low_order,encoder,present/bond_order,0.229853555560112,12
871,low_order,encoder,present/bond_order,0.17620152235031128,9
874,low_order,encoder,present/bond_order,0.31770825386047363,12
884,low_order,encoder,present/bond_order,0.33764728903770447,12
885,low_order,encoder,present/bond_order,0.4025901257991791,12
887,low_order,encoder,present/bond_order,0.20567096769809723,12
888,low_order,encoder,present/bond_order,0.2752368152141571,12
889,low_order,encoder,present/bond_order,0.29984354972839355,12
890,low_order,encoder,present/bond_order,0.4726085662841797,9
891,low_order,encoder,present/bond_order,0.2105286717414856,12
892,low_order,encoder,present/bond_order,0.28897804021835327,12
893,low_order,encoder,present/bond_order,0.22550742328166962,12
894,low_order,encoder,present/bond_order,0.5568506121635437,6
895,low_order,encoder,present/bond_order,0.16916213929653168,12
896,low_order,encoder,present/bond_order,0.2166939377784729,12
897,low_order,encoder,present/bond_order,0.2129524201154709,12
898,low_order,encoder,present/bond_order,0.2806856036186218,12
899,low_order,encoder,present/bond_order,0.32218921184539795,9
900,low_order,encoder,present/bond_order,0.3134138286113739,12
901,low_order,encoder,present/bond_order,0.22593259811401367,9
918,low_order,encoder,present/bond_order,0.5020771622657776,1
944,low_order,encoder,present/bond_order,0.1477038860321045,3
950,low_order,encoder,present/bond_order,0.1708974838256836,9
954,low_order,encoder,present/bond_order,0.189630389213562,12
956,low_order,encoder,present/bond_order,0.24310874938964844,12
978,low_order,encoder,present/bond_order,0.22172237932682037,12
979,low_order,encoder,present/bond_order,0.21389330923557281,12
988,low_order,encoder,present/bond_order,0.3267298936843872,12
861,low_order,encoder,future/0.75ps/bond_order,0.21327495574951172,12
864,low_order,encoder,future/0.75ps/bond_order,0.24517059326171875,12
865,low_order,encoder,future/0.75ps/bond_order,0.31787803769111633,12
866,low_order,encoder,future/0.75ps/bond_order,0.17271964251995087,12
867,low_order,encoder,future/0.75ps/bond_order,0.27850672602653503,12
868,low_order,encoder,future/0.75ps/bond_order,0.26610520482063293,6
869,low_order,encoder,future/0.75ps/bond_order,0.17929838597774506,12
870,low_order,encoder,future/0.75ps/bond_order,0.2865239679813385,12
871,low_order,encoder,future/0.75ps/bond_order,0.21280032396316528,9
874,low_order,encoder,future/0.75ps/bond_order,0.38863706588745117,12
884,low_order,encoder,future/0.75ps/bond_order,0.38275596499443054,12
885,low_order,encoder,future/0.75ps/bond_order,0.42108848690986633,12
887,low_order,encoder,future/0.75ps/bond_order,0.22864528000354767,12
888,low_order,encoder,future/0.75ps/bond_order,0.28955015540122986,12
889,low_order,encoder,future/0.75ps/bond_order,0.36388659477233887,12
890,low_order,encoder,future/0.75ps/bond_order,0.47740936279296875,9
891,low_order,encoder,future/0.75ps/bond_order,0.22905708849430084,12
892,low_order,encoder,future/0.75ps/bond_order,0.27923786640167236,12
893,low_order,encoder,future/0.75ps/bond_order,0.25248411297798157,12
894,low_order,encoder,future/0.75ps/bond_order,0.6133818626403809,6
895,low_order,encoder,future/0.75ps/bond_order,0.1837596893310547,12
896,low_order,encoder,future/0.75ps/bond_order,0.2238602638244629,12
897,low_order,encoder,future/0.75ps/bond_order,0.2316819429397583,12
898,low_order,encoder,future/0.75ps/bond_order,0.30237409472465515,12
899,low_order,encoder,future/0.75ps/bond_order,0.3104589581489563,9
900,low_order,encoder,future/0.75ps/bond_order,0.30003753304481506,12
901,low_order,encoder,future/0.75ps/bond_order,0.26477277278900146,9
918,low_order,encoder,future/0.75ps/bond_order,0.5402407646179199,1
944,low_order,encoder,future/0.75ps/bond_order,0.16567210853099823,3
950,low_order,encoder,future/0.75ps/bond_order,0.17724311351776123,9
954,low_order,encoder,future/0.75ps/bond_order,0.2305055856704712,12
956,low_order,encoder,future/0.75ps/bond_order,0.31891268491744995,12
978,low_order,encoder,future/0.75ps/bond_order,0.2665947377681732,12
979,low_order,encoder,future/0.75ps/bond_order,0.241581991314888,12
988,low_order,encoder,future/0.75ps/bond_order,0.353908896446228,12
861,low_order,persistence,future/0.75ps/bond_order,0.15103933215141296,12
864,low_order,persistence,future/0.75ps/bond_order,0.14384593069553375,12
865,low_order,persistence,future/0.75ps/bond_order,0.19934184849262238,12
866,low_order,persistence,future/0.75ps/bond_order,0.16622596979141235,12
867,low_order,persistence,future/0.75ps/bond_order,0.15567557513713837,12
868,low_order,persistence,future/0.75ps/bond_order,0.14906351268291473,6
869,low_order,persistence,future/0.75ps/bond_order,0.17642956972122192,12
870,low_order,persistence,future/0.75ps/bond_order,0.15410707890987396,12
871,low_order,persistence,future/0.75ps/bond_order,0.15335243940353394,9
874,low_order,persistence,future/0.75ps/bond_order,0.22931313514709473,12
884,low_order,persistence,future/0.75ps/bond_order,0.08589693903923035,12
885,low_order,persistence,future/0.75ps/bond_order,0.08372422307729721,12
887,low_order,persistence,future/0.75ps/bond_order,0.11733917146921158,12
888,low_order,persistence,future/0.75ps/bond_order,0.12088937312364578,12
889,low_order,persistence,future/0.75ps/bond_order,0.13287362456321716,12
890,low_order,persistence,future/0.75ps/bond_order,0.11041191220283508,9
891,low_order,persistence,future/0.75ps/bond_order,0.11459650844335556,12
892,low_order,persistence,future/0.75ps/bond_order,0.10749444365501404,12
893,low_order,persistence,future/0.75ps/bond_order,0.0887831375002861,12
894,low_order,persistence,future/0.75ps/bond_order,0.15047694742679596,6
895,low_order,persistence,future/0.75ps/bond_order,0.09080369025468826,12
896,low_order,persistence,future/0.75ps/bond_order,0.11136186867952347,12
897,low_order,persistence,future/0.75ps/bond_order,0.11265650391578674,12
898,low_order,persistence,future/0.75ps/bond_order,0.17304760217666626,12
899,low_order,persistence,future/0.75ps/bond_order,0.1145082339644432,9
900,low_order,persistence,future/0.75ps/bond_order,0.1975754350423813,12
901,low_order,persistence,future/0.75ps/bond_order,0.1810682713985443,9
918,low_order,persistence,future/0.75ps/bond_order,0.046430181711912155,1
944,low_order,persistence,future/0.75ps/bond_order,0.11110558360815048,3
950,low_order,persistence,future/0.75ps/bond_order,0.2112010419368744,9
954,low_order,persistence,future/0.75ps/bond_order,0.1821744590997696,12
956,low_order,persistence,future/0.75ps/bond_order,0.16931356489658356,12
978,low_order,persistence,future/0.75ps/bond_order,0.12176317721605301,12
979,low_order,persistence,future/0.75ps/bond_order,0.19464249908924103,12
988,low_order,persistence,future/0.75ps/bond_order,0.16765481233596802,12
861,low_order,encoder,delta/0.75ps/bond_order,0.1667470782995224,12
864,low_order,encoder,delta/0.75ps/bond_order,0.16731010377407074,12
865,low_order,encoder,delta/0.75ps/bond_order,0.22291088104248047,12
866,low_order,encoder,delta/0.75ps/bond_order,0.1849568486213684,12
867,low_order,encoder,delta/0.75ps/bond_order,0.17316888272762299,12
868,low_order,encoder,delta/0.75ps/bond_order,0.16928113996982574,6
869,low_order,encoder,delta/0.75ps/bond_order,0.17731882631778717,12
870,low_order,encoder,delta/0.75ps/bond_order,0.16198745369911194,12
871,low_order,encoder,delta/0.75ps/bond_order,0.16350822150707245,9
874,low_order,encoder,delta/0.75ps/bond_order,0.23218943178653717,12
884,low_order,encoder,delta/0.75ps/bond_order,0.09583453088998795,12
885,low_order,encoder,delta/0.75ps/bond_order,0.09326853603124619,12
887,low_order,encoder,delta/0.75ps/bond_order,0.11905550211668015,12
888,low_order,encoder,delta/0.75ps/bond_order,0.12926192581653595,12
889,low_order,encoder,delta/0.75ps/bond_order,0.14121398329734802,12
890,low_order,encoder,delta/0.75ps/bond_order,0.11855578422546387,9
891,low_order,encoder,delta/0.75ps/bond_order,0.12499599903821945,12
892,low_order,encoder,delta/0.75ps/bond_order,0.11622846871614456,12
893,low_order,encoder,delta/0.75ps/bond_order,0.10167711973190308,12
894,low_order,encoder,delta/0.75ps/bond_order,0.16274835169315338,6
895,low_order,encoder,delta/0.75ps/bond_order,0.09789234399795532,12
896,low_order,encoder,delta/0.75ps/bond_order,0.11235109716653824,12
897,low_order,encoder,delta/0.75ps/bond_order,0.11921077966690063,12
898,low_order,encoder,delta/0.75ps/bond_order,0.18202631175518036,12
899,low_order,encoder,delta/0.75ps/bond_order,0.13274499773979187,9
900,low_order,encoder,delta/0.75ps/bond_order,0.20434312522411346,12
901,low_order,encoder,delta/0.75ps/bond_order,0.18907783925533295,9
918,low_order,encoder,delta/0.75ps/bond_order,0.0653734877705574,1
944,low_order,encoder,delta/0.75ps/bond_order,0.12703996896743774,3
950,low_order,encoder,delta/0.75ps/bond_order,0.2212742418050766,9
954,low_order,encoder,delta/0.75ps/bond_order,0.20339642465114594,12
956,low_order,encoder,delta/0.75ps/bond_order,0.19012020528316498,12
978,low_order,encoder,delta/0.75ps/bond_order,0.13382144272327423,12
979,low_order,encoder,delta/0.75ps/bond_order,0.21315555274486542,12
988,low_order,encoder,delta/0.75ps/bond_order,0.17228083312511444,12
861,low_order,encoder,future/3ps/bond_order,0.2851211726665497,12
864,low_order,encoder,future/3ps/bond_order,0.2795731723308563,12
865,low_order,encoder,future/3ps/bond_order,0.243893101811409,12
866,low_order,encoder,future/3ps/bond_order,0.24193044006824493,12
867,low_order,encoder,future/3ps/bond_order,0.35874342918395996,12
868,low_order,encoder,future/3ps/bond_order,0.28334835171699524,6
869,low_order,encoder,future/3ps/bond_order,0.17798472940921783,12
870,low_order,encoder,future/3ps/bond_order,0.3237955868244171,12
871,low_order,encoder,future/3ps/bond_order,0.267364501953125,9
874,low_order,encoder,future/3ps/bond_order,0.3218920826911926,12
884,low_order,encoder,future/3ps/bond_order,0.29941174387931824,12
885,low_order,encoder,future/3ps/bond_order,0.47802746295928955,12
887,low_order,encoder,future/3ps/bond_order,0.22806356847286224,12
888,low_order,encoder,future/3ps/bond_order,0.28097838163375854,12
889,low_order,encoder,future/3ps/bond_order,0.6521697640419006,12
890,low_order,encoder,future/3ps/bond_order,0.5439108610153198,9
891,low_order,encoder,future/3ps/bond_order,0.2781032621860504,12
892,low_order,encoder,future/3ps/bond_order,0.3299120366573334,12
893,low_order,encoder,future/3ps/bond_order,0.25805994868278503,12
894,low_order,encoder,future/3ps/bond_order,0.5910876393318176,6
895,low_order,encoder,future/3ps/bond_order,0.209142804145813,12
896,low_order,encoder,future/3ps/bond_order,0.2528761923313141,12
897,low_order,encoder,future/3ps/bond_order,0.264197438955307,12
898,low_order,encoder,future/3ps/bond_order,0.2914096713066101,12
899,low_order,encoder,future/3ps/bond_order,0.27935346961021423,9
900,low_order,encoder,future/3ps/bond_order,0.2922928035259247,12
901,low_order,encoder,future/3ps/bond_order,0.42896223068237305,9
918,low_order,encoder,future/3ps/bond_order,0.3214303255081177,1
944,low_order,encoder,future/3ps/bond_order,0.24513299763202667,3
950,low_order,encoder,future/3ps/bond_order,0.2985600233078003,9
954,low_order,encoder,future/3ps/bond_order,0.2960326671600342,12
956,low_order,encoder,future/3ps/bond_order,0.3871416747570038,12
978,low_order,encoder,future/3ps/bond_order,0.2609142065048218,12
979,low_order,encoder,future/3ps/bond_order,0.2528970539569855,12
988,low_order,encoder,future/3ps/bond_order,0.29951268434524536,12
861,low_order,persistence,future/3ps/bond_order,0.18976157903671265,12
864,low_order,persistence,future/3ps/bond_order,0.19634783267974854,12
865,low_order,persistence,future/3ps/bond_order,0.1691674143075943,12
866,low_order,persistence,future/3ps/bond_order,0.22337500751018524,12
867,low_order,persistence,future/3ps/bond_order,0.2411113977432251,12
868,low_order,persistence,future/3ps/bond_order,0.22374378144741058,6
869,low_order,persistence,future/3ps/bond_order,0.1497506946325302,12
870,low_order,persistence,future/3ps/bond_order,0.18868346512317657,12
871,low_order,persistence,future/3ps/bond_order,0.23699235916137695,9
874,low_order,persistence,future/3ps/bond_order,0.2362634688615799,12
884,low_order,persistence,future/3ps/bond_order,0.12570194900035858,12
885,low_order,persistence,future/3ps/bond_order,0.1283232420682907,12
887,low_order,persistence,future/3ps/bond_order,0.15492409467697144,12
888,low_order,persistence,future/3ps/bond_order,0.15758241713047028,12
889,low_order,persistence,future/3ps/bond_order,0.27135512232780457,12
890,low_order,persistence,future/3ps/bond_order,0.1143907830119133,9
891,low_order,persistence,future/3ps/bond_order,0.11658639460802078,12
892,low_order,persistence,future/3ps/bond_order,0.15427611768245697,12
893,low_order,persistence,future/3ps/bond_order,0.10869411379098892,12
894,low_order,persistence,future/3ps/bond_order,0.14233390986919403,6
895,low_order,persistence,future/3ps/bond_order,0.10329410433769226,12
896,low_order,persistence,future/3ps/bond_order,0.11387291550636292,12
897,low_order,persistence,future/3ps/bond_order,0.14645738899707794,12
898,low_order,persistence,future/3ps/bond_order,0.14353014528751373,12
899,low_order,persistence,future/3ps/bond_order,0.13002349436283112,9
900,low_order,persistence,future/3ps/bond_order,0.16570596396923065,12
901,low_order,persistence,future/3ps/bond_order,0.3585214912891388,9
918,low_order,persistence,future/3ps/bond_order,0.10321646928787231,1
944,low_order,persistence,future/3ps/bond_order,0.1881294697523117,3
950,low_order,persistence,future/3ps/bond_order,0.3415946364402771,9
954,low_order,persistence,future/3ps/bond_order,0.2557314932346344,12
956,low_order,persistence,future/3ps/bond_order,0.26094865798950195,12
978,low_order,persistence,future/3ps/bond_order,0.20415468513965607,12
979,low_order,persistence,future/3ps/bond_order,0.1934698075056076,12
988,low_order,persistence,future/3ps/bond_order,0.1687294840812683,12
861,low_order,encoder,delta/3ps/bond_order,0.20380999147891998,12
864,low_order,encoder,delta/3ps/bond_order,0.2234010547399521,12
865,low_order,encoder,delta/3ps/bond_order,0.1841762214899063,12
866,low_order,encoder,delta/3ps/bond_order,0.23744767904281616,12
867,low_order,encoder,delta/3ps/bond_order,0.2774176597595215,12
868,low_order,encoder,delta/3ps/bond_order,0.2489386945962906,6
869,low_order,encoder,delta/3ps/bond_order,0.15114901959896088,12
870,low_order,encoder,delta/3ps/bond_order,0.20341886579990387,12
871,low_order,encoder,delta/3ps/bond_order,0.2523338496685028,9
874,low_order,encoder,delta/3ps/bond_order,0.23706753551959991,12
884,low_order,encoder,delta/3ps/bond_order,0.13435246050357819,12
885,low_order,encoder,delta/3ps/bond_order,0.1340026557445526,12
887,low_order,encoder,delta/3ps/bond_order,0.15790067613124847,12
888,low_order,encoder,delta/3ps/bond_order,0.15606680512428284,12
889,low_order,encoder,delta/3ps/bond_order,0.2630491554737091,12
890,low_order,encoder,delta/3ps/bond_order,0.12188596278429031,9
891,low_order,encoder,delta/3ps/bond_order,0.12617792189121246,12
892,low_order,encoder,delta/3ps/bond_order,0.15833361446857452,12
893,low_order,encoder,delta/3ps/bond_order,0.12011516094207764,12
894,low_order,encoder,delta/3ps/bond_order,0.16512177884578705,6
895,low_order,encoder,delta/3ps/bond_order,0.11300044506788254,12
896,low_order,encoder,delta/3ps/bond_order,0.11167310923337936,12
897,low_order,encoder,delta/3ps/bond_order,0.15651680529117584,12
898,low_order,encoder,delta/3ps/bond_order,0.15611441433429718,12
899,low_order,encoder,delta/3ps/bond_order,0.15714436769485474,9
900,low_order,encoder,delta/3ps/bond_order,0.16855718195438385,12
901,low_order,encoder,delta/3ps/bond_order,0.34359094500541687,9
918,low_order,encoder,delta/3ps/bond_order,0.09496933221817017,1
944,low_order,encoder,delta/3ps/bond_order,0.20781956613063812,3
950,low_order,encoder,delta/3ps/bond_order,0.32704535126686096,9
954,low_order,encoder,delta/3ps/bond_order,0.27636393904685974,12
956,low_order,encoder,delta/3ps/bond_order,0.25170639157295227,12
978,low_order,encoder,delta/3ps/bond_order,0.20674870908260345,12
979,low_order,encoder,delta/3ps/bond_order,0.21609628200531006,12
988,low_order,encoder,delta/3ps/bond_order,0.17121225595474243,12
861,low_order,encoder,future/9ps/bond_order,0.2789875864982605,12
864,low_order,encoder,future/9ps/bond_order,0.2702935039997101,12
865,low_order,encoder,future/9ps/bond_order,0.3027031719684601,12
866,low_order,encoder,future/9ps/bond_order,0.2989315092563629,12
867,low_order,encoder,future/9ps/bond_order,0.3117311894893646,12
868,low_order,encoder,future/9ps/bond_order,0.6933750510215759,6
869,low_order,encoder,future/9ps/bond_order,0.27008673548698425,12
870,low_order,encoder,future/9ps/bond_order,0.2883266508579254,12
871,low_order,encoder,future/9ps/bond_order,0.6651667356491089,9
874,low_order,encoder,future/9ps/bond_order,0.3716493844985962,12
884,low_order,encoder,future/9ps/bond_order,0.31012162566185,12
885,low_order,encoder,future/9ps/bond_order,0.4786611795425415,12
887,low_order,encoder,future/9ps/bond_order,0.2309407740831375,12
888,low_order,encoder,future/9ps/bond_order,0.29386478662490845,12
889,low_order,encoder,future/9ps/bond_order,0.734733521938324,12
890,low_order,encoder,future/9ps/bond_order,0.5545725226402283,9
891,low_order,encoder,future/9ps/bond_order,0.3218490183353424,12
892,low_order,encoder,future/9ps/bond_order,0.31951677799224854,12
893,low_order,encoder,future/9ps/bond_order,0.2576281726360321,12
894,low_order,encoder,future/9ps/bond_order,0.9567801356315613,6
895,low_order,encoder,future/9ps/bond_order,0.263168603181839,12
896,low_order,encoder,future/9ps/bond_order,0.29436373710632324,12
897,low_order,encoder,future/9ps/bond_order,0.23799972236156464,12
898,low_order,encoder,future/9ps/bond_order,0.35087788105010986,12
899,low_order,encoder,future/9ps/bond_order,0.30512577295303345,9
900,low_order,encoder,future/9ps/bond_order,0.4392596483230591,12
901,low_order,encoder,future/9ps/bond_order,0.7355892658233643,9
918,low_order,encoder,future/9ps/bond_order,0.3800128996372223,1
944,low_order,encoder,future/9ps/bond_order,0.8556442856788635,3
950,low_order,encoder,future/9ps/bond_order,0.49257341027259827,9
954,low_order,encoder,future/9ps/bond_order,0.26398831605911255,12
956,low_order,encoder,future/9ps/bond_order,0.4505743980407715,12
978,low_order,encoder,future/9ps/bond_order,0.3233248293399811,12
979,low_order,encoder,future/9ps/bond_order,0.29903414845466614,12
988,low_order,encoder,future/9ps/bond_order,0.2907571494579315,12
861,low_order,persistence,future/9ps/bond_order,0.31347331404685974,12
864,low_order,persistence,future/9ps/bond_order,0.14680035412311554,12
865,low_order,persistence,future/9ps/bond_order,0.2704751491546631,12
866,low_order,persistence,future/9ps/bond_order,0.28008297085762024,12
867,low_order,persistence,future/9ps/bond_order,0.2699607312679291,12
868,low_order,persistence,future/9ps/bond_order,1.1039097309112549,6
869,low_order,persistence,future/9ps/bond_order,0.1769700050354004,12
870,low_order,persistence,future/9ps/bond_order,0.25985243916511536,12
871,low_order,persistence,future/9ps/bond_order,0.7615754008293152,9
874,low_order,persistence,future/9ps/bond_order,0.18675947189331055,12
884,low_order,persistence,future/9ps/bond_order,0.13701142370700836,12
885,low_order,persistence,future/9ps/bond_order,0.12514840066432953,12
887,low_order,persistence,future/9ps/bond_order,0.12801924347877502,12
888,low_order,persistence,future/9ps/bond_order,0.11396133154630661,12
889,low_order,persistence,future/9ps/bond_order,0.42918285727500916,12
890,low_order,persistence,future/9ps/bond_order,0.1373029202222824,9
891,low_order,persistence,future/9ps/bond_order,0.14851316809654236,12
892,low_order,persistence,future/9ps/bond_order,0.17282767593860626,12
893,low_order,persistence,future/9ps/bond_order,0.12547048926353455,12
894,low_order,persistence,future/9ps/bond_order,0.3848316967487335,6
895,low_order,persistence,future/9ps/bond_order,0.12549461424350739,12
896,low_order,persistence,future/9ps/bond_order,0.20832081139087677,12
897,low_order,persistence,future/9ps/bond_order,0.17844736576080322,12
898,low_order,persistence,future/9ps/bond_order,0.1293392926454544,12
899,low_order,persistence,future/9ps/bond_order,0.16027560830116272,9
900,low_order,persistence,future/9ps/bond_order,0.3087938725948334,12
901,low_order,persistence,future/9ps/bond_order,0.7566218376159668,9
918,low_order,persistence,future/9ps/bond_order,0.24103954434394836,1
944,low_order,persistence,future/9ps/bond_order,1.6869393587112427,3
950,low_order,persistence,future/9ps/bond_order,0.7552213668823242,9
954,low_order,persistence,future/9ps/bond_order,0.179076686501503,12
956,low_order,persistence,future/9ps/bond_order,0.353728324174881,12
978,low_order,persistence,future/9ps/bond_order,0.26888060569763184,12
979,low_order,persistence,future/9ps/bond_order,0.1975790113210678,12
988,low_order,persistence,future/9ps/bond_order,0.23622967302799225,12
861,low_order,encoder,delta/9ps/bond_order,0.3109026849269867,12
864,low_order,encoder,delta/9ps/bond_order,0.16511249542236328,12
865,low_order,encoder,delta/9ps/bond_order,0.31471017003059387,12
866,low_order,encoder,delta/9ps/bond_order,0.3074677884578705,12
867,low_order,encoder,delta/9ps/bond_order,0.30959680676460266,12
868,low_order,encoder,delta/9ps/bond_order,1.0024418830871582,6
869,low_order,encoder,delta/9ps/bond_order,0.1922001838684082,12
870,low_order,encoder,delta/9ps/bond_order,0.22675974667072296,12
871,low_order,encoder,delta/9ps/bond_order,0.7194944620132446,9
874,low_order,encoder,delta/9ps/bond_order,0.2106163501739502,12
884,low_order,encoder,delta/9ps/bond_order,0.15018455684185028,12
885,low_order,encoder,delta/9ps/bond_order,0.1356288492679596,12
887,low_order,encoder,delta/9ps/bond_order,0.13890762627124786,12
888,low_order,encoder,delta/9ps/bond_order,0.12581291794776917,12
889,low_order,encoder,delta/9ps/bond_order,0.3437284231185913,12
890,low_order,encoder,delta/9ps/bond_order,0.1496703326702118,9
891,low_order,encoder,delta/9ps/bond_order,0.1799512505531311,12
892,low_order,encoder,delta/9ps/bond_order,0.18815551698207855,12
893,low_order,encoder,delta/9ps/bond_order,0.13975748419761658,12
894,low_order,encoder,delta/9ps/bond_order,0.34554722905158997,6
895,low_order,encoder,delta/9ps/bond_order,0.15529824793338776,12
896,low_order,encoder,delta/9ps/bond_order,0.20393837988376617,12
897,low_order,encoder,delta/9ps/bond_order,0.19870151579380035,12
898,low_order,encoder,delta/9ps/bond_order,0.15318700671195984,12
899,low_order,encoder,delta/9ps/bond_order,0.1864418089389801,9
900,low_order,encoder,delta/9ps/bond_order,0.31851842999458313,12
901,low_order,encoder,delta/9ps/bond_order,0.6866205334663391,9
918,low_order,encoder,delta/9ps/bond_order,0.19762279093265533,1
944,low_order,encoder,delta/9ps/bond_order,1.4575576782226562,3
950,low_order,encoder,delta/9ps/bond_order,0.6579322218894958,9
954,low_order,encoder,delta/9ps/bond_order,0.20129023492336273,12
956,low_order,encoder,delta/9ps/bond_order,0.3306727707386017,12
978,low_order,encoder,delta/9ps/bond_order,0.25089502334594727,12
979,low_order,encoder,delta/9ps/bond_order,0.22472405433654785,12
988,low_order,encoder,delta/9ps/bond_order,0.24873609840869904,12
861,low_order,encoder,present/instantaneous_TDA_H0,0.31430256366729736,12
864,low_order,encoder,present/instantaneous_TDA_H0,0.24713075160980225,12
865,low_order,encoder,present/instantaneous_TDA_H0,0.20559751987457275,12
866,low_order,encoder,present/instantaneous_TDA_H0,0.5138569474220276,12
867,low_order,encoder,present/instantaneous_TDA_H0,0.19233931601047516,12
868,low_order,encoder,present/instantaneous_TDA_H0,0.19553601741790771,6
869,low_order,encoder,present/instantaneous_TDA_H0,0.21281875669956207,12
870,low_order,encoder,present/instantaneous_TDA_H0,0.3257213830947876,12
871,low_order,encoder,present/instantaneous_TDA_H0,0.3898714780807495,9
874,low_order,encoder,present/instantaneous_TDA_H0,0.3304937481880188,12
884,low_order,encoder,present/instantaneous_TDA_H0,0.27564820647239685,12
885,low_order,encoder,present/instantaneous_TDA_H0,0.2675211429595947,12
887,low_order,encoder,present/instantaneous_TDA_H0,0.27709707617759705,12
888,low_order,encoder,present/instantaneous_TDA_H0,0.3080653250217438,12
889,low_order,encoder,present/instantaneous_TDA_H0,0.18696051836013794,12
890,low_order,encoder,present/instantaneous_TDA_H0,0.32886260747909546,9
891,low_order,encoder,present/instantaneous_TDA_H0,0.12522011995315552,12
892,low_order,encoder,present/instantaneous_TDA_H0,0.30824199318885803,12
893,low_order,encoder,present/instantaneous_TDA_H0,0.40095198154449463,12
894,low_order,encoder,present/instantaneous_TDA_H0,0.3217916190624237,6
895,low_order,encoder,present/instantaneous_TDA_H0,0.16669006645679474,12
896,low_order,encoder,present/instantaneous_TDA_H0,0.1527995616197586,12
897,low_order,encoder,present/instantaneous_TDA_H0,0.1809287667274475,12
898,low_order,encoder,present/instantaneous_TDA_H0,0.1533714085817337,12
899,low_order,encoder,present/instantaneous_TDA_H0,0.2643735110759735,9
900,low_order,encoder,present/instantaneous_TDA_H0,0.09413016587495804,12
901,low_order,encoder,present/instantaneous_TDA_H0,0.24043771624565125,9
918,low_order,encoder,present/instantaneous_TDA_H0,0.026750124990940094,1
944,low_order,encoder,present/instantaneous_TDA_H0,0.2610480487346649,3
950,low_order,encoder,present/instantaneous_TDA_H0,0.2343323528766632,9
954,low_order,encoder,present/instantaneous_TDA_H0,0.3140198290348053,12
956,low_order,encoder,present/instantaneous_TDA_H0,0.4095803499221802,12
978,low_order,encoder,present/instantaneous_TDA_H0,0.6436268091201782,12
979,low_order,encoder,present/instantaneous_TDA_H0,0.21970318257808685,12
988,low_order,encoder,present/instantaneous_TDA_H0,0.34481826424598694,12
861,low_order,encoder,future/0.75ps/instantaneous_TDA_H0,0.5686224699020386,12
864,low_order,encoder,future/0.75ps/instantaneous_TDA_H0,0.37791237235069275,12
865,low_order,encoder,future/0.75ps/instantaneous_TDA_H0,0.45052626729011536,12
866,low_order,encoder,future/0.75ps/instantaneous_TDA_H0,0.3962591588497162,12
867,low_order,encoder,future/0.75ps/instantaneous_TDA_H0,0.2453581541776657,12
868,low_order,encoder,future/0.75ps/instantaneous_TDA_H0,0.4434102475643158,6
869,low_order,encoder,future/0.75ps/instantaneous_TDA_H0,0.17985738813877106,12
870,low_order,encoder,future/0.75ps/instantaneous_TDA_H0,0.5632750391960144,12
871,low_order,encoder,future/0.75ps/instantaneous_TDA_H0,0.42568498849868774,9
874,low_order,encoder,future/0.75ps/instantaneous_TDA_H0,0.3577058017253876,12
884,low_order,encoder,future/0.75ps/instantaneous_TDA_H0,0.18888890743255615,12
885,low_order,encoder,future/0.75ps/instantaneous_TDA_H0,0.3369215726852417,12
887,low_order,encoder,future/0.75ps/instantaneous_TDA_H0,0.2509518265724182,12
888,low_order,encoder,future/0.75ps/instantaneous_TDA_H0,0.3127458095550537,12
889,low_order,encoder,future/0.75ps/instantaneous_TDA_H0,0.20955286920070648,12
890,low_order,encoder,future/0.75ps/instantaneous_TDA_H0,0.42542266845703125,9
891,low_order,encoder,future/0.75ps/instantaneous_TDA_H0,0.24325479567050934,12
892,low_order,encoder,future/0.75ps/instantaneous_TDA_H0,0.3200613558292389,12
893,low_order,encoder,future/0.75ps/instantaneous_TDA_H0,0.3987930715084076,12
894,low_order,encoder,future/0.75ps/instantaneous_TDA_H0,0.32276883721351624,6
895,low_order,encoder,future/0.75ps/instantaneous_TDA_H0,0.2502792179584503,12
896,low_order,encoder,future/0.75ps/instantaneous_TDA_H0,0.20826773345470428,12
897,low_order,encoder,future/0.75ps/instantaneous_TDA_H0,0.15509340167045593,12
898,low_order,encoder,future/0.75ps/instantaneous_TDA_H0,0.1349678486585617,12
899,low_order,encoder,future/0.75ps/instantaneous_TDA_H0,0.2622368633747101,9
900,low_order,encoder,future/0.75ps/instantaneous_TDA_H0,0.24213016033172607,12
901,low_order,encoder,future/0.75ps/instantaneous_TDA_H0,0.13089607656002045,9
918,low_order,encoder,future/0.75ps/instantaneous_TDA_H0,0.33012211322784424,1
944,low_order,encoder,future/0.75ps/instantaneous_TDA_H0,0.6417791843414307,3
950,low_order,encoder,future/0.75ps/instantaneous_TDA_H0,0.3472990095615387,9
954,low_order,encoder,future/0.75ps/instantaneous_TDA_H0,0.32688048481941223,12
956,low_order,encoder,future/0.75ps/instantaneous_TDA_H0,0.6002190113067627,12
978,low_order,encoder,future/0.75ps/instantaneous_TDA_H0,0.44957220554351807,12
979,low_order,encoder,future/0.75ps/instantaneous_TDA_H0,0.37117794156074524,12
988,low_order,encoder,future/0.75ps/instantaneous_TDA_H0,0.4285848140716553,12
861,low_order,persistence,future/0.75ps/instantaneous_TDA_H0,0.3744039237499237,12
864,low_order,persistence,future/0.75ps/instantaneous_TDA_H0,0.3229950964450836,12
865,low_order,persistence,future/0.75ps/instantaneous_TDA_H0,0.4343588054180145,12
866,low_order,persistence,future/0.75ps/instantaneous_TDA_H0,0.4797962009906769,12
867,low_order,persistence,future/0.75ps/instantaneous_TDA_H0,0.3124644160270691,12
868,low_order,persistence,future/0.75ps/instantaneous_TDA_H0,0.34422269463539124,6
869,low_order,persistence,future/0.75ps/instantaneous_TDA_H0,0.23510871827602386,12
870,low_order,persistence,future/0.75ps/instantaneous_TDA_H0,0.19760160148143768,12
871,low_order,persistence,future/0.75ps/instantaneous_TDA_H0,0.31523972749710083,9
874,low_order,persistence,future/0.75ps/instantaneous_TDA_H0,0.2276141494512558,12
884,low_order,persistence,future/0.75ps/instantaneous_TDA_H0,0.17820291221141815,12
885,low_order,persistence,future/0.75ps/instantaneous_TDA_H0,0.10530047863721848,12
887,low_order,persistence,future/0.75ps/instantaneous_TDA_H0,0.48231208324432373,12
888,low_order,persistence,future/0.75ps/instantaneous_TDA_H0,0.43422064185142517,12
889,low_order,persistence,future/0.75ps/instantaneous_TDA_H0,0.11639130860567093,12
890,low_order,persistence,future/0.75ps/instantaneous_TDA_H0,0.24705086648464203,9
891,low_order,persistence,future/0.75ps/instantaneous_TDA_H0,0.2844755947589874,12
892,low_order,persistence,future/0.75ps/instantaneous_TDA_H0,0.19270099699497223,12
893,low_order,persistence,future/0.75ps/instantaneous_TDA_H0,0.5319587588310242,12
894,low_order,persistence,future/0.75ps/instantaneous_TDA_H0,0.14344385266304016,6
895,low_order,persistence,future/0.75ps/instantaneous_TDA_H0,0.25819000601768494,12
896,low_order,persistence,future/0.75ps/instantaneous_TDA_H0,0.3447408378124237,12
897,low_order,persistence,future/0.75ps/instantaneous_TDA_H0,0.28116026520729065,12
898,low_order,persistence,future/0.75ps/instantaneous_TDA_H0,0.22703248262405396,12
899,low_order,persistence,future/0.75ps/instantaneous_TDA_H0,0.4251340627670288,9
900,low_order,persistence,future/0.75ps/instantaneous_TDA_H0,0.15058547258377075,12
901,low_order,persistence,future/0.75ps/instantaneous_TDA_H0,0.21181386709213257,9
918,low_order,persistence,future/0.75ps/instantaneous_TDA_H0,0.30482786893844604,1
944,low_order,persistence,future/0.75ps/instantaneous_TDA_H0,0.20610910654067993,3
950,low_order,persistence,future/0.75ps/instantaneous_TDA_H0,0.17751280963420868,9
954,low_order,persistence,future/0.75ps/instantaneous_TDA_H0,0.4004952609539032,12
956,low_order,persistence,future/0.75ps/instantaneous_TDA_H0,0.5930957198143005,12
978,low_order,persistence,future/0.75ps/instantaneous_TDA_H0,0.21316403150558472,12
979,low_order,persistence,future/0.75ps/instantaneous_TDA_H0,0.12167129665613174,12
988,low_order,persistence,future/0.75ps/instantaneous_TDA_H0,0.16771160066127777,12
861,low_order,encoder,delta/0.75ps/instantaneous_TDA_H0,0.3812662661075592,12
864,low_order,encoder,delta/0.75ps/instantaneous_TDA_H0,0.3316153883934021,12
865,low_order,encoder,delta/0.75ps/instantaneous_TDA_H0,0.44004881381988525,12
866,low_order,encoder,delta/0.75ps/instantaneous_TDA_H0,0.47442129254341125,12
867,low_order,encoder,delta/0.75ps/instantaneous_TDA_H0,0.3165127635002136,12
868,low_order,encoder,delta/0.75ps/instantaneous_TDA_H0,0.33800557255744934,6
869,low_order,encoder,delta/0.75ps/instantaneous_TDA_H0,0.233587384223938,12
870,low_order,encoder,delta/0.75ps/instantaneous_TDA_H0,0.2033889889717102,12
871,low_order,encoder,delta/0.75ps/instantaneous_TDA_H0,0.30270254611968994,9
874,low_order,encoder,delta/0.75ps/instantaneous_TDA_H0,0.21701355278491974,12
884,low_order,encoder,delta/0.75ps/instantaneous_TDA_H0,0.182461217045784,12
885,low_order,encoder,delta/0.75ps/instantaneous_TDA_H0,0.11416104435920715,12
887,low_order,encoder,delta/0.75ps/instantaneous_TDA_H0,0.4786003530025482,12
888,low_order,encoder,delta/0.75ps/instantaneous_TDA_H0,0.4137268364429474,12
889,low_order,encoder,delta/0.75ps/instantaneous_TDA_H0,0.12108767032623291,12
890,low_order,encoder,delta/0.75ps/instantaneous_TDA_H0,0.26475954055786133,9
891,low_order,encoder,delta/0.75ps/instantaneous_TDA_H0,0.29032817482948303,12
892,low_order,encoder,delta/0.75ps/instantaneous_TDA_H0,0.19119668006896973,12
893,low_order,encoder,delta/0.75ps/instantaneous_TDA_H0,0.5251035690307617,12
894,low_order,encoder,delta/0.75ps/instantaneous_TDA_H0,0.1374581903219223,6
895,low_order,encoder,delta/0.75ps/instantaneous_TDA_H0,0.27230748534202576,12
896,low_order,encoder,delta/0.75ps/instantaneous_TDA_H0,0.350877970457077,12
897,low_order,encoder,delta/0.75ps/instantaneous_TDA_H0,0.2877795398235321,12
898,low_order,encoder,delta/0.75ps/instantaneous_TDA_H0,0.2271530032157898,12
899,low_order,encoder,delta/0.75ps/instantaneous_TDA_H0,0.4437806010246277,9
900,low_order,encoder,delta/0.75ps/instantaneous_TDA_H0,0.15800656378269196,12
901,low_order,encoder,delta/0.75ps/instantaneous_TDA_H0,0.20179443061351776,9
918,low_order,encoder,delta/0.75ps/instantaneous_TDA_H0,0.2532140016555786,1
944,low_order,encoder,delta/0.75ps/instantaneous_TDA_H0,0.2388460487127304,3
950,low_order,encoder,delta/0.75ps/instantaneous_TDA_H0,0.17876176536083221,9
954,low_order,encoder,delta/0.75ps/instantaneous_TDA_H0,0.40747106075286865,12
956,low_order,encoder,delta/0.75ps/instantaneous_TDA_H0,0.5966472029685974,12
978,low_order,encoder,delta/0.75ps/instantaneous_TDA_H0,0.2043171375989914,12
979,low_order,encoder,delta/0.75ps/instantaneous_TDA_H0,0.12828122079372406,12
988,low_order,encoder,delta/0.75ps/instantaneous_TDA_H0,0.16547274589538574,12
861,low_order,encoder,future/3ps/instantaneous_TDA_H0,0.4521349370479584,12
864,low_order,encoder,future/3ps/instantaneous_TDA_H0,0.5735415816307068,12
865,low_order,encoder,future/3ps/instantaneous_TDA_H0,0.40583181381225586,12
866,low_order,encoder,future/3ps/instantaneous_TDA_H0,0.43364715576171875,12
867,low_order,encoder,future/3ps/instantaneous_TDA_H0,0.24858267605304718,12
868,low_order,encoder,future/3ps/instantaneous_TDA_H0,0.47164151072502136,6
869,low_order,encoder,future/3ps/instantaneous_TDA_H0,0.3096327483654022,12
870,low_order,encoder,future/3ps/instantaneous_TDA_H0,0.3965560495853424,12
871,low_order,encoder,future/3ps/instantaneous_TDA_H0,0.48498502373695374,9
874,low_order,encoder,future/3ps/instantaneous_TDA_H0,0.43906736373901367,12
884,low_order,encoder,future/3ps/instantaneous_TDA_H0,0.25978508591651917,12
885,low_order,encoder,future/3ps/instantaneous_TDA_H0,0.3951636552810669,12
887,low_order,encoder,future/3ps/instantaneous_TDA_H0,0.16299138963222504,12
888,low_order,encoder,future/3ps/instantaneous_TDA_H0,0.4038008153438568,12
889,low_order,encoder,future/3ps/instantaneous_TDA_H0,0.294329971075058,12
890,low_order,encoder,future/3ps/instantaneous_TDA_H0,0.6935509443283081,9
891,low_order,encoder,future/3ps/instantaneous_TDA_H0,0.31481727957725525,12
892,low_order,encoder,future/3ps/instantaneous_TDA_H0,0.20279783010482788,12
893,low_order,encoder,future/3ps/instantaneous_TDA_H0,0.0932474359869957,12
894,low_order,encoder,future/3ps/instantaneous_TDA_H0,0.6330316662788391,6
895,low_order,encoder,future/3ps/instantaneous_TDA_H0,0.1492450088262558,12
896,low_order,encoder,future/3ps/instantaneous_TDA_H0,0.12614114582538605,12
897,low_order,encoder,future/3ps/instantaneous_TDA_H0,0.16738907992839813,12
898,low_order,encoder,future/3ps/instantaneous_TDA_H0,0.32319679856300354,12
899,low_order,encoder,future/3ps/instantaneous_TDA_H0,0.22799187898635864,9
900,low_order,encoder,future/3ps/instantaneous_TDA_H0,0.27293720841407776,12
901,low_order,encoder,future/3ps/instantaneous_TDA_H0,0.23837719857692719,9
918,low_order,encoder,future/3ps/instantaneous_TDA_H0,0.40734535455703735,1
944,low_order,encoder,future/3ps/instantaneous_TDA_H0,0.09578772634267807,3
950,low_order,encoder,future/3ps/instantaneous_TDA_H0,0.3363836407661438,9
954,low_order,encoder,future/3ps/instantaneous_TDA_H0,0.3969005048274994,12
956,low_order,encoder,future/3ps/instantaneous_TDA_H0,0.5483898520469666,12
978,low_order,encoder,future/3ps/instantaneous_TDA_H0,0.37796375155448914,12
979,low_order,encoder,future/3ps/instantaneous_TDA_H0,0.4013857841491699,12
988,low_order,encoder,future/3ps/instantaneous_TDA_H0,0.30499500036239624,12
861,low_order,persistence,future/3ps/instantaneous_TDA_H0,0.22069664299488068,12
864,low_order,persistence,future/3ps/instantaneous_TDA_H0,0.2795345187187195,12
865,low_order,persistence,future/3ps/instantaneous_TDA_H0,0.3503839671611786,12
866,low_order,persistence,future/3ps/instantaneous_TDA_H0,0.8628810048103333,12
867,low_order,persistence,future/3ps/instantaneous_TDA_H0,0.3714841604232788,12
868,low_order,persistence,future/3ps/instantaneous_TDA_H0,0.2659991681575775,6
869,low_order,persistence,future/3ps/instantaneous_TDA_H0,0.4227564036846161,12
870,low_order,persistence,future/3ps/instantaneous_TDA_H0,0.26993051171302795,12
871,low_order,persistence,future/3ps/instantaneous_TDA_H0,0.4159075915813446,9
874,low_order,persistence,future/3ps/instantaneous_TDA_H0,0.1282770186662674,12
884,low_order,persistence,future/3ps/instantaneous_TDA_H0,0.22874385118484497,12
885,low_order,persistence,future/3ps/instantaneous_TDA_H0,0.07996506243944168,12
887,low_order,persistence,future/3ps/instantaneous_TDA_H0,0.2913348972797394,12
888,low_order,persistence,future/3ps/instantaneous_TDA_H0,0.4043770134449005,12
889,low_order,persistence,future/3ps/instantaneous_TDA_H0,0.1934289187192917,12
890,low_order,persistence,future/3ps/instantaneous_TDA_H0,0.24101638793945312,9
891,low_order,persistence,future/3ps/instantaneous_TDA_H0,0.2940368354320526,12
892,low_order,persistence,future/3ps/instantaneous_TDA_H0,0.20262759923934937,12
893,low_order,persistence,future/3ps/instantaneous_TDA_H0,0.5055227875709534,12
894,low_order,persistence,future/3ps/instantaneous_TDA_H0,0.13961000740528107,6
895,low_order,persistence,future/3ps/instantaneous_TDA_H0,0.1770189255475998,12
896,low_order,persistence,future/3ps/instantaneous_TDA_H0,0.1727350354194641,12
897,low_order,persistence,future/3ps/instantaneous_TDA_H0,0.3472001850605011,12
898,low_order,persistence,future/3ps/instantaneous_TDA_H0,0.42336246371269226,12
899,low_order,persistence,future/3ps/instantaneous_TDA_H0,0.17816022038459778,9
900,low_order,persistence,future/3ps/instantaneous_TDA_H0,0.2039055973291397,12
901,low_order,persistence,future/3ps/instantaneous_TDA_H0,0.39097490906715393,9
918,low_order,persistence,future/3ps/instantaneous_TDA_H0,0.3947080373764038,1
944,low_order,persistence,future/3ps/instantaneous_TDA_H0,0.5273177027702332,3
950,low_order,persistence,future/3ps/instantaneous_TDA_H0,0.3810177147388458,9
954,low_order,persistence,future/3ps/instantaneous_TDA_H0,0.28508424758911133,12
956,low_order,persistence,future/3ps/instantaneous_TDA_H0,0.18854041397571564,12
978,low_order,persistence,future/3ps/instantaneous_TDA_H0,0.488451212644577,12
979,low_order,persistence,future/3ps/instantaneous_TDA_H0,0.35228896141052246,12
988,low_order,persistence,future/3ps/instantaneous_TDA_H0,0.31941279768943787,12
861,low_order,encoder,delta/3ps/instantaneous_TDA_H0,0.22273297607898712,12
864,low_order,encoder,delta/3ps/instantaneous_TDA_H0,0.2990935742855072,12
865,low_order,encoder,delta/3ps/instantaneous_TDA_H0,0.37612032890319824,12
866,low_order,encoder,delta/3ps/instantaneous_TDA_H0,0.8428948521614075,12
867,low_order,encoder,delta/3ps/instantaneous_TDA_H0,0.37787938117980957,12
868,low_order,encoder,delta/3ps/instantaneous_TDA_H0,0.2687402665615082,6
869,low_order,encoder,delta/3ps/instantaneous_TDA_H0,0.4354546368122101,12
870,low_order,encoder,delta/3ps/instantaneous_TDA_H0,0.25686636567115784,12
871,low_order,encoder,delta/3ps/instantaneous_TDA_H0,0.42300593852996826,9
874,low_order,encoder,delta/3ps/instantaneous_TDA_H0,0.1340949982404709,12
884,low_order,encoder,delta/3ps/instantaneous_TDA_H0,0.23284314572811127,12
885,low_order,encoder,delta/3ps/instantaneous_TDA_H0,0.08637364953756332,12
887,low_order,encoder,delta/3ps/instantaneous_TDA_H0,0.2888808846473694,12
888,low_order,encoder,delta/3ps/instantaneous_TDA_H0,0.3837149143218994,12
889,low_order,encoder,delta/3ps/instantaneous_TDA_H0,0.20157301425933838,12
890,low_order,encoder,delta/3ps/instantaneous_TDA_H0,0.26194456219673157,9
891,low_order,encoder,delta/3ps/instantaneous_TDA_H0,0.30543598532676697,12
892,low_order,encoder,delta/3ps/instantaneous_TDA_H0,0.18999910354614258,12
893,low_order,encoder,delta/3ps/instantaneous_TDA_H0,0.4757099449634552,12
894,low_order,encoder,delta/3ps/instantaneous_TDA_H0,0.14839404821395874,6
895,low_order,encoder,delta/3ps/instantaneous_TDA_H0,0.1902478188276291,12
896,low_order,encoder,delta/3ps/instantaneous_TDA_H0,0.15915678441524506,12
897,low_order,encoder,delta/3ps/instantaneous_TDA_H0,0.3536398410797119,12
898,low_order,encoder,delta/3ps/instantaneous_TDA_H0,0.4428883492946625,12
899,low_order,encoder,delta/3ps/instantaneous_TDA_H0,0.1730346977710724,9
900,low_order,encoder,delta/3ps/instantaneous_TDA_H0,0.2054435759782791,12
901,low_order,encoder,delta/3ps/instantaneous_TDA_H0,0.3865163028240204,9
918,low_order,encoder,delta/3ps/instantaneous_TDA_H0,0.323962539434433,1
944,low_order,encoder,delta/3ps/instantaneous_TDA_H0,0.49977603554725647,3
950,low_order,encoder,delta/3ps/instantaneous_TDA_H0,0.3809433877468109,9
954,low_order,encoder,delta/3ps/instantaneous_TDA_H0,0.29937848448753357,12
956,low_order,encoder,delta/3ps/instantaneous_TDA_H0,0.1856602430343628,12
978,low_order,encoder,delta/3ps/instantaneous_TDA_H0,0.47376513481140137,12
979,low_order,encoder,delta/3ps/instantaneous_TDA_H0,0.3338964283466339,12
988,low_order,encoder,delta/3ps/instantaneous_TDA_H0,0.3004721999168396,12
861,low_order,encoder,future/9ps/instantaneous_TDA_H0,0.30360814929008484,12
864,low_order,encoder,future/9ps/instantaneous_TDA_H0,0.42611992359161377,12
865,low_order,encoder,future/9ps/instantaneous_TDA_H0,0.4585675299167633,12
866,low_order,encoder,future/9ps/instantaneous_TDA_H0,0.2724086344242096,12
867,low_order,encoder,future/9ps/instantaneous_TDA_H0,0.7024741768836975,12
868,low_order,encoder,future/9ps/instantaneous_TDA_H0,0.8199226260185242,6
869,low_order,encoder,future/9ps/instantaneous_TDA_H0,0.47374871373176575,12
870,low_order,encoder,future/9ps/instantaneous_TDA_H0,0.3380344808101654,12
871,low_order,encoder,future/9ps/instantaneous_TDA_H0,0.26442182064056396,9
874,low_order,encoder,future/9ps/instantaneous_TDA_H0,0.8078470826148987,12
884,low_order,encoder,future/9ps/instantaneous_TDA_H0,0.15016071498394012,12
885,low_order,encoder,future/9ps/instantaneous_TDA_H0,0.6608994603157043,12
887,low_order,encoder,future/9ps/instantaneous_TDA_H0,0.24075722694396973,12
888,low_order,encoder,future/9ps/instantaneous_TDA_H0,0.4814954102039337,12
889,low_order,encoder,future/9ps/instantaneous_TDA_H0,0.5079227089881897,12
890,low_order,encoder,future/9ps/instantaneous_TDA_H0,0.629471480846405,9
891,low_order,encoder,future/9ps/instantaneous_TDA_H0,0.12999407947063446,12
892,low_order,encoder,future/9ps/instantaneous_TDA_H0,0.5504567623138428,12
893,low_order,encoder,future/9ps/instantaneous_TDA_H0,0.1799694299697876,12
894,low_order,encoder,future/9ps/instantaneous_TDA_H0,0.5705030560493469,6
895,low_order,encoder,future/9ps/instantaneous_TDA_H0,0.08090966194868088,12
896,low_order,encoder,future/9ps/instantaneous_TDA_H0,0.1987827867269516,12
897,low_order,encoder,future/9ps/instantaneous_TDA_H0,0.26103585958480835,12
898,low_order,encoder,future/9ps/instantaneous_TDA_H0,0.19539570808410645,12
899,low_order,encoder,future/9ps/instantaneous_TDA_H0,0.34360024333000183,9
900,low_order,encoder,future/9ps/instantaneous_TDA_H0,0.2926134765148163,12
901,low_order,encoder,future/9ps/instantaneous_TDA_H0,0.19766636192798615,9
918,low_order,encoder,future/9ps/instantaneous_TDA_H0,0.2964341640472412,1
944,low_order,encoder,future/9ps/instantaneous_TDA_H0,0.7801027894020081,3
950,low_order,encoder,future/9ps/instantaneous_TDA_H0,0.1706247329711914,9
954,low_order,encoder,future/9ps/instantaneous_TDA_H0,0.35895928740501404,12
956,low_order,encoder,future/9ps/instantaneous_TDA_H0,0.31714874505996704,12
978,low_order,encoder,future/9ps/instantaneous_TDA_H0,0.2724687159061432,12
979,low_order,encoder,future/9ps/instantaneous_TDA_H0,0.5837811827659607,12
988,low_order,encoder,future/9ps/instantaneous_TDA_H0,0.4282015264034271,12
861,low_order,persistence,future/9ps/instantaneous_TDA_H0,0.24685801565647125,12
864,low_order,persistence,future/9ps/instantaneous_TDA_H0,0.3746391236782074,12
865,low_order,persistence,future/9ps/instantaneous_TDA_H0,0.3438042104244232,12
866,low_order,persistence,future/9ps/instantaneous_TDA_H0,0.3663676679134369,12
867,low_order,persistence,future/9ps/instantaneous_TDA_H0,0.4514956772327423,12
868,low_order,persistence,future/9ps/instantaneous_TDA_H0,1.3527923822402954,6
869,low_order,persistence,future/9ps/instantaneous_TDA_H0,0.3252840042114258,12
870,low_order,persistence,future/9ps/instantaneous_TDA_H0,0.38600611686706543,12
871,low_order,persistence,future/9ps/instantaneous_TDA_H0,0.551384687423706,9
874,low_order,persistence,future/9ps/instantaneous_TDA_H0,0.2866843044757843,12
884,low_order,persistence,future/9ps/instantaneous_TDA_H0,0.1617060750722885,12
885,low_order,persistence,future/9ps/instantaneous_TDA_H0,0.25540828704833984,12
887,low_order,persistence,future/9ps/instantaneous_TDA_H0,0.40788617730140686,12
888,low_order,persistence,future/9ps/instantaneous_TDA_H0,0.34231892228126526,12
889,low_order,persistence,future/9ps/instantaneous_TDA_H0,0.6599858999252319,12
890,low_order,persistence,future/9ps/instantaneous_TDA_H0,0.2419692426919937,9
891,low_order,persistence,future/9ps/instantaneous_TDA_H0,0.15432631969451904,12
892,low_order,persistence,future/9ps/instantaneous_TDA_H0,0.43145909905433655,12
893,low_order,persistence,future/9ps/instantaneous_TDA_H0,0.2514094412326813,12
894,low_order,persistence,future/9ps/instantaneous_TDA_H0,0.15707741677761078,6
895,low_order,persistence,future/9ps/instantaneous_TDA_H0,0.17875880002975464,12
896,low_order,persistence,future/9ps/instantaneous_TDA_H0,0.11574224382638931,12
897,low_order,persistence,future/9ps/instantaneous_TDA_H0,0.2180836796760559,12
898,low_order,persistence,future/9ps/instantaneous_TDA_H0,0.17225833237171173,12
899,low_order,persistence,future/9ps/instantaneous_TDA_H0,0.24939841032028198,9
900,low_order,persistence,future/9ps/instantaneous_TDA_H0,0.12709194421768188,12
901,low_order,persistence,future/9ps/instantaneous_TDA_H0,0.22119516134262085,9
918,low_order,persistence,future/9ps/instantaneous_TDA_H0,0.2631071209907532,1
944,low_order,persistence,future/9ps/instantaneous_TDA_H0,1.5607770681381226,3
950,low_order,persistence,future/9ps/instantaneous_TDA_H0,0.5352605581283569,9
954,low_order,persistence,future/9ps/instantaneous_TDA_H0,0.3074062168598175,12
956,low_order,persistence,future/9ps/instantaneous_TDA_H0,0.26681986451148987,12
978,low_order,persistence,future/9ps/instantaneous_TDA_H0,0.5330255627632141,12
979,low_order,persistence,future/9ps/instantaneous_TDA_H0,0.2041192203760147,12
988,low_order,persistence,future/9ps/instantaneous_TDA_H0,0.3089196979999542,12
861,low_order,encoder,delta/9ps/instantaneous_TDA_H0,0.23016957938671112,12
864,low_order,encoder,delta/9ps/instantaneous_TDA_H0,0.40058043599128723,12
865,low_order,encoder,delta/9ps/instantaneous_TDA_H0,0.38010719418525696,12
866,low_order,encoder,delta/9ps/instantaneous_TDA_H0,0.3456638753414154,12
867,low_order,encoder,delta/9ps/instantaneous_TDA_H0,0.5134204030036926,12
868,low_order,encoder,delta/9ps/instantaneous_TDA_H0,1.267183542251587,6
869,low_order,encoder,delta/9ps/instantaneous_TDA_H0,0.3693852722644806,12
870,low_order,encoder,delta/9ps/instantaneous_TDA_H0,0.345980167388916,12
871,low_order,encoder,delta/9ps/instantaneous_TDA_H0,0.5083178877830505,9
874,low_order,encoder,delta/9ps/instantaneous_TDA_H0,0.3251476287841797,12
884,low_order,encoder,delta/9ps/instantaneous_TDA_H0,0.16721993684768677,12
885,low_order,encoder,delta/9ps/instantaneous_TDA_H0,0.28269198536872864,12
887,low_order,encoder,delta/9ps/instantaneous_TDA_H0,0.4049408733844757,12
888,low_order,encoder,delta/9ps/instantaneous_TDA_H0,0.3321937620639801,12
889,low_order,encoder,delta/9ps/instantaneous_TDA_H0,0.5850595831871033,12
890,low_order,encoder,delta/9ps/instantaneous_TDA_H0,0.28024822473526,9
891,low_order,encoder,delta/9ps/instantaneous_TDA_H0,0.15132220089435577,12
892,low_order,encoder,delta/9ps/instantaneous_TDA_H0,0.4709728956222534,12
893,low_order,encoder,delta/9ps/instantaneous_TDA_H0,0.2610975205898285,12
894,low_order,encoder,delta/9ps/instantaneous_TDA_H0,0.1661132276058197,6
895,low_order,encoder,delta/9ps/instantaneous_TDA_H0,0.21054838597774506,12
896,low_order,encoder,delta/9ps/instantaneous_TDA_H0,0.1351042240858078,12
897,low_order,encoder,delta/9ps/instantaneous_TDA_H0,0.2568150460720062,12
898,low_order,encoder,delta/9ps/instantaneous_TDA_H0,0.20156507194042206,12
899,low_order,encoder,delta/9ps/instantaneous_TDA_H0,0.257409006357193,9
900,low_order,encoder,delta/9ps/instantaneous_TDA_H0,0.14833422005176544,12
901,low_order,encoder,delta/9ps/instantaneous_TDA_H0,0.19887284934520721,9
918,low_order,encoder,delta/9ps/instantaneous_TDA_H0,0.2033843845129013,1
944,low_order,encoder,delta/9ps/instantaneous_TDA_H0,1.3840488195419312,3
950,low_order,encoder,delta/9ps/instantaneous_TDA_H0,0.49750322103500366,9
954,low_order,encoder,delta/9ps/instantaneous_TDA_H0,0.33214765787124634,12
956,low_order,encoder,delta/9ps/instantaneous_TDA_H0,0.2509148120880127,12
978,low_order,encoder,delta/9ps/instantaneous_TDA_H0,0.4939463436603546,12
979,low_order,encoder,delta/9ps/instantaneous_TDA_H0,0.22735244035720825,12
988,low_order,encoder,delta/9ps/instantaneous_TDA_H0,0.29829132556915283,12
861,low_order,encoder,present/instantaneous_TDA_H1,0.3334231376647949,12
864,low_order,encoder,present/instantaneous_TDA_H1,0.24193920195102692,12
865,low_order,encoder,present/instantaneous_TDA_H1,0.15862353146076202,12
866,low_order,encoder,present/instantaneous_TDA_H1,0.25834593176841736,12
867,low_order,encoder,present/instantaneous_TDA_H1,0.15200947225093842,12
868,low_order,encoder,present/instantaneous_TDA_H1,0.3229689300060272,6
869,low_order,encoder,present/instantaneous_TDA_H1,0.2820732295513153,12
870,low_order,encoder,present/instantaneous_TDA_H1,0.36009156703948975,12
871,low_order,encoder,present/instantaneous_TDA_H1,0.18523818254470825,9
874,low_order,encoder,present/instantaneous_TDA_H1,0.46017417311668396,12
884,low_order,encoder,present/instantaneous_TDA_H1,0.2862028181552887,12
885,low_order,encoder,present/instantaneous_TDA_H1,0.34277114272117615,12
887,low_order,encoder,present/instantaneous_TDA_H1,0.09777126461267471,12
888,low_order,encoder,present/instantaneous_TDA_H1,0.17263104021549225,12
889,low_order,encoder,present/instantaneous_TDA_H1,0.15373213589191437,12
890,low_order,encoder,present/instantaneous_TDA_H1,0.34400051832199097,9
891,low_order,encoder,present/instantaneous_TDA_H1,0.16239644587039948,12
892,low_order,encoder,present/instantaneous_TDA_H1,0.23919202387332916,12
893,low_order,encoder,present/instantaneous_TDA_H1,0.17588774859905243,12
894,low_order,encoder,present/instantaneous_TDA_H1,0.22789865732192993,6
895,low_order,encoder,present/instantaneous_TDA_H1,0.11336511373519897,12
896,low_order,encoder,present/instantaneous_TDA_H1,0.13880760967731476,12
897,low_order,encoder,present/instantaneous_TDA_H1,0.09776411205530167,12
898,low_order,encoder,present/instantaneous_TDA_H1,0.1270834356546402,12
899,low_order,encoder,present/instantaneous_TDA_H1,0.2612074613571167,9
900,low_order,encoder,present/instantaneous_TDA_H1,0.17353947460651398,12
901,low_order,encoder,present/instantaneous_TDA_H1,0.13124845921993256,9
918,low_order,encoder,present/instantaneous_TDA_H1,0.03546297550201416,1
944,low_order,encoder,present/instantaneous_TDA_H1,0.18502624332904816,3
950,low_order,encoder,present/instantaneous_TDA_H1,0.24776294827461243,9
954,low_order,encoder,present/instantaneous_TDA_H1,0.22283053398132324,12
956,low_order,encoder,present/instantaneous_TDA_H1,0.24211432039737701,12
978,low_order,encoder,present/instantaneous_TDA_H1,0.5021213889122009,12
979,low_order,encoder,present/instantaneous_TDA_H1,0.2894197404384613,12
988,low_order,encoder,present/instantaneous_TDA_H1,0.1974947452545166,12
861,low_order,encoder,future/0.75ps/instantaneous_TDA_H1,0.3899648189544678,12
864,low_order,encoder,future/0.75ps/instantaneous_TDA_H1,0.26647326350212097,12
865,low_order,encoder,future/0.75ps/instantaneous_TDA_H1,0.37410053610801697,12
866,low_order,encoder,future/0.75ps/instantaneous_TDA_H1,0.39329707622528076,12
867,low_order,encoder,future/0.75ps/instantaneous_TDA_H1,0.268384724855423,12
868,low_order,encoder,future/0.75ps/instantaneous_TDA_H1,0.3536050021648407,6
869,low_order,encoder,future/0.75ps/instantaneous_TDA_H1,0.40234288573265076,12
870,low_order,encoder,future/0.75ps/instantaneous_TDA_H1,0.3896275460720062,12
871,low_order,encoder,future/0.75ps/instantaneous_TDA_H1,0.26839786767959595,9
874,low_order,encoder,future/0.75ps/instantaneous_TDA_H1,0.5840169787406921,12
884,low_order,encoder,future/0.75ps/instantaneous_TDA_H1,0.15237481892108917,12
885,low_order,encoder,future/0.75ps/instantaneous_TDA_H1,0.41029849648475647,12
887,low_order,encoder,future/0.75ps/instantaneous_TDA_H1,0.1811279058456421,12
888,low_order,encoder,future/0.75ps/instantaneous_TDA_H1,0.23925183713436127,12
889,low_order,encoder,future/0.75ps/instantaneous_TDA_H1,0.17835061252117157,12
890,low_order,encoder,future/0.75ps/instantaneous_TDA_H1,0.4072355628013611,9
891,low_order,encoder,future/0.75ps/instantaneous_TDA_H1,0.13514375686645508,12
892,low_order,encoder,future/0.75ps/instantaneous_TDA_H1,0.23276455700397491,12
893,low_order,encoder,future/0.75ps/instantaneous_TDA_H1,0.1987868696451187,12
894,low_order,encoder,future/0.75ps/instantaneous_TDA_H1,0.22178320586681366,6
895,low_order,encoder,future/0.75ps/instantaneous_TDA_H1,0.15731219947338104,12
896,low_order,encoder,future/0.75ps/instantaneous_TDA_H1,0.18946470320224762,12
897,low_order,encoder,future/0.75ps/instantaneous_TDA_H1,0.11797382682561874,12
898,low_order,encoder,future/0.75ps/instantaneous_TDA_H1,0.1325012892484665,12
899,low_order,encoder,future/0.75ps/instantaneous_TDA_H1,0.12751320004463196,9
900,low_order,encoder,future/0.75ps/instantaneous_TDA_H1,0.21726393699645996,12
901,low_order,encoder,future/0.75ps/instantaneous_TDA_H1,0.10087743401527405,9
918,low_order,encoder,future/0.75ps/instantaneous_TDA_H1,0.15397901833057404,1
944,low_order,encoder,future/0.75ps/instantaneous_TDA_H1,0.17019939422607422,3
950,low_order,encoder,future/0.75ps/instantaneous_TDA_H1,0.2588459551334381,9
954,low_order,encoder,future/0.75ps/instantaneous_TDA_H1,0.29154324531555176,12
956,low_order,encoder,future/0.75ps/instantaneous_TDA_H1,0.3368253707885742,12
978,low_order,encoder,future/0.75ps/instantaneous_TDA_H1,0.469235897064209,12
979,low_order,encoder,future/0.75ps/instantaneous_TDA_H1,0.3353758156299591,12
988,low_order,encoder,future/0.75ps/instantaneous_TDA_H1,0.21873454749584198,12
861,low_order,persistence,future/0.75ps/instantaneous_TDA_H1,0.16324858367443085,12
864,low_order,persistence,future/0.75ps/instantaneous_TDA_H1,0.1672244817018509,12
865,low_order,persistence,future/0.75ps/instantaneous_TDA_H1,0.15212474763393402,12
866,low_order,persistence,future/0.75ps/instantaneous_TDA_H1,0.23413614928722382,12
867,low_order,persistence,future/0.75ps/instantaneous_TDA_H1,0.2083684653043747,12
868,low_order,persistence,future/0.75ps/instantaneous_TDA_H1,0.12633006274700165,6
869,low_order,persistence,future/0.75ps/instantaneous_TDA_H1,0.23335129022598267,12
870,low_order,persistence,future/0.75ps/instantaneous_TDA_H1,0.17748694121837616,12
871,low_order,persistence,future/0.75ps/instantaneous_TDA_H1,0.19145487248897552,9
874,low_order,persistence,future/0.75ps/instantaneous_TDA_H1,0.19867800176143646,12
884,low_order,persistence,future/0.75ps/instantaneous_TDA_H1,0.19379903376102448,12
885,low_order,persistence,future/0.75ps/instantaneous_TDA_H1,0.0906890407204628,12
887,low_order,persistence,future/0.75ps/instantaneous_TDA_H1,0.1516532450914383,12
888,low_order,persistence,future/0.75ps/instantaneous_TDA_H1,0.12103872746229172,12
889,low_order,persistence,future/0.75ps/instantaneous_TDA_H1,0.09020296484231949,12
890,low_order,persistence,future/0.75ps/instantaneous_TDA_H1,0.18035848438739777,9
891,low_order,persistence,future/0.75ps/instantaneous_TDA_H1,0.12340188771486282,12
892,low_order,persistence,future/0.75ps/instantaneous_TDA_H1,0.14811481535434723,12
893,low_order,persistence,future/0.75ps/instantaneous_TDA_H1,0.1570037454366684,12
894,low_order,persistence,future/0.75ps/instantaneous_TDA_H1,0.09615083783864975,6
895,low_order,persistence,future/0.75ps/instantaneous_TDA_H1,0.08052920550107956,12
896,low_order,persistence,future/0.75ps/instantaneous_TDA_H1,0.16255953907966614,12
897,low_order,persistence,future/0.75ps/instantaneous_TDA_H1,0.15518701076507568,12
898,low_order,persistence,future/0.75ps/instantaneous_TDA_H1,0.06980755180120468,12
899,low_order,persistence,future/0.75ps/instantaneous_TDA_H1,0.1269044131040573,9
900,low_order,persistence,future/0.75ps/instantaneous_TDA_H1,0.16449862718582153,12
901,low_order,persistence,future/0.75ps/instantaneous_TDA_H1,0.10861856490373611,9
918,low_order,persistence,future/0.75ps/instantaneous_TDA_H1,0.1546434462070465,1
944,low_order,persistence,future/0.75ps/instantaneous_TDA_H1,0.14205777645111084,3
950,low_order,persistence,future/0.75ps/instantaneous_TDA_H1,0.21317243576049805,9
954,low_order,persistence,future/0.75ps/instantaneous_TDA_H1,0.27988559007644653,12
956,low_order,persistence,future/0.75ps/instantaneous_TDA_H1,0.2125260829925537,12
978,low_order,persistence,future/0.75ps/instantaneous_TDA_H1,0.27467939257621765,12
979,low_order,persistence,future/0.75ps/instantaneous_TDA_H1,0.16689522564411163,12
988,low_order,persistence,future/0.75ps/instantaneous_TDA_H1,0.16459347307682037,12
861,low_order,encoder,delta/0.75ps/instantaneous_TDA_H1,0.16764771938323975,12
864,low_order,encoder,delta/0.75ps/instantaneous_TDA_H1,0.17370618879795074,12
865,low_order,encoder,delta/0.75ps/instantaneous_TDA_H1,0.16272605955600739,12
866,low_order,encoder,delta/0.75ps/instantaneous_TDA_H1,0.2383023053407669,12
867,low_order,encoder,delta/0.75ps/instantaneous_TDA_H1,0.21498197317123413,12
868,low_order,encoder,delta/0.75ps/instantaneous_TDA_H1,0.1342373937368393,6
869,low_order,encoder,delta/0.75ps/instantaneous_TDA_H1,0.23826198279857635,12
870,low_order,encoder,delta/0.75ps/instantaneous_TDA_H1,0.17730791866779327,12
871,low_order,encoder,delta/0.75ps/instantaneous_TDA_H1,0.1953374743461609,9
874,low_order,encoder,delta/0.75ps/instantaneous_TDA_H1,0.20038217306137085,12
884,low_order,encoder,delta/0.75ps/instantaneous_TDA_H1,0.19467712938785553,12
885,low_order,encoder,delta/0.75ps/instantaneous_TDA_H1,0.09837731719017029,12
887,low_order,encoder,delta/0.75ps/instantaneous_TDA_H1,0.15360702574253082,12
888,low_order,encoder,delta/0.75ps/instantaneous_TDA_H1,0.12249644845724106,12
889,low_order,encoder,delta/0.75ps/instantaneous_TDA_H1,0.09302574396133423,12
890,low_order,encoder,delta/0.75ps/instantaneous_TDA_H1,0.18547356128692627,9
891,low_order,encoder,delta/0.75ps/instantaneous_TDA_H1,0.12637601792812347,12
892,low_order,encoder,delta/0.75ps/instantaneous_TDA_H1,0.15103423595428467,12
893,low_order,encoder,delta/0.75ps/instantaneous_TDA_H1,0.1613348424434662,12
894,low_order,encoder,delta/0.75ps/instantaneous_TDA_H1,0.09576070308685303,6
895,low_order,encoder,delta/0.75ps/instantaneous_TDA_H1,0.08678557723760605,12
896,low_order,encoder,delta/0.75ps/instantaneous_TDA_H1,0.1619843691587448,12
897,low_order,encoder,delta/0.75ps/instantaneous_TDA_H1,0.1567312628030777,12
898,low_order,encoder,delta/0.75ps/instantaneous_TDA_H1,0.07590147107839584,12
899,low_order,encoder,delta/0.75ps/instantaneous_TDA_H1,0.13473765552043915,9
900,low_order,encoder,delta/0.75ps/instantaneous_TDA_H1,0.16911627352237701,12
901,low_order,encoder,delta/0.75ps/instantaneous_TDA_H1,0.11097922176122665,9
918,low_order,encoder,delta/0.75ps/instantaneous_TDA_H1,0.17843957245349884,1
944,low_order,encoder,delta/0.75ps/instantaneous_TDA_H1,0.1427539587020874,3
950,low_order,encoder,delta/0.75ps/instantaneous_TDA_H1,0.21045668423175812,9
954,low_order,encoder,delta/0.75ps/instantaneous_TDA_H1,0.2871522307395935,12
956,low_order,encoder,delta/0.75ps/instantaneous_TDA_H1,0.21801353991031647,12
978,low_order,encoder,delta/0.75ps/instantaneous_TDA_H1,0.27848199009895325,12
979,low_order,encoder,delta/0.75ps/instantaneous_TDA_H1,0.1715831160545349,12
988,low_order,encoder,delta/0.75ps/instantaneous_TDA_H1,0.16296975314617157,12
861,low_order,encoder,future/3ps/instantaneous_TDA_H1,0.39245423674583435,12
864,low_order,encoder,future/3ps/instantaneous_TDA_H1,0.4019032418727875,12
865,low_order,encoder,future/3ps/instantaneous_TDA_H1,0.38129445910453796,12
866,low_order,encoder,future/3ps/instantaneous_TDA_H1,0.25893643498420715,12
867,low_order,encoder,future/3ps/instantaneous_TDA_H1,0.33977076411247253,12
868,low_order,encoder,future/3ps/instantaneous_TDA_H1,0.4866655766963959,6
869,low_order,encoder,future/3ps/instantaneous_TDA_H1,0.3667876422405243,12
870,low_order,encoder,future/3ps/instantaneous_TDA_H1,0.4444047212600708,12
871,low_order,encoder,future/3ps/instantaneous_TDA_H1,0.38246768712997437,9
874,low_order,encoder,future/3ps/instantaneous_TDA_H1,0.4534124433994293,12
884,low_order,encoder,future/3ps/instantaneous_TDA_H1,0.17337970435619354,12
885,low_order,encoder,future/3ps/instantaneous_TDA_H1,0.49662289023399353,12
887,low_order,encoder,future/3ps/instantaneous_TDA_H1,0.2154870629310608,12
888,low_order,encoder,future/3ps/instantaneous_TDA_H1,0.23192095756530762,12
889,low_order,encoder,future/3ps/instantaneous_TDA_H1,0.3048758804798126,12
890,low_order,encoder,future/3ps/instantaneous_TDA_H1,0.5217331647872925,9
891,low_order,encoder,future/3ps/instantaneous_TDA_H1,0.1813500076532364,12
892,low_order,encoder,future/3ps/instantaneous_TDA_H1,0.20323093235492706,12
893,low_order,encoder,future/3ps/instantaneous_TDA_H1,0.12052080035209656,12
894,low_order,encoder,future/3ps/instantaneous_TDA_H1,0.23235678672790527,6
895,low_order,encoder,future/3ps/instantaneous_TDA_H1,0.19114096462726593,12
896,low_order,encoder,future/3ps/instantaneous_TDA_H1,0.16952507197856903,12
897,low_order,encoder,future/3ps/instantaneous_TDA_H1,0.09210488200187683,12
898,low_order,encoder,future/3ps/instantaneous_TDA_H1,0.15178297460079193,12
899,low_order,encoder,future/3ps/instantaneous_TDA_H1,0.11941974610090256,9
900,low_order,encoder,future/3ps/instantaneous_TDA_H1,0.17994727194309235,12
901,low_order,encoder,future/3ps/instantaneous_TDA_H1,0.15732842683792114,9
918,low_order,encoder,future/3ps/instantaneous_TDA_H1,0.11547715961933136,1
944,low_order,encoder,future/3ps/instantaneous_TDA_H1,0.47263917326927185,3
950,low_order,encoder,future/3ps/instantaneous_TDA_H1,0.18873873353004456,9
954,low_order,encoder,future/3ps/instantaneous_TDA_H1,0.34197619557380676,12
956,low_order,encoder,future/3ps/instantaneous_TDA_H1,0.2254307121038437,12
978,low_order,encoder,future/3ps/instantaneous_TDA_H1,0.37575116753578186,12
979,low_order,encoder,future/3ps/instantaneous_TDA_H1,0.2684207558631897,12
988,low_order,encoder,future/3ps/instantaneous_TDA_H1,0.18479906022548676,12
861,low_order,persistence,future/3ps/instantaneous_TDA_H1,0.3112003803253174,12
864,low_order,persistence,future/3ps/instantaneous_TDA_H1,0.17737151682376862,12
865,low_order,persistence,future/3ps/instantaneous_TDA_H1,0.2255827784538269,12
866,low_order,persistence,future/3ps/instantaneous_TDA_H1,0.2763608992099762,12
867,low_order,persistence,future/3ps/instantaneous_TDA_H1,0.2413855940103531,12
868,low_order,persistence,future/3ps/instantaneous_TDA_H1,0.10510676354169846,6
869,low_order,persistence,future/3ps/instantaneous_TDA_H1,0.2136334329843521,12
870,low_order,persistence,future/3ps/instantaneous_TDA_H1,0.24676279723644257,12
871,low_order,persistence,future/3ps/instantaneous_TDA_H1,0.20341700315475464,9
874,low_order,persistence,future/3ps/instantaneous_TDA_H1,0.29803338646888733,12
884,low_order,persistence,future/3ps/instantaneous_TDA_H1,0.15397273004055023,12
885,low_order,persistence,future/3ps/instantaneous_TDA_H1,0.10325730592012405,12
887,low_order,persistence,future/3ps/instantaneous_TDA_H1,0.13668595254421234,12
888,low_order,persistence,future/3ps/instantaneous_TDA_H1,0.1644466072320938,12
889,low_order,persistence,future/3ps/instantaneous_TDA_H1,0.1722186952829361,12
890,low_order,persistence,future/3ps/instantaneous_TDA_H1,0.2924318313598633,9
891,low_order,persistence,future/3ps/instantaneous_TDA_H1,0.1336878389120102,12
892,low_order,persistence,future/3ps/instantaneous_TDA_H1,0.197623610496521,12
893,low_order,persistence,future/3ps/instantaneous_TDA_H1,0.17377160489559174,12
894,low_order,persistence,future/3ps/instantaneous_TDA_H1,0.0929073691368103,6
895,low_order,persistence,future/3ps/instantaneous_TDA_H1,0.14957067370414734,12
896,low_order,persistence,future/3ps/instantaneous_TDA_H1,0.14279817044734955,12
897,low_order,persistence,future/3ps/instantaneous_TDA_H1,0.1324072927236557,12
898,low_order,persistence,future/3ps/instantaneous_TDA_H1,0.09931688755750656,12
899,low_order,persistence,future/3ps/instantaneous_TDA_H1,0.2142414003610611,9
900,low_order,persistence,future/3ps/instantaneous_TDA_H1,0.13346335291862488,12
901,low_order,persistence,future/3ps/instantaneous_TDA_H1,0.18600009381771088,9
918,low_order,persistence,future/3ps/instantaneous_TDA_H1,0.0780554860830307,1
944,low_order,persistence,future/3ps/instantaneous_TDA_H1,0.18447117507457733,3
950,low_order,persistence,future/3ps/instantaneous_TDA_H1,0.3078899681568146,9
954,low_order,persistence,future/3ps/instantaneous_TDA_H1,0.2376093864440918,12
956,low_order,persistence,future/3ps/instantaneous_TDA_H1,0.22380566596984863,12
978,low_order,persistence,future/3ps/instantaneous_TDA_H1,0.2572689652442932,12
979,low_order,persistence,future/3ps/instantaneous_TDA_H1,0.20887251198291779,12
988,low_order,persistence,future/3ps/instantaneous_TDA_H1,0.11519042402505875,12
861,low_order,encoder,delta/3ps/instantaneous_TDA_H1,0.32288917899131775,12
864,low_order,encoder,delta/3ps/instantaneous_TDA_H1,0.19145619869232178,12
865,low_order,encoder,delta/3ps/instantaneous_TDA_H1,0.2389177531003952,12
866,low_order,encoder,delta/3ps/instantaneous_TDA_H1,0.27218708395957947,12
867,low_order,encoder,delta/3ps/instantaneous_TDA_H1,0.2565942108631134,12
868,low_order,encoder,delta/3ps/instantaneous_TDA_H1,0.11129177361726761,6
869,low_order,encoder,delta/3ps/instantaneous_TDA_H1,0.22270701825618744,12
870,low_order,encoder,delta/3ps/instantaneous_TDA_H1,0.25068917870521545,12
871,low_order,encoder,delta/3ps/instantaneous_TDA_H1,0.21867015957832336,9
874,low_order,encoder,delta/3ps/instantaneous_TDA_H1,0.2864277958869934,12
884,low_order,encoder,delta/3ps/instantaneous_TDA_H1,0.15560604631900787,12
885,low_order,encoder,delta/3ps/instantaneous_TDA_H1,0.10647520422935486,12
887,low_order,encoder,delta/3ps/instantaneous_TDA_H1,0.13611720502376556,12
888,low_order,encoder,delta/3ps/instantaneous_TDA_H1,0.1564919501543045,12
889,low_order,encoder,delta/3ps/instantaneous_TDA_H1,0.1731232851743698,12
890,low_order,encoder,delta/3ps/instantaneous_TDA_H1,0.2992917597293854,9
891,low_order,encoder,delta/3ps/instantaneous_TDA_H1,0.13535766303539276,12
892,low_order,encoder,delta/3ps/instantaneous_TDA_H1,0.20849715173244476,12
893,low_order,encoder,delta/3ps/instantaneous_TDA_H1,0.1715840846300125,12
894,low_order,encoder,delta/3ps/instantaneous_TDA_H1,0.1021646186709404,6
895,low_order,encoder,delta/3ps/instantaneous_TDA_H1,0.1459287852048874,12
896,low_order,encoder,delta/3ps/instantaneous_TDA_H1,0.14262433350086212,12
897,low_order,encoder,delta/3ps/instantaneous_TDA_H1,0.1375845968723297,12
898,low_order,encoder,delta/3ps/instantaneous_TDA_H1,0.10569939762353897,12
899,low_order,encoder,delta/3ps/instantaneous_TDA_H1,0.22467249631881714,9
900,low_order,encoder,delta/3ps/instantaneous_TDA_H1,0.13407814502716064,12
901,low_order,encoder,delta/3ps/instantaneous_TDA_H1,0.18611669540405273,9
918,low_order,encoder,delta/3ps/instantaneous_TDA_H1,0.06576564908027649,1
944,low_order,encoder,delta/3ps/instantaneous_TDA_H1,0.20021796226501465,3
950,low_order,encoder,delta/3ps/instantaneous_TDA_H1,0.2954605221748352,9
954,low_order,encoder,delta/3ps/instantaneous_TDA_H1,0.2492859810590744,12
956,low_order,encoder,delta/3ps/instantaneous_TDA_H1,0.20976261794567108,12
978,low_order,encoder,delta/3ps/instantaneous_TDA_H1,0.24933695793151855,12
979,low_order,encoder,delta/3ps/instantaneous_TDA_H1,0.20637565851211548,12
988,low_order,encoder,delta/3ps/instantaneous_TDA_H1,0.10964324325323105,12
861,low_order,encoder,future/9ps/instantaneous_TDA_H1,0.20526862144470215,12
864,low_order,encoder,future/9ps/instantaneous_TDA_H1,0.37199804186820984,12
865,low_order,encoder,future/9ps/instantaneous_TDA_H1,0.363673597574234,12
866,low_order,encoder,future/9ps/instantaneous_TDA_H1,0.23041439056396484,12
867,low_order,encoder,future/9ps/instantaneous_TDA_H1,0.28926119208335876,12
868,low_order,encoder,future/9ps/instantaneous_TDA_H1,0.5085359215736389,6
869,low_order,encoder,future/9ps/instantaneous_TDA_H1,0.41978099942207336,12
870,low_order,encoder,future/9ps/instantaneous_TDA_H1,0.16522778570652008,12
871,low_order,encoder,future/9ps/instantaneous_TDA_H1,0.30335554480552673,9
874,low_order,encoder,future/9ps/instantaneous_TDA_H1,0.5558502078056335,12
884,low_order,encoder,future/9ps/instantaneous_TDA_H1,0.23194967210292816,12
885,low_order,encoder,future/9ps/instantaneous_TDA_H1,0.3534993827342987,12
887,low_order,encoder,future/9ps/instantaneous_TDA_H1,0.1955525428056717,12
888,low_order,encoder,future/9ps/instantaneous_TDA_H1,0.274400919675827,12
889,low_order,encoder,future/9ps/instantaneous_TDA_H1,0.5234322547912598,12
890,low_order,encoder,future/9ps/instantaneous_TDA_H1,0.5000214576721191,9
891,low_order,encoder,future/9ps/instantaneous_TDA_H1,0.18447746336460114,12
892,low_order,encoder,future/9ps/instantaneous_TDA_H1,0.2587333619594574,12
893,low_order,encoder,future/9ps/instantaneous_TDA_H1,0.12815554440021515,12
894,low_order,encoder,future/9ps/instantaneous_TDA_H1,0.19895459711551666,6
895,low_order,encoder,future/9ps/instantaneous_TDA_H1,0.17248769104480743,12
896,low_order,encoder,future/9ps/instantaneous_TDA_H1,0.17253565788269043,12
897,low_order,encoder,future/9ps/instantaneous_TDA_H1,0.1844230443239212,12
898,low_order,encoder,future/9ps/instantaneous_TDA_H1,0.19146649539470673,12
899,low_order,encoder,future/9ps/instantaneous_TDA_H1,0.23650376498699188,9
900,low_order,encoder,future/9ps/instantaneous_TDA_H1,0.2570782005786896,12
901,low_order,encoder,future/9ps/instantaneous_TDA_H1,0.31496480107307434,9
918,low_order,encoder,future/9ps/instantaneous_TDA_H1,0.06469433754682541,1
944,low_order,encoder,future/9ps/instantaneous_TDA_H1,0.38010597229003906,3
950,low_order,encoder,future/9ps/instantaneous_TDA_H1,0.11697174608707428,9
954,low_order,encoder,future/9ps/instantaneous_TDA_H1,0.28627216815948486,12
956,low_order,encoder,future/9ps/instantaneous_TDA_H1,0.3089226186275482,12
978,low_order,encoder,future/9ps/instantaneous_TDA_H1,0.2777157425880432,12
979,low_order,encoder,future/9ps/instantaneous_TDA_H1,0.389009952545166,12
988,low_order,encoder,future/9ps/instantaneous_TDA_H1,0.42191651463508606,12
861,low_order,persistence,future/9ps/instantaneous_TDA_H1,0.3020969331264496,12
864,low_order,persistence,future/9ps/instantaneous_TDA_H1,0.19210289418697357,12
865,low_order,persistence,future/9ps/instantaneous_TDA_H1,0.1950998455286026,12
866,low_order,persistence,future/9ps/instantaneous_TDA_H1,0.17890703678131104,12
867,low_order,persistence,future/9ps/instantaneous_TDA_H1,0.22663362324237823,12
868,low_order,persistence,future/9ps/instantaneous_TDA_H1,1.0454115867614746,6
869,low_order,persistence,future/9ps/instantaneous_TDA_H1,0.2813185751438141,12
870,low_order,persistence,future/9ps/instantaneous_TDA_H1,0.3225439488887787,12
871,low_order,persistence,future/9ps/instantaneous_TDA_H1,0.3570896089076996,9
874,low_order,persistence,future/9ps/instantaneous_TDA_H1,0.25367775559425354,12
884,low_order,persistence,future/9ps/instantaneous_TDA_H1,0.15114404261112213,12
885,low_order,persistence,future/9ps/instantaneous_TDA_H1,0.1024547591805458,12
887,low_order,persistence,future/9ps/instantaneous_TDA_H1,0.1942751407623291,12
888,low_order,persistence,future/9ps/instantaneous_TDA_H1,0.08903240412473679,12
889,low_order,persistence,future/9ps/instantaneous_TDA_H1,0.5048595666885376,12
890,low_order,persistence,future/9ps/instantaneous_TDA_H1,0.19897612929344177,9
891,low_order,persistence,future/9ps/instantaneous_TDA_H1,0.13792715966701508,12
892,low_order,persistence,future/9ps/instantaneous_TDA_H1,0.16598664224147797,12
893,low_order,persistence,future/9ps/instantaneous_TDA_H1,0.15886852145195007,12
894,low_order,persistence,future/9ps/instantaneous_TDA_H1,0.11418164521455765,6
895,low_order,persistence,future/9ps/instantaneous_TDA_H1,0.14198563992977142,12
896,low_order,persistence,future/9ps/instantaneous_TDA_H1,0.18078076839447021,12
897,low_order,persistence,future/9ps/instantaneous_TDA_H1,0.15703539550304413,12
898,low_order,persistence,future/9ps/instantaneous_TDA_H1,0.1101616621017456,12
899,low_order,persistence,future/9ps/instantaneous_TDA_H1,0.2980499863624573,9
900,low_order,persistence,future/9ps/instantaneous_TDA_H1,0.2304290533065796,12
901,low_order,persistence,future/9ps/instantaneous_TDA_H1,0.41896170377731323,9
918,low_order,persistence,future/9ps/instantaneous_TDA_H1,0.05771159753203392,1
944,low_order,persistence,future/9ps/instantaneous_TDA_H1,1.0020660161972046,3
950,low_order,persistence,future/9ps/instantaneous_TDA_H1,0.4664662778377533,9
954,low_order,persistence,future/9ps/instantaneous_TDA_H1,0.23278088867664337,12
956,low_order,persistence,future/9ps/instantaneous_TDA_H1,0.40634608268737793,12
978,low_order,persistence,future/9ps/instantaneous_TDA_H1,0.43135860562324524,12
979,low_order,persistence,future/9ps/instantaneous_TDA_H1,0.1854744702577591,12
988,low_order,persistence,future/9ps/instantaneous_TDA_H1,0.2356141060590744,12
861,low_order,encoder,delta/9ps/instantaneous_TDA_H1,0.2863192856311798,12
864,low_order,encoder,delta/9ps/instantaneous_TDA_H1,0.19745004177093506,12
865,low_order,encoder,delta/9ps/instantaneous_TDA_H1,0.2253137081861496,12
866,low_order,encoder,delta/9ps/instantaneous_TDA_H1,0.16733123362064362,12
867,low_order,encoder,delta/9ps/instantaneous_TDA_H1,0.2514816224575043,12
868,low_order,encoder,delta/9ps/instantaneous_TDA_H1,0.9843707084655762,6
869,low_order,encoder,delta/9ps/instantaneous_TDA_H1,0.2955206632614136,12
870,low_order,encoder,delta/9ps/instantaneous_TDA_H1,0.28536877036094666,12
871,low_order,encoder,delta/9ps/instantaneous_TDA_H1,0.3482755720615387,9
874,low_order,encoder,delta/9ps/instantaneous_TDA_H1,0.251273512840271,12
884,low_order,encoder,delta/9ps/instantaneous_TDA_H1,0.14655296504497528,12
885,low_order,encoder,delta/9ps/instantaneous_TDA_H1,0.11050426959991455,12
887,low_order,encoder,delta/9ps/instantaneous_TDA_H1,0.20762740075588226,12
888,low_order,encoder,delta/9ps/instantaneous_TDA_H1,0.08909600973129272,12
889,low_order,encoder,delta/9ps/instantaneous_TDA_H1,0.4785328209400177,12
890,low_order,encoder,delta/9ps/instantaneous_TDA_H1,0.20223531126976013,9
891,low_order,encoder,delta/9ps/instantaneous_TDA_H1,0.14522898197174072,12
892,low_order,encoder,delta/9ps/instantaneous_TDA_H1,0.18213523924350739,12
893,low_order,encoder,delta/9ps/instantaneous_TDA_H1,0.17561642825603485,12
894,low_order,encoder,delta/9ps/instantaneous_TDA_H1,0.1196729838848114,6
895,low_order,encoder,delta/9ps/instantaneous_TDA_H1,0.15697714686393738,12
896,low_order,encoder,delta/9ps/instantaneous_TDA_H1,0.19019871950149536,12
897,low_order,encoder,delta/9ps/instantaneous_TDA_H1,0.1617737114429474,12
898,low_order,encoder,delta/9ps/instantaneous_TDA_H1,0.11748635023832321,12
899,low_order,encoder,delta/9ps/instantaneous_TDA_H1,0.3230442702770233,9
900,low_order,encoder,delta/9ps/instantaneous_TDA_H1,0.23228375613689423,12
901,low_order,encoder,delta/9ps/instantaneous_TDA_H1,0.38351285457611084,9
918,low_order,encoder,delta/9ps/instantaneous_TDA_H1,0.030787108466029167,1
944,low_order,encoder,delta/9ps/instantaneous_TDA_H1,0.8701092600822449,3
950,low_order,encoder,delta/9ps/instantaneous_TDA_H1,0.4312969148159027,9
954,low_order,encoder,delta/9ps/instantaneous_TDA_H1,0.25786569714546204,12
956,low_order,encoder,delta/9ps/instantaneous_TDA_H1,0.375492125749588,12
978,low_order,encoder,delta/9ps/instantaneous_TDA_H1,0.40851891040802,12
979,low_order,encoder,delta/9ps/instantaneous_TDA_H1,0.18942897021770477,12
988,low_order,encoder,delta/9ps/instantaneous_TDA_H1,0.24001896381378174,12
861,low_order,encoder,present/instantaneous_TDA_H2,0.19576923549175262,12
864,low_order,encoder,present/instantaneous_TDA_H2,0.24111314117908478,12
865,low_order,encoder,present/instantaneous_TDA_H2,0.22181008756160736,12
866,low_order,encoder,present/instantaneous_TDA_H2,0.10012701153755188,12
867,low_order,encoder,present/instantaneous_TDA_H2,0.15557117760181427,12
868,low_order,encoder,present/instantaneous_TDA_H2,0.21911019086837769,6
869,low_order,encoder,present/instantaneous_TDA_H2,0.08192729204893112,12
870,low_order,encoder,present/instantaneous_TDA_H2,0.15387170016765594,12
871,low_order,encoder,present/instantaneous_TDA_H2,0.14632175862789154,9
874,low_order,encoder,present/instantaneous_TDA_H2,0.2355269342660904,12
884,low_order,encoder,present/instantaneous_TDA_H2,0.17882730066776276,12
885,low_order,encoder,present/instantaneous_TDA_H2,0.362980455160141,12
887,low_order,encoder,present/instantaneous_TDA_H2,0.12849967181682587,12
888,low_order,encoder,present/instantaneous_TDA_H2,0.13880079984664917,12
889,low_order,encoder,present/instantaneous_TDA_H2,0.18142153322696686,12
890,low_order,encoder,present/instantaneous_TDA_H2,0.3809110224246979,9
891,low_order,encoder,present/instantaneous_TDA_H2,0.19420337677001953,12
892,low_order,encoder,present/instantaneous_TDA_H2,0.21132837235927582,12
893,low_order,encoder,present/instantaneous_TDA_H2,0.12161477655172348,12
894,low_order,encoder,present/instantaneous_TDA_H2,0.333661824464798,6
895,low_order,encoder,present/instantaneous_TDA_H2,0.1882166862487793,12
896,low_order,encoder,present/instantaneous_TDA_H2,0.16414496302604675,12
897,low_order,encoder,present/instantaneous_TDA_H2,0.07878339290618896,12
898,low_order,encoder,present/instantaneous_TDA_H2,0.10508078336715698,12
899,low_order,encoder,present/instantaneous_TDA_H2,0.2608386278152466,9
900,low_order,encoder,present/instantaneous_TDA_H2,0.17248094081878662,12
901,low_order,encoder,present/instantaneous_TDA_H2,0.1431330442428589,9
918,low_order,encoder,present/instantaneous_TDA_H2,0.036324888467788696,1
944,low_order,encoder,present/instantaneous_TDA_H2,0.08876455575227737,3
950,low_order,encoder,present/instantaneous_TDA_H2,0.12144778668880463,9
954,low_order,encoder,present/instantaneous_TDA_H2,0.10923727601766586,12
956,low_order,encoder,present/instantaneous_TDA_H2,0.24735987186431885,12
978,low_order,encoder,present/instantaneous_TDA_H2,0.2692565321922302,12
979,low_order,encoder,present/instantaneous_TDA_H2,0.17026977241039276,12
988,low_order,encoder,present/instantaneous_TDA_H2,0.09602390974760056,12
861,low_order,encoder,future/0.75ps/instantaneous_TDA_H2,0.23458808660507202,12
864,low_order,encoder,future/0.75ps/instantaneous_TDA_H2,0.268027663230896,12
865,low_order,encoder,future/0.75ps/instantaneous_TDA_H2,0.3410865366458893,12
866,low_order,encoder,future/0.75ps/instantaneous_TDA_H2,0.1653408259153366,12
867,low_order,encoder,future/0.75ps/instantaneous_TDA_H2,0.23934431374073029,12
868,low_order,encoder,future/0.75ps/instantaneous_TDA_H2,0.28149640560150146,6
869,low_order,encoder,future/0.75ps/instantaneous_TDA_H2,0.20725663006305695,12
870,low_order,encoder,future/0.75ps/instantaneous_TDA_H2,0.30601412057876587,12
871,low_order,encoder,future/0.75ps/instantaneous_TDA_H2,0.23695342242717743,9
874,low_order,encoder,future/0.75ps/instantaneous_TDA_H2,0.32551974058151245,12
884,low_order,encoder,future/0.75ps/instantaneous_TDA_H2,0.20097893476486206,12
885,low_order,encoder,future/0.75ps/instantaneous_TDA_H2,0.44558393955230713,12
887,low_order,encoder,future/0.75ps/instantaneous_TDA_H2,0.22026510536670685,12
888,low_order,encoder,future/0.75ps/instantaneous_TDA_H2,0.23908333480358124,12
889,low_order,encoder,future/0.75ps/instantaneous_TDA_H2,0.20154516398906708,12
890,low_order,encoder,future/0.75ps/instantaneous_TDA_H2,0.41917240619659424,9
891,low_order,encoder,future/0.75ps/instantaneous_TDA_H2,0.1853076070547104,12
892,low_order,encoder,future/0.75ps/instantaneous_TDA_H2,0.2386622428894043,12
893,low_order,encoder,future/0.75ps/instantaneous_TDA_H2,0.14533376693725586,12
894,low_order,encoder,future/0.75ps/instantaneous_TDA_H2,0.36852678656578064,6
895,low_order,encoder,future/0.75ps/instantaneous_TDA_H2,0.20926374197006226,12
896,low_order,encoder,future/0.75ps/instantaneous_TDA_H2,0.17735521495342255,12
897,low_order,encoder,future/0.75ps/instantaneous_TDA_H2,0.12840978801250458,12
898,low_order,encoder,future/0.75ps/instantaneous_TDA_H2,0.13972784578800201,12
899,low_order,encoder,future/0.75ps/instantaneous_TDA_H2,0.19887115061283112,9
900,low_order,encoder,future/0.75ps/instantaneous_TDA_H2,0.20393383502960205,12
901,low_order,encoder,future/0.75ps/instantaneous_TDA_H2,0.17233651876449585,9
918,low_order,encoder,future/0.75ps/instantaneous_TDA_H2,0.11400573700666428,1
944,low_order,encoder,future/0.75ps/instantaneous_TDA_H2,0.1713484674692154,3
950,low_order,encoder,future/0.75ps/instantaneous_TDA_H2,0.15438951551914215,9
954,low_order,encoder,future/0.75ps/instantaneous_TDA_H2,0.1766928881406784,12
956,low_order,encoder,future/0.75ps/instantaneous_TDA_H2,0.3516249656677246,12
978,low_order,encoder,future/0.75ps/instantaneous_TDA_H2,0.3148500621318817,12
979,low_order,encoder,future/0.75ps/instantaneous_TDA_H2,0.23141753673553467,12
988,low_order,encoder,future/0.75ps/instantaneous_TDA_H2,0.2463364452123642,12
861,low_order,persistence,future/0.75ps/instantaneous_TDA_H2,0.128603994846344,12
864,low_order,persistence,future/0.75ps/instantaneous_TDA_H2,0.21943561732769012,12
865,low_order,persistence,future/0.75ps/instantaneous_TDA_H2,0.17884854972362518,12
866,low_order,persistence,future/0.75ps/instantaneous_TDA_H2,0.12071425467729568,12
867,low_order,persistence,future/0.75ps/instantaneous_TDA_H2,0.1656360924243927,12
868,low_order,persistence,future/0.75ps/instantaneous_TDA_H2,0.11139586567878723,6
869,low_order,persistence,future/0.75ps/instantaneous_TDA_H2,0.12649233639240265,12
870,low_order,persistence,future/0.75ps/instantaneous_TDA_H2,0.1427372545003891,12
871,low_order,persistence,future/0.75ps/instantaneous_TDA_H2,0.21369151771068573,9
874,low_order,persistence,future/0.75ps/instantaneous_TDA_H2,0.13204917311668396,12
884,low_order,persistence,future/0.75ps/instantaneous_TDA_H2,0.10711289197206497,12
885,low_order,persistence,future/0.75ps/instantaneous_TDA_H2,0.08566710352897644,12
887,low_order,persistence,future/0.75ps/instantaneous_TDA_H2,0.09772651642560959,12
888,low_order,persistence,future/0.75ps/instantaneous_TDA_H2,0.10917794704437256,12
889,low_order,persistence,future/0.75ps/instantaneous_TDA_H2,0.08463886380195618,12
890,low_order,persistence,future/0.75ps/instantaneous_TDA_H2,0.14674635231494904,9
891,low_order,persistence,future/0.75ps/instantaneous_TDA_H2,0.1142246350646019,12
892,low_order,persistence,future/0.75ps/instantaneous_TDA_H2,0.1727112978696823,12
893,low_order,persistence,future/0.75ps/instantaneous_TDA_H2,0.13038240373134613,12
894,low_order,persistence,future/0.75ps/instantaneous_TDA_H2,0.11987873166799545,6
895,low_order,persistence,future/0.75ps/instantaneous_TDA_H2,0.1116284504532814,12
896,low_order,persistence,future/0.75ps/instantaneous_TDA_H2,0.16409777104854584,12
897,low_order,persistence,future/0.75ps/instantaneous_TDA_H2,0.12296239286661148,12
898,low_order,persistence,future/0.75ps/instantaneous_TDA_H2,0.06506075710058212,12
899,low_order,persistence,future/0.75ps/instantaneous_TDA_H2,0.09132769703865051,9
900,low_order,persistence,future/0.75ps/instantaneous_TDA_H2,0.12401077896356583,12
901,low_order,persistence,future/0.75ps/instantaneous_TDA_H2,0.21931655704975128,9
918,low_order,persistence,future/0.75ps/instantaneous_TDA_H2,0.08300279080867767,1
944,low_order,persistence,future/0.75ps/instantaneous_TDA_H2,0.11226224899291992,3
950,low_order,persistence,future/0.75ps/instantaneous_TDA_H2,0.09029187262058258,9
954,low_order,persistence,future/0.75ps/instantaneous_TDA_H2,0.11891546100378036,12
956,low_order,persistence,future/0.75ps/instantaneous_TDA_H2,0.14637073874473572,12
978,low_order,persistence,future/0.75ps/instantaneous_TDA_H2,0.12160778045654297,12
979,low_order,persistence,future/0.75ps/instantaneous_TDA_H2,0.17158977687358856,12
988,low_order,persistence,future/0.75ps/instantaneous_TDA_H2,0.16310633718967438,12
861,low_order,encoder,delta/0.75ps/instantaneous_TDA_H2,0.13222847878932953,12
864,low_order,encoder,delta/0.75ps/instantaneous_TDA_H2,0.23439858853816986,12
865,low_order,encoder,delta/0.75ps/instantaneous_TDA_H2,0.2025832086801529,12
866,low_order,encoder,delta/0.75ps/instantaneous_TDA_H2,0.13236327469348907,12
867,low_order,encoder,delta/0.75ps/instantaneous_TDA_H2,0.18294848501682281,12
868,low_order,encoder,delta/0.75ps/instantaneous_TDA_H2,0.13574494421482086,6
869,low_order,encoder,delta/0.75ps/instantaneous_TDA_H2,0.1403619796037674,12
870,low_order,encoder,delta/0.75ps/instantaneous_TDA_H2,0.14792245626449585,12
871,low_order,encoder,delta/0.75ps/instantaneous_TDA_H2,0.21956534683704376,9
874,low_order,encoder,delta/0.75ps/instantaneous_TDA_H2,0.1435059905052185,12
884,low_order,encoder,delta/0.75ps/instantaneous_TDA_H2,0.11894375085830688,12
885,low_order,encoder,delta/0.75ps/instantaneous_TDA_H2,0.09574967622756958,12
887,low_order,encoder,delta/0.75ps/instantaneous_TDA_H2,0.10577156394720078,12
888,low_order,encoder,delta/0.75ps/instantaneous_TDA_H2,0.12101923674345016,12
889,low_order,encoder,delta/0.75ps/instantaneous_TDA_H2,0.09802711755037308,12
890,low_order,encoder,delta/0.75ps/instantaneous_TDA_H2,0.15457241237163544,9
891,low_order,encoder,delta/0.75ps/instantaneous_TDA_H2,0.1293652057647705,12
892,low_order,encoder,delta/0.75ps/instantaneous_TDA_H2,0.1818062663078308,12
893,low_order,encoder,delta/0.75ps/instantaneous_TDA_H2,0.13666142523288727,12
894,low_order,encoder,delta/0.75ps/instantaneous_TDA_H2,0.1338893622159958,6
895,low_order,encoder,delta/0.75ps/instantaneous_TDA_H2,0.11198390275239944,12
896,low_order,encoder,delta/0.75ps/instantaneous_TDA_H2,0.16380693018436432,12
897,low_order,encoder,delta/0.75ps/instantaneous_TDA_H2,0.13582313060760498,12
898,low_order,encoder,delta/0.75ps/instantaneous_TDA_H2,0.07076629251241684,12
899,low_order,encoder,delta/0.75ps/instantaneous_TDA_H2,0.10641783475875854,9
900,low_order,encoder,delta/0.75ps/instantaneous_TDA_H2,0.12630464136600494,12
901,low_order,encoder,delta/0.75ps/instantaneous_TDA_H2,0.2267015278339386,9
918,low_order,encoder,delta/0.75ps/instantaneous_TDA_H2,0.08624544739723206,1
944,low_order,encoder,delta/0.75ps/instantaneous_TDA_H2,0.10514775663614273,3
950,low_order,encoder,delta/0.75ps/instantaneous_TDA_H2,0.09655915200710297,9
954,low_order,encoder,delta/0.75ps/instantaneous_TDA_H2,0.1359955072402954,12
956,low_order,encoder,delta/0.75ps/instantaneous_TDA_H2,0.16603241860866547,12
978,low_order,encoder,delta/0.75ps/instantaneous_TDA_H2,0.13359101116657257,12
979,low_order,encoder,delta/0.75ps/instantaneous_TDA_H2,0.18568111956119537,12
988,low_order,encoder,delta/0.75ps/instantaneous_TDA_H2,0.16023531556129456,12
861,low_order,encoder,future/3ps/instantaneous_TDA_H2,0.19979538023471832,12
864,low_order,encoder,future/3ps/instantaneous_TDA_H2,0.25300776958465576,12
865,low_order,encoder,future/3ps/instantaneous_TDA_H2,0.2342892289161682,12
866,low_order,encoder,future/3ps/instantaneous_TDA_H2,0.18360382318496704,12
867,low_order,encoder,future/3ps/instantaneous_TDA_H2,0.29217666387557983,12
868,low_order,encoder,future/3ps/instantaneous_TDA_H2,0.37094223499298096,6
869,low_order,encoder,future/3ps/instantaneous_TDA_H2,0.1743069887161255,12
870,low_order,encoder,future/3ps/instantaneous_TDA_H2,0.27551984786987305,12
871,low_order,encoder,future/3ps/instantaneous_TDA_H2,0.30456316471099854,9
874,low_order,encoder,future/3ps/instantaneous_TDA_H2,0.3095822334289551,12
884,low_order,encoder,future/3ps/instantaneous_TDA_H2,0.19330601394176483,12
885,low_order,encoder,future/3ps/instantaneous_TDA_H2,0.483852356672287,12
887,low_order,encoder,future/3ps/instantaneous_TDA_H2,0.2367018461227417,12
888,low_order,encoder,future/3ps/instantaneous_TDA_H2,0.18366722762584686,12
889,low_order,encoder,future/3ps/instantaneous_TDA_H2,0.2209528088569641,12
890,low_order,encoder,future/3ps/instantaneous_TDA_H2,0.5014647841453552,9
891,low_order,encoder,future/3ps/instantaneous_TDA_H2,0.18205499649047852,12
892,low_order,encoder,future/3ps/instantaneous_TDA_H2,0.24378007650375366,12
893,low_order,encoder,future/3ps/instantaneous_TDA_H2,0.1452309638261795,12
894,low_order,encoder,future/3ps/instantaneous_TDA_H2,0.34179940819740295,6
895,low_order,encoder,future/3ps/instantaneous_TDA_H2,0.18624715507030487,12
896,low_order,encoder,future/3ps/instantaneous_TDA_H2,0.17492389678955078,12
897,low_order,encoder,future/3ps/instantaneous_TDA_H2,0.09556129574775696,12
898,low_order,encoder,future/3ps/instantaneous_TDA_H2,0.10553126782178879,12
899,low_order,encoder,future/3ps/instantaneous_TDA_H2,0.09742081165313721,9
900,low_order,encoder,future/3ps/instantaneous_TDA_H2,0.16125202178955078,12
901,low_order,encoder,future/3ps/instantaneous_TDA_H2,0.10359698534011841,9
918,low_order,encoder,future/3ps/instantaneous_TDA_H2,0.042311783879995346,1
944,low_order,encoder,future/3ps/instantaneous_TDA_H2,0.14390486478805542,3
950,low_order,encoder,future/3ps/instantaneous_TDA_H2,0.1530633568763733,9
954,low_order,encoder,future/3ps/instantaneous_TDA_H2,0.26516684889793396,12
956,low_order,encoder,future/3ps/instantaneous_TDA_H2,0.24524269998073578,12
978,low_order,encoder,future/3ps/instantaneous_TDA_H2,0.26249411702156067,12
979,low_order,encoder,future/3ps/instantaneous_TDA_H2,0.19743721187114716,12
988,low_order,encoder,future/3ps/instantaneous_TDA_H2,0.1735701560974121,12
861,low_order,persistence,future/3ps/instantaneous_TDA_H2,0.21088211238384247,12
864,low_order,persistence,future/3ps/instantaneous_TDA_H2,0.19112609326839447,12
865,low_order,persistence,future/3ps/instantaneous_TDA_H2,0.2078801393508911,12
866,low_order,persistence,future/3ps/instantaneous_TDA_H2,0.1689876914024353,12
867,low_order,persistence,future/3ps/instantaneous_TDA_H2,0.21380706131458282,12
868,low_order,persistence,future/3ps/instantaneous_TDA_H2,0.1129411831498146,6
869,low_order,persistence,future/3ps/instantaneous_TDA_H2,0.1583985537290573,12
870,low_order,persistence,future/3ps/instantaneous_TDA_H2,0.16895152628421783,12
871,low_order,persistence,future/3ps/instantaneous_TDA_H2,0.18983809649944305,9
874,low_order,persistence,future/3ps/instantaneous_TDA_H2,0.17370964586734772,12
884,low_order,persistence,future/3ps/instantaneous_TDA_H2,0.11591608077287674,12
885,low_order,persistence,future/3ps/instantaneous_TDA_H2,0.12495120614767075,12
887,low_order,persistence,future/3ps/instantaneous_TDA_H2,0.14610645174980164,12
888,low_order,persistence,future/3ps/instantaneous_TDA_H2,0.12447246164083481,12
889,low_order,persistence,future/3ps/instantaneous_TDA_H2,0.12479346990585327,12
890,low_order,persistence,future/3ps/instantaneous_TDA_H2,0.132564976811409,9
891,low_order,persistence,future/3ps/instantaneous_TDA_H2,0.11023391038179398,12
892,low_order,persistence,future/3ps/instantaneous_TDA_H2,0.15417537093162537,12
893,low_order,persistence,future/3ps/instantaneous_TDA_H2,0.1367398053407669,12
894,low_order,persistence,future/3ps/instantaneous_TDA_H2,0.1476401835680008,6
895,low_order,persistence,future/3ps/instantaneous_TDA_H2,0.1161360815167427,12
896,low_order,persistence,future/3ps/instantaneous_TDA_H2,0.13336153328418732,12
897,low_order,persistence,future/3ps/instantaneous_TDA_H2,0.10726653784513474,12
898,low_order,persistence,future/3ps/instantaneous_TDA_H2,0.11558141559362411,12
899,low_order,persistence,future/3ps/instantaneous_TDA_H2,0.1561404913663864,9
900,low_order,persistence,future/3ps/instantaneous_TDA_H2,0.09154877811670303,12
901,low_order,persistence,future/3ps/instantaneous_TDA_H2,0.1765805184841156,9
918,low_order,persistence,future/3ps/instantaneous_TDA_H2,0.088927261531353,1
944,low_order,persistence,future/3ps/instantaneous_TDA_H2,0.04885901138186455,3
950,low_order,persistence,future/3ps/instantaneous_TDA_H2,0.21849995851516724,9
954,low_order,persistence,future/3ps/instantaneous_TDA_H2,0.1433301717042923,12
956,low_order,persistence,future/3ps/instantaneous_TDA_H2,0.16284345090389252,12
978,low_order,persistence,future/3ps/instantaneous_TDA_H2,0.14007645845413208,12
979,low_order,persistence,future/3ps/instantaneous_TDA_H2,0.14950132369995117,12
988,low_order,persistence,future/3ps/instantaneous_TDA_H2,0.17630703747272491,12
861,low_order,encoder,delta/3ps/instantaneous_TDA_H2,0.2218717485666275,12
864,low_order,encoder,delta/3ps/instantaneous_TDA_H2,0.2172573357820511,12
865,low_order,encoder,delta/3ps/instantaneous_TDA_H2,0.2333807349205017,12
866,low_order,encoder,delta/3ps/instantaneous_TDA_H2,0.1774567812681198,12
867,low_order,encoder,delta/3ps/instantaneous_TDA_H2,0.2465674877166748,12
868,low_order,encoder,delta/3ps/instantaneous_TDA_H2,0.13401494920253754,6
869,low_order,encoder,delta/3ps/instantaneous_TDA_H2,0.1748921275138855,12
870,low_order,encoder,delta/3ps/instantaneous_TDA_H2,0.17449462413787842,12
871,low_order,encoder,delta/3ps/instantaneous_TDA_H2,0.2184908092021942,9
874,low_order,encoder,delta/3ps/instantaneous_TDA_H2,0.17052774131298065,12
884,low_order,encoder,delta/3ps/instantaneous_TDA_H2,0.1324705332517624,12
885,low_order,encoder,delta/3ps/instantaneous_TDA_H2,0.12411704659461975,12
887,low_order,encoder,delta/3ps/instantaneous_TDA_H2,0.12928490340709686,12
888,low_order,encoder,delta/3ps/instantaneous_TDA_H2,0.1235695481300354,12
889,low_order,encoder,delta/3ps/instantaneous_TDA_H2,0.12685950100421906,12
890,low_order,encoder,delta/3ps/instantaneous_TDA_H2,0.14555591344833374,9
891,low_order,encoder,delta/3ps/instantaneous_TDA_H2,0.11926907300949097,12
892,low_order,encoder,delta/3ps/instantaneous_TDA_H2,0.16724587976932526,12
893,low_order,encoder,delta/3ps/instantaneous_TDA_H2,0.1574634462594986,12
894,low_order,encoder,delta/3ps/instantaneous_TDA_H2,0.18779736757278442,6
895,low_order,encoder,delta/3ps/instantaneous_TDA_H2,0.11780007928609848,12
896,low_order,encoder,delta/3ps/instantaneous_TDA_H2,0.1307162642478943,12
897,low_order,encoder,delta/3ps/instantaneous_TDA_H2,0.12054987996816635,12
898,low_order,encoder,delta/3ps/instantaneous_TDA_H2,0.1213904619216919,12
899,low_order,encoder,delta/3ps/instantaneous_TDA_H2,0.19531744718551636,9
900,low_order,encoder,delta/3ps/instantaneous_TDA_H2,0.08648336678743362,12
901,low_order,encoder,delta/3ps/instantaneous_TDA_H2,0.15313668549060822,9
918,low_order,encoder,delta/3ps/instantaneous_TDA_H2,0.08254243433475494,1
944,low_order,encoder,delta/3ps/instantaneous_TDA_H2,0.050564903765916824,3
950,low_order,encoder,delta/3ps/instantaneous_TDA_H2,0.22568856179714203,9
954,low_order,encoder,delta/3ps/instantaneous_TDA_H2,0.17431390285491943,12
956,low_order,encoder,delta/3ps/instantaneous_TDA_H2,0.16424782574176788,12
978,low_order,encoder,delta/3ps/instantaneous_TDA_H2,0.13384787738323212,12
979,low_order,encoder,delta/3ps/instantaneous_TDA_H2,0.16208219528198242,12
988,low_order,encoder,delta/3ps/instantaneous_TDA_H2,0.15970928966999054,12
861,low_order,encoder,future/9ps/instantaneous_TDA_H2,0.17496614158153534,12
864,low_order,encoder,future/9ps/instantaneous_TDA_H2,0.2336822748184204,12
865,low_order,encoder,future/9ps/instantaneous_TDA_H2,0.21019385755062103,12
866,low_order,encoder,future/9ps/instantaneous_TDA_H2,0.1156962588429451,12
867,low_order,encoder,future/9ps/instantaneous_TDA_H2,0.2894788980484009,12
868,low_order,encoder,future/9ps/instantaneous_TDA_H2,0.41742679476737976,6
869,low_order,encoder,future/9ps/instantaneous_TDA_H2,0.1466941386461258,12
870,low_order,encoder,future/9ps/instantaneous_TDA_H2,0.18837876617908478,12
871,low_order,encoder,future/9ps/instantaneous_TDA_H2,0.2490818202495575,9
874,low_order,encoder,future/9ps/instantaneous_TDA_H2,0.3242904245853424,12
884,low_order,encoder,future/9ps/instantaneous_TDA_H2,0.2539980113506317,12
885,low_order,encoder,future/9ps/instantaneous_TDA_H2,0.4616909921169281,12
887,low_order,encoder,future/9ps/instantaneous_TDA_H2,0.1802709549665451,12
888,low_order,encoder,future/9ps/instantaneous_TDA_H2,0.2520531117916107,12
889,low_order,encoder,future/9ps/instantaneous_TDA_H2,0.5711376667022705,12
890,low_order,encoder,future/9ps/instantaneous_TDA_H2,0.5594015121459961,9
891,low_order,encoder,future/9ps/instantaneous_TDA_H2,0.19238221645355225,12
892,low_order,encoder,future/9ps/instantaneous_TDA_H2,0.17639480531215668,12
893,low_order,encoder,future/9ps/instantaneous_TDA_H2,0.1498577743768692,12
894,low_order,encoder,future/9ps/instantaneous_TDA_H2,0.2570134103298187,6
895,low_order,encoder,future/9ps/instantaneous_TDA_H2,0.16069729626178741,12
896,low_order,encoder,future/9ps/instantaneous_TDA_H2,0.12851044535636902,12
897,low_order,encoder,future/9ps/instantaneous_TDA_H2,0.1412224918603897,12
898,low_order,encoder,future/9ps/instantaneous_TDA_H2,0.1233925148844719,12
899,low_order,encoder,future/9ps/instantaneous_TDA_H2,0.14229948818683624,9
900,low_order,encoder,future/9ps/instantaneous_TDA_H2,0.1997436285018921,12
901,low_order,encoder,future/9ps/instantaneous_TDA_H2,0.3326031267642975,9
918,low_order,encoder,future/9ps/instantaneous_TDA_H2,0.1541808694601059,1
944,low_order,encoder,future/9ps/instantaneous_TDA_H2,0.273256778717041,3
950,low_order,encoder,future/9ps/instantaneous_TDA_H2,0.09281758219003677,9
954,low_order,encoder,future/9ps/instantaneous_TDA_H2,0.1720287948846817,12
956,low_order,encoder,future/9ps/instantaneous_TDA_H2,0.28981634974479675,12
978,low_order,encoder,future/9ps/instantaneous_TDA_H2,0.22933129966259003,12
979,low_order,encoder,future/9ps/instantaneous_TDA_H2,0.1787680834531784,12
988,low_order,encoder,future/9ps/instantaneous_TDA_H2,0.23081952333450317,12
861,low_order,persistence,future/9ps/instantaneous_TDA_H2,0.1979859471321106,12
864,low_order,persistence,future/9ps/instantaneous_TDA_H2,0.14667804539203644,12
865,low_order,persistence,future/9ps/instantaneous_TDA_H2,0.2339903861284256,12
866,low_order,persistence,future/9ps/instantaneous_TDA_H2,0.16697199642658234,12
867,low_order,persistence,future/9ps/instantaneous_TDA_H2,0.17236505448818207,12
868,low_order,persistence,future/9ps/instantaneous_TDA_H2,0.7234295010566711,6
869,low_order,persistence,future/9ps/instantaneous_TDA_H2,0.1289830058813095,12
870,low_order,persistence,future/9ps/instantaneous_TDA_H2,0.1992058902978897,12
871,low_order,persistence,future/9ps/instantaneous_TDA_H2,0.41025620698928833,9
874,low_order,persistence,future/9ps/instantaneous_TDA_H2,0.12946470081806183,12
884,low_order,persistence,future/9ps/instantaneous_TDA_H2,0.15691086649894714,12
885,low_order,persistence,future/9ps/instantaneous_TDA_H2,0.11431100964546204,12
887,low_order,persistence,future/9ps/instantaneous_TDA_H2,0.11122792959213257,12
888,low_order,persistence,future/9ps/instantaneous_TDA_H2,0.1470382958650589,12
889,low_order,persistence,future/9ps/instantaneous_TDA_H2,0.40803536772727966,12
890,low_order,persistence,future/9ps/instantaneous_TDA_H2,0.14205308258533478,9
891,low_order,persistence,future/9ps/instantaneous_TDA_H2,0.15423835813999176,12
892,low_order,persistence,future/9ps/instantaneous_TDA_H2,0.18486928939819336,12
893,low_order,persistence,future/9ps/instantaneous_TDA_H2,0.12455736845731735,12
894,low_order,persistence,future/9ps/instantaneous_TDA_H2,0.1143641248345375,6
895,low_order,persistence,future/9ps/instantaneous_TDA_H2,0.1047084853053093,12
896,low_order,persistence,future/9ps/instantaneous_TDA_H2,0.142059788107872,12
897,low_order,persistence,future/9ps/instantaneous_TDA_H2,0.10685080289840698,12
898,low_order,persistence,future/9ps/instantaneous_TDA_H2,0.12744630873203278,12
899,low_order,persistence,future/9ps/instantaneous_TDA_H2,0.1984660029411316,9
900,low_order,persistence,future/9ps/instantaneous_TDA_H2,0.13801468908786774,12
901,low_order,persistence,future/9ps/instantaneous_TDA_H2,0.4711400270462036,9
918,low_order,persistence,future/9ps/instantaneous_TDA_H2,0.1787244826555252,1
944,low_order,persistence,future/9ps/instantaneous_TDA_H2,0.8231847882270813,3
950,low_order,persistence,future/9ps/instantaneous_TDA_H2,0.2714053690433502,9
954,low_order,persistence,future/9ps/instantaneous_TDA_H2,0.14723999798297882,12
956,low_order,persistence,future/9ps/instantaneous_TDA_H2,0.28018730878829956,12
978,low_order,persistence,future/9ps/instantaneous_TDA_H2,0.22933344542980194,12
979,low_order,persistence,future/9ps/instantaneous_TDA_H2,0.20276421308517456,12
988,low_order,persistence,future/9ps/instantaneous_TDA_H2,0.1480705887079239,12
861,low_order,encoder,delta/9ps/instantaneous_TDA_H2,0.1724284142255783,12
864,low_order,encoder,delta/9ps/instantaneous_TDA_H2,0.17060153186321259,12
865,low_order,encoder,delta/9ps/instantaneous_TDA_H2,0.27019229531288147,12
866,low_order,encoder,delta/9ps/instantaneous_TDA_H2,0.1610097438097,12
867,low_order,encoder,delta/9ps/instantaneous_TDA_H2,0.21426774561405182,12
868,low_order,encoder,delta/9ps/instantaneous_TDA_H2,0.626380443572998,6
869,low_order,encoder,delta/9ps/instantaneous_TDA_H2,0.1520199477672577,12
870,low_order,encoder,delta/9ps/instantaneous_TDA_H2,0.16701780259609222,12
871,low_order,encoder,delta/9ps/instantaneous_TDA_H2,0.406203031539917,9
874,low_order,encoder,delta/9ps/instantaneous_TDA_H2,0.13887959718704224,12
884,low_order,encoder,delta/9ps/instantaneous_TDA_H2,0.17080743610858917,12
885,low_order,encoder,delta/9ps/instantaneous_TDA_H2,0.11449998617172241,12
887,low_order,encoder,delta/9ps/instantaneous_TDA_H2,0.10949847847223282,12
888,low_order,encoder,delta/9ps/instantaneous_TDA_H2,0.16623477637767792,12
889,low_order,encoder,delta/9ps/instantaneous_TDA_H2,0.36177858710289,12
890,low_order,encoder,delta/9ps/instantaneous_TDA_H2,0.1711779236793518,9
891,low_order,encoder,delta/9ps/instantaneous_TDA_H2,0.17912447452545166,12
892,low_order,encoder,delta/9ps/instantaneous_TDA_H2,0.19951705634593964,12
893,low_order,encoder,delta/9ps/instantaneous_TDA_H2,0.1773778647184372,12
894,low_order,encoder,delta/9ps/instantaneous_TDA_H2,0.15549170970916748,6
895,low_order,encoder,delta/9ps/instantaneous_TDA_H2,0.13929428160190582,12
896,low_order,encoder,delta/9ps/instantaneous_TDA_H2,0.16485580801963806,12
897,low_order,encoder,delta/9ps/instantaneous_TDA_H2,0.13180853426456451,12
898,low_order,encoder,delta/9ps/instantaneous_TDA_H2,0.14572013914585114,12
899,low_order,encoder,delta/9ps/instantaneous_TDA_H2,0.23734331130981445,9
900,low_order,encoder,delta/9ps/instantaneous_TDA_H2,0.13291586935520172,12
901,low_order,encoder,delta/9ps/instantaneous_TDA_H2,0.3996852934360504,9
918,low_order,encoder,delta/9ps/instantaneous_TDA_H2,0.1189093068242073,1
944,low_order,encoder,delta/9ps/instantaneous_TDA_H2,0.5973256826400757,3
950,low_order,encoder,delta/9ps/instantaneous_TDA_H2,0.22373363375663757,9
954,low_order,encoder,delta/9ps/instantaneous_TDA_H2,0.16379699110984802,12
956,low_order,encoder,delta/9ps/instantaneous_TDA_H2,0.2641570568084717,12
978,low_order,encoder,delta/9ps/instantaneous_TDA_H2,0.20274831354618073,12
979,low_order,encoder,delta/9ps/instantaneous_TDA_H2,0.20552943646907806,12
988,low_order,encoder,delta/9ps/instantaneous_TDA_H2,0.1479741781949997,12
861,low_order,encoder,present/motion_even,0.989281177520752,12
864,low_order,encoder,present/motion_even,1.0456010103225708,12
865,low_order,encoder,present/motion_even,0.940351665019989,12
866,low_order,encoder,present/motion_even,0.742469847202301,12
867,low_order,encoder,present/motion_even,0.9010086059570312,12
868,low_order,encoder,present/motion_even,1.2573148012161255,6
869,low_order,encoder,present/motion_even,0.9373841881752014,12
870,low_order,encoder,present/motion_even,1.0381569862365723,12
871,low_order,encoder,present/motion_even,1.0868229866027832,9
874,low_order,encoder,present/motion_even,1.8186239004135132,12
884,low_order,encoder,present/motion_even,0.9669870734214783,12
885,low_order,encoder,present/motion_even,1.301721453666687,12
887,low_order,encoder,present/motion_even,1.2256404161453247,12
888,low_order,encoder,present/motion_even,0.8492209315299988,12
889,low_order,encoder,present/motion_even,1.0382707118988037,12
890,low_order,encoder,present/motion_even,1.1259839534759521,9
891,low_order,encoder,present/motion_even,1.3332746028900146,12
892,low_order,encoder,present/motion_even,1.5602531433105469,12
893,low_order,encoder,present/motion_even,1.2279095649719238,12
894,low_order,encoder,present/motion_even,1.0738884210586548,6
895,low_order,encoder,present/motion_even,0.8012125492095947,12
896,low_order,encoder,present/motion_even,1.2170466184616089,12
897,low_order,encoder,present/motion_even,1.0712074041366577,12
898,low_order,encoder,present/motion_even,0.8695399165153503,12
899,low_order,encoder,present/motion_even,0.9391961693763733,9
900,low_order,encoder,present/motion_even,1.2735685110092163,12
901,low_order,encoder,present/motion_even,1.281424880027771,9
918,low_order,encoder,present/motion_even,0.3704061508178711,1
944,low_order,encoder,present/motion_even,1.7926512956619263,3
950,low_order,encoder,present/motion_even,0.8513543605804443,9
954,low_order,encoder,present/motion_even,1.1941410303115845,12
956,low_order,encoder,present/motion_even,0.745933473110199,12
978,low_order,encoder,present/motion_even,0.5840627551078796,12
979,low_order,encoder,present/motion_even,1.2860947847366333,12
988,low_order,encoder,present/motion_even,1.0035687685012817,12
861,low_order,encoder,future/0.75ps/motion_even,1.0840765237808228,12
864,low_order,encoder,future/0.75ps/motion_even,1.0722962617874146,12
865,low_order,encoder,future/0.75ps/motion_even,0.7602149844169617,12
866,low_order,encoder,future/0.75ps/motion_even,0.6727004647254944,12
867,low_order,encoder,future/0.75ps/motion_even,1.0125255584716797,12
868,low_order,encoder,future/0.75ps/motion_even,0.9046728014945984,6
869,low_order,encoder,future/0.75ps/motion_even,0.9005754590034485,12
870,low_order,encoder,future/0.75ps/motion_even,1.1120630502700806,12
871,low_order,encoder,future/0.75ps/motion_even,1.5064247846603394,9
874,low_order,encoder,future/0.75ps/motion_even,0.8164487481117249,12
884,low_order,encoder,future/0.75ps/motion_even,1.2000343799591064,12
885,low_order,encoder,future/0.75ps/motion_even,1.410677433013916,12
887,low_order,encoder,future/0.75ps/motion_even,1.1565686464309692,12
888,low_order,encoder,future/0.75ps/motion_even,0.7354046702384949,12
889,low_order,encoder,future/0.75ps/motion_even,1.439278244972229,12
890,low_order,encoder,future/0.75ps/motion_even,1.2702378034591675,9
891,low_order,encoder,future/0.75ps/motion_even,1.2869337797164917,12
892,low_order,encoder,future/0.75ps/motion_even,1.3932318687438965,12
893,low_order,encoder,future/0.75ps/motion_even,1.4264451265335083,12
894,low_order,encoder,future/0.75ps/motion_even,0.8840954899787903,6
895,low_order,encoder,future/0.75ps/motion_even,1.0936030149459839,12
896,low_order,encoder,future/0.75ps/motion_even,1.2091305255889893,12
897,low_order,encoder,future/0.75ps/motion_even,0.9269695281982422,12
898,low_order,encoder,future/0.75ps/motion_even,0.9931393265724182,12
899,low_order,encoder,future/0.75ps/motion_even,0.7896592617034912,9
900,low_order,encoder,future/0.75ps/motion_even,1.4236407279968262,12
901,low_order,encoder,future/0.75ps/motion_even,1.1162071228027344,9
918,low_order,encoder,future/0.75ps/motion_even,0.7003660798072815,1
944,low_order,encoder,future/0.75ps/motion_even,0.7443687319755554,3
950,low_order,encoder,future/0.75ps/motion_even,0.7866696715354919,9
954,low_order,encoder,future/0.75ps/motion_even,1.2001017332077026,12
956,low_order,encoder,future/0.75ps/motion_even,1.1211998462677002,12
978,low_order,encoder,future/0.75ps/motion_even,0.502621054649353,12
979,low_order,encoder,future/0.75ps/motion_even,1.2674107551574707,12
988,low_order,encoder,future/0.75ps/motion_even,0.9456820487976074,12
861,low_order,persistence,future/0.75ps/motion_even,1.2983471155166626,12
864,low_order,persistence,future/0.75ps/motion_even,2.1314666271209717,12
865,low_order,persistence,future/0.75ps/motion_even,1.4924355745315552,12
866,low_order,persistence,future/0.75ps/motion_even,1.4257946014404297,12
867,low_order,persistence,future/0.75ps/motion_even,1.2363642454147339,12
868,low_order,persistence,future/0.75ps/motion_even,1.8457149267196655,6
869,low_order,persistence,future/0.75ps/motion_even,1.3999438285827637,12
870,low_order,persistence,future/0.75ps/motion_even,1.6842840909957886,12
871,low_order,persistence,future/0.75ps/motion_even,2.725297212600708,9
874,low_order,persistence,future/0.75ps/motion_even,2.9663126468658447,12
884,low_order,persistence,future/0.75ps/motion_even,0.5164413452148438,12
885,low_order,persistence,future/0.75ps/motion_even,0.8844195008277893,12
887,low_order,persistence,future/0.75ps/motion_even,0.6588392853736877,12
888,low_order,persistence,future/0.75ps/motion_even,0.8925479054450989,12
889,low_order,persistence,future/0.75ps/motion_even,0.5724286437034607,12
890,low_order,persistence,future/0.75ps/motion_even,0.9957442879676819,9
891,low_order,persistence,future/0.75ps/motion_even,1.0617226362228394,12
892,low_order,persistence,future/0.75ps/motion_even,1.396073341369629,12
893,low_order,persistence,future/0.75ps/motion_even,1.066131353378296,12
894,low_order,persistence,future/0.75ps/motion_even,1.8055440187454224,6
895,low_order,persistence,future/0.75ps/motion_even,0.9150378108024597,12
896,low_order,persistence,future/0.75ps/motion_even,0.814206063747406,12
897,low_order,persistence,future/0.75ps/motion_even,0.6601124405860901,12
898,low_order,persistence,future/0.75ps/motion_even,0.6286823153495789,12
899,low_order,persistence,future/0.75ps/motion_even,0.8267589211463928,9
900,low_order,persistence,future/0.75ps/motion_even,0.8993733525276184,12
901,low_order,persistence,future/0.75ps/motion_even,1.0901333093643188,9
918,low_order,persistence,future/0.75ps/motion_even,0.5409548878669739,1
944,low_order,persistence,future/0.75ps/motion_even,1.7993942499160767,3
950,low_order,persistence,future/0.75ps/motion_even,1.9438942670822144,9
954,low_order,persistence,future/0.75ps/motion_even,1.848038673400879,12
956,low_order,persistence,future/0.75ps/motion_even,2.0053234100341797,12
978,low_order,persistence,future/0.75ps/motion_even,1.1353622674942017,12
979,low_order,persistence,future/0.75ps/motion_even,2.172429323196411,12
988,low_order,persistence,future/0.75ps/motion_even,2.035648822784424,12
861,low_order,encoder,delta/0.75ps/motion_even,1.3189204931259155,12
864,low_order,encoder,delta/0.75ps/motion_even,2.1083528995513916,12
865,low_order,encoder,delta/0.75ps/motion_even,1.453359603881836,12
866,low_order,encoder,delta/0.75ps/motion_even,1.529056191444397,12
867,low_order,encoder,delta/0.75ps/motion_even,1.3005584478378296,12
868,low_order,encoder,delta/0.75ps/motion_even,1.9118837118148804,6
869,low_order,encoder,delta/0.75ps/motion_even,1.411574363708496,12
870,low_order,encoder,delta/0.75ps/motion_even,1.7468701601028442,12
871,low_order,encoder,delta/0.75ps/motion_even,2.723580837249756,9
874,low_order,encoder,delta/0.75ps/motion_even,2.932978630065918,12
884,low_order,encoder,delta/0.75ps/motion_even,0.5187307596206665,12
885,low_order,encoder,delta/0.75ps/motion_even,0.9436671137809753,12
887,low_order,encoder,delta/0.75ps/motion_even,0.7037839293479919,12
888,low_order,encoder,delta/0.75ps/motion_even,0.8494048714637756,12
889,low_order,encoder,delta/0.75ps/motion_even,0.594024121761322,12
890,low_order,encoder,delta/0.75ps/motion_even,0.9972250461578369,9
891,low_order,encoder,delta/0.75ps/motion_even,1.109850287437439,12
892,low_order,encoder,delta/0.75ps/motion_even,1.4958964586257935,12
893,low_order,encoder,delta/0.75ps/motion_even,1.083131194114685,12
894,low_order,encoder,delta/0.75ps/motion_even,1.8096510171890259,6
895,low_order,encoder,delta/0.75ps/motion_even,0.9290844798088074,12
896,low_order,encoder,delta/0.75ps/motion_even,0.9064009189605713,12
897,low_order,encoder,delta/0.75ps/motion_even,0.684766948223114,12
898,low_order,encoder,delta/0.75ps/motion_even,0.6549034714698792,12
899,low_order,encoder,delta/0.75ps/motion_even,0.957824170589447,9
900,low_order,encoder,delta/0.75ps/motion_even,0.9256381988525391,12
901,low_order,encoder,delta/0.75ps/motion_even,1.1739296913146973,9
918,low_order,encoder,delta/0.75ps/motion_even,0.513541579246521,1
944,low_order,encoder,delta/0.75ps/motion_even,1.7141324281692505,3
950,low_order,encoder,delta/0.75ps/motion_even,1.9644484519958496,9
954,low_order,encoder,delta/0.75ps/motion_even,1.930325984954834,12
956,low_order,encoder,delta/0.75ps/motion_even,2.084622621536255,12
978,low_order,encoder,delta/0.75ps/motion_even,1.1884393692016602,12
979,low_order,encoder,delta/0.75ps/motion_even,2.191577911376953,12
988,low_order,encoder,delta/0.75ps/motion_even,2.118588924407959,12
861,low_order,encoder,future/3ps/motion_even,1.0387471914291382,12
864,low_order,encoder,future/3ps/motion_even,1.2023377418518066,12
865,low_order,encoder,future/3ps/motion_even,0.6985906958580017,12
866,low_order,encoder,future/3ps/motion_even,1.8632818460464478,12
867,low_order,encoder,future/3ps/motion_even,0.8861216902732849,12
868,low_order,encoder,future/3ps/motion_even,0.6554334163665771,6
869,low_order,encoder,future/3ps/motion_even,1.1635899543762207,12
870,low_order,encoder,future/3ps/motion_even,0.6485305428504944,12
871,low_order,encoder,future/3ps/motion_even,0.9344482421875,9
874,low_order,encoder,future/3ps/motion_even,1.2199411392211914,12
884,low_order,encoder,future/3ps/motion_even,1.4591593742370605,12
885,low_order,encoder,future/3ps/motion_even,0.6380677819252014,12
887,low_order,encoder,future/3ps/motion_even,1.4433255195617676,12
888,low_order,encoder,future/3ps/motion_even,1.3181191682815552,12
889,low_order,encoder,future/3ps/motion_even,1.1506892442703247,12
890,low_order,encoder,future/3ps/motion_even,1.252644658088684,9
891,low_order,encoder,future/3ps/motion_even,1.6523877382278442,12
892,low_order,encoder,future/3ps/motion_even,1.411716341972351,12
893,low_order,encoder,future/3ps/motion_even,1.1024750471115112,12
894,low_order,encoder,future/3ps/motion_even,1.4327155351638794,6
895,low_order,encoder,future/3ps/motion_even,1.1573355197906494,12
896,low_order,encoder,future/3ps/motion_even,1.6660723686218262,12
897,low_order,encoder,future/3ps/motion_even,1.571599006652832,12
898,low_order,encoder,future/3ps/motion_even,1.6818386316299438,12
899,low_order,encoder,future/3ps/motion_even,0.9987052083015442,9
900,low_order,encoder,future/3ps/motion_even,1.0164843797683716,12
901,low_order,encoder,future/3ps/motion_even,1.2080426216125488,9
918,low_order,encoder,future/3ps/motion_even,0.9408548474311829,1
944,low_order,encoder,future/3ps/motion_even,0.4986911714076996,3
950,low_order,encoder,future/3ps/motion_even,0.9619027376174927,9
954,low_order,encoder,future/3ps/motion_even,0.7061644196510315,12
956,low_order,encoder,future/3ps/motion_even,0.6743631958961487,12
978,low_order,encoder,future/3ps/motion_even,1.2274233102798462,12
979,low_order,encoder,future/3ps/motion_even,0.9978281855583191,12
988,low_order,encoder,future/3ps/motion_even,0.7051036953926086,12
861,low_order,persistence,future/3ps/motion_even,1.8213410377502441,12
864,low_order,persistence,future/3ps/motion_even,2.546351909637451,12
865,low_order,persistence,future/3ps/motion_even,1.4537314176559448,12
866,low_order,persistence,future/3ps/motion_even,2.3384804725646973,12
867,low_order,persistence,future/3ps/motion_even,1.677289605140686,12
868,low_order,persistence,future/3ps/motion_even,1.7660260200500488,6
869,low_order,persistence,future/3ps/motion_even,1.4166122674942017,12
870,low_order,persistence,future/3ps/motion_even,1.2828980684280396,12
871,low_order,persistence,future/3ps/motion_even,1.2864151000976562,9
874,low_order,persistence,future/3ps/motion_even,2.707044839859009,12
884,low_order,persistence,future/3ps/motion_even,0.771789014339447,12
885,low_order,persistence,future/3ps/motion_even,1.0010757446289062,12
887,low_order,persistence,future/3ps/motion_even,1.488986849784851,12
888,low_order,persistence,future/3ps/motion_even,0.7546349167823792,12
889,low_order,persistence,future/3ps/motion_even,0.6895902156829834,12
890,low_order,persistence,future/3ps/motion_even,0.8931015729904175,9
891,low_order,persistence,future/3ps/motion_even,0.9818730354309082,12
892,low_order,persistence,future/3ps/motion_even,1.198870301246643,12
893,low_order,persistence,future/3ps/motion_even,1.499430775642395,12
894,low_order,persistence,future/3ps/motion_even,1.3036242723464966,6
895,low_order,persistence,future/3ps/motion_even,1.1475751399993896,12
896,low_order,persistence,future/3ps/motion_even,1.0262349843978882,12
897,low_order,persistence,future/3ps/motion_even,1.2878961563110352,12
898,low_order,persistence,future/3ps/motion_even,1.078393816947937,12
899,low_order,persistence,future/3ps/motion_even,0.9168722629547119,9
900,low_order,persistence,future/3ps/motion_even,0.61079341173172,12
901,low_order,persistence,future/3ps/motion_even,1.52920663356781,9
918,low_order,persistence,future/3ps/motion_even,0.3074618875980377,1
944,low_order,persistence,future/3ps/motion_even,0.7909669280052185,3
950,low_order,persistence,future/3ps/motion_even,1.505226492881775,9
954,low_order,persistence,future/3ps/motion_even,1.8675867319107056,12
956,low_order,persistence,future/3ps/motion_even,1.7705912590026855,12
978,low_order,persistence,future/3ps/motion_even,1.741551399230957,12
979,low_order,persistence,future/3ps/motion_even,2.0555739402770996,12
988,low_order,persistence,future/3ps/motion_even,1.8031619787216187,12
861,low_order,encoder,delta/3ps/motion_even,1.9151042699813843,12
864,low_order,encoder,delta/3ps/motion_even,2.6058104038238525,12
865,low_order,encoder,delta/3ps/motion_even,1.4691004753112793,12
866,low_order,encoder,delta/3ps/motion_even,2.3775956630706787,12
867,low_order,encoder,delta/3ps/motion_even,1.815189242362976,12
868,low_order,encoder,delta/3ps/motion_even,1.8935117721557617,6
869,low_order,encoder,delta/3ps/motion_even,1.5136088132858276,12
870,low_order,encoder,delta/3ps/motion_even,1.3118215799331665,12
871,low_order,encoder,delta/3ps/motion_even,1.2410943508148193,9
874,low_order,encoder,delta/3ps/motion_even,2.6483025550842285,12
884,low_order,encoder,delta/3ps/motion_even,0.8106730580329895,12
885,low_order,encoder,delta/3ps/motion_even,1.0673969984054565,12
887,low_order,encoder,delta/3ps/motion_even,1.4264708757400513,12
888,low_order,encoder,delta/3ps/motion_even,0.7028172612190247,12
889,low_order,encoder,delta/3ps/motion_even,0.66639643907547,12
890,low_order,encoder,delta/3ps/motion_even,0.899515688419342,9
891,low_order,encoder,delta/3ps/motion_even,1.1014477014541626,12
892,low_order,encoder,delta/3ps/motion_even,1.306219220161438,12
893,low_order,encoder,delta/3ps/motion_even,1.415313720703125,12
894,low_order,encoder,delta/3ps/motion_even,1.3854198455810547,6
895,low_order,encoder,delta/3ps/motion_even,1.237876296043396,12
896,low_order,encoder,delta/3ps/motion_even,1.0549906492233276,12
897,low_order,encoder,delta/3ps/motion_even,1.2821766138076782,12
898,low_order,encoder,delta/3ps/motion_even,1.0553022623062134,12
899,low_order,encoder,delta/3ps/motion_even,0.9695618152618408,9
900,low_order,encoder,delta/3ps/motion_even,0.6910941004753113,12
901,low_order,encoder,delta/3ps/motion_even,1.52548348903656,9
918,low_order,encoder,delta/3ps/motion_even,0.31731873750686646,1
944,low_order,encoder,delta/3ps/motion_even,0.7287848591804504,3
950,low_order,encoder,delta/3ps/motion_even,1.4698688983917236,9
954,low_order,encoder,delta/3ps/motion_even,1.8618985414505005,12
956,low_order,encoder,delta/3ps/motion_even,1.6899185180664062,12
978,low_order,encoder,delta/3ps/motion_even,1.822381615638733,12
979,low_order,encoder,delta/3ps/motion_even,2.142017126083374,12
988,low_order,encoder,delta/3ps/motion_even,1.7883790731430054,12
861,low_order,encoder,future/9ps/motion_even,0.919924259185791,12
864,low_order,encoder,future/9ps/motion_even,1.115159511566162,12
865,low_order,encoder,future/9ps/motion_even,1.0195101499557495,12
866,low_order,encoder,future/9ps/motion_even,1.0720716714859009,12
867,low_order,encoder,future/9ps/motion_even,1.9817118644714355,12
868,low_order,encoder,future/9ps/motion_even,0.8749650120735168,6
869,low_order,encoder,future/9ps/motion_even,1.2519034147262573,12
870,low_order,encoder,future/9ps/motion_even,0.9731324315071106,12
871,low_order,encoder,future/9ps/motion_even,0.7576507925987244,9
874,low_order,encoder,future/9ps/motion_even,1.6724843978881836,12
884,low_order,encoder,future/9ps/motion_even,1.6488676071166992,12
885,low_order,encoder,future/9ps/motion_even,1.2855867147445679,12
887,low_order,encoder,future/9ps/motion_even,1.4146596193313599,12
888,low_order,encoder,future/9ps/motion_even,1.338800311088562,12
889,low_order,encoder,future/9ps/motion_even,1.4760832786560059,12
890,low_order,encoder,future/9ps/motion_even,1.4301505088806152,9
891,low_order,encoder,future/9ps/motion_even,1.5627655982971191,12
892,low_order,encoder,future/9ps/motion_even,1.2910819053649902,12
893,low_order,encoder,future/9ps/motion_even,1.5499805212020874,12
894,low_order,encoder,future/9ps/motion_even,1.4211267232894897,6
895,low_order,encoder,future/9ps/motion_even,1.007847785949707,12
896,low_order,encoder,future/9ps/motion_even,1.020640254020691,12
897,low_order,encoder,future/9ps/motion_even,1.402437686920166,12
898,low_order,encoder,future/9ps/motion_even,1.0295205116271973,12
899,low_order,encoder,future/9ps/motion_even,1.578171968460083,9
900,low_order,encoder,future/9ps/motion_even,1.378182291984558,12
901,low_order,encoder,future/9ps/motion_even,1.6239310503005981,9
918,low_order,encoder,future/9ps/motion_even,1.1245181560516357,1
944,low_order,encoder,future/9ps/motion_even,0.996237576007843,3
950,low_order,encoder,future/9ps/motion_even,0.5209594964981079,9
954,low_order,encoder,future/9ps/motion_even,1.1555935144424438,12
956,low_order,encoder,future/9ps/motion_even,0.9299190640449524,12
978,low_order,encoder,future/9ps/motion_even,1.3312344551086426,12
979,low_order,encoder,future/9ps/motion_even,1.1056891679763794,12
988,low_order,encoder,future/9ps/motion_even,0.945405900478363,12
861,low_order,persistence,future/9ps/motion_even,1.5997461080551147,12
864,low_order,persistence,future/9ps/motion_even,2.1985390186309814,12
865,low_order,persistence,future/9ps/motion_even,1.956950068473816,12
866,low_order,persistence,future/9ps/motion_even,2.0365374088287354,12
867,low_order,persistence,future/9ps/motion_even,2.7933504581451416,12
868,low_order,persistence,future/9ps/motion_even,2.0393176078796387,6
869,low_order,persistence,future/9ps/motion_even,1.799707055091858,12
870,low_order,persistence,future/9ps/motion_even,1.5678249597549438,12
871,low_order,persistence,future/9ps/motion_even,1.5189813375473022,9
874,low_order,persistence,future/9ps/motion_even,3.758333206176758,12
884,low_order,persistence,future/9ps/motion_even,0.8928191065788269,12
885,low_order,persistence,future/9ps/motion_even,0.6549372673034668,12
887,low_order,persistence,future/9ps/motion_even,0.9921600818634033,12
888,low_order,persistence,future/9ps/motion_even,0.7577447295188904,12
889,low_order,persistence,future/9ps/motion_even,1.1228007078170776,12
890,low_order,persistence,future/9ps/motion_even,0.8352519273757935,9
891,low_order,persistence,future/9ps/motion_even,1.1831284761428833,12
892,low_order,persistence,future/9ps/motion_even,1.6319104433059692,12
893,low_order,persistence,future/9ps/motion_even,1.5266242027282715,12
894,low_order,persistence,future/9ps/motion_even,1.4144259691238403,6
895,low_order,persistence,future/9ps/motion_even,1.3479156494140625,12
896,low_order,persistence,future/9ps/motion_even,0.8546070456504822,12
897,low_order,persistence,future/9ps/motion_even,0.8482956886291504,12
898,low_order,persistence,future/9ps/motion_even,0.798680305480957,12
899,low_order,persistence,future/9ps/motion_even,1.2779546976089478,9
900,low_order,persistence,future/9ps/motion_even,0.7769433856010437,12
901,low_order,persistence,future/9ps/motion_even,1.2950873374938965,9
918,low_order,persistence,future/9ps/motion_even,0.23238389194011688,1
944,low_order,persistence,future/9ps/motion_even,1.7837032079696655,3
950,low_order,persistence,future/9ps/motion_even,1.095461368560791,9
954,low_order,persistence,future/9ps/motion_even,2.2057294845581055,12
956,low_order,persistence,future/9ps/motion_even,1.4760135412216187,12
978,low_order,persistence,future/9ps/motion_even,1.7284173965454102,12
979,low_order,persistence,future/9ps/motion_even,1.9405155181884766,12
988,low_order,persistence,future/9ps/motion_even,2.1159489154815674,12
861,low_order,encoder,delta/9ps/motion_even,1.6965726613998413,12
864,low_order,encoder,delta/9ps/motion_even,2.062584400177002,12
865,low_order,encoder,delta/9ps/motion_even,1.900895595550537,12
866,low_order,encoder,delta/9ps/motion_even,2.0771071910858154,12
867,low_order,encoder,delta/9ps/motion_even,2.8530006408691406,12
868,low_order,encoder,delta/9ps/motion_even,2.2018842697143555,6
869,low_order,encoder,delta/9ps/motion_even,1.768651008605957,12
870,low_order,encoder,delta/9ps/motion_even,1.5914191007614136,12
871,low_order,encoder,delta/9ps/motion_even,1.5347192287445068,9
874,low_order,encoder,delta/9ps/motion_even,3.669287919998169,12
884,low_order,encoder,delta/9ps/motion_even,0.869267463684082,12
885,low_order,encoder,delta/9ps/motion_even,0.7435927391052246,12
887,low_order,encoder,delta/9ps/motion_even,0.9389327168464661,12
888,low_order,encoder,delta/9ps/motion_even,0.7827221751213074,12
889,low_order,encoder,delta/9ps/motion_even,1.09087073802948,12
890,low_order,encoder,delta/9ps/motion_even,0.8669383525848389,9
891,low_order,encoder,delta/9ps/motion_even,1.4213711023330688,12
892,low_order,encoder,delta/9ps/motion_even,1.653085708618164,12
893,low_order,encoder,delta/9ps/motion_even,1.5269094705581665,12
894,low_order,encoder,delta/9ps/motion_even,1.4431296586990356,6
895,low_order,encoder,delta/9ps/motion_even,1.448358416557312,12
896,low_order,encoder,delta/9ps/motion_even,0.9552825093269348,12
897,low_order,encoder,delta/9ps/motion_even,0.9239707589149475,12
898,low_order,encoder,delta/9ps/motion_even,0.8166037201881409,12
899,low_order,encoder,delta/9ps/motion_even,1.4823329448699951,9
900,low_order,encoder,delta/9ps/motion_even,0.8720753788948059,12
901,low_order,encoder,delta/9ps/motion_even,1.3673372268676758,9
918,low_order,encoder,delta/9ps/motion_even,0.3103604018688202,1
944,low_order,encoder,delta/9ps/motion_even,1.5883070230484009,3
950,low_order,encoder,delta/9ps/motion_even,1.136065125465393,9
954,low_order,encoder,delta/9ps/motion_even,2.2672064304351807,12
956,low_order,encoder,delta/9ps/motion_even,1.453997254371643,12
978,low_order,encoder,delta/9ps/motion_even,1.7403942346572876,12
979,low_order,encoder,delta/9ps/motion_even,2.017026662826538,12
988,low_order,encoder,delta/9ps/motion_even,2.1256911754608154,12
861,low_order,encoder,present/motion_odd,0.88570636510849,12
864,low_order,encoder,present/motion_odd,1.0020947456359863,12
865,low_order,encoder,present/motion_odd,0.6803247928619385,12
866,low_order,encoder,present/motion_odd,1.0793370008468628,12
867,low_order,encoder,present/motion_odd,1.4918261766433716,12
868,low_order,encoder,present/motion_odd,0.6837027072906494,6
869,low_order,encoder,present/motion_odd,1.1081544160842896,12
870,low_order,encoder,present/motion_odd,1.1101423501968384,12
871,low_order,encoder,present/motion_odd,1.2020032405853271,9
874,low_order,encoder,present/motion_odd,0.6570802330970764,12
884,low_order,encoder,present/motion_odd,0.6509488821029663,12
885,low_order,encoder,present/motion_odd,0.5934821963310242,12
887,low_order,encoder,present/motion_odd,0.6287135481834412,12
888,low_order,encoder,present/motion_odd,0.44956812262535095,12
889,low_order,encoder,present/motion_odd,0.5914954543113708,12
890,low_order,encoder,present/motion_odd,1.0938040018081665,9
891,low_order,encoder,present/motion_odd,0.9845911860466003,12
892,low_order,encoder,present/motion_odd,1.2002050876617432,12
893,low_order,encoder,present/motion_odd,0.6540512442588806,12
894,low_order,encoder,present/motion_odd,1.0821986198425293,6
895,low_order,encoder,present/motion_odd,0.7815015316009521,12
896,low_order,encoder,present/motion_odd,0.7172961831092834,12
897,low_order,encoder,present/motion_odd,0.4306997060775757,12
898,low_order,encoder,present/motion_odd,0.38235732913017273,12
899,low_order,encoder,present/motion_odd,1.2308425903320312,9
900,low_order,encoder,present/motion_odd,0.8218278288841248,12
901,low_order,encoder,present/motion_odd,0.7808920741081238,9
918,low_order,encoder,present/motion_odd,0.055273253470659256,1
944,low_order,encoder,present/motion_odd,0.5196223855018616,3
950,low_order,encoder,present/motion_odd,0.7075007557868958,9
954,low_order,encoder,present/motion_odd,0.875415027141571,12
956,low_order,encoder,present/motion_odd,0.5433176159858704,12
978,low_order,encoder,present/motion_odd,1.3629660606384277,12
979,low_order,encoder,present/motion_odd,2.4966604709625244,12
988,low_order,encoder,present/motion_odd,0.9492766857147217,12
861,low_order,encoder,future/0.75ps/motion_odd,0.9360125660896301,12
864,low_order,encoder,future/0.75ps/motion_odd,1.1160115003585815,12
865,low_order,encoder,future/0.75ps/motion_odd,0.8241516947746277,12
866,low_order,encoder,future/0.75ps/motion_odd,1.0365616083145142,12
867,low_order,encoder,future/0.75ps/motion_odd,1.1954456567764282,12
868,low_order,encoder,future/0.75ps/motion_odd,0.6732399463653564,6
869,low_order,encoder,future/0.75ps/motion_odd,1.236476182937622,12
870,low_order,encoder,future/0.75ps/motion_odd,0.6779153943061829,12
871,low_order,encoder,future/0.75ps/motion_odd,1.1510330438613892,9
874,low_order,encoder,future/0.75ps/motion_odd,0.825132429599762,12
884,low_order,encoder,future/0.75ps/motion_odd,0.7910880446434021,12
885,low_order,encoder,future/0.75ps/motion_odd,0.48434701561927795,12
887,low_order,encoder,future/0.75ps/motion_odd,0.4378928244113922,12
888,low_order,encoder,future/0.75ps/motion_odd,0.7554493546485901,12
889,low_order,encoder,future/0.75ps/motion_odd,0.5333452224731445,12
890,low_order,encoder,future/0.75ps/motion_odd,0.8647119998931885,9
891,low_order,encoder,future/0.75ps/motion_odd,0.9081202149391174,12
892,low_order,encoder,future/0.75ps/motion_odd,0.5682606101036072,12
893,low_order,encoder,future/0.75ps/motion_odd,0.7493826746940613,12
894,low_order,encoder,future/0.75ps/motion_odd,0.9520723223686218,6
895,low_order,encoder,future/0.75ps/motion_odd,1.0660587549209595,12
896,low_order,encoder,future/0.75ps/motion_odd,0.4882923364639282,12
897,low_order,encoder,future/0.75ps/motion_odd,0.8519932627677917,12
898,low_order,encoder,future/0.75ps/motion_odd,0.4741111695766449,12
899,low_order,encoder,future/0.75ps/motion_odd,0.5109937191009521,9
900,low_order,encoder,future/0.75ps/motion_odd,0.9307432770729065,12
901,low_order,encoder,future/0.75ps/motion_odd,0.8042793273925781,9
918,low_order,encoder,future/0.75ps/motion_odd,0.5077727437019348,1
944,low_order,encoder,future/0.75ps/motion_odd,0.45545077323913574,3
950,low_order,encoder,future/0.75ps/motion_odd,0.6753275990486145,9
954,low_order,encoder,future/0.75ps/motion_odd,0.6457421183586121,12
956,low_order,encoder,future/0.75ps/motion_odd,0.5006038546562195,12
978,low_order,encoder,future/0.75ps/motion_odd,1.1377652883529663,12
979,low_order,encoder,future/0.75ps/motion_odd,2.553619623184204,12
988,low_order,encoder,future/0.75ps/motion_odd,0.7055848240852356,12
861,low_order,persistence,future/0.75ps/motion_odd,1.6950401067733765,12
864,low_order,persistence,future/0.75ps/motion_odd,2.7535009384155273,12
865,low_order,persistence,future/0.75ps/motion_odd,1.8068403005599976,12
866,low_order,persistence,future/0.75ps/motion_odd,2.872476577758789,12
867,low_order,persistence,future/0.75ps/motion_odd,2.09203839302063,12
868,low_order,persistence,future/0.75ps/motion_odd,1.4497861862182617,6
869,low_order,persistence,future/0.75ps/motion_odd,2.775527238845825,12
870,low_order,persistence,future/0.75ps/motion_odd,0.9424834847450256,12
871,low_order,persistence,future/0.75ps/motion_odd,1.9775090217590332,9
874,low_order,persistence,future/0.75ps/motion_odd,1.4195551872253418,12
884,low_order,persistence,future/0.75ps/motion_odd,1.3574262857437134,12
885,low_order,persistence,future/0.75ps/motion_odd,1.0255823135375977,12
887,low_order,persistence,future/0.75ps/motion_odd,1.2754307985305786,12
888,low_order,persistence,future/0.75ps/motion_odd,1.5215085744857788,12
889,low_order,persistence,future/0.75ps/motion_odd,0.38790610432624817,12
890,low_order,persistence,future/0.75ps/motion_odd,1.0687217712402344,9
891,low_order,persistence,future/0.75ps/motion_odd,2.5700843334198,12
892,low_order,persistence,future/0.75ps/motion_odd,1.8198128938674927,12
893,low_order,persistence,future/0.75ps/motion_odd,1.682472586631775,12
894,low_order,persistence,future/0.75ps/motion_odd,2.2992117404937744,6
895,low_order,persistence,future/0.75ps/motion_odd,2.541771173477173,12
896,low_order,persistence,future/0.75ps/motion_odd,1.2566338777542114,12
897,low_order,persistence,future/0.75ps/motion_odd,1.530550479888916,12
898,low_order,persistence,future/0.75ps/motion_odd,0.8597686290740967,12
899,low_order,persistence,future/0.75ps/motion_odd,2.5966813564300537,9
900,low_order,persistence,future/0.75ps/motion_odd,2.4791371822357178,12
901,low_order,persistence,future/0.75ps/motion_odd,1.0925040245056152,9
918,low_order,persistence,future/0.75ps/motion_odd,0.31513822078704834,1
944,low_order,persistence,future/0.75ps/motion_odd,1.7834709882736206,3
950,low_order,persistence,future/0.75ps/motion_odd,1.5456279516220093,9
954,low_order,persistence,future/0.75ps/motion_odd,1.2519927024841309,12
956,low_order,persistence,future/0.75ps/motion_odd,0.8279090523719788,12
978,low_order,persistence,future/0.75ps/motion_odd,1.900464653968811,12
979,low_order,persistence,future/0.75ps/motion_odd,5.022667407989502,12
988,low_order,persistence,future/0.75ps/motion_odd,1.8494511842727661,12
861,low_order,encoder,delta/0.75ps/motion_odd,1.789002776145935,12
864,low_order,encoder,delta/0.75ps/motion_odd,2.8420095443725586,12
865,low_order,encoder,delta/0.75ps/motion_odd,1.9010906219482422,12
866,low_order,encoder,delta/0.75ps/motion_odd,2.9519622325897217,12
867,low_order,encoder,delta/0.75ps/motion_odd,2.089543581008911,12
868,low_order,encoder,delta/0.75ps/motion_odd,1.3377704620361328,6
869,low_order,encoder,delta/0.75ps/motion_odd,2.9132378101348877,12
870,low_order,encoder,delta/0.75ps/motion_odd,0.9610313773155212,12
871,low_order,encoder,delta/0.75ps/motion_odd,2.0301640033721924,9
874,low_order,encoder,delta/0.75ps/motion_odd,1.364189624786377,12
884,low_order,encoder,delta/0.75ps/motion_odd,1.4174057245254517,12
885,low_order,encoder,delta/0.75ps/motion_odd,1.098393440246582,12
887,low_order,encoder,delta/0.75ps/motion_odd,1.3418956995010376,12
888,low_order,encoder,delta/0.75ps/motion_odd,1.4849801063537598,12
889,low_order,encoder,delta/0.75ps/motion_odd,0.4132787883281708,12
890,low_order,encoder,delta/0.75ps/motion_odd,1.100319504737854,9
891,low_order,encoder,delta/0.75ps/motion_odd,2.617511510848999,12
892,low_order,encoder,delta/0.75ps/motion_odd,1.9658218622207642,12
893,low_order,encoder,delta/0.75ps/motion_odd,1.5955933332443237,12
894,low_order,encoder,delta/0.75ps/motion_odd,2.3369479179382324,6
895,low_order,encoder,delta/0.75ps/motion_odd,2.4931952953338623,12
896,low_order,encoder,delta/0.75ps/motion_odd,1.2783578634262085,12
897,low_order,encoder,delta/0.75ps/motion_odd,1.4284706115722656,12
898,low_order,encoder,delta/0.75ps/motion_odd,0.9411661624908447,12
899,low_order,encoder,delta/0.75ps/motion_odd,2.8285181522369385,9
900,low_order,encoder,delta/0.75ps/motion_odd,2.5430121421813965,12
901,low_order,encoder,delta/0.75ps/motion_odd,1.1072217226028442,9
918,low_order,encoder,delta/0.75ps/motion_odd,0.1499701738357544,1
944,low_order,encoder,delta/0.75ps/motion_odd,1.9790163040161133,3
950,low_order,encoder,delta/0.75ps/motion_odd,1.6247748136520386,9
954,low_order,encoder,delta/0.75ps/motion_odd,1.3268612623214722,12
956,low_order,encoder,delta/0.75ps/motion_odd,0.9062324166297913,12
978,low_order,encoder,delta/0.75ps/motion_odd,1.9077630043029785,12
979,low_order,encoder,delta/0.75ps/motion_odd,5.144351959228516,12
988,low_order,encoder,delta/0.75ps/motion_odd,1.8122352361679077,12
861,low_order,encoder,future/3ps/motion_odd,1.2624858617782593,12
864,low_order,encoder,future/3ps/motion_odd,0.725290834903717,12
865,low_order,encoder,future/3ps/motion_odd,0.8857173323631287,12
866,low_order,encoder,future/3ps/motion_odd,1.8761810064315796,12
867,low_order,encoder,future/3ps/motion_odd,0.5169674754142761,12
868,low_order,encoder,future/3ps/motion_odd,0.5204175114631653,6
869,low_order,encoder,future/3ps/motion_odd,0.7977497577667236,12
870,low_order,encoder,future/3ps/motion_odd,0.9932513236999512,12
871,low_order,encoder,future/3ps/motion_odd,1.5727219581604004,9
874,low_order,encoder,future/3ps/motion_odd,1.308396577835083,12
884,low_order,encoder,future/3ps/motion_odd,0.5562842488288879,12
885,low_order,encoder,future/3ps/motion_odd,0.47897520661354065,12
887,low_order,encoder,future/3ps/motion_odd,1.0204389095306396,12
888,low_order,encoder,future/3ps/motion_odd,0.7349998950958252,12
889,low_order,encoder,future/3ps/motion_odd,0.619739294052124,12
890,low_order,encoder,future/3ps/motion_odd,0.7091903686523438,9
891,low_order,encoder,future/3ps/motion_odd,0.7275540828704834,12
892,low_order,encoder,future/3ps/motion_odd,0.36115625500679016,12
893,low_order,encoder,future/3ps/motion_odd,1.179036021232605,12
894,low_order,encoder,future/3ps/motion_odd,0.6194970011711121,6
895,low_order,encoder,future/3ps/motion_odd,0.5632551312446594,12
896,low_order,encoder,future/3ps/motion_odd,0.916372537612915,12
897,low_order,encoder,future/3ps/motion_odd,1.0905903577804565,12
898,low_order,encoder,future/3ps/motion_odd,1.0157443284988403,12
899,low_order,encoder,future/3ps/motion_odd,0.9156649112701416,9
900,low_order,encoder,future/3ps/motion_odd,0.497222900390625,12
901,low_order,encoder,future/3ps/motion_odd,1.1408183574676514,9
918,low_order,encoder,future/3ps/motion_odd,0.593317449092865,1
944,low_order,encoder,future/3ps/motion_odd,1.4367305040359497,3
950,low_order,encoder,future/3ps/motion_odd,1.5833832025527954,9
954,low_order,encoder,future/3ps/motion_odd,1.464161992073059,12
956,low_order,encoder,future/3ps/motion_odd,1.404761791229248,12
978,low_order,encoder,future/3ps/motion_odd,1.5400949716567993,12
979,low_order,encoder,future/3ps/motion_odd,1.895325779914856,12
988,low_order,encoder,future/3ps/motion_odd,1.422587513923645,12
861,low_order,persistence,future/3ps/motion_odd,1.4376788139343262,12
864,low_order,persistence,future/3ps/motion_odd,1.8454785346984863,12
865,low_order,persistence,future/3ps/motion_odd,1.0140105485916138,12
866,low_order,persistence,future/3ps/motion_odd,3.3979127407073975,12
867,low_order,persistence,future/3ps/motion_odd,2.1522793769836426,12
868,low_order,persistence,future/3ps/motion_odd,1.4502307176589966,6
869,low_order,persistence,future/3ps/motion_odd,1.2134864330291748,12
870,low_order,persistence,future/3ps/motion_odd,2.164397954940796,12
871,low_order,persistence,future/3ps/motion_odd,0.6616730690002441,9
874,low_order,persistence,future/3ps/motion_odd,1.7561779022216797,12
884,low_order,persistence,future/3ps/motion_odd,0.7061550617218018,12
885,low_order,persistence,future/3ps/motion_odd,1.330980896949768,12
887,low_order,persistence,future/3ps/motion_odd,1.1138441562652588,12
888,low_order,persistence,future/3ps/motion_odd,1.2309902906417847,12
889,low_order,persistence,future/3ps/motion_odd,1.1769238710403442,12
890,low_order,persistence,future/3ps/motion_odd,1.0273748636245728,9
891,low_order,persistence,future/3ps/motion_odd,1.633218765258789,12
892,low_order,persistence,future/3ps/motion_odd,1.7359970808029175,12
893,low_order,persistence,future/3ps/motion_odd,2.175752878189087,12
894,low_order,persistence,future/3ps/motion_odd,1.332114338874817,6
895,low_order,persistence,future/3ps/motion_odd,1.5227408409118652,12
896,low_order,persistence,future/3ps/motion_odd,1.6172380447387695,12
897,low_order,persistence,future/3ps/motion_odd,1.7538889646530151,12
898,low_order,persistence,future/3ps/motion_odd,1.3063246011734009,12
899,low_order,persistence,future/3ps/motion_odd,2.884774923324585,9
900,low_order,persistence,future/3ps/motion_odd,1.532173752784729,12
901,low_order,persistence,future/3ps/motion_odd,3.249037504196167,9
918,low_order,persistence,future/3ps/motion_odd,0.4816306531429291,1
944,low_order,persistence,future/3ps/motion_odd,2.2781872749328613,3
950,low_order,persistence,future/3ps/motion_odd,0.7589617967605591,9
954,low_order,persistence,future/3ps/motion_odd,1.835027813911438,12
956,low_order,persistence,future/3ps/motion_odd,2.2608067989349365,12
978,low_order,persistence,future/3ps/motion_odd,4.119327068328857,12
979,low_order,persistence,future/3ps/motion_odd,3.819485902786255,12
988,low_order,persistence,future/3ps/motion_odd,3.116527557373047,12
861,low_order,encoder,delta/3ps/motion_odd,1.2795219421386719,12
864,low_order,encoder,delta/3ps/motion_odd,1.9560571908950806,12
865,low_order,encoder,delta/3ps/motion_odd,0.8702166080474854,12
866,low_order,encoder,delta/3ps/motion_odd,3.4594504833221436,12
867,low_order,encoder,delta/3ps/motion_odd,2.244863748550415,12
868,low_order,encoder,delta/3ps/motion_odd,1.4155160188674927,6
869,low_order,encoder,delta/3ps/motion_odd,1.1411457061767578,12
870,low_order,encoder,delta/3ps/motion_odd,2.2168686389923096,12
871,low_order,encoder,delta/3ps/motion_odd,0.7151455283164978,9
874,low_order,encoder,delta/3ps/motion_odd,1.7326849699020386,12
884,low_order,encoder,delta/3ps/motion_odd,0.7926419377326965,12
885,low_order,encoder,delta/3ps/motion_odd,1.3392411470413208,12
887,low_order,encoder,delta/3ps/motion_odd,1.1161726713180542,12
888,low_order,encoder,delta/3ps/motion_odd,1.0870195627212524,12
889,low_order,encoder,delta/3ps/motion_odd,1.3222194910049438,12
890,low_order,encoder,delta/3ps/motion_odd,1.0544105768203735,9
891,low_order,encoder,delta/3ps/motion_odd,1.5165696144104004,12
892,low_order,encoder,delta/3ps/motion_odd,1.9518100023269653,12
893,low_order,encoder,delta/3ps/motion_odd,2.2689590454101562,12
894,low_order,encoder,delta/3ps/motion_odd,1.381669044494629,6
895,low_order,encoder,delta/3ps/motion_odd,1.4574495553970337,12
896,low_order,encoder,delta/3ps/motion_odd,1.6227730512619019,12
897,low_order,encoder,delta/3ps/motion_odd,1.7428067922592163,12
898,low_order,encoder,delta/3ps/motion_odd,1.3713102340698242,12
899,low_order,encoder,delta/3ps/motion_odd,3.020313024520874,9
900,low_order,encoder,delta/3ps/motion_odd,1.5493388175964355,12
901,low_order,encoder,delta/3ps/motion_odd,3.1686408519744873,9
918,low_order,encoder,delta/3ps/motion_odd,0.26157379150390625,1
944,low_order,encoder,delta/3ps/motion_odd,2.6709463596343994,3
950,low_order,encoder,delta/3ps/motion_odd,0.767218828201294,9
954,low_order,encoder,delta/3ps/motion_odd,1.889790415763855,12
956,low_order,encoder,delta/3ps/motion_odd,2.196937322616577,12
978,low_order,encoder,delta/3ps/motion_odd,4.151574611663818,12
979,low_order,encoder,delta/3ps/motion_odd,3.6547586917877197,12
988,low_order,encoder,delta/3ps/motion_odd,3.0584590435028076,12
861,low_order,encoder,future/9ps/motion_odd,0.8961189389228821,12
864,low_order,encoder,future/9ps/motion_odd,2.268075942993164,12
865,low_order,encoder,future/9ps/motion_odd,1.6476116180419922,12
866,low_order,encoder,future/9ps/motion_odd,1.410132884979248,12
867,low_order,encoder,future/9ps/motion_odd,1.2336244583129883,12
868,low_order,encoder,future/9ps/motion_odd,0.7227289080619812,6
869,low_order,encoder,future/9ps/motion_odd,2.1478731632232666,12
870,low_order,encoder,future/9ps/motion_odd,0.8798877596855164,12
871,low_order,encoder,future/9ps/motion_odd,1.0911006927490234,9
874,low_order,encoder,future/9ps/motion_odd,1.56166410446167,12
884,low_order,encoder,future/9ps/motion_odd,1.3024579286575317,12
885,low_order,encoder,future/9ps/motion_odd,0.5932486057281494,12
887,low_order,encoder,future/9ps/motion_odd,0.9563078284263611,12
888,low_order,encoder,future/9ps/motion_odd,0.5791416168212891,12
889,low_order,encoder,future/9ps/motion_odd,0.6592792868614197,12
890,low_order,encoder,future/9ps/motion_odd,0.8319942355155945,9
891,low_order,encoder,future/9ps/motion_odd,0.5581853985786438,12
892,low_order,encoder,future/9ps/motion_odd,1.5075181722640991,12
893,low_order,encoder,future/9ps/motion_odd,0.9007115364074707,12
894,low_order,encoder,future/9ps/motion_odd,0.8357623219490051,6
895,low_order,encoder,future/9ps/motion_odd,0.6827049851417542,12
896,low_order,encoder,future/9ps/motion_odd,0.4064861536026001,12
897,low_order,encoder,future/9ps/motion_odd,0.7484636306762695,12
898,low_order,encoder,future/9ps/motion_odd,0.6277042031288147,12
899,low_order,encoder,future/9ps/motion_odd,0.7513687610626221,9
900,low_order,encoder,future/9ps/motion_odd,0.7317066192626953,12
901,low_order,encoder,future/9ps/motion_odd,0.61183762550354,9
918,low_order,encoder,future/9ps/motion_odd,0.7246158719062805,1
944,low_order,encoder,future/9ps/motion_odd,2.1018574237823486,3
950,low_order,encoder,future/9ps/motion_odd,0.8969548344612122,9
954,low_order,encoder,future/9ps/motion_odd,1.1801012754440308,12
956,low_order,encoder,future/9ps/motion_odd,1.3545900583267212,12
978,low_order,encoder,future/9ps/motion_odd,1.9151016473770142,12
979,low_order,encoder,future/9ps/motion_odd,1.2518941164016724,12
988,low_order,encoder,future/9ps/motion_odd,0.8600942492485046,12
861,low_order,persistence,future/9ps/motion_odd,1.9733589887619019,12
864,low_order,persistence,future/9ps/motion_odd,1.9976931810379028,12
865,low_order,persistence,future/9ps/motion_odd,2.107879877090454,12
866,low_order,persistence,future/9ps/motion_odd,2.32871150970459,12
867,low_order,persistence,future/9ps/motion_odd,2.101100206375122,12
868,low_order,persistence,future/9ps/motion_odd,1.4759445190429688,6
869,low_order,persistence,future/9ps/motion_odd,2.6732327938079834,12
870,low_order,persistence,future/9ps/motion_odd,1.8448346853256226,12
871,low_order,persistence,future/9ps/motion_odd,1.2286486625671387,9
874,low_order,persistence,future/9ps/motion_odd,2.1824910640716553,12
884,low_order,persistence,future/9ps/motion_odd,2.141939401626587,12
885,low_order,persistence,future/9ps/motion_odd,0.9508442878723145,12
887,low_order,persistence,future/9ps/motion_odd,1.5358843803405762,12
888,low_order,persistence,future/9ps/motion_odd,0.8281629085540771,12
889,low_order,persistence,future/9ps/motion_odd,0.6431430578231812,12
890,low_order,persistence,future/9ps/motion_odd,2.6175107955932617,9
891,low_order,persistence,future/9ps/motion_odd,1.578277587890625,12
892,low_order,persistence,future/9ps/motion_odd,2.404677629470825,12
893,low_order,persistence,future/9ps/motion_odd,1.5775703191757202,12
894,low_order,persistence,future/9ps/motion_odd,2.8975632190704346,6
895,low_order,persistence,future/9ps/motion_odd,1.6627229452133179,12
896,low_order,persistence,future/9ps/motion_odd,1.532565951347351,12
897,low_order,persistence,future/9ps/motion_odd,0.9152922630310059,12
898,low_order,persistence,future/9ps/motion_odd,1.1087803840637207,12
899,low_order,persistence,future/9ps/motion_odd,0.9813044667243958,9
900,low_order,persistence,future/9ps/motion_odd,1.8480318784713745,12
901,low_order,persistence,future/9ps/motion_odd,0.9710948467254639,9
918,low_order,persistence,future/9ps/motion_odd,0.5150534510612488,1
944,low_order,persistence,future/9ps/motion_odd,2.1650171279907227,3
950,low_order,persistence,future/9ps/motion_odd,1.5656764507293701,9
954,low_order,persistence,future/9ps/motion_odd,2.28235125541687,12
956,low_order,persistence,future/9ps/motion_odd,1.3793715238571167,12
978,low_order,persistence,future/9ps/motion_odd,3.804313898086548,12
979,low_order,persistence,future/9ps/motion_odd,2.6541905403137207,12
988,low_order,persistence,future/9ps/motion_odd,2.370896100997925,12
861,low_order,encoder,delta/9ps/motion_odd,2.0564868450164795,12
864,low_order,encoder,delta/9ps/motion_odd,1.9604558944702148,12
865,low_order,encoder,delta/9ps/motion_odd,2.017422676086426,12
866,low_order,encoder,delta/9ps/motion_odd,2.2486112117767334,12
867,low_order,encoder,delta/9ps/motion_odd,2.3315982818603516,12
868,low_order,encoder,delta/9ps/motion_odd,1.2841562032699585,6
869,low_order,encoder,delta/9ps/motion_odd,2.4505321979522705,12
870,low_order,encoder,delta/9ps/motion_odd,1.903550148010254,12
871,low_order,encoder,delta/9ps/motion_odd,1.2732079029083252,9
874,low_order,encoder,delta/9ps/motion_odd,2.0100955963134766,12
884,low_order,encoder,delta/9ps/motion_odd,2.0636136531829834,12
885,low_order,encoder,delta/9ps/motion_odd,0.905073881149292,12
887,low_order,encoder,delta/9ps/motion_odd,1.605588436126709,12
888,low_order,encoder,delta/9ps/motion_odd,0.7876236438751221,12
889,low_order,encoder,delta/9ps/motion_odd,0.7745713591575623,12
890,low_order,encoder,delta/9ps/motion_odd,2.701186418533325,9
891,low_order,encoder,delta/9ps/motion_odd,1.452873706817627,12
892,low_order,encoder,delta/9ps/motion_odd,2.3893213272094727,12
893,low_order,encoder,delta/9ps/motion_odd,1.5135070085525513,12
894,low_order,encoder,delta/9ps/motion_odd,3.123980760574341,6
895,low_order,encoder,delta/9ps/motion_odd,1.5367374420166016,12
896,low_order,encoder,delta/9ps/motion_odd,1.5414472818374634,12
897,low_order,encoder,delta/9ps/motion_odd,0.8097757697105408,12
898,low_order,encoder,delta/9ps/motion_odd,1.1600316762924194,12
899,low_order,encoder,delta/9ps/motion_odd,1.091551423072815,9
900,low_order,encoder,delta/9ps/motion_odd,1.8893688917160034,12
901,low_order,encoder,delta/9ps/motion_odd,0.920816957950592,9
918,low_order,encoder,delta/9ps/motion_odd,0.2912294864654541,1
944,low_order,encoder,delta/9ps/motion_odd,2.2545313835144043,3
950,low_order,encoder,delta/9ps/motion_odd,1.6334317922592163,9
954,low_order,encoder,delta/9ps/motion_odd,2.3724982738494873,12
956,low_order,encoder,delta/9ps/motion_odd,1.4275630712509155,12
978,low_order,encoder,delta/9ps/motion_odd,3.8027408123016357,12
979,low_order,encoder,delta/9ps/motion_odd,2.7917635440826416,12
988,low_order,encoder,delta/9ps/motion_odd,2.4954113960266113,12
861,low_order,encoder,path/0.75ps/mean_std_qbar6,0.10681966692209244,12
864,low_order,encoder,path/0.75ps/mean_std_qbar6,0.1504170447587967,12
865,low_order,encoder,path/0.75ps/mean_std_qbar6,0.16916470229625702,12
866,low_order,encoder,path/0.75ps/mean_std_qbar6,0.10600709915161133,12
867,low_order,encoder,path/0.75ps/mean_std_qbar6,0.17009754478931427,12
868,low_order,encoder,path/0.75ps/mean_std_qbar6,0.1687653511762619,6
869,low_order,encoder,path/0.75ps/mean_std_qbar6,0.0946383848786354,12
870,low_order,encoder,path/0.75ps/mean_std_qbar6,0.1896064728498459,12
871,low_order,encoder,path/0.75ps/mean_std_qbar6,0.09098976105451584,9
874,low_order,encoder,path/0.75ps/mean_std_qbar6,0.23147092759609222,12
884,low_order,encoder,path/0.75ps/mean_std_qbar6,0.27598533034324646,12
885,low_order,encoder,path/0.75ps/mean_std_qbar6,0.4313022196292877,12
887,low_order,encoder,path/0.75ps/mean_std_qbar6,0.1503283530473709,12
888,low_order,encoder,path/0.75ps/mean_std_qbar6,0.2572701871395111,12
889,low_order,encoder,path/0.75ps/mean_std_qbar6,0.1841827630996704,12
890,low_order,encoder,path/0.75ps/mean_std_qbar6,0.5167922377586365,9
891,low_order,encoder,path/0.75ps/mean_std_qbar6,0.19222132861614227,12
892,low_order,encoder,path/0.75ps/mean_std_qbar6,0.24909014999866486,12
893,low_order,encoder,path/0.75ps/mean_std_qbar6,0.21199758350849152,12
894,low_order,encoder,path/0.75ps/mean_std_qbar6,0.3412735164165497,6
895,low_order,encoder,path/0.75ps/mean_std_qbar6,0.15048779547214508,12
896,low_order,encoder,path/0.75ps/mean_std_qbar6,0.22192420065402985,12
897,low_order,encoder,path/0.75ps/mean_std_qbar6,0.13547347486019135,12
898,low_order,encoder,path/0.75ps/mean_std_qbar6,0.16472575068473816,12
899,low_order,encoder,path/0.75ps/mean_std_qbar6,0.09954121708869934,9
900,low_order,encoder,path/0.75ps/mean_std_qbar6,0.26912441849708557,12
901,low_order,encoder,path/0.75ps/mean_std_qbar6,0.1490107625722885,9
918,low_order,encoder,path/0.75ps/mean_std_qbar6,0.11609672009944916,1
944,low_order,encoder,path/0.75ps/mean_std_qbar6,0.059195246547460556,3
950,low_order,encoder,path/0.75ps/mean_std_qbar6,0.057728689163923264,9
954,low_order,encoder,path/0.75ps/mean_std_qbar6,0.14854490756988525,12
956,low_order,encoder,path/0.75ps/mean_std_qbar6,0.1607712060213089,12
978,low_order,encoder,path/0.75ps/mean_std_qbar6,0.219596266746521,12
979,low_order,encoder,path/0.75ps/mean_std_qbar6,0.14877112209796906,12
988,low_order,encoder,path/0.75ps/mean_std_qbar6,0.10021623224020004,12
861,low_order,encoder,path/3ps/mean_std_qbar6,0.1074647605419159,12
864,low_order,encoder,path/3ps/mean_std_qbar6,0.1498449295759201,12
865,low_order,encoder,path/3ps/mean_std_qbar6,0.15087150037288666,12
866,low_order,encoder,path/3ps/mean_std_qbar6,0.09752527624368668,12
867,low_order,encoder,path/3ps/mean_std_qbar6,0.17941634356975555,12
868,low_order,encoder,path/3ps/mean_std_qbar6,0.16401274502277374,6
869,low_order,encoder,path/3ps/mean_std_qbar6,0.08284787088632584,12
870,low_order,encoder,path/3ps/mean_std_qbar6,0.17940418422222137,12
871,low_order,encoder,path/3ps/mean_std_qbar6,0.08966273069381714,9
874,low_order,encoder,path/3ps/mean_std_qbar6,0.20946867763996124,12
884,low_order,encoder,path/3ps/mean_std_qbar6,0.2628854811191559,12
885,low_order,encoder,path/3ps/mean_std_qbar6,0.4179019629955292,12
887,low_order,encoder,path/3ps/mean_std_qbar6,0.1512395590543747,12
888,low_order,encoder,path/3ps/mean_std_qbar6,0.23198886215686798,12
889,low_order,encoder,path/3ps/mean_std_qbar6,0.18127058446407318,12
890,low_order,encoder,path/3ps/mean_std_qbar6,0.5257105827331543,9
891,low_order,encoder,path/3ps/mean_std_qbar6,0.1845286339521408,12
892,low_order,encoder,path/3ps/mean_std_qbar6,0.2261960357427597,12
893,low_order,encoder,path/3ps/mean_std_qbar6,0.20036979019641876,12
894,low_order,encoder,path/3ps/mean_std_qbar6,0.32279351353645325,6
895,low_order,encoder,path/3ps/mean_std_qbar6,0.14264734089374542,12
896,low_order,encoder,path/3ps/mean_std_qbar6,0.2159053087234497,12
897,low_order,encoder,path/3ps/mean_std_qbar6,0.13863806426525116,12
898,low_order,encoder,path/3ps/mean_std_qbar6,0.161932110786438,12
899,low_order,encoder,path/3ps/mean_std_qbar6,0.08048311620950699,9
900,low_order,encoder,path/3ps/mean_std_qbar6,0.2411644458770752,12
901,low_order,encoder,path/3ps/mean_std_qbar6,0.14298540353775024,9
918,low_order,encoder,path/3ps/mean_std_qbar6,0.11684270203113556,1
944,low_order,encoder,path/3ps/mean_std_qbar6,0.04241089150309563,3
950,low_order,encoder,path/3ps/mean_std_qbar6,0.03462809696793556,9
954,low_order,encoder,path/3ps/mean_std_qbar6,0.14558593928813934,12
956,low_order,encoder,path/3ps/mean_std_qbar6,0.14815831184387207,12
978,low_order,encoder,path/3ps/mean_std_qbar6,0.19962650537490845,12
979,low_order,encoder,path/3ps/mean_std_qbar6,0.1322794258594513,12
988,low_order,encoder,path/3ps/mean_std_qbar6,0.09043515473604202,12
861,low_order,encoder,path/9ps/mean_std_qbar6,0.09888949990272522,12
864,low_order,encoder,path/9ps/mean_std_qbar6,0.12375233322381973,12
865,low_order,encoder,path/9ps/mean_std_qbar6,0.14418184757232666,12
866,low_order,encoder,path/9ps/mean_std_qbar6,0.09168121218681335,12
867,low_order,encoder,path/9ps/mean_std_qbar6,0.16579502820968628,12
868,low_order,encoder,path/9ps/mean_std_qbar6,0.15654464066028595,6
869,low_order,encoder,path/9ps/mean_std_qbar6,0.07691275328397751,12
870,low_order,encoder,path/9ps/mean_std_qbar6,0.12324944138526917,12
871,low_order,encoder,path/9ps/mean_std_qbar6,0.0819891095161438,9
874,low_order,encoder,path/9ps/mean_std_qbar6,0.20062458515167236,12
884,low_order,encoder,path/9ps/mean_std_qbar6,0.24808430671691895,12
885,low_order,encoder,path/9ps/mean_std_qbar6,0.4011770784854889,12
887,low_order,encoder,path/9ps/mean_std_qbar6,0.14563943445682526,12
888,low_order,encoder,path/9ps/mean_std_qbar6,0.21780399978160858,12
889,low_order,encoder,path/9ps/mean_std_qbar6,0.21169543266296387,12
890,low_order,encoder,path/9ps/mean_std_qbar6,0.4935815632343292,9
891,low_order,encoder,path/9ps/mean_std_qbar6,0.16599354147911072,12
892,low_order,encoder,path/9ps/mean_std_qbar6,0.2306256741285324,12
893,low_order,encoder,path/9ps/mean_std_qbar6,0.19089336693286896,12
894,low_order,encoder,path/9ps/mean_std_qbar6,0.25673213601112366,6
895,low_order,encoder,path/9ps/mean_std_qbar6,0.13651396334171295,12
896,low_order,encoder,path/9ps/mean_std_qbar6,0.2005913257598877,12
897,low_order,encoder,path/9ps/mean_std_qbar6,0.1164042055606842,12
898,low_order,encoder,path/9ps/mean_std_qbar6,0.15111154317855835,12
899,low_order,encoder,path/9ps/mean_std_qbar6,0.08282636106014252,9
900,low_order,encoder,path/9ps/mean_std_qbar6,0.23225201666355133,12
901,low_order,encoder,path/9ps/mean_std_qbar6,0.15746675431728363,9
918,low_order,encoder,path/9ps/mean_std_qbar6,0.129886195063591,1
944,low_order,encoder,path/9ps/mean_std_qbar6,0.09111983329057693,3
950,low_order,encoder,path/9ps/mean_std_qbar6,0.02649635076522827,9
954,low_order,encoder,path/9ps/mean_std_qbar6,0.11898789554834366,12
956,low_order,encoder,path/9ps/mean_std_qbar6,0.13785283267498016,12
978,low_order,encoder,path/9ps/mean_std_qbar6,0.15134841203689575,12
979,low_order,encoder,path/9ps/mean_std_qbar6,0.12829817831516266,12
988,low_order,encoder,path/9ps/mean_std_qbar6,0.08886761218309402,12
861,at_risk,encoder,hazard/nll,0.021056154742836952,12
864,at_risk,encoder,hazard/nll,0.01637818105518818,12
865,at_risk,encoder,hazard/nll,0.03714346885681152,12
866,at_risk,encoder,hazard/nll,0.020646139979362488,12
867,at_risk,encoder,hazard/nll,0.023314394056797028,12
868,at_risk,encoder,hazard/nll,0.03602202609181404,6
869,at_risk,encoder,hazard/nll,0.015517967753112316,12
870,at_risk,encoder,hazard/nll,0.03106025792658329,12
871,at_risk,encoder,hazard/nll,1.015758752822876,11
874,at_risk,encoder,hazard/nll,0.061107318848371506,12
884,at_risk,encoder,hazard/nll,0.03737623617053032,12
885,at_risk,encoder,hazard/nll,0.07496092468500137,12
886,at_risk,encoder,hazard/nll,0.20789386332035065,3
887,at_risk,encoder,hazard/nll,0.0336797833442688,12
888,at_risk,encoder,hazard/nll,0.050564493983983994,12
889,at_risk,encoder,hazard/nll,1.1094166040420532,12
890,at_risk,encoder,hazard/nll,0.07801904529333115,9
891,at_risk,encoder,hazard/nll,0.02647330053150654,12
892,at_risk,encoder,hazard/nll,0.05683887377381325,12
893,at_risk,encoder,hazard/nll,0.05101451650261879,12
894,at_risk,encoder,hazard/nll,0.09551509469747543,6
895,at_risk,encoder,hazard/nll,0.02543928287923336,12
896,at_risk,encoder,hazard/nll,0.0384414978325367,12
897,at_risk,encoder,hazard/nll,0.01871633529663086,12
898,at_risk,encoder,hazard/nll,0.023871175944805145,12
899,at_risk,encoder,hazard/nll,0.024732232093811035,9
900,at_risk,encoder,hazard/nll,0.059118758887052536,12
901,at_risk,encoder,hazard/nll,0.029742518439888954,9
914,at_risk,encoder,hazard/nll,4.106310844421387,2
915,at_risk,encoder,hazard/nll,0.046121541410684586,3
918,at_risk,encoder,hazard/nll,1.5904806852340698,6
919,at_risk,encoder,hazard/nll,0.022254647687077522,3
920,at_risk,encoder,hazard/nll,0.04573979601264,6
922,at_risk,encoder,hazard/nll,0.025932414457201958,3
928,at_risk,encoder,hazard/nll,2.18304181098938,3
929,at_risk,encoder,hazard/nll,0.03000021167099476,3
931,at_risk,encoder,hazard/nll,0.03233871981501579,3
944,at_risk,encoder,hazard/nll,0.01119170431047678,3
945,at_risk,encoder,hazard/nll,0.03312760964035988,3
950,at_risk,encoder,hazard/nll,0.015834804624319077,9
953,at_risk,encoder,hazard/nll,5.864234924316406,3
954,at_risk,encoder,hazard/nll,0.02629847079515457,12
956,at_risk,encoder,hazard/nll,0.027457909658551216,12
957,at_risk,encoder,hazard/nll,4.131924629211426,2
958,at_risk,encoder,hazard/nll,0.007204538676887751,3
959,at_risk,encoder,hazard/nll,0.06720571964979172,6
960,at_risk,encoder,hazard/nll,0.04350350797176361,3
961,at_risk,encoder,hazard/nll,3.6792120933532715,2
974,at_risk,encoder,hazard/nll,0.020156897604465485,3
975,at_risk,encoder,hazard/nll,0.03862503543496132,3
978,at_risk,encoder,hazard/nll,0.0412716418504715,12
979,at_risk,encoder,hazard/nll,0.03563320264220238,12
981,at_risk,encoder,hazard/nll,0.08496218919754028,3
983,at_risk,encoder,hazard/nll,0.030303649604320526,6
984,at_risk,encoder,hazard/nll,0.6201248168945312,7
986,at_risk,encoder,hazard/nll,0.06591050326824188,3
988,at_risk,encoder,hazard/nll,0.026807798072695732,9
989,at_risk,encoder,hazard/nll,4.428869724273682,3
1006,at_risk,encoder,hazard/nll,0.08384712785482407,3
861,at_risk,encoder,hazard/bin0/brier,0.00012013933883281425,12
864,at_risk,encoder,hazard/bin0/brier,6.229458813322708e-05,12
865,at_risk,encoder,hazard/bin0/brier,0.0005271428963169456,12
866,at_risk,encoder,hazard/bin0/brier,9.32859766180627e-05,12
867,at_risk,encoder,hazard/bin0/brier,0.00021030633070040494,12
868,at_risk,encoder,hazard/bin0/brier,0.00042186304926872253,6
869,at_risk,encoder,hazard/bin0/brier,6.708846922265366e-05,12
870,at_risk,encoder,hazard/bin0/brier,0.0001887847320176661,12
871,at_risk,encoder,hazard/bin0/brier,0.08906006067991257,11
874,at_risk,encoder,hazard/bin0/brier,0.0010432562557980418,12
884,at_risk,encoder,hazard/bin0/brier,0.0004658476682379842,12
885,at_risk,encoder,hazard/bin0/brier,0.0016927169635891914,12
886,at_risk,encoder,hazard/bin0/brier,0.006193819921463728,3
887,at_risk,encoder,hazard/bin0/brier,0.00035801882040686905,12
888,at_risk,encoder,hazard/bin0/brier,0.0009204517700709403,12
889,at_risk,encoder,hazard/bin0/brier,0.00035800927435047925,12
890,at_risk,encoder,hazard/bin0/brier,0.0015887009212747216,9
891,at_risk,encoder,hazard/bin0/brier,0.00019819957378786057,12
892,at_risk,encoder,hazard/bin0/brier,0.0009676450281403959,12
893,at_risk,encoder,hazard/bin0/brier,0.0007355716661550105,12
894,at_risk,encoder,hazard/bin0/brier,0.002692190930247307,6
895,at_risk,encoder,hazard/bin0/brier,0.00015962394536472857,12
896,at_risk,encoder,hazard/bin0/brier,0.0002906674344558269,12
897,at_risk,encoder,hazard/bin0/brier,0.00011537053069332615,12
898,at_risk,encoder,hazard/bin0/brier,0.00014591302897315472,12
899,at_risk,encoder,hazard/bin0/brier,0.000175508190295659,9
900,at_risk,encoder,hazard/bin0/brier,0.0010970999719575047,12
901,at_risk,encoder,hazard/bin0/brier,0.00018640977214090526,9
914,at_risk,encoder,hazard/bin0/brier,0.491496205329895,2
915,at_risk,encoder,hazard/bin0/brier,0.000334548152750358,3
918,at_risk,encoder,hazard/bin0/brier,0.0005558320553973317,6
919,at_risk,encoder,hazard/bin0/brier,0.0001405137445544824,3
920,at_risk,encoder,hazard/bin0/brier,0.00046491375542245805,6
922,at_risk,encoder,hazard/bin0/brier,0.00011189023643964902,3
928,at_risk,encoder,hazard/bin0/brier,0.3332018256187439,3
929,at_risk,encoder,hazard/bin0/brier,0.00017334776930510998,3
931,at_risk,encoder,hazard/bin0/brier,0.000321792351314798,3
944,at_risk,encoder,hazard/bin0/brier,1.7825261238613166e-05,3
945,at_risk,encoder,hazard/bin0/brier,0.0002271267439937219,3
950,at_risk,encoder,hazard/bin0/brier,5.959885675110854e-05,9
953,at_risk,encoder,hazard/bin0/brier,0.3214394450187683,3
954,at_risk,encoder,hazard/bin0/brier,0.00017952722555492073,12
956,at_risk,encoder,hazard/bin0/brier,0.00013717087858822197,12
957,at_risk,encoder,hazard/bin0/brier,0.0007074062013998628,2
958,at_risk,encoder,hazard/bin0/brier,1.0924707567028236e-05,3
959,at_risk,encoder,hazard/bin0/brier,0.0009372538770548999,6
960,at_risk,encoder,hazard/bin0/brier,0.000350049085682258,3
961,at_risk,encoder,hazard/bin0/brier,0.46238356828689575,2
974,at_risk,encoder,hazard/bin0/brier,6.893379759276286e-05,3
975,at_risk,encoder,hazard/bin0/brier,0.00041558861266821623,3
978,at_risk,encoder,hazard/bin0/brier,0.0004433510184753686,12
979,at_risk,encoder,hazard/bin0/brier,0.0003165054658893496,12
981,at_risk,encoder,hazard/bin0/brier,0.0014483253471553326,3
983,at_risk,encoder,hazard/bin0/brier,0.0002163822646252811,6
984,at_risk,encoder,hazard/bin0/brier,0.13880176842212677,7
986,at_risk,encoder,hazard/bin0/brier,0.000697023409884423,3
988,at_risk,encoder,hazard/bin0/brier,0.00013690523337572813,9
989,at_risk,encoder,hazard/bin0/brier,0.31103771924972534,3
1006,at_risk,encoder,hazard/bin0/brier,0.0011739893816411495,3
861,at_risk,encoder,hazard/bin1/brier,0.000178573201992549,12
864,at_risk,encoder,hazard/bin1/brier,8.360119682038203e-05,12
865,at_risk,encoder,hazard/bin1/brier,0.0010312903905287385,12
866,at_risk,encoder,hazard/bin1/brier,0.0001276986877201125,12
867,at_risk,encoder,hazard/bin1/brier,0.0003234361356589943,12
868,at_risk,encoder,hazard/bin1/brier,0.0007271964568644762,6
869,at_risk,encoder,hazard/bin1/brier,9.588460670784116e-05,12
870,at_risk,encoder,hazard/bin1/brier,0.0002733503351919353,12
871,at_risk,encoder,hazard/bin1/brier,0.1776789128780365,11
874,at_risk,encoder,hazard/bin1/brier,0.0020898894872516394,12
884,at_risk,encoder,hazard/bin1/brier,0.0008014456834644079,12
885,at_risk,encoder,hazard/bin1/brier,0.004598031286150217,12
886,at_risk,encoder,hazard/bin1/brier,0.01608518697321415,3
887,at_risk,encoder,hazard/bin1/brier,0.0006305393180809915,12
888,at_risk,encoder,hazard/bin1/brier,0.0018702043453231454,12
889,at_risk,encoder,hazard/bin1/brier,0.0006117114098742604,12
890,at_risk,encoder,hazard/bin1/brier,0.0035636909306049347,9
891,at_risk,encoder,hazard/bin1/brier,0.00029584698495455086,12
892,at_risk,encoder,hazard/bin1/brier,0.0019546824041754007,12
893,at_risk,encoder,hazard/bin1/brier,0.0013047960819676518,12
894,at_risk,encoder,hazard/bin1/brier,0.005944498348981142,6
895,at_risk,encoder,hazard/bin1/brier,0.00023239408619701862,12
896,at_risk,encoder,hazard/bin1/brier,0.00044482681551016867,12
897,at_risk,encoder,hazard/bin1/brier,0.0001711985532892868,12
898,at_risk,encoder,hazard/bin1/brier,0.00021712551824748516,12
899,at_risk,encoder,hazard/bin1/brier,0.0002592462988104671,9
900,at_risk,encoder,hazard/bin1/brier,0.002236631466075778,12
901,at_risk,encoder,hazard/bin1/brier,0.000274093501502648,9
914,at_risk,encoder,hazard/bin1/brier,0.9043110013008118,2
915,at_risk,encoder,hazard/bin1/brier,0.0005118800909258425,3
918,at_risk,encoder,hazard/bin1/brier,0.0009608110995031893,6
919,at_risk,encoder,hazard/bin1/brier,0.00020175952522549778,3
920,at_risk,encoder,hazard/bin1/brier,0.0007545629632659256,6
922,at_risk,encoder,hazard/bin1/brier,0.00015643257938791066,3
928,at_risk,encoder,hazard/bin1/brier,0.33400484919548035,3
929,at_risk,encoder,hazard/bin1/brier,0.00025261894916184247,3
931,at_risk,encoder,hazard/bin1/brier,0.0005021695396862924,3
944,at_risk,encoder,hazard/bin1/brier,2.2090092897997238e-05,3
945,at_risk,encoder,hazard/bin1/brier,0.00035534505150280893,3
950,at_risk,encoder,hazard/bin1/brier,7.864282088121399e-05,9
953,at_risk,encoder,hazard/bin1/brier,0.9638925194740295,3
954,at_risk,encoder,hazard/bin1/brier,0.00026044508558698,12
956,at_risk,encoder,hazard/bin1/brier,0.000191695595276542,12
957,at_risk,encoder,hazard/bin1/brier,0.4553917646408081,2
958,at_risk,encoder,hazard/bin1/brier,1.3323550774657633e-05,3
959,at_risk,encoder,hazard/bin1/brier,0.0017477843211963773,6
960,at_risk,encoder,hazard/bin1/brier,0.0005604891339316964,3
961,at_risk,encoder,hazard/bin1/brier,0.8885939121246338,2
974,at_risk,encoder,hazard/bin1/brier,9.394088556291535e-05,3
975,at_risk,encoder,hazard/bin1/brier,0.0006659917416982353,3
978,at_risk,encoder,hazard/bin1/brier,0.0007381062605418265,12
979,at_risk,encoder,hazard/bin1/brier,0.0004992111935280263,12
981,at_risk,encoder,hazard/bin1/brier,0.002550853416323662,3
983,at_risk,encoder,hazard/bin1/brier,0.00033602400799281895,6
984,at_risk,encoder,hazard/bin1/brier,0.1380435973405838,7
986,at_risk,encoder,hazard/bin1/brier,0.0011394344037398696,3
988,at_risk,encoder,hazard/bin1/brier,0.00019728571351151913,9
989,at_risk,encoder,hazard/bin1/brier,0.9219767451286316,3
1006,at_risk,encoder,hazard/bin1/brier,0.0022649678867310286,3
861,at_risk,encoder,hazard/bin2/brier,0.001376682543195784,8
864,at_risk,encoder,hazard/bin2/brier,0.00046443010796792805,8
865,at_risk,encoder,hazard/bin2/brier,0.006055447272956371,8
866,at_risk,encoder,hazard/bin2/brier,0.0009151033591479063,8
867,at_risk,encoder,hazard/bin2/brier,0.0008346131071448326,8
868,at_risk,encoder,hazard/bin2/brier,0.004245680291205645,4
869,at_risk,encoder,hazard/bin2/brier,0.0007522503728978336,8
870,at_risk,encoder,hazard/bin2/brier,0.0019069045083597302,8
871,at_risk,encoder,hazard/bin2/brier,0.23617222905158997,8
874,at_risk,encoder,hazard/bin2/brier,0.012157237157225609,8
884,at_risk,encoder,hazard/bin2/brier,0.002428981475532055,8
885,at_risk,encoder,hazard/bin2/brier,0.0172787643969059,8
886,at_risk,encoder,hazard/bin2/brier,0.046044688671827316,2
887,at_risk,encoder,hazard/bin2/brier,0.0037648584693670273,8
888,at_risk,encoder,hazard/bin2/brier,0.004982433747500181,8
889,at_risk,encoder,hazard/bin2/brier,0.32166481018066406,9
890,at_risk,encoder,hazard/bin2/brier,0.014445741660892963,6
891,at_risk,encoder,hazard/bin2/brier,0.0013466221280395985,8
892,at_risk,encoder,hazard/bin2/brier,0.010266007855534554,8
893,at_risk,encoder,hazard/bin2/brier,0.007186072878539562,8
894,at_risk,encoder,hazard/bin2/brier,0.020848065614700317,4
895,at_risk,encoder,hazard/bin2/brier,0.0014523181598633528,8
896,at_risk,encoder,hazard/bin2/brier,0.0030589019879698753,8
897,at_risk,encoder,hazard/bin2/brier,0.0006408487679436803,8
898,at_risk,encoder,hazard/bin2/brier,0.0013452630955725908,8
899,at_risk,encoder,hazard/bin2/brier,0.0008706485386937857,6
900,at_risk,encoder,hazard/bin2/brier,0.011338322423398495,8
901,at_risk,encoder,hazard/bin2/brier,0.002049449598416686,6
914,at_risk,encoder,hazard/bin2/brier,0.8109083771705627,2
915,at_risk,encoder,hazard/bin2/brier,0.0038842912763357162,2
918,at_risk,encoder,hazard/bin2/brier,0.5039957761764526,5
919,at_risk,encoder,hazard/bin2/brier,0.0010242874268442392,2
920,at_risk,encoder,hazard/bin2/brier,0.0023989547044038773,4
922,at_risk,encoder,hazard/bin2/brier,0.0012134131975471973,2
928,at_risk,encoder,hazard/bin2/brier,0.3376202881336212,3
929,at_risk,encoder,hazard/bin2/brier,0.001544428989291191,2
931,at_risk,encoder,hazard/bin2/brier,0.0011748388642445207,2
944,at_risk,encoder,hazard/bin2/brier,0.0002457696828059852,2
945,at_risk,encoder,hazard/bin2/brier,0.0025056740269064903,2
950,at_risk,encoder,hazard/bin2/brier,0.0004585689166560769,6
953,at_risk,encoder,hazard/bin2/brier,0.9187614917755127,3
954,at_risk,encoder,hazard/bin2/brier,0.001268890337087214,8
956,at_risk,encoder,hazard/bin2/brier,0.0013590047601610422,8
957,at_risk,encoder,hazard/bin2/brier,0.8615491390228271,2
958,at_risk,encoder,hazard/bin2/brier,7.916960748843849e-05,2
959,at_risk,encoder,hazard/bin2/brier,0.006446151994168758,4
960,at_risk,encoder,hazard/bin2/brier,0.004124965984374285,2
961,at_risk,encoder,hazard/bin2/brier,0.7798606157302856,2
974,at_risk,encoder,hazard/bin2/brier,0.0008221116149798036,2
975,at_risk,encoder,hazard/bin2/brier,0.001683774869889021,2
978,at_risk,encoder,hazard/bin2/brier,0.004088974557816982,8
979,at_risk,encoder,hazard/bin2/brier,0.00307999225333333,8
981,at_risk,encoder,hazard/bin2/brier,0.008190490305423737,2
983,at_risk,encoder,hazard/bin2/brier,0.001961846835911274,4
984,at_risk,encoder,hazard/bin2/brier,0.18272526562213898,5
986,at_risk,encoder,hazard/bin2/brier,0.008226352743804455,2
988,at_risk,encoder,hazard/bin2/brier,0.0015310556627810001,6
989,at_risk,encoder,hazard/bin2/brier,0.842130184173584,3
1006,at_risk,encoder,hazard/bin2/brier,0.010291794314980507,2
860,all,encoder,temporal/0.75ps/normalized_rms_jump,0.35832203537467977,8
860,all,encoder,temporal/0.75ps/increment_rms,1.94184148311615,8
860,all,encoder,temporal/0.75ps/increment_p95,2.7693151831626888,8
860,all,encoder,temporal/0.75ps/covariance_trace,14.68420696258545,8
861,all,encoder,temporal/0.75ps/normalized_rms_jump,1.0543166899122187,8
861,all,encoder,temporal/0.75ps/increment_rms,2.1909525394439697,8
861,all,encoder,temporal/0.75ps/increment_p95,3.886221420764922,8
861,all,encoder,temporal/0.75ps/covariance_trace,2.1592044830322266,8
861,low_order,encoder,temporal/0.75ps/normalized_rms_jump,1.0543166899122187,8
861,low_order,encoder,temporal/0.75ps/increment_rms,2.1909525394439697,8
861,low_order,encoder,temporal/0.75ps/increment_p95,3.886221420764922,8
861,low_order,encoder,temporal/0.75ps/covariance_trace,2.1592044830322266,8
862,all,encoder,temporal/0.75ps/normalized_rms_jump,0.45248204669832903,8
862,all,encoder,temporal/0.75ps/increment_rms,2.53776216506958,8
862,all,encoder,temporal/0.75ps/increment_p95,4.150514364242554,8
862,all,encoder,temporal/0.75ps/covariance_trace,15.7278413772583,8
863,all,encoder,temporal/0.75ps/normalized_rms_jump,0.9370662463209556,8
863,all,encoder,temporal/0.75ps/increment_rms,4.091062545776367,8
863,all,encoder,temporal/0.75ps/increment_p95,6.968259716033935,8
863,all,encoder,temporal/0.75ps/covariance_trace,9.530191421508789,8
864,all,encoder,temporal/0.75ps/normalized_rms_jump,1.0213273524663853,8
864,all,encoder,temporal/0.75ps/increment_rms,2.784878969192505,8
864,all,encoder,temporal/0.75ps/increment_p95,5.0871091842651355,8
864,all,encoder,temporal/0.75ps/covariance_trace,3.717514991760254,8
864,low_order,encoder,temporal/0.75ps/normalized_rms_jump,1.0213273524663853,8
864,low_order,encoder,temporal/0.75ps/increment_rms,2.784878969192505,8
864,low_order,encoder,temporal/0.75ps/increment_p95,5.0871091842651355,8
864,low_order,encoder,temporal/0.75ps/covariance_trace,3.717514991760254,8
865,all,encoder,temporal/0.75ps/normalized_rms_jump,1.0831848976186274,8
865,all,encoder,temporal/0.75ps/increment_rms,2.2075772285461426,8
865,all,encoder,temporal/0.75ps/increment_p95,3.7870013117790213,8
865,all,encoder,temporal/0.75ps/covariance_trace,2.0768091678619385,8
865,low_order,encoder,temporal/0.75ps/normalized_rms_jump,1.0831848976186274,8
865,low_order,encoder,temporal/0.75ps/increment_rms,2.2075772285461426,8
865,low_order,encoder,temporal/0.75ps/increment_p95,3.7870013117790213,8
865,low_order,encoder,temporal/0.75ps/covariance_trace,2.0768091678619385,8
866,all,encoder,temporal/0.75ps/normalized_rms_jump,1.0709384489076328,8
866,all,encoder,temporal/0.75ps/increment_rms,2.336700201034546,8
866,all,encoder,temporal/0.75ps/increment_p95,3.948639929294586,8
866,all,encoder,temporal/0.75ps/covariance_trace,2.3803839683532715,8
866,low_order,encoder,temporal/0.75ps/normalized_rms_jump,1.0709384489076328,8
866,low_order,encoder,temporal/0.75ps/increment_rms,2.336700201034546,8
866,low_order,encoder,temporal/0.75ps/increment_p95,3.948639929294586,8
866,low_order,encoder,temporal/0.75ps/covariance_trace,2.3803839683532715,8
867,all,encoder,temporal/0.75ps/normalized_rms_jump,1.2199234818194522,8
867,all,encoder,temporal/0.75ps/increment_rms,2.523711681365967,8
867,all,encoder,temporal/0.75ps/increment_p95,3.617420995235442,8
867,all,encoder,temporal/0.75ps/covariance_trace,2.139854907989502,8
867,low_order,encoder,temporal/0.75ps/normalized_rms_jump,1.2199234818194522,8
867,low_order,encoder,temporal/0.75ps/increment_rms,2.523711681365967,8
867,low_order,encoder,temporal/0.75ps/increment_p95,3.617420995235442,8
867,low_order,encoder,temporal/0.75ps/covariance_trace,2.139854907989502,8
868,all,encoder,temporal/0.75ps/normalized_rms_jump,0.3478749741801731,8
868,all,encoder,temporal/0.75ps/increment_rms,2.6539080142974854,8
868,all,encoder,temporal/0.75ps/increment_p95,4.372329854965209,8
868,all,encoder,temporal/0.75ps/covariance_trace,29.10015869140625,8
868,low_order,encoder,temporal/0.75ps/normalized_rms_jump,1.0558730629352346,4
868,low_order,encoder,temporal/0.75ps/increment_rms,2.646939992904663,4
868,low_order,encoder,temporal/0.75ps/increment_p95,4.21055804491043,4
868,low_order,encoder,temporal/0.75ps/covariance_trace,3.142206907272339,4
869,all,encoder,temporal/0.75ps/normalized_rms_jump,1.3226570785937537,8
869,all,encoder,temporal/0.75ps/increment_rms,2.592576503753662,8
869,all,encoder,temporal/0.75ps/increment_p95,3.838254368305206,8
869,all,encoder,temporal/0.75ps/covariance_trace,1.9210498332977295,8
869,low_order,encoder,temporal/0.75ps/normalized_rms_jump,1.3226570785937537,8
869,low_order,encoder,temporal/0.75ps/increment_rms,2.592576503753662,8
869,low_order,encoder,temporal/0.75ps/increment_p95,3.838254368305206,8
869,low_order,encoder,temporal/0.75ps/covariance_trace,1.9210498332977295,8
870,all,encoder,temporal/0.75ps/normalized_rms_jump,1.0964413774322432,8
870,all,encoder,temporal/0.75ps/increment_rms,1.9189409017562866,8
870,all,encoder,temporal/0.75ps/increment_p95,3.270251536369323,8
870,all,encoder,temporal/0.75ps/covariance_trace,1.5315189361572266,8
870,low_order,encoder,temporal/0.75ps/normalized_rms_jump,1.0964413774322432,8
870,low_order,encoder,temporal/0.75ps/increment_rms,1.9189409017562866,8
870,low_order,encoder,temporal/0.75ps/increment_p95,3.270251536369323,8
870,low_order,encoder,temporal/0.75ps/covariance_trace,1.5315189361572266,8
871,all,encoder,temporal/0.75ps/normalized_rms_jump,0.9894459928721946,8
871,all,encoder,temporal/0.75ps/increment_rms,2.5934977531433105,8
871,all,encoder,temporal/0.75ps/increment_p95,3.606743264198303,8
871,all,encoder,temporal/0.75ps/covariance_trace,3.435243844985962,8
871,low_order,encoder,temporal/0.75ps/normalized_rms_jump,1.1956260421687575,6
871,low_order,encoder,temporal/0.75ps/increment_rms,2.5606396198272705,6
871,low_order,encoder,temporal/0.75ps/increment_p95,3.3699304461479187,6
871,low_order,encoder,temporal/0.75ps/covariance_trace,2.2933807373046875,6
872,all,encoder,temporal/0.75ps/normalized_rms_jump,0.7028678762137539,8
872,all,encoder,temporal/0.75ps/increment_rms,3.460590124130249,8
872,all,encoder,temporal/0.75ps/increment_p95,5.548742270469665,8
872,all,encoder,temporal/0.75ps/covariance_trace,12.120566368103027,8
873,all,encoder,temporal/0.75ps/normalized_rms_jump,0.7166560864894725,8
873,all,encoder,temporal/0.75ps/increment_rms,3.3727006912231445,8
873,all,encoder,temporal/0.75ps/increment_p95,5.748247718811035,8
873,all,encoder,temporal/0.75ps/covariance_trace,11.073987007141113,8
874,all,encoder,temporal/0.75ps/normalized_rms_jump,0.8181813775269853,8
874,all,encoder,temporal/0.75ps/increment_rms,2.303227424621582,8
874,all,encoder,temporal/0.75ps/increment_p95,4.12213532924652,8
874,all,encoder,temporal/0.75ps/covariance_trace,3.9622738361358643,8
874,low_order,encoder,temporal/0.75ps/normalized_rms_jump,0.8181813775269853,8
874,low_order,encoder,temporal/0.75ps/increment_rms,2.303227424621582,8
874,low_order,encoder,temporal/0.75ps/increment_p95,4.12213532924652,8
874,low_order,encoder,temporal/0.75ps/covariance_trace,3.9622738361358643,8
884,all,encoder,temporal/0.75ps/normalized_rms_jump,1.2124835351998984,8
884,all,encoder,temporal/0.75ps/increment_rms,3.398177146911621,8
884,all,encoder,temporal/0.75ps/increment_p95,5.819668078422545,8
884,all,encoder,temporal/0.75ps/covariance_trace,3.9274468421936035,8
884,low_order,encoder,temporal/0.75ps/normalized_rms_jump,1.2124835351998984,8
884,low_order,encoder,temporal/0.75ps/increment_rms,3.398177146911621,8
884,low_order,encoder,temporal/0.75ps/increment_p95,5.819668078422545,8
884,low_order,encoder,temporal/0.75ps/covariance_trace,3.9274468421936035,8
885,all,encoder,temporal/0.75ps/normalized_rms_jump,0.31972182619156836,8
885,all,encoder,temporal/0.75ps/increment_rms,1.416139841079712,8
885,all,encoder,temporal/0.75ps/increment_p95,2.005271452665329,8
885,all,encoder,temporal/0.75ps/covariance_trace,9.809293746948242,8
885,low_order,encoder,temporal/0.75ps/normalized_rms_jump,0.31972182619156836,8
885,low_order,encoder,temporal/0.75ps/increment_rms,1.416139841079712,8
885,low_order,encoder,temporal/0.75ps/increment_p95,2.005271452665329,8
885,low_order,encoder,temporal/0.75ps/covariance_trace,9.809293746948242,8
886,all,encoder,temporal/0.75ps/normalized_rms_jump,0.541764391908753,8
886,all,encoder,temporal/0.75ps/increment_rms,2.195702075958252,8
886,all,encoder,temporal/0.75ps/increment_p95,3.1808237552642815,8
886,all,encoder,temporal/0.75ps/covariance_trace,8.212888717651367,8
887,all,encoder,temporal/0.75ps/normalized_rms_jump,1.0739575011514755,8
887,all,encoder,temporal/0.75ps/increment_rms,2.244272232055664,8
887,all,encoder,temporal/0.75ps/increment_p95,3.774489104747772,8
887,all,encoder,temporal/0.75ps/covariance_trace,2.1834681034088135,8
887,low_order,encoder,temporal/0.75ps/normalized_rms_jump,1.0739575011514755,8
887,low_order,encoder,temporal/0.75ps/increment_rms,2.244272232055664,8
887,low_order,encoder,temporal/0.75ps/increment_p95,3.774489104747772,8
887,low_order,encoder,temporal/0.75ps/covariance_trace,2.1834681034088135,8
888,all,encoder,temporal/0.75ps/normalized_rms_jump,0.9220836193644135,8
888,all,encoder,temporal/0.75ps/increment_rms,2.4672813415527344,8
888,all,encoder,temporal/0.75ps/increment_p95,4.251460266113281,8
888,all,encoder,temporal/0.75ps/covariance_trace,3.5798654556274414,8
888,low_order,encoder,temporal/0.75ps/normalized_rms_jump,0.9220836193644135,8
888,low_order,encoder,temporal/0.75ps/increment_rms,2.4672813415527344,8
888,low_order,encoder,temporal/0.75ps/increment_p95,4.251460266113281,8
888,low_order,encoder,temporal/0.75ps/covariance_trace,3.5798654556274414,8
889,all,encoder,temporal/0.75ps/normalized_rms_jump,0.7681892012695528,8
889,all,encoder,temporal/0.75ps/increment_rms,2.17368745803833,8
889,all,encoder,temporal/0.75ps/increment_p95,3.9736678957939144,8
889,all,encoder,temporal/0.75ps/covariance_trace,4.003389358520508,8
889,low_order,encoder,temporal/0.75ps/normalized_rms_jump,0.7681892012695528,8
889,low_order,encoder,temporal/0.75ps/increment_rms,2.17368745803833,8
889,low_order,encoder,temporal/0.75ps/increment_p95,3.9736678957939144,8
889,low_order,encoder,temporal/0.75ps/covariance_trace,4.003389358520508,8
890,all,encoder,temporal/0.75ps/normalized_rms_jump,0.6747969910550334,8
890,all,encoder,temporal/0.75ps/increment_rms,3.461160898208618,8
890,all,encoder,temporal/0.75ps/increment_p95,6.011878800392149,8
890,all,encoder,temporal/0.75ps/covariance_trace,13.154287338256836,8
890,low_order,encoder,temporal/0.75ps/normalized_rms_jump,1.139342288850411,6
890,low_order,encoder,temporal/0.75ps/increment_rms,3.9175198078155518,6
890,low_order,encoder,temporal/0.75ps/increment_p95,6.327374339103699,6
890,low_order,encoder,temporal/0.75ps/covariance_trace,5.911313056945801,6
891,all,encoder,temporal/0.75ps/normalized_rms_jump,0.8232424963560784,8
891,all,encoder,temporal/0.75ps/increment_rms,1.443165898323059,8
891,all,encoder,temporal/0.75ps/increment_p95,2.195626193284988,8
891,all,encoder,temporal/0.75ps/covariance_trace,1.5365509986877441,8
891,low_order,encoder,temporal/0.75ps/normalized_rms_jump,0.8232424963560784,8
891,low_order,encoder,temporal/0.75ps/increment_rms,1.443165898323059,8
891,low_order,encoder,temporal/0.75ps/increment_p95,2.195626193284988,8
891,low_order,encoder,temporal/0.75ps/covariance_trace,1.5365509986877441,8
892,all,encoder,temporal/0.75ps/normalized_rms_jump,0.9860150205071899,8
892,all,encoder,temporal/0.75ps/increment_rms,2.656952142715454,8
892,all,encoder,temporal/0.75ps/increment_p95,5.100414979457853,8
892,all,encoder,temporal/0.75ps/covariance_trace,3.63053297996521,8
892,low_order,encoder,temporal/0.75ps/normalized_rms_jump,0.9860150205071899,8
892,low_order,encoder,temporal/0.75ps/increment_rms,2.656952142715454,8
892,low_order,encoder,temporal/0.75ps/increment_p95,5.100414979457853,8
892,low_order,encoder,temporal/0.75ps/covariance_trace,3.63053297996521,8
893,all,encoder,temporal/0.75ps/normalized_rms_jump,0.9374427824340403,8
893,all,encoder,temporal/0.75ps/increment_rms,2.4068663120269775,8
893,all,encoder,temporal/0.75ps/increment_p95,4.688920474052428,8
893,all,encoder,temporal/0.75ps/covariance_trace,3.2959790229797363,8
893,low_order,encoder,temporal/0.75ps/normalized_rms_jump,0.9374427824340403,8
893,low_order,encoder,temporal/0.75ps/increment_rms,2.4068663120269775,8
893,low_order,encoder,temporal/0.75ps/increment_p95,4.688920474052428,8
893,low_order,encoder,temporal/0.75ps/covariance_trace,3.2959790229797363,8
894,all,encoder,temporal/0.75ps/normalized_rms_jump,0.26589588515194884,8
894,all,encoder,temporal/0.75ps/increment_rms,1.973760724067688,8
894,all,encoder,temporal/0.75ps/increment_p95,2.659736585617065,8
894,all,encoder,temporal/0.75ps/covariance_trace,27.550899505615234,8
894,low_order,encoder,temporal/0.75ps/normalized_rms_jump,0.5203723898185793,4
894,low_order,encoder,temporal/0.75ps/increment_rms,1.9949876070022583,4
894,low_order,encoder,temporal/0.75ps/increment_p95,2.7297557353973385,4
894,low_order,encoder,temporal/0.75ps/covariance_trace,7.348893165588379,4
895,all,encoder,temporal/0.75ps/normalized_rms_jump,1.1252551658762036,8
895,all,encoder,temporal/0.75ps/increment_rms,2.5344738960266113,8
895,all,encoder,temporal/0.75ps/increment_p95,3.5217030763626096,8
895,all,encoder,temporal/0.75ps/covariance_trace,2.5365512371063232,8
895,low_order,encoder,temporal/0.75ps/normalized_rms_jump,1.1252551658762036,8
895,low_order,encoder,temporal/0.75ps/increment_rms,2.5344738960266113,8
895,low_order,encoder,temporal/0.75ps/increment_p95,3.5217030763626096,8
895,low_order,encoder,temporal/0.75ps/covariance_trace,2.5365512371063232,8
896,all,encoder,temporal/0.75ps/normalized_rms_jump,1.0007512442968902,8
896,all,encoder,temporal/0.75ps/increment_rms,1.5938478708267212,8
896,all,encoder,temporal/0.75ps/increment_p95,2.762352967262268,8
896,all,encoder,temporal/0.75ps/covariance_trace,1.2682691812515259,8
896,low_order,encoder,temporal/0.75ps/normalized_rms_jump,1.0007512442968902,8
896,low_order,encoder,temporal/0.75ps/increment_rms,1.5938478708267212,8
896,low_order,encoder,temporal/0.75ps/increment_p95,2.762352967262268,8
896,low_order,encoder,temporal/0.75ps/covariance_trace,1.2682691812515259,8
897,all,encoder,temporal/0.75ps/normalized_rms_jump,0.9517283532464507,8
897,all,encoder,temporal/0.75ps/increment_rms,2.050018787384033,8
897,all,encoder,temporal/0.75ps/increment_p95,3.108891475200653,8
897,all,encoder,temporal/0.75ps/covariance_trace,2.3198485374450684,8
897,low_order,encoder,temporal/0.75ps/normalized_rms_jump,0.9517283532464507,8
897,low_order,encoder,temporal/0.75ps/increment_rms,2.050018787384033,8
897,low_order,encoder,temporal/0.75ps/increment_p95,3.108891475200653,8
897,low_order,encoder,temporal/0.75ps/covariance_trace,2.3198485374450684,8
898,all,encoder,temporal/0.75ps/normalized_rms_jump,0.8378599791396407,8
898,all,encoder,temporal/0.75ps/increment_rms,1.7529034614562988,8
898,all,encoder,temporal/0.75ps/increment_p95,2.399172294139862,8
898,all,encoder,temporal/0.75ps/covariance_trace,2.1884827613830566,8
898,low_order,encoder,temporal/0.75ps/normalized_rms_jump,0.8378599791396407,8
898,low_order,encoder,temporal/0.75ps/increment_rms,1.7529034614562988,8
898,low_order,encoder,temporal/0.75ps/increment_p95,2.399172294139862,8
898,low_order,encoder,temporal/0.75ps/covariance_trace,2.1884827613830566,8
899,all,encoder,temporal/0.75ps/normalized_rms_jump,0.19919013505719282,8
899,all,encoder,temporal/0.75ps/increment_rms,1.070441722869873,8
899,all,encoder,temporal/0.75ps/increment_p95,1.2003974318504333,8
899,all,encoder,temporal/0.75ps/covariance_trace,14.439773559570312,8
899,low_order,encoder,temporal/0.75ps/normalized_rms_jump,0.8148092374532889,6
899,low_order,encoder,temporal/0.75ps/increment_rms,1.1161456108093262,6
899,low_order,encoder,temporal/0.75ps/increment_p95,1.2020462155342102,6
899,low_order,encoder,temporal/0.75ps/covariance_trace,0.9382095336914062,6
900,all,encoder,temporal/0.75ps/normalized_rms_jump,0.7135172620299916,8
900,all,encoder,temporal/0.75ps/increment_rms,1.7166434526443481,8
900,all,encoder,temporal/0.75ps/increment_p95,2.9129935741424555,8
900,all,encoder,temporal/0.75ps/covariance_trace,2.894151210784912,8
900,low_order,encoder,temporal/0.75ps/normalized_rms_jump,0.7135172620299916,8
900,low_order,encoder,temporal/0.75ps/increment_rms,1.7166434526443481,8
900,low_order,encoder,temporal/0.75ps/increment_p95,2.9129935741424555,8
900,low_order,encoder,temporal/0.75ps/covariance_trace,2.894151210784912,8
901,all,encoder,temporal/0.75ps/normalized_rms_jump,0.3880175378646366,8
901,all,encoder,temporal/0.75ps/increment_rms,2.8388001918792725,8
901,all,encoder,temporal/0.75ps/increment_p95,4.460403966903686,8
901,all,encoder,temporal/0.75ps/covariance_trace,26.763132095336914,8
901,low_order,encoder,temporal/0.75ps/normalized_rms_jump,1.2182401108491006,6
901,low_order,encoder,temporal/0.75ps/increment_rms,2.8371102809906006,6
901,low_order,encoder,temporal/0.75ps/increment_p95,4.500985383987427,6
901,low_order,encoder,temporal/0.75ps/covariance_trace,2.711793899536133,6
914,all,encoder,temporal/0.75ps/normalized_rms_jump,0.7340491310757913,8
914,all,encoder,temporal/0.75ps/increment_rms,2.7045652866363525,8
914,all,encoder,temporal/0.75ps/increment_p95,3.673720610141754,8
914,all,encoder,temporal/0.75ps/covariance_trace,6.787575721740723,8
915,all,encoder,temporal/0.75ps/normalized_rms_jump,0.4002927835373847,8
915,all,encoder,temporal/0.75ps/increment_rms,2.6664822101593018,8
915,all,encoder,temporal/0.75ps/increment_p95,4.18727343082428,8
915,all,encoder,temporal/0.75ps/covariance_trace,22.186656951904297,8
916,all,encoder,temporal/0.75ps/normalized_rms_jump,0.7322135781160961,8
916,all,encoder,temporal/0.75ps/increment_rms,2.3751938343048096,8
916,all,encoder,temporal/0.75ps/increment_p95,3.51776123046875,8
916,all,encoder,temporal/0.75ps/covariance_trace,5.261294364929199,8
917,all,encoder,temporal/0.75ps/normalized_rms_jump,0.8219040690599736,8
917,all,encoder,temporal/0.75ps/increment_rms,1.9966973066329956,8
917,all,encoder,temporal/0.75ps/increment_p95,2.9303297281265253,8
917,all,encoder,temporal/0.75ps/covariance_trace,2.9508843421936035,8
918,all,encoder,temporal/0.75ps/normalized_rms_jump,0.41724311324002167,8
918,all,encoder,temporal/0.75ps/increment_rms,3.2169716358184814,8
918,all,encoder,temporal/0.75ps/increment_p95,5.578675472736357,8
918,all,encoder,temporal/0.75ps/covariance_trace,29.722553253173828,8
919,all,encoder,temporal/0.75ps/normalized_rms_jump,0.3056001003369194,8
919,all,encoder,temporal/0.75ps/increment_rms,2.073265552520752,8
919,all,encoder,temporal/0.75ps/increment_p95,3.081512749195099,8
919,all,encoder,temporal/0.75ps/covariance_trace,23.012983322143555,8
920,all,encoder,temporal/0.75ps/normalized_rms_jump,0.2649363663892792,8
920,all,encoder,temporal/0.75ps/increment_rms,1.8127944469451904,8
920,all,encoder,temporal/0.75ps/increment_p95,2.578555405139923,8
920,all,encoder,temporal/0.75ps/covariance_trace,23.409061431884766,8
921,all,encoder,temporal/0.75ps/normalized_rms_jump,0.7557930629237641,8
921,all,encoder,temporal/0.75ps/increment_rms,2.5416173934936523,8
921,all,encoder,temporal/0.75ps/increment_p95,3.694150841236114,8
921,all,encoder,temporal/0.75ps/covariance_trace,5.654374122619629,8
922,all,encoder,temporal/0.75ps/normalized_rms_jump,0.4514657695587884,8
922,all,encoder,temporal/0.75ps/increment_rms,3.257193088531494,8
922,all,encoder,temporal/0.75ps/increment_p95,6.262798166275022,8
922,all,encoder,temporal/0.75ps/covariance_trace,26.025997161865234,8
923,all,encoder,temporal/0.75ps/normalized_rms_jump,0.6967251560138241,8
923,all,encoder,temporal/0.75ps/increment_rms,2.2124814987182617,8
923,all,encoder,temporal/0.75ps/increment_p95,3.4668185949325556,8
923,all,encoder,temporal/0.75ps/covariance_trace,5.042040824890137,8
924,all,encoder,temporal/0.75ps/normalized_rms_jump,0.6036331103291944,8
924,all,encoder,temporal/0.75ps/increment_rms,3.6260015964508057,8
924,all,encoder,temporal/0.75ps/increment_p95,6.404001116752622,8
924,all,encoder,temporal/0.75ps/covariance_trace,18.04180145263672,8
925,all,encoder,temporal/0.75ps/normalized_rms_jump,0.5994802546005094,8
925,all,encoder,temporal/0.75ps/increment_rms,1.9614510536193848,8
925,all,encoder,temporal/0.75ps/increment_p95,3.6325757861137387,8
925,all,encoder,temporal/0.75ps/covariance_trace,5.352727890014648,8
926,all,encoder,temporal/0.75ps/normalized_rms_jump,0.9355026574029054,8
926,all,encoder,temporal/0.75ps/increment_rms,2.204728364944458,8
926,all,encoder,temporal/0.75ps/increment_p95,3.559214317798614,8
926,all,encoder,temporal/0.75ps/covariance_trace,2.7770910263061523,8
927,all,encoder,temporal/0.75ps/normalized_rms_jump,0.864618653705545,8
927,all,encoder,temporal/0.75ps/increment_rms,1.9755992889404297,8
927,all,encoder,temporal/0.75ps/increment_p95,3.0601799130439753,8
927,all,encoder,temporal/0.75ps/covariance_trace,2.610468864440918,8
928,all,encoder,temporal/0.75ps/normalized_rms_jump,0.3602700565063818,8
928,all,encoder,temporal/0.75ps/increment_rms,2.7177834510803223,8
928,all,encoder,temporal/0.75ps/increment_p95,3.681446933746338,8
928,all,encoder,temporal/0.75ps/covariance_trace,28.454004287719727,8
929,all,encoder,temporal/0.75ps/normalized_rms_jump,0.4620791886065454,8
929,all,encoder,temporal/0.75ps/increment_rms,3.1349985599517822,8
929,all,encoder,temporal/0.75ps/increment_p95,5.244785332679749,8
929,all,encoder,temporal/0.75ps/covariance_trace,23.01504898071289,8
930,all,encoder,temporal/0.75ps/normalized_rms_jump,0.5391563027763431,8
930,all,encoder,temporal/0.75ps/increment_rms,1.741940975189209,8
930,all,encoder,temporal/0.75ps/increment_p95,3.049499785900115,8
930,all,encoder,temporal/0.75ps/covariance_trace,5.219243049621582,8
931,all,encoder,temporal/0.75ps/normalized_rms_jump,0.22389544569255176,8
931,all,encoder,temporal/0.75ps/increment_rms,1.4680428504943848,8
931,all,encoder,temporal/0.75ps/increment_p95,2.2724339842796324,8
931,all,encoder,temporal/0.75ps/covariance_trace,21.49596405029297,8
944,all,encoder,temporal/0.75ps/normalized_rms_jump,0.3835690934968645,8
944,all,encoder,temporal/0.75ps/increment_rms,2.4373292922973633,8
944,all,encoder,temporal/0.75ps/increment_p95,4.720897209644317,8
944,all,encoder,temporal/0.75ps/covariance_trace,20.188831329345703,8
944,low_order,encoder,temporal/0.75ps/normalized_rms_jump,1.0545776869025443,2
944,low_order,encoder,temporal/0.75ps/increment_rms,1.0742552280426025,2
944,low_order,encoder,temporal/0.75ps/increment_p95,1.2020139545202255,2
944,low_order,encoder,temporal/0.75ps/covariance_trace,0.5188332796096802,2
945,all,encoder,temporal/0.75ps/normalized_rms_jump,0.4563700740372806,8
945,all,encoder,temporal/0.75ps/increment_rms,3.1329758167266846,8
945,all,encoder,temporal/0.75ps/increment_p95,5.783106327056882,8
945,all,encoder,temporal/0.75ps/covariance_trace,23.564041137695312,8
946,all,encoder,temporal/0.75ps/normalized_rms_jump,0.9396590315030322,8
946,all,encoder,temporal/0.75ps/increment_rms,3.4308629035949707,8
946,all,encoder,temporal/0.75ps/increment_p95,6.119258236885069,8
946,all,encoder,temporal/0.75ps/covariance_trace,6.665552616119385,8
947,all,encoder,temporal/0.75ps/normalized_rms_jump,0.5635613759058453,8
947,all,encoder,temporal/0.75ps/increment_rms,2.5857837200164795,8
947,all,encoder,temporal/0.75ps/increment_p95,3.796943092346191,8
947,all,encoder,temporal/0.75ps/covariance_trace,10.526208877563477,8
948,all,encoder,temporal/0.75ps/normalized_rms_jump,0.5768969962867962,8
948,all,encoder,temporal/0.75ps/increment_rms,2.360182285308838,8
948,all,encoder,temporal/0.75ps/increment_p95,3.837594735622406,8
948,all,encoder,temporal/0.75ps/covariance_trace,8.368825912475586,8
949,all,encoder,temporal/0.75ps/normalized_rms_jump,0.7377732337432588,8
949,all,encoder,temporal/0.75ps/increment_rms,2.6964683532714844,8
949,all,encoder,temporal/0.75ps/increment_p95,5.026369142532348,8
949,all,encoder,temporal/0.75ps/covariance_trace,6.679052829742432,8
950,all,encoder,temporal/0.75ps/normalized_rms_jump,0.6549006445756221,8
950,all,encoder,temporal/0.75ps/increment_rms,2.7263681888580322,8
950,all,encoder,temporal/0.75ps/increment_p95,5.210154151916503,8
950,all,encoder,temporal/0.75ps/covariance_trace,8.66539192199707,8
950,low_order,encoder,temporal/0.75ps/normalized_rms_jump,1.1168737770807426,6
950,low_order,encoder,temporal/0.75ps/increment_rms,1.8809561729431152,6
950,low_order,encoder,temporal/0.75ps/increment_p95,3.1779052019119263,6
950,low_order,encoder,temporal/0.75ps/covariance_trace,1.418140172958374,6
951,all,encoder,temporal/0.75ps/normalized_rms_jump,0.7044871113284282,8
951,all,encoder,temporal/0.75ps/increment_rms,1.8688772916793823,8
951,all,encoder,temporal/0.75ps/increment_p95,3.092599511146545,8
951,all,encoder,temporal/0.75ps/covariance_trace,3.518726110458374,8
952,all,encoder,temporal/0.75ps/normalized_rms_jump,0.6960232543288585,8
952,all,encoder,temporal/0.75ps/increment_rms,3.030317544937134,8
952,all,encoder,temporal/0.75ps/increment_p95,4.08180319070816,8
952,all,encoder,temporal/0.75ps/covariance_trace,9.477609634399414,8
953,all,encoder,temporal/0.75ps/normalized_rms_jump,0.33692788133837953,8
953,all,encoder,temporal/0.75ps/increment_rms,1.8597033023834229,8
953,all,encoder,temporal/0.75ps/increment_p95,2.8599713206291195,8
953,all,encoder,temporal/0.75ps/covariance_trace,15.232930183410645,8
954,all,encoder,temporal/0.75ps/normalized_rms_jump,0.9270443261097814,8
954,all,encoder,temporal/0.75ps/increment_rms,1.5813655853271484,8
954,all,encoder,temporal/0.75ps/increment_p95,3.0245473265647878,8
954,all,encoder,temporal/0.75ps/covariance_trace,1.4549014568328857,8
954,low_order,encoder,temporal/0.75ps/normalized_rms_jump,0.9270443261097814,8
954,low_order,encoder,temporal/0.75ps/increment_rms,1.5813655853271484,8
954,low_order,encoder,temporal/0.75ps/increment_p95,3.0245473265647878,8
954,low_order,encoder,temporal/0.75ps/covariance_trace,1.4549014568328857,8
955,all,encoder,temporal/0.75ps/normalized_rms_jump,0.9332117021331615,8
955,all,encoder,temporal/0.75ps/increment_rms,3.547461748123169,8
955,all,encoder,temporal/0.75ps/increment_p95,5.064104056358337,8
955,all,encoder,temporal/0.75ps/covariance_trace,7.2251200675964355,8
956,all,encoder,temporal/0.75ps/normalized_rms_jump,0.8054248486914967,8
956,all,encoder,temporal/0.75ps/increment_rms,1.2534809112548828,8
956,all,encoder,temporal/0.75ps/increment_p95,2.1509203732013695,8
956,all,encoder,temporal/0.75ps/covariance_trace,1.211031436920166,8
956,low_order,encoder,temporal/0.75ps/normalized_rms_jump,0.8054248486914967,8
956,low_order,encoder,temporal/0.75ps/increment_rms,1.2534809112548828,8
956,low_order,encoder,temporal/0.75ps/increment_p95,2.1509203732013695,8
956,low_order,encoder,temporal/0.75ps/covariance_trace,1.211031436920166,8
957,all,encoder,temporal/0.75ps/normalized_rms_jump,0.6967156812721172,8
957,all,encoder,temporal/0.75ps/increment_rms,4.101778984069824,8
957,all,encoder,temporal/0.75ps/increment_p95,6.6143998146057115,8
957,all,encoder,temporal/0.75ps/covariance_trace,17.330190658569336,8
958,all,encoder,temporal/0.75ps/normalized_rms_jump,0.2508817953797409,8
958,all,encoder,temporal/0.75ps/increment_rms,1.7319233417510986,8
958,all,encoder,temporal/0.75ps/increment_p95,3.0909413397312155,8
958,all,encoder,temporal/0.75ps/covariance_trace,23.828079223632812,8
959,all,encoder,temporal/0.75ps/normalized_rms_jump,0.46859827823561534,8
959,all,encoder,temporal/0.75ps/increment_rms,2.2510769367218018,8
959,all,encoder,temporal/0.75ps/increment_p95,4.041730737686156,8
959,all,encoder,temporal/0.75ps/covariance_trace,11.538497924804688,8
960,all,encoder,temporal/0.75ps/normalized_rms_jump,0.4908731707449277,8
960,all,encoder,temporal/0.75ps/increment_rms,3.1521551609039307,8
960,all,encoder,temporal/0.75ps/increment_p95,4.710984551906585,8
960,all,encoder,temporal/0.75ps/covariance_trace,20.618003845214844,8
961,all,encoder,temporal/0.75ps/normalized_rms_jump,0.6598861878518462,8
961,all,encoder,temporal/0.75ps/increment_rms,3.6374950408935547,8
961,all,encoder,temporal/0.75ps/increment_p95,6.172118163108825,8
961,all,encoder,temporal/0.75ps/covariance_trace,15.192763328552246,8
974,all,encoder,temporal/0.75ps/normalized_rms_jump,0.4338172997281446,8
974,all,encoder,temporal/0.75ps/increment_rms,2.2219932079315186,8
974,all,encoder,temporal/0.75ps/increment_p95,3.5774116635322564,8
974,all,encoder,temporal/0.75ps/covariance_trace,13.117218017578125,8
975,all,encoder,temporal/0.75ps/normalized_rms_jump,0.3051952188651482,8
975,all,encoder,temporal/0.75ps/increment_rms,1.6296392679214478,8
975,all,encoder,temporal/0.75ps/increment_p95,2.6503615379333496,8
975,all,encoder,temporal/0.75ps/covariance_trace,14.255993843078613,8
976,all,encoder,temporal/0.75ps/normalized_rms_jump,0.8417869230176263,8
976,all,encoder,temporal/0.75ps/increment_rms,3.8588502407073975,8
976,all,encoder,temporal/0.75ps/increment_p95,7.329713654518126,8
976,all,encoder,temporal/0.75ps/covariance_trace,10.507067680358887,8
977,all,encoder,temporal/0.75ps/normalized_rms_jump,0.4891614368642842,8
977,all,encoder,temporal/0.75ps/increment_rms,2.8831427097320557,8
977,all,encoder,temporal/0.75ps/increment_p95,4.364464998245239,8
977,all,encoder,temporal/0.75ps/covariance_trace,17.36992073059082,8
978,all,encoder,temporal/0.75ps/normalized_rms_jump,0.8287686850962548,8
978,all,encoder,temporal/0.75ps/increment_rms,3.174734592437744,8
978,all,encoder,temporal/0.75ps/increment_p95,5.826000928878783,8
978,all,encoder,temporal/0.75ps/covariance_trace,7.336994171142578,8
978,low_order,encoder,temporal/0.75ps/normalized_rms_jump,0.8287686850962548,8
978,low_order,encoder,temporal/0.75ps/increment_rms,3.174734592437744,8
978,low_order,encoder,temporal/0.75ps/increment_p95,5.826000928878783,8
978,low_order,encoder,temporal/0.75ps/covariance_trace,7.336994171142578,8
979,all,encoder,temporal/0.75ps/normalized_rms_jump,0.6638040462603706,8
979,all,encoder,temporal/0.75ps/increment_rms,1.2801045179367065,8
979,all,encoder,temporal/0.75ps/increment_p95,1.879963195323944,8
979,all,encoder,temporal/0.75ps/covariance_trace,1.8594353199005127,8
979,low_order,encoder,temporal/0.75ps/normalized_rms_jump,0.6638040462603706,8
979,low_order,encoder,temporal/0.75ps/increment_rms,1.2801045179367065,8
979,low_order,encoder,temporal/0.75ps/increment_p95,1.879963195323944,8
979,low_order,encoder,temporal/0.75ps/covariance_trace,1.8594353199005127,8
980,all,encoder,temporal/0.75ps/normalized_rms_jump,0.8098114040761983,8
980,all,encoder,temporal/0.75ps/increment_rms,3.162899971008301,8
980,all,encoder,temporal/0.75ps/increment_p95,5.753022408485412,8
980,all,encoder,temporal/0.75ps/covariance_trace,7.627340316772461,8
981,all,encoder,temporal/0.75ps/normalized_rms_jump,0.6749152965544182,8
981,all,encoder,temporal/0.75ps/increment_rms,3.6931238174438477,8
981,all,encoder,temporal/0.75ps/increment_p95,5.240780520439148,8
981,all,encoder,temporal/0.75ps/covariance_trace,14.97128963470459,8
982,all,encoder,temporal/0.75ps/normalized_rms_jump,0.7955606838444246,8
982,all,encoder,temporal/0.75ps/increment_rms,2.113516330718994,8
982,all,encoder,temporal/0.75ps/increment_p95,3.2034455537796016,8
982,all,encoder,temporal/0.75ps/covariance_trace,3.5288610458374023,8
983,all,encoder,temporal/0.75ps/normalized_rms_jump,0.32882943167345974,8
983,all,encoder,temporal/0.75ps/increment_rms,2.2143874168395996,8
983,all,encoder,temporal/0.75ps/increment_p95,4.0215252280235285,8
983,all,encoder,temporal/0.75ps/covariance_trace,22.67440414428711,8
984,all,encoder,temporal/0.75ps/normalized_rms_jump,0.5065559521731338,8
984,all,encoder,temporal/0.75ps/increment_rms,3.3070144653320312,8
984,all,encoder,temporal/0.75ps/increment_p95,5.125498270988464,8
984,all,encoder,temporal/0.75ps/covariance_trace,21.310192108154297,8
985,all,encoder,temporal/0.75ps/normalized_rms_jump,0.5182368035527501,8
985,all,encoder,temporal/0.75ps/increment_rms,2.198788642883301,8
985,all,encoder,temporal/0.75ps/increment_p95,3.6357943534851067,8
985,all,encoder,temporal/0.75ps/covariance_trace,9.000785827636719,8
986,all,encoder,temporal/0.75ps/normalized_rms_jump,0.3203284883218485,8
986,all,encoder,temporal/0.75ps/increment_rms,2.0646731853485107,8
986,all,encoder,temporal/0.75ps/increment_p95,3.0503729224205016,8
986,all,encoder,temporal/0.75ps/covariance_trace,20.772153854370117,8
987,all,encoder,temporal/0.75ps/normalized_rms_jump,0.9290363842441544,8
987,all,encoder,temporal/0.75ps/increment_rms,1.921251893043518,8
987,all,encoder,temporal/0.75ps/increment_p95,2.886510670185089,8
987,all,encoder,temporal/0.75ps/covariance_trace,2.138322353363037,8
988,all,encoder,temporal/0.75ps/normalized_rms_jump,0.7358166854523969,8
988,all,encoder,temporal/0.75ps/increment_rms,1.9336519241333008,8
988,all,encoder,temporal/0.75ps/increment_p95,2.7298404216766357,8
988,all,encoder,temporal/0.75ps/covariance_trace,3.4529266357421875,8
988,low_order,encoder,temporal/0.75ps/normalized_rms_jump,0.7358166854523969,8
988,low_order,encoder,temporal/0.75ps/increment_rms,1.9336519241333008,8
988,low_order,encoder,temporal/0.75ps/increment_p95,2.7298404216766357,8
988,low_order,encoder,temporal/0.75ps/covariance_trace,3.4529266357421875,8
989,all,encoder,temporal/0.75ps/normalized_rms_jump,0.5188273073744982,8
989,all,encoder,temporal/0.75ps/increment_rms,2.5825631618499756,8
989,all,encoder,temporal/0.75ps/increment_p95,4.470072293281554,8
989,all,encoder,temporal/0.75ps/covariance_trace,12.388713836669922,8
990,all,encoder,temporal/0.75ps/normalized_rms_jump,0.9124498505023297,8
990,all,encoder,temporal/0.75ps/increment_rms,3.410797595977783,8
990,all,encoder,temporal/0.75ps/increment_p95,5.302852153778075,8
990,all,encoder,temporal/0.75ps/covariance_trace,6.986567974090576,8
991,all,encoder,temporal/0.75ps/normalized_rms_jump,0.9670263536810414,8
991,all,encoder,temporal/0.75ps/increment_rms,3.91215181350708,8
991,all,encoder,temporal/0.75ps/increment_p95,5.644809293746948,8
991,all,encoder,temporal/0.75ps/covariance_trace,8.18323040008545,8
1004,all,encoder,temporal/0.75ps/normalized_rms_jump,1.2004973222652762,8
1004,all,encoder,temporal/0.75ps/increment_rms,2.5404443740844727,8
1004,all,encoder,temporal/0.75ps/increment_p95,4.174238657951355,8
1004,all,encoder,temporal/0.75ps/covariance_trace,2.2390666007995605,8
1005,all,encoder,temporal/0.75ps/normalized_rms_jump,0.5779949233457281,8
1005,all,encoder,temporal/0.75ps/increment_rms,2.3115813732147217,8
1005,all,encoder,temporal/0.75ps/increment_p95,4.084996140003203,8
1005,all,encoder,temporal/0.75ps/covariance_trace,7.997243881225586,8
1006,all,encoder,temporal/0.75ps/normalized_rms_jump,0.5088589509270591,8
1006,all,encoder,temporal/0.75ps/increment_rms,1.9078822135925293,8
1006,all,encoder,temporal/0.75ps/increment_p95,2.8887665033340446,8
1006,all,encoder,temporal/0.75ps/covariance_trace,7.028753280639648,8
