source_id,population,method,metric,value,samples
860,all,encoder,present/bond_order,1.0776301622390747,12
861,all,encoder,present/bond_order,1.1566885709762573,12
862,all,encoder,present/bond_order,0.9163792133331299,12
863,all,encoder,present/bond_order,0.9747313857078552,12
864,all,encoder,present/bond_order,1.125510811805725,12
865,all,encoder,present/bond_order,1.2593297958374023,12
866,all,encoder,present/bond_order,1.2285661697387695,12
867,all,encoder,present/bond_order,1.1186537742614746,12
868,all,encoder,present/bond_order,1.1635303497314453,12
869,all,encoder,present/bond_order,1.0446393489837646,12
870,all,encoder,present/bond_order,1.1635503768920898,12
871,all,encoder,present/bond_order,1.1360059976577759,12
872,all,encoder,present/bond_order,0.7940494418144226,12
873,all,encoder,present/bond_order,0.5733861327171326,12
874,all,encoder,present/bond_order,1.1673697233200073,12
884,all,encoder,present/bond_order,1.0667012929916382,12
885,all,encoder,present/bond_order,0.8437780737876892,12
886,all,encoder,present/bond_order,1.0710376501083374,12
887,all,encoder,present/bond_order,1.0001407861709595,12
888,all,encoder,present/bond_order,1.0182361602783203,12
889,all,encoder,present/bond_order,1.1590083837509155,12
890,all,encoder,present/bond_order,0.9999387860298157,12
891,all,encoder,present/bond_order,0.942068338394165,12
892,all,encoder,present/bond_order,0.8872388005256653,12
893,all,encoder,present/bond_order,0.8582891821861267,12
894,all,encoder,present/bond_order,1.2555793523788452,12
895,all,encoder,present/bond_order,0.9690699577331543,12
896,all,encoder,present/bond_order,0.9083971381187439,12
897,all,encoder,present/bond_order,1.0129152536392212,12
898,all,encoder,present/bond_order,0.9205344319343567,12
899,all,encoder,present/bond_order,0.866339385509491,12
900,all,encoder,present/bond_order,1.0261427164077759,12
901,all,encoder,present/bond_order,1.076540470123291,12
914,all,encoder,present/bond_order,0.8290910720825195,12
915,all,encoder,present/bond_order,1.382053256034851,12
916,all,encoder,present/bond_order,0.8790082931518555,12
917,all,encoder,present/bond_order,1.1051849126815796,12
918,all,encoder,present/bond_order,1.0256062746047974,12
919,all,encoder,present/bond_order,1.303592562675476,12
920,all,encoder,present/bond_order,1.0173698663711548,12
921,all,encoder,present/bond_order,1.06316077709198,12
922,all,encoder,present/bond_order,1.288240671157837,12
923,all,encoder,present/bond_order,1.0211960077285767,12
924,all,encoder,present/bond_order,1.2492939233779907,12
925,all,encoder,present/bond_order,1.072641134262085,12
926,all,encoder,present/bond_order,0.9821224212646484,12
927,all,encoder,present/bond_order,0.9654808044433594,12
928,all,encoder,present/bond_order,0.5070810317993164,12
929,all,encoder,present/bond_order,1.1609002351760864,12
930,all,encoder,present/bond_order,0.9725787043571472,12
931,all,encoder,present/bond_order,0.8776564002037048,12
944,all,encoder,present/bond_order,0.9996018409729004,12
945,all,encoder,present/bond_order,1.2704631090164185,12
946,all,encoder,present/bond_order,1.0216633081436157,12
947,all,encoder,present/bond_order,1.2066268920898438,12
948,all,encoder,present/bond_order,1.3603867292404175,12
949,all,encoder,present/bond_order,1.1765965223312378,12
950,all,encoder,present/bond_order,1.0298709869384766,12
951,all,encoder,present/bond_order,1.2313215732574463,12
952,all,encoder,present/bond_order,0.6539044380187988,12
953,all,encoder,present/bond_order,1.1414028406143188,12
954,all,encoder,present/bond_order,1.0601590871810913,12
955,all,encoder,present/bond_order,0.8860904574394226,12
956,all,encoder,present/bond_order,1.1427515745162964,12
957,all,encoder,present/bond_order,1.1390414237976074,12
958,all,encoder,present/bond_order,1.29322350025177,12
959,all,encoder,present/bond_order,1.0230032205581665,12
960,all,encoder,present/bond_order,0.9541299939155579,12
961,all,encoder,present/bond_order,0.8982820510864258,12
974,all,encoder,present/bond_order,0.9216465950012207,12
975,all,encoder,present/bond_order,0.8671669363975525,12
976,all,encoder,present/bond_order,0.8268241882324219,12
977,all,encoder,present/bond_order,0.8131358027458191,12
978,all,encoder,present/bond_order,1.1261299848556519,12
979,all,encoder,present/bond_order,1.204666256904602,12
980,all,encoder,present/bond_order,0.6297083497047424,12
981,all,encoder,present/bond_order,0.9079739451408386,12
982,all,encoder,present/bond_order,0.6771238446235657,12
983,all,encoder,present/bond_order,0.8660209774971008,12
984,all,encoder,present/bond_order,0.985575258731842,12
985,all,encoder,present/bond_order,0.6383739113807678,12
986,all,encoder,present/bond_order,0.5162175297737122,12
987,all,encoder,present/bond_order,0.7760031819343567,12
988,all,encoder,present/bond_order,1.0409212112426758,12
989,all,encoder,present/bond_order,0.5445095896720886,12
990,all,encoder,present/bond_order,0.7205356955528259,12
991,all,encoder,present/bond_order,0.8171942234039307,12
1004,all,encoder,present/bond_order,0.9462395310401917,12
1005,all,encoder,present/bond_order,1.133586049079895,12
1006,all,encoder,present/bond_order,0.8830756545066833,12
860,all,encoder,future/0.75ps/bond_order,1.5210684537887573,12
861,all,encoder,future/0.75ps/bond_order,0.8003430366516113,12
862,all,encoder,future/0.75ps/bond_order,1.2255338430404663,12
863,all,encoder,future/0.75ps/bond_order,1.33025062084198,12
864,all,encoder,future/0.75ps/bond_order,0.7999293208122253,12
865,all,encoder,future/0.75ps/bond_order,0.885460376739502,12
866,all,encoder,future/0.75ps/bond_order,0.8223259449005127,12
867,all,encoder,future/0.75ps/bond_order,0.80898118019104,12
868,all,encoder,future/0.75ps/bond_order,1.125848412513733,12
869,all,encoder,future/0.75ps/bond_order,0.7443650364875793,12
870,all,encoder,future/0.75ps/bond_order,0.8956415057182312,12
871,all,encoder,future/0.75ps/bond_order,0.8601908683776855,12
872,all,encoder,future/0.75ps/bond_order,0.7473056316375732,12
873,all,encoder,future/0.75ps/bond_order,0.6638098955154419,12
874,all,encoder,future/0.75ps/bond_order,0.9306399822235107,12
884,all,encoder,future/0.75ps/bond_order,0.7829254269599915,12
885,all,encoder,future/0.75ps/bond_order,0.5909283757209778,12
886,all,encoder,future/0.75ps/bond_order,1.3970779180526733,12
887,all,encoder,future/0.75ps/bond_order,0.7518032193183899,12
888,all,encoder,future/0.75ps/bond_order,0.7036941051483154,12
889,all,encoder,future/0.75ps/bond_order,0.8653391003608704,12
890,all,encoder,future/0.75ps/bond_order,0.8012725710868835,12
891,all,encoder,future/0.75ps/bond_order,0.6710259914398193,12
892,all,encoder,future/0.75ps/bond_order,0.5966284871101379,12
893,all,encoder,future/0.75ps/bond_order,0.6058964729309082,12
894,all,encoder,future/0.75ps/bond_order,1.2376784086227417,12
895,all,encoder,future/0.75ps/bond_order,0.6577557921409607,12
896,all,encoder,future/0.75ps/bond_order,0.6745986938476562,12
897,all,encoder,future/0.75ps/bond_order,0.7457201480865479,12
898,all,encoder,future/0.75ps/bond_order,0.6815385818481445,12
899,all,encoder,future/0.75ps/bond_order,0.704007625579834,12
900,all,encoder,future/0.75ps/bond_order,0.7311531901359558,12
901,all,encoder,future/0.75ps/bond_order,0.9153096675872803,12
914,all,encoder,future/0.75ps/bond_order,0.7438905239105225,12
915,all,encoder,future/0.75ps/bond_order,1.3435405492782593,12
916,all,encoder,future/0.75ps/bond_order,1.1473289728164673,12
917,all,encoder,future/0.75ps/bond_order,1.596059799194336,12
918,all,encoder,future/0.75ps/bond_order,1.0365259647369385,12
919,all,encoder,future/0.75ps/bond_order,1.5641213655471802,12
920,all,encoder,future/0.75ps/bond_order,1.289082646369934,12
921,all,encoder,future/0.75ps/bond_order,1.503212332725525,12
922,all,encoder,future/0.75ps/bond_order,1.6176494359970093,12
923,all,encoder,future/0.75ps/bond_order,1.3772350549697876,12
924,all,encoder,future/0.75ps/bond_order,1.4560250043869019,12
925,all,encoder,future/0.75ps/bond_order,1.4693349599838257,12
926,all,encoder,future/0.75ps/bond_order,1.367363452911377,12
927,all,encoder,future/0.75ps/bond_order,1.2924717664718628,12
928,all,encoder,future/0.75ps/bond_order,0.63523930311203,12
929,all,encoder,future/0.75ps/bond_order,1.5310746431350708,12
930,all,encoder,future/0.75ps/bond_order,1.4237998723983765,12
931,all,encoder,future/0.75ps/bond_order,0.7663194537162781,12
944,all,encoder,future/0.75ps/bond_order,1.0605696439743042,12
945,all,encoder,future/0.75ps/bond_order,1.5011504888534546,12
946,all,encoder,future/0.75ps/bond_order,1.4166784286499023,12
947,all,encoder,future/0.75ps/bond_order,1.7313936948776245,12
948,all,encoder,future/0.75ps/bond_order,1.9334216117858887,12
949,all,encoder,future/0.75ps/bond_order,1.599470615386963,12
950,all,encoder,future/0.75ps/bond_order,0.6615388989448547,12
951,all,encoder,future/0.75ps/bond_order,1.6178488731384277,12
952,all,encoder,future/0.75ps/bond_order,0.838049590587616,12
953,all,encoder,future/0.75ps/bond_order,1.5245646238327026,12
954,all,encoder,future/0.75ps/bond_order,0.7837178111076355,12
955,all,encoder,future/0.75ps/bond_order,1.2579482793807983,12
956,all,encoder,future/0.75ps/bond_order,0.8807549476623535,12
957,all,encoder,future/0.75ps/bond_order,1.4576388597488403,12
958,all,encoder,future/0.75ps/bond_order,1.6008878946304321,12
959,all,encoder,future/0.75ps/bond_order,1.1107847690582275,12
960,all,encoder,future/0.75ps/bond_order,1.341926097869873,12
961,all,encoder,future/0.75ps/bond_order,1.2561527490615845,12
974,all,encoder,future/0.75ps/bond_order,1.1482365131378174,12
975,all,encoder,future/0.75ps/bond_order,1.1275652647018433,12
976,all,encoder,future/0.75ps/bond_order,1.0146502256393433,12
977,all,encoder,future/0.75ps/bond_order,0.9390830993652344,12
978,all,encoder,future/0.75ps/bond_order,0.8666918873786926,12
979,all,encoder,future/0.75ps/bond_order,0.8357351422309875,12
980,all,encoder,future/0.75ps/bond_order,0.8068399429321289,12
981,all,encoder,future/0.75ps/bond_order,0.8545804619789124,12
982,all,encoder,future/0.75ps/bond_order,0.9229943156242371,12
983,all,encoder,future/0.75ps/bond_order,0.9079749584197998,12
984,all,encoder,future/0.75ps/bond_order,0.7617998719215393,12
985,all,encoder,future/0.75ps/bond_order,0.8115430474281311,12
986,all,encoder,future/0.75ps/bond_order,0.5732378363609314,12
987,all,encoder,future/0.75ps/bond_order,0.9707317352294922,12
988,all,encoder,future/0.75ps/bond_order,0.7457515597343445,12
989,all,encoder,future/0.75ps/bond_order,0.732367217540741,12
990,all,encoder,future/0.75ps/bond_order,0.9390900135040283,12
991,all,encoder,future/0.75ps/bond_order,1.0807653665542603,12
1004,all,encoder,future/0.75ps/bond_order,1.3725818395614624,12
1005,all,encoder,future/0.75ps/bond_order,1.5889955759048462,12
1006,all,encoder,future/0.75ps/bond_order,1.1514850854873657,12
860,all,persistence,future/0.75ps/bond_order,0.07246481627225876,12
861,all,persistence,future/0.75ps/bond_order,0.15103933215141296,12
862,all,persistence,future/0.75ps/bond_order,0.04034037888050079,12
863,all,persistence,future/0.75ps/bond_order,0.065562404692173,12
864,all,persistence,future/0.75ps/bond_order,0.14384593069553375,12
865,all,persistence,future/0.75ps/bond_order,0.19934184849262238,12
866,all,persistence,future/0.75ps/bond_order,0.16622596979141235,12
867,all,persistence,future/0.75ps/bond_order,0.15567557513713837,12
868,all,persistence,future/0.75ps/bond_order,0.08485567569732666,12
869,all,persistence,future/0.75ps/bond_order,0.17642956972122192,12
870,all,persistence,future/0.75ps/bond_order,0.15410707890987396,12
871,all,persistence,future/0.75ps/bond_order,0.2516633868217468,12
872,all,persistence,future/0.75ps/bond_order,0.10720151662826538,12
873,all,persistence,future/0.75ps/bond_order,0.06035078689455986,12
874,all,persistence,future/0.75ps/bond_order,0.22931313514709473,12
884,all,persistence,future/0.75ps/bond_order,0.08589693903923035,12
885,all,persistence,future/0.75ps/bond_order,0.08372422307729721,12
886,all,persistence,future/0.75ps/bond_order,0.030913760885596275,12
887,all,persistence,future/0.75ps/bond_order,0.11733917146921158,12
888,all,persistence,future/0.75ps/bond_order,0.12088937312364578,12
889,all,persistence,future/0.75ps/bond_order,0.13287362456321716,12
890,all,persistence,future/0.75ps/bond_order,0.08639427274465561,12
891,all,persistence,future/0.75ps/bond_order,0.11459650844335556,12
892,all,persistence,future/0.75ps/bond_order,0.10749444365501404,12
893,all,persistence,future/0.75ps/bond_order,0.0887831375002861,12
894,all,persistence,future/0.75ps/bond_order,0.10483921319246292,12
895,all,persistence,future/0.75ps/bond_order,0.09080369025468826,12
896,all,persistence,future/0.75ps/bond_order,0.11136186867952347,12
897,all,persistence,future/0.75ps/bond_order,0.11265650391578674,12
898,all,persistence,future/0.75ps/bond_order,0.17304760217666626,12
899,all,persistence,future/0.75ps/bond_order,0.08989682048559189,12
900,all,persistence,future/0.75ps/bond_order,0.1975754350423813,12
901,all,persistence,future/0.75ps/bond_order,0.14099399745464325,12
914,all,persistence,future/0.75ps/bond_order,0.07191010564565659,12
915,all,persistence,future/0.75ps/bond_order,0.04509042575955391,12
916,all,persistence,future/0.75ps/bond_order,0.05710781738162041,12
917,all,persistence,future/0.75ps/bond_order,0.026912065222859383,12
918,all,persistence,future/0.75ps/bond_order,0.0849691852927208,12
919,all,persistence,future/0.75ps/bond_order,0.06560263782739639,12
920,all,persistence,future/0.75ps/bond_order,0.05352843180298805,12
921,all,persistence,future/0.75ps/bond_order,0.04273540899157524,12
922,all,persistence,future/0.75ps/bond_order,0.03362805023789406,12
923,all,persistence,future/0.75ps/bond_order,0.029448511078953743,12
924,all,persistence,future/0.75ps/bond_order,0.08736613392829895,12
925,all,persistence,future/0.75ps/bond_order,0.05488399788737297,12
926,all,persistence,future/0.75ps/bond_order,0.033976223319768906,12
927,all,persistence,future/0.75ps/bond_order,0.03847327455878258,12
928,all,persistence,future/0.75ps/bond_order,0.07846572250127792,12
929,all,persistence,future/0.75ps/bond_order,0.022617990151047707,12
930,all,persistence,future/0.75ps/bond_order,0.0647013708949089,12
931,all,persistence,future/0.75ps/bond_order,0.06468034535646439,12
944,all,persistence,future/0.75ps/bond_order,0.051907721906900406,12
945,all,persistence,future/0.75ps/bond_order,0.057859644293785095,12
946,all,persistence,future/0.75ps/bond_order,0.036032844334840775,12
947,all,persistence,future/0.75ps/bond_order,0.03261624649167061,12
948,all,persistence,future/0.75ps/bond_order,0.025120379403233528,12
949,all,persistence,future/0.75ps/bond_order,0.027015214785933495,12
950,all,persistence,future/0.75ps/bond_order,0.17531055212020874,12
951,all,persistence,future/0.75ps/bond_order,0.03426414728164673,12
952,all,persistence,future/0.75ps/bond_order,0.04355527088046074,12
953,all,persistence,future/0.75ps/bond_order,0.07452746480703354,12
954,all,persistence,future/0.75ps/bond_order,0.1821744590997696,12
955,all,persistence,future/0.75ps/bond_order,0.025621967390179634,12
956,all,persistence,future/0.75ps/bond_order,0.16931356489658356,12
957,all,persistence,future/0.75ps/bond_order,0.04983781650662422,12
958,all,persistence,future/0.75ps/bond_order,0.03589504212141037,12
959,all,persistence,future/0.75ps/bond_order,0.0997445285320282,12
960,all,persistence,future/0.75ps/bond_order,0.04109558090567589,12
961,all,persistence,future/0.75ps/bond_order,0.0780029222369194,12
974,all,persistence,future/0.75ps/bond_order,0.09532136470079422,12
975,all,persistence,future/0.75ps/bond_order,0.04022451117634773,12
976,all,persistence,future/0.75ps/bond_order,0.08812850713729858,12
977,all,persistence,future/0.75ps/bond_order,0.06119833514094353,12
978,all,persistence,future/0.75ps/bond_order,0.12176317721605301,12
979,all,persistence,future/0.75ps/bond_order,0.19464249908924103,12
980,all,persistence,future/0.75ps/bond_order,0.033092427998781204,12
981,all,persistence,future/0.75ps/bond_order,0.08265741914510727,12
982,all,persistence,future/0.75ps/bond_order,0.05848752334713936,12
983,all,persistence,future/0.75ps/bond_order,0.11348588019609451,12
984,all,persistence,future/0.75ps/bond_order,0.12059219926595688,12
985,all,persistence,future/0.75ps/bond_order,0.06297095865011215,12
986,all,persistence,future/0.75ps/bond_order,0.05669848620891571,12
987,all,persistence,future/0.75ps/bond_order,0.07926226407289505,12
988,all,persistence,future/0.75ps/bond_order,0.16765481233596802,12
989,all,persistence,future/0.75ps/bond_order,0.05092335119843483,12
990,all,persistence,future/0.75ps/bond_order,0.043155487626791,12
991,all,persistence,future/0.75ps/bond_order,0.05569848418235779,12
1004,all,persistence,future/0.75ps/bond_order,0.038274552673101425,12
1005,all,persistence,future/0.75ps/bond_order,0.023996343836188316,12
1006,all,persistence,future/0.75ps/bond_order,0.03184087947010994,12
860,all,encoder,delta/0.75ps/bond_order,0.07576674968004227,12
861,all,encoder,delta/0.75ps/bond_order,0.15026094019412994,12
862,all,encoder,delta/0.75ps/bond_order,0.0452103465795517,12
863,all,encoder,delta/0.75ps/bond_order,0.07210046052932739,12
864,all,encoder,delta/0.75ps/bond_order,0.14107657968997955,12
865,all,encoder,delta/0.75ps/bond_order,0.1972677856683731,12
866,all,encoder,delta/0.75ps/bond_order,0.16948921978473663,12
867,all,encoder,delta/0.75ps/bond_order,0.15872745215892792,12
868,all,encoder,delta/0.75ps/bond_order,0.08743201941251755,12
869,all,encoder,delta/0.75ps/bond_order,0.18063628673553467,12
870,all,encoder,delta/0.75ps/bond_order,0.1563403606414795,12
871,all,encoder,delta/0.75ps/bond_order,0.24935270845890045,12
872,all,encoder,delta/0.75ps/bond_order,0.10628216713666916,12
873,all,encoder,delta/0.75ps/bond_order,0.06909003108739853,12
874,all,encoder,delta/0.75ps/bond_order,0.2325582355260849,12
884,all,encoder,delta/0.75ps/bond_order,0.09166267514228821,12
885,all,encoder,delta/0.75ps/bond_order,0.08727759122848511,12
886,all,encoder,delta/0.75ps/bond_order,0.03411776199936867,12
887,all,encoder,delta/0.75ps/bond_order,0.12582607567310333,12
888,all,encoder,delta/0.75ps/bond_order,0.12338823080062866,12
889,all,encoder,delta/0.75ps/bond_order,0.13840453326702118,12
890,all,encoder,delta/0.75ps/bond_order,0.09049119800329208,12
891,all,encoder,delta/0.75ps/bond_order,0.11713942885398865,12
892,all,encoder,delta/0.75ps/bond_order,0.10861167311668396,12
893,all,encoder,delta/0.75ps/bond_order,0.09267204254865646,12
894,all,encoder,delta/0.75ps/bond_order,0.10828951746225357,12
895,all,encoder,delta/0.75ps/bond_order,0.10035232454538345,12
896,all,encoder,delta/0.75ps/bond_order,0.11786357313394547,12
897,all,encoder,delta/0.75ps/bond_order,0.11711087822914124,12
898,all,encoder,delta/0.75ps/bond_order,0.1785581260919571,12
899,all,encoder,delta/0.75ps/bond_order,0.09285003691911697,12
900,all,encoder,delta/0.75ps/bond_order,0.20407293736934662,12
901,all,encoder,delta/0.75ps/bond_order,0.14501062035560608,12
914,all,encoder,delta/0.75ps/bond_order,0.07481607049703598,12
915,all,encoder,delta/0.75ps/bond_order,0.0496213398873806,12
916,all,encoder,delta/0.75ps/bond_order,0.06225329264998436,12
917,all,encoder,delta/0.75ps/bond_order,0.030955230817198753,12
918,all,encoder,delta/0.75ps/bond_order,0.09075625985860825,12
919,all,encoder,delta/0.75ps/bond_order,0.06835546344518661,12
920,all,encoder,delta/0.75ps/bond_order,0.0586843341588974,12
921,all,encoder,delta/0.75ps/bond_order,0.04508085921406746,12
922,all,encoder,delta/0.75ps/bond_order,0.03719564154744148,12
923,all,encoder,delta/0.75ps/bond_order,0.034831661731004715,12
924,all,encoder,delta/0.75ps/bond_order,0.08921191096305847,12
925,all,encoder,delta/0.75ps/bond_order,0.05836542323231697,12
926,all,encoder,delta/0.75ps/bond_order,0.03677421435713768,12
927,all,encoder,delta/0.75ps/bond_order,0.042334992438554764,12
928,all,encoder,delta/0.75ps/bond_order,0.08148878812789917,12
929,all,encoder,delta/0.75ps/bond_order,0.028716834262013435,12
930,all,encoder,delta/0.75ps/bond_order,0.0651160404086113,12
931,all,encoder,delta/0.75ps/bond_order,0.07148514688014984,12
944,all,encoder,delta/0.75ps/bond_order,0.05413546785712242,12
945,all,encoder,delta/0.75ps/bond_order,0.06088611111044884,12
946,all,encoder,delta/0.75ps/bond_order,0.041771695017814636,12
947,all,encoder,delta/0.75ps/bond_order,0.03789161145687103,12
948,all,encoder,delta/0.75ps/bond_order,0.029639018699526787,12
949,all,encoder,delta/0.75ps/bond_order,0.03293770179152489,12
950,all,encoder,delta/0.75ps/bond_order,0.18336540460586548,12
951,all,encoder,delta/0.75ps/bond_order,0.041879549622535706,12
952,all,encoder,delta/0.75ps/bond_order,0.046869710087776184,12
953,all,encoder,delta/0.75ps/bond_order,0.07576333731412888,12
954,all,encoder,delta/0.75ps/bond_order,0.18811029195785522,12
955,all,encoder,delta/0.75ps/bond_order,0.029851660132408142,12
956,all,encoder,delta/0.75ps/bond_order,0.17383618652820587,12
957,all,encoder,delta/0.75ps/bond_order,0.05292386934161186,12
958,all,encoder,delta/0.75ps/bond_order,0.03988517448306084,12
959,all,encoder,delta/0.75ps/bond_order,0.10216405242681503,12
960,all,encoder,delta/0.75ps/bond_order,0.04689738526940346,12
961,all,encoder,delta/0.75ps/bond_order,0.08038986474275589,12
974,all,encoder,delta/0.75ps/bond_order,0.09786801785230637,12
975,all,encoder,delta/0.75ps/bond_order,0.04744628444314003,12
976,all,encoder,delta/0.75ps/bond_order,0.08907247334718704,12
977,all,encoder,delta/0.75ps/bond_order,0.06757910549640656,12
978,all,encoder,delta/0.75ps/bond_order,0.12901252508163452,12
979,all,encoder,delta/0.75ps/bond_order,0.20044337213039398,12
980,all,encoder,delta/0.75ps/bond_order,0.040415748953819275,12
981,all,encoder,delta/0.75ps/bond_order,0.0813482254743576,12
982,all,encoder,delta/0.75ps/bond_order,0.06366995722055435,12
983,all,encoder,delta/0.75ps/bond_order,0.11589819192886353,12
984,all,encoder,delta/0.75ps/bond_order,0.12489040940999985,12
985,all,encoder,delta/0.75ps/bond_order,0.06665412336587906,12
986,all,encoder,delta/0.75ps/bond_order,0.06158683821558952,12
987,all,encoder,delta/0.75ps/bond_order,0.08638438582420349,12
988,all,encoder,delta/0.75ps/bond_order,0.1680459976196289,12
989,all,encoder,delta/0.75ps/bond_order,0.0557437501847744,12
990,all,encoder,delta/0.75ps/bond_order,0.04878385737538338,12
991,all,encoder,delta/0.75ps/bond_order,0.05891416594386101,12
1004,all,encoder,delta/0.75ps/bond_order,0.0426836758852005,12
1005,all,encoder,delta/0.75ps/bond_order,0.029360860586166382,12
1006,all,encoder,delta/0.75ps/bond_order,0.03565330430865288,12
860,all,encoder,future/3ps/bond_order,1.4996901750564575,12
861,all,encoder,future/3ps/bond_order,0.9114355444908142,12
862,all,encoder,future/3ps/bond_order,1.1079219579696655,12
863,all,encoder,future/3ps/bond_order,1.3431483507156372,12
864,all,encoder,future/3ps/bond_order,0.8671491742134094,12
865,all,encoder,future/3ps/bond_order,0.808147668838501,12
866,all,encoder,future/3ps/bond_order,0.8704097867012024,12
867,all,encoder,future/3ps/bond_order,0.8670403361320496,12
868,all,encoder,future/3ps/bond_order,1.007149338722229,12
869,all,encoder,future/3ps/bond_order,0.6989848613739014,12
870,all,encoder,future/3ps/bond_order,0.9114599227905273,12
871,all,encoder,future/3ps/bond_order,0.8516509532928467,12
872,all,encoder,future/3ps/bond_order,0.663334310054779,12
873,all,encoder,future/3ps/bond_order,0.6560766696929932,12
874,all,encoder,future/3ps/bond_order,0.7506804466247559,12
884,all,encoder,future/3ps/bond_order,0.7115047574043274,12
885,all,encoder,future/3ps/bond_order,0.6355757117271423,12
886,all,encoder,future/3ps/bond_order,1.388740062713623,12
887,all,encoder,future/3ps/bond_order,0.7253016829490662,12
888,all,encoder,future/3ps/bond_order,0.670134961605072,12
889,all,encoder,future/3ps/bond_order,1.1066690683364868,12
890,all,encoder,future/3ps/bond_order,0.855990469455719,12
891,all,encoder,future/3ps/bond_order,0.6798298954963684,12
892,all,encoder,future/3ps/bond_order,0.5957351326942444,12
893,all,encoder,future/3ps/bond_order,0.6187518239021301,12
894,all,encoder,future/3ps/bond_order,1.1813437938690186,12
895,all,encoder,future/3ps/bond_order,0.6854153275489807,12
896,all,encoder,future/3ps/bond_order,0.6577805876731873,12
897,all,encoder,future/3ps/bond_order,0.8286215662956238,12
898,all,encoder,future/3ps/bond_order,0.6653536558151245,12
899,all,encoder,future/3ps/bond_order,0.6868851780891418,12
900,all,encoder,future/3ps/bond_order,0.7089007496833801,12
901,all,encoder,future/3ps/bond_order,0.996964693069458,12
914,all,encoder,future/3ps/bond_order,0.734974205493927,12
915,all,encoder,future/3ps/bond_order,1.3502641916275024,12
916,all,encoder,future/3ps/bond_order,1.130096435546875,12
917,all,encoder,future/3ps/bond_order,1.6597175598144531,12
918,all,encoder,future/3ps/bond_order,1.037671446800232,12
919,all,encoder,future/3ps/bond_order,1.6488533020019531,12
920,all,encoder,future/3ps/bond_order,1.3281465768814087,12
921,all,encoder,future/3ps/bond_order,1.491827130317688,12
922,all,encoder,future/3ps/bond_order,1.5618281364440918,12
923,all,encoder,future/3ps/bond_order,1.369592308998108,12
924,all,encoder,future/3ps/bond_order,1.4180688858032227,12
925,all,encoder,future/3ps/bond_order,1.4145350456237793,12
926,all,encoder,future/3ps/bond_order,1.3345465660095215,12
927,all,encoder,future/3ps/bond_order,1.2934311628341675,12
928,all,encoder,future/3ps/bond_order,0.6710241436958313,12
929,all,encoder,future/3ps/bond_order,1.4910403490066528,12
930,all,encoder,future/3ps/bond_order,1.5279508829116821,12
931,all,encoder,future/3ps/bond_order,0.8846359848976135,12
944,all,encoder,future/3ps/bond_order,1.1176878213882446,12
945,all,encoder,future/3ps/bond_order,1.4897770881652832,12
946,all,encoder,future/3ps/bond_order,1.4639205932617188,12
947,all,encoder,future/3ps/bond_order,1.612716555595398,12
948,all,encoder,future/3ps/bond_order,1.8233522176742554,12
949,all,encoder,future/3ps/bond_order,1.6391772031784058,12
950,all,encoder,future/3ps/bond_order,0.7365541458129883,12
951,all,encoder,future/3ps/bond_order,1.5606026649475098,12
952,all,encoder,future/3ps/bond_order,0.8121090531349182,12
953,all,encoder,future/3ps/bond_order,1.4485012292861938,12
954,all,encoder,future/3ps/bond_order,0.8968377709388733,12
955,all,encoder,future/3ps/bond_order,1.3162490129470825,12
956,all,encoder,future/3ps/bond_order,0.9492210745811462,12
957,all,encoder,future/3ps/bond_order,1.5895956754684448,12
958,all,encoder,future/3ps/bond_order,1.664689540863037,12
959,all,encoder,future/3ps/bond_order,1.2351237535476685,12
960,all,encoder,future/3ps/bond_order,1.2929121255874634,12
961,all,encoder,future/3ps/bond_order,1.3067570924758911,12
974,all,encoder,future/3ps/bond_order,1.09526526927948,12
975,all,encoder,future/3ps/bond_order,1.0571343898773193,12
976,all,encoder,future/3ps/bond_order,1.1644030809402466,12
977,all,encoder,future/3ps/bond_order,0.9307980537414551,12
978,all,encoder,future/3ps/bond_order,0.7192354202270508,12
979,all,encoder,future/3ps/bond_order,0.859281063079834,12
980,all,encoder,future/3ps/bond_order,0.8276363015174866,12
981,all,encoder,future/3ps/bond_order,0.7971140742301941,12
982,all,encoder,future/3ps/bond_order,0.9188353419303894,12
983,all,encoder,future/3ps/bond_order,0.9752743244171143,12
984,all,encoder,future/3ps/bond_order,0.7916247844696045,12
985,all,encoder,future/3ps/bond_order,0.7157012820243835,12
986,all,encoder,future/3ps/bond_order,0.6281858086585999,12
987,all,encoder,future/3ps/bond_order,0.9797449111938477,12
988,all,encoder,future/3ps/bond_order,0.6919159293174744,12
989,all,encoder,future/3ps/bond_order,0.6955193877220154,12
990,all,encoder,future/3ps/bond_order,1.0377715826034546,12
991,all,encoder,future/3ps/bond_order,1.0622897148132324,12
1004,all,encoder,future/3ps/bond_order,1.3305059671401978,12
1005,all,encoder,future/3ps/bond_order,1.654177188873291,12
1006,all,encoder,future/3ps/bond_order,1.1047974824905396,12
860,all,persistence,future/3ps/bond_order,0.05282670632004738,12
861,all,persistence,future/3ps/bond_order,0.18976157903671265,12
862,all,persistence,future/3ps/bond_order,0.04730372130870819,12
863,all,persistence,future/3ps/bond_order,0.0593048520386219,12
864,all,persistence,future/3ps/bond_order,0.19634783267974854,12
865,all,persistence,future/3ps/bond_order,0.1691674143075943,12
866,all,persistence,future/3ps/bond_order,0.22337500751018524,12
867,all,persistence,future/3ps/bond_order,0.2411113977432251,12
868,all,persistence,future/3ps/bond_order,0.12667399644851685,12
869,all,persistence,future/3ps/bond_order,0.1497506946325302,12
870,all,persistence,future/3ps/bond_order,0.18868346512317657,12
871,all,persistence,future/3ps/bond_order,0.6502426862716675,12
872,all,persistence,future/3ps/bond_order,0.24645580351352692,12
873,all,persistence,future/3ps/bond_order,0.04981216788291931,12
874,all,persistence,future/3ps/bond_order,0.2362634688615799,12
884,all,persistence,future/3ps/bond_order,0.12570194900035858,12
885,all,persistence,future/3ps/bond_order,0.1283232420682907,12
886,all,persistence,future/3ps/bond_order,0.04355120658874512,12
887,all,persistence,future/3ps/bond_order,0.15492409467697144,12
888,all,persistence,future/3ps/bond_order,0.15758241713047028,12
889,all,persistence,future/3ps/bond_order,0.27135512232780457,12
890,all,persistence,future/3ps/bond_order,0.09131059050559998,12
891,all,persistence,future/3ps/bond_order,0.11658639460802078,12
892,all,persistence,future/3ps/bond_order,0.15427611768245697,12
893,all,persistence,future/3ps/bond_order,0.10869411379098892,12
894,all,persistence,future/3ps/bond_order,0.09878510981798172,12
895,all,persistence,future/3ps/bond_order,0.10329410433769226,12
896,all,persistence,future/3ps/bond_order,0.11387291550636292,12
897,all,persistence,future/3ps/bond_order,0.14645738899707794,12
898,all,persistence,future/3ps/bond_order,0.14353014528751373,12
899,all,persistence,future/3ps/bond_order,0.10192421823740005,12
900,all,persistence,future/3ps/bond_order,0.16570596396923065,12
901,all,persistence,future/3ps/bond_order,0.2769908607006073,12
914,all,persistence,future/3ps/bond_order,0.07018169015645981,12
915,all,persistence,future/3ps/bond_order,0.033377621322870255,12
916,all,persistence,future/3ps/bond_order,0.04277521371841431,12
917,all,persistence,future/3ps/bond_order,0.021693876013159752,12
918,all,persistence,future/3ps/bond_order,0.061799030750989914,12
919,all,persistence,future/3ps/bond_order,0.07830733805894852,12
920,all,persistence,future/3ps/bond_order,0.08513515442609787,12
921,all,persistence,future/3ps/bond_order,0.04237418994307518,12
922,all,persistence,future/3ps/bond_order,0.0443280003964901,12
923,all,persistence,future/3ps/bond_order,0.02532823197543621,12
924,all,persistence,future/3ps/bond_order,0.18553708493709564,12
925,all,persistence,future/3ps/bond_order,0.08558863401412964,12
926,all,persistence,future/3ps/bond_order,0.040715184062719345,12
927,all,persistence,future/3ps/bond_order,0.02286372147500515,12
928,all,persistence,future/3ps/bond_order,0.058605801314115524,12
929,all,persistence,future/3ps/bond_order,0.03416082635521889,12
930,all,persistence,future/3ps/bond_order,0.12048167735338211,12
931,all,persistence,future/3ps/bond_order,0.09578318148851395,12
944,all,persistence,future/3ps/bond_order,0.0770919993519783,12
945,all,persistence,future/3ps/bond_order,0.0537937767803669,12
946,all,persistence,future/3ps/bond_order,0.030999669805169106,12
947,all,persistence,future/3ps/bond_order,0.030162645503878593,12
948,all,persistence,future/3ps/bond_order,0.03159157559275627,12
949,all,persistence,future/3ps/bond_order,0.03566538169980049,12
950,all,persistence,future/3ps/bond_order,0.3088066875934601,12
951,all,persistence,future/3ps/bond_order,0.039644476026296616,12
952,all,persistence,future/3ps/bond_order,0.03858206793665886,12
953,all,persistence,future/3ps/bond_order,0.14406098425388336,12
954,all,persistence,future/3ps/bond_order,0.2557314932346344,12
955,all,persistence,future/3ps/bond_order,0.1403881460428238,12
956,all,persistence,future/3ps/bond_order,0.26094865798950195,12
957,all,persistence,future/3ps/bond_order,0.092279352247715,12
958,all,persistence,future/3ps/bond_order,0.0429699532687664,12
959,all,persistence,future/3ps/bond_order,0.0791168138384819,12
960,all,persistence,future/3ps/bond_order,0.03594524785876274,12
961,all,persistence,future/3ps/bond_order,0.07665782421827316,12
974,all,persistence,future/3ps/bond_order,0.07379791140556335,12
975,all,persistence,future/3ps/bond_order,0.16535739600658417,12
976,all,persistence,future/3ps/bond_order,0.08980167657136917,12
977,all,persistence,future/3ps/bond_order,0.07809270173311234,12
978,all,persistence,future/3ps/bond_order,0.20415468513965607,12
979,all,persistence,future/3ps/bond_order,0.1934698075056076,12
980,all,persistence,future/3ps/bond_order,0.042179007083177567,12
981,all,persistence,future/3ps/bond_order,0.0785493329167366,12
982,all,persistence,future/3ps/bond_order,0.07587762922048569,12
983,all,persistence,future/3ps/bond_order,0.07545016705989838,12
984,all,persistence,future/3ps/bond_order,0.08958035707473755,12
985,all,persistence,future/3ps/bond_order,0.06455244868993759,12
986,all,persistence,future/3ps/bond_order,0.06896053999662399,12
987,all,persistence,future/3ps/bond_order,0.08492069691419601,12
988,all,persistence,future/3ps/bond_order,0.1687294840812683,12
989,all,persistence,future/3ps/bond_order,0.04843327775597572,12
990,all,persistence,future/3ps/bond_order,0.05994376540184021,12
991,all,persistence,future/3ps/bond_order,0.12427408248186111,12
1004,all,persistence,future/3ps/bond_order,0.05636494234204292,12
1005,all,persistence,future/3ps/bond_order,0.027828216552734375,12
1006,all,persistence,future/3ps/bond_order,0.02335774153470993,12
860,all,encoder,delta/3ps/bond_order,0.057228222489356995,12
861,all,encoder,delta/3ps/bond_order,0.19974927604198456,12
862,all,encoder,delta/3ps/bond_order,0.05407962575554848,12
863,all,encoder,delta/3ps/bond_order,0.06647370010614395,12
864,all,encoder,delta/3ps/bond_order,0.19801978766918182,12
865,all,encoder,delta/3ps/bond_order,0.16842032968997955,12
866,all,encoder,delta/3ps/bond_order,0.21906542778015137,12
867,all,encoder,delta/3ps/bond_order,0.23851102590560913,12
868,all,encoder,delta/3ps/bond_order,0.13170664012432098,12
869,all,encoder,delta/3ps/bond_order,0.15336011350154877,12
870,all,encoder,delta/3ps/bond_order,0.19625185430049896,12
871,all,encoder,delta/3ps/bond_order,0.6304994821548462,12
872,all,encoder,delta/3ps/bond_order,0.22794975340366364,12
873,all,encoder,delta/3ps/bond_order,0.050108153373003006,12
874,all,encoder,delta/3ps/bond_order,0.24053673446178436,12
884,all,encoder,delta/3ps/bond_order,0.1298021376132965,12
885,all,encoder,delta/3ps/bond_order,0.1335594803094864,12
886,all,encoder,delta/3ps/bond_order,0.05172649025917053,12
887,all,encoder,delta/3ps/bond_order,0.15694916248321533,12
888,all,encoder,delta/3ps/bond_order,0.16357029974460602,12
889,all,encoder,delta/3ps/bond_order,0.2751675546169281,12
890,all,encoder,delta/3ps/bond_order,0.09485609084367752,12
891,all,encoder,delta/3ps/bond_order,0.12236624956130981,12
892,all,encoder,delta/3ps/bond_order,0.15503136813640594,12
893,all,encoder,delta/3ps/bond_order,0.11644935607910156,12
894,all,encoder,delta/3ps/bond_order,0.10081994533538818,12
895,all,encoder,delta/3ps/bond_order,0.1113261803984642,12
896,all,encoder,delta/3ps/bond_order,0.11406263709068298,12
897,all,encoder,delta/3ps/bond_order,0.15284912288188934,12
898,all,encoder,delta/3ps/bond_order,0.15616099536418915,12
899,all,encoder,delta/3ps/bond_order,0.10978751629590988,12
900,all,encoder,delta/3ps/bond_order,0.16967535018920898,12
901,all,encoder,delta/3ps/bond_order,0.28499990701675415,12
914,all,encoder,delta/3ps/bond_order,0.07437365502119064,12
915,all,encoder,delta/3ps/bond_order,0.03704819828271866,12
916,all,encoder,delta/3ps/bond_order,0.04884135723114014,12
917,all,encoder,delta/3ps/bond_order,0.025661403313279152,12
918,all,encoder,delta/3ps/bond_order,0.06398976594209671,12
919,all,encoder,delta/3ps/bond_order,0.08189620077610016,12
920,all,encoder,delta/3ps/bond_order,0.08546517044305801,12
921,all,encoder,delta/3ps/bond_order,0.0445353202521801,12
922,all,encoder,delta/3ps/bond_order,0.053662870079278946,12
923,all,encoder,delta/3ps/bond_order,0.03232893720269203,12
924,all,encoder,delta/3ps/bond_order,0.17839787900447845,12
925,all,encoder,delta/3ps/bond_order,0.0946311429142952,12
926,all,encoder,delta/3ps/bond_order,0.04361307993531227,12
927,all,encoder,delta/3ps/bond_order,0.027639657258987427,12
928,all,encoder,delta/3ps/bond_order,0.059015076607465744,12
929,all,encoder,delta/3ps/bond_order,0.04181387647986412,12
930,all,encoder,delta/3ps/bond_order,0.11923588067293167,12
931,all,encoder,delta/3ps/bond_order,0.11270111054182053,12
944,all,encoder,delta/3ps/bond_order,0.08233850449323654,12
945,all,encoder,delta/3ps/bond_order,0.061625152826309204,12
946,all,encoder,delta/3ps/bond_order,0.03535430505871773,12
947,all,encoder,delta/3ps/bond_order,0.03679552674293518,12
948,all,encoder,delta/3ps/bond_order,0.03945949301123619,12
949,all,encoder,delta/3ps/bond_order,0.043165694922208786,12
950,all,encoder,delta/3ps/bond_order,0.3154869079589844,12
951,all,encoder,delta/3ps/bond_order,0.04655422270298004,12
952,all,encoder,delta/3ps/bond_order,0.044756751507520676,12
953,all,encoder,delta/3ps/bond_order,0.1385287642478943,12
954,all,encoder,delta/3ps/bond_order,0.25653505325317383,12
955,all,encoder,delta/3ps/bond_order,0.13822971284389496,12
956,all,encoder,delta/3ps/bond_order,0.2734334170818329,12
957,all,encoder,delta/3ps/bond_order,0.0973556861281395,12
958,all,encoder,delta/3ps/bond_order,0.0490214079618454,12
959,all,encoder,delta/3ps/bond_order,0.08148332685232162,12
960,all,encoder,delta/3ps/bond_order,0.04342462122440338,12
961,all,encoder,delta/3ps/bond_order,0.0737868919968605,12
974,all,encoder,delta/3ps/bond_order,0.07442697137594223,12
975,all,encoder,delta/3ps/bond_order,0.17286719381809235,12
976,all,encoder,delta/3ps/bond_order,0.09991101175546646,12
977,all,encoder,delta/3ps/bond_order,0.09028870612382889,12
978,all,encoder,delta/3ps/bond_order,0.21916313469409943,12
979,all,encoder,delta/3ps/bond_order,0.19451673328876495,12
980,all,encoder,delta/3ps/bond_order,0.04511965811252594,12
981,all,encoder,delta/3ps/bond_order,0.07875609397888184,12
982,all,encoder,delta/3ps/bond_order,0.08043978363275528,12
983,all,encoder,delta/3ps/bond_order,0.07988099753856659,12
984,all,encoder,delta/3ps/bond_order,0.09641307592391968,12
985,all,encoder,delta/3ps/bond_order,0.0701855942606926,12
986,all,encoder,delta/3ps/bond_order,0.07427895069122314,12
987,all,encoder,delta/3ps/bond_order,0.08925506472587585,12
988,all,encoder,delta/3ps/bond_order,0.17432105541229248,12
989,all,encoder,delta/3ps/bond_order,0.05096098780632019,12
990,all,encoder,delta/3ps/bond_order,0.06707575917243958,12
991,all,encoder,delta/3ps/bond_order,0.1223396360874176,12
1004,all,encoder,delta/3ps/bond_order,0.06185224652290344,12
1005,all,encoder,delta/3ps/bond_order,0.0310859065502882,12
1006,all,encoder,delta/3ps/bond_order,0.029063327237963676,12
860,all,encoder,future/9ps/bond_order,1.4707845449447632,12
861,all,encoder,future/9ps/bond_order,0.8909971117973328,12
862,all,encoder,future/9ps/bond_order,1.094295620918274,12
863,all,encoder,future/9ps/bond_order,1.3441438674926758,12
864,all,encoder,future/9ps/bond_order,0.8487818241119385,12
865,all,encoder,future/9ps/bond_order,0.8329799771308899,12
866,all,encoder,future/9ps/bond_order,0.7928503155708313,12
867,all,encoder,future/9ps/bond_order,0.8505706191062927,12
868,all,encoder,future/9ps/bond_order,1.1026383638381958,12
869,all,encoder,future/9ps/bond_order,0.8744682669639587,12
870,all,encoder,future/9ps/bond_order,0.8198339939117432,12
871,all,encoder,future/9ps/bond_order,1.3077688217163086,12
872,all,encoder,future/9ps/bond_order,0.7361941337585449,12
873,all,encoder,future/9ps/bond_order,0.5559114813804626,12
874,all,encoder,future/9ps/bond_order,0.8468216061592102,12
884,all,encoder,future/9ps/bond_order,0.7428669333457947,12
885,all,encoder,future/9ps/bond_order,0.6161150932312012,12
886,all,encoder,future/9ps/bond_order,1.4241033792495728,12
887,all,encoder,future/9ps/bond_order,0.713225781917572,12
888,all,encoder,future/9ps/bond_order,0.6790311336517334,12
889,all,encoder,future/9ps/bond_order,1.11932373046875,12
890,all,encoder,future/9ps/bond_order,0.8240847587585449,12
891,all,encoder,future/9ps/bond_order,0.664910078048706,12
892,all,encoder,future/9ps/bond_order,0.6097739338874817,12
893,all,encoder,future/9ps/bond_order,0.6375795006752014,12
894,all,encoder,future/9ps/bond_order,1.4315215349197388,12
895,all,encoder,future/9ps/bond_order,0.658449113368988,12
896,all,encoder,future/9ps/bond_order,0.7454741597175598,12
897,all,encoder,future/9ps/bond_order,0.6413783431053162,12
898,all,encoder,future/9ps/bond_order,0.658024787902832,12
899,all,encoder,future/9ps/bond_order,0.7720615267753601,12
900,all,encoder,future/9ps/bond_order,0.8380448222160339,12
901,all,encoder,future/9ps/bond_order,1.2114530801773071,12
914,all,encoder,future/9ps/bond_order,0.7913100719451904,12
915,all,encoder,future/9ps/bond_order,1.3187761306762695,12
916,all,encoder,future/9ps/bond_order,1.1365700960159302,12
917,all,encoder,future/9ps/bond_order,1.6100813150405884,12
918,all,encoder,future/9ps/bond_order,1.094488263130188,12
919,all,encoder,future/9ps/bond_order,1.3629121780395508,12
920,all,encoder,future/9ps/bond_order,1.3322442770004272,12
921,all,encoder,future/9ps/bond_order,1.4642060995101929,12
922,all,encoder,future/9ps/bond_order,1.694627285003662,12
923,all,encoder,future/9ps/bond_order,1.4452694654464722,12
924,all,encoder,future/9ps/bond_order,1.5582085847854614,12
925,all,encoder,future/9ps/bond_order,1.474756121635437,12
926,all,encoder,future/9ps/bond_order,1.327842116355896,12
927,all,encoder,future/9ps/bond_order,1.2385934591293335,12
928,all,encoder,future/9ps/bond_order,0.6563771367073059,12
929,all,encoder,future/9ps/bond_order,1.3471217155456543,12
930,all,encoder,future/9ps/bond_order,1.5353094339370728,12
931,all,encoder,future/9ps/bond_order,0.9918591380119324,12
944,all,encoder,future/9ps/bond_order,1.0132231712341309,12
945,all,encoder,future/9ps/bond_order,1.4994481801986694,12
946,all,encoder,future/9ps/bond_order,1.4878202676773071,12
947,all,encoder,future/9ps/bond_order,1.6804507970809937,12
948,all,encoder,future/9ps/bond_order,1.8915969133377075,12
949,all,encoder,future/9ps/bond_order,1.587695598602295,12
950,all,encoder,future/9ps/bond_order,0.9811897873878479,12
951,all,encoder,future/9ps/bond_order,1.5215495824813843,12
952,all,encoder,future/9ps/bond_order,0.763866126537323,12
953,all,encoder,future/9ps/bond_order,1.5585771799087524,12
954,all,encoder,future/9ps/bond_order,0.7566940188407898,12
955,all,encoder,future/9ps/bond_order,1.4661364555358887,12
956,all,encoder,future/9ps/bond_order,0.848607063293457,12
957,all,encoder,future/9ps/bond_order,1.4270247220993042,12
958,all,encoder,future/9ps/bond_order,1.6039727926254272,12
959,all,encoder,future/9ps/bond_order,1.0478668212890625,12
960,all,encoder,future/9ps/bond_order,1.278410792350769,12
961,all,encoder,future/9ps/bond_order,1.1903663873672485,12
974,all,encoder,future/9ps/bond_order,0.9285356998443604,12
975,all,encoder,future/9ps/bond_order,1.17436683177948,12
976,all,encoder,future/9ps/bond_order,1.066552758216858,12
977,all,encoder,future/9ps/bond_order,0.9424963593482971,12
978,all,encoder,future/9ps/bond_order,0.7855599522590637,12
979,all,encoder,future/9ps/bond_order,0.8090916275978088,12
980,all,encoder,future/9ps/bond_order,0.8542745113372803,12
981,all,encoder,future/9ps/bond_order,0.8161974549293518,12
982,all,encoder,future/9ps/bond_order,0.8967046737670898,12
983,all,encoder,future/9ps/bond_order,0.9210246205329895,12
984,all,encoder,future/9ps/bond_order,0.8222401142120361,12
985,all,encoder,future/9ps/bond_order,1.023868441581726,12
986,all,encoder,future/9ps/bond_order,0.6486238241195679,12
987,all,encoder,future/9ps/bond_order,1.0693457126617432,12
988,all,encoder,future/9ps/bond_order,0.7538571357727051,12
989,all,encoder,future/9ps/bond_order,0.7200329899787903,12
990,all,encoder,future/9ps/bond_order,0.9825360178947449,12
991,all,encoder,future/9ps/bond_order,1.07640540599823,12
1004,all,encoder,future/9ps/bond_order,1.524009108543396,12
1005,all,encoder,future/9ps/bond_order,1.5712790489196777,12
1006,all,encoder,future/9ps/bond_order,1.011075496673584,12
860,all,persistence,future/9ps/bond_order,0.06311332434415817,12
861,all,persistence,future/9ps/bond_order,0.31347331404685974,12
862,all,persistence,future/9ps/bond_order,0.0658411905169487,12
863,all,persistence,future/9ps/bond_order,0.061146367341279984,12
864,all,persistence,future/9ps/bond_order,0.14680035412311554,12
865,all,persistence,future/9ps/bond_order,0.2704751491546631,12
866,all,persistence,future/9ps/bond_order,0.28008297085762024,12
867,all,persistence,future/9ps/bond_order,0.2699607312679291,12
868,all,persistence,future/9ps/bond_order,0.5619199872016907,12
869,all,persistence,future/9ps/bond_order,0.1769700050354004,12
870,all,persistence,future/9ps/bond_order,0.25985243916511536,12
871,all,persistence,future/9ps/bond_order,1.4573842287063599,12
872,all,persistence,future/9ps/bond_order,0.43036893010139465,12
873,all,persistence,future/9ps/bond_order,0.059943828731775284,12
874,all,persistence,future/9ps/bond_order,0.18675947189331055,12
884,all,persistence,future/9ps/bond_order,0.13701142370700836,12
885,all,persistence,future/9ps/bond_order,0.12514840066432953,12
886,all,persistence,future/9ps/bond_order,0.10127661377191544,12
887,all,persistence,future/9ps/bond_order,0.12801924347877502,12
888,all,persistence,future/9ps/bond_order,0.11396133154630661,12
889,all,persistence,future/9ps/bond_order,0.42918285727500916,12
890,all,persistence,future/9ps/bond_order,0.11113779991865158,12
891,all,persistence,future/9ps/bond_order,0.14851316809654236,12
892,all,persistence,future/9ps/bond_order,0.17282767593860626,12
893,all,persistence,future/9ps/bond_order,0.12547048926353455,12
894,all,persistence,future/9ps/bond_order,0.21072383224964142,12
895,all,persistence,future/9ps/bond_order,0.12549461424350739,12
896,all,persistence,future/9ps/bond_order,0.20832081139087677,12
897,all,persistence,future/9ps/bond_order,0.17844736576080322,12
898,all,persistence,future/9ps/bond_order,0.1293392926454544,12
899,all,persistence,future/9ps/bond_order,0.1246313527226448,12
900,all,persistence,future/9ps/bond_order,0.3087938725948334,12
901,all,persistence,future/9ps/bond_order,0.5744268894195557,12
914,all,persistence,future/9ps/bond_order,0.11699465662240982,12
915,all,persistence,future/9ps/bond_order,0.07089069485664368,12
916,all,persistence,future/9ps/bond_order,0.04116419330239296,12
917,all,persistence,future/9ps/bond_order,0.025199005380272865,12
918,all,persistence,future/9ps/bond_order,0.08822719007730484,12
919,all,persistence,future/9ps/bond_order,0.06296634674072266,12
920,all,persistence,future/9ps/bond_order,0.0770685151219368,12
921,all,persistence,future/9ps/bond_order,0.04072580114006996,12
922,all,persistence,future/9ps/bond_order,0.04231852665543556,12
923,all,persistence,future/9ps/bond_order,0.028972044587135315,12
924,all,persistence,future/9ps/bond_order,0.5217154622077942,12
925,all,persistence,future/9ps/bond_order,0.19131629168987274,12
926,all,persistence,future/9ps/bond_order,0.03385436534881592,12
927,all,persistence,future/9ps/bond_order,0.04762512817978859,12
928,all,persistence,future/9ps/bond_order,0.08175601810216904,12
929,all,persistence,future/9ps/bond_order,0.08545409888029099,12
930,all,persistence,future/9ps/bond_order,0.12556831538677216,12
931,all,persistence,future/9ps/bond_order,0.1831657737493515,12
944,all,persistence,future/9ps/bond_order,0.7005336880683899,12
945,all,persistence,future/9ps/bond_order,0.04316168650984764,12
946,all,persistence,future/9ps/bond_order,0.033562541007995605,12
947,all,persistence,future/9ps/bond_order,0.029666857793927193,12
948,all,persistence,future/9ps/bond_order,0.04011907801032066,12
949,all,persistence,future/9ps/bond_order,0.027132606133818626,12
950,all,persistence,future/9ps/bond_order,0.8575160503387451,12
951,all,persistence,future/9ps/bond_order,0.041468746960163116,12
952,all,persistence,future/9ps/bond_order,0.045283231884241104,12
953,all,persistence,future/9ps/bond_order,0.392466276884079,12
954,all,persistence,future/9ps/bond_order,0.179076686501503,12
955,all,persistence,future/9ps/bond_order,0.2828546166419983,12
956,all,persistence,future/9ps/bond_order,0.353728324174881,12
957,all,persistence,future/9ps/bond_order,0.048125941306352615,12
958,all,persistence,future/9ps/bond_order,0.05270471051335335,12
959,all,persistence,future/9ps/bond_order,0.07236179709434509,12
960,all,persistence,future/9ps/bond_order,0.02686609886586666,12
961,all,persistence,future/9ps/bond_order,0.11191684007644653,12
974,all,persistence,future/9ps/bond_order,0.09812766313552856,12
975,all,persistence,future/9ps/bond_order,0.49656423926353455,12
976,all,persistence,future/9ps/bond_order,0.07155939191579819,12
977,all,persistence,future/9ps/bond_order,0.11720357090234756,12
978,all,persistence,future/9ps/bond_order,0.26888060569763184,12
979,all,persistence,future/9ps/bond_order,0.1975790113210678,12
980,all,persistence,future/9ps/bond_order,0.03866167739033699,12
981,all,persistence,future/9ps/bond_order,0.09723774343729019,12
982,all,persistence,future/9ps/bond_order,0.09229806065559387,12
983,all,persistence,future/9ps/bond_order,0.10196090489625931,12
984,all,persistence,future/9ps/bond_order,0.15778517723083496,12
985,all,persistence,future/9ps/bond_order,0.26358577609062195,12
986,all,persistence,future/9ps/bond_order,0.05715470388531685,12
987,all,persistence,future/9ps/bond_order,0.15383510291576385,12
988,all,persistence,future/9ps/bond_order,0.23622967302799225,12
989,all,persistence,future/9ps/bond_order,0.06979022175073624,12
990,all,persistence,future/9ps/bond_order,0.04719257727265358,12
991,all,persistence,future/9ps/bond_order,0.08425655961036682,12
1004,all,persistence,future/9ps/bond_order,0.07053995877504349,12
1005,all,persistence,future/9ps/bond_order,0.029762089252471924,12
1006,all,persistence,future/9ps/bond_order,0.05875752866268158,12
860,all,encoder,delta/9ps/bond_order,0.07076668739318848,12
861,all,encoder,delta/9ps/bond_order,0.33492743968963623,12
862,all,encoder,delta/9ps/bond_order,0.07285180687904358,12
863,all,encoder,delta/9ps/bond_order,0.07337704300880432,12
864,all,encoder,delta/9ps/bond_order,0.1490827053785324,12
865,all,encoder,delta/9ps/bond_order,0.26735687255859375,12
866,all,encoder,delta/9ps/bond_order,0.269324392080307,12
867,all,encoder,delta/9ps/bond_order,0.27193164825439453,12
868,all,encoder,delta/9ps/bond_order,0.5605998635292053,12
869,all,encoder,delta/9ps/bond_order,0.18398070335388184,12
870,all,encoder,delta/9ps/bond_order,0.27649280428886414,12
871,all,encoder,delta/9ps/bond_order,1.4244166612625122,12
872,all,encoder,delta/9ps/bond_order,0.42310842871665955,12
873,all,encoder,delta/9ps/bond_order,0.06408475339412689,12
874,all,encoder,delta/9ps/bond_order,0.1921025663614273,12
884,all,encoder,delta/9ps/bond_order,0.15084697306156158,12
885,all,encoder,delta/9ps/bond_order,0.13455502688884735,12
886,all,encoder,delta/9ps/bond_order,0.10931090265512466,12
887,all,encoder,delta/9ps/bond_order,0.13556455075740814,12
888,all,encoder,delta/9ps/bond_order,0.12025002390146255,12
889,all,encoder,delta/9ps/bond_order,0.431878924369812,12
890,all,encoder,delta/9ps/bond_order,0.1221269741654396,12
891,all,encoder,delta/9ps/bond_order,0.1483127921819687,12
892,all,encoder,delta/9ps/bond_order,0.17050445079803467,12
893,all,encoder,delta/9ps/bond_order,0.13679733872413635,12
894,all,encoder,delta/9ps/bond_order,0.2241804450750351,12
895,all,encoder,delta/9ps/bond_order,0.12968160212039948,12
896,all,encoder,delta/9ps/bond_order,0.2161780595779419,12
897,all,encoder,delta/9ps/bond_order,0.1815510392189026,12
898,all,encoder,delta/9ps/bond_order,0.140488401055336,12
899,all,encoder,delta/9ps/bond_order,0.1298239678144455,12
900,all,encoder,delta/9ps/bond_order,0.3171254098415375,12
901,all,encoder,delta/9ps/bond_order,0.5874719023704529,12
914,all,encoder,delta/9ps/bond_order,0.12922225892543793,12
915,all,encoder,delta/9ps/bond_order,0.07663948088884354,12
916,all,encoder,delta/9ps/bond_order,0.0445743054151535,12
917,all,encoder,delta/9ps/bond_order,0.03339103236794472,12
918,all,encoder,delta/9ps/bond_order,0.09156931191682816,12
919,all,encoder,delta/9ps/bond_order,0.07168444246053696,12
920,all,encoder,delta/9ps/bond_order,0.077640600502491,12
921,all,encoder,delta/9ps/bond_order,0.04215968772768974,12
922,all,encoder,delta/9ps/bond_order,0.05074215307831764,12
923,all,encoder,delta/9ps/bond_order,0.03340909630060196,12
924,all,encoder,delta/9ps/bond_order,0.5064647793769836,12
925,all,encoder,delta/9ps/bond_order,0.20471493899822235,12
926,all,encoder,delta/9ps/bond_order,0.038214314728975296,12
927,all,encoder,delta/9ps/bond_order,0.056067097932100296,12
928,all,encoder,delta/9ps/bond_order,0.08379151672124863,12
929,all,encoder,delta/9ps/bond_order,0.09690301865339279,12
930,all,encoder,delta/9ps/bond_order,0.12471755594015121,12
931,all,encoder,delta/9ps/bond_order,0.20456798374652863,12
944,all,encoder,delta/9ps/bond_order,0.7062910199165344,12
945,all,encoder,delta/9ps/bond_order,0.05166582390666008,12
946,all,encoder,delta/9ps/bond_order,0.03713194653391838,12
947,all,encoder,delta/9ps/bond_order,0.03609372302889824,12
948,all,encoder,delta/9ps/bond_order,0.047430094331502914,12
949,all,encoder,delta/9ps/bond_order,0.03677025064826012,12
950,all,encoder,delta/9ps/bond_order,0.8531510233879089,12
951,all,encoder,delta/9ps/bond_order,0.05151480436325073,12
952,all,encoder,delta/9ps/bond_order,0.0506717711687088,12
953,all,encoder,delta/9ps/bond_order,0.3770506680011749,12
954,all,encoder,delta/9ps/bond_order,0.18509095907211304,12
955,all,encoder,delta/9ps/bond_order,0.2741948366165161,12
956,all,encoder,delta/9ps/bond_order,0.36411595344543457,12
957,all,encoder,delta/9ps/bond_order,0.05661268159747124,12
958,all,encoder,delta/9ps/bond_order,0.06085862219333649,12
959,all,encoder,delta/9ps/bond_order,0.07549933344125748,12
960,all,encoder,delta/9ps/bond_order,0.034694697707891464,12
961,all,encoder,delta/9ps/bond_order,0.11188948154449463,12
974,all,encoder,delta/9ps/bond_order,0.10447236895561218,12
975,all,encoder,delta/9ps/bond_order,0.5040038228034973,12
976,all,encoder,delta/9ps/bond_order,0.08118711411952972,12
977,all,encoder,delta/9ps/bond_order,0.12890157103538513,12
978,all,encoder,delta/9ps/bond_order,0.28548333048820496,12
979,all,encoder,delta/9ps/bond_order,0.20065367221832275,12
980,all,encoder,delta/9ps/bond_order,0.046010762453079224,12
981,all,encoder,delta/9ps/bond_order,0.09474439173936844,12
982,all,encoder,delta/9ps/bond_order,0.09660283476114273,12
983,all,encoder,delta/9ps/bond_order,0.10179546475410461,12
984,all,encoder,delta/9ps/bond_order,0.16085903346538544,12
985,all,encoder,delta/9ps/bond_order,0.2463153451681137,12
986,all,encoder,delta/9ps/bond_order,0.06645077466964722,12
987,all,encoder,delta/9ps/bond_order,0.1532951444387436,12
988,all,encoder,delta/9ps/bond_order,0.24277372658252716,12
989,all,encoder,delta/9ps/bond_order,0.07354643195867538,12
990,all,encoder,delta/9ps/bond_order,0.05160693824291229,12
991,all,encoder,delta/9ps/bond_order,0.0903313085436821,12
1004,all,encoder,delta/9ps/bond_order,0.06877893209457397,12
1005,all,encoder,delta/9ps/bond_order,0.031175801530480385,12
1006,all,encoder,delta/9ps/bond_order,0.07004627585411072,12
860,all,encoder,present/instantaneous_TDA_H0,0.415657639503479,12
861,all,encoder,present/instantaneous_TDA_H0,2.3971550464630127,12
862,all,encoder,present/instantaneous_TDA_H0,0.6104241013526917,12
863,all,encoder,present/instantaneous_TDA_H0,0.7924556136131287,12
864,all,encoder,present/instantaneous_TDA_H0,2.043889284133911,12
865,all,encoder,present/instantaneous_TDA_H0,1.626930832862854,12
866,all,encoder,present/instantaneous_TDA_H0,2.673020601272583,12
867,all,encoder,present/instantaneous_TDA_H0,1.5372666120529175,12
868,all,encoder,present/instantaneous_TDA_H0,1.3425601720809937,12
869,all,encoder,present/instantaneous_TDA_H0,1.7982977628707886,12
870,all,encoder,present/instantaneous_TDA_H0,2.129183053970337,12
871,all,encoder,present/instantaneous_TDA_H0,1.7602697610855103,12
872,all,encoder,present/instantaneous_TDA_H0,0.3318364918231964,12
873,all,encoder,present/instantaneous_TDA_H0,0.14724402129650116,12
874,all,encoder,present/instantaneous_TDA_H0,1.7833709716796875,12
884,all,encoder,present/instantaneous_TDA_H0,0.8503449559211731,12
885,all,encoder,present/instantaneous_TDA_H0,0.7921879887580872,12
886,all,encoder,present/instantaneous_TDA_H0,1.467126727104187,12
887,all,encoder,present/instantaneous_TDA_H0,1.0886024236679077,12
888,all,encoder,present/instantaneous_TDA_H0,1.6624053716659546,12
889,all,encoder,present/instantaneous_TDA_H0,1.059381365776062,12
890,all,encoder,present/instantaneous_TDA_H0,0.7602081298828125,12
891,all,encoder,present/instantaneous_TDA_H0,1.2891287803649902,12
892,all,encoder,present/instantaneous_TDA_H0,1.1741654872894287,12
893,all,encoder,present/instantaneous_TDA_H0,1.4919652938842773,12
894,all,encoder,present/instantaneous_TDA_H0,1.3250136375427246,12
895,all,encoder,present/instantaneous_TDA_H0,0.8055950999259949,12
896,all,encoder,present/instantaneous_TDA_H0,1.0293959379196167,12
897,all,encoder,present/instantaneous_TDA_H0,0.9227989315986633,12
898,all,encoder,present/instantaneous_TDA_H0,0.97251296043396,12
899,all,encoder,present/instantaneous_TDA_H0,0.8019137978553772,12
900,all,encoder,present/instantaneous_TDA_H0,1.0032638311386108,12
901,all,encoder,present/instantaneous_TDA_H0,0.9954318404197693,12
914,all,encoder,present/instantaneous_TDA_H0,0.5886930823326111,12
915,all,encoder,present/instantaneous_TDA_H0,0.8200769424438477,12
916,all,encoder,present/instantaneous_TDA_H0,0.7232000827789307,12
917,all,encoder,present/instantaneous_TDA_H0,0.9154646396636963,12
918,all,encoder,present/instantaneous_TDA_H0,0.855673611164093,12
919,all,encoder,present/instantaneous_TDA_H0,0.9121512770652771,12
920,all,encoder,present/instantaneous_TDA_H0,0.48064175248146057,12
921,all,encoder,present/instantaneous_TDA_H0,1.018215537071228,12
922,all,encoder,present/instantaneous_TDA_H0,1.0861872434616089,12
923,all,encoder,present/instantaneous_TDA_H0,1.2049006223678589,12
924,all,encoder,present/instantaneous_TDA_H0,0.8216696381568909,12
925,all,encoder,present/instantaneous_TDA_H0,0.9310352206230164,12
926,all,encoder,present/instantaneous_TDA_H0,1.6000194549560547,12
927,all,encoder,present/instantaneous_TDA_H0,1.0606054067611694,12
928,all,encoder,present/instantaneous_TDA_H0,0.45151010155677795,12
929,all,encoder,present/instantaneous_TDA_H0,1.1479915380477905,12
930,all,encoder,present/instantaneous_TDA_H0,1.3620165586471558,12
931,all,encoder,present/instantaneous_TDA_H0,0.28438547253608704,12
944,all,encoder,present/instantaneous_TDA_H0,0.967646598815918,12
945,all,encoder,present/instantaneous_TDA_H0,0.7353076934814453,12
946,all,encoder,present/instantaneous_TDA_H0,0.7971436381340027,12
947,all,encoder,present/instantaneous_TDA_H0,0.611314058303833,12
948,all,encoder,present/instantaneous_TDA_H0,0.8444604277610779,12
949,all,encoder,present/instantaneous_TDA_H0,1.3949803113937378,12
950,all,encoder,present/instantaneous_TDA_H0,1.5688079595565796,12
951,all,encoder,present/instantaneous_TDA_H0,0.5720314383506775,12
952,all,encoder,present/instantaneous_TDA_H0,0.8196654319763184,12
953,all,encoder,present/instantaneous_TDA_H0,0.8758993744850159,12
954,all,encoder,present/instantaneous_TDA_H0,1.6356277465820312,12
955,all,encoder,present/instantaneous_TDA_H0,0.6846229434013367,12
956,all,encoder,present/instantaneous_TDA_H0,2.062530755996704,12
957,all,encoder,present/instantaneous_TDA_H0,0.5720464587211609,12
958,all,encoder,present/instantaneous_TDA_H0,0.8333489298820496,12
959,all,encoder,present/instantaneous_TDA_H0,0.5117944478988647,12
960,all,encoder,present/instantaneous_TDA_H0,0.7613493800163269,12
961,all,encoder,present/instantaneous_TDA_H0,0.6350226402282715,12
974,all,encoder,present/instantaneous_TDA_H0,0.2864358723163605,12
975,all,encoder,present/instantaneous_TDA_H0,0.7410151362419128,12
976,all,encoder,present/instantaneous_TDA_H0,0.464567631483078,12
977,all,encoder,present/instantaneous_TDA_H0,0.5901150107383728,12
978,all,encoder,present/instantaneous_TDA_H0,2.5368740558624268,12
979,all,encoder,present/instantaneous_TDA_H0,1.944494366645813,12
980,all,encoder,present/instantaneous_TDA_H0,0.7423569560050964,12
981,all,encoder,present/instantaneous_TDA_H0,0.8829341530799866,12
982,all,encoder,present/instantaneous_TDA_H0,0.7197486758232117,12
983,all,encoder,present/instantaneous_TDA_H0,0.3253355026245117,12
984,all,encoder,present/instantaneous_TDA_H0,1.1291882991790771,12
985,all,encoder,present/instantaneous_TDA_H0,0.47870734333992004,12
986,all,encoder,present/instantaneous_TDA_H0,0.5564427971839905,12
987,all,encoder,present/instantaneous_TDA_H0,0.2526605725288391,12
988,all,encoder,present/instantaneous_TDA_H0,1.9719032049179077,12
989,all,encoder,present/instantaneous_TDA_H0,0.3424689769744873,12
990,all,encoder,present/instantaneous_TDA_H0,0.5524669289588928,12
991,all,encoder,present/instantaneous_TDA_H0,0.7102633118629456,12
1004,all,encoder,present/instantaneous_TDA_H0,0.46025320887565613,12
1005,all,encoder,present/instantaneous_TDA_H0,0.5573316216468811,12
1006,all,encoder,present/instantaneous_TDA_H0,0.8277869820594788,12
860,all,encoder,future/0.75ps/instantaneous_TDA_H0,0.43243929743766785,12
861,all,encoder,future/0.75ps/instantaneous_TDA_H0,2.440382719039917,12
862,all,encoder,future/0.75ps/instantaneous_TDA_H0,0.6478277444839478,12
863,all,encoder,future/0.75ps/instantaneous_TDA_H0,0.8672635555267334,12
864,all,encoder,future/0.75ps/instantaneous_TDA_H0,2.1041643619537354,12
865,all,encoder,future/0.75ps/instantaneous_TDA_H0,1.613695502281189,12
866,all,encoder,future/0.75ps/instantaneous_TDA_H0,2.149254560470581,12
867,all,encoder,future/0.75ps/instantaneous_TDA_H0,1.4807523488998413,12
868,all,encoder,future/0.75ps/instantaneous_TDA_H0,1.1656378507614136,12
869,all,encoder,future/0.75ps/instantaneous_TDA_H0,1.5383235216140747,12
870,all,encoder,future/0.75ps/instantaneous_TDA_H0,2.1983330249786377,12
871,all,encoder,future/0.75ps/instantaneous_TDA_H0,1.3797577619552612,12
872,all,encoder,future/0.75ps/instantaneous_TDA_H0,0.4109854996204376,12
873,all,encoder,future/0.75ps/instantaneous_TDA_H0,0.23133820295333862,12
874,all,encoder,future/0.75ps/instantaneous_TDA_H0,1.3600157499313354,12
884,all,encoder,future/0.75ps/instantaneous_TDA_H0,0.7886572480201721,12
885,all,encoder,future/0.75ps/instantaneous_TDA_H0,0.8553045392036438,12
886,all,encoder,future/0.75ps/instantaneous_TDA_H0,1.5629487037658691,12
887,all,encoder,future/0.75ps/instantaneous_TDA_H0,0.9866231083869934,12
888,all,encoder,future/0.75ps/instantaneous_TDA_H0,1.175257921218872,12
889,all,encoder,future/0.75ps/instantaneous_TDA_H0,1.0575147867202759,12
890,all,encoder,future/0.75ps/instantaneous_TDA_H0,1.0938893556594849,12
891,all,encoder,future/0.75ps/instantaneous_TDA_H0,1.3235807418823242,12
892,all,encoder,future/0.75ps/instantaneous_TDA_H0,1.0119006633758545,12
893,all,encoder,future/0.75ps/instantaneous_TDA_H0,1.2472378015518188,12
894,all,encoder,future/0.75ps/instantaneous_TDA_H0,1.1435586214065552,12
895,all,encoder,future/0.75ps/instantaneous_TDA_H0,1.0614140033721924,12
896,all,encoder,future/0.75ps/instantaneous_TDA_H0,1.0266104936599731,12
897,all,encoder,future/0.75ps/instantaneous_TDA_H0,0.9011564254760742,12
898,all,encoder,future/0.75ps/instantaneous_TDA_H0,0.9310622215270996,12
899,all,encoder,future/0.75ps/instantaneous_TDA_H0,1.0071438550949097,12
900,all,encoder,future/0.75ps/instantaneous_TDA_H0,1.0732176303863525,12
901,all,encoder,future/0.75ps/instantaneous_TDA_H0,0.7932014465332031,12
914,all,encoder,future/0.75ps/instantaneous_TDA_H0,0.6638807058334351,12
915,all,encoder,future/0.75ps/instantaneous_TDA_H0,0.8329343199729919,12
916,all,encoder,future/0.75ps/instantaneous_TDA_H0,0.7281880378723145,12
917,all,encoder,future/0.75ps/instantaneous_TDA_H0,1.151835560798645,12
918,all,encoder,future/0.75ps/instantaneous_TDA_H0,0.647219717502594,12
919,all,encoder,future/0.75ps/instantaneous_TDA_H0,0.9806732535362244,12
920,all,encoder,future/0.75ps/instantaneous_TDA_H0,0.6456524729728699,12
921,all,encoder,future/0.75ps/instantaneous_TDA_H0,1.1067708730697632,12
922,all,encoder,future/0.75ps/instantaneous_TDA_H0,0.9918918013572693,12
923,all,encoder,future/0.75ps/instantaneous_TDA_H0,1.2077771425247192,12
924,all,encoder,future/0.75ps/instantaneous_TDA_H0,0.7235651612281799,12
925,all,encoder,future/0.75ps/instantaneous_TDA_H0,1.2304199934005737,12
926,all,encoder,future/0.75ps/instantaneous_TDA_H0,1.632865309715271,12
927,all,encoder,future/0.75ps/instantaneous_TDA_H0,1.094582200050354,12
928,all,encoder,future/0.75ps/instantaneous_TDA_H0,0.42292320728302,12
929,all,encoder,future/0.75ps/instantaneous_TDA_H0,1.2927733659744263,12
930,all,encoder,future/0.75ps/instantaneous_TDA_H0,1.5851975679397583,12
931,all,encoder,future/0.75ps/instantaneous_TDA_H0,0.26133614778518677,12
944,all,encoder,future/0.75ps/instantaneous_TDA_H0,1.2198015451431274,12
945,all,encoder,future/0.75ps/instantaneous_TDA_H0,0.9336929321289062,12
946,all,encoder,future/0.75ps/instantaneous_TDA_H0,0.8673686385154724,12
947,all,encoder,future/0.75ps/instantaneous_TDA_H0,0.5576476454734802,12
948,all,encoder,future/0.75ps/instantaneous_TDA_H0,0.7594855427742004,12
949,all,encoder,future/0.75ps/instantaneous_TDA_H0,0.7840480804443359,12
950,all,encoder,future/0.75ps/instantaneous_TDA_H0,1.4839121103286743,12
951,all,encoder,future/0.75ps/instantaneous_TDA_H0,0.8105366826057434,12
952,all,encoder,future/0.75ps/instantaneous_TDA_H0,0.6985101699829102,12
953,all,encoder,future/0.75ps/instantaneous_TDA_H0,1.0571883916854858,12
954,all,encoder,future/0.75ps/instantaneous_TDA_H0,1.6086872816085815,12
955,all,encoder,future/0.75ps/instantaneous_TDA_H0,0.7319231629371643,12
956,all,encoder,future/0.75ps/instantaneous_TDA_H0,2.115243673324585,12
957,all,encoder,future/0.75ps/instantaneous_TDA_H0,0.6851208209991455,12
958,all,encoder,future/0.75ps/instantaneous_TDA_H0,0.8863908648490906,12
959,all,encoder,future/0.75ps/instantaneous_TDA_H0,0.48891305923461914,12
960,all,encoder,future/0.75ps/instantaneous_TDA_H0,0.9783671498298645,12
961,all,encoder,future/0.75ps/instantaneous_TDA_H0,0.5414465069770813,12
974,all,encoder,future/0.75ps/instantaneous_TDA_H0,0.3238019049167633,12
975,all,encoder,future/0.75ps/instantaneous_TDA_H0,0.5790529847145081,12
976,all,encoder,future/0.75ps/instantaneous_TDA_H0,0.4771713316440582,12
977,all,encoder,future/0.75ps/instantaneous_TDA_H0,0.60797119140625,12
978,all,encoder,future/0.75ps/instantaneous_TDA_H0,1.9167722463607788,12
979,all,encoder,future/0.75ps/instantaneous_TDA_H0,1.9590363502502441,12
980,all,encoder,future/0.75ps/instantaneous_TDA_H0,0.6912329196929932,12
981,all,encoder,future/0.75ps/instantaneous_TDA_H0,0.716583788394928,12
982,all,encoder,future/0.75ps/instantaneous_TDA_H0,0.9704239964485168,12
983,all,encoder,future/0.75ps/instantaneous_TDA_H0,0.2538590431213379,12
984,all,encoder,future/0.75ps/instantaneous_TDA_H0,1.1529980897903442,12
985,all,encoder,future/0.75ps/instantaneous_TDA_H0,0.4931228458881378,12
986,all,encoder,future/0.75ps/instantaneous_TDA_H0,0.49286356568336487,12
987,all,encoder,future/0.75ps/instantaneous_TDA_H0,0.23464088141918182,12
988,all,encoder,future/0.75ps/instantaneous_TDA_H0,1.7683485746383667,12
989,all,encoder,future/0.75ps/instantaneous_TDA_H0,0.49443015456199646,12
990,all,encoder,future/0.75ps/instantaneous_TDA_H0,0.6242580413818359,12
991,all,encoder,future/0.75ps/instantaneous_TDA_H0,0.6753197312355042,12
1004,all,encoder,future/0.75ps/instantaneous_TDA_H0,0.47799065709114075,12
1005,all,encoder,future/0.75ps/instantaneous_TDA_H0,0.8020523190498352,12
1006,all,encoder,future/0.75ps/instantaneous_TDA_H0,0.9258065819740295,12
860,all,persistence,future/0.75ps/instantaneous_TDA_H0,0.2711593210697174,12
861,all,persistence,future/0.75ps/instantaneous_TDA_H0,0.3744039237499237,12
862,all,persistence,future/0.75ps/instantaneous_TDA_H0,0.15794579684734344,12
863,all,persistence,future/0.75ps/instantaneous_TDA_H0,0.3637058734893799,12
864,all,persistence,future/0.75ps/instantaneous_TDA_H0,0.3229950964450836,12
865,all,persistence,future/0.75ps/instantaneous_TDA_H0,0.4343588054180145,12
866,all,persistence,future/0.75ps/instantaneous_TDA_H0,0.4797962009906769,12
867,all,persistence,future/0.75ps/instantaneous_TDA_H0,0.3124644160270691,12
868,all,persistence,future/0.75ps/instantaneous_TDA_H0,0.2752383351325989,12
869,all,persistence,future/0.75ps/instantaneous_TDA_H0,0.23510871827602386,12
870,all,persistence,future/0.75ps/instantaneous_TDA_H0,0.19760160148143768,12
871,all,persistence,future/0.75ps/instantaneous_TDA_H0,0.2858814299106598,12
872,all,persistence,future/0.75ps/instantaneous_TDA_H0,0.15815648436546326,12
873,all,persistence,future/0.75ps/instantaneous_TDA_H0,0.09581583738327026,12
874,all,persistence,future/0.75ps/instantaneous_TDA_H0,0.2276141494512558,12
884,all,persistence,future/0.75ps/instantaneous_TDA_H0,0.17820291221141815,12
885,all,persistence,future/0.75ps/instantaneous_TDA_H0,0.10530047863721848,12
886,all,persistence,future/0.75ps/instantaneous_TDA_H0,0.169599249958992,12
887,all,persistence,future/0.75ps/instantaneous_TDA_H0,0.48231208324432373,12
888,all,persistence,future/0.75ps/instantaneous_TDA_H0,0.43422064185142517,12
889,all,persistence,future/0.75ps/instantaneous_TDA_H0,0.11639130860567093,12
890,all,persistence,future/0.75ps/instantaneous_TDA_H0,0.2275131344795227,12
891,all,persistence,future/0.75ps/instantaneous_TDA_H0,0.2844755947589874,12
892,all,persistence,future/0.75ps/instantaneous_TDA_H0,0.19270099699497223,12
893,all,persistence,future/0.75ps/instantaneous_TDA_H0,0.5319587588310242,12
894,all,persistence,future/0.75ps/instantaneous_TDA_H0,0.3232399523258209,12
895,all,persistence,future/0.75ps/instantaneous_TDA_H0,0.25819000601768494,12
896,all,persistence,future/0.75ps/instantaneous_TDA_H0,0.3447408378124237,12
897,all,persistence,future/0.75ps/instantaneous_TDA_H0,0.28116026520729065,12
898,all,persistence,future/0.75ps/instantaneous_TDA_H0,0.22703248262405396,12
899,all,persistence,future/0.75ps/instantaneous_TDA_H0,0.33763810992240906,12
900,all,persistence,future/0.75ps/instantaneous_TDA_H0,0.15058547258377075,12
901,all,persistence,future/0.75ps/instantaneous_TDA_H0,0.2186432033777237,12
914,all,persistence,future/0.75ps/instantaneous_TDA_H0,0.2414236217737198,12
915,all,persistence,future/0.75ps/instantaneous_TDA_H0,0.3357067406177521,12
916,all,persistence,future/0.75ps/instantaneous_TDA_H0,0.10713670402765274,12
917,all,persistence,future/0.75ps/instantaneous_TDA_H0,0.6193237900733948,12
918,all,persistence,future/0.75ps/instantaneous_TDA_H0,0.21457171440124512,12
919,all,persistence,future/0.75ps/instantaneous_TDA_H0,0.30251190066337585,12
920,all,persistence,future/0.75ps/instantaneous_TDA_H0,0.1703127771615982,12
921,all,persistence,future/0.75ps/instantaneous_TDA_H0,0.11210029572248459,12
922,all,persistence,future/0.75ps/instantaneous_TDA_H0,0.39810243248939514,12
923,all,persistence,future/0.75ps/instantaneous_TDA_H0,0.40167930722236633,12
924,all,persistence,future/0.75ps/instantaneous_TDA_H0,0.4813980758190155,12
925,all,persistence,future/0.75ps/instantaneous_TDA_H0,0.1562255322933197,12
926,all,persistence,future/0.75ps/instantaneous_TDA_H0,0.23041249811649323,12
927,all,persistence,future/0.75ps/instantaneous_TDA_H0,0.16903084516525269,12
928,all,persistence,future/0.75ps/instantaneous_TDA_H0,0.26785531640052795,12
929,all,persistence,future/0.75ps/instantaneous_TDA_H0,0.2146047204732895,12
930,all,persistence,future/0.75ps/instantaneous_TDA_H0,0.206339493393898,12
931,all,persistence,future/0.75ps/instantaneous_TDA_H0,0.16651521623134613,12
944,all,persistence,future/0.75ps/instantaneous_TDA_H0,0.3817581236362457,12
945,all,persistence,future/0.75ps/instantaneous_TDA_H0,0.2901412546634674,12
946,all,persistence,future/0.75ps/instantaneous_TDA_H0,0.24947793781757355,12
947,all,persistence,future/0.75ps/instantaneous_TDA_H0,0.1795344352722168,12
948,all,persistence,future/0.75ps/instantaneous_TDA_H0,0.24249406158924103,12
949,all,persistence,future/0.75ps/instantaneous_TDA_H0,0.36643674969673157,12
950,all,persistence,future/0.75ps/instantaneous_TDA_H0,0.14554902911186218,12
951,all,persistence,future/0.75ps/instantaneous_TDA_H0,0.19424724578857422,12
952,all,persistence,future/0.75ps/instantaneous_TDA_H0,0.25469648838043213,12
953,all,persistence,future/0.75ps/instantaneous_TDA_H0,0.23796874284744263,12
954,all,persistence,future/0.75ps/instantaneous_TDA_H0,0.4004952609539032,12
955,all,persistence,future/0.75ps/instantaneous_TDA_H0,0.34725186228752136,12
956,all,persistence,future/0.75ps/instantaneous_TDA_H0,0.5930957198143005,12
957,all,persistence,future/0.75ps/instantaneous_TDA_H0,0.1728953868150711,12
958,all,persistence,future/0.75ps/instantaneous_TDA_H0,0.4652409553527832,12
959,all,persistence,future/0.75ps/instantaneous_TDA_H0,0.21352647244930267,12
960,all,persistence,future/0.75ps/instantaneous_TDA_H0,0.4738750159740448,12
961,all,persistence,future/0.75ps/instantaneous_TDA_H0,0.3292771577835083,12
974,all,persistence,future/0.75ps/instantaneous_TDA_H0,0.3253647983074188,12
975,all,persistence,future/0.75ps/instantaneous_TDA_H0,0.2134314775466919,12
976,all,persistence,future/0.75ps/instantaneous_TDA_H0,0.2931610941886902,12
977,all,persistence,future/0.75ps/instantaneous_TDA_H0,0.552061140537262,12
978,all,persistence,future/0.75ps/instantaneous_TDA_H0,0.21316403150558472,12
979,all,persistence,future/0.75ps/instantaneous_TDA_H0,0.12167129665613174,12
980,all,persistence,future/0.75ps/instantaneous_TDA_H0,0.40909528732299805,12
981,all,persistence,future/0.75ps/instantaneous_TDA_H0,0.4317546784877777,12
982,all,persistence,future/0.75ps/instantaneous_TDA_H0,0.24180622398853302,12
983,all,persistence,future/0.75ps/instantaneous_TDA_H0,0.2913723587989807,12
984,all,persistence,future/0.75ps/instantaneous_TDA_H0,0.2570935785770416,12
985,all,persistence,future/0.75ps/instantaneous_TDA_H0,0.2835908830165863,12
986,all,persistence,future/0.75ps/instantaneous_TDA_H0,0.20760226249694824,12
987,all,persistence,future/0.75ps/instantaneous_TDA_H0,0.3556581437587738,12
988,all,persistence,future/0.75ps/instantaneous_TDA_H0,0.16771160066127777,12
989,all,persistence,future/0.75ps/instantaneous_TDA_H0,0.22012555599212646,12
990,all,persistence,future/0.75ps/instantaneous_TDA_H0,0.3600023686885834,12
991,all,persistence,future/0.75ps/instantaneous_TDA_H0,0.32067590951919556,12
1004,all,persistence,future/0.75ps/instantaneous_TDA_H0,0.1757138967514038,12
1005,all,persistence,future/0.75ps/instantaneous_TDA_H0,0.30120646953582764,12
1006,all,persistence,future/0.75ps/instantaneous_TDA_H0,0.39461398124694824,12
860,all,encoder,delta/0.75ps/instantaneous_TDA_H0,0.2654803991317749,12
861,all,encoder,delta/0.75ps/instantaneous_TDA_H0,0.38948681950569153,12
862,all,encoder,delta/0.75ps/instantaneous_TDA_H0,0.16450849175453186,12
863,all,encoder,delta/0.75ps/instantaneous_TDA_H0,0.36286935210227966,12
864,all,encoder,delta/0.75ps/instantaneous_TDA_H0,0.34011518955230713,12
865,all,encoder,delta/0.75ps/instantaneous_TDA_H0,0.4426478147506714,12
866,all,encoder,delta/0.75ps/instantaneous_TDA_H0,0.4659034311771393,12
867,all,encoder,delta/0.75ps/instantaneous_TDA_H0,0.31805098056793213,12
868,all,encoder,delta/0.75ps/instantaneous_TDA_H0,0.27948611974716187,12
869,all,encoder,delta/0.75ps/instantaneous_TDA_H0,0.23389728367328644,12
870,all,encoder,delta/0.75ps/instantaneous_TDA_H0,0.2105288952589035,12
871,all,encoder,delta/0.75ps/instantaneous_TDA_H0,0.26690569519996643,12
872,all,encoder,delta/0.75ps/instantaneous_TDA_H0,0.14981397986412048,12
873,all,encoder,delta/0.75ps/instantaneous_TDA_H0,0.08864521980285645,12
874,all,encoder,delta/0.75ps/instantaneous_TDA_H0,0.20900751650333405,12
884,all,encoder,delta/0.75ps/instantaneous_TDA_H0,0.1856316775083542,12
885,all,encoder,delta/0.75ps/instantaneous_TDA_H0,0.12296045571565628,12
886,all,encoder,delta/0.75ps/instantaneous_TDA_H0,0.17314912378787994,12
887,all,encoder,delta/0.75ps/instantaneous_TDA_H0,0.47879114747047424,12
888,all,encoder,delta/0.75ps/instantaneous_TDA_H0,0.40613842010498047,12
889,all,encoder,delta/0.75ps/instantaneous_TDA_H0,0.12504906952381134,12
890,all,encoder,delta/0.75ps/instantaneous_TDA_H0,0.24672339856624603,12
891,all,encoder,delta/0.75ps/instantaneous_TDA_H0,0.29923954606056213,12
892,all,encoder,delta/0.75ps/instantaneous_TDA_H0,0.19218964874744415,12
893,all,encoder,delta/0.75ps/instantaneous_TDA_H0,0.5214539766311646,12
894,all,encoder,delta/0.75ps/instantaneous_TDA_H0,0.3354071378707886,12
895,all,encoder,delta/0.75ps/instantaneous_TDA_H0,0.2848924994468689,12
896,all,encoder,delta/0.75ps/instantaneous_TDA_H0,0.3562585115432739,12
897,all,encoder,delta/0.75ps/instantaneous_TDA_H0,0.29258793592453003,12
898,all,encoder,delta/0.75ps/instantaneous_TDA_H0,0.23218069970607758,12
899,all,encoder,delta/0.75ps/instantaneous_TDA_H0,0.3669850826263428,12
900,all,encoder,delta/0.75ps/instantaneous_TDA_H0,0.16423475742340088,12
901,all,encoder,delta/0.75ps/instantaneous_TDA_H0,0.20719419419765472,12
914,all,encoder,delta/0.75ps/instantaneous_TDA_H0,0.25474801659584045,12
915,all,encoder,delta/0.75ps/instantaneous_TDA_H0,0.34899890422821045,12
916,all,encoder,delta/0.75ps/instantaneous_TDA_H0,0.11672917753458023,12
917,all,encoder,delta/0.75ps/instantaneous_TDA_H0,0.614172637462616,12
918,all,encoder,delta/0.75ps/instantaneous_TDA_H0,0.21196188032627106,12
919,all,encoder,delta/0.75ps/instantaneous_TDA_H0,0.31876108050346375,12
920,all,encoder,delta/0.75ps/instantaneous_TDA_H0,0.1617956906557083,12
921,all,encoder,delta/0.75ps/instantaneous_TDA_H0,0.11620789021253586,12
922,all,encoder,delta/0.75ps/instantaneous_TDA_H0,0.40726423263549805,12
923,all,encoder,delta/0.75ps/instantaneous_TDA_H0,0.4101821184158325,12
924,all,encoder,delta/0.75ps/instantaneous_TDA_H0,0.4945414364337921,12
925,all,encoder,delta/0.75ps/instantaneous_TDA_H0,0.145264133810997,12
926,all,encoder,delta/0.75ps/instantaneous_TDA_H0,0.24235983192920685,12
927,all,encoder,delta/0.75ps/instantaneous_TDA_H0,0.18346165120601654,12
928,all,encoder,delta/0.75ps/instantaneous_TDA_H0,0.28985151648521423,12
929,all,encoder,delta/0.75ps/instantaneous_TDA_H0,0.2097184658050537,12
930,all,encoder,delta/0.75ps/instantaneous_TDA_H0,0.199858620762825,12
931,all,encoder,delta/0.75ps/instantaneous_TDA_H0,0.18767154216766357,12
944,all,encoder,delta/0.75ps/instantaneous_TDA_H0,0.39866065979003906,12
945,all,encoder,delta/0.75ps/instantaneous_TDA_H0,0.28443172574043274,12
946,all,encoder,delta/0.75ps/instantaneous_TDA_H0,0.24736535549163818,12
947,all,encoder,delta/0.75ps/instantaneous_TDA_H0,0.19400101900100708,12
948,all,encoder,delta/0.75ps/instantaneous_TDA_H0,0.26264819502830505,12
949,all,encoder,delta/0.75ps/instantaneous_TDA_H0,0.4193992614746094,12
950,all,encoder,delta/0.75ps/instantaneous_TDA_H0,0.14884166419506073,12
951,all,encoder,delta/0.75ps/instantaneous_TDA_H0,0.18599629402160645,12
952,all,encoder,delta/0.75ps/instantaneous_TDA_H0,0.2667563557624817,12
953,all,encoder,delta/0.75ps/instantaneous_TDA_H0,0.22513031959533691,12
954,all,encoder,delta/0.75ps/instantaneous_TDA_H0,0.41316187381744385,12
955,all,encoder,delta/0.75ps/instantaneous_TDA_H0,0.3522449731826782,12
956,all,encoder,delta/0.75ps/instantaneous_TDA_H0,0.6038001179695129,12
957,all,encoder,delta/0.75ps/instantaneous_TDA_H0,0.18785516917705536,12
958,all,encoder,delta/0.75ps/instantaneous_TDA_H0,0.47081294655799866,12
959,all,encoder,delta/0.75ps/instantaneous_TDA_H0,0.23299862444400787,12
960,all,encoder,delta/0.75ps/instantaneous_TDA_H0,0.47196924686431885,12
961,all,encoder,delta/0.75ps/instantaneous_TDA_H0,0.349463552236557,12
974,all,encoder,delta/0.75ps/instantaneous_TDA_H0,0.33032023906707764,12
975,all,encoder,delta/0.75ps/instantaneous_TDA_H0,0.23605012893676758,12
976,all,encoder,delta/0.75ps/instantaneous_TDA_H0,0.29757437109947205,12
977,all,encoder,delta/0.75ps/instantaneous_TDA_H0,0.579158365726471,12
978,all,encoder,delta/0.75ps/instantaneous_TDA_H0,0.19049446284770966,12
979,all,encoder,delta/0.75ps/instantaneous_TDA_H0,0.13189731538295746,12
980,all,encoder,delta/0.75ps/instantaneous_TDA_H0,0.42236483097076416,12
981,all,encoder,delta/0.75ps/instantaneous_TDA_H0,0.449675053358078,12
982,all,encoder,delta/0.75ps/instantaneous_TDA_H0,0.21839547157287598,12
983,all,encoder,delta/0.75ps/instantaneous_TDA_H0,0.3283376395702362,12
984,all,encoder,delta/0.75ps/instantaneous_TDA_H0,0.24623511731624603,12
985,all,encoder,delta/0.75ps/instantaneous_TDA_H0,0.3066503703594208,12
986,all,encoder,delta/0.75ps/instantaneous_TDA_H0,0.21348552405834198,12
987,all,encoder,delta/0.75ps/instantaneous_TDA_H0,0.3536149561405182,12
988,all,encoder,delta/0.75ps/instantaneous_TDA_H0,0.16560916602611542,12
989,all,encoder,delta/0.75ps/instantaneous_TDA_H0,0.20796658098697662,12
990,all,encoder,delta/0.75ps/instantaneous_TDA_H0,0.36494413018226624,12
991,all,encoder,delta/0.75ps/instantaneous_TDA_H0,0.3407006561756134,12
1004,all,encoder,delta/0.75ps/instantaneous_TDA_H0,0.18275602161884308,12
1005,all,encoder,delta/0.75ps/instantaneous_TDA_H0,0.29416757822036743,12
1006,all,encoder,delta/0.75ps/instantaneous_TDA_H0,0.39552414417266846,12
860,all,encoder,future/3ps/instantaneous_TDA_H0,0.4155305325984955,12
861,all,encoder,future/3ps/instantaneous_TDA_H0,2.294464349746704,12
862,all,encoder,future/3ps/instantaneous_TDA_H0,0.5181685090065002,12
863,all,encoder,future/3ps/instantaneous_TDA_H0,0.7665639519691467,12
864,all,encoder,future/3ps/instantaneous_TDA_H0,2.3754124641418457,12
865,all,encoder,future/3ps/instantaneous_TDA_H0,1.9340413808822632,12
866,all,encoder,future/3ps/instantaneous_TDA_H0,2.0590550899505615,12
867,all,encoder,future/3ps/instantaneous_TDA_H0,1.5182843208312988,12
868,all,encoder,future/3ps/instantaneous_TDA_H0,1.237844705581665,12
869,all,encoder,future/3ps/instantaneous_TDA_H0,1.8934540748596191,12
870,all,encoder,future/3ps/instantaneous_TDA_H0,1.7627664804458618,12
871,all,encoder,future/3ps/instantaneous_TDA_H0,1.7579935789108276,12
872,all,encoder,future/3ps/instantaneous_TDA_H0,0.3626522123813629,12
873,all,encoder,future/3ps/instantaneous_TDA_H0,0.3571816682815552,12
874,all,encoder,future/3ps/instantaneous_TDA_H0,1.8158669471740723,12
884,all,encoder,future/3ps/instantaneous_TDA_H0,0.8411151766777039,12
885,all,encoder,future/3ps/instantaneous_TDA_H0,0.7996465563774109,12
886,all,encoder,future/3ps/instantaneous_TDA_H0,1.428383708000183,12
887,all,encoder,future/3ps/instantaneous_TDA_H0,0.8967163562774658,12
888,all,encoder,future/3ps/instantaneous_TDA_H0,1.2016013860702515,12
889,all,encoder,future/3ps/instantaneous_TDA_H0,1.220016360282898,12
890,all,encoder,future/3ps/instantaneous_TDA_H0,1.1715811491012573,12
891,all,encoder,future/3ps/instantaneous_TDA_H0,1.4425129890441895,12
892,all,encoder,future/3ps/instantaneous_TDA_H0,0.8542388081550598,12
893,all,encoder,future/3ps/instantaneous_TDA_H0,0.671562135219574,12
894,all,encoder,future/3ps/instantaneous_TDA_H0,1.2832177877426147,12
895,all,encoder,future/3ps/instantaneous_TDA_H0,0.916796863079071,12
896,all,encoder,future/3ps/instantaneous_TDA_H0,0.6825017333030701,12
897,all,encoder,future/3ps/instantaneous_TDA_H0,0.869868278503418,12
898,all,encoder,future/3ps/instantaneous_TDA_H0,1.3935338258743286,12
899,all,encoder,future/3ps/instantaneous_TDA_H0,0.6348609924316406,12
900,all,encoder,future/3ps/instantaneous_TDA_H0,0.9793682098388672,12
901,all,encoder,future/3ps/instantaneous_TDA_H0,1.01876962184906,12
914,all,encoder,future/3ps/instantaneous_TDA_H0,0.4348805844783783,12
915,all,encoder,future/3ps/instantaneous_TDA_H0,0.9441841244697571,12
916,all,encoder,future/3ps/instantaneous_TDA_H0,1.0825833082199097,12
917,all,encoder,future/3ps/instantaneous_TDA_H0,1.6361851692199707,12
918,all,encoder,future/3ps/instantaneous_TDA_H0,0.46078112721443176,12
919,all,encoder,future/3ps/instantaneous_TDA_H0,1.0083507299423218,12
920,all,encoder,future/3ps/instantaneous_TDA_H0,0.7579019665718079,12
921,all,encoder,future/3ps/instantaneous_TDA_H0,1.236360788345337,12
922,all,encoder,future/3ps/instantaneous_TDA_H0,0.7260889410972595,12
923,all,encoder,future/3ps/instantaneous_TDA_H0,0.7315476536750793,12
924,all,encoder,future/3ps/instantaneous_TDA_H0,1.14189875125885,12
925,all,encoder,future/3ps/instantaneous_TDA_H0,1.1424803733825684,12
926,all,encoder,future/3ps/instantaneous_TDA_H0,2.0553462505340576,12
927,all,encoder,future/3ps/instantaneous_TDA_H0,1.0673837661743164,12
928,all,encoder,future/3ps/instantaneous_TDA_H0,0.3240233361721039,12
929,all,encoder,future/3ps/instantaneous_TDA_H0,1.2482712268829346,12
930,all,encoder,future/3ps/instantaneous_TDA_H0,1.286539912223816,12
931,all,encoder,future/3ps/instantaneous_TDA_H0,0.2797425389289856,12
944,all,encoder,future/3ps/instantaneous_TDA_H0,0.7016410231590271,12
945,all,encoder,future/3ps/instantaneous_TDA_H0,0.6896292567253113,12
946,all,encoder,future/3ps/instantaneous_TDA_H0,1.102696418762207,12
947,all,encoder,future/3ps/instantaneous_TDA_H0,0.5085539221763611,12
948,all,encoder,future/3ps/instantaneous_TDA_H0,0.9908860325813293,12
949,all,encoder,future/3ps/instantaneous_TDA_H0,1.439719796180725,12
950,all,encoder,future/3ps/instantaneous_TDA_H0,1.4580856561660767,12
951,all,encoder,future/3ps/instantaneous_TDA_H0,0.9208726286888123,12
952,all,encoder,future/3ps/instantaneous_TDA_H0,0.47036412358283997,12
953,all,encoder,future/3ps/instantaneous_TDA_H0,0.9644983410835266,12
954,all,encoder,future/3ps/instantaneous_TDA_H0,1.7345153093338013,12
955,all,encoder,future/3ps/instantaneous_TDA_H0,0.9121205806732178,12
956,all,encoder,future/3ps/instantaneous_TDA_H0,1.9356845617294312,12
957,all,encoder,future/3ps/instantaneous_TDA_H0,0.7371637225151062,12
958,all,encoder,future/3ps/instantaneous_TDA_H0,0.8476812839508057,12
959,all,encoder,future/3ps/instantaneous_TDA_H0,0.3758435547351837,12
960,all,encoder,future/3ps/instantaneous_TDA_H0,0.7154425978660583,12
961,all,encoder,future/3ps/instantaneous_TDA_H0,1.0697005987167358,12
974,all,encoder,future/3ps/instantaneous_TDA_H0,0.5221971869468689,12
975,all,encoder,future/3ps/instantaneous_TDA_H0,0.598958432674408,12
976,all,encoder,future/3ps/instantaneous_TDA_H0,0.64652019739151,12
977,all,encoder,future/3ps/instantaneous_TDA_H0,0.9238150119781494,12
978,all,encoder,future/3ps/instantaneous_TDA_H0,1.8219534158706665,12
979,all,encoder,future/3ps/instantaneous_TDA_H0,1.5837327241897583,12
980,all,encoder,future/3ps/instantaneous_TDA_H0,0.5297253727912903,12
981,all,encoder,future/3ps/instantaneous_TDA_H0,0.837705135345459,12
982,all,encoder,future/3ps/instantaneous_TDA_H0,0.7980070114135742,12
983,all,encoder,future/3ps/instantaneous_TDA_H0,0.49256181716918945,12
984,all,encoder,future/3ps/instantaneous_TDA_H0,0.46886101365089417,12
985,all,encoder,future/3ps/instantaneous_TDA_H0,0.47153595089912415,12
986,all,encoder,future/3ps/instantaneous_TDA_H0,0.2838382422924042,12
987,all,encoder,future/3ps/instantaneous_TDA_H0,0.410978764295578,12
988,all,encoder,future/3ps/instantaneous_TDA_H0,1.4731234312057495,12
989,all,encoder,future/3ps/instantaneous_TDA_H0,0.5182269215583801,12
990,all,encoder,future/3ps/instantaneous_TDA_H0,0.47174251079559326,12
991,all,encoder,future/3ps/instantaneous_TDA_H0,0.34671249985694885,12
1004,all,encoder,future/3ps/instantaneous_TDA_H0,0.6640771627426147,12
1005,all,encoder,future/3ps/instantaneous_TDA_H0,0.7529447674751282,12
1006,all,encoder,future/3ps/instantaneous_TDA_H0,1.098795771598816,12
860,all,persistence,future/3ps/instantaneous_TDA_H0,0.2670118510723114,12
861,all,persistence,future/3ps/instantaneous_TDA_H0,0.22069664299488068,12
862,all,persistence,future/3ps/instantaneous_TDA_H0,0.4067549705505371,12
863,all,persistence,future/3ps/instantaneous_TDA_H0,0.5395621657371521,12
864,all,persistence,future/3ps/instantaneous_TDA_H0,0.2795345187187195,12
865,all,persistence,future/3ps/instantaneous_TDA_H0,0.3503839671611786,12
866,all,persistence,future/3ps/instantaneous_TDA_H0,0.8628810048103333,12
867,all,persistence,future/3ps/instantaneous_TDA_H0,0.3714841604232788,12
868,all,persistence,future/3ps/instantaneous_TDA_H0,0.2563633918762207,12
869,all,persistence,future/3ps/instantaneous_TDA_H0,0.4227564036846161,12
870,all,persistence,future/3ps/instantaneous_TDA_H0,0.26993051171302795,12
871,all,persistence,future/3ps/instantaneous_TDA_H0,0.4609241783618927,12
872,all,persistence,future/3ps/instantaneous_TDA_H0,0.3056401312351227,12
873,all,persistence,future/3ps/instantaneous_TDA_H0,0.2537015676498413,12
874,all,persistence,future/3ps/instantaneous_TDA_H0,0.1282770186662674,12
884,all,persistence,future/3ps/instantaneous_TDA_H0,0.22874385118484497,12
885,all,persistence,future/3ps/instantaneous_TDA_H0,0.07996506243944168,12
886,all,persistence,future/3ps/instantaneous_TDA_H0,0.24457621574401855,12
887,all,persistence,future/3ps/instantaneous_TDA_H0,0.2913348972797394,12
888,all,persistence,future/3ps/instantaneous_TDA_H0,0.4043770134449005,12
889,all,persistence,future/3ps/instantaneous_TDA_H0,0.1934289187192917,12
890,all,persistence,future/3ps/instantaneous_TDA_H0,0.2562127709388733,12
891,all,persistence,future/3ps/instantaneous_TDA_H0,0.2940368354320526,12
892,all,persistence,future/3ps/instantaneous_TDA_H0,0.20262759923934937,12
893,all,persistence,future/3ps/instantaneous_TDA_H0,0.5055227875709534,12
894,all,persistence,future/3ps/instantaneous_TDA_H0,0.12484247237443924,12
895,all,persistence,future/3ps/instantaneous_TDA_H0,0.1770189255475998,12
896,all,persistence,future/3ps/instantaneous_TDA_H0,0.1727350354194641,12
897,all,persistence,future/3ps/instantaneous_TDA_H0,0.3472001850605011,12
898,all,persistence,future/3ps/instantaneous_TDA_H0,0.42336246371269226,12
899,all,persistence,future/3ps/instantaneous_TDA_H0,0.17691056430339813,12
900,all,persistence,future/3ps/instantaneous_TDA_H0,0.2039055973291397,12
901,all,persistence,future/3ps/instantaneous_TDA_H0,0.33854416012763977,12
914,all,persistence,future/3ps/instantaneous_TDA_H0,0.1911221742630005,12
915,all,persistence,future/3ps/instantaneous_TDA_H0,0.1723187118768692,12
916,all,persistence,future/3ps/instantaneous_TDA_H0,0.18030278384685516,12
917,all,persistence,future/3ps/instantaneous_TDA_H0,0.7035250663757324,12
918,all,persistence,future/3ps/instantaneous_TDA_H0,0.28162264823913574,12
919,all,persistence,future/3ps/instantaneous_TDA_H0,0.19610027968883514,12
920,all,persistence,future/3ps/instantaneous_TDA_H0,0.2782851755619049,12
921,all,persistence,future/3ps/instantaneous_TDA_H0,0.15725938975811005,12
922,all,persistence,future/3ps/instantaneous_TDA_H0,0.3148566782474518,12
923,all,persistence,future/3ps/instantaneous_TDA_H0,0.5913678407669067,12
924,all,persistence,future/3ps/instantaneous_TDA_H0,0.5613884329795837,12
925,all,persistence,future/3ps/instantaneous_TDA_H0,0.2959024906158447,12
926,all,persistence,future/3ps/instantaneous_TDA_H0,0.2901819944381714,12
927,all,persistence,future/3ps/instantaneous_TDA_H0,0.24559040367603302,12
928,all,persistence,future/3ps/instantaneous_TDA_H0,0.2751629650592804,12
929,all,persistence,future/3ps/instantaneous_TDA_H0,0.16923530399799347,12
930,all,persistence,future/3ps/instantaneous_TDA_H0,0.24287796020507812,12
931,all,persistence,future/3ps/instantaneous_TDA_H0,0.27065572142601013,12
944,all,persistence,future/3ps/instantaneous_TDA_H0,0.22670646011829376,12
945,all,persistence,future/3ps/instantaneous_TDA_H0,0.229827418923378,12
946,all,persistence,future/3ps/instantaneous_TDA_H0,0.32151058316230774,12
947,all,persistence,future/3ps/instantaneous_TDA_H0,0.1142972931265831,12
948,all,persistence,future/3ps/instantaneous_TDA_H0,0.22757303714752197,12
949,all,persistence,future/3ps/instantaneous_TDA_H0,0.41341355443000793,12
950,all,persistence,future/3ps/instantaneous_TDA_H0,0.3251146376132965,12
951,all,persistence,future/3ps/instantaneous_TDA_H0,0.1844882220029831,12
952,all,persistence,future/3ps/instantaneous_TDA_H0,0.4193688929080963,12
953,all,persistence,future/3ps/instantaneous_TDA_H0,0.42648887634277344,12
954,all,persistence,future/3ps/instantaneous_TDA_H0,0.28508424758911133,12
955,all,persistence,future/3ps/instantaneous_TDA_H0,0.24270236492156982,12
956,all,persistence,future/3ps/instantaneous_TDA_H0,0.18854041397571564,12
957,all,persistence,future/3ps/instantaneous_TDA_H0,0.4675196707248688,12
958,all,persistence,future/3ps/instantaneous_TDA_H0,0.45481839776039124,12
959,all,persistence,future/3ps/instantaneous_TDA_H0,0.27037420868873596,12
960,all,persistence,future/3ps/instantaneous_TDA_H0,0.10696151852607727,12
961,all,persistence,future/3ps/instantaneous_TDA_H0,0.36891016364097595,12
974,all,persistence,future/3ps/instantaneous_TDA_H0,0.23083864152431488,12
975,all,persistence,future/3ps/instantaneous_TDA_H0,0.22864939272403717,12
976,all,persistence,future/3ps/instantaneous_TDA_H0,0.5652689337730408,12
977,all,persistence,future/3ps/instantaneous_TDA_H0,0.30293720960617065,12
978,all,persistence,future/3ps/instantaneous_TDA_H0,0.488451212644577,12
979,all,persistence,future/3ps/instantaneous_TDA_H0,0.35228896141052246,12
980,all,persistence,future/3ps/instantaneous_TDA_H0,0.19868741929531097,12
981,all,persistence,future/3ps/instantaneous_TDA_H0,0.40964946150779724,12
982,all,persistence,future/3ps/instantaneous_TDA_H0,0.27370408177375793,12
983,all,persistence,future/3ps/instantaneous_TDA_H0,0.38835835456848145,12
984,all,persistence,future/3ps/instantaneous_TDA_H0,0.3495633602142334,12
985,all,persistence,future/3ps/instantaneous_TDA_H0,0.20810933411121368,12
986,all,persistence,future/3ps/instantaneous_TDA_H0,0.2210337370634079,12
987,all,persistence,future/3ps/instantaneous_TDA_H0,0.33880189061164856,12
988,all,persistence,future/3ps/instantaneous_TDA_H0,0.31941279768943787,12
989,all,persistence,future/3ps/instantaneous_TDA_H0,0.29047515988349915,12
990,all,persistence,future/3ps/instantaneous_TDA_H0,0.2500610053539276,12
991,all,persistence,future/3ps/instantaneous_TDA_H0,0.214066743850708,12
1004,all,persistence,future/3ps/instantaneous_TDA_H0,0.29450592398643494,12
1005,all,persistence,future/3ps/instantaneous_TDA_H0,0.29251816868782043,12
1006,all,persistence,future/3ps/instantaneous_TDA_H0,0.25472667813301086,12
860,all,encoder,delta/3ps/instantaneous_TDA_H0,0.2614745795726776,12
861,all,encoder,delta/3ps/instantaneous_TDA_H0,0.22833232581615448,12
862,all,encoder,delta/3ps/instantaneous_TDA_H0,0.46006616950035095,12
863,all,encoder,delta/3ps/instantaneous_TDA_H0,0.5489060282707214,12
864,all,encoder,delta/3ps/instantaneous_TDA_H0,0.3092573285102844,12
865,all,encoder,delta/3ps/instantaneous_TDA_H0,0.38757094740867615,12
866,all,encoder,delta/3ps/instantaneous_TDA_H0,0.8406135439872742,12
867,all,encoder,delta/3ps/instantaneous_TDA_H0,0.3769790232181549,12
868,all,encoder,delta/3ps/instantaneous_TDA_H0,0.26814374327659607,12
869,all,encoder,delta/3ps/instantaneous_TDA_H0,0.44214046001434326,12
870,all,encoder,delta/3ps/instantaneous_TDA_H0,0.25172626972198486,12
871,all,encoder,delta/3ps/instantaneous_TDA_H0,0.4413498640060425,12
872,all,encoder,delta/3ps/instantaneous_TDA_H0,0.30669936537742615,12
873,all,encoder,delta/3ps/instantaneous_TDA_H0,0.25836026668548584,12
874,all,encoder,delta/3ps/instantaneous_TDA_H0,0.1381162405014038,12
884,all,encoder,delta/3ps/instantaneous_TDA_H0,0.24221855401992798,12
885,all,encoder,delta/3ps/instantaneous_TDA_H0,0.08813252300024033,12
886,all,encoder,delta/3ps/instantaneous_TDA_H0,0.26371464133262634,12
887,all,encoder,delta/3ps/instantaneous_TDA_H0,0.29411646723747253,12
888,all,encoder,delta/3ps/instantaneous_TDA_H0,0.3701111972332001,12
889,all,encoder,delta/3ps/instantaneous_TDA_H0,0.2059917002916336,12
890,all,encoder,delta/3ps/instantaneous_TDA_H0,0.264526903629303,12
891,all,encoder,delta/3ps/instantaneous_TDA_H0,0.3114885985851288,12
892,all,encoder,delta/3ps/instantaneous_TDA_H0,0.18211068212985992,12
893,all,encoder,delta/3ps/instantaneous_TDA_H0,0.45990562438964844,12
894,all,encoder,delta/3ps/instantaneous_TDA_H0,0.14968696236610413,12
895,all,encoder,delta/3ps/instantaneous_TDA_H0,0.1966334581375122,12
896,all,encoder,delta/3ps/instantaneous_TDA_H0,0.152010977268219,12
897,all,encoder,delta/3ps/instantaneous_TDA_H0,0.35443297028541565,12
898,all,encoder,delta/3ps/instantaneous_TDA_H0,0.4575880467891693,12
899,all,encoder,delta/3ps/instantaneous_TDA_H0,0.18366794288158417,12
900,all,encoder,delta/3ps/instantaneous_TDA_H0,0.21104224026203156,12
901,all,encoder,delta/3ps/instantaneous_TDA_H0,0.3325047791004181,12
914,all,encoder,delta/3ps/instantaneous_TDA_H0,0.2097500115633011,12
915,all,encoder,delta/3ps/instantaneous_TDA_H0,0.1609705537557602,12
916,all,encoder,delta/3ps/instantaneous_TDA_H0,0.15579140186309814,12
917,all,encoder,delta/3ps/instantaneous_TDA_H0,0.654796302318573,12
918,all,encoder,delta/3ps/instantaneous_TDA_H0,0.3156767189502716,12
919,all,encoder,delta/3ps/instantaneous_TDA_H0,0.19514666497707367,12
920,all,encoder,delta/3ps/instantaneous_TDA_H0,0.2581283152103424,12
921,all,encoder,delta/3ps/instantaneous_TDA_H0,0.15031389892101288,12
922,all,encoder,delta/3ps/instantaneous_TDA_H0,0.33510398864746094,12
923,all,encoder,delta/3ps/instantaneous_TDA_H0,0.640001118183136,12
924,all,encoder,delta/3ps/instantaneous_TDA_H0,0.5149139761924744,12
925,all,encoder,delta/3ps/instantaneous_TDA_H0,0.3010583221912384,12
926,all,encoder,delta/3ps/instantaneous_TDA_H0,0.26758068799972534,12
927,all,encoder,delta/3ps/instantaneous_TDA_H0,0.25303468108177185,12
928,all,encoder,delta/3ps/instantaneous_TDA_H0,0.30972740054130554,12
929,all,encoder,delta/3ps/instantaneous_TDA_H0,0.17252354323863983,12
930,all,encoder,delta/3ps/instantaneous_TDA_H0,0.2637803852558136,12
931,all,encoder,delta/3ps/instantaneous_TDA_H0,0.28076866269111633,12
944,all,encoder,delta/3ps/instantaneous_TDA_H0,0.2249554842710495,12
945,all,encoder,delta/3ps/instantaneous_TDA_H0,0.23175089061260223,12
946,all,encoder,delta/3ps/instantaneous_TDA_H0,0.29962167143821716,12
947,all,encoder,delta/3ps/instantaneous_TDA_H0,0.1330782175064087,12
948,all,encoder,delta/3ps/instantaneous_TDA_H0,0.24273131787776947,12
949,all,encoder,delta/3ps/instantaneous_TDA_H0,0.4356249272823334,12
950,all,encoder,delta/3ps/instantaneous_TDA_H0,0.30871260166168213,12
951,all,encoder,delta/3ps/instantaneous_TDA_H0,0.1569608598947525,12
952,all,encoder,delta/3ps/instantaneous_TDA_H0,0.47067174315452576,12
953,all,encoder,delta/3ps/instantaneous_TDA_H0,0.39023271203041077,12
954,all,encoder,delta/3ps/instantaneous_TDA_H0,0.30560436844825745,12
955,all,encoder,delta/3ps/instantaneous_TDA_H0,0.21643191576004028,12
956,all,encoder,delta/3ps/instantaneous_TDA_H0,0.1856248825788498,12
957,all,encoder,delta/3ps/instantaneous_TDA_H0,0.4739232063293457,12
958,all,encoder,delta/3ps/instantaneous_TDA_H0,0.4449056386947632,12
959,all,encoder,delta/3ps/instantaneous_TDA_H0,0.2772490680217743,12
960,all,encoder,delta/3ps/instantaneous_TDA_H0,0.11666598170995712,12
961,all,encoder,delta/3ps/instantaneous_TDA_H0,0.33933112025260925,12
974,all,encoder,delta/3ps/instantaneous_TDA_H0,0.2087869644165039,12
975,all,encoder,delta/3ps/instantaneous_TDA_H0,0.2663549780845642,12
976,all,encoder,delta/3ps/instantaneous_TDA_H0,0.5733794569969177,12
977,all,encoder,delta/3ps/instantaneous_TDA_H0,0.31066974997520447,12
978,all,encoder,delta/3ps/instantaneous_TDA_H0,0.4571666419506073,12
979,all,encoder,delta/3ps/instantaneous_TDA_H0,0.3297434151172638,12
980,all,encoder,delta/3ps/instantaneous_TDA_H0,0.21360380947589874,12
981,all,encoder,delta/3ps/instantaneous_TDA_H0,0.42117658257484436,12
982,all,encoder,delta/3ps/instantaneous_TDA_H0,0.25879374146461487,12
983,all,encoder,delta/3ps/instantaneous_TDA_H0,0.4122530519962311,12
984,all,encoder,delta/3ps/instantaneous_TDA_H0,0.3318691849708557,12
985,all,encoder,delta/3ps/instantaneous_TDA_H0,0.23556512594223022,12
986,all,encoder,delta/3ps/instantaneous_TDA_H0,0.26025262475013733,12
987,all,encoder,delta/3ps/instantaneous_TDA_H0,0.3090965449810028,12
988,all,encoder,delta/3ps/instantaneous_TDA_H0,0.2942921221256256,12
989,all,encoder,delta/3ps/instantaneous_TDA_H0,0.2705439627170563,12
990,all,encoder,delta/3ps/instantaneous_TDA_H0,0.27728697657585144,12
991,all,encoder,delta/3ps/instantaneous_TDA_H0,0.2697068154811859,12
1004,all,encoder,delta/3ps/instantaneous_TDA_H0,0.28136715292930603,12
1005,all,encoder,delta/3ps/instantaneous_TDA_H0,0.2878895103931427,12
1006,all,encoder,delta/3ps/instantaneous_TDA_H0,0.22716541588306427,12
860,all,encoder,future/9ps/instantaneous_TDA_H0,0.4850853681564331,12
861,all,encoder,future/9ps/instantaneous_TDA_H0,1.8370404243469238,12
862,all,encoder,future/9ps/instantaneous_TDA_H0,0.4384382665157318,12
863,all,encoder,future/9ps/instantaneous_TDA_H0,0.6597371697425842,12
864,all,encoder,future/9ps/instantaneous_TDA_H0,2.37369966506958,12
865,all,encoder,future/9ps/instantaneous_TDA_H0,2.061581611633301,12
866,all,encoder,future/9ps/instantaneous_TDA_H0,1.9106916189193726,12
867,all,encoder,future/9ps/instantaneous_TDA_H0,2.592907190322876,12
868,all,encoder,future/9ps/instantaneous_TDA_H0,0.8402755260467529,12
869,all,encoder,future/9ps/instantaneous_TDA_H0,2.4252614974975586,12
870,all,encoder,future/9ps/instantaneous_TDA_H0,1.537976861000061,12
871,all,encoder,future/9ps/instantaneous_TDA_H0,1.1652913093566895,12
872,all,encoder,future/9ps/instantaneous_TDA_H0,0.46979227662086487,12
873,all,encoder,future/9ps/instantaneous_TDA_H0,0.11472874134778976,12
874,all,encoder,future/9ps/instantaneous_TDA_H0,2.486550807952881,12
884,all,encoder,future/9ps/instantaneous_TDA_H0,0.8264114260673523,12
885,all,encoder,future/9ps/instantaneous_TDA_H0,1.1574698686599731,12
886,all,encoder,future/9ps/instantaneous_TDA_H0,1.1556634902954102,12
887,all,encoder,future/9ps/instantaneous_TDA_H0,0.9646270275115967,12
888,all,encoder,future/9ps/instantaneous_TDA_H0,1.4838024377822876,12
889,all,encoder,future/9ps/instantaneous_TDA_H0,0.50339275598526,12
890,all,encoder,future/9ps/instantaneous_TDA_H0,1.0831704139709473,12
891,all,encoder,future/9ps/instantaneous_TDA_H0,1.0849519968032837,12
892,all,encoder,future/9ps/instantaneous_TDA_H0,1.7691079378128052,12
893,all,encoder,future/9ps/instantaneous_TDA_H0,1.3265917301177979,12
894,all,encoder,future/9ps/instantaneous_TDA_H0,1.2129570245742798,12
895,all,encoder,future/9ps/instantaneous_TDA_H0,1.02339506149292,12
896,all,encoder,future/9ps/instantaneous_TDA_H0,1.1929415464401245,12
897,all,encoder,future/9ps/instantaneous_TDA_H0,1.4167169332504272,12
898,all,encoder,future/9ps/instantaneous_TDA_H0,1.2668604850769043,12
899,all,encoder,future/9ps/instantaneous_TDA_H0,0.7703166007995605,12
900,all,encoder,future/9ps/instantaneous_TDA_H0,1.2551970481872559,12
901,all,encoder,future/9ps/instantaneous_TDA_H0,0.8113918304443359,12
914,all,encoder,future/9ps/instantaneous_TDA_H0,0.3956364393234253,12
915,all,encoder,future/9ps/instantaneous_TDA_H0,0.6405982375144958,12
916,all,encoder,future/9ps/instantaneous_TDA_H0,0.9077498316764832,12
917,all,encoder,future/9ps/instantaneous_TDA_H0,0.9977673888206482,12
918,all,encoder,future/9ps/instantaneous_TDA_H0,0.6830585598945618,12
919,all,encoder,future/9ps/instantaneous_TDA_H0,0.6764070391654968,12
920,all,encoder,future/9ps/instantaneous_TDA_H0,0.751545250415802,12
921,all,encoder,future/9ps/instantaneous_TDA_H0,1.1926498413085938,12
922,all,encoder,future/9ps/instantaneous_TDA_H0,0.8937181830406189,12
923,all,encoder,future/9ps/instantaneous_TDA_H0,0.9286584258079529,12
924,all,encoder,future/9ps/instantaneous_TDA_H0,0.8529796004295349,12
925,all,encoder,future/9ps/instantaneous_TDA_H0,1.081862211227417,12
926,all,encoder,future/9ps/instantaneous_TDA_H0,1.7363643646240234,12
927,all,encoder,future/9ps/instantaneous_TDA_H0,1.021795630455017,12
928,all,encoder,future/9ps/instantaneous_TDA_H0,0.5697563290596008,12
929,all,encoder,future/9ps/instantaneous_TDA_H0,1.2043408155441284,12
930,all,encoder,future/9ps/instantaneous_TDA_H0,1.8387705087661743,12
931,all,encoder,future/9ps/instantaneous_TDA_H0,0.29572921991348267,12
944,all,encoder,future/9ps/instantaneous_TDA_H0,0.6491253972053528,12
945,all,encoder,future/9ps/instantaneous_TDA_H0,0.849530041217804,12
946,all,encoder,future/9ps/instantaneous_TDA_H0,1.259095549583435,12
947,all,encoder,future/9ps/instantaneous_TDA_H0,0.7302391529083252,12
948,all,encoder,future/9ps/instantaneous_TDA_H0,0.9681858420372009,12
949,all,encoder,future/9ps/instantaneous_TDA_H0,0.6270763278007507,12
950,all,encoder,future/9ps/instantaneous_TDA_H0,1.211101770401001,12
951,all,encoder,future/9ps/instantaneous_TDA_H0,0.48501166701316833,12
952,all,encoder,future/9ps/instantaneous_TDA_H0,0.6610115766525269,12
953,all,encoder,future/9ps/instantaneous_TDA_H0,0.8125830292701721,12
954,all,encoder,future/9ps/instantaneous_TDA_H0,1.8439220190048218,12
955,all,encoder,future/9ps/instantaneous_TDA_H0,0.7863803505897522,12
956,all,encoder,future/9ps/instantaneous_TDA_H0,1.5234689712524414,12
957,all,encoder,future/9ps/instantaneous_TDA_H0,0.6328326463699341,12
958,all,encoder,future/9ps/instantaneous_TDA_H0,0.49130335450172424,12
959,all,encoder,future/9ps/instantaneous_TDA_H0,0.32434818148612976,12
960,all,encoder,future/9ps/instantaneous_TDA_H0,0.7935237884521484,12
961,all,encoder,future/9ps/instantaneous_TDA_H0,0.790706217288971,12
974,all,encoder,future/9ps/instantaneous_TDA_H0,0.2664929926395416,12
975,all,encoder,future/9ps/instantaneous_TDA_H0,0.653363049030304,12
976,all,encoder,future/9ps/instantaneous_TDA_H0,0.30044904351234436,12
977,all,encoder,future/9ps/instantaneous_TDA_H0,0.7879250049591064,12
978,all,encoder,future/9ps/instantaneous_TDA_H0,1.4691208600997925,12
979,all,encoder,future/9ps/instantaneous_TDA_H0,2.3750500679016113,12
980,all,encoder,future/9ps/instantaneous_TDA_H0,0.7512233853340149,12
981,all,encoder,future/9ps/instantaneous_TDA_H0,0.4979991018772125,12
982,all,encoder,future/9ps/instantaneous_TDA_H0,0.6217736005783081,12
983,all,encoder,future/9ps/instantaneous_TDA_H0,0.4275471270084381,12
984,all,encoder,future/9ps/instantaneous_TDA_H0,0.5888462066650391,12
985,all,encoder,future/9ps/instantaneous_TDA_H0,0.7246555685997009,12
986,all,encoder,future/9ps/instantaneous_TDA_H0,0.24528132379055023,12
987,all,encoder,future/9ps/instantaneous_TDA_H0,0.45406797528266907,12
988,all,encoder,future/9ps/instantaneous_TDA_H0,1.7580052614212036,12
989,all,encoder,future/9ps/instantaneous_TDA_H0,0.3994307518005371,12
990,all,encoder,future/9ps/instantaneous_TDA_H0,0.43999817967414856,12
991,all,encoder,future/9ps/instantaneous_TDA_H0,0.7615284323692322,12
1004,all,encoder,future/9ps/instantaneous_TDA_H0,0.983452320098877,12
1005,all,encoder,future/9ps/instantaneous_TDA_H0,0.7253060340881348,12
1006,all,encoder,future/9ps/instantaneous_TDA_H0,0.7456855177879333,12
860,all,persistence,future/9ps/instantaneous_TDA_H0,0.4262361526489258,12
861,all,persistence,future/9ps/instantaneous_TDA_H0,0.24685801565647125,12
862,all,persistence,future/9ps/instantaneous_TDA_H0,0.21141774952411652,12
863,all,persistence,future/9ps/instantaneous_TDA_H0,0.40746721625328064,12
864,all,persistence,future/9ps/instantaneous_TDA_H0,0.3746391236782074,12
865,all,persistence,future/9ps/instantaneous_TDA_H0,0.3438042104244232,12
866,all,persistence,future/9ps/instantaneous_TDA_H0,0.3663676679134369,12
867,all,persistence,future/9ps/instantaneous_TDA_H0,0.4514956772327423,12
868,all,persistence,future/9ps/instantaneous_TDA_H0,0.7580587267875671,12
869,all,persistence,future/9ps/instantaneous_TDA_H0,0.3252840042114258,12
870,all,persistence,future/9ps/instantaneous_TDA_H0,0.38600611686706543,12
871,all,persistence,future/9ps/instantaneous_TDA_H0,0.7833659648895264,12
872,all,persistence,future/9ps/instantaneous_TDA_H0,0.26006168127059937,12
873,all,persistence,future/9ps/instantaneous_TDA_H0,0.1881173849105835,12
874,all,persistence,future/9ps/instantaneous_TDA_H0,0.2866843044757843,12
884,all,persistence,future/9ps/instantaneous_TDA_H0,0.1617060750722885,12
885,all,persistence,future/9ps/instantaneous_TDA_H0,0.25540828704833984,12
886,all,persistence,future/9ps/instantaneous_TDA_H0,0.25238481163978577,12
887,all,persistence,future/9ps/instantaneous_TDA_H0,0.40788617730140686,12
888,all,persistence,future/9ps/instantaneous_TDA_H0,0.34231892228126526,12
889,all,persistence,future/9ps/instantaneous_TDA_H0,0.6599858999252319,12
890,all,persistence,future/9ps/instantaneous_TDA_H0,0.1988459825515747,12
891,all,persistence,future/9ps/instantaneous_TDA_H0,0.15432631969451904,12
892,all,persistence,future/9ps/instantaneous_TDA_H0,0.43145909905433655,12
893,all,persistence,future/9ps/instantaneous_TDA_H0,0.2514094412326813,12
894,all,persistence,future/9ps/instantaneous_TDA_H0,0.19440865516662598,12
895,all,persistence,future/9ps/instantaneous_TDA_H0,0.17875880002975464,12
896,all,persistence,future/9ps/instantaneous_TDA_H0,0.11574224382638931,12
897,all,persistence,future/9ps/instantaneous_TDA_H0,0.2180836796760559,12
898,all,persistence,future/9ps/instantaneous_TDA_H0,0.17225833237171173,12
899,all,persistence,future/9ps/instantaneous_TDA_H0,0.22292886674404144,12
900,all,persistence,future/9ps/instantaneous_TDA_H0,0.12709194421768188,12
901,all,persistence,future/9ps/instantaneous_TDA_H0,0.19416533410549164,12
914,all,persistence,future/9ps/instantaneous_TDA_H0,0.33739468455314636,12
915,all,persistence,future/9ps/instantaneous_TDA_H0,0.24036015570163727,12
916,all,persistence,future/9ps/instantaneous_TDA_H0,0.1714821308851242,12
917,all,persistence,future/9ps/instantaneous_TDA_H0,0.5127965807914734,12
918,all,persistence,future/9ps/instantaneous_TDA_H0,0.14433301985263824,12
919,all,persistence,future/9ps/instantaneous_TDA_H0,0.3372407853603363,12
920,all,persistence,future/9ps/instantaneous_TDA_H0,0.24370361864566803,12
921,all,persistence,future/9ps/instantaneous_TDA_H0,0.15801361203193665,12
922,all,persistence,future/9ps/instantaneous_TDA_H0,0.4126899540424347,12
923,all,persistence,future/9ps/instantaneous_TDA_H0,0.1950986236333847,12
924,all,persistence,future/9ps/instantaneous_TDA_H0,0.33232802152633667,12
925,all,persistence,future/9ps/instantaneous_TDA_H0,0.1396079808473587,12
926,all,persistence,future/9ps/instantaneous_TDA_H0,0.3820071518421173,12
927,all,persistence,future/9ps/instantaneous_TDA_H0,0.200931116938591,12
928,all,persistence,future/9ps/instantaneous_TDA_H0,0.19114220142364502,12
929,all,persistence,future/9ps/instantaneous_TDA_H0,0.2674701511859894,12
930,all,persistence,future/9ps/instantaneous_TDA_H0,0.3275129497051239,12
931,all,persistence,future/9ps/instantaneous_TDA_H0,0.1863345056772232,12
944,all,persistence,future/9ps/instantaneous_TDA_H0,0.6865212917327881,12
945,all,persistence,future/9ps/instantaneous_TDA_H0,0.2894938886165619,12
946,all,persistence,future/9ps/instantaneous_TDA_H0,0.5605804324150085,12
947,all,persistence,future/9ps/instantaneous_TDA_H0,0.09893524646759033,12
948,all,persistence,future/9ps/instantaneous_TDA_H0,0.1777019500732422,12
949,all,persistence,future/9ps/instantaneous_TDA_H0,0.3402184545993805,12
950,all,persistence,future/9ps/instantaneous_TDA_H0,0.8213377594947815,12
951,all,persistence,future/9ps/instantaneous_TDA_H0,0.22882981598377228,12
952,all,persistence,future/9ps/instantaneous_TDA_H0,0.5043146014213562,12
953,all,persistence,future/9ps/instantaneous_TDA_H0,0.8738083243370056,12
954,all,persistence,future/9ps/instantaneous_TDA_H0,0.3074062168598175,12
955,all,persistence,future/9ps/instantaneous_TDA_H0,0.3772328197956085,12
956,all,persistence,future/9ps/instantaneous_TDA_H0,0.26681986451148987,12
957,all,persistence,future/9ps/instantaneous_TDA_H0,0.3088153302669525,12
958,all,persistence,future/9ps/instantaneous_TDA_H0,0.33293524384498596,12
959,all,persistence,future/9ps/instantaneous_TDA_H0,0.42412078380584717,12
960,all,persistence,future/9ps/instantaneous_TDA_H0,0.20207077264785767,12
961,all,persistence,future/9ps/instantaneous_TDA_H0,0.4273783266544342,12
974,all,persistence,future/9ps/instantaneous_TDA_H0,0.26429373025894165,12
975,all,persistence,future/9ps/instantaneous_TDA_H0,0.5157627463340759,12
976,all,persistence,future/9ps/instantaneous_TDA_H0,0.24739690124988556,12
977,all,persistence,future/9ps/instantaneous_TDA_H0,0.5488196015357971,12
978,all,persistence,future/9ps/instantaneous_TDA_H0,0.5330255627632141,12
979,all,persistence,future/9ps/instantaneous_TDA_H0,0.2041192203760147,12
980,all,persistence,future/9ps/instantaneous_TDA_H0,0.17856432497501373,12
981,all,persistence,future/9ps/instantaneous_TDA_H0,0.19975192844867706,12
982,all,persistence,future/9ps/instantaneous_TDA_H0,0.16964353621006012,12
983,all,persistence,future/9ps/instantaneous_TDA_H0,0.35880133509635925,12
984,all,persistence,future/9ps/instantaneous_TDA_H0,0.22362105548381805,12
985,all,persistence,future/9ps/instantaneous_TDA_H0,0.5120813250541687,12
986,all,persistence,future/9ps/instantaneous_TDA_H0,0.502486526966095,12
987,all,persistence,future/9ps/instantaneous_TDA_H0,0.4089343547821045,12
988,all,persistence,future/9ps/instantaneous_TDA_H0,0.3089196979999542,12
989,all,persistence,future/9ps/instantaneous_TDA_H0,0.20637422800064087,12
990,all,persistence,future/9ps/instantaneous_TDA_H0,0.2991671562194824,12
991,all,persistence,future/9ps/instantaneous_TDA_H0,0.19586831331253052,12
1004,all,persistence,future/9ps/instantaneous_TDA_H0,0.2926836311817169,12
1005,all,persistence,future/9ps/instantaneous_TDA_H0,0.3851849138736725,12
1006,all,persistence,future/9ps/instantaneous_TDA_H0,0.4530496895313263,12
860,all,encoder,delta/9ps/instantaneous_TDA_H0,0.4647411108016968,12
861,all,encoder,delta/9ps/instantaneous_TDA_H0,0.22378738224506378,12
862,all,encoder,delta/9ps/instantaneous_TDA_H0,0.2653036415576935,12
863,all,encoder,delta/9ps/instantaneous_TDA_H0,0.43335509300231934,12
864,all,encoder,delta/9ps/instantaneous_TDA_H0,0.4085559844970703,12
865,all,encoder,delta/9ps/instantaneous_TDA_H0,0.3950830399990082,12
866,all,encoder,delta/9ps/instantaneous_TDA_H0,0.3405267000198364,12
867,all,encoder,delta/9ps/instantaneous_TDA_H0,0.5240738987922668,12
868,all,encoder,delta/9ps/instantaneous_TDA_H0,0.7174294590950012,12
869,all,encoder,delta/9ps/instantaneous_TDA_H0,0.37857624888420105,12
870,all,encoder,delta/9ps/instantaneous_TDA_H0,0.3456668555736542,12
871,all,encoder,delta/9ps/instantaneous_TDA_H0,0.6878746151924133,12
872,all,encoder,delta/9ps/instantaneous_TDA_H0,0.236613929271698,12
873,all,encoder,delta/9ps/instantaneous_TDA_H0,0.23796308040618896,12
874,all,encoder,delta/9ps/instantaneous_TDA_H0,0.3349422216415405,12
884,all,encoder,delta/9ps/instantaneous_TDA_H0,0.17618371546268463,12
885,all,encoder,delta/9ps/instantaneous_TDA_H0,0.28529947996139526,12
886,all,encoder,delta/9ps/instantaneous_TDA_H0,0.3020443022251129,12
887,all,encoder,delta/9ps/instantaneous_TDA_H0,0.40822550654411316,12
888,all,encoder,delta/9ps/instantaneous_TDA_H0,0.3369625508785248,12
889,all,encoder,delta/9ps/instantaneous_TDA_H0,0.5729206800460815,12
890,all,encoder,delta/9ps/instantaneous_TDA_H0,0.2476009875535965,12
891,all,encoder,delta/9ps/instantaneous_TDA_H0,0.14997310936450958,12
892,all,encoder,delta/9ps/instantaneous_TDA_H0,0.4819238483905792,12
893,all,encoder,delta/9ps/instantaneous_TDA_H0,0.2599979043006897,12
894,all,encoder,delta/9ps/instantaneous_TDA_H0,0.23402976989746094,12
895,all,encoder,delta/9ps/instantaneous_TDA_H0,0.21667145192623138,12
896,all,encoder,delta/9ps/instantaneous_TDA_H0,0.14026227593421936,12
897,all,encoder,delta/9ps/instantaneous_TDA_H0,0.26720139384269714,12
898,all,encoder,delta/9ps/instantaneous_TDA_H0,0.20739032328128815,12
899,all,encoder,delta/9ps/instantaneous_TDA_H0,0.2485479712486267,12
900,all,encoder,delta/9ps/instantaneous_TDA_H0,0.1545344442129135,12
901,all,encoder,delta/9ps/instantaneous_TDA_H0,0.17261604964733124,12
914,all,encoder,delta/9ps/instantaneous_TDA_H0,0.37407663464546204,12
915,all,encoder,delta/9ps/instantaneous_TDA_H0,0.25691425800323486,12
916,all,encoder,delta/9ps/instantaneous_TDA_H0,0.16459785401821136,12
917,all,encoder,delta/9ps/instantaneous_TDA_H0,0.5077168941497803,12
918,all,encoder,delta/9ps/instantaneous_TDA_H0,0.16200138628482819,12
919,all,encoder,delta/9ps/instantaneous_TDA_H0,0.3662996292114258,12
920,all,encoder,delta/9ps/instantaneous_TDA_H0,0.22744686901569366,12
921,all,encoder,delta/9ps/instantaneous_TDA_H0,0.1634722203016281,12
922,all,encoder,delta/9ps/instantaneous_TDA_H0,0.424373984336853,12
923,all,encoder,delta/9ps/instantaneous_TDA_H0,0.22621451318264008,12
924,all,encoder,delta/9ps/instantaneous_TDA_H0,0.30015629529953003,12
925,all,encoder,delta/9ps/instantaneous_TDA_H0,0.14080271124839783,12
926,all,encoder,delta/9ps/instantaneous_TDA_H0,0.3771578371524811,12
927,all,encoder,delta/9ps/instantaneous_TDA_H0,0.2162611037492752,12
928,all,encoder,delta/9ps/instantaneous_TDA_H0,0.183990016579628,12
929,all,encoder,delta/9ps/instantaneous_TDA_H0,0.28491756319999695,12
930,all,encoder,delta/9ps/instantaneous_TDA_H0,0.300713449716568,12
931,all,encoder,delta/9ps/instantaneous_TDA_H0,0.19662851095199585,12
944,all,encoder,delta/9ps/instantaneous_TDA_H0,0.6422070860862732,12
945,all,encoder,delta/9ps/instantaneous_TDA_H0,0.29012417793273926,12
946,all,encoder,delta/9ps/instantaneous_TDA_H0,0.5288198590278625,12
947,all,encoder,delta/9ps/instantaneous_TDA_H0,0.09475807100534439,12
948,all,encoder,delta/9ps/instantaneous_TDA_H0,0.17535988986492157,12
949,all,encoder,delta/9ps/instantaneous_TDA_H0,0.4166208505630493,12
950,all,encoder,delta/9ps/instantaneous_TDA_H0,0.7303056120872498,12
951,all,encoder,delta/9ps/instantaneous_TDA_H0,0.249867245554924,12
952,all,encoder,delta/9ps/instantaneous_TDA_H0,0.5534796714782715,12
953,all,encoder,delta/9ps/instantaneous_TDA_H0,0.8570034503936768,12
954,all,encoder,delta/9ps/instantaneous_TDA_H0,0.33682766556739807,12
955,all,encoder,delta/9ps/instantaneous_TDA_H0,0.35205841064453125,12
956,all,encoder,delta/9ps/instantaneous_TDA_H0,0.24112451076507568,12
957,all,encoder,delta/9ps/instantaneous_TDA_H0,0.33113715052604675,12
958,all,encoder,delta/9ps/instantaneous_TDA_H0,0.3613450825214386,12
959,all,encoder,delta/9ps/instantaneous_TDA_H0,0.4507078230381012,12
960,all,encoder,delta/9ps/instantaneous_TDA_H0,0.1988687366247177,12
961,all,encoder,delta/9ps/instantaneous_TDA_H0,0.45416784286499023,12
974,all,encoder,delta/9ps/instantaneous_TDA_H0,0.2834537923336029,12
975,all,encoder,delta/9ps/instantaneous_TDA_H0,0.5854740142822266,12
976,all,encoder,delta/9ps/instantaneous_TDA_H0,0.28675398230552673,12
977,all,encoder,delta/9ps/instantaneous_TDA_H0,0.5668225884437561,12
978,all,encoder,delta/9ps/instantaneous_TDA_H0,0.47438809275627136,12
979,all,encoder,delta/9ps/instantaneous_TDA_H0,0.22632092237472534,12
980,all,encoder,delta/9ps/instantaneous_TDA_H0,0.1756318062543869,12
981,all,encoder,delta/9ps/instantaneous_TDA_H0,0.24764041602611542,12
982,all,encoder,delta/9ps/instantaneous_TDA_H0,0.17507684230804443,12
983,all,encoder,delta/9ps/instantaneous_TDA_H0,0.37592434883117676,12
984,all,encoder,delta/9ps/instantaneous_TDA_H0,0.2094670981168747,12
985,all,encoder,delta/9ps/instantaneous_TDA_H0,0.4526013433933258,12
986,all,encoder,delta/9ps/instantaneous_TDA_H0,0.5740577578544617,12
987,all,encoder,delta/9ps/instantaneous_TDA_H0,0.3821631371974945,12
988,all,encoder,delta/9ps/instantaneous_TDA_H0,0.2934685945510864,12
989,all,encoder,delta/9ps/instantaneous_TDA_H0,0.19349373877048492,12
990,all,encoder,delta/9ps/instantaneous_TDA_H0,0.32484087347984314,12
991,all,encoder,delta/9ps/instantaneous_TDA_H0,0.2069549411535263,12
1004,all,encoder,delta/9ps/instantaneous_TDA_H0,0.24784596264362335,12
1005,all,encoder,delta/9ps/instantaneous_TDA_H0,0.37936270236968994,12
1006,all,encoder,delta/9ps/instantaneous_TDA_H0,0.4589892625808716,12
860,all,encoder,present/instantaneous_TDA_H1,0.5372310876846313,12
861,all,encoder,present/instantaneous_TDA_H1,2.4614412784576416,12
862,all,encoder,present/instantaneous_TDA_H1,0.6736962199211121,12
863,all,encoder,present/instantaneous_TDA_H1,0.6782016158103943,12
864,all,encoder,present/instantaneous_TDA_H1,1.966521143913269,12
865,all,encoder,present/instantaneous_TDA_H1,1.5826964378356934,12
866,all,encoder,present/instantaneous_TDA_H1,2.3663837909698486,12
867,all,encoder,present/instantaneous_TDA_H1,1.5539242029190063,12
868,all,encoder,present/instantaneous_TDA_H1,1.6055806875228882,12
869,all,encoder,present/instantaneous_TDA_H1,2.2763051986694336,12
870,all,encoder,present/instantaneous_TDA_H1,2.181751012802124,12
871,all,encoder,present/instantaneous_TDA_H1,1.5919331312179565,12
872,all,encoder,present/instantaneous_TDA_H1,0.30953502655029297,12
873,all,encoder,present/instantaneous_TDA_H1,0.33413371443748474,12
874,all,encoder,present/instantaneous_TDA_H1,2.3143858909606934,12
884,all,encoder,present/instantaneous_TDA_H1,1.00875723361969,12
885,all,encoder,present/instantaneous_TDA_H1,0.8714768886566162,12
886,all,encoder,present/instantaneous_TDA_H1,1.3804911375045776,12
887,all,encoder,present/instantaneous_TDA_H1,1.1537543535232544,12
888,all,encoder,present/instantaneous_TDA_H1,1.3231252431869507,12
889,all,encoder,present/instantaneous_TDA_H1,1.1806912422180176,12
890,all,encoder,present/instantaneous_TDA_H1,1.0308321714401245,12
891,all,encoder,present/instantaneous_TDA_H1,0.9660869240760803,12
892,all,encoder,present/instantaneous_TDA_H1,0.8178126811981201,12
893,all,encoder,present/instantaneous_TDA_H1,1.08460533618927,12
894,all,encoder,present/instantaneous_TDA_H1,1.1447848081588745,12
895,all,encoder,present/instantaneous_TDA_H1,1.000765085220337,12
896,all,encoder,present/instantaneous_TDA_H1,0.9123077392578125,12
897,all,encoder,present/instantaneous_TDA_H1,1.2742456197738647,12
898,all,encoder,present/instantaneous_TDA_H1,1.2781981229782104,12
899,all,encoder,present/instantaneous_TDA_H1,0.8131113648414612,12
900,all,encoder,present/instantaneous_TDA_H1,1.1489934921264648,12
901,all,encoder,present/instantaneous_TDA_H1,1.3901511430740356,12
914,all,encoder,present/instantaneous_TDA_H1,0.6057806611061096,12
915,all,encoder,present/instantaneous_TDA_H1,0.7213001251220703,12
916,all,encoder,present/instantaneous_TDA_H1,0.7620317935943604,12
917,all,encoder,present/instantaneous_TDA_H1,1.0616487264633179,12
918,all,encoder,present/instantaneous_TDA_H1,1.1026729345321655,12
919,all,encoder,present/instantaneous_TDA_H1,1.1574128866195679,12
920,all,encoder,present/instantaneous_TDA_H1,0.6034160256385803,12
921,all,encoder,present/instantaneous_TDA_H1,1.1878758668899536,12
922,all,encoder,present/instantaneous_TDA_H1,0.7823800444602966,12
923,all,encoder,present/instantaneous_TDA_H1,1.0097520351409912,12
924,all,encoder,present/instantaneous_TDA_H1,0.668220043182373,12
925,all,encoder,present/instantaneous_TDA_H1,0.7992353439331055,12
926,all,encoder,present/instantaneous_TDA_H1,1.081119179725647,12
927,all,encoder,present/instantaneous_TDA_H1,0.9883198142051697,12
928,all,encoder,present/instantaneous_TDA_H1,0.4424586296081543,12
929,all,encoder,present/instantaneous_TDA_H1,0.9792868494987488,12
930,all,encoder,present/instantaneous_TDA_H1,0.9696958661079407,12
931,all,encoder,present/instantaneous_TDA_H1,0.3164668381214142,12
944,all,encoder,present/instantaneous_TDA_H1,1.1080851554870605,12
945,all,encoder,present/instantaneous_TDA_H1,0.8757794499397278,12
946,all,encoder,present/instantaneous_TDA_H1,0.8159821629524231,12
947,all,encoder,present/instantaneous_TDA_H1,0.95809006690979,12
948,all,encoder,present/instantaneous_TDA_H1,0.9786110520362854,12
949,all,encoder,present/instantaneous_TDA_H1,0.9328317046165466,12
950,all,encoder,present/instantaneous_TDA_H1,1.6449023485183716,12
951,all,encoder,present/instantaneous_TDA_H1,0.9302683472633362,12
952,all,encoder,present/instantaneous_TDA_H1,0.7261195778846741,12
953,all,encoder,present/instantaneous_TDA_H1,0.7752180695533752,12
954,all,encoder,present/instantaneous_TDA_H1,1.5948654413223267,12
955,all,encoder,present/instantaneous_TDA_H1,0.666271984577179,12
956,all,encoder,present/instantaneous_TDA_H1,1.8503036499023438,12
957,all,encoder,present/instantaneous_TDA_H1,0.7522428631782532,12
958,all,encoder,present/instantaneous_TDA_H1,0.8148893713951111,12
959,all,encoder,present/instantaneous_TDA_H1,0.5409739017486572,12
960,all,encoder,present/instantaneous_TDA_H1,0.8748071789741516,12
961,all,encoder,present/instantaneous_TDA_H1,0.576296865940094,12
974,all,encoder,present/instantaneous_TDA_H1,0.48321759700775146,12
975,all,encoder,present/instantaneous_TDA_H1,0.6281003355979919,12
976,all,encoder,present/instantaneous_TDA_H1,0.6000192761421204,12
977,all,encoder,present/instantaneous_TDA_H1,0.6922505497932434,12
978,all,encoder,present/instantaneous_TDA_H1,2.3458244800567627,12
979,all,encoder,present/instantaneous_TDA_H1,2.100247621536255,12
980,all,encoder,present/instantaneous_TDA_H1,0.644976794719696,12
981,all,encoder,present/instantaneous_TDA_H1,0.6046080589294434,12
982,all,encoder,present/instantaneous_TDA_H1,0.4942508041858673,12
983,all,encoder,present/instantaneous_TDA_H1,0.5271270871162415,12
984,all,encoder,present/instantaneous_TDA_H1,0.6032939553260803,12
985,all,encoder,present/instantaneous_TDA_H1,0.5369215607643127,12
986,all,encoder,present/instantaneous_TDA_H1,0.48750317096710205,12
987,all,encoder,present/instantaneous_TDA_H1,0.3301946222782135,12
988,all,encoder,present/instantaneous_TDA_H1,1.6651979684829712,12
989,all,encoder,present/instantaneous_TDA_H1,0.41416147351264954,12
990,all,encoder,present/instantaneous_TDA_H1,0.6080284714698792,12
991,all,encoder,present/instantaneous_TDA_H1,0.5532560348510742,12
1004,all,encoder,present/instantaneous_TDA_H1,0.7090901732444763,12
1005,all,encoder,present/instantaneous_TDA_H1,0.8328454494476318,12
1006,all,encoder,present/instantaneous_TDA_H1,0.5328025817871094,12
860,all,encoder,future/0.75ps/instantaneous_TDA_H1,0.612754225730896,12
861,all,encoder,future/0.75ps/instantaneous_TDA_H1,2.3764209747314453,12
862,all,encoder,future/0.75ps/instantaneous_TDA_H1,0.6297440528869629,12
863,all,encoder,future/0.75ps/instantaneous_TDA_H1,0.6380723118782043,12
864,all,encoder,future/0.75ps/instantaneous_TDA_H1,2.0030221939086914,12
865,all,encoder,future/0.75ps/instantaneous_TDA_H1,2.06097674369812,12
866,all,encoder,future/0.75ps/instantaneous_TDA_H1,2.4647419452667236,12
867,all,encoder,future/0.75ps/instantaneous_TDA_H1,1.7118991613388062,12
868,all,encoder,future/0.75ps/instantaneous_TDA_H1,1.5372276306152344,12
869,all,encoder,future/0.75ps/instantaneous_TDA_H1,2.4122474193573,12
870,all,encoder,future/0.75ps/instantaneous_TDA_H1,2.0356969833374023,12
871,all,encoder,future/0.75ps/instantaneous_TDA_H1,1.4418848752975464,12
872,all,encoder,future/0.75ps/instantaneous_TDA_H1,0.320765882730484,12
873,all,encoder,future/0.75ps/instantaneous_TDA_H1,0.371891051530838,12
874,all,encoder,future/0.75ps/instantaneous_TDA_H1,2.266101837158203,12
884,all,encoder,future/0.75ps/instantaneous_TDA_H1,0.9507131576538086,12
885,all,encoder,future/0.75ps/instantaneous_TDA_H1,1.0039461851119995,12
886,all,encoder,future/0.75ps/instantaneous_TDA_H1,1.1986503601074219,12
887,all,encoder,future/0.75ps/instantaneous_TDA_H1,1.294266700744629,12
888,all,encoder,future/0.75ps/instantaneous_TDA_H1,1.269644856452942,12
889,all,encoder,future/0.75ps/instantaneous_TDA_H1,1.2024227380752563,12
890,all,encoder,future/0.75ps/instantaneous_TDA_H1,1.087568998336792,12
891,all,encoder,future/0.75ps/instantaneous_TDA_H1,1.0060690641403198,12
892,all,encoder,future/0.75ps/instantaneous_TDA_H1,0.7409290671348572,12
893,all,encoder,future/0.75ps/instantaneous_TDA_H1,1.0531672239303589,12
894,all,encoder,future/0.75ps/instantaneous_TDA_H1,1.0850776433944702,12
895,all,encoder,future/0.75ps/instantaneous_TDA_H1,1.032074213027954,12
896,all,encoder,future/0.75ps/instantaneous_TDA_H1,0.8471956849098206,12
897,all,encoder,future/0.75ps/instantaneous_TDA_H1,1.1345397233963013,12
898,all,encoder,future/0.75ps/instantaneous_TDA_H1,1.2213706970214844,12
899,all,encoder,future/0.75ps/instantaneous_TDA_H1,0.8749116063117981,12
900,all,encoder,future/0.75ps/instantaneous_TDA_H1,1.1687926054000854,12
901,all,encoder,future/0.75ps/instantaneous_TDA_H1,1.3388090133666992,12
914,all,encoder,future/0.75ps/instantaneous_TDA_H1,0.6705374717712402,12
915,all,encoder,future/0.75ps/instantaneous_TDA_H1,0.6662469506263733,12
916,all,encoder,future/0.75ps/instantaneous_TDA_H1,0.7651229500770569,12
917,all,encoder,future/0.75ps/instantaneous_TDA_H1,1.0573205947875977,12
918,all,encoder,future/0.75ps/instantaneous_TDA_H1,1.1369222402572632,12
919,all,encoder,future/0.75ps/instantaneous_TDA_H1,1.018096923828125,12
920,all,encoder,future/0.75ps/instantaneous_TDA_H1,0.6021153330802917,12
921,all,encoder,future/0.75ps/instantaneous_TDA_H1,1.1190956830978394,12
922,all,encoder,future/0.75ps/instantaneous_TDA_H1,0.8247286677360535,12
923,all,encoder,future/0.75ps/instantaneous_TDA_H1,1.010899543762207,12
924,all,encoder,future/0.75ps/instantaneous_TDA_H1,0.6842427253723145,12
925,all,encoder,future/0.75ps/instantaneous_TDA_H1,0.9162947535514832,12
926,all,encoder,future/0.75ps/instantaneous_TDA_H1,1.0423715114593506,12
927,all,encoder,future/0.75ps/instantaneous_TDA_H1,0.8975496888160706,12
928,all,encoder,future/0.75ps/instantaneous_TDA_H1,0.4136142432689667,12
929,all,encoder,future/0.75ps/instantaneous_TDA_H1,1.077182650566101,12
930,all,encoder,future/0.75ps/instantaneous_TDA_H1,1.0488477945327759,12
931,all,encoder,future/0.75ps/instantaneous_TDA_H1,0.3116300404071808,12
944,all,encoder,future/0.75ps/instantaneous_TDA_H1,1.1121469736099243,12
945,all,encoder,future/0.75ps/instantaneous_TDA_H1,0.8505802750587463,12
946,all,encoder,future/0.75ps/instantaneous_TDA_H1,0.770077645778656,12
947,all,encoder,future/0.75ps/instantaneous_TDA_H1,0.8504732251167297,12
948,all,encoder,future/0.75ps/instantaneous_TDA_H1,0.9613850712776184,12
949,all,encoder,future/0.75ps/instantaneous_TDA_H1,0.8023069500923157,12
950,all,encoder,future/0.75ps/instantaneous_TDA_H1,1.6176778078079224,12
951,all,encoder,future/0.75ps/instantaneous_TDA_H1,0.9378726482391357,12
952,all,encoder,future/0.75ps/instantaneous_TDA_H1,0.7195158004760742,12
953,all,encoder,future/0.75ps/instantaneous_TDA_H1,0.7106744647026062,12
954,all,encoder,future/0.75ps/instantaneous_TDA_H1,1.7934786081314087,12
955,all,encoder,future/0.75ps/instantaneous_TDA_H1,0.5987614989280701,12
956,all,encoder,future/0.75ps/instantaneous_TDA_H1,1.8475784063339233,12
957,all,encoder,future/0.75ps/instantaneous_TDA_H1,0.685703694820404,12
958,all,encoder,future/0.75ps/instantaneous_TDA_H1,0.9300995469093323,12
959,all,encoder,future/0.75ps/instantaneous_TDA_H1,0.479498952627182,12
960,all,encoder,future/0.75ps/instantaneous_TDA_H1,0.8191618323326111,12
961,all,encoder,future/0.75ps/instantaneous_TDA_H1,0.5591375827789307,12
974,all,encoder,future/0.75ps/instantaneous_TDA_H1,0.5018385052680969,12
975,all,encoder,future/0.75ps/instantaneous_TDA_H1,0.5743475556373596,12
976,all,encoder,future/0.75ps/instantaneous_TDA_H1,0.5683607459068298,12
977,all,encoder,future/0.75ps/instantaneous_TDA_H1,0.5902103185653687,12
978,all,encoder,future/0.75ps/instantaneous_TDA_H1,2.236057996749878,12
979,all,encoder,future/0.75ps/instantaneous_TDA_H1,2.0277223587036133,12
980,all,encoder,future/0.75ps/instantaneous_TDA_H1,0.5428534746170044,12
981,all,encoder,future/0.75ps/instantaneous_TDA_H1,0.5865803956985474,12
982,all,encoder,future/0.75ps/instantaneous_TDA_H1,0.47295132279396057,12
983,all,encoder,future/0.75ps/instantaneous_TDA_H1,0.5194528102874756,12
984,all,encoder,future/0.75ps/instantaneous_TDA_H1,0.7276321053504944,12
985,all,encoder,future/0.75ps/instantaneous_TDA_H1,0.5086879730224609,12
986,all,encoder,future/0.75ps/instantaneous_TDA_H1,0.4081963300704956,12
987,all,encoder,future/0.75ps/instantaneous_TDA_H1,0.37945786118507385,12
988,all,encoder,future/0.75ps/instantaneous_TDA_H1,1.4854542016983032,12
989,all,encoder,future/0.75ps/instantaneous_TDA_H1,0.4443718492984772,12
990,all,encoder,future/0.75ps/instantaneous_TDA_H1,0.5695636868476868,12
991,all,encoder,future/0.75ps/instantaneous_TDA_H1,0.5583376884460449,12
1004,all,encoder,future/0.75ps/instantaneous_TDA_H1,0.6252312660217285,12
1005,all,encoder,future/0.75ps/instantaneous_TDA_H1,0.8289257884025574,12
1006,all,encoder,future/0.75ps/instantaneous_TDA_H1,0.5928184390068054,12
860,all,persistence,future/0.75ps/instantaneous_TDA_H1,0.1713799685239792,12
861,all,persistence,future/0.75ps/instantaneous_TDA_H1,0.16324858367443085,12
862,all,persistence,future/0.75ps/instantaneous_TDA_H1,0.11294692009687424,12
863,all,persistence,future/0.75ps/instantaneous_TDA_H1,0.13246330618858337,12
864,all,persistence,future/0.75ps/instantaneous_TDA_H1,0.1672244817018509,12
865,all,persistence,future/0.75ps/instantaneous_TDA_H1,0.15212474763393402,12
866,all,persistence,future/0.75ps/instantaneous_TDA_H1,0.23413614928722382,12
867,all,persistence,future/0.75ps/instantaneous_TDA_H1,0.2083684653043747,12
868,all,persistence,future/0.75ps/instantaneous_TDA_H1,0.10953223705291748,12
869,all,persistence,future/0.75ps/instantaneous_TDA_H1,0.23335129022598267,12
870,all,persistence,future/0.75ps/instantaneous_TDA_H1,0.17748694121837616,12
871,all,persistence,future/0.75ps/instantaneous_TDA_H1,0.2658882141113281,12
872,all,persistence,future/0.75ps/instantaneous_TDA_H1,0.1912504881620407,12
873,all,persistence,future/0.75ps/instantaneous_TDA_H1,0.16198474168777466,12
874,all,persistence,future/0.75ps/instantaneous_TDA_H1,0.19867800176143646,12
884,all,persistence,future/0.75ps/instantaneous_TDA_H1,0.19379903376102448,12
885,all,persistence,future/0.75ps/instantaneous_TDA_H1,0.0906890407204628,12
886,all,persistence,future/0.75ps/instantaneous_TDA_H1,0.2346382886171341,12
887,all,persistence,future/0.75ps/instantaneous_TDA_H1,0.1516532450914383,12
888,all,persistence,future/0.75ps/instantaneous_TDA_H1,0.12103872746229172,12
889,all,persistence,future/0.75ps/instantaneous_TDA_H1,0.09020296484231949,12
890,all,persistence,future/0.75ps/instantaneous_TDA_H1,0.1726154237985611,12
891,all,persistence,future/0.75ps/instantaneous_TDA_H1,0.12340188771486282,12
892,all,persistence,future/0.75ps/instantaneous_TDA_H1,0.14811481535434723,12
893,all,persistence,future/0.75ps/instantaneous_TDA_H1,0.1570037454366684,12
894,all,persistence,future/0.75ps/instantaneous_TDA_H1,0.11667089909315109,12
895,all,persistence,future/0.75ps/instantaneous_TDA_H1,0.08052920550107956,12
896,all,persistence,future/0.75ps/instantaneous_TDA_H1,0.16255953907966614,12
897,all,persistence,future/0.75ps/instantaneous_TDA_H1,0.15518701076507568,12
898,all,persistence,future/0.75ps/instantaneous_TDA_H1,0.06980755180120468,12
899,all,persistence,future/0.75ps/instantaneous_TDA_H1,0.13275453448295593,12
900,all,persistence,future/0.75ps/instantaneous_TDA_H1,0.16449862718582153,12
901,all,persistence,future/0.75ps/instantaneous_TDA_H1,0.10754754394292831,12
914,all,persistence,future/0.75ps/instantaneous_TDA_H1,0.22018514573574066,12
915,all,persistence,future/0.75ps/instantaneous_TDA_H1,0.15253867208957672,12
916,all,persistence,future/0.75ps/instantaneous_TDA_H1,0.10709875822067261,12
917,all,persistence,future/0.75ps/instantaneous_TDA_H1,0.14033518731594086,12
918,all,persistence,future/0.75ps/instantaneous_TDA_H1,0.15682168304920197,12
919,all,persistence,future/0.75ps/instantaneous_TDA_H1,0.1527763456106186,12
920,all,persistence,future/0.75ps/instantaneous_TDA_H1,0.06788400560617447,12
921,all,persistence,future/0.75ps/instantaneous_TDA_H1,0.21062491834163666,12
922,all,persistence,future/0.75ps/instantaneous_TDA_H1,0.17540545761585236,12
923,all,persistence,future/0.75ps/instantaneous_TDA_H1,0.08613044023513794,12
924,all,persistence,future/0.75ps/instantaneous_TDA_H1,0.14254553616046906,12
925,all,persistence,future/0.75ps/instantaneous_TDA_H1,0.1092386543750763,12
926,all,persistence,future/0.75ps/instantaneous_TDA_H1,0.10934098809957504,12
927,all,persistence,future/0.75ps/instantaneous_TDA_H1,0.1303689330816269,12
928,all,persistence,future/0.75ps/instantaneous_TDA_H1,0.13014422357082367,12
929,all,persistence,future/0.75ps/instantaneous_TDA_H1,0.1188788115978241,12
930,all,persistence,future/0.75ps/instantaneous_TDA_H1,0.11968692392110825,12
931,all,persistence,future/0.75ps/instantaneous_TDA_H1,0.09843150526285172,12
944,all,persistence,future/0.75ps/instantaneous_TDA_H1,0.10438995808362961,12
945,all,persistence,future/0.75ps/instantaneous_TDA_H1,0.11399203538894653,12
946,all,persistence,future/0.75ps/instantaneous_TDA_H1,0.18987207114696503,12
947,all,persistence,future/0.75ps/instantaneous_TDA_H1,0.12444888800382614,12
948,all,persistence,future/0.75ps/instantaneous_TDA_H1,0.208475723862648,12
949,all,persistence,future/0.75ps/instantaneous_TDA_H1,0.30373451113700867,12
950,all,persistence,future/0.75ps/instantaneous_TDA_H1,0.18613135814666748,12
951,all,persistence,future/0.75ps/instantaneous_TDA_H1,0.11074119061231613,12
952,all,persistence,future/0.75ps/instantaneous_TDA_H1,0.22490327060222626,12
953,all,persistence,future/0.75ps/instantaneous_TDA_H1,0.24592339992523193,12
954,all,persistence,future/0.75ps/instantaneous_TDA_H1,0.27988559007644653,12
955,all,persistence,future/0.75ps/instantaneous_TDA_H1,0.16179774701595306,12
956,all,persistence,future/0.75ps/instantaneous_TDA_H1,0.2125260829925537,12
957,all,persistence,future/0.75ps/instantaneous_TDA_H1,0.17401744425296783,12
958,all,persistence,future/0.75ps/instantaneous_TDA_H1,0.1950996071100235,12
959,all,persistence,future/0.75ps/instantaneous_TDA_H1,0.13578160107135773,12
960,all,persistence,future/0.75ps/instantaneous_TDA_H1,0.20489560067653656,12
961,all,persistence,future/0.75ps/instantaneous_TDA_H1,0.15694354474544525,12
974,all,persistence,future/0.75ps/instantaneous_TDA_H1,0.1995222121477127,12
975,all,persistence,future/0.75ps/instantaneous_TDA_H1,0.18105827271938324,12
976,all,persistence,future/0.75ps/instantaneous_TDA_H1,0.16485512256622314,12
977,all,persistence,future/0.75ps/instantaneous_TDA_H1,0.13235019147396088,12
978,all,persistence,future/0.75ps/instantaneous_TDA_H1,0.27467939257621765,12
979,all,persistence,future/0.75ps/instantaneous_TDA_H1,0.16689522564411163,12
980,all,persistence,future/0.75ps/instantaneous_TDA_H1,0.24201352894306183,12
981,all,persistence,future/0.75ps/instantaneous_TDA_H1,0.16845297813415527,12
982,all,persistence,future/0.75ps/instantaneous_TDA_H1,0.21181444823741913,12
983,all,persistence,future/0.75ps/instantaneous_TDA_H1,0.13411056995391846,12
984,all,persistence,future/0.75ps/instantaneous_TDA_H1,0.14963047206401825,12
985,all,persistence,future/0.75ps/instantaneous_TDA_H1,0.1747802048921585,12
986,all,persistence,future/0.75ps/instantaneous_TDA_H1,0.09795502573251724,12
987,all,persistence,future/0.75ps/instantaneous_TDA_H1,0.13510771095752716,12
988,all,persistence,future/0.75ps/instantaneous_TDA_H1,0.16459347307682037,12
989,all,persistence,future/0.75ps/instantaneous_TDA_H1,0.11624431610107422,12
990,all,persistence,future/0.75ps/instantaneous_TDA_H1,0.09839048236608505,12
991,all,persistence,future/0.75ps/instantaneous_TDA_H1,0.09759605675935745,12
1004,all,persistence,future/0.75ps/instantaneous_TDA_H1,0.10504838079214096,12
1005,all,persistence,future/0.75ps/instantaneous_TDA_H1,0.1677122563123703,12
1006,all,persistence,future/0.75ps/instantaneous_TDA_H1,0.12948958575725555,12
860,all,encoder,delta/0.75ps/instantaneous_TDA_H1,0.16555280983448029,12
861,all,encoder,delta/0.75ps/instantaneous_TDA_H1,0.16080228984355927,12
862,all,encoder,delta/0.75ps/instantaneous_TDA_H1,0.11308497190475464,12
863,all,encoder,delta/0.75ps/instantaneous_TDA_H1,0.13842424750328064,12
864,all,encoder,delta/0.75ps/instantaneous_TDA_H1,0.16458074748516083,12
865,all,encoder,delta/0.75ps/instantaneous_TDA_H1,0.16825689375400543,12
866,all,encoder,delta/0.75ps/instantaneous_TDA_H1,0.2366681694984436,12
867,all,encoder,delta/0.75ps/instantaneous_TDA_H1,0.2137073278427124,12
868,all,encoder,delta/0.75ps/instantaneous_TDA_H1,0.11574079841375351,12
869,all,encoder,delta/0.75ps/instantaneous_TDA_H1,0.24056501686573029,12
870,all,encoder,delta/0.75ps/instantaneous_TDA_H1,0.17488901317119598,12
871,all,encoder,delta/0.75ps/instantaneous_TDA_H1,0.25582972168922424,12
872,all,encoder,delta/0.75ps/instantaneous_TDA_H1,0.1903025060892105,12
873,all,encoder,delta/0.75ps/instantaneous_TDA_H1,0.15853625535964966,12
874,all,encoder,delta/0.75ps/instantaneous_TDA_H1,0.20004898309707642,12
884,all,encoder,delta/0.75ps/instantaneous_TDA_H1,0.1990615278482437,12
885,all,encoder,delta/0.75ps/instantaneous_TDA_H1,0.10030027478933334,12
886,all,encoder,delta/0.75ps/instantaneous_TDA_H1,0.24457764625549316,12
887,all,encoder,delta/0.75ps/instantaneous_TDA_H1,0.1575431078672409,12
888,all,encoder,delta/0.75ps/instantaneous_TDA_H1,0.12235986441373825,12
889,all,encoder,delta/0.75ps/instantaneous_TDA_H1,0.09143777936697006,12
890,all,encoder,delta/0.75ps/instantaneous_TDA_H1,0.1702880859375,12
891,all,encoder,delta/0.75ps/instantaneous_TDA_H1,0.12710905075073242,12
892,all,encoder,delta/0.75ps/instantaneous_TDA_H1,0.1484501212835312,12
893,all,encoder,delta/0.75ps/instantaneous_TDA_H1,0.1586524397134781,12
894,all,encoder,delta/0.75ps/instantaneous_TDA_H1,0.11453478783369064,12
895,all,encoder,delta/0.75ps/instantaneous_TDA_H1,0.0814802423119545,12
896,all,encoder,delta/0.75ps/instantaneous_TDA_H1,0.15558655560016632,12
897,all,encoder,delta/0.75ps/instantaneous_TDA_H1,0.15368148684501648,12
898,all,encoder,delta/0.75ps/instantaneous_TDA_H1,0.069659523665905,12
899,all,encoder,delta/0.75ps/instantaneous_TDA_H1,0.14510567486286163,12
900,all,encoder,delta/0.75ps/instantaneous_TDA_H1,0.16825930774211884,12
901,all,encoder,delta/0.75ps/instantaneous_TDA_H1,0.11420094966888428,12
914,all,encoder,delta/0.75ps/instantaneous_TDA_H1,0.22775240242481232,12
915,all,encoder,delta/0.75ps/instantaneous_TDA_H1,0.14809513092041016,12
916,all,encoder,delta/0.75ps/instantaneous_TDA_H1,0.11034667491912842,12
917,all,encoder,delta/0.75ps/instantaneous_TDA_H1,0.14474843442440033,12
918,all,encoder,delta/0.75ps/instantaneous_TDA_H1,0.16354967653751373,12
919,all,encoder,delta/0.75ps/instantaneous_TDA_H1,0.14839231967926025,12
920,all,encoder,delta/0.75ps/instantaneous_TDA_H1,0.06713405251502991,12
921,all,encoder,delta/0.75ps/instantaneous_TDA_H1,0.21708329021930695,12
922,all,encoder,delta/0.75ps/instantaneous_TDA_H1,0.1769244521856308,12
923,all,encoder,delta/0.75ps/instantaneous_TDA_H1,0.08505595475435257,12
924,all,encoder,delta/0.75ps/instantaneous_TDA_H1,0.14333471655845642,12
925,all,encoder,delta/0.75ps/instantaneous_TDA_H1,0.10279349237680435,12
926,all,encoder,delta/0.75ps/instantaneous_TDA_H1,0.11043214797973633,12
927,all,encoder,delta/0.75ps/instantaneous_TDA_H1,0.14303186535835266,12
928,all,encoder,delta/0.75ps/instantaneous_TDA_H1,0.13437390327453613,12
929,all,encoder,delta/0.75ps/instantaneous_TDA_H1,0.11721768230199814,12
930,all,encoder,delta/0.75ps/instantaneous_TDA_H1,0.11318721622228622,12
931,all,encoder,delta/0.75ps/instantaneous_TDA_H1,0.11214509606361389,12
944,all,encoder,delta/0.75ps/instantaneous_TDA_H1,0.10151156783103943,12
945,all,encoder,delta/0.75ps/instantaneous_TDA_H1,0.12086888402700424,12
946,all,encoder,delta/0.75ps/instantaneous_TDA_H1,0.1937304139137268,12
947,all,encoder,delta/0.75ps/instantaneous_TDA_H1,0.13008207082748413,12
948,all,encoder,delta/0.75ps/instantaneous_TDA_H1,0.21076716482639313,12
949,all,encoder,delta/0.75ps/instantaneous_TDA_H1,0.31296101212501526,12
950,all,encoder,delta/0.75ps/instantaneous_TDA_H1,0.189864382147789,12
951,all,encoder,delta/0.75ps/instantaneous_TDA_H1,0.10601893812417984,12
952,all,encoder,delta/0.75ps/instantaneous_TDA_H1,0.22499704360961914,12
953,all,encoder,delta/0.75ps/instantaneous_TDA_H1,0.2532769739627838,12
954,all,encoder,delta/0.75ps/instantaneous_TDA_H1,0.2899666130542755,12
955,all,encoder,delta/0.75ps/instantaneous_TDA_H1,0.1684127002954483,12
956,all,encoder,delta/0.75ps/instantaneous_TDA_H1,0.21572355926036835,12
957,all,encoder,delta/0.75ps/instantaneous_TDA_H1,0.18509541451931,12
958,all,encoder,delta/0.75ps/instantaneous_TDA_H1,0.19357514381408691,12
959,all,encoder,delta/0.75ps/instantaneous_TDA_H1,0.1456194669008255,12
960,all,encoder,delta/0.75ps/instantaneous_TDA_H1,0.20846231281757355,12
961,all,encoder,delta/0.75ps/instantaneous_TDA_H1,0.15599201619625092,12
974,all,encoder,delta/0.75ps/instantaneous_TDA_H1,0.19542497396469116,12
975,all,encoder,delta/0.75ps/instantaneous_TDA_H1,0.18404358625411987,12
976,all,encoder,delta/0.75ps/instantaneous_TDA_H1,0.16892655193805695,12
977,all,encoder,delta/0.75ps/instantaneous_TDA_H1,0.13879355788230896,12
978,all,encoder,delta/0.75ps/instantaneous_TDA_H1,0.2758462429046631,12
979,all,encoder,delta/0.75ps/instantaneous_TDA_H1,0.16892008483409882,12
980,all,encoder,delta/0.75ps/instantaneous_TDA_H1,0.25333747267723083,12
981,all,encoder,delta/0.75ps/instantaneous_TDA_H1,0.17504756152629852,12
982,all,encoder,delta/0.75ps/instantaneous_TDA_H1,0.19914519786834717,12
983,all,encoder,delta/0.75ps/instantaneous_TDA_H1,0.1439380943775177,12
984,all,encoder,delta/0.75ps/instantaneous_TDA_H1,0.15743431448936462,12
985,all,encoder,delta/0.75ps/instantaneous_TDA_H1,0.18010801076889038,12
986,all,encoder,delta/0.75ps/instantaneous_TDA_H1,0.1074921265244484,12
987,all,encoder,delta/0.75ps/instantaneous_TDA_H1,0.12978968024253845,12
988,all,encoder,delta/0.75ps/instantaneous_TDA_H1,0.16040967404842377,12
989,all,encoder,delta/0.75ps/instantaneous_TDA_H1,0.1132936105132103,12
990,all,encoder,delta/0.75ps/instantaneous_TDA_H1,0.09889190644025803,12
991,all,encoder,delta/0.75ps/instantaneous_TDA_H1,0.10211756825447083,12
1004,all,encoder,delta/0.75ps/instantaneous_TDA_H1,0.1164286732673645,12
1005,all,encoder,delta/0.75ps/instantaneous_TDA_H1,0.16691374778747559,12
1006,all,encoder,delta/0.75ps/instantaneous_TDA_H1,0.13017725944519043,12
860,all,encoder,future/3ps/instantaneous_TDA_H1,0.6351475119590759,12
861,all,encoder,future/3ps/instantaneous_TDA_H1,2.404637098312378,12
862,all,encoder,future/3ps/instantaneous_TDA_H1,0.6083889007568359,12
863,all,encoder,future/3ps/instantaneous_TDA_H1,0.6914957165718079,12
864,all,encoder,future/3ps/instantaneous_TDA_H1,2.3429625034332275,12
865,all,encoder,future/3ps/instantaneous_TDA_H1,2.0900380611419678,12
866,all,encoder,future/3ps/instantaneous_TDA_H1,2.1246747970581055,12
867,all,encoder,future/3ps/instantaneous_TDA_H1,1.879189372062683,12
868,all,encoder,future/3ps/instantaneous_TDA_H1,1.3775553703308105,12
869,all,encoder,future/3ps/instantaneous_TDA_H1,2.447352647781372,12
870,all,encoder,future/3ps/instantaneous_TDA_H1,2.2783098220825195,12
871,all,encoder,future/3ps/instantaneous_TDA_H1,1.8028525114059448,12
872,all,encoder,future/3ps/instantaneous_TDA_H1,0.280131459236145,12
873,all,encoder,future/3ps/instantaneous_TDA_H1,0.3175119459629059,12
874,all,encoder,future/3ps/instantaneous_TDA_H1,1.828609824180603,12
884,all,encoder,future/3ps/instantaneous_TDA_H1,0.9719790816307068,12
885,all,encoder,future/3ps/instantaneous_TDA_H1,1.074813961982727,12
886,all,encoder,future/3ps/instantaneous_TDA_H1,1.1180235147476196,12
887,all,encoder,future/3ps/instantaneous_TDA_H1,1.3532347679138184,12
888,all,encoder,future/3ps/instantaneous_TDA_H1,1.0922621488571167,12
889,all,encoder,future/3ps/instantaneous_TDA_H1,1.1778393983840942,12
890,all,encoder,future/3ps/instantaneous_TDA_H1,1.3009976148605347,12
891,all,encoder,future/3ps/instantaneous_TDA_H1,0.9812492728233337,12
892,all,encoder,future/3ps/instantaneous_TDA_H1,0.9318626523017883,12
893,all,encoder,future/3ps/instantaneous_TDA_H1,0.8666356205940247,12
894,all,encoder,future/3ps/instantaneous_TDA_H1,1.0636714696884155,12
895,all,encoder,future/3ps/instantaneous_TDA_H1,0.7977383732795715,12
896,all,encoder,future/3ps/instantaneous_TDA_H1,0.854089081287384,12
897,all,encoder,future/3ps/instantaneous_TDA_H1,1.1273831129074097,12
898,all,encoder,future/3ps/instantaneous_TDA_H1,1.3639150857925415,12
899,all,encoder,future/3ps/instantaneous_TDA_H1,1.0684071779251099,12
900,all,encoder,future/3ps/instantaneous_TDA_H1,1.1649949550628662,12
901,all,encoder,future/3ps/instantaneous_TDA_H1,1.240458369255066,12
914,all,encoder,future/3ps/instantaneous_TDA_H1,0.38093653321266174,12
915,all,encoder,future/3ps/instantaneous_TDA_H1,0.7186796069145203,12
916,all,encoder,future/3ps/instantaneous_TDA_H1,1.0092592239379883,12
917,all,encoder,future/3ps/instantaneous_TDA_H1,1.4020205736160278,12
918,all,encoder,future/3ps/instantaneous_TDA_H1,1.119881272315979,12
919,all,encoder,future/3ps/instantaneous_TDA_H1,1.0790358781814575,12
920,all,encoder,future/3ps/instantaneous_TDA_H1,0.6887640357017517,12
921,all,encoder,future/3ps/instantaneous_TDA_H1,1.0728940963745117,12
922,all,encoder,future/3ps/instantaneous_TDA_H1,0.7084553241729736,12
923,all,encoder,future/3ps/instantaneous_TDA_H1,1.0051335096359253,12
924,all,encoder,future/3ps/instantaneous_TDA_H1,0.8490237593650818,12
925,all,encoder,future/3ps/instantaneous_TDA_H1,0.9325446486473083,12
926,all,encoder,future/3ps/instantaneous_TDA_H1,1.0064697265625,12
927,all,encoder,future/3ps/instantaneous_TDA_H1,1.0305951833724976,12
928,all,encoder,future/3ps/instantaneous_TDA_H1,0.36180803179740906,12
929,all,encoder,future/3ps/instantaneous_TDA_H1,0.9277896881103516,12
930,all,encoder,future/3ps/instantaneous_TDA_H1,1.2087947130203247,12
931,all,encoder,future/3ps/instantaneous_TDA_H1,0.28837332129478455,12
944,all,encoder,future/3ps/instantaneous_TDA_H1,1.189355492591858,12
945,all,encoder,future/3ps/instantaneous_TDA_H1,0.8501636981964111,12
946,all,encoder,future/3ps/instantaneous_TDA_H1,0.8246789574623108,12
947,all,encoder,future/3ps/instantaneous_TDA_H1,0.7818728089332581,12
948,all,encoder,future/3ps/instantaneous_TDA_H1,0.9601779580116272,12
949,all,encoder,future/3ps/instantaneous_TDA_H1,0.9582635760307312,12
950,all,encoder,future/3ps/instantaneous_TDA_H1,1.3706707954406738,12
951,all,encoder,future/3ps/instantaneous_TDA_H1,0.8471798896789551,12
952,all,encoder,future/3ps/instantaneous_TDA_H1,0.5339813828468323,12
953,all,encoder,future/3ps/instantaneous_TDA_H1,0.6857014298439026,12
954,all,encoder,future/3ps/instantaneous_TDA_H1,2.0683979988098145,12
955,all,encoder,future/3ps/instantaneous_TDA_H1,0.6524248719215393,12
956,all,encoder,future/3ps/instantaneous_TDA_H1,1.4552727937698364,12
957,all,encoder,future/3ps/instantaneous_TDA_H1,0.495709627866745,12
958,all,encoder,future/3ps/instantaneous_TDA_H1,0.725527286529541,12
959,all,encoder,future/3ps/instantaneous_TDA_H1,0.45660510659217834,12
960,all,encoder,future/3ps/instantaneous_TDA_H1,0.7585490345954895,12
961,all,encoder,future/3ps/instantaneous_TDA_H1,0.7342154383659363,12
974,all,encoder,future/3ps/instantaneous_TDA_H1,0.44643911719322205,12
975,all,encoder,future/3ps/instantaneous_TDA_H1,0.4884416162967682,12
976,all,encoder,future/3ps/instantaneous_TDA_H1,0.6285207867622375,12
977,all,encoder,future/3ps/instantaneous_TDA_H1,0.7252276539802551,12
978,all,encoder,future/3ps/instantaneous_TDA_H1,1.9404155015945435,12
979,all,encoder,future/3ps/instantaneous_TDA_H1,1.8243049383163452,12
980,all,encoder,future/3ps/instantaneous_TDA_H1,0.44901761412620544,12
981,all,encoder,future/3ps/instantaneous_TDA_H1,0.674477756023407,12
982,all,encoder,future/3ps/instantaneous_TDA_H1,0.4563245475292206,12
983,all,encoder,future/3ps/instantaneous_TDA_H1,0.510972261428833,12
984,all,encoder,future/3ps/instantaneous_TDA_H1,0.7924725413322449,12
985,all,encoder,future/3ps/instantaneous_TDA_H1,0.45192840695381165,12
986,all,encoder,future/3ps/instantaneous_TDA_H1,0.5047501921653748,12
987,all,encoder,future/3ps/instantaneous_TDA_H1,0.4236491918563843,12
988,all,encoder,future/3ps/instantaneous_TDA_H1,1.485246181488037,12
989,all,encoder,future/3ps/instantaneous_TDA_H1,0.3833274841308594,12
990,all,encoder,future/3ps/instantaneous_TDA_H1,0.6358555555343628,12
991,all,encoder,future/3ps/instantaneous_TDA_H1,0.43651798367500305,12
1004,all,encoder,future/3ps/instantaneous_TDA_H1,0.6291167140007019,12
1005,all,encoder,future/3ps/instantaneous_TDA_H1,0.8532293438911438,12
1006,all,encoder,future/3ps/instantaneous_TDA_H1,0.6694691181182861,12
860,all,persistence,future/3ps/instantaneous_TDA_H1,0.13997407257556915,12
861,all,persistence,future/3ps/instantaneous_TDA_H1,0.3112003803253174,12
862,all,persistence,future/3ps/instantaneous_TDA_H1,0.17917712032794952,12
863,all,persistence,future/3ps/instantaneous_TDA_H1,0.12865658104419708,12
864,all,persistence,future/3ps/instantaneous_TDA_H1,0.17737151682376862,12
865,all,persistence,future/3ps/instantaneous_TDA_H1,0.2255827784538269,12
866,all,persistence,future/3ps/instantaneous_TDA_H1,0.2763608992099762,12
867,all,persistence,future/3ps/instantaneous_TDA_H1,0.2413855940103531,12
868,all,persistence,future/3ps/instantaneous_TDA_H1,0.12330839037895203,12
869,all,persistence,future/3ps/instantaneous_TDA_H1,0.2136334329843521,12
870,all,persistence,future/3ps/instantaneous_TDA_H1,0.24676279723644257,12
871,all,persistence,future/3ps/instantaneous_TDA_H1,0.49465203285217285,12
872,all,persistence,future/3ps/instantaneous_TDA_H1,0.14145243167877197,12
873,all,persistence,future/3ps/instantaneous_TDA_H1,0.1012522280216217,12
874,all,persistence,future/3ps/instantaneous_TDA_H1,0.29803338646888733,12
884,all,persistence,future/3ps/instantaneous_TDA_H1,0.15397273004055023,12
885,all,persistence,future/3ps/instantaneous_TDA_H1,0.10325730592012405,12
886,all,persistence,future/3ps/instantaneous_TDA_H1,0.24294041097164154,12
887,all,persistence,future/3ps/instantaneous_TDA_H1,0.13668595254421234,12
888,all,persistence,future/3ps/instantaneous_TDA_H1,0.1644466072320938,12
889,all,persistence,future/3ps/instantaneous_TDA_H1,0.1722186952829361,12
890,all,persistence,future/3ps/instantaneous_TDA_H1,0.26295438408851624,12
891,all,persistence,future/3ps/instantaneous_TDA_H1,0.1336878389120102,12
892,all,persistence,future/3ps/instantaneous_TDA_H1,0.197623610496521,12
893,all,persistence,future/3ps/instantaneous_TDA_H1,0.17377160489559174,12
894,all,persistence,future/3ps/instantaneous_TDA_H1,0.14047017693519592,12
895,all,persistence,future/3ps/instantaneous_TDA_H1,0.14957067370414734,12
896,all,persistence,future/3ps/instantaneous_TDA_H1,0.14279817044734955,12
897,all,persistence,future/3ps/instantaneous_TDA_H1,0.1324072927236557,12
898,all,persistence,future/3ps/instantaneous_TDA_H1,0.09931688755750656,12
899,all,persistence,future/3ps/instantaneous_TDA_H1,0.1725132316350937,12
900,all,persistence,future/3ps/instantaneous_TDA_H1,0.13346335291862488,12
901,all,persistence,future/3ps/instantaneous_TDA_H1,0.14943264424800873,12
914,all,persistence,future/3ps/instantaneous_TDA_H1,0.13500270247459412,12
915,all,persistence,future/3ps/instantaneous_TDA_H1,0.10959786176681519,12
916,all,persistence,future/3ps/instantaneous_TDA_H1,0.11781710386276245,12
917,all,persistence,future/3ps/instantaneous_TDA_H1,0.19212613999843597,12
918,all,persistence,future/3ps/instantaneous_TDA_H1,0.17306990921497345,12
919,all,persistence,future/3ps/instantaneous_TDA_H1,0.12908491492271423,12
920,all,persistence,future/3ps/instantaneous_TDA_H1,0.17170052230358124,12
921,all,persistence,future/3ps/instantaneous_TDA_H1,0.15951673686504364,12
922,all,persistence,future/3ps/instantaneous_TDA_H1,0.09693802148103714,12
923,all,persistence,future/3ps/instantaneous_TDA_H1,0.0914149209856987,12
924,all,persistence,future/3ps/instantaneous_TDA_H1,0.11496427655220032,12
925,all,persistence,future/3ps/instantaneous_TDA_H1,0.15848581492900848,12
926,all,persistence,future/3ps/instantaneous_TDA_H1,0.09360557794570923,12
927,all,persistence,future/3ps/instantaneous_TDA_H1,0.08147480338811874,12
928,all,persistence,future/3ps/instantaneous_TDA_H1,0.11563673615455627,12
929,all,persistence,future/3ps/instantaneous_TDA_H1,0.15985509753227234,12
930,all,persistence,future/3ps/instantaneous_TDA_H1,0.16823631525039673,12
931,all,persistence,future/3ps/instantaneous_TDA_H1,0.21204139292240143,12
944,all,persistence,future/3ps/instantaneous_TDA_H1,0.08271659165620804,12
945,all,persistence,future/3ps/instantaneous_TDA_H1,0.20603181421756744,12
946,all,persistence,future/3ps/instantaneous_TDA_H1,0.11715808510780334,12
947,all,persistence,future/3ps/instantaneous_TDA_H1,0.1218264177441597,12
948,all,persistence,future/3ps/instantaneous_TDA_H1,0.12519177794456482,12
949,all,persistence,future/3ps/instantaneous_TDA_H1,0.1847251057624817,12
950,all,persistence,future/3ps/instantaneous_TDA_H1,0.25968843698501587,12
951,all,persistence,future/3ps/instantaneous_TDA_H1,0.17581014335155487,12
952,all,persistence,future/3ps/instantaneous_TDA_H1,0.1340184509754181,12
953,all,persistence,future/3ps/instantaneous_TDA_H1,0.2629031836986542,12
954,all,persistence,future/3ps/instantaneous_TDA_H1,0.2376093864440918,12
955,all,persistence,future/3ps/instantaneous_TDA_H1,0.13406597077846527,12
956,all,persistence,future/3ps/instantaneous_TDA_H1,0.22380566596984863,12
957,all,persistence,future/3ps/instantaneous_TDA_H1,0.23799611628055573,12
958,all,persistence,future/3ps/instantaneous_TDA_H1,0.14356079697608948,12
959,all,persistence,future/3ps/instantaneous_TDA_H1,0.14728562533855438,12
960,all,persistence,future/3ps/instantaneous_TDA_H1,0.12146506458520889,12
961,all,persistence,future/3ps/instantaneous_TDA_H1,0.2016763687133789,12
974,all,persistence,future/3ps/instantaneous_TDA_H1,0.17515359818935394,12
975,all,persistence,future/3ps/instantaneous_TDA_H1,0.21140211820602417,12
976,all,persistence,future/3ps/instantaneous_TDA_H1,0.1628204733133316,12
977,all,persistence,future/3ps/instantaneous_TDA_H1,0.15214362740516663,12
978,all,persistence,future/3ps/instantaneous_TDA_H1,0.2572689652442932,12
979,all,persistence,future/3ps/instantaneous_TDA_H1,0.20887251198291779,12
980,all,persistence,future/3ps/instantaneous_TDA_H1,0.20802676677703857,12
981,all,persistence,future/3ps/instantaneous_TDA_H1,0.1329393833875656,12
982,all,persistence,future/3ps/instantaneous_TDA_H1,0.27511435747146606,12
983,all,persistence,future/3ps/instantaneous_TDA_H1,0.09350516647100449,12
984,all,persistence,future/3ps/instantaneous_TDA_H1,0.18600952625274658,12
985,all,persistence,future/3ps/instantaneous_TDA_H1,0.2120279222726822,12
986,all,persistence,future/3ps/instantaneous_TDA_H1,0.09222200512886047,12
987,all,persistence,future/3ps/instantaneous_TDA_H1,0.21184073388576508,12
988,all,persistence,future/3ps/instantaneous_TDA_H1,0.11519042402505875,12
989,all,persistence,future/3ps/instantaneous_TDA_H1,0.11992164701223373,12
990,all,persistence,future/3ps/instantaneous_TDA_H1,0.27006593346595764,12
991,all,persistence,future/3ps/instantaneous_TDA_H1,0.1189613938331604,12
1004,all,persistence,future/3ps/instantaneous_TDA_H1,0.0816616639494896,12
1005,all,persistence,future/3ps/instantaneous_TDA_H1,0.16093161702156067,12
1006,all,persistence,future/3ps/instantaneous_TDA_H1,0.11420897394418716,12
860,all,encoder,delta/3ps/instantaneous_TDA_H1,0.1387539654970169,12
861,all,encoder,delta/3ps/instantaneous_TDA_H1,0.30390891432762146,12
862,all,encoder,delta/3ps/instantaneous_TDA_H1,0.19240516424179077,12
863,all,encoder,delta/3ps/instantaneous_TDA_H1,0.1314033716917038,12
864,all,encoder,delta/3ps/instantaneous_TDA_H1,0.19095347821712494,12
865,all,encoder,delta/3ps/instantaneous_TDA_H1,0.2475018948316574,12
866,all,encoder,delta/3ps/instantaneous_TDA_H1,0.2711988687515259,12
867,all,encoder,delta/3ps/instantaneous_TDA_H1,0.24486245214939117,12
868,all,encoder,delta/3ps/instantaneous_TDA_H1,0.13439877331256866,12
869,all,encoder,delta/3ps/instantaneous_TDA_H1,0.22026993334293365,12
870,all,encoder,delta/3ps/instantaneous_TDA_H1,0.24890859425067902,12
871,all,encoder,delta/3ps/instantaneous_TDA_H1,0.48991966247558594,12
872,all,encoder,delta/3ps/instantaneous_TDA_H1,0.14589832723140717,12
873,all,encoder,delta/3ps/instantaneous_TDA_H1,0.1047743484377861,12
874,all,encoder,delta/3ps/instantaneous_TDA_H1,0.29315605759620667,12
884,all,encoder,delta/3ps/instantaneous_TDA_H1,0.1565781533718109,12
885,all,encoder,delta/3ps/instantaneous_TDA_H1,0.11207887530326843,12
886,all,encoder,delta/3ps/instantaneous_TDA_H1,0.2560785114765167,12
887,all,encoder,delta/3ps/instantaneous_TDA_H1,0.14672060310840607,12
888,all,encoder,delta/3ps/instantaneous_TDA_H1,0.1513330191373825,12
889,all,encoder,delta/3ps/instantaneous_TDA_H1,0.16959625482559204,12
890,all,encoder,delta/3ps/instantaneous_TDA_H1,0.2565526068210602,12
891,all,encoder,delta/3ps/instantaneous_TDA_H1,0.14061208069324493,12
892,all,encoder,delta/3ps/instantaneous_TDA_H1,0.2063695788383484,12
893,all,encoder,delta/3ps/instantaneous_TDA_H1,0.16736407577991486,12
894,all,encoder,delta/3ps/instantaneous_TDA_H1,0.1464439183473587,12
895,all,encoder,delta/3ps/instantaneous_TDA_H1,0.13758443295955658,12
896,all,encoder,delta/3ps/instantaneous_TDA_H1,0.1374334692955017,12
897,all,encoder,delta/3ps/instantaneous_TDA_H1,0.13321802020072937,12
898,all,encoder,delta/3ps/instantaneous_TDA_H1,0.10965483635663986,12
899,all,encoder,delta/3ps/instantaneous_TDA_H1,0.18360400199890137,12
900,all,encoder,delta/3ps/instantaneous_TDA_H1,0.13224688172340393,12
901,all,encoder,delta/3ps/instantaneous_TDA_H1,0.15163588523864746,12
914,all,encoder,delta/3ps/instantaneous_TDA_H1,0.1375620812177658,12
915,all,encoder,delta/3ps/instantaneous_TDA_H1,0.11265343427658081,12
916,all,encoder,delta/3ps/instantaneous_TDA_H1,0.10210444778203964,12
917,all,encoder,delta/3ps/instantaneous_TDA_H1,0.1749415248632431,12
918,all,encoder,delta/3ps/instantaneous_TDA_H1,0.1718490570783615,12
919,all,encoder,delta/3ps/instantaneous_TDA_H1,0.1245751604437828,12
920,all,encoder,delta/3ps/instantaneous_TDA_H1,0.15993209183216095,12
921,all,encoder,delta/3ps/instantaneous_TDA_H1,0.16406597197055817,12
922,all,encoder,delta/3ps/instantaneous_TDA_H1,0.10047838091850281,12
923,all,encoder,delta/3ps/instantaneous_TDA_H1,0.09129774570465088,12
924,all,encoder,delta/3ps/instantaneous_TDA_H1,0.10629555583000183,12
925,all,encoder,delta/3ps/instantaneous_TDA_H1,0.1541881412267685,12
926,all,encoder,delta/3ps/instantaneous_TDA_H1,0.09948209673166275,12
927,all,encoder,delta/3ps/instantaneous_TDA_H1,0.08331706374883652,12
928,all,encoder,delta/3ps/instantaneous_TDA_H1,0.12562869489192963,12
929,all,encoder,delta/3ps/instantaneous_TDA_H1,0.167727991938591,12
930,all,encoder,delta/3ps/instantaneous_TDA_H1,0.15822209417819977,12
931,all,encoder,delta/3ps/instantaneous_TDA_H1,0.21413399279117584,12
944,all,encoder,delta/3ps/instantaneous_TDA_H1,0.0887567326426506,12
945,all,encoder,delta/3ps/instantaneous_TDA_H1,0.22781752049922943,12
946,all,encoder,delta/3ps/instantaneous_TDA_H1,0.11879604309797287,12
947,all,encoder,delta/3ps/instantaneous_TDA_H1,0.1345154345035553,12
948,all,encoder,delta/3ps/instantaneous_TDA_H1,0.12797054648399353,12
949,all,encoder,delta/3ps/instantaneous_TDA_H1,0.18635571002960205,12
950,all,encoder,delta/3ps/instantaneous_TDA_H1,0.253152459859848,12
951,all,encoder,delta/3ps/instantaneous_TDA_H1,0.1833600401878357,12
952,all,encoder,delta/3ps/instantaneous_TDA_H1,0.14368551969528198,12
953,all,encoder,delta/3ps/instantaneous_TDA_H1,0.25893810391426086,12
954,all,encoder,delta/3ps/instantaneous_TDA_H1,0.2545781135559082,12
955,all,encoder,delta/3ps/instantaneous_TDA_H1,0.1377519965171814,12
956,all,encoder,delta/3ps/instantaneous_TDA_H1,0.21313589811325073,12
957,all,encoder,delta/3ps/instantaneous_TDA_H1,0.2376904934644699,12
958,all,encoder,delta/3ps/instantaneous_TDA_H1,0.1498943418264389,12
959,all,encoder,delta/3ps/instantaneous_TDA_H1,0.15534551441669464,12
960,all,encoder,delta/3ps/instantaneous_TDA_H1,0.12195706367492676,12
961,all,encoder,delta/3ps/instantaneous_TDA_H1,0.19718687236309052,12
974,all,encoder,delta/3ps/instantaneous_TDA_H1,0.16854655742645264,12
975,all,encoder,delta/3ps/instantaneous_TDA_H1,0.22265678644180298,12
976,all,encoder,delta/3ps/instantaneous_TDA_H1,0.165755495429039,12
977,all,encoder,delta/3ps/instantaneous_TDA_H1,0.15587715804576874,12
978,all,encoder,delta/3ps/instantaneous_TDA_H1,0.24978332221508026,12
979,all,encoder,delta/3ps/instantaneous_TDA_H1,0.20768886804580688,12
980,all,encoder,delta/3ps/instantaneous_TDA_H1,0.2238614410161972,12
981,all,encoder,delta/3ps/instantaneous_TDA_H1,0.1423797756433487,12
982,all,encoder,delta/3ps/instantaneous_TDA_H1,0.2632398307323456,12
983,all,encoder,delta/3ps/instantaneous_TDA_H1,0.09026392549276352,12
984,all,encoder,delta/3ps/instantaneous_TDA_H1,0.1971857100725174,12
985,all,encoder,delta/3ps/instantaneous_TDA_H1,0.22398824989795685,12
986,all,encoder,delta/3ps/instantaneous_TDA_H1,0.09480874985456467,12
987,all,encoder,delta/3ps/instantaneous_TDA_H1,0.22473232448101044,12
988,all,encoder,delta/3ps/instantaneous_TDA_H1,0.10865682363510132,12
989,all,encoder,delta/3ps/instantaneous_TDA_H1,0.12208089232444763,12
990,all,encoder,delta/3ps/instantaneous_TDA_H1,0.26466789841651917,12
991,all,encoder,delta/3ps/instantaneous_TDA_H1,0.12680332362651825,12
1004,all,encoder,delta/3ps/instantaneous_TDA_H1,0.0866774395108223,12
1005,all,encoder,delta/3ps/instantaneous_TDA_H1,0.16134054958820343,12
1006,all,encoder,delta/3ps/instantaneous_TDA_H1,0.10314545035362244,12
860,all,encoder,future/9ps/instantaneous_TDA_H1,0.5798995494842529,12
861,all,encoder,future/9ps/instantaneous_TDA_H1,1.8801552057266235,12
862,all,encoder,future/9ps/instantaneous_TDA_H1,0.47236326336860657,12
863,all,encoder,future/9ps/instantaneous_TDA_H1,0.6444758772850037,12
864,all,encoder,future/9ps/instantaneous_TDA_H1,2.097742795944214,12
865,all,encoder,future/9ps/instantaneous_TDA_H1,2.1222023963928223,12
866,all,encoder,future/9ps/instantaneous_TDA_H1,2.1397855281829834,12
867,all,encoder,future/9ps/instantaneous_TDA_H1,1.8439377546310425,12
868,all,encoder,future/9ps/instantaneous_TDA_H1,0.7995797991752625,12
869,all,encoder,future/9ps/instantaneous_TDA_H1,2.567603826522827,12
870,all,encoder,future/9ps/instantaneous_TDA_H1,1.4553437232971191,12
871,all,encoder,future/9ps/instantaneous_TDA_H1,1.5671968460083008,12
872,all,encoder,future/9ps/instantaneous_TDA_H1,0.441532701253891,12
873,all,encoder,future/9ps/instantaneous_TDA_H1,0.3333321809768677,12
874,all,encoder,future/9ps/instantaneous_TDA_H1,2.0510215759277344,12
884,all,encoder,future/9ps/instantaneous_TDA_H1,0.8734090924263,12
885,all,encoder,future/9ps/instantaneous_TDA_H1,0.9836196303367615,12
886,all,encoder,future/9ps/instantaneous_TDA_H1,1.0028632879257202,12
887,all,encoder,future/9ps/instantaneous_TDA_H1,1.4149380922317505,12
888,all,encoder,future/9ps/instantaneous_TDA_H1,1.27549147605896,12
889,all,encoder,future/9ps/instantaneous_TDA_H1,0.8865535259246826,12
890,all,encoder,future/9ps/instantaneous_TDA_H1,1.1915313005447388,12
891,all,encoder,future/9ps/instantaneous_TDA_H1,1.1376761198043823,12
892,all,encoder,future/9ps/instantaneous_TDA_H1,0.8874197602272034,12
893,all,encoder,future/9ps/instantaneous_TDA_H1,1.2250500917434692,12
894,all,encoder,future/9ps/instantaneous_TDA_H1,1.148956060409546,12
895,all,encoder,future/9ps/instantaneous_TDA_H1,1.143210530281067,12
896,all,encoder,future/9ps/instantaneous_TDA_H1,0.952913224697113,12
897,all,encoder,future/9ps/instantaneous_TDA_H1,1.3081527948379517,12
898,all,encoder,future/9ps/instantaneous_TDA_H1,1.40263831615448,12
899,all,encoder,future/9ps/instantaneous_TDA_H1,1.105082631111145,12
900,all,encoder,future/9ps/instantaneous_TDA_H1,1.2570704221725464,12
901,all,encoder,future/9ps/instantaneous_TDA_H1,0.9175179600715637,12
914,all,encoder,future/9ps/instantaneous_TDA_H1,0.4889078140258789,12
915,all,encoder,future/9ps/instantaneous_TDA_H1,0.7717977166175842,12
916,all,encoder,future/9ps/instantaneous_TDA_H1,0.8734657168388367,12
917,all,encoder,future/9ps/instantaneous_TDA_H1,1.2312675714492798,12
918,all,encoder,future/9ps/instantaneous_TDA_H1,0.9221349358558655,12
919,all,encoder,future/9ps/instantaneous_TDA_H1,0.8513532280921936,12
920,all,encoder,future/9ps/instantaneous_TDA_H1,0.6527402997016907,12
921,all,encoder,future/9ps/instantaneous_TDA_H1,1.008866548538208,12
922,all,encoder,future/9ps/instantaneous_TDA_H1,0.8480969071388245,12
923,all,encoder,future/9ps/instantaneous_TDA_H1,1.155128836631775,12
924,all,encoder,future/9ps/instantaneous_TDA_H1,0.9989233613014221,12
925,all,encoder,future/9ps/instantaneous_TDA_H1,0.8638671040534973,12
926,all,encoder,future/9ps/instantaneous_TDA_H1,0.9502634406089783,12
927,all,encoder,future/9ps/instantaneous_TDA_H1,1.1051357984542847,12
928,all,encoder,future/9ps/instantaneous_TDA_H1,0.3591308891773224,12
929,all,encoder,future/9ps/instantaneous_TDA_H1,0.8469950556755066,12
930,all,encoder,future/9ps/instantaneous_TDA_H1,1.348616600036621,12
931,all,encoder,future/9ps/instantaneous_TDA_H1,0.5223471522331238,12
944,all,encoder,future/9ps/instantaneous_TDA_H1,0.4820033609867096,12
945,all,encoder,future/9ps/instantaneous_TDA_H1,0.915972888469696,12
946,all,encoder,future/9ps/instantaneous_TDA_H1,0.8837674260139465,12
947,all,encoder,future/9ps/instantaneous_TDA_H1,0.8032673001289368,12
948,all,encoder,future/9ps/instantaneous_TDA_H1,0.923109769821167,12
949,all,encoder,future/9ps/instantaneous_TDA_H1,0.7796997427940369,12
950,all,encoder,future/9ps/instantaneous_TDA_H1,1.3384395837783813,12
951,all,encoder,future/9ps/instantaneous_TDA_H1,0.89382004737854,12
952,all,encoder,future/9ps/instantaneous_TDA_H1,0.5596535801887512,12
953,all,encoder,future/9ps/instantaneous_TDA_H1,0.6346180438995361,12
954,all,encoder,future/9ps/instantaneous_TDA_H1,1.986031174659729,12
955,all,encoder,future/9ps/instantaneous_TDA_H1,0.6861945986747742,12
956,all,encoder,future/9ps/instantaneous_TDA_H1,1.4043692350387573,12
957,all,encoder,future/9ps/instantaneous_TDA_H1,0.5795096755027771,12
958,all,encoder,future/9ps/instantaneous_TDA_H1,0.8357638716697693,12
959,all,encoder,future/9ps/instantaneous_TDA_H1,0.39636921882629395,12
960,all,encoder,future/9ps/instantaneous_TDA_H1,0.6581706404685974,12
961,all,encoder,future/9ps/instantaneous_TDA_H1,0.5169321894645691,12
974,all,encoder,future/9ps/instantaneous_TDA_H1,0.5006495714187622,12
975,all,encoder,future/9ps/instantaneous_TDA_H1,0.6866281628608704,12
976,all,encoder,future/9ps/instantaneous_TDA_H1,0.538055419921875,12
977,all,encoder,future/9ps/instantaneous_TDA_H1,0.8644833564758301,12
978,all,encoder,future/9ps/instantaneous_TDA_H1,1.7234524488449097,12
979,all,encoder,future/9ps/instantaneous_TDA_H1,2.200531005859375,12
980,all,encoder,future/9ps/instantaneous_TDA_H1,0.6334872841835022,12
981,all,encoder,future/9ps/instantaneous_TDA_H1,0.8085663914680481,12
982,all,encoder,future/9ps/instantaneous_TDA_H1,0.3617490231990814,12
983,all,encoder,future/9ps/instantaneous_TDA_H1,0.5115295052528381,12
984,all,encoder,future/9ps/instantaneous_TDA_H1,0.9967470169067383,12
985,all,encoder,future/9ps/instantaneous_TDA_H1,0.6853845119476318,12
986,all,encoder,future/9ps/instantaneous_TDA_H1,0.46814146637916565,12
987,all,encoder,future/9ps/instantaneous_TDA_H1,0.5837947130203247,12
988,all,encoder,future/9ps/instantaneous_TDA_H1,1.9118409156799316,12
989,all,encoder,future/9ps/instantaneous_TDA_H1,0.46308207511901855,12
990,all,encoder,future/9ps/instantaneous_TDA_H1,0.5515584945678711,12
991,all,encoder,future/9ps/instantaneous_TDA_H1,0.6188110113143921,12
1004,all,encoder,future/9ps/instantaneous_TDA_H1,0.8231446743011475,12
1005,all,encoder,future/9ps/instantaneous_TDA_H1,0.7378254532814026,12
1006,all,encoder,future/9ps/instantaneous_TDA_H1,0.5175177454948425,12
860,all,persistence,future/9ps/instantaneous_TDA_H1,0.12515191733837128,12
861,all,persistence,future/9ps/instantaneous_TDA_H1,0.3020969331264496,12
862,all,persistence,future/9ps/instantaneous_TDA_H1,0.16843225061893463,12
863,all,persistence,future/9ps/instantaneous_TDA_H1,0.1127595603466034,12
864,all,persistence,future/9ps/instantaneous_TDA_H1,0.19210289418697357,12
865,all,persistence,future/9ps/instantaneous_TDA_H1,0.1950998455286026,12
866,all,persistence,future/9ps/instantaneous_TDA_H1,0.17890703678131104,12
867,all,persistence,future/9ps/instantaneous_TDA_H1,0.22663362324237823,12
868,all,persistence,future/9ps/instantaneous_TDA_H1,0.5917487740516663,12
869,all,persistence,future/9ps/instantaneous_TDA_H1,0.2813185751438141,12
870,all,persistence,future/9ps/instantaneous_TDA_H1,0.3225439488887787,12
871,all,persistence,future/9ps/instantaneous_TDA_H1,0.8477814197540283,12
872,all,persistence,future/9ps/instantaneous_TDA_H1,0.21382977068424225,12
873,all,persistence,future/9ps/instantaneous_TDA_H1,0.10098839551210403,12
874,all,persistence,future/9ps/instantaneous_TDA_H1,0.25367775559425354,12
884,all,persistence,future/9ps/instantaneous_TDA_H1,0.15114404261112213,12
885,all,persistence,future/9ps/instantaneous_TDA_H1,0.1024547591805458,12
886,all,persistence,future/9ps/instantaneous_TDA_H1,0.26800498366355896,12
887,all,persistence,future/9ps/instantaneous_TDA_H1,0.1942751407623291,12
888,all,persistence,future/9ps/instantaneous_TDA_H1,0.08903240412473679,12
889,all,persistence,future/9ps/instantaneous_TDA_H1,0.5048595666885376,12
890,all,persistence,future/9ps/instantaneous_TDA_H1,0.1924775093793869,12
891,all,persistence,future/9ps/instantaneous_TDA_H1,0.13792715966701508,12
892,all,persistence,future/9ps/instantaneous_TDA_H1,0.16598664224147797,12
893,all,persistence,future/9ps/instantaneous_TDA_H1,0.15886852145195007,12
894,all,persistence,future/9ps/instantaneous_TDA_H1,0.11258536577224731,12
895,all,persistence,future/9ps/instantaneous_TDA_H1,0.14198563992977142,12
896,all,persistence,future/9ps/instantaneous_TDA_H1,0.18078076839447021,12
897,all,persistence,future/9ps/instantaneous_TDA_H1,0.15703539550304413,12
898,all,persistence,future/9ps/instantaneous_TDA_H1,0.1101616621017456,12
899,all,persistence,future/9ps/instantaneous_TDA_H1,0.24067533016204834,12
900,all,persistence,future/9ps/instantaneous_TDA_H1,0.2304290533065796,12
901,all,persistence,future/9ps/instantaneous_TDA_H1,0.33111241459846497,12
914,all,persistence,future/9ps/instantaneous_TDA_H1,0.24275125563144684,12
915,all,persistence,future/9ps/instantaneous_TDA_H1,0.14443403482437134,12
916,all,persistence,future/9ps/instantaneous_TDA_H1,0.15945889055728912,12
917,all,persistence,future/9ps/instantaneous_TDA_H1,0.16678495705127716,12
918,all,persistence,future/9ps/instantaneous_TDA_H1,0.1764453798532486,12
919,all,persistence,future/9ps/instantaneous_TDA_H1,0.17363238334655762,12
920,all,persistence,future/9ps/instantaneous_TDA_H1,0.0993628278374672,12
921,all,persistence,future/9ps/instantaneous_TDA_H1,0.16335529088974,12
922,all,persistence,future/9ps/instantaneous_TDA_H1,0.11054996401071548,12
923,all,persistence,future/9ps/instantaneous_TDA_H1,0.08874290436506271,12
924,all,persistence,future/9ps/instantaneous_TDA_H1,0.2084294557571411,12
925,all,persistence,future/9ps/instantaneous_TDA_H1,0.16294606029987335,12
926,all,persistence,future/9ps/instantaneous_TDA_H1,0.13933657109737396,12
927,all,persistence,future/9ps/instantaneous_TDA_H1,0.08331561833620071,12
928,all,persistence,future/9ps/instantaneous_TDA_H1,0.13700026273727417,12
929,all,persistence,future/9ps/instantaneous_TDA_H1,0.10443634539842606,12
930,all,persistence,future/9ps/instantaneous_TDA_H1,0.1693798452615738,12
931,all,persistence,future/9ps/instantaneous_TDA_H1,0.20124508440494537,12
944,all,persistence,future/9ps/instantaneous_TDA_H1,0.44433578848838806,12
945,all,persistence,future/9ps/instantaneous_TDA_H1,0.15330420434474945,12
946,all,persistence,future/9ps/instantaneous_TDA_H1,0.15756981074810028,12
947,all,persistence,future/9ps/instantaneous_TDA_H1,0.06801421195268631,12
948,all,persistence,future/9ps/instantaneous_TDA_H1,0.19074897468090057,12
949,all,persistence,future/9ps/instantaneous_TDA_H1,0.19809697568416595,12
950,all,persistence,future/9ps/instantaneous_TDA_H1,0.6620450019836426,12
951,all,persistence,future/9ps/instantaneous_TDA_H1,0.14287491142749786,12
952,all,persistence,future/9ps/instantaneous_TDA_H1,0.15104804933071136,12
953,all,persistence,future/9ps/instantaneous_TDA_H1,0.4282217025756836,12
954,all,persistence,future/9ps/instantaneous_TDA_H1,0.23278088867664337,12
955,all,persistence,future/9ps/instantaneous_TDA_H1,0.16784439980983734,12
956,all,persistence,future/9ps/instantaneous_TDA_H1,0.40634608268737793,12
957,all,persistence,future/9ps/instantaneous_TDA_H1,0.14623583853244781,12
958,all,persistence,future/9ps/instantaneous_TDA_H1,0.11508331447839737,12
959,all,persistence,future/9ps/instantaneous_TDA_H1,0.17529618740081787,12
960,all,persistence,future/9ps/instantaneous_TDA_H1,0.1156744658946991,12
961,all,persistence,future/9ps/instantaneous_TDA_H1,0.19525305926799774,12
974,all,persistence,future/9ps/instantaneous_TDA_H1,0.1772160530090332,12
975,all,persistence,future/9ps/instantaneous_TDA_H1,0.36847972869873047,12
976,all,persistence,future/9ps/instantaneous_TDA_H1,0.13354241847991943,12
977,all,persistence,future/9ps/instantaneous_TDA_H1,0.17640535533428192,12
978,all,persistence,future/9ps/instantaneous_TDA_H1,0.43135860562324524,12
979,all,persistence,future/9ps/instantaneous_TDA_H1,0.1854744702577591,12
980,all,persistence,future/9ps/instantaneous_TDA_H1,0.2137853056192398,12
981,all,persistence,future/9ps/instantaneous_TDA_H1,0.14861957728862762,12
982,all,persistence,future/9ps/instantaneous_TDA_H1,0.26787248253822327,12
983,all,persistence,future/9ps/instantaneous_TDA_H1,0.13351280987262726,12
984,all,persistence,future/9ps/instantaneous_TDA_H1,0.24215640127658844,12
985,all,persistence,future/9ps/instantaneous_TDA_H1,0.33942684531211853,12
986,all,persistence,future/9ps/instantaneous_TDA_H1,0.2088841050863266,12
987,all,persistence,future/9ps/instantaneous_TDA_H1,0.20715464651584625,12
988,all,persistence,future/9ps/instantaneous_TDA_H1,0.2356141060590744,12
989,all,persistence,future/9ps/instantaneous_TDA_H1,0.11238917708396912,12
990,all,persistence,future/9ps/instantaneous_TDA_H1,0.18688039481639862,12
991,all,persistence,future/9ps/instantaneous_TDA_H1,0.10770931839942932,12
1004,all,persistence,future/9ps/instantaneous_TDA_H1,0.13682226836681366,12
1005,all,persistence,future/9ps/instantaneous_TDA_H1,0.1782246232032776,12
1006,all,persistence,future/9ps/instantaneous_TDA_H1,0.15658719837665558,12
860,all,encoder,delta/9ps/instantaneous_TDA_H1,0.12679465115070343,12
861,all,encoder,delta/9ps/instantaneous_TDA_H1,0.28615444898605347,12
862,all,encoder,delta/9ps/instantaneous_TDA_H1,0.18010592460632324,12
863,all,encoder,delta/9ps/instantaneous_TDA_H1,0.11050865799188614,12
864,all,encoder,delta/9ps/instantaneous_TDA_H1,0.19508759677410126,12
865,all,encoder,delta/9ps/instantaneous_TDA_H1,0.21200120449066162,12
866,all,encoder,delta/9ps/instantaneous_TDA_H1,0.1683642864227295,12
867,all,encoder,delta/9ps/instantaneous_TDA_H1,0.23602294921875,12
868,all,encoder,delta/9ps/instantaneous_TDA_H1,0.5803300738334656,12
869,all,encoder,delta/9ps/instantaneous_TDA_H1,0.28543713688850403,12
870,all,encoder,delta/9ps/instantaneous_TDA_H1,0.3071921169757843,12
871,all,encoder,delta/9ps/instantaneous_TDA_H1,0.8239384293556213,12
872,all,encoder,delta/9ps/instantaneous_TDA_H1,0.22206908464431763,12
873,all,encoder,delta/9ps/instantaneous_TDA_H1,0.10878431797027588,12
874,all,encoder,delta/9ps/instantaneous_TDA_H1,0.25004515051841736,12
884,all,encoder,delta/9ps/instantaneous_TDA_H1,0.14688117802143097,12
885,all,encoder,delta/9ps/instantaneous_TDA_H1,0.11016571521759033,12
886,all,encoder,delta/9ps/instantaneous_TDA_H1,0.28943338990211487,12
887,all,encoder,delta/9ps/instantaneous_TDA_H1,0.20538924634456635,12
888,all,encoder,delta/9ps/instantaneous_TDA_H1,0.0867973268032074,12
889,all,encoder,delta/9ps/instantaneous_TDA_H1,0.4912090301513672,12
890,all,encoder,delta/9ps/instantaneous_TDA_H1,0.18650199472904205,12
891,all,encoder,delta/9ps/instantaneous_TDA_H1,0.14483538269996643,12
892,all,encoder,delta/9ps/instantaneous_TDA_H1,0.17109279334545135,12
893,all,encoder,delta/9ps/instantaneous_TDA_H1,0.163536936044693,12
894,all,encoder,delta/9ps/instantaneous_TDA_H1,0.11298596858978271,12
895,all,encoder,delta/9ps/instantaneous_TDA_H1,0.14714327454566956,12
896,all,encoder,delta/9ps/instantaneous_TDA_H1,0.18263565003871918,12
897,all,encoder,delta/9ps/instantaneous_TDA_H1,0.15317180752754211,12
898,all,encoder,delta/9ps/instantaneous_TDA_H1,0.11143984645605087,12
899,all,encoder,delta/9ps/instantaneous_TDA_H1,0.2517796754837036,12
900,all,encoder,delta/9ps/instantaneous_TDA_H1,0.2295333594083786,12
901,all,encoder,delta/9ps/instantaneous_TDA_H1,0.31820788979530334,12
914,all,encoder,delta/9ps/instantaneous_TDA_H1,0.24772484600543976,12
915,all,encoder,delta/9ps/instantaneous_TDA_H1,0.14813901484012604,12
916,all,encoder,delta/9ps/instantaneous_TDA_H1,0.1513025313615799,12
917,all,encoder,delta/9ps/instantaneous_TDA_H1,0.15745748579502106,12
918,all,encoder,delta/9ps/instantaneous_TDA_H1,0.17955832183361053,12
919,all,encoder,delta/9ps/instantaneous_TDA_H1,0.1785060167312622,12
920,all,encoder,delta/9ps/instantaneous_TDA_H1,0.09422090649604797,12
921,all,encoder,delta/9ps/instantaneous_TDA_H1,0.17392580211162567,12
922,all,encoder,delta/9ps/instantaneous_TDA_H1,0.11421335488557816,12
923,all,encoder,delta/9ps/instantaneous_TDA_H1,0.08058954030275345,12
924,all,encoder,delta/9ps/instantaneous_TDA_H1,0.18626034259796143,12
925,all,encoder,delta/9ps/instantaneous_TDA_H1,0.1641789823770523,12
926,all,encoder,delta/9ps/instantaneous_TDA_H1,0.14495407044887543,12
927,all,encoder,delta/9ps/instantaneous_TDA_H1,0.0822824239730835,12
928,all,encoder,delta/9ps/instantaneous_TDA_H1,0.14362500607967377,12
929,all,encoder,delta/9ps/instantaneous_TDA_H1,0.1125229001045227,12
930,all,encoder,delta/9ps/instantaneous_TDA_H1,0.15147723257541656,12
931,all,encoder,delta/9ps/instantaneous_TDA_H1,0.20776329934597015,12
944,all,encoder,delta/9ps/instantaneous_TDA_H1,0.43939146399497986,12
945,all,encoder,delta/9ps/instantaneous_TDA_H1,0.16344785690307617,12
946,all,encoder,delta/9ps/instantaneous_TDA_H1,0.15624608099460602,12
947,all,encoder,delta/9ps/instantaneous_TDA_H1,0.07676593214273453,12
948,all,encoder,delta/9ps/instantaneous_TDA_H1,0.19253097474575043,12
949,all,encoder,delta/9ps/instantaneous_TDA_H1,0.2043500393629074,12
950,all,encoder,delta/9ps/instantaneous_TDA_H1,0.6349912881851196,12
951,all,encoder,delta/9ps/instantaneous_TDA_H1,0.14385201036930084,12
952,all,encoder,delta/9ps/instantaneous_TDA_H1,0.1580052226781845,12
953,all,encoder,delta/9ps/instantaneous_TDA_H1,0.4211108982563019,12
954,all,encoder,delta/9ps/instantaneous_TDA_H1,0.2458597868680954,12
955,all,encoder,delta/9ps/instantaneous_TDA_H1,0.1681756228208542,12
956,all,encoder,delta/9ps/instantaneous_TDA_H1,0.3904796540737152,12
957,all,encoder,delta/9ps/instantaneous_TDA_H1,0.1527000218629837,12
958,all,encoder,delta/9ps/instantaneous_TDA_H1,0.11961684376001358,12
959,all,encoder,delta/9ps/instantaneous_TDA_H1,0.1911022663116455,12
960,all,encoder,delta/9ps/instantaneous_TDA_H1,0.12397944182157516,12
961,all,encoder,delta/9ps/instantaneous_TDA_H1,0.19886410236358643,12
974,all,encoder,delta/9ps/instantaneous_TDA_H1,0.17721091210842133,12
975,all,encoder,delta/9ps/instantaneous_TDA_H1,0.38144752383232117,12
976,all,encoder,delta/9ps/instantaneous_TDA_H1,0.1416245698928833,12
977,all,encoder,delta/9ps/instantaneous_TDA_H1,0.1777215600013733,12
978,all,encoder,delta/9ps/instantaneous_TDA_H1,0.417834997177124,12
979,all,encoder,delta/9ps/instantaneous_TDA_H1,0.18913672864437103,12
980,all,encoder,delta/9ps/instantaneous_TDA_H1,0.21547715365886688,12
981,all,encoder,delta/9ps/instantaneous_TDA_H1,0.15765678882598877,12
982,all,encoder,delta/9ps/instantaneous_TDA_H1,0.2572535574436188,12
983,all,encoder,delta/9ps/instantaneous_TDA_H1,0.1393900364637375,12
984,all,encoder,delta/9ps/instantaneous_TDA_H1,0.25818151235580444,12
985,all,encoder,delta/9ps/instantaneous_TDA_H1,0.33269238471984863,12
986,all,encoder,delta/9ps/instantaneous_TDA_H1,0.21509629487991333,12
987,all,encoder,delta/9ps/instantaneous_TDA_H1,0.1899600625038147,12
988,all,encoder,delta/9ps/instantaneous_TDA_H1,0.23648019134998322,12
989,all,encoder,delta/9ps/instantaneous_TDA_H1,0.10670417547225952,12
990,all,encoder,delta/9ps/instantaneous_TDA_H1,0.18462713062763214,12
991,all,encoder,delta/9ps/instantaneous_TDA_H1,0.10757503658533096,12
1004,all,encoder,delta/9ps/instantaneous_TDA_H1,0.13026340305805206,12
1005,all,encoder,delta/9ps/instantaneous_TDA_H1,0.18632864952087402,12
1006,all,encoder,delta/9ps/instantaneous_TDA_H1,0.15804995596408844,12
860,all,encoder,present/instantaneous_TDA_H2,0.5959699153900146,12
861,all,encoder,present/instantaneous_TDA_H2,2.0444955825805664,12
862,all,encoder,present/instantaneous_TDA_H2,0.6054845452308655,12
863,all,encoder,present/instantaneous_TDA_H2,0.7994983792304993,12
864,all,encoder,present/instantaneous_TDA_H2,1.8194279670715332,12
865,all,encoder,present/instantaneous_TDA_H2,1.666390299797058,12
866,all,encoder,present/instantaneous_TDA_H2,1.9017106294631958,12
867,all,encoder,present/instantaneous_TDA_H2,1.480103850364685,12
868,all,encoder,present/instantaneous_TDA_H2,1.4945859909057617,12
869,all,encoder,present/instantaneous_TDA_H2,1.7266836166381836,12
870,all,encoder,present/instantaneous_TDA_H2,1.847993016242981,12
871,all,encoder,present/instantaneous_TDA_H2,1.304174780845642,12
872,all,encoder,present/instantaneous_TDA_H2,0.2819739878177643,12
873,all,encoder,present/instantaneous_TDA_H2,0.334959477186203,12
874,all,encoder,present/instantaneous_TDA_H2,1.8366988897323608,12
884,all,encoder,present/instantaneous_TDA_H2,1.0689802169799805,12
885,all,encoder,present/instantaneous_TDA_H2,1.0962356328964233,12
886,all,encoder,present/instantaneous_TDA_H2,1.2676875591278076,12
887,all,encoder,present/instantaneous_TDA_H2,1.5673733949661255,12
888,all,encoder,present/instantaneous_TDA_H2,1.2517693042755127,12
889,all,encoder,present/instantaneous_TDA_H2,1.2386552095413208,12
890,all,encoder,present/instantaneous_TDA_H2,0.9851385951042175,12
891,all,encoder,present/instantaneous_TDA_H2,1.197142481803894,12
892,all,encoder,present/instantaneous_TDA_H2,0.9850007891654968,12
893,all,encoder,present/instantaneous_TDA_H2,0.9696788191795349,12
894,all,encoder,present/instantaneous_TDA_H2,1.1567274332046509,12
895,all,encoder,present/instantaneous_TDA_H2,1.316820502281189,12
896,all,encoder,present/instantaneous_TDA_H2,1.0562902688980103,12
897,all,encoder,present/instantaneous_TDA_H2,1.3339184522628784,12
898,all,encoder,present/instantaneous_TDA_H2,1.3196475505828857,12
899,all,encoder,present/instantaneous_TDA_H2,1.050484538078308,12
900,all,encoder,present/instantaneous_TDA_H2,1.3343509435653687,12
901,all,encoder,present/instantaneous_TDA_H2,1.6274045705795288,12
914,all,encoder,present/instantaneous_TDA_H2,0.5793876051902771,12
915,all,encoder,present/instantaneous_TDA_H2,0.7831770777702332,12
916,all,encoder,present/instantaneous_TDA_H2,0.8674673438072205,12
917,all,encoder,present/instantaneous_TDA_H2,1.132909893989563,12
918,all,encoder,present/instantaneous_TDA_H2,1.2275391817092896,12
919,all,encoder,present/instantaneous_TDA_H2,1.2271827459335327,12
920,all,encoder,present/instantaneous_TDA_H2,0.5416567921638489,12
921,all,encoder,present/instantaneous_TDA_H2,1.231392502784729,12
922,all,encoder,present/instantaneous_TDA_H2,0.8314643502235413,12
923,all,encoder,present/instantaneous_TDA_H2,1.0226773023605347,12
924,all,encoder,present/instantaneous_TDA_H2,0.626473605632782,12
925,all,encoder,present/instantaneous_TDA_H2,0.8582303524017334,12
926,all,encoder,present/instantaneous_TDA_H2,1.1038349866867065,12
927,all,encoder,present/instantaneous_TDA_H2,1.1186405420303345,12
928,all,encoder,present/instantaneous_TDA_H2,0.46263495087623596,12
929,all,encoder,present/instantaneous_TDA_H2,1.0745762586593628,12
930,all,encoder,present/instantaneous_TDA_H2,0.9615866541862488,12
931,all,encoder,present/instantaneous_TDA_H2,0.3545301854610443,12
944,all,encoder,present/instantaneous_TDA_H2,1.1540613174438477,12
945,all,encoder,present/instantaneous_TDA_H2,0.9372273087501526,12
946,all,encoder,present/instantaneous_TDA_H2,0.8073861598968506,12
947,all,encoder,present/instantaneous_TDA_H2,1.059598445892334,12
948,all,encoder,present/instantaneous_TDA_H2,1.0107849836349487,12
949,all,encoder,present/instantaneous_TDA_H2,0.9203349947929382,12
950,all,encoder,present/instantaneous_TDA_H2,1.361106038093567,12
951,all,encoder,present/instantaneous_TDA_H2,0.803725004196167,12
952,all,encoder,present/instantaneous_TDA_H2,0.7200116515159607,12
953,all,encoder,present/instantaneous_TDA_H2,0.8271271586418152,12
954,all,encoder,present/instantaneous_TDA_H2,1.5767511129379272,12
955,all,encoder,present/instantaneous_TDA_H2,0.7824609875679016,12
956,all,encoder,present/instantaneous_TDA_H2,1.6978306770324707,12
957,all,encoder,present/instantaneous_TDA_H2,0.7015109658241272,12
958,all,encoder,present/instantaneous_TDA_H2,0.9509342312812805,12
959,all,encoder,present/instantaneous_TDA_H2,0.5061635375022888,12
960,all,encoder,present/instantaneous_TDA_H2,0.8916154503822327,12
961,all,encoder,present/instantaneous_TDA_H2,0.7073948979377747,12
974,all,encoder,present/instantaneous_TDA_H2,0.5688443779945374,12
975,all,encoder,present/instantaneous_TDA_H2,0.6090583801269531,12
976,all,encoder,present/instantaneous_TDA_H2,0.5599833130836487,12
977,all,encoder,present/instantaneous_TDA_H2,0.7101762890815735,12
978,all,encoder,present/instantaneous_TDA_H2,1.888781189918518,12
979,all,encoder,present/instantaneous_TDA_H2,1.7453504800796509,12
980,all,encoder,present/instantaneous_TDA_H2,0.640155553817749,12
981,all,encoder,present/instantaneous_TDA_H2,0.6068013906478882,12
982,all,encoder,present/instantaneous_TDA_H2,0.3753722012042999,12
983,all,encoder,present/instantaneous_TDA_H2,0.6290273666381836,12
984,all,encoder,present/instantaneous_TDA_H2,0.6376810669898987,12
985,all,encoder,present/instantaneous_TDA_H2,0.5702276229858398,12
986,all,encoder,present/instantaneous_TDA_H2,0.5093904733657837,12
987,all,encoder,present/instantaneous_TDA_H2,0.4163039028644562,12
988,all,encoder,present/instantaneous_TDA_H2,1.409862995147705,12
989,all,encoder,present/instantaneous_TDA_H2,0.3985249102115631,12
990,all,encoder,present/instantaneous_TDA_H2,0.6074994802474976,12
991,all,encoder,present/instantaneous_TDA_H2,0.5780069231987,12
1004,all,encoder,present/instantaneous_TDA_H2,0.811122715473175,12
1005,all,encoder,present/instantaneous_TDA_H2,0.9073402285575867,12
1006,all,encoder,present/instantaneous_TDA_H2,0.6432065367698669,12
860,all,encoder,future/0.75ps/instantaneous_TDA_H2,0.6548988223075867,12
861,all,encoder,future/0.75ps/instantaneous_TDA_H2,1.9663119316101074,12
862,all,encoder,future/0.75ps/instantaneous_TDA_H2,0.6685304045677185,12
863,all,encoder,future/0.75ps/instantaneous_TDA_H2,0.7116578221321106,12
864,all,encoder,future/0.75ps/instantaneous_TDA_H2,1.8653439283370972,12
865,all,encoder,future/0.75ps/instantaneous_TDA_H2,1.9079183340072632,12
866,all,encoder,future/0.75ps/instantaneous_TDA_H2,1.9914507865905762,12
867,all,encoder,future/0.75ps/instantaneous_TDA_H2,1.6859372854232788,12
868,all,encoder,future/0.75ps/instantaneous_TDA_H2,1.5152257680892944,12
869,all,encoder,future/0.75ps/instantaneous_TDA_H2,1.8943320512771606,12
870,all,encoder,future/0.75ps/instantaneous_TDA_H2,1.9854779243469238,12
871,all,encoder,future/0.75ps/instantaneous_TDA_H2,1.2717185020446777,12
872,all,encoder,future/0.75ps/instantaneous_TDA_H2,0.3247320353984833,12
873,all,encoder,future/0.75ps/instantaneous_TDA_H2,0.34921467304229736,12
874,all,encoder,future/0.75ps/instantaneous_TDA_H2,1.9153581857681274,12
884,all,encoder,future/0.75ps/instantaneous_TDA_H2,1.1927579641342163,12
885,all,encoder,future/0.75ps/instantaneous_TDA_H2,1.2245266437530518,12
886,all,encoder,future/0.75ps/instantaneous_TDA_H2,1.1447895765304565,12
887,all,encoder,future/0.75ps/instantaneous_TDA_H2,1.6552478075027466,12
888,all,encoder,future/0.75ps/instantaneous_TDA_H2,1.3814855813980103,12
889,all,encoder,future/0.75ps/instantaneous_TDA_H2,1.3550020456314087,12
890,all,encoder,future/0.75ps/instantaneous_TDA_H2,1.0410127639770508,12
891,all,encoder,future/0.75ps/instantaneous_TDA_H2,1.312266230583191,12
892,all,encoder,future/0.75ps/instantaneous_TDA_H2,1.0727282762527466,12
893,all,encoder,future/0.75ps/instantaneous_TDA_H2,1.0070706605911255,12
894,all,encoder,future/0.75ps/instantaneous_TDA_H2,1.2402470111846924,12
895,all,encoder,future/0.75ps/instantaneous_TDA_H2,1.2897511720657349,12
896,all,encoder,future/0.75ps/instantaneous_TDA_H2,1.0319572687149048,12
897,all,encoder,future/0.75ps/instantaneous_TDA_H2,1.4597729444503784,12
898,all,encoder,future/0.75ps/instantaneous_TDA_H2,1.372164249420166,12
899,all,encoder,future/0.75ps/instantaneous_TDA_H2,1.1105265617370605,12
900,all,encoder,future/0.75ps/instantaneous_TDA_H2,1.3034013509750366,12
901,all,encoder,future/0.75ps/instantaneous_TDA_H2,1.6020493507385254,12
914,all,encoder,future/0.75ps/instantaneous_TDA_H2,0.5759682655334473,12
915,all,encoder,future/0.75ps/instantaneous_TDA_H2,0.7496166825294495,12
916,all,encoder,future/0.75ps/instantaneous_TDA_H2,0.9023264050483704,12
917,all,encoder,future/0.75ps/instantaneous_TDA_H2,1.0507298707962036,12
918,all,encoder,future/0.75ps/instantaneous_TDA_H2,1.1545536518096924,12
919,all,encoder,future/0.75ps/instantaneous_TDA_H2,1.143749475479126,12
920,all,encoder,future/0.75ps/instantaneous_TDA_H2,0.5289209485054016,12
921,all,encoder,future/0.75ps/instantaneous_TDA_H2,1.1689497232437134,12
922,all,encoder,future/0.75ps/instantaneous_TDA_H2,0.8209368586540222,12
923,all,encoder,future/0.75ps/instantaneous_TDA_H2,0.9869369864463806,12
924,all,encoder,future/0.75ps/instantaneous_TDA_H2,0.7263029217720032,12
925,all,encoder,future/0.75ps/instantaneous_TDA_H2,0.9602081179618835,12
926,all,encoder,future/0.75ps/instantaneous_TDA_H2,1.0289362668991089,12
927,all,encoder,future/0.75ps/instantaneous_TDA_H2,0.9011807441711426,12
928,all,encoder,future/0.75ps/instantaneous_TDA_H2,0.41116800904273987,12
929,all,encoder,future/0.75ps/instantaneous_TDA_H2,1.1231508255004883,12
930,all,encoder,future/0.75ps/instantaneous_TDA_H2,1.0467069149017334,12
931,all,encoder,future/0.75ps/instantaneous_TDA_H2,0.39453792572021484,12
944,all,encoder,future/0.75ps/instantaneous_TDA_H2,1.067489504814148,12
945,all,encoder,future/0.75ps/instantaneous_TDA_H2,0.828482449054718,12
946,all,encoder,future/0.75ps/instantaneous_TDA_H2,0.7443249821662903,12
947,all,encoder,future/0.75ps/instantaneous_TDA_H2,0.9704484343528748,12
948,all,encoder,future/0.75ps/instantaneous_TDA_H2,1.01007080078125,12
949,all,encoder,future/0.75ps/instantaneous_TDA_H2,0.7939172387123108,12
950,all,encoder,future/0.75ps/instantaneous_TDA_H2,1.3821927309036255,12
951,all,encoder,future/0.75ps/instantaneous_TDA_H2,0.7806384563446045,12
952,all,encoder,future/0.75ps/instantaneous_TDA_H2,0.6718621850013733,12
953,all,encoder,future/0.75ps/instantaneous_TDA_H2,0.722149133682251,12
954,all,encoder,future/0.75ps/instantaneous_TDA_H2,1.6926689147949219,12
955,all,encoder,future/0.75ps/instantaneous_TDA_H2,0.6074736714363098,12
956,all,encoder,future/0.75ps/instantaneous_TDA_H2,1.8664569854736328,12
957,all,encoder,future/0.75ps/instantaneous_TDA_H2,0.6616838574409485,12
958,all,encoder,future/0.75ps/instantaneous_TDA_H2,0.9608452916145325,12
959,all,encoder,future/0.75ps/instantaneous_TDA_H2,0.4389318525791168,12
960,all,encoder,future/0.75ps/instantaneous_TDA_H2,0.820496141910553,12
961,all,encoder,future/0.75ps/instantaneous_TDA_H2,0.6177091002464294,12
974,all,encoder,future/0.75ps/instantaneous_TDA_H2,0.5729507803916931,12
975,all,encoder,future/0.75ps/instantaneous_TDA_H2,0.5254983305931091,12
976,all,encoder,future/0.75ps/instantaneous_TDA_H2,0.5784282088279724,12
977,all,encoder,future/0.75ps/instantaneous_TDA_H2,0.6318536400794983,12
978,all,encoder,future/0.75ps/instantaneous_TDA_H2,1.9291359186172485,12
979,all,encoder,future/0.75ps/instantaneous_TDA_H2,1.8149051666259766,12
980,all,encoder,future/0.75ps/instantaneous_TDA_H2,0.5127360820770264,12
981,all,encoder,future/0.75ps/instantaneous_TDA_H2,0.5851677656173706,12
982,all,encoder,future/0.75ps/instantaneous_TDA_H2,0.3631974458694458,12
983,all,encoder,future/0.75ps/instantaneous_TDA_H2,0.6023117303848267,12
984,all,encoder,future/0.75ps/instantaneous_TDA_H2,0.7589278221130371,12
985,all,encoder,future/0.75ps/instantaneous_TDA_H2,0.561471700668335,12
986,all,encoder,future/0.75ps/instantaneous_TDA_H2,0.3692179024219513,12
987,all,encoder,future/0.75ps/instantaneous_TDA_H2,0.3886246979236603,12
988,all,encoder,future/0.75ps/instantaneous_TDA_H2,1.4055534601211548,12
989,all,encoder,future/0.75ps/instantaneous_TDA_H2,0.43175745010375977,12
990,all,encoder,future/0.75ps/instantaneous_TDA_H2,0.497628778219223,12
991,all,encoder,future/0.75ps/instantaneous_TDA_H2,0.5229198336601257,12
1004,all,encoder,future/0.75ps/instantaneous_TDA_H2,0.6779881119728088,12
1005,all,encoder,future/0.75ps/instantaneous_TDA_H2,0.8139481544494629,12
1006,all,encoder,future/0.75ps/instantaneous_TDA_H2,0.6264272928237915,12
860,all,persistence,future/0.75ps/instantaneous_TDA_H2,0.08148793876171112,12
861,all,persistence,future/0.75ps/instantaneous_TDA_H2,0.128603994846344,12
862,all,persistence,future/0.75ps/instantaneous_TDA_H2,0.12179289013147354,12
863,all,persistence,future/0.75ps/instantaneous_TDA_H2,0.1543281078338623,12
864,all,persistence,future/0.75ps/instantaneous_TDA_H2,0.21943561732769012,12
865,all,persistence,future/0.75ps/instantaneous_TDA_H2,0.17884854972362518,12
866,all,persistence,future/0.75ps/instantaneous_TDA_H2,0.12071425467729568,12
867,all,persistence,future/0.75ps/instantaneous_TDA_H2,0.1656360924243927,12
868,all,persistence,future/0.75ps/instantaneous_TDA_H2,0.08079536259174347,12
869,all,persistence,future/0.75ps/instantaneous_TDA_H2,0.12649233639240265,12
870,all,persistence,future/0.75ps/instantaneous_TDA_H2,0.1427372545003891,12
871,all,persistence,future/0.75ps/instantaneous_TDA_H2,0.23892922699451447,12
872,all,persistence,future/0.75ps/instantaneous_TDA_H2,0.17038758099079132,12
873,all,persistence,future/0.75ps/instantaneous_TDA_H2,0.07191549986600876,12
874,all,persistence,future/0.75ps/instantaneous_TDA_H2,0.13204917311668396,12
884,all,persistence,future/0.75ps/instantaneous_TDA_H2,0.10711289197206497,12
885,all,persistence,future/0.75ps/instantaneous_TDA_H2,0.08566710352897644,12
886,all,persistence,future/0.75ps/instantaneous_TDA_H2,0.13581156730651855,12
887,all,persistence,future/0.75ps/instantaneous_TDA_H2,0.09772651642560959,12
888,all,persistence,future/0.75ps/instantaneous_TDA_H2,0.10917794704437256,12
889,all,persistence,future/0.75ps/instantaneous_TDA_H2,0.08463886380195618,12
890,all,persistence,future/0.75ps/instantaneous_TDA_H2,0.12593060731887817,12
891,all,persistence,future/0.75ps/instantaneous_TDA_H2,0.1142246350646019,12
892,all,persistence,future/0.75ps/instantaneous_TDA_H2,0.1727112978696823,12
893,all,persistence,future/0.75ps/instantaneous_TDA_H2,0.13038240373134613,12
894,all,persistence,future/0.75ps/instantaneous_TDA_H2,0.11306669563055038,12
895,all,persistence,future/0.75ps/instantaneous_TDA_H2,0.1116284504532814,12
896,all,persistence,future/0.75ps/instantaneous_TDA_H2,0.16409777104854584,12
897,all,persistence,future/0.75ps/instantaneous_TDA_H2,0.12296239286661148,12
898,all,persistence,future/0.75ps/instantaneous_TDA_H2,0.06506075710058212,12
899,all,persistence,future/0.75ps/instantaneous_TDA_H2,0.13443748652935028,12
900,all,persistence,future/0.75ps/instantaneous_TDA_H2,0.12401077896356583,12
901,all,persistence,future/0.75ps/instantaneous_TDA_H2,0.2073056548833847,12
914,all,persistence,future/0.75ps/instantaneous_TDA_H2,0.13195239007472992,12
915,all,persistence,future/0.75ps/instantaneous_TDA_H2,0.08498316258192062,12
916,all,persistence,future/0.75ps/instantaneous_TDA_H2,0.12355118244886398,12
917,all,persistence,future/0.75ps/instantaneous_TDA_H2,0.09299676865339279,12
918,all,persistence,future/0.75ps/instantaneous_TDA_H2,0.14974991977214813,12
919,all,persistence,future/0.75ps/instantaneous_TDA_H2,0.06687556952238083,12
920,all,persistence,future/0.75ps/instantaneous_TDA_H2,0.07475095242261887,12
921,all,persistence,future/0.75ps/instantaneous_TDA_H2,0.15840297937393188,12
922,all,persistence,future/0.75ps/instantaneous_TDA_H2,0.08025654405355453,12
923,all,persistence,future/0.75ps/instantaneous_TDA_H2,0.07505639642477036,12
924,all,persistence,future/0.75ps/instantaneous_TDA_H2,0.11403845995664597,12
925,all,persistence,future/0.75ps/instantaneous_TDA_H2,0.09063773602247238,12
926,all,persistence,future/0.75ps/instantaneous_TDA_H2,0.12305700033903122,12
927,all,persistence,future/0.75ps/instantaneous_TDA_H2,0.20576678216457367,12
928,all,persistence,future/0.75ps/instantaneous_TDA_H2,0.21092630922794342,12
929,all,persistence,future/0.75ps/instantaneous_TDA_H2,0.13768582046031952,12
930,all,persistence,future/0.75ps/instantaneous_TDA_H2,0.08777601271867752,12
931,all,persistence,future/0.75ps/instantaneous_TDA_H2,0.0928482785820961,12
944,all,persistence,future/0.75ps/instantaneous_TDA_H2,0.06306573748588562,12
945,all,persistence,future/0.75ps/instantaneous_TDA_H2,0.12620218098163605,12
946,all,persistence,future/0.75ps/instantaneous_TDA_H2,0.24361346662044525,12
947,all,persistence,future/0.75ps/instantaneous_TDA_H2,0.07279735803604126,12
948,all,persistence,future/0.75ps/instantaneous_TDA_H2,0.17804330587387085,12
949,all,persistence,future/0.75ps/instantaneous_TDA_H2,0.15626876056194305,12
950,all,persistence,future/0.75ps/instantaneous_TDA_H2,0.09248793125152588,12
951,all,persistence,future/0.75ps/instantaneous_TDA_H2,0.11794886738061905,12
952,all,persistence,future/0.75ps/instantaneous_TDA_H2,0.11336693167686462,12
953,all,persistence,future/0.75ps/instantaneous_TDA_H2,0.18112371861934662,12
954,all,persistence,future/0.75ps/instantaneous_TDA_H2,0.11891546100378036,12
955,all,persistence,future/0.75ps/instantaneous_TDA_H2,0.1128954365849495,12
956,all,persistence,future/0.75ps/instantaneous_TDA_H2,0.14637073874473572,12
957,all,persistence,future/0.75ps/instantaneous_TDA_H2,0.15077821910381317,12
958,all,persistence,future/0.75ps/instantaneous_TDA_H2,0.09723269194364548,12
959,all,persistence,future/0.75ps/instantaneous_TDA_H2,0.09327388554811478,12
960,all,persistence,future/0.75ps/instantaneous_TDA_H2,0.133138969540596,12
961,all,persistence,future/0.75ps/instantaneous_TDA_H2,0.13286294043064117,12
974,all,persistence,future/0.75ps/instantaneous_TDA_H2,0.10874146223068237,12
975,all,persistence,future/0.75ps/instantaneous_TDA_H2,0.1075069010257721,12
976,all,persistence,future/0.75ps/instantaneous_TDA_H2,0.16264702379703522,12
977,all,persistence,future/0.75ps/instantaneous_TDA_H2,0.11728332191705704,12
978,all,persistence,future/0.75ps/instantaneous_TDA_H2,0.12160778045654297,12
979,all,persistence,future/0.75ps/instantaneous_TDA_H2,0.17158977687358856,12
980,all,persistence,future/0.75ps/instantaneous_TDA_H2,0.09567388147115707,12
981,all,persistence,future/0.75ps/instantaneous_TDA_H2,0.10003343969583511,12
982,all,persistence,future/0.75ps/instantaneous_TDA_H2,0.20022714138031006,12
983,all,persistence,future/0.75ps/instantaneous_TDA_H2,0.12211745977401733,12
984,all,persistence,future/0.75ps/instantaneous_TDA_H2,0.09427797049283981,12
985,all,persistence,future/0.75ps/instantaneous_TDA_H2,0.14486923813819885,12
986,all,persistence,future/0.75ps/instantaneous_TDA_H2,0.08182317763566971,12
987,all,persistence,future/0.75ps/instantaneous_TDA_H2,0.2275058478116989,12
988,all,persistence,future/0.75ps/instantaneous_TDA_H2,0.16310633718967438,12
989,all,persistence,future/0.75ps/instantaneous_TDA_H2,0.1297265887260437,12
990,all,persistence,future/0.75ps/instantaneous_TDA_H2,0.07302895188331604,12
991,all,persistence,future/0.75ps/instantaneous_TDA_H2,0.09650794416666031,12
1004,all,persistence,future/0.75ps/instantaneous_TDA_H2,0.09017876535654068,12
1005,all,persistence,future/0.75ps/instantaneous_TDA_H2,0.11395519971847534,12
1006,all,persistence,future/0.75ps/instantaneous_TDA_H2,0.09436595439910889,12
860,all,encoder,delta/0.75ps/instantaneous_TDA_H2,0.07586254924535751,12
861,all,encoder,delta/0.75ps/instantaneous_TDA_H2,0.12649141252040863,12
862,all,encoder,delta/0.75ps/instantaneous_TDA_H2,0.12409034371376038,12
863,all,encoder,delta/0.75ps/instantaneous_TDA_H2,0.16377820074558258,12
864,all,encoder,delta/0.75ps/instantaneous_TDA_H2,0.22227098047733307,12
865,all,encoder,delta/0.75ps/instantaneous_TDA_H2,0.18843631446361542,12
866,all,encoder,delta/0.75ps/instantaneous_TDA_H2,0.12500466406345367,12
867,all,encoder,delta/0.75ps/instantaneous_TDA_H2,0.17821191251277924,12
868,all,encoder,delta/0.75ps/instantaneous_TDA_H2,0.09103893488645554,12
869,all,encoder,delta/0.75ps/instantaneous_TDA_H2,0.1365601271390915,12
870,all,encoder,delta/0.75ps/instantaneous_TDA_H2,0.1528775691986084,12
871,all,encoder,delta/0.75ps/instantaneous_TDA_H2,0.2287633866071701,12
872,all,encoder,delta/0.75ps/instantaneous_TDA_H2,0.16399939358234406,12
873,all,encoder,delta/0.75ps/instantaneous_TDA_H2,0.07223095744848251,12
874,all,encoder,delta/0.75ps/instantaneous_TDA_H2,0.13822996616363525,12
884,all,encoder,delta/0.75ps/instantaneous_TDA_H2,0.11452843993902206,12
885,all,encoder,delta/0.75ps/instantaneous_TDA_H2,0.09497853368520737,12
886,all,encoder,delta/0.75ps/instantaneous_TDA_H2,0.14468194544315338,12
887,all,encoder,delta/0.75ps/instantaneous_TDA_H2,0.10470324009656906,12
888,all,encoder,delta/0.75ps/instantaneous_TDA_H2,0.1173010766506195,12
889,all,encoder,delta/0.75ps/instantaneous_TDA_H2,0.09085515886545181,12
890,all,encoder,delta/0.75ps/instantaneous_TDA_H2,0.12850408256053925,12
891,all,encoder,delta/0.75ps/instantaneous_TDA_H2,0.12500543892383575,12
892,all,encoder,delta/0.75ps/instantaneous_TDA_H2,0.18116824328899384,12
893,all,encoder,delta/0.75ps/instantaneous_TDA_H2,0.1305774301290512,12
894,all,encoder,delta/0.75ps/instantaneous_TDA_H2,0.12042335420846939,12
895,all,encoder,delta/0.75ps/instantaneous_TDA_H2,0.11189284175634384,12
896,all,encoder,delta/0.75ps/instantaneous_TDA_H2,0.16383622586727142,12
897,all,encoder,delta/0.75ps/instantaneous_TDA_H2,0.13045230507850647,12
898,all,encoder,delta/0.75ps/instantaneous_TDA_H2,0.07209910452365875,12
899,all,encoder,delta/0.75ps/instantaneous_TDA_H2,0.1442718356847763,12
900,all,encoder,delta/0.75ps/instantaneous_TDA_H2,0.12355511635541916,12
901,all,encoder,delta/0.75ps/instantaneous_TDA_H2,0.21320728957653046,12
914,all,encoder,delta/0.75ps/instantaneous_TDA_H2,0.1387546956539154,12
915,all,encoder,delta/0.75ps/instantaneous_TDA_H2,0.0873788520693779,12
916,all,encoder,delta/0.75ps/instantaneous_TDA_H2,0.12395548075437546,12
917,all,encoder,delta/0.75ps/instantaneous_TDA_H2,0.10037550330162048,12
918,all,encoder,delta/0.75ps/instantaneous_TDA_H2,0.15955398976802826,12
919,all,encoder,delta/0.75ps/instantaneous_TDA_H2,0.07337335497140884,12
920,all,encoder,delta/0.75ps/instantaneous_TDA_H2,0.07433066517114639,12
921,all,encoder,delta/0.75ps/instantaneous_TDA_H2,0.16174711287021637,12
922,all,encoder,delta/0.75ps/instantaneous_TDA_H2,0.08826986700296402,12
923,all,encoder,delta/0.75ps/instantaneous_TDA_H2,0.07877657562494278,12
924,all,encoder,delta/0.75ps/instantaneous_TDA_H2,0.10954737663269043,12
925,all,encoder,delta/0.75ps/instantaneous_TDA_H2,0.0850079357624054,12
926,all,encoder,delta/0.75ps/instantaneous_TDA_H2,0.13062570989131927,12
927,all,encoder,delta/0.75ps/instantaneous_TDA_H2,0.22252263128757477,12
928,all,encoder,delta/0.75ps/instantaneous_TDA_H2,0.21609340608119965,12
929,all,encoder,delta/0.75ps/instantaneous_TDA_H2,0.13998451828956604,12
930,all,encoder,delta/0.75ps/instantaneous_TDA_H2,0.08299409598112106,12
931,all,encoder,delta/0.75ps/instantaneous_TDA_H2,0.11143199354410172,12
944,all,encoder,delta/0.75ps/instantaneous_TDA_H2,0.06668514013290405,12
945,all,encoder,delta/0.75ps/instantaneous_TDA_H2,0.1351507008075714,12
946,all,encoder,delta/0.75ps/instantaneous_TDA_H2,0.24877983331680298,12
947,all,encoder,delta/0.75ps/instantaneous_TDA_H2,0.08209507912397385,12
948,all,encoder,delta/0.75ps/instantaneous_TDA_H2,0.17796826362609863,12
949,all,encoder,delta/0.75ps/instantaneous_TDA_H2,0.16759394109249115,12
950,all,encoder,delta/0.75ps/instantaneous_TDA_H2,0.09801232814788818,12
951,all,encoder,delta/0.75ps/instantaneous_TDA_H2,0.12430310994386673,12
952,all,encoder,delta/0.75ps/instantaneous_TDA_H2,0.12019649147987366,12
953,all,encoder,delta/0.75ps/instantaneous_TDA_H2,0.1854996234178543,12
954,all,encoder,delta/0.75ps/instantaneous_TDA_H2,0.12433291226625443,12
955,all,encoder,delta/0.75ps/instantaneous_TDA_H2,0.12917600572109222,12
956,all,encoder,delta/0.75ps/instantaneous_TDA_H2,0.15247996151447296,12
957,all,encoder,delta/0.75ps/instantaneous_TDA_H2,0.16184215247631073,12
958,all,encoder,delta/0.75ps/instantaneous_TDA_H2,0.09838666766881943,12
959,all,encoder,delta/0.75ps/instantaneous_TDA_H2,0.10646707564592361,12
960,all,encoder,delta/0.75ps/instantaneous_TDA_H2,0.13978631794452667,12
961,all,encoder,delta/0.75ps/instantaneous_TDA_H2,0.13332109153270721,12
974,all,encoder,delta/0.75ps/instantaneous_TDA_H2,0.10642960667610168,12
975,all,encoder,delta/0.75ps/instantaneous_TDA_H2,0.11845827847719193,12
976,all,encoder,delta/0.75ps/instantaneous_TDA_H2,0.16406990587711334,12
977,all,encoder,delta/0.75ps/instantaneous_TDA_H2,0.12866903841495514,12
978,all,encoder,delta/0.75ps/instantaneous_TDA_H2,0.125137597322464,12
979,all,encoder,delta/0.75ps/instantaneous_TDA_H2,0.1779281347990036,12
980,all,encoder,delta/0.75ps/instantaneous_TDA_H2,0.10930067300796509,12
981,all,encoder,delta/0.75ps/instantaneous_TDA_H2,0.09890777617692947,12
982,all,encoder,delta/0.75ps/instantaneous_TDA_H2,0.19292740523815155,12
983,all,encoder,delta/0.75ps/instantaneous_TDA_H2,0.1277722865343094,12
984,all,encoder,delta/0.75ps/instantaneous_TDA_H2,0.09727432578802109,12
985,all,encoder,delta/0.75ps/instantaneous_TDA_H2,0.1520758420228958,12
986,all,encoder,delta/0.75ps/instantaneous_TDA_H2,0.09941718727350235,12
987,all,encoder,delta/0.75ps/instantaneous_TDA_H2,0.2340504676103592,12
988,all,encoder,delta/0.75ps/instantaneous_TDA_H2,0.16646717488765717,12
989,all,encoder,delta/0.75ps/instantaneous_TDA_H2,0.12608276307582855,12
990,all,encoder,delta/0.75ps/instantaneous_TDA_H2,0.08219122141599655,12
991,all,encoder,delta/0.75ps/instantaneous_TDA_H2,0.10471999645233154,12
1004,all,encoder,delta/0.75ps/instantaneous_TDA_H2,0.10270275920629501,12
1005,all,encoder,delta/0.75ps/instantaneous_TDA_H2,0.120085209608078,12
1006,all,encoder,delta/0.75ps/instantaneous_TDA_H2,0.09815308451652527,12
860,all,encoder,future/3ps/instantaneous_TDA_H2,0.7008182406425476,12
861,all,encoder,future/3ps/instantaneous_TDA_H2,2.032538414001465,12
862,all,encoder,future/3ps/instantaneous_TDA_H2,0.6306657195091248,12
863,all,encoder,future/3ps/instantaneous_TDA_H2,0.7002828121185303,12
864,all,encoder,future/3ps/instantaneous_TDA_H2,1.986688256263733,12
865,all,encoder,future/3ps/instantaneous_TDA_H2,1.767492651939392,12
866,all,encoder,future/3ps/instantaneous_TDA_H2,1.9537347555160522,12
867,all,encoder,future/3ps/instantaneous_TDA_H2,1.8487015962600708,12
868,all,encoder,future/3ps/instantaneous_TDA_H2,1.348881721496582,12
869,all,encoder,future/3ps/instantaneous_TDA_H2,1.8528741598129272,12
870,all,encoder,future/3ps/instantaneous_TDA_H2,1.932302474975586,12
871,all,encoder,future/3ps/instantaneous_TDA_H2,1.5627408027648926,12
872,all,encoder,future/3ps/instantaneous_TDA_H2,0.2840372323989868,12
873,all,encoder,future/3ps/instantaneous_TDA_H2,0.33255061507225037,12
874,all,encoder,future/3ps/instantaneous_TDA_H2,1.7072030305862427,12
884,all,encoder,future/3ps/instantaneous_TDA_H2,1.2016825675964355,12
885,all,encoder,future/3ps/instantaneous_TDA_H2,1.152753233909607,12
886,all,encoder,future/3ps/instantaneous_TDA_H2,1.0371333360671997,12
887,all,encoder,future/3ps/instantaneous_TDA_H2,1.3793317079544067,12
888,all,encoder,future/3ps/instantaneous_TDA_H2,1.228170394897461,12
889,all,encoder,future/3ps/instantaneous_TDA_H2,1.290881633758545,12
890,all,encoder,future/3ps/instantaneous_TDA_H2,1.242526650428772,12
891,all,encoder,future/3ps/instantaneous_TDA_H2,1.2267533540725708,12
892,all,encoder,future/3ps/instantaneous_TDA_H2,1.1199241876602173,12
893,all,encoder,future/3ps/instantaneous_TDA_H2,1.2165107727050781,12
894,all,encoder,future/3ps/instantaneous_TDA_H2,1.1754549741744995,12
895,all,encoder,future/3ps/instantaneous_TDA_H2,1.302137851715088,12
896,all,encoder,future/3ps/instantaneous_TDA_H2,1.0215668678283691,12
897,all,encoder,future/3ps/instantaneous_TDA_H2,1.3752824068069458,12
898,all,encoder,future/3ps/instantaneous_TDA_H2,1.2859537601470947,12
899,all,encoder,future/3ps/instantaneous_TDA_H2,1.1914403438568115,12
900,all,encoder,future/3ps/instantaneous_TDA_H2,1.20689058303833,12
901,all,encoder,future/3ps/instantaneous_TDA_H2,1.3325434923171997,12
914,all,encoder,future/3ps/instantaneous_TDA_H2,0.38962316513061523,12
915,all,encoder,future/3ps/instantaneous_TDA_H2,0.8534069657325745,12
916,all,encoder,future/3ps/instantaneous_TDA_H2,1.056950569152832,12
917,all,encoder,future/3ps/instantaneous_TDA_H2,1.4073821306228638,12
918,all,encoder,future/3ps/instantaneous_TDA_H2,1.2035893201828003,12
919,all,encoder,future/3ps/instantaneous_TDA_H2,1.1839672327041626,12
920,all,encoder,future/3ps/instantaneous_TDA_H2,0.516599714756012,12
921,all,encoder,future/3ps/instantaneous_TDA_H2,1.0662254095077515,12
922,all,encoder,future/3ps/instantaneous_TDA_H2,0.7232045531272888,12
923,all,encoder,future/3ps/instantaneous_TDA_H2,0.9391801953315735,12
924,all,encoder,future/3ps/instantaneous_TDA_H2,0.9496542811393738,12
925,all,encoder,future/3ps/instantaneous_TDA_H2,0.8810080885887146,12
926,all,encoder,future/3ps/instantaneous_TDA_H2,1.0270339250564575,12
927,all,encoder,future/3ps/instantaneous_TDA_H2,1.117026686668396,12
928,all,encoder,future/3ps/instantaneous_TDA_H2,0.36352285742759705,12
929,all,encoder,future/3ps/instantaneous_TDA_H2,0.9873549342155457,12
930,all,encoder,future/3ps/instantaneous_TDA_H2,1.1139322519302368,12
931,all,encoder,future/3ps/instantaneous_TDA_H2,0.3825385272502899,12
944,all,encoder,future/3ps/instantaneous_TDA_H2,1.10299813747406,12
945,all,encoder,future/3ps/instantaneous_TDA_H2,0.8677042126655579,12
946,all,encoder,future/3ps/instantaneous_TDA_H2,0.8673837780952454,12
947,all,encoder,future/3ps/instantaneous_TDA_H2,0.8079195618629456,12
948,all,encoder,future/3ps/instantaneous_TDA_H2,0.9109237790107727,12
949,all,encoder,future/3ps/instantaneous_TDA_H2,1.0502272844314575,12
950,all,encoder,future/3ps/instantaneous_TDA_H2,1.3951274156570435,12
951,all,encoder,future/3ps/instantaneous_TDA_H2,0.8004558086395264,12
952,all,encoder,future/3ps/instantaneous_TDA_H2,0.479341983795166,12
953,all,encoder,future/3ps/instantaneous_TDA_H2,0.627878725528717,12
954,all,encoder,future/3ps/instantaneous_TDA_H2,1.9544461965560913,12
955,all,encoder,future/3ps/instantaneous_TDA_H2,0.6773890852928162,12
956,all,encoder,future/3ps/instantaneous_TDA_H2,1.5587854385375977,12
957,all,encoder,future/3ps/instantaneous_TDA_H2,0.6378568410873413,12
958,all,encoder,future/3ps/instantaneous_TDA_H2,0.7660391330718994,12
959,all,encoder,future/3ps/instantaneous_TDA_H2,0.4586206376552582,12
960,all,encoder,future/3ps/instantaneous_TDA_H2,0.7328583598136902,12
961,all,encoder,future/3ps/instantaneous_TDA_H2,0.7112131118774414,12
974,all,encoder,future/3ps/instantaneous_TDA_H2,0.48801442980766296,12
975,all,encoder,future/3ps/instantaneous_TDA_H2,0.4180261790752411,12
976,all,encoder,future/3ps/instantaneous_TDA_H2,0.7234587669372559,12
977,all,encoder,future/3ps/instantaneous_TDA_H2,0.7445082664489746,12
978,all,encoder,future/3ps/instantaneous_TDA_H2,1.6912039518356323,12
979,all,encoder,future/3ps/instantaneous_TDA_H2,1.775084376335144,12
980,all,encoder,future/3ps/instantaneous_TDA_H2,0.48295697569847107,12
981,all,encoder,future/3ps/instantaneous_TDA_H2,0.7455094456672668,12
982,all,encoder,future/3ps/instantaneous_TDA_H2,0.43093442916870117,12
983,all,encoder,future/3ps/instantaneous_TDA_H2,0.6428442597389221,12
984,all,encoder,future/3ps/instantaneous_TDA_H2,0.7883511185646057,12
985,all,encoder,future/3ps/instantaneous_TDA_H2,0.37080803513526917,12
986,all,encoder,future/3ps/instantaneous_TDA_H2,0.5923295617103577,12
987,all,encoder,future/3ps/instantaneous_TDA_H2,0.41132673621177673,12
988,all,encoder,future/3ps/instantaneous_TDA_H2,1.1894121170043945,12
989,all,encoder,future/3ps/instantaneous_TDA_H2,0.32190778851509094,12
990,all,encoder,future/3ps/instantaneous_TDA_H2,0.6375364661216736,12
991,all,encoder,future/3ps/instantaneous_TDA_H2,0.5131317973136902,12
1004,all,encoder,future/3ps/instantaneous_TDA_H2,0.6293836236000061,12
1005,all,encoder,future/3ps/instantaneous_TDA_H2,0.8486863970756531,12
1006,all,encoder,future/3ps/instantaneous_TDA_H2,0.623924970626831,12
860,all,persistence,future/3ps/instantaneous_TDA_H2,0.10521920770406723,12
861,all,persistence,future/3ps/instantaneous_TDA_H2,0.21088211238384247,12
862,all,persistence,future/3ps/instantaneous_TDA_H2,0.10642803460359573,12
863,all,persistence,future/3ps/instantaneous_TDA_H2,0.11281954497098923,12
864,all,persistence,future/3ps/instantaneous_TDA_H2,0.19112609326839447,12
865,all,persistence,future/3ps/instantaneous_TDA_H2,0.2078801393508911,12
866,all,persistence,future/3ps/instantaneous_TDA_H2,0.1689876914024353,12
867,all,persistence,future/3ps/instantaneous_TDA_H2,0.21380706131458282,12
868,all,persistence,future/3ps/instantaneous_TDA_H2,0.13680090010166168,12
869,all,persistence,future/3ps/instantaneous_TDA_H2,0.1583985537290573,12
870,all,persistence,future/3ps/instantaneous_TDA_H2,0.16895152628421783,12
871,all,persistence,future/3ps/instantaneous_TDA_H2,0.39439621567726135,12
872,all,persistence,future/3ps/instantaneous_TDA_H2,0.11319559812545776,12
873,all,persistence,future/3ps/instantaneous_TDA_H2,0.05229862034320831,12
874,all,persistence,future/3ps/instantaneous_TDA_H2,0.17370964586734772,12
884,all,persistence,future/3ps/instantaneous_TDA_H2,0.11591608077287674,12
885,all,persistence,future/3ps/instantaneous_TDA_H2,0.12495120614767075,12
886,all,persistence,future/3ps/instantaneous_TDA_H2,0.1854303479194641,12
887,all,persistence,future/3ps/instantaneous_TDA_H2,0.14610645174980164,12
888,all,persistence,future/3ps/instantaneous_TDA_H2,0.12447246164083481,12
889,all,persistence,future/3ps/instantaneous_TDA_H2,0.12479346990585327,12
890,all,persistence,future/3ps/instantaneous_TDA_H2,0.15253648161888123,12
891,all,persistence,future/3ps/instantaneous_TDA_H2,0.11023391038179398,12
892,all,persistence,future/3ps/instantaneous_TDA_H2,0.15417537093162537,12
893,all,persistence,future/3ps/instantaneous_TDA_H2,0.1367398053407669,12
894,all,persistence,future/3ps/instantaneous_TDA_H2,0.13785529136657715,12
895,all,persistence,future/3ps/instantaneous_TDA_H2,0.1161360815167427,12
896,all,persistence,future/3ps/instantaneous_TDA_H2,0.13336153328418732,12
897,all,persistence,future/3ps/instantaneous_TDA_H2,0.10726653784513474,12
898,all,persistence,future/3ps/instantaneous_TDA_H2,0.11558141559362411,12
899,all,persistence,future/3ps/instantaneous_TDA_H2,0.147866353392601,12
900,all,persistence,future/3ps/instantaneous_TDA_H2,0.09154877811670303,12
901,all,persistence,future/3ps/instantaneous_TDA_H2,0.16454018652439117,12
914,all,persistence,future/3ps/instantaneous_TDA_H2,0.08984167128801346,12
915,all,persistence,future/3ps/instantaneous_TDA_H2,0.09287842363119125,12
916,all,persistence,future/3ps/instantaneous_TDA_H2,0.12976627051830292,12
917,all,persistence,future/3ps/instantaneous_TDA_H2,0.11898252367973328,12
918,all,persistence,future/3ps/instantaneous_TDA_H2,0.11346573382616043,12
919,all,persistence,future/3ps/instantaneous_TDA_H2,0.09613711386919022,12
920,all,persistence,future/3ps/instantaneous_TDA_H2,0.1308794915676117,12
921,all,persistence,future/3ps/instantaneous_TDA_H2,0.12059352546930313,12
922,all,persistence,future/3ps/instantaneous_TDA_H2,0.06687472015619278,12
923,all,persistence,future/3ps/instantaneous_TDA_H2,0.06394866853952408,12
924,all,persistence,future/3ps/instantaneous_TDA_H2,0.1704886555671692,12
925,all,persistence,future/3ps/instantaneous_TDA_H2,0.07787608355283737,12
926,all,persistence,future/3ps/instantaneous_TDA_H2,0.10542913526296616,12
927,all,persistence,future/3ps/instantaneous_TDA_H2,0.1608196645975113,12
928,all,persistence,future/3ps/instantaneous_TDA_H2,0.1365828812122345,12
929,all,persistence,future/3ps/instantaneous_TDA_H2,0.1296224743127823,12
930,all,persistence,future/3ps/instantaneous_TDA_H2,0.11308514326810837,12
931,all,persistence,future/3ps/instantaneous_TDA_H2,0.12031211704015732,12
944,all,persistence,future/3ps/instantaneous_TDA_H2,0.055761922150850296,12
945,all,persistence,future/3ps/instantaneous_TDA_H2,0.10420119017362595,12
946,all,persistence,future/3ps/instantaneous_TDA_H2,0.13988171517848969,12
947,all,persistence,future/3ps/instantaneous_TDA_H2,0.08804056793451309,12
948,all,persistence,future/3ps/instantaneous_TDA_H2,0.12415536493062973,12
949,all,persistence,future/3ps/instantaneous_TDA_H2,0.11345196515321732,12
950,all,persistence,future/3ps/instantaneous_TDA_H2,0.19588808715343475,12
951,all,persistence,future/3ps/instantaneous_TDA_H2,0.1361280381679535,12
952,all,persistence,future/3ps/instantaneous_TDA_H2,0.09995215386152267,12
953,all,persistence,future/3ps/instantaneous_TDA_H2,0.27249717712402344,12
954,all,persistence,future/3ps/instantaneous_TDA_H2,0.1433301717042923,12
955,all,persistence,future/3ps/instantaneous_TDA_H2,0.0651896744966507,12
956,all,persistence,future/3ps/instantaneous_TDA_H2,0.16284345090389252,12
957,all,persistence,future/3ps/instantaneous_TDA_H2,0.15345484018325806,12
958,all,persistence,future/3ps/instantaneous_TDA_H2,0.1688276082277298,12
959,all,persistence,future/3ps/instantaneous_TDA_H2,0.11103520542383194,12
960,all,persistence,future/3ps/instantaneous_TDA_H2,0.08865070343017578,12
961,all,persistence,future/3ps/instantaneous_TDA_H2,0.13536576926708221,12
974,all,persistence,future/3ps/instantaneous_TDA_H2,0.1387665569782257,12
975,all,persistence,future/3ps/instantaneous_TDA_H2,0.10453794151544571,12
976,all,persistence,future/3ps/instantaneous_TDA_H2,0.18198151886463165,12
977,all,persistence,future/3ps/instantaneous_TDA_H2,0.13881991803646088,12
978,all,persistence,future/3ps/instantaneous_TDA_H2,0.14007645845413208,12
979,all,persistence,future/3ps/instantaneous_TDA_H2,0.14950132369995117,12
980,all,persistence,future/3ps/instantaneous_TDA_H2,0.10420850664377213,12
981,all,persistence,future/3ps/instantaneous_TDA_H2,0.11612976342439651,12
982,all,persistence,future/3ps/instantaneous_TDA_H2,0.24079714715480804,12
983,all,persistence,future/3ps/instantaneous_TDA_H2,0.10708880424499512,12
984,all,persistence,future/3ps/instantaneous_TDA_H2,0.10472070425748825,12
985,all,persistence,future/3ps/instantaneous_TDA_H2,0.1568375676870346,12
986,all,persistence,future/3ps/instantaneous_TDA_H2,0.10015401989221573,12
987,all,persistence,future/3ps/instantaneous_TDA_H2,0.2491557002067566,12
988,all,persistence,future/3ps/instantaneous_TDA_H2,0.17630703747272491,12
989,all,persistence,future/3ps/instantaneous_TDA_H2,0.11857905983924866,12
990,all,persistence,future/3ps/instantaneous_TDA_H2,0.128861203789711,12
991,all,persistence,future/3ps/instantaneous_TDA_H2,0.15276212990283966,12
1004,all,persistence,future/3ps/instantaneous_TDA_H2,0.101955346763134,12
1005,all,persistence,future/3ps/instantaneous_TDA_H2,0.11525428295135498,12
1006,all,persistence,future/3ps/instantaneous_TDA_H2,0.12219835072755814,12
860,all,encoder,delta/3ps/instantaneous_TDA_H2,0.09603521227836609,12
861,all,encoder,delta/3ps/instantaneous_TDA_H2,0.22043544054031372,12
862,all,encoder,delta/3ps/instantaneous_TDA_H2,0.11932480335235596,12
863,all,encoder,delta/3ps/instantaneous_TDA_H2,0.11869486421346664,12
864,all,encoder,delta/3ps/instantaneous_TDA_H2,0.19721007347106934,12
865,all,encoder,delta/3ps/instantaneous_TDA_H2,0.207335963845253,12
866,all,encoder,delta/3ps/instantaneous_TDA_H2,0.16938064992427826,12
867,all,encoder,delta/3ps/instantaneous_TDA_H2,0.23339803516864777,12
868,all,encoder,delta/3ps/instantaneous_TDA_H2,0.15637126564979553,12
869,all,encoder,delta/3ps/instantaneous_TDA_H2,0.16108393669128418,12
870,all,encoder,delta/3ps/instantaneous_TDA_H2,0.17553545534610748,12
871,all,encoder,delta/3ps/instantaneous_TDA_H2,0.3828323185443878,12
872,all,encoder,delta/3ps/instantaneous_TDA_H2,0.10949049144983292,12
873,all,encoder,delta/3ps/instantaneous_TDA_H2,0.057502422481775284,12
874,all,encoder,delta/3ps/instantaneous_TDA_H2,0.1729767769575119,12
884,all,encoder,delta/3ps/instantaneous_TDA_H2,0.12527766823768616,12
885,all,encoder,delta/3ps/instantaneous_TDA_H2,0.1291913241147995,12
886,all,encoder,delta/3ps/instantaneous_TDA_H2,0.20363950729370117,12
887,all,encoder,delta/3ps/instantaneous_TDA_H2,0.13390012085437775,12
888,all,encoder,delta/3ps/instantaneous_TDA_H2,0.12345045804977417,12
889,all,encoder,delta/3ps/instantaneous_TDA_H2,0.12656836211681366,12
890,all,encoder,delta/3ps/instantaneous_TDA_H2,0.1529107391834259,12
891,all,encoder,delta/3ps/instantaneous_TDA_H2,0.11268063634634018,12
892,all,encoder,delta/3ps/instantaneous_TDA_H2,0.16420592367649078,12
893,all,encoder,delta/3ps/instantaneous_TDA_H2,0.15159974992275238,12
894,all,encoder,delta/3ps/instantaneous_TDA_H2,0.15825940668582916,12
895,all,encoder,delta/3ps/instantaneous_TDA_H2,0.120716392993927,12
896,all,encoder,delta/3ps/instantaneous_TDA_H2,0.13162550330162048,12
897,all,encoder,delta/3ps/instantaneous_TDA_H2,0.10818641632795334,12
898,all,encoder,delta/3ps/instantaneous_TDA_H2,0.11531435698270798,12
899,all,encoder,delta/3ps/instantaneous_TDA_H2,0.15462350845336914,12
900,all,encoder,delta/3ps/instantaneous_TDA_H2,0.08716556429862976,12
901,all,encoder,delta/3ps/instantaneous_TDA_H2,0.1555386483669281,12
914,all,encoder,delta/3ps/instantaneous_TDA_H2,0.09447166323661804,12
915,all,encoder,delta/3ps/instantaneous_TDA_H2,0.09779147058725357,12
916,all,encoder,delta/3ps/instantaneous_TDA_H2,0.11684918403625488,12
917,all,encoder,delta/3ps/instantaneous_TDA_H2,0.10804527252912521,12
918,all,encoder,delta/3ps/instantaneous_TDA_H2,0.12774527072906494,12
919,all,encoder,delta/3ps/instantaneous_TDA_H2,0.10662078857421875,12
920,all,encoder,delta/3ps/instantaneous_TDA_H2,0.1261831372976303,12
921,all,encoder,delta/3ps/instantaneous_TDA_H2,0.12931649386882782,12
922,all,encoder,delta/3ps/instantaneous_TDA_H2,0.07844650000333786,12
923,all,encoder,delta/3ps/instantaneous_TDA_H2,0.07210243493318558,12
924,all,encoder,delta/3ps/instantaneous_TDA_H2,0.14380013942718506,12
925,all,encoder,delta/3ps/instantaneous_TDA_H2,0.07513026148080826,12
926,all,encoder,delta/3ps/instantaneous_TDA_H2,0.10972344875335693,12
927,all,encoder,delta/3ps/instantaneous_TDA_H2,0.1607593148946762,12
928,all,encoder,delta/3ps/instantaneous_TDA_H2,0.15079419314861298,12
929,all,encoder,delta/3ps/instantaneous_TDA_H2,0.13399188220500946,12
930,all,encoder,delta/3ps/instantaneous_TDA_H2,0.10217869281768799,12
931,all,encoder,delta/3ps/instantaneous_TDA_H2,0.1295531541109085,12
944,all,encoder,delta/3ps/instantaneous_TDA_H2,0.05836781859397888,12
945,all,encoder,delta/3ps/instantaneous_TDA_H2,0.11903303116559982,12
946,all,encoder,delta/3ps/instantaneous_TDA_H2,0.13200169801712036,12
947,all,encoder,delta/3ps/instantaneous_TDA_H2,0.10793939232826233,12
948,all,encoder,delta/3ps/instantaneous_TDA_H2,0.12941338121891022,12
949,all,encoder,delta/3ps/instantaneous_TDA_H2,0.10622348636388779,12
950,all,encoder,delta/3ps/instantaneous_TDA_H2,0.19882415235042572,12
951,all,encoder,delta/3ps/instantaneous_TDA_H2,0.14338453114032745,12
952,all,encoder,delta/3ps/instantaneous_TDA_H2,0.12245634198188782,12
953,all,encoder,delta/3ps/instantaneous_TDA_H2,0.2640548646450043,12
954,all,encoder,delta/3ps/instantaneous_TDA_H2,0.16032733023166656,12
955,all,encoder,delta/3ps/instantaneous_TDA_H2,0.0713559165596962,12
956,all,encoder,delta/3ps/instantaneous_TDA_H2,0.15342815220355988,12
957,all,encoder,delta/3ps/instantaneous_TDA_H2,0.14755909144878387,12
958,all,encoder,delta/3ps/instantaneous_TDA_H2,0.1652432233095169,12
959,all,encoder,delta/3ps/instantaneous_TDA_H2,0.1127709448337555,12
960,all,encoder,delta/3ps/instantaneous_TDA_H2,0.10101127624511719,12
961,all,encoder,delta/3ps/instantaneous_TDA_H2,0.12841583788394928,12
974,all,encoder,delta/3ps/instantaneous_TDA_H2,0.14088110625743866,12
975,all,encoder,delta/3ps/instantaneous_TDA_H2,0.12247055768966675,12
976,all,encoder,delta/3ps/instantaneous_TDA_H2,0.17534376680850983,12
977,all,encoder,delta/3ps/instantaneous_TDA_H2,0.1585531085729599,12
978,all,encoder,delta/3ps/instantaneous_TDA_H2,0.12878672778606415,12
979,all,encoder,delta/3ps/instantaneous_TDA_H2,0.15586254000663757,12
980,all,encoder,delta/3ps/instantaneous_TDA_H2,0.1206693947315216,12
981,all,encoder,delta/3ps/instantaneous_TDA_H2,0.11457877606153488,12
982,all,encoder,delta/3ps/instantaneous_TDA_H2,0.2170426845550537,12
983,all,encoder,delta/3ps/instantaneous_TDA_H2,0.10289493948221207,12
984,all,encoder,delta/3ps/instantaneous_TDA_H2,0.11547601968050003,12
985,all,encoder,delta/3ps/instantaneous_TDA_H2,0.1724681854248047,12
986,all,encoder,delta/3ps/instantaneous_TDA_H2,0.09938982874155045,12
987,all,encoder,delta/3ps/instantaneous_TDA_H2,0.25874319672584534,12
988,all,encoder,delta/3ps/instantaneous_TDA_H2,0.17376303672790527,12
989,all,encoder,delta/3ps/instantaneous_TDA_H2,0.11528923362493515,12
990,all,encoder,delta/3ps/instantaneous_TDA_H2,0.1233825609087944,12
991,all,encoder,delta/3ps/instantaneous_TDA_H2,0.15337826311588287,12
1004,all,encoder,delta/3ps/instantaneous_TDA_H2,0.11376523226499557,12
1005,all,encoder,delta/3ps/instantaneous_TDA_H2,0.12109873443841934,12
1006,all,encoder,delta/3ps/instantaneous_TDA_H2,0.11855406314134598,12
860,all,encoder,future/9ps/instantaneous_TDA_H2,0.6845075488090515,12
861,all,encoder,future/9ps/instantaneous_TDA_H2,1.764135479927063,12
862,all,encoder,future/9ps/instantaneous_TDA_H2,0.4653225839138031,12
863,all,encoder,future/9ps/instantaneous_TDA_H2,0.6826832294464111,12
864,all,encoder,future/9ps/instantaneous_TDA_H2,1.9232574701309204,12
865,all,encoder,future/9ps/instantaneous_TDA_H2,1.7284010648727417,12
866,all,encoder,future/9ps/instantaneous_TDA_H2,1.652288794517517,12
867,all,encoder,future/9ps/instantaneous_TDA_H2,1.9074612855911255,12
868,all,encoder,future/9ps/instantaneous_TDA_H2,0.9072696566581726,12
869,all,encoder,future/9ps/instantaneous_TDA_H2,1.8696832656860352,12
870,all,encoder,future/9ps/instantaneous_TDA_H2,1.5897337198257446,12
871,all,encoder,future/9ps/instantaneous_TDA_H2,1.3506975173950195,12
872,all,encoder,future/9ps/instantaneous_TDA_H2,0.3592568337917328,12
873,all,encoder,future/9ps/instantaneous_TDA_H2,0.25583982467651367,12
874,all,encoder,future/9ps/instantaneous_TDA_H2,1.8202050924301147,12
884,all,encoder,future/9ps/instantaneous_TDA_H2,1.1965911388397217,12
885,all,encoder,future/9ps/instantaneous_TDA_H2,1.143325686454773,12
886,all,encoder,future/9ps/instantaneous_TDA_H2,0.9591298699378967,12
887,all,encoder,future/9ps/instantaneous_TDA_H2,1.5306415557861328,12
888,all,encoder,future/9ps/instantaneous_TDA_H2,1.3854275941848755,12
889,all,encoder,future/9ps/instantaneous_TDA_H2,1.1851704120635986,12
890,all,encoder,future/9ps/instantaneous_TDA_H2,1.231451392173767,12
891,all,encoder,future/9ps/instantaneous_TDA_H2,1.322096586227417,12
892,all,encoder,future/9ps/instantaneous_TDA_H2,1.0578259229660034,12
893,all,encoder,future/9ps/instantaneous_TDA_H2,1.4015560150146484,12
894,all,encoder,future/9ps/instantaneous_TDA_H2,1.2933404445648193,12
895,all,encoder,future/9ps/instantaneous_TDA_H2,1.489571213722229,12
896,all,encoder,future/9ps/instantaneous_TDA_H2,1.1828298568725586,12
897,all,encoder,future/9ps/instantaneous_TDA_H2,1.5235222578048706,12
898,all,encoder,future/9ps/instantaneous_TDA_H2,1.3798795938491821,12
899,all,encoder,future/9ps/instantaneous_TDA_H2,1.0842887163162231,12
900,all,encoder,future/9ps/instantaneous_TDA_H2,1.2648190259933472,12
901,all,encoder,future/9ps/instantaneous_TDA_H2,1.2576769590377808,12
914,all,encoder,future/9ps/instantaneous_TDA_H2,0.5080121159553528,12
915,all,encoder,future/9ps/instantaneous_TDA_H2,0.8412925601005554,12
916,all,encoder,future/9ps/instantaneous_TDA_H2,0.9257991909980774,12
917,all,encoder,future/9ps/instantaneous_TDA_H2,1.268942952156067,12
918,all,encoder,future/9ps/instantaneous_TDA_H2,1.1003246307373047,12
919,all,encoder,future/9ps/instantaneous_TDA_H2,0.9147038459777832,12
920,all,encoder,future/9ps/instantaneous_TDA_H2,0.5434955358505249,12
921,all,encoder,future/9ps/instantaneous_TDA_H2,1.087469458580017,12
922,all,encoder,future/9ps/instantaneous_TDA_H2,0.9490513801574707,12
923,all,encoder,future/9ps/instantaneous_TDA_H2,1.0063083171844482,12
924,all,encoder,future/9ps/instantaneous_TDA_H2,0.9857786297798157,12
925,all,encoder,future/9ps/instantaneous_TDA_H2,0.9962520003318787,12
926,all,encoder,future/9ps/instantaneous_TDA_H2,0.9295294284820557,12
927,all,encoder,future/9ps/instantaneous_TDA_H2,1.0522173643112183,12
928,all,encoder,future/9ps/instantaneous_TDA_H2,0.39915862679481506,12
929,all,encoder,future/9ps/instantaneous_TDA_H2,0.9963793158531189,12
930,all,encoder,future/9ps/instantaneous_TDA_H2,1.2949857711791992,12
931,all,encoder,future/9ps/instantaneous_TDA_H2,0.6888208389282227,12
944,all,encoder,future/9ps/instantaneous_TDA_H2,0.49752020835876465,12
945,all,encoder,future/9ps/instantaneous_TDA_H2,0.888418972492218,12
946,all,encoder,future/9ps/instantaneous_TDA_H2,0.8499649167060852,12
947,all,encoder,future/9ps/instantaneous_TDA_H2,0.8647189736366272,12
948,all,encoder,future/9ps/instantaneous_TDA_H2,0.9517574906349182,12
949,all,encoder,future/9ps/instantaneous_TDA_H2,0.8697971701622009,12
950,all,encoder,future/9ps/instantaneous_TDA_H2,1.1397628784179688,12
951,all,encoder,future/9ps/instantaneous_TDA_H2,0.7577602863311768,12
952,all,encoder,future/9ps/instantaneous_TDA_H2,0.5218120813369751,12
953,all,encoder,future/9ps/instantaneous_TDA_H2,0.6086129546165466,12
954,all,encoder,future/9ps/instantaneous_TDA_H2,1.6703829765319824,12
955,all,encoder,future/9ps/instantaneous_TDA_H2,0.6662986874580383,12
956,all,encoder,future/9ps/instantaneous_TDA_H2,1.5066914558410645,12
957,all,encoder,future/9ps/instantaneous_TDA_H2,0.5932449698448181,12
958,all,encoder,future/9ps/instantaneous_TDA_H2,0.9370114803314209,12
959,all,encoder,future/9ps/instantaneous_TDA_H2,0.2841472625732422,12
960,all,encoder,future/9ps/instantaneous_TDA_H2,0.7036609649658203,12
961,all,encoder,future/9ps/instantaneous_TDA_H2,0.49484696984291077,12
974,all,encoder,future/9ps/instantaneous_TDA_H2,0.4982546865940094,12
975,all,encoder,future/9ps/instantaneous_TDA_H2,0.6333097815513611,12
976,all,encoder,future/9ps/instantaneous_TDA_H2,0.6209616661071777,12
977,all,encoder,future/9ps/instantaneous_TDA_H2,1.0650907754898071,12
978,all,encoder,future/9ps/instantaneous_TDA_H2,1.567444920539856,12
979,all,encoder,future/9ps/instantaneous_TDA_H2,1.6171411275863647,12
980,all,encoder,future/9ps/instantaneous_TDA_H2,0.5165857672691345,12
981,all,encoder,future/9ps/instantaneous_TDA_H2,0.8250298500061035,12
982,all,encoder,future/9ps/instantaneous_TDA_H2,0.3747037649154663,12
983,all,encoder,future/9ps/instantaneous_TDA_H2,0.63801509141922,12
984,all,encoder,future/9ps/instantaneous_TDA_H2,0.9842601418495178,12
985,all,encoder,future/9ps/instantaneous_TDA_H2,0.6471099853515625,12
986,all,encoder,future/9ps/instantaneous_TDA_H2,0.42757293581962585,12
987,all,encoder,future/9ps/instantaneous_TDA_H2,0.6469241976737976,12
988,all,encoder,future/9ps/instantaneous_TDA_H2,1.445343017578125,12
989,all,encoder,future/9ps/instantaneous_TDA_H2,0.3789469301700592,12
990,all,encoder,future/9ps/instantaneous_TDA_H2,0.4850757420063019,12
991,all,encoder,future/9ps/instantaneous_TDA_H2,0.5807215571403503,12
1004,all,encoder,future/9ps/instantaneous_TDA_H2,0.8639847636222839,12
1005,all,encoder,future/9ps/instantaneous_TDA_H2,0.7781727313995361,12
1006,all,encoder,future/9ps/instantaneous_TDA_H2,0.39903271198272705,12
860,all,persistence,future/9ps/instantaneous_TDA_H2,0.0988449826836586,12
861,all,persistence,future/9ps/instantaneous_TDA_H2,0.1979859471321106,12
862,all,persistence,future/9ps/instantaneous_TDA_H2,0.1009272038936615,12
863,all,persistence,future/9ps/instantaneous_TDA_H2,0.10428627580404282,12
864,all,persistence,future/9ps/instantaneous_TDA_H2,0.14667804539203644,12
865,all,persistence,future/9ps/instantaneous_TDA_H2,0.2339903861284256,12
866,all,persistence,future/9ps/instantaneous_TDA_H2,0.16697199642658234,12
867,all,persistence,future/9ps/instantaneous_TDA_H2,0.17236505448818207,12
868,all,persistence,future/9ps/instantaneous_TDA_H2,0.4350489377975464,12
869,all,persistence,future/9ps/instantaneous_TDA_H2,0.1289830058813095,12
870,all,persistence,future/9ps/instantaneous_TDA_H2,0.1992058902978897,12
871,all,persistence,future/9ps/instantaneous_TDA_H2,0.7828578948974609,12
872,all,persistence,future/9ps/instantaneous_TDA_H2,0.2220413088798523,12
873,all,persistence,future/9ps/instantaneous_TDA_H2,0.07928118854761124,12
874,all,persistence,future/9ps/instantaneous_TDA_H2,0.12946470081806183,12
884,all,persistence,future/9ps/instantaneous_TDA_H2,0.15691086649894714,12
885,all,persistence,future/9ps/instantaneous_TDA_H2,0.11431100964546204,12
886,all,persistence,future/9ps/instantaneous_TDA_H2,0.3986745774745941,12
887,all,persistence,future/9ps/instantaneous_TDA_H2,0.11122792959213257,12
888,all,persistence,future/9ps/instantaneous_TDA_H2,0.1470382958650589,12
889,all,persistence,future/9ps/instantaneous_TDA_H2,0.40803536772727966,12
890,all,persistence,future/9ps/instantaneous_TDA_H2,0.14604441821575165,12
891,all,persistence,future/9ps/instantaneous_TDA_H2,0.15423835813999176,12
892,all,persistence,future/9ps/instantaneous_TDA_H2,0.18486928939819336,12
893,all,persistence,future/9ps/instantaneous_TDA_H2,0.12455736845731735,12
894,all,persistence,future/9ps/instantaneous_TDA_H2,0.07093393802642822,12
895,all,persistence,future/9ps/instantaneous_TDA_H2,0.1047084853053093,12
896,all,persistence,future/9ps/instantaneous_TDA_H2,0.142059788107872,12
897,all,persistence,future/9ps/instantaneous_TDA_H2,0.10685080289840698,12
898,all,persistence,future/9ps/instantaneous_TDA_H2,0.12744630873203278,12
899,all,persistence,future/9ps/instantaneous_TDA_H2,0.17208193242549896,12
900,all,persistence,future/9ps/instantaneous_TDA_H2,0.13801468908786774,12
901,all,persistence,future/9ps/instantaneous_TDA_H2,0.38284289836883545,12
914,all,persistence,future/9ps/instantaneous_TDA_H2,0.1431664079427719,12
915,all,persistence,future/9ps/instantaneous_TDA_H2,0.1227680966258049,12
916,all,persistence,future/9ps/instantaneous_TDA_H2,0.14450253546237946,12
917,all,persistence,future/9ps/instantaneous_TDA_H2,0.11350813508033752,12
918,all,persistence,future/9ps/instantaneous_TDA_H2,0.12559306621551514,12
919,all,persistence,future/9ps/instantaneous_TDA_H2,0.09757355600595474,12
920,all,persistence,future/9ps/instantaneous_TDA_H2,0.1388409435749054,12
921,all,persistence,future/9ps/instantaneous_TDA_H2,0.20490311086177826,12
922,all,persistence,future/9ps/instantaneous_TDA_H2,0.0798003152012825,12
923,all,persistence,future/9ps/instantaneous_TDA_H2,0.06406944245100021,12
924,all,persistence,future/9ps/instantaneous_TDA_H2,0.2372351437807083,12
925,all,persistence,future/9ps/instantaneous_TDA_H2,0.15732647478580475,12
926,all,persistence,future/9ps/instantaneous_TDA_H2,0.07659197598695755,12
927,all,persistence,future/9ps/instantaneous_TDA_H2,0.1314750462770462,12
928,all,persistence,future/9ps/instantaneous_TDA_H2,0.18196310102939606,12
929,all,persistence,future/9ps/instantaneous_TDA_H2,0.10107596963644028,12
930,all,persistence,future/9ps/instantaneous_TDA_H2,0.16811232268810272,12
931,all,persistence,future/9ps/instantaneous_TDA_H2,0.2622108459472656,12
944,all,persistence,future/9ps/instantaneous_TDA_H2,0.39419522881507874,12
945,all,persistence,future/9ps/instantaneous_TDA_H2,0.09237351268529892,12
946,all,persistence,future/9ps/instantaneous_TDA_H2,0.18817751109600067,12
947,all,persistence,future/9ps/instantaneous_TDA_H2,0.07474416494369507,12
948,all,persistence,future/9ps/instantaneous_TDA_H2,0.17787033319473267,12
949,all,persistence,future/9ps/instantaneous_TDA_H2,0.17425388097763062,12
950,all,persistence,future/9ps/instantaneous_TDA_H2,0.5292733907699585,12
951,all,persistence,future/9ps/instantaneous_TDA_H2,0.10022415965795517,12
952,all,persistence,future/9ps/instantaneous_TDA_H2,0.07486006617546082,12
953,all,persistence,future/9ps/instantaneous_TDA_H2,0.487078458070755,12
954,all,persistence,future/9ps/instantaneous_TDA_H2,0.14723999798297882,12
955,all,persistence,future/9ps/instantaneous_TDA_H2,0.15535829961299896,12
956,all,persistence,future/9ps/instantaneous_TDA_H2,0.28018730878829956,12
957,all,persistence,future/9ps/instantaneous_TDA_H2,0.10804110765457153,12
958,all,persistence,future/9ps/instantaneous_TDA_H2,0.09322166442871094,12
959,all,persistence,future/9ps/instantaneous_TDA_H2,0.12702564895153046,12
960,all,persistence,future/9ps/instantaneous_TDA_H2,0.11601396650075912,12
961,all,persistence,future/9ps/instantaneous_TDA_H2,0.17207539081573486,12
974,all,persistence,future/9ps/instantaneous_TDA_H2,0.12898562848567963,12
975,all,persistence,future/9ps/instantaneous_TDA_H2,0.5020360350608826,12
976,all,persistence,future/9ps/instantaneous_TDA_H2,0.14816808700561523,12
977,all,persistence,future/9ps/instantaneous_TDA_H2,0.2014562487602234,12
978,all,persistence,future/9ps/instantaneous_TDA_H2,0.22933344542980194,12
979,all,persistence,future/9ps/instantaneous_TDA_H2,0.20276421308517456,12
980,all,persistence,future/9ps/instantaneous_TDA_H2,0.14667603373527527,12
981,all,persistence,future/9ps/instantaneous_TDA_H2,0.11528167873620987,12
982,all,persistence,future/9ps/instantaneous_TDA_H2,0.32283076643943787,12
983,all,persistence,future/9ps/instantaneous_TDA_H2,0.1517128199338913,12
984,all,persistence,future/9ps/instantaneous_TDA_H2,0.1261783242225647,12
985,all,persistence,future/9ps/instantaneous_TDA_H2,0.2729935348033905,12
986,all,persistence,future/9ps/instantaneous_TDA_H2,0.09989690035581589,12
987,all,persistence,future/9ps/instantaneous_TDA_H2,0.21920712292194366,12
988,all,persistence,future/9ps/instantaneous_TDA_H2,0.1480705887079239,12
989,all,persistence,future/9ps/instantaneous_TDA_H2,0.08142606168985367,12
990,all,persistence,future/9ps/instantaneous_TDA_H2,0.08040070533752441,12
991,all,persistence,future/9ps/instantaneous_TDA_H2,0.12263812869787216,12
1004,all,persistence,future/9ps/instantaneous_TDA_H2,0.12623552978038788,12
1005,all,persistence,future/9ps/instantaneous_TDA_H2,0.14770109951496124,12
1006,all,persistence,future/9ps/instantaneous_TDA_H2,0.14902767539024353,12
860,all,encoder,delta/9ps/instantaneous_TDA_H2,0.1022077277302742,12
861,all,encoder,delta/9ps/instantaneous_TDA_H2,0.19916915893554688,12
862,all,encoder,delta/9ps/instantaneous_TDA_H2,0.11498299986124039,12
863,all,encoder,delta/9ps/instantaneous_TDA_H2,0.10842881351709366,12
864,all,encoder,delta/9ps/instantaneous_TDA_H2,0.15341784060001373,12
865,all,encoder,delta/9ps/instantaneous_TDA_H2,0.22253112494945526,12
866,all,encoder,delta/9ps/instantaneous_TDA_H2,0.14818879961967468,12
867,all,encoder,delta/9ps/instantaneous_TDA_H2,0.19092249870300293,12
868,all,encoder,delta/9ps/instantaneous_TDA_H2,0.4325481653213501,12
869,all,encoder,delta/9ps/instantaneous_TDA_H2,0.13151375949382782,12
870,all,encoder,delta/9ps/instantaneous_TDA_H2,0.19994443655014038,12
871,all,encoder,delta/9ps/instantaneous_TDA_H2,0.7474319934844971,12
872,all,encoder,delta/9ps/instantaneous_TDA_H2,0.230057954788208,12
873,all,encoder,delta/9ps/instantaneous_TDA_H2,0.09672972559928894,12
874,all,encoder,delta/9ps/instantaneous_TDA_H2,0.12815071642398834,12
884,all,encoder,delta/9ps/instantaneous_TDA_H2,0.15903334319591522,12
885,all,encoder,delta/9ps/instantaneous_TDA_H2,0.11965510249137878,12
886,all,encoder,delta/9ps/instantaneous_TDA_H2,0.43179604411125183,12
887,all,encoder,delta/9ps/instantaneous_TDA_H2,0.11157359927892685,12
888,all,encoder,delta/9ps/instantaneous_TDA_H2,0.15028789639472961,12
889,all,encoder,delta/9ps/instantaneous_TDA_H2,0.3900999128818512,12
890,all,encoder,delta/9ps/instantaneous_TDA_H2,0.16309024393558502,12
891,all,encoder,delta/9ps/instantaneous_TDA_H2,0.16088804602622986,12
892,all,encoder,delta/9ps/instantaneous_TDA_H2,0.1901034265756607,12
893,all,encoder,delta/9ps/instantaneous_TDA_H2,0.14644035696983337,12
894,all,encoder,delta/9ps/instantaneous_TDA_H2,0.08029931783676147,12
895,all,encoder,delta/9ps/instantaneous_TDA_H2,0.1176813617348671,12
896,all,encoder,delta/9ps/instantaneous_TDA_H2,0.15666674077510834,12
897,all,encoder,delta/9ps/instantaneous_TDA_H2,0.11269838362932205,12
898,all,encoder,delta/9ps/instantaneous_TDA_H2,0.12862642109394073,12
899,all,encoder,delta/9ps/instantaneous_TDA_H2,0.18193696439266205,12
900,all,encoder,delta/9ps/instantaneous_TDA_H2,0.1373911201953888,12
901,all,encoder,delta/9ps/instantaneous_TDA_H2,0.3670898675918579,12
914,all,encoder,delta/9ps/instantaneous_TDA_H2,0.14959533512592316,12
915,all,encoder,delta/9ps/instantaneous_TDA_H2,0.13266952335834503,12
916,all,encoder,delta/9ps/instantaneous_TDA_H2,0.1406932920217514,12
917,all,encoder,delta/9ps/instantaneous_TDA_H2,0.10953471064567566,12
918,all,encoder,delta/9ps/instantaneous_TDA_H2,0.13485299050807953,12
919,all,encoder,delta/9ps/instantaneous_TDA_H2,0.11432326585054398,12
920,all,encoder,delta/9ps/instantaneous_TDA_H2,0.13460980355739594,12
921,all,encoder,delta/9ps/instantaneous_TDA_H2,0.2140887826681137,12
922,all,encoder,delta/9ps/instantaneous_TDA_H2,0.08478569239377975,12
923,all,encoder,delta/9ps/instantaneous_TDA_H2,0.06933421641588211,12
924,all,encoder,delta/9ps/instantaneous_TDA_H2,0.20856045186519623,12
925,all,encoder,delta/9ps/instantaneous_TDA_H2,0.15834897756576538,12
926,all,encoder,delta/9ps/instantaneous_TDA_H2,0.08555209636688232,12
927,all,encoder,delta/9ps/instantaneous_TDA_H2,0.13043741881847382,12
928,all,encoder,delta/9ps/instantaneous_TDA_H2,0.19089730083942413,12
929,all,encoder,delta/9ps/instantaneous_TDA_H2,0.11099114269018173,12
930,all,encoder,delta/9ps/instantaneous_TDA_H2,0.15098075568675995,12
931,all,encoder,delta/9ps/instantaneous_TDA_H2,0.27341100573539734,12
944,all,encoder,delta/9ps/instantaneous_TDA_H2,0.39299318194389343,12
945,all,encoder,delta/9ps/instantaneous_TDA_H2,0.10353118181228638,12
946,all,encoder,delta/9ps/instantaneous_TDA_H2,0.1811729520559311,12
947,all,encoder,delta/9ps/instantaneous_TDA_H2,0.08642980456352234,12
948,all,encoder,delta/9ps/instantaneous_TDA_H2,0.17745685577392578,12
949,all,encoder,delta/9ps/instantaneous_TDA_H2,0.18246258795261383,12
950,all,encoder,delta/9ps/instantaneous_TDA_H2,0.4829719364643097,12
951,all,encoder,delta/9ps/instantaneous_TDA_H2,0.10845410078763962,12
952,all,encoder,delta/9ps/instantaneous_TDA_H2,0.08856164664030075,12
953,all,encoder,delta/9ps/instantaneous_TDA_H2,0.4785158932209015,12
954,all,encoder,delta/9ps/instantaneous_TDA_H2,0.14775361120700836,12
955,all,encoder,delta/9ps/instantaneous_TDA_H2,0.15989403426647186,12
956,all,encoder,delta/9ps/instantaneous_TDA_H2,0.2665835916996002,12
957,all,encoder,delta/9ps/instantaneous_TDA_H2,0.11121692508459091,12
958,all,encoder,delta/9ps/instantaneous_TDA_H2,0.0912446677684784,12
959,all,encoder,delta/9ps/instantaneous_TDA_H2,0.1401251256465912,12
960,all,encoder,delta/9ps/instantaneous_TDA_H2,0.126565083861351,12
961,all,encoder,delta/9ps/instantaneous_TDA_H2,0.18233954906463623,12
974,all,encoder,delta/9ps/instantaneous_TDA_H2,0.14814992249011993,12
975,all,encoder,delta/9ps/instantaneous_TDA_H2,0.5344971418380737,12
976,all,encoder,delta/9ps/instantaneous_TDA_H2,0.15352630615234375,12
977,all,encoder,delta/9ps/instantaneous_TDA_H2,0.21478961408138275,12
978,all,encoder,delta/9ps/instantaneous_TDA_H2,0.2166917324066162,12
979,all,encoder,delta/9ps/instantaneous_TDA_H2,0.1981067806482315,12
980,all,encoder,delta/9ps/instantaneous_TDA_H2,0.16079659759998322,12
981,all,encoder,delta/9ps/instantaneous_TDA_H2,0.11578508466482162,12
982,all,encoder,delta/9ps/instantaneous_TDA_H2,0.307059645652771,12
983,all,encoder,delta/9ps/instantaneous_TDA_H2,0.14620745182037354,12
984,all,encoder,delta/9ps/instantaneous_TDA_H2,0.14955048263072968,12
985,all,encoder,delta/9ps/instantaneous_TDA_H2,0.25341641902923584,12
986,all,encoder,delta/9ps/instantaneous_TDA_H2,0.10170962661504745,12
987,all,encoder,delta/9ps/instantaneous_TDA_H2,0.20208688080310822,12
988,all,encoder,delta/9ps/instantaneous_TDA_H2,0.14936570823192596,12
989,all,encoder,delta/9ps/instantaneous_TDA_H2,0.08327694237232208,12
990,all,encoder,delta/9ps/instantaneous_TDA_H2,0.0836070254445076,12
991,all,encoder,delta/9ps/instantaneous_TDA_H2,0.12062376737594604,12
1004,all,encoder,delta/9ps/instantaneous_TDA_H2,0.11944343894720078,12
1005,all,encoder,delta/9ps/instantaneous_TDA_H2,0.1550375074148178,12
1006,all,encoder,delta/9ps/instantaneous_TDA_H2,0.15781836211681366,12
860,all,encoder,present/motion_even,0.6616393327713013,12
861,all,encoder,present/motion_even,1.0651966333389282,12
862,all,encoder,present/motion_even,1.0236238241195679,12
863,all,encoder,present/motion_even,0.7015106081962585,12
864,all,encoder,present/motion_even,1.111969232559204,12
865,all,encoder,present/motion_even,1.0686262845993042,12
866,all,encoder,present/motion_even,0.7268616557121277,12
867,all,encoder,present/motion_even,0.9551748633384705,12
868,all,encoder,present/motion_even,1.5887079238891602,12
869,all,encoder,present/motion_even,1.0323114395141602,12
870,all,encoder,present/motion_even,1.1328879594802856,12
871,all,encoder,present/motion_even,1.3429646492004395,12
872,all,encoder,present/motion_even,1.3004298210144043,12
873,all,encoder,present/motion_even,1.374341607093811,12
874,all,encoder,present/motion_even,1.946651816368103,12
884,all,encoder,present/motion_even,0.86256343126297,12
885,all,encoder,present/motion_even,1.1317837238311768,12
886,all,encoder,present/motion_even,0.9001386761665344,12
887,all,encoder,present/motion_even,1.0816179513931274,12
888,all,encoder,present/motion_even,0.7494727969169617,12
889,all,encoder,present/motion_even,0.9508481621742249,12
890,all,encoder,present/motion_even,0.9593372941017151,12
891,all,encoder,present/motion_even,1.182517409324646,12
892,all,encoder,present/motion_even,1.413661003112793,12
893,all,encoder,present/motion_even,1.1204487085342407,12
894,all,encoder,present/motion_even,0.9131965637207031,12
895,all,encoder,present/motion_even,0.7401494979858398,12
896,all,encoder,present/motion_even,1.0904449224472046,12
897,all,encoder,present/motion_even,0.9658768773078918,12
898,all,encoder,present/motion_even,0.7870596051216125,12
899,all,encoder,present/motion_even,0.7786702513694763,12
900,all,encoder,present/motion_even,1.0918500423431396,12
901,all,encoder,present/motion_even,1.1796656847000122,12
914,all,encoder,present/motion_even,0.5397214293479919,12
915,all,encoder,present/motion_even,0.7402799725532532,12
916,all,encoder,present/motion_even,0.4809737503528595,12
917,all,encoder,present/motion_even,0.5570076704025269,12
918,all,encoder,present/motion_even,0.6555460691452026,12
919,all,encoder,present/motion_even,1.317179560661316,12
920,all,encoder,present/motion_even,0.6107978224754333,12
921,all,encoder,present/motion_even,0.5730616450309753,12
922,all,encoder,present/motion_even,0.7779948115348816,12
923,all,encoder,present/motion_even,0.41053342819213867,12
924,all,encoder,present/motion_even,0.5936066508293152,12
925,all,encoder,present/motion_even,0.4989882707595825,12
926,all,encoder,present/motion_even,0.6250922679901123,12
927,all,encoder,present/motion_even,0.8044261336326599,12
928,all,encoder,present/motion_even,0.6676717400550842,12
929,all,encoder,present/motion_even,0.7193244099617004,12
930,all,encoder,present/motion_even,0.8875390887260437,12
931,all,encoder,present/motion_even,0.5439072251319885,12
944,all,encoder,present/motion_even,1.4220744371414185,12
945,all,encoder,present/motion_even,0.8888933062553406,12
946,all,encoder,present/motion_even,0.8297953009605408,12
947,all,encoder,present/motion_even,1.8494638204574585,12
948,all,encoder,present/motion_even,0.9231216311454773,12
949,all,encoder,present/motion_even,1.2497484683990479,12
950,all,encoder,present/motion_even,1.167413592338562,12
951,all,encoder,present/motion_even,1.3656139373779297,12
952,all,encoder,present/motion_even,1.2188888788223267,12
953,all,encoder,present/motion_even,1.2463911771774292,12
954,all,encoder,present/motion_even,1.2284197807312012,12
955,all,encoder,present/motion_even,1.3195775747299194,12
956,all,encoder,present/motion_even,0.7929664254188538,12
957,all,encoder,present/motion_even,1.0856196880340576,12
958,all,encoder,present/motion_even,0.940342128276825,12
959,all,encoder,present/motion_even,0.6572937369346619,12
960,all,encoder,present/motion_even,1.1766093969345093,12
961,all,encoder,present/motion_even,1.8491201400756836,12
974,all,encoder,present/motion_even,1.2992286682128906,12
975,all,encoder,present/motion_even,1.2862563133239746,12
976,all,encoder,present/motion_even,1.1194514036178589,12
977,all,encoder,present/motion_even,1.291448950767517,12
978,all,encoder,present/motion_even,0.626384437084198,12
979,all,encoder,present/motion_even,1.3370684385299683,12
980,all,encoder,present/motion_even,1.0758146047592163,12
981,all,encoder,present/motion_even,1.1456207036972046,12
982,all,encoder,present/motion_even,1.1925805807113647,12
983,all,encoder,present/motion_even,0.7942426204681396,12
984,all,encoder,present/motion_even,0.8867715001106262,12
985,all,encoder,present/motion_even,1.2988144159317017,12
986,all,encoder,present/motion_even,0.5507746934890747,12
987,all,encoder,present/motion_even,2.497814416885376,12
988,all,encoder,present/motion_even,1.0795323848724365,12
989,all,encoder,present/motion_even,0.7530986666679382,12
990,all,encoder,present/motion_even,1.4211993217468262,12
991,all,encoder,present/motion_even,1.055411696434021,12
1004,all,encoder,present/motion_even,1.4674571752548218,12
1005,all,encoder,present/motion_even,1.1584662199020386,12
1006,all,encoder,present/motion_even,1.2406283617019653,12
860,all,encoder,future/0.75ps/motion_even,1.3409857749938965,12
861,all,encoder,future/0.75ps/motion_even,1.1941090822219849,12
862,all,encoder,future/0.75ps/motion_even,0.909752607345581,12
863,all,encoder,future/0.75ps/motion_even,0.9555926322937012,12
864,all,encoder,future/0.75ps/motion_even,1.1913095712661743,12
865,all,encoder,future/0.75ps/motion_even,0.8046727776527405,12
866,all,encoder,future/0.75ps/motion_even,0.7272599339485168,12
867,all,encoder,future/0.75ps/motion_even,1.1639171838760376,12
868,all,encoder,future/0.75ps/motion_even,1.3229955434799194,12
869,all,encoder,future/0.75ps/motion_even,1.0185242891311646,12
870,all,encoder,future/0.75ps/motion_even,1.2262276411056519,12
871,all,encoder,future/0.75ps/motion_even,1.7691045999526978,12
872,all,encoder,future/0.75ps/motion_even,1.2805980443954468,12
873,all,encoder,future/0.75ps/motion_even,1.137080430984497,12
874,all,encoder,future/0.75ps/motion_even,0.8855800032615662,12
884,all,encoder,future/0.75ps/motion_even,1.052930235862732,12
885,all,encoder,future/0.75ps/motion_even,1.2394688129425049,12
886,all,encoder,future/0.75ps/motion_even,1.0786155462265015,12
887,all,encoder,future/0.75ps/motion_even,0.9777869582176208,12
888,all,encoder,future/0.75ps/motion_even,0.6387145519256592,12
889,all,encoder,future/0.75ps/motion_even,1.273960828781128,12
890,all,encoder,future/0.75ps/motion_even,1.022534966468811,12
891,all,encoder,future/0.75ps/motion_even,1.1673141717910767,12
892,all,encoder,future/0.75ps/motion_even,1.1898051500320435,12
893,all,encoder,future/0.75ps/motion_even,1.2256548404693604,12
894,all,encoder,future/0.75ps/motion_even,0.8118327260017395,12
895,all,encoder,future/0.75ps/motion_even,1.0140421390533447,12
896,all,encoder,future/0.75ps/motion_even,1.0708457231521606,12
897,all,encoder,future/0.75ps/motion_even,0.7856183052062988,12
898,all,encoder,future/0.75ps/motion_even,0.8709926605224609,12
899,all,encoder,future/0.75ps/motion_even,0.7496359944343567,12
900,all,encoder,future/0.75ps/motion_even,1.2562390565872192,12
901,all,encoder,future/0.75ps/motion_even,1.0900884866714478,12
914,all,encoder,future/0.75ps/motion_even,0.5906797647476196,12
915,all,encoder,future/0.75ps/motion_even,0.9770887494087219,12
916,all,encoder,future/0.75ps/motion_even,0.5245975852012634,12
917,all,encoder,future/0.75ps/motion_even,0.5301148295402527,12
918,all,encoder,future/0.75ps/motion_even,0.723862886428833,12
919,all,encoder,future/0.75ps/motion_even,1.0134795904159546,12
920,all,encoder,future/0.75ps/motion_even,0.6153653860092163,12
921,all,encoder,future/0.75ps/motion_even,0.6431235074996948,12
922,all,encoder,future/0.75ps/motion_even,0.6748542785644531,12
923,all,encoder,future/0.75ps/motion_even,0.26733970642089844,12
924,all,encoder,future/0.75ps/motion_even,0.47140368819236755,12
925,all,encoder,future/0.75ps/motion_even,0.628944456577301,12
926,all,encoder,future/0.75ps/motion_even,0.6671044230461121,12
927,all,encoder,future/0.75ps/motion_even,0.7042079567909241,12
928,all,encoder,future/0.75ps/motion_even,0.7881242632865906,12
929,all,encoder,future/0.75ps/motion_even,0.6451534628868103,12
930,all,encoder,future/0.75ps/motion_even,0.6831571459770203,12
931,all,encoder,future/0.75ps/motion_even,0.5074450373649597,12
944,all,encoder,future/0.75ps/motion_even,0.904596745967865,12
945,all,encoder,future/0.75ps/motion_even,0.718705952167511,12
946,all,encoder,future/0.75ps/motion_even,0.9204599261283875,12
947,all,encoder,future/0.75ps/motion_even,2.4135072231292725,12
948,all,encoder,future/0.75ps/motion_even,0.8067693710327148,12
949,all,encoder,future/0.75ps/motion_even,0.7280232310295105,12
950,all,encoder,future/0.75ps/motion_even,0.99117112159729,12
951,all,encoder,future/0.75ps/motion_even,1.037018895149231,12
952,all,encoder,future/0.75ps/motion_even,1.3879799842834473,12
953,all,encoder,future/0.75ps/motion_even,1.0610072612762451,12
954,all,encoder,future/0.75ps/motion_even,1.2359870672225952,12
955,all,encoder,future/0.75ps/motion_even,1.0952891111373901,12
956,all,encoder,future/0.75ps/motion_even,1.1241706609725952,12
957,all,encoder,future/0.75ps/motion_even,0.4826291501522064,12
958,all,encoder,future/0.75ps/motion_even,1.0564574003219604,12
959,all,encoder,future/0.75ps/motion_even,0.5858997702598572,12
960,all,encoder,future/0.75ps/motion_even,0.9488460421562195,12
961,all,encoder,future/0.75ps/motion_even,1.8857760429382324,12
974,all,encoder,future/0.75ps/motion_even,0.8763489723205566,12
975,all,encoder,future/0.75ps/motion_even,1.0517982244491577,12
976,all,encoder,future/0.75ps/motion_even,1.2746998071670532,12
977,all,encoder,future/0.75ps/motion_even,0.8058215975761414,12
978,all,encoder,future/0.75ps/motion_even,0.5511168241500854,12
979,all,encoder,future/0.75ps/motion_even,1.3890705108642578,12
980,all,encoder,future/0.75ps/motion_even,1.380987524986267,12
981,all,encoder,future/0.75ps/motion_even,1.0359643697738647,12
982,all,encoder,future/0.75ps/motion_even,1.0543278455734253,12
983,all,encoder,future/0.75ps/motion_even,1.1943144798278809,12
984,all,encoder,future/0.75ps/motion_even,1.5243514776229858,12
985,all,encoder,future/0.75ps/motion_even,1.1704871654510498,12
986,all,encoder,future/0.75ps/motion_even,0.754772961139679,12
987,all,encoder,future/0.75ps/motion_even,2.0681257247924805,12
988,all,encoder,future/0.75ps/motion_even,0.9652912020683289,12
989,all,encoder,future/0.75ps/motion_even,0.6737909913063049,12
990,all,encoder,future/0.75ps/motion_even,1.530667781829834,12
991,all,encoder,future/0.75ps/motion_even,0.7900024056434631,12
1004,all,encoder,future/0.75ps/motion_even,1.306143879890442,12
1005,all,encoder,future/0.75ps/motion_even,1.0640764236450195,12
1006,all,encoder,future/0.75ps/motion_even,0.4686497747898102,12
860,all,persistence,future/0.75ps/motion_even,1.680793285369873,12
861,all,persistence,future/0.75ps/motion_even,1.2983471155166626,12
862,all,persistence,future/0.75ps/motion_even,2.0573441982269287,12
863,all,persistence,future/0.75ps/motion_even,0.770876944065094,12
864,all,persistence,future/0.75ps/motion_even,2.1314666271209717,12
865,all,persistence,future/0.75ps/motion_even,1.4924355745315552,12
866,all,persistence,future/0.75ps/motion_even,1.4257946014404297,12
867,all,persistence,future/0.75ps/motion_even,1.2363642454147339,12
868,all,persistence,future/0.75ps/motion_even,2.5783474445343018,12
869,all,persistence,future/0.75ps/motion_even,1.3999438285827637,12
870,all,persistence,future/0.75ps/motion_even,1.6842840909957886,12
871,all,persistence,future/0.75ps/motion_even,2.941255807876587,12
872,all,persistence,future/0.75ps/motion_even,2.1873257160186768,12
873,all,persistence,future/0.75ps/motion_even,2.0322234630584717,12
874,all,persistence,future/0.75ps/motion_even,2.9663126468658447,12
884,all,persistence,future/0.75ps/motion_even,0.5164413452148438,12
885,all,persistence,future/0.75ps/motion_even,0.8844195008277893,12
886,all,persistence,future/0.75ps/motion_even,0.676426351070404,12
887,all,persistence,future/0.75ps/motion_even,0.6588392853736877,12
888,all,persistence,future/0.75ps/motion_even,0.8925479054450989,12
889,all,persistence,future/0.75ps/motion_even,0.5724286437034607,12
890,all,persistence,future/0.75ps/motion_even,0.8057713508605957,12
891,all,persistence,future/0.75ps/motion_even,1.0617226362228394,12
892,all,persistence,future/0.75ps/motion_even,1.396073341369629,12
893,all,persistence,future/0.75ps/motion_even,1.066131353378296,12
894,all,persistence,future/0.75ps/motion_even,1.1217763423919678,12
895,all,persistence,future/0.75ps/motion_even,0.9150378108024597,12
896,all,persistence,future/0.75ps/motion_even,0.814206063747406,12
897,all,persistence,future/0.75ps/motion_even,0.6601124405860901,12
898,all,persistence,future/0.75ps/motion_even,0.6286823153495789,12
899,all,persistence,future/0.75ps/motion_even,0.8722938895225525,12
900,all,persistence,future/0.75ps/motion_even,0.8993733525276184,12
901,all,persistence,future/0.75ps/motion_even,0.9727872014045715,12
914,all,persistence,future/0.75ps/motion_even,0.8567333817481995,12
915,all,persistence,future/0.75ps/motion_even,1.7240110635757446,12
916,all,persistence,future/0.75ps/motion_even,0.8897464871406555,12
917,all,persistence,future/0.75ps/motion_even,0.8851111531257629,12
918,all,persistence,future/0.75ps/motion_even,0.7689759135246277,12
919,all,persistence,future/0.75ps/motion_even,2.304669141769409,12
920,all,persistence,future/0.75ps/motion_even,1.2531065940856934,12
921,all,persistence,future/0.75ps/motion_even,0.7372085452079773,12
922,all,persistence,future/0.75ps/motion_even,1.737330436706543,12
923,all,persistence,future/0.75ps/motion_even,0.569710373878479,12
924,all,persistence,future/0.75ps/motion_even,0.9860280156135559,12
925,all,persistence,future/0.75ps/motion_even,0.7393946647644043,12
926,all,persistence,future/0.75ps/motion_even,1.127437710762024,12
927,all,persistence,future/0.75ps/motion_even,1.2719076871871948,12
928,all,persistence,future/0.75ps/motion_even,1.475875735282898,12
929,all,persistence,future/0.75ps/motion_even,1.0012551546096802,12
930,all,persistence,future/0.75ps/motion_even,1.3292721509933472,12
931,all,persistence,future/0.75ps/motion_even,0.6169314980506897,12
944,all,persistence,future/0.75ps/motion_even,1.8119789361953735,12
945,all,persistence,future/0.75ps/motion_even,1.5898494720458984,12
946,all,persistence,future/0.75ps/motion_even,1.3640694618225098,12
947,all,persistence,future/0.75ps/motion_even,3.003002882003784,12
948,all,persistence,future/0.75ps/motion_even,1.9521750211715698,12
949,all,persistence,future/0.75ps/motion_even,2.4465410709381104,12
950,all,persistence,future/0.75ps/motion_even,2.2300426959991455,12
951,all,persistence,future/0.75ps/motion_even,2.023627758026123,12
952,all,persistence,future/0.75ps/motion_even,2.616647481918335,12
953,all,persistence,future/0.75ps/motion_even,1.7383880615234375,12
954,all,persistence,future/0.75ps/motion_even,1.848038673400879,12
955,all,persistence,future/0.75ps/motion_even,2.3457634449005127,12
956,all,persistence,future/0.75ps/motion_even,2.0053234100341797,12
957,all,persistence,future/0.75ps/motion_even,2.0145695209503174,12
958,all,persistence,future/0.75ps/motion_even,1.84981107711792,12
959,all,persistence,future/0.75ps/motion_even,1.1437240839004517,12
960,all,persistence,future/0.75ps/motion_even,1.7541346549987793,12
961,all,persistence,future/0.75ps/motion_even,3.6850650310516357,12
974,all,persistence,future/0.75ps/motion_even,1.890565037727356,12
975,all,persistence,future/0.75ps/motion_even,2.367014169692993,12
976,all,persistence,future/0.75ps/motion_even,1.4798641204833984,12
977,all,persistence,future/0.75ps/motion_even,1.8840910196304321,12
978,all,persistence,future/0.75ps/motion_even,1.1353622674942017,12
979,all,persistence,future/0.75ps/motion_even,2.172429323196411,12
980,all,persistence,future/0.75ps/motion_even,1.926904320716858,12
981,all,persistence,future/0.75ps/motion_even,1.7407671213150024,12
982,all,persistence,future/0.75ps/motion_even,1.6846922636032104,12
983,all,persistence,future/0.75ps/motion_even,2.2826192378997803,12
984,all,persistence,future/0.75ps/motion_even,2.059046983718872,12
985,all,persistence,future/0.75ps/motion_even,1.9863289594650269,12
986,all,persistence,future/0.75ps/motion_even,1.0412402153015137,12
987,all,persistence,future/0.75ps/motion_even,2.928464889526367,12
988,all,persistence,future/0.75ps/motion_even,2.035648822784424,12
989,all,persistence,future/0.75ps/motion_even,1.2219830751419067,12
990,all,persistence,future/0.75ps/motion_even,2.3588712215423584,12
991,all,persistence,future/0.75ps/motion_even,1.6756706237792969,12
1004,all,persistence,future/0.75ps/motion_even,1.8794584274291992,12
1005,all,persistence,future/0.75ps/motion_even,1.6141420602798462,12
1006,all,persistence,future/0.75ps/motion_even,1.7189828157424927,12
860,all,encoder,delta/0.75ps/motion_even,1.6896620988845825,12
861,all,encoder,delta/0.75ps/motion_even,1.320804238319397,12
862,all,encoder,delta/0.75ps/motion_even,2.1190969944000244,12
863,all,encoder,delta/0.75ps/motion_even,0.7689325213432312,12
864,all,encoder,delta/0.75ps/motion_even,2.08498215675354,12
865,all,encoder,delta/0.75ps/motion_even,1.5894831418991089,12
866,all,encoder,delta/0.75ps/motion_even,1.394235610961914,12
867,all,encoder,delta/0.75ps/motion_even,1.1738942861557007,12
868,all,encoder,delta/0.75ps/motion_even,2.634265422821045,12
869,all,encoder,delta/0.75ps/motion_even,1.4208312034606934,12
870,all,encoder,delta/0.75ps/motion_even,1.6391185522079468,12
871,all,encoder,delta/0.75ps/motion_even,2.903865098953247,12
872,all,encoder,delta/0.75ps/motion_even,2.2331056594848633,12
873,all,encoder,delta/0.75ps/motion_even,2.0656557083129883,12
874,all,encoder,delta/0.75ps/motion_even,3.0102603435516357,12
884,all,encoder,delta/0.75ps/motion_even,0.552043616771698,12
885,all,encoder,delta/0.75ps/motion_even,0.909109354019165,12
886,all,encoder,delta/0.75ps/motion_even,0.7158674597740173,12
887,all,encoder,delta/0.75ps/motion_even,0.6605077981948853,12
888,all,encoder,delta/0.75ps/motion_even,0.8529407978057861,12
889,all,encoder,delta/0.75ps/motion_even,0.6052646040916443,12
890,all,encoder,delta/0.75ps/motion_even,0.8297672271728516,12
891,all,encoder,delta/0.75ps/motion_even,1.0629987716674805,12
892,all,encoder,delta/0.75ps/motion_even,1.4450688362121582,12
893,all,encoder,delta/0.75ps/motion_even,1.1216896772384644,12
894,all,encoder,delta/0.75ps/motion_even,1.0941128730773926,12
895,all,encoder,delta/0.75ps/motion_even,0.9725114703178406,12
896,all,encoder,delta/0.75ps/motion_even,0.8211991786956787,12
897,all,encoder,delta/0.75ps/motion_even,0.6847353577613831,12
898,all,encoder,delta/0.75ps/motion_even,0.66159588098526,12
899,all,encoder,delta/0.75ps/motion_even,0.9115960597991943,12
900,all,encoder,delta/0.75ps/motion_even,0.9259647727012634,12
901,all,encoder,delta/0.75ps/motion_even,0.9700857996940613,12
914,all,encoder,delta/0.75ps/motion_even,0.902808666229248,12
915,all,encoder,delta/0.75ps/motion_even,1.7523928880691528,12
916,all,encoder,delta/0.75ps/motion_even,0.8992771506309509,12
917,all,encoder,delta/0.75ps/motion_even,0.9075326323509216,12
918,all,encoder,delta/0.75ps/motion_even,0.8110830187797546,12
919,all,encoder,delta/0.75ps/motion_even,2.3264663219451904,12
920,all,encoder,delta/0.75ps/motion_even,1.2685909271240234,12
921,all,encoder,delta/0.75ps/motion_even,0.7805691361427307,12
922,all,encoder,delta/0.75ps/motion_even,1.7225438356399536,12
923,all,encoder,delta/0.75ps/motion_even,0.6097033619880676,12
924,all,encoder,delta/0.75ps/motion_even,0.9686963558197021,12
925,all,encoder,delta/0.75ps/motion_even,0.7514871954917908,12
926,all,encoder,delta/0.75ps/motion_even,1.1521352529525757,12
927,all,encoder,delta/0.75ps/motion_even,1.2793899774551392,12
928,all,encoder,delta/0.75ps/motion_even,1.4972871541976929,12
929,all,encoder,delta/0.75ps/motion_even,1.0310320854187012,12
930,all,encoder,delta/0.75ps/motion_even,1.3690160512924194,12
931,all,encoder,delta/0.75ps/motion_even,0.6182177066802979,12
944,all,encoder,delta/0.75ps/motion_even,1.8654412031173706,12
945,all,encoder,delta/0.75ps/motion_even,1.6379495859146118,12
946,all,encoder,delta/0.75ps/motion_even,1.4056094884872437,12
947,all,encoder,delta/0.75ps/motion_even,3.002481698989868,12
948,all,encoder,delta/0.75ps/motion_even,1.973093867301941,12
949,all,encoder,delta/0.75ps/motion_even,2.465198040008545,12
950,all,encoder,delta/0.75ps/motion_even,2.265963077545166,12
951,all,encoder,delta/0.75ps/motion_even,2.0446670055389404,12
952,all,encoder,delta/0.75ps/motion_even,2.62858247756958,12
953,all,encoder,delta/0.75ps/motion_even,1.7542428970336914,12
954,all,encoder,delta/0.75ps/motion_even,1.8368602991104126,12
955,all,encoder,delta/0.75ps/motion_even,2.3517982959747314,12
956,all,encoder,delta/0.75ps/motion_even,2.0041449069976807,12
957,all,encoder,delta/0.75ps/motion_even,2.1033084392547607,12
958,all,encoder,delta/0.75ps/motion_even,1.8731932640075684,12
959,all,encoder,delta/0.75ps/motion_even,1.147710919380188,12
960,all,encoder,delta/0.75ps/motion_even,1.8471020460128784,12
961,all,encoder,delta/0.75ps/motion_even,3.668666124343872,12
974,all,encoder,delta/0.75ps/motion_even,1.9379407167434692,12
975,all,encoder,delta/0.75ps/motion_even,2.401761054992676,12
976,all,encoder,delta/0.75ps/motion_even,1.4959758520126343,12
977,all,encoder,delta/0.75ps/motion_even,1.9401460886001587,12
978,all,encoder,delta/0.75ps/motion_even,1.1581000089645386,12
979,all,encoder,delta/0.75ps/motion_even,2.1915993690490723,12
980,all,encoder,delta/0.75ps/motion_even,1.884097933769226,12
981,all,encoder,delta/0.75ps/motion_even,1.6901980638504028,12
982,all,encoder,delta/0.75ps/motion_even,1.711545467376709,12
983,all,encoder,delta/0.75ps/motion_even,2.2857673168182373,12
984,all,encoder,delta/0.75ps/motion_even,2.0854523181915283,12
985,all,encoder,delta/0.75ps/motion_even,2.0093748569488525,12
986,all,encoder,delta/0.75ps/motion_even,1.0592575073242188,12
987,all,encoder,delta/0.75ps/motion_even,2.97847580909729,12
988,all,encoder,delta/0.75ps/motion_even,2.0429933071136475,12
989,all,encoder,delta/0.75ps/motion_even,1.238660454750061,12
990,all,encoder,delta/0.75ps/motion_even,2.3592493534088135,12
991,all,encoder,delta/0.75ps/motion_even,1.6930989027023315,12
1004,all,encoder,delta/0.75ps/motion_even,1.8988794088363647,12
1005,all,encoder,delta/0.75ps/motion_even,1.6730331182479858,12
1006,all,encoder,delta/0.75ps/motion_even,1.7673178911209106,12
860,all,encoder,future/3ps/motion_even,0.9891812801361084,12
861,all,encoder,future/3ps/motion_even,1.0884171724319458,12
862,all,encoder,future/3ps/motion_even,1.2033354043960571,12
863,all,encoder,future/3ps/motion_even,0.7955965399742126,12
864,all,encoder,future/3ps/motion_even,1.3485585451126099,12
865,all,encoder,future/3ps/motion_even,0.771176815032959,12
866,all,encoder,future/3ps/motion_even,2.115422487258911,12
867,all,encoder,future/3ps/motion_even,0.962603747844696,12
868,all,encoder,future/3ps/motion_even,0.9195415377616882,12
869,all,encoder,future/3ps/motion_even,1.2035707235336304,12
870,all,encoder,future/3ps/motion_even,0.7417197823524475,12
871,all,encoder,future/3ps/motion_even,1.6100411415100098,12
872,all,encoder,future/3ps/motion_even,1.3122628927230835,12
873,all,encoder,future/3ps/motion_even,1.8680180311203003,12
874,all,encoder,future/3ps/motion_even,1.3718671798706055,12
884,all,encoder,future/3ps/motion_even,1.2425854206085205,12
885,all,encoder,future/3ps/motion_even,0.552278459072113,12
886,all,encoder,future/3ps/motion_even,1.3795675039291382,12
887,all,encoder,future/3ps/motion_even,1.2818843126296997,12
888,all,encoder,future/3ps/motion_even,1.1043416261672974,12
889,all,encoder,future/3ps/motion_even,0.9744290709495544,12
890,all,encoder,future/3ps/motion_even,1.1244956254959106,12
891,all,encoder,future/3ps/motion_even,1.428143858909607,12
892,all,encoder,future/3ps/motion_even,1.1727186441421509,12
893,all,encoder,future/3ps/motion_even,0.9804894924163818,12
894,all,encoder,future/3ps/motion_even,1.014601469039917,12
895,all,encoder,future/3ps/motion_even,0.9748635292053223,12
896,all,encoder,future/3ps/motion_even,1.4525254964828491,12
897,all,encoder,future/3ps/motion_even,1.3601722717285156,12
898,all,encoder,future/3ps/motion_even,1.483442783355713,12
899,all,encoder,future/3ps/motion_even,1.1347206830978394,12
900,all,encoder,future/3ps/motion_even,0.8314175605773926,12
901,all,encoder,future/3ps/motion_even,1.0275561809539795,12
914,all,encoder,future/3ps/motion_even,0.3926616609096527,12
915,all,encoder,future/3ps/motion_even,0.4879659414291382,12
916,all,encoder,future/3ps/motion_even,0.5878401398658752,12
917,all,encoder,future/3ps/motion_even,0.47811198234558105,12
918,all,encoder,future/3ps/motion_even,0.8435532450675964,12
919,all,encoder,future/3ps/motion_even,0.40423062443733215,12
920,all,encoder,future/3ps/motion_even,0.6192095875740051,12
921,all,encoder,future/3ps/motion_even,1.201359748840332,12
922,all,encoder,future/3ps/motion_even,1.209954857826233,12
923,all,encoder,future/3ps/motion_even,0.5122019648551941,12
924,all,encoder,future/3ps/motion_even,0.699424684047699,12
925,all,encoder,future/3ps/motion_even,0.5262992978096008,12
926,all,encoder,future/3ps/motion_even,0.650041401386261,12
927,all,encoder,future/3ps/motion_even,0.7892417311668396,12
928,all,encoder,future/3ps/motion_even,0.6444926857948303,12
929,all,encoder,future/3ps/motion_even,0.6036992073059082,12
930,all,encoder,future/3ps/motion_even,0.4647374153137207,12
931,all,encoder,future/3ps/motion_even,0.9369230270385742,12
944,all,encoder,future/3ps/motion_even,0.5790770649909973,12
945,all,encoder,future/3ps/motion_even,1.1873255968093872,12
946,all,encoder,future/3ps/motion_even,0.7482858300209045,12
947,all,encoder,future/3ps/motion_even,1.5300111770629883,12
948,all,encoder,future/3ps/motion_even,0.7982340455055237,12
949,all,encoder,future/3ps/motion_even,0.8685762286186218,12
950,all,encoder,future/3ps/motion_even,1.0158828496932983,12
951,all,encoder,future/3ps/motion_even,0.988592803478241,12
952,all,encoder,future/3ps/motion_even,1.0041433572769165,12
953,all,encoder,future/3ps/motion_even,0.9931297898292542,12
954,all,encoder,future/3ps/motion_even,0.7788606286048889,12
955,all,encoder,future/3ps/motion_even,1.2387276887893677,12
956,all,encoder,future/3ps/motion_even,0.8039310574531555,12
957,all,encoder,future/3ps/motion_even,1.2011134624481201,12
958,all,encoder,future/3ps/motion_even,0.8733598589897156,12
959,all,encoder,future/3ps/motion_even,0.7401493191719055,12
960,all,encoder,future/3ps/motion_even,0.6390177011489868,12
961,all,encoder,future/3ps/motion_even,0.9485850930213928,12
974,all,encoder,future/3ps/motion_even,0.520504891872406,12
975,all,encoder,future/3ps/motion_even,0.5547837615013123,12
976,all,encoder,future/3ps/motion_even,0.7539641261100769,12
977,all,encoder,future/3ps/motion_even,0.5340321660041809,12
978,all,encoder,future/3ps/motion_even,1.2752376794815063,12
979,all,encoder,future/3ps/motion_even,1.0586763620376587,12
980,all,encoder,future/3ps/motion_even,1.36079740524292,12
981,all,encoder,future/3ps/motion_even,0.5246452689170837,12
982,all,encoder,future/3ps/motion_even,1.0993146896362305,12
983,all,encoder,future/3ps/motion_even,1.5393948554992676,12
984,all,encoder,future/3ps/motion_even,0.9100232124328613,12
985,all,encoder,future/3ps/motion_even,1.0795085430145264,12
986,all,encoder,future/3ps/motion_even,1.258773684501648,12
987,all,encoder,future/3ps/motion_even,1.1317206621170044,12
988,all,encoder,future/3ps/motion_even,0.7613474726676941,12
989,all,encoder,future/3ps/motion_even,1.2210948467254639,12
990,all,encoder,future/3ps/motion_even,0.6568314433097839,12
991,all,encoder,future/3ps/motion_even,1.3255339860916138,12
1004,all,encoder,future/3ps/motion_even,0.6430101990699768,12
1005,all,encoder,future/3ps/motion_even,0.6075440049171448,12
1006,all,encoder,future/3ps/motion_even,0.8905763030052185,12
860,all,persistence,future/3ps/motion_even,1.4820423126220703,12
861,all,persistence,future/3ps/motion_even,1.8213410377502441,12
862,all,persistence,future/3ps/motion_even,1.9947229623794556,12
863,all,persistence,future/3ps/motion_even,0.9166703820228577,12
864,all,persistence,future/3ps/motion_even,2.546351909637451,12
865,all,persistence,future/3ps/motion_even,1.4537314176559448,12
866,all,persistence,future/3ps/motion_even,2.3384804725646973,12
867,all,persistence,future/3ps/motion_even,1.677289605140686,12
868,all,persistence,future/3ps/motion_even,1.8230834007263184,12
869,all,persistence,future/3ps/motion_even,1.4166122674942017,12
870,all,persistence,future/3ps/motion_even,1.2828980684280396,12
871,all,persistence,future/3ps/motion_even,2.0419318675994873,12
872,all,persistence,future/3ps/motion_even,2.3603668212890625,12
873,all,persistence,future/3ps/motion_even,2.674103021621704,12
874,all,persistence,future/3ps/motion_even,2.707044839859009,12
884,all,persistence,future/3ps/motion_even,0.771789014339447,12
885,all,persistence,future/3ps/motion_even,1.0010757446289062,12
886,all,persistence,future/3ps/motion_even,1.0251375436782837,12
887,all,persistence,future/3ps/motion_even,1.488986849784851,12
888,all,persistence,future/3ps/motion_even,0.7546349167823792,12
889,all,persistence,future/3ps/motion_even,0.6895902156829834,12
890,all,persistence,future/3ps/motion_even,0.8684391975402832,12
891,all,persistence,future/3ps/motion_even,0.9818730354309082,12
892,all,persistence,future/3ps/motion_even,1.198870301246643,12
893,all,persistence,future/3ps/motion_even,1.499430775642395,12
894,all,persistence,future/3ps/motion_even,0.964921236038208,12
895,all,persistence,future/3ps/motion_even,1.1475751399993896,12
896,all,persistence,future/3ps/motion_even,1.0262349843978882,12
897,all,persistence,future/3ps/motion_even,1.2878961563110352,12
898,all,persistence,future/3ps/motion_even,1.078393816947937,12
899,all,persistence,future/3ps/motion_even,1.39421546459198,12
900,all,persistence,future/3ps/motion_even,0.61079341173172,12
901,all,persistence,future/3ps/motion_even,1.4057303667068481,12
914,all,persistence,future/3ps/motion_even,0.8173683285713196,12
915,all,persistence,future/3ps/motion_even,1.159615159034729,12
916,all,persistence,future/3ps/motion_even,0.7645418047904968,12
917,all,persistence,future/3ps/motion_even,0.9288645386695862,12
918,all,persistence,future/3ps/motion_even,1.342534065246582,12
919,all,persistence,future/3ps/motion_even,1.2746540307998657,12
920,all,persistence,future/3ps/motion_even,1.1848268508911133,12
921,all,persistence,future/3ps/motion_even,1.5774353742599487,12
922,all,persistence,future/3ps/motion_even,1.5164228677749634,12
923,all,persistence,future/3ps/motion_even,1.147749423980713,12
924,all,persistence,future/3ps/motion_even,1.2402013540267944,12
925,all,persistence,future/3ps/motion_even,0.7094974517822266,12
926,all,persistence,future/3ps/motion_even,0.8011460304260254,12
927,all,persistence,future/3ps/motion_even,1.5476030111312866,12
928,all,persistence,future/3ps/motion_even,1.107170820236206,12
929,all,persistence,future/3ps/motion_even,1.4193180799484253,12
930,all,persistence,future/3ps/motion_even,1.617287278175354,12
931,all,persistence,future/3ps/motion_even,1.2015982866287231,12
944,all,persistence,future/3ps/motion_even,1.3539081811904907,12
945,all,persistence,future/3ps/motion_even,1.8944807052612305,12
946,all,persistence,future/3ps/motion_even,1.1998541355133057,12
947,all,persistence,future/3ps/motion_even,2.463583469390869,12
948,all,persistence,future/3ps/motion_even,1.4935675859451294,12
949,all,persistence,future/3ps/motion_even,1.9609503746032715,12
950,all,persistence,future/3ps/motion_even,1.6500954627990723,12
951,all,persistence,future/3ps/motion_even,2.2947137355804443,12
952,all,persistence,future/3ps/motion_even,2.4842169284820557,12
953,all,persistence,future/3ps/motion_even,2.169053792953491,12
954,all,persistence,future/3ps/motion_even,1.8675867319107056,12
955,all,persistence,future/3ps/motion_even,2.4033608436584473,12
956,all,persistence,future/3ps/motion_even,1.7705912590026855,12
957,all,persistence,future/3ps/motion_even,1.9417201280593872,12
958,all,persistence,future/3ps/motion_even,1.7080292701721191,12
959,all,persistence,future/3ps/motion_even,0.7401774525642395,12
960,all,persistence,future/3ps/motion_even,1.3606224060058594,12
961,all,persistence,future/3ps/motion_even,3.302103281021118,12
974,all,persistence,future/3ps/motion_even,1.7425435781478882,12
975,all,persistence,future/3ps/motion_even,1.7237920761108398,12
976,all,persistence,future/3ps/motion_even,1.5264867544174194,12
977,all,persistence,future/3ps/motion_even,1.587860107421875,12
978,all,persistence,future/3ps/motion_even,1.741551399230957,12
979,all,persistence,future/3ps/motion_even,2.0555739402770996,12
980,all,persistence,future/3ps/motion_even,1.419859766960144,12
981,all,persistence,future/3ps/motion_even,1.729775071144104,12
982,all,persistence,future/3ps/motion_even,2.2576067447662354,12
983,all,persistence,future/3ps/motion_even,2.2434844970703125,12
984,all,persistence,future/3ps/motion_even,1.717593789100647,12
985,all,persistence,future/3ps/motion_even,1.861014723777771,12
986,all,persistence,future/3ps/motion_even,1.3794631958007812,12
987,all,persistence,future/3ps/motion_even,2.097186326980591,12
988,all,persistence,future/3ps/motion_even,1.8031619787216187,12
989,all,persistence,future/3ps/motion_even,1.5549715757369995,12
990,all,persistence,future/3ps/motion_even,1.6279739141464233,12
991,all,persistence,future/3ps/motion_even,1.9959245920181274,12
1004,all,persistence,future/3ps/motion_even,1.6011687517166138,12
1005,all,persistence,future/3ps/motion_even,1.3998064994812012,12
1006,all,persistence,future/3ps/motion_even,1.8447424173355103,12
860,all,encoder,delta/3ps/motion_even,1.5634466409683228,12
861,all,encoder,delta/3ps/motion_even,1.9058685302734375,12
862,all,encoder,delta/3ps/motion_even,1.9066797494888306,12
863,all,encoder,delta/3ps/motion_even,0.9918990731239319,12
864,all,encoder,delta/3ps/motion_even,2.4635202884674072,12
865,all,encoder,delta/3ps/motion_even,1.535706877708435,12
866,all,encoder,delta/3ps/motion_even,2.172372817993164,12
867,all,encoder,delta/3ps/motion_even,1.6908868551254272,12
868,all,encoder,delta/3ps/motion_even,1.8730112314224243,12
869,all,encoder,delta/3ps/motion_even,1.50050687789917,12
870,all,encoder,delta/3ps/motion_even,1.3029378652572632,12
871,all,encoder,delta/3ps/motion_even,1.9071111679077148,12
872,all,encoder,delta/3ps/motion_even,2.4653124809265137,12
873,all,encoder,delta/3ps/motion_even,2.7226760387420654,12
874,all,encoder,delta/3ps/motion_even,2.6766769886016846,12
884,all,encoder,delta/3ps/motion_even,0.8311045169830322,12
885,all,encoder,delta/3ps/motion_even,0.9071741104125977,12
886,all,encoder,delta/3ps/motion_even,1.0864187479019165,12
887,all,encoder,delta/3ps/motion_even,1.4583834409713745,12
888,all,encoder,delta/3ps/motion_even,0.7963981032371521,12
889,all,encoder,delta/3ps/motion_even,0.668360710144043,12
890,all,encoder,delta/3ps/motion_even,0.9193027019500732,12
891,all,encoder,delta/3ps/motion_even,1.0277509689331055,12
892,all,encoder,delta/3ps/motion_even,1.2667139768600464,12
893,all,encoder,delta/3ps/motion_even,1.4802535772323608,12
894,all,encoder,delta/3ps/motion_even,0.9950573444366455,12
895,all,encoder,delta/3ps/motion_even,1.2479335069656372,12
896,all,encoder,delta/3ps/motion_even,1.0831316709518433,12
897,all,encoder,delta/3ps/motion_even,1.3518072366714478,12
898,all,encoder,delta/3ps/motion_even,1.1384707689285278,12
899,all,encoder,delta/3ps/motion_even,1.4213007688522339,12
900,all,encoder,delta/3ps/motion_even,0.6029533743858337,12
901,all,encoder,delta/3ps/motion_even,1.417636513710022,12
914,all,encoder,delta/3ps/motion_even,0.8323426842689514,12
915,all,encoder,delta/3ps/motion_even,1.1039022207260132,12
916,all,encoder,delta/3ps/motion_even,0.7538052201271057,12
917,all,encoder,delta/3ps/motion_even,0.9836699366569519,12
918,all,encoder,delta/3ps/motion_even,1.2991957664489746,12
919,all,encoder,delta/3ps/motion_even,1.3250724077224731,12
920,all,encoder,delta/3ps/motion_even,1.183571457862854,12
921,all,encoder,delta/3ps/motion_even,1.5650917291641235,12
922,all,encoder,delta/3ps/motion_even,1.5652614831924438,12
923,all,encoder,delta/3ps/motion_even,1.1891461610794067,12
924,all,encoder,delta/3ps/motion_even,1.2338111400604248,12
925,all,encoder,delta/3ps/motion_even,0.7068376541137695,12
926,all,encoder,delta/3ps/motion_even,0.792910099029541,12
927,all,encoder,delta/3ps/motion_even,1.5461678504943848,12
928,all,encoder,delta/3ps/motion_even,1.0836321115493774,12
929,all,encoder,delta/3ps/motion_even,1.3619604110717773,12
930,all,encoder,delta/3ps/motion_even,1.6203312873840332,12
931,all,encoder,delta/3ps/motion_even,1.245131015777588,12
944,all,encoder,delta/3ps/motion_even,1.4023693799972534,12
945,all,encoder,delta/3ps/motion_even,1.9344309568405151,12
946,all,encoder,delta/3ps/motion_even,1.239277720451355,12
947,all,encoder,delta/3ps/motion_even,2.545431613922119,12
948,all,encoder,delta/3ps/motion_even,1.4788793325424194,12
949,all,encoder,delta/3ps/motion_even,1.9452214241027832,12
950,all,encoder,delta/3ps/motion_even,1.6444731950759888,12
951,all,encoder,delta/3ps/motion_even,2.3179800510406494,12
952,all,encoder,delta/3ps/motion_even,2.485852003097534,12
953,all,encoder,delta/3ps/motion_even,2.146409273147583,12
954,all,encoder,delta/3ps/motion_even,1.8653391599655151,12
955,all,encoder,delta/3ps/motion_even,2.3863327503204346,12
956,all,encoder,delta/3ps/motion_even,1.6972569227218628,12
957,all,encoder,delta/3ps/motion_even,2.017270565032959,12
958,all,encoder,delta/3ps/motion_even,1.7629600763320923,12
959,all,encoder,delta/3ps/motion_even,0.7207298278808594,12
960,all,encoder,delta/3ps/motion_even,1.4142390489578247,12
961,all,encoder,delta/3ps/motion_even,3.3493340015411377,12
974,all,encoder,delta/3ps/motion_even,1.8656858205795288,12
975,all,encoder,delta/3ps/motion_even,1.756895899772644,12
976,all,encoder,delta/3ps/motion_even,1.5873160362243652,12
977,all,encoder,delta/3ps/motion_even,1.6424576044082642,12
978,all,encoder,delta/3ps/motion_even,1.781108021736145,12
979,all,encoder,delta/3ps/motion_even,2.10136079788208,12
980,all,encoder,delta/3ps/motion_even,1.3923414945602417,12
981,all,encoder,delta/3ps/motion_even,1.7678066492080688,12
982,all,encoder,delta/3ps/motion_even,2.3436968326568604,12
983,all,encoder,delta/3ps/motion_even,2.2572224140167236,12
984,all,encoder,delta/3ps/motion_even,1.764077067375183,12
985,all,encoder,delta/3ps/motion_even,1.884780764579773,12
986,all,encoder,delta/3ps/motion_even,1.3489571809768677,12
987,all,encoder,delta/3ps/motion_even,2.212794780731201,12
988,all,encoder,delta/3ps/motion_even,1.8367282152175903,12
989,all,encoder,delta/3ps/motion_even,1.535068392753601,12
990,all,encoder,delta/3ps/motion_even,1.6931029558181763,12
991,all,encoder,delta/3ps/motion_even,1.9474629163742065,12
1004,all,encoder,delta/3ps/motion_even,1.706246018409729,12
1005,all,encoder,delta/3ps/motion_even,1.5080491304397583,12
1006,all,encoder,delta/3ps/motion_even,1.8694586753845215,12
860,all,encoder,future/9ps/motion_even,1.114700198173523,12
861,all,encoder,future/9ps/motion_even,1.007700800895691,12
862,all,encoder,future/9ps/motion_even,1.4798164367675781,12
863,all,encoder,future/9ps/motion_even,1.0779694318771362,12
864,all,encoder,future/9ps/motion_even,1.2896512746810913,12
865,all,encoder,future/9ps/motion_even,1.2053195238113403,12
866,all,encoder,future/9ps/motion_even,1.208154559135437,12
867,all,encoder,future/9ps/motion_even,2.066939115524292,12
868,all,encoder,future/9ps/motion_even,2.5150701999664307,12
869,all,encoder,future/9ps/motion_even,1.4424041509628296,12
870,all,encoder,future/9ps/motion_even,1.1613601446151733,12
871,all,encoder,future/9ps/motion_even,0.8019339442253113,12
872,all,encoder,future/9ps/motion_even,1.2567627429962158,12
873,all,encoder,future/9ps/motion_even,0.9482826590538025,12
874,all,encoder,future/9ps/motion_even,1.827022671699524,12
884,all,encoder,future/9ps/motion_even,1.4120827913284302,12
885,all,encoder,future/9ps/motion_even,0.9948387742042542,12
886,all,encoder,future/9ps/motion_even,1.0495859384536743,12
887,all,encoder,future/9ps/motion_even,1.1589592695236206,12
888,all,encoder,future/9ps/motion_even,1.017858624458313,12
889,all,encoder,future/9ps/motion_even,1.202846646308899,12
890,all,encoder,future/9ps/motion_even,1.1597498655319214,12
891,all,encoder,future/9ps/motion_even,1.203020453453064,12
892,all,encoder,future/9ps/motion_even,1.0511177778244019,12
893,all,encoder,future/9ps/motion_even,1.290127158164978,12
894,all,encoder,future/9ps/motion_even,1.0738667249679565,12
895,all,encoder,future/9ps/motion_even,0.7863945960998535,12
896,all,encoder,future/9ps/motion_even,0.7918987274169922,12
897,all,encoder,future/9ps/motion_even,1.0723758935928345,12
898,all,encoder,future/9ps/motion_even,0.8031309247016907,12
899,all,encoder,future/9ps/motion_even,1.1592227220535278,12
900,all,encoder,future/9ps/motion_even,1.0675768852233887,12
901,all,encoder,future/9ps/motion_even,1.2116237878799438,12
914,all,encoder,future/9ps/motion_even,0.6894991397857666,12
915,all,encoder,future/9ps/motion_even,0.464447021484375,12
916,all,encoder,future/9ps/motion_even,0.44442713260650635,12
917,all,encoder,future/9ps/motion_even,1.370444655418396,12
918,all,encoder,future/9ps/motion_even,0.7412629127502441,12
919,all,encoder,future/9ps/motion_even,0.6871557831764221,12
920,all,encoder,future/9ps/motion_even,0.7065656781196594,12
921,all,encoder,future/9ps/motion_even,0.5252726078033447,12
922,all,encoder,future/9ps/motion_even,0.5325667858123779,12
923,all,encoder,future/9ps/motion_even,0.5714967250823975,12
924,all,encoder,future/9ps/motion_even,0.9272484183311462,12
925,all,encoder,future/9ps/motion_even,0.8939620852470398,12
926,all,encoder,future/9ps/motion_even,0.6702983379364014,12
927,all,encoder,future/9ps/motion_even,0.5579346418380737,12
928,all,encoder,future/9ps/motion_even,0.5730624794960022,12
929,all,encoder,future/9ps/motion_even,0.5503957867622375,12
930,all,encoder,future/9ps/motion_even,0.7338569760322571,12
931,all,encoder,future/9ps/motion_even,0.5836057066917419,12
944,all,encoder,future/9ps/motion_even,0.8368992209434509,12
945,all,encoder,future/9ps/motion_even,1.1641101837158203,12
946,all,encoder,future/9ps/motion_even,0.9850148558616638,12
947,all,encoder,future/9ps/motion_even,0.8326559662818909,12
948,all,encoder,future/9ps/motion_even,0.5783340334892273,12
949,all,encoder,future/9ps/motion_even,0.883469820022583,12
950,all,encoder,future/9ps/motion_even,1.1685360670089722,12
951,all,encoder,future/9ps/motion_even,0.6179088950157166,12
952,all,encoder,future/9ps/motion_even,0.4933736324310303,12
953,all,encoder,future/9ps/motion_even,0.8934951424598694,12
954,all,encoder,future/9ps/motion_even,1.2946604490280151,12
955,all,encoder,future/9ps/motion_even,0.9123227000236511,12
956,all,encoder,future/9ps/motion_even,1.0385990142822266,12
957,all,encoder,future/9ps/motion_even,0.7198906540870667,12
958,all,encoder,future/9ps/motion_even,1.029719591140747,12
959,all,encoder,future/9ps/motion_even,1.3762065172195435,12
960,all,encoder,future/9ps/motion_even,0.6499320268630981,12
961,all,encoder,future/9ps/motion_even,0.8847622871398926,12
974,all,encoder,future/9ps/motion_even,0.8737587928771973,12
975,all,encoder,future/9ps/motion_even,0.732171356678009,12
976,all,encoder,future/9ps/motion_even,1.2495880126953125,12
977,all,encoder,future/9ps/motion_even,1.2505779266357422,12
978,all,encoder,future/9ps/motion_even,1.4894660711288452,12
979,all,encoder,future/9ps/motion_even,1.2739348411560059,12
980,all,encoder,future/9ps/motion_even,1.0645372867584229,12
981,all,encoder,future/9ps/motion_even,0.8644117712974548,12
982,all,encoder,future/9ps/motion_even,1.3109499216079712,12
983,all,encoder,future/9ps/motion_even,2.3672854900360107,12
984,all,encoder,future/9ps/motion_even,1.089140772819519,12
985,all,encoder,future/9ps/motion_even,1.1415728330612183,12
986,all,encoder,future/9ps/motion_even,1.3889318704605103,12
987,all,encoder,future/9ps/motion_even,1.0573679208755493,12
988,all,encoder,future/9ps/motion_even,1.1043524742126465,12
989,all,encoder,future/9ps/motion_even,0.696366012096405,12
990,all,encoder,future/9ps/motion_even,0.9150832295417786,12
991,all,encoder,future/9ps/motion_even,1.0102792978286743,12
1004,all,encoder,future/9ps/motion_even,1.2865550518035889,12
1005,all,encoder,future/9ps/motion_even,1.171646237373352,12
1006,all,encoder,future/9ps/motion_even,1.3353410959243774,12
860,all,persistence,future/9ps/motion_even,1.559399127960205,12
861,all,persistence,future/9ps/motion_even,1.5997461080551147,12
862,all,persistence,future/9ps/motion_even,2.010420083999634,12
863,all,persistence,future/9ps/motion_even,1.2435193061828613,12
864,all,persistence,future/9ps/motion_even,2.1985390186309814,12
865,all,persistence,future/9ps/motion_even,1.956950068473816,12
866,all,persistence,future/9ps/motion_even,2.0365374088287354,12
867,all,persistence,future/9ps/motion_even,2.7933504581451416,12
868,all,persistence,future/9ps/motion_even,3.0161359310150146,12
869,all,persistence,future/9ps/motion_even,1.799707055091858,12
870,all,persistence,future/9ps/motion_even,1.5678249597549438,12
871,all,persistence,future/9ps/motion_even,1.6754931211471558,12
872,all,persistence,future/9ps/motion_even,1.711065411567688,12
873,all,persistence,future/9ps/motion_even,2.1942694187164307,12
874,all,persistence,future/9ps/motion_even,3.758333206176758,12
884,all,persistence,future/9ps/motion_even,0.8928191065788269,12
885,all,persistence,future/9ps/motion_even,0.6549372673034668,12
886,all,persistence,future/9ps/motion_even,0.8264260292053223,12
887,all,persistence,future/9ps/motion_even,0.9921600818634033,12
888,all,persistence,future/9ps/motion_even,0.7577447295188904,12
889,all,persistence,future/9ps/motion_even,1.1228007078170776,12
890,all,persistence,future/9ps/motion_even,0.8035510182380676,12
891,all,persistence,future/9ps/motion_even,1.1831284761428833,12
892,all,persistence,future/9ps/motion_even,1.6319104433059692,12
893,all,persistence,future/9ps/motion_even,1.5266242027282715,12
894,all,persistence,future/9ps/motion_even,0.9448876976966858,12
895,all,persistence,future/9ps/motion_even,1.3479156494140625,12
896,all,persistence,future/9ps/motion_even,0.8546070456504822,12
897,all,persistence,future/9ps/motion_even,0.8482956886291504,12
898,all,persistence,future/9ps/motion_even,0.798680305480957,12
899,all,persistence,future/9ps/motion_even,1.2144118547439575,12
900,all,persistence,future/9ps/motion_even,0.7769433856010437,12
901,all,persistence,future/9ps/motion_even,1.1386791467666626,12
914,all,persistence,future/9ps/motion_even,1.1209381818771362,12
915,all,persistence,future/9ps/motion_even,1.229867696762085,12
916,all,persistence,future/9ps/motion_even,0.7850525975227356,12
917,all,persistence,future/9ps/motion_even,1.9585981369018555,12
918,all,persistence,future/9ps/motion_even,0.9529282450675964,12
919,all,persistence,future/9ps/motion_even,1.8395806550979614,12
920,all,persistence,future/9ps/motion_even,1.1508451700210571,12
921,all,persistence,future/9ps/motion_even,0.7984035611152649,12
922,all,persistence,future/9ps/motion_even,1.0934975147247314,12
923,all,persistence,future/9ps/motion_even,0.8053810000419617,12
924,all,persistence,future/9ps/motion_even,1.5446261167526245,12
925,all,persistence,future/9ps/motion_even,1.0830355882644653,12
926,all,persistence,future/9ps/motion_even,1.476060390472412,12
927,all,persistence,future/9ps/motion_even,0.9047455787658691,12
928,all,persistence,future/9ps/motion_even,1.28516685962677,12
929,all,persistence,future/9ps/motion_even,1.272698998451233,12
930,all,persistence,future/9ps/motion_even,1.7973839044570923,12
931,all,persistence,future/9ps/motion_even,0.8527426719665527,12
944,all,persistence,future/9ps/motion_even,1.5263820886611938,12
945,all,persistence,future/9ps/motion_even,1.1918264627456665,12
946,all,persistence,future/9ps/motion_even,1.5264719724655151,12
947,all,persistence,future/9ps/motion_even,1.778265357017517,12
948,all,persistence,future/9ps/motion_even,1.660299301147461,12
949,all,persistence,future/9ps/motion_even,1.6954569816589355,12
950,all,persistence,future/9ps/motion_even,1.7894595861434937,12
951,all,persistence,future/9ps/motion_even,1.8890975713729858,12
952,all,persistence,future/9ps/motion_even,1.4109224081039429,12
953,all,persistence,future/9ps/motion_even,2.6403563022613525,12
954,all,persistence,future/9ps/motion_even,2.2057294845581055,12
955,all,persistence,future/9ps/motion_even,2.0716655254364014,12
956,all,persistence,future/9ps/motion_even,1.4760135412216187,12
957,all,persistence,future/9ps/motion_even,1.4332722425460815,12
958,all,persistence,future/9ps/motion_even,1.398743987083435,12
959,all,persistence,future/9ps/motion_even,1.8731919527053833,12
960,all,persistence,future/9ps/motion_even,1.4343109130859375,12
961,all,persistence,future/9ps/motion_even,2.452101230621338,12
974,all,persistence,future/9ps/motion_even,2.0733442306518555,12
975,all,persistence,future/9ps/motion_even,1.3188165426254272,12
976,all,persistence,future/9ps/motion_even,1.6785556077957153,12
977,all,persistence,future/9ps/motion_even,2.593754529953003,12
978,all,persistence,future/9ps/motion_even,1.7284173965454102,12
979,all,persistence,future/9ps/motion_even,1.9405155181884766,12
980,all,persistence,future/9ps/motion_even,1.62762451171875,12
981,all,persistence,future/9ps/motion_even,1.6586599349975586,12
982,all,persistence,future/9ps/motion_even,2.3962230682373047,12
983,all,persistence,future/9ps/motion_even,3.165351629257202,12
984,all,persistence,future/9ps/motion_even,1.7291606664657593,12
985,all,persistence,future/9ps/motion_even,1.3791033029556274,12
986,all,persistence,future/9ps/motion_even,2.070958375930786,12
987,all,persistence,future/9ps/motion_even,3.1902263164520264,12
988,all,persistence,future/9ps/motion_even,2.1159489154815674,12
989,all,persistence,future/9ps/motion_even,1.1372127532958984,12
990,all,persistence,future/9ps/motion_even,1.8804630041122437,12
991,all,persistence,future/9ps/motion_even,1.721279263496399,12
1004,all,persistence,future/9ps/motion_even,1.8155595064163208,12
1005,all,persistence,future/9ps/motion_even,1.6686264276504517,12
1006,all,persistence,future/9ps/motion_even,2.003329277038574,12
860,all,encoder,delta/9ps/motion_even,1.625938057899475,12
861,all,encoder,delta/9ps/motion_even,1.7207773923873901,12
862,all,encoder,delta/9ps/motion_even,1.9571946859359741,12
863,all,encoder,delta/9ps/motion_even,1.2427979707717896,12
864,all,encoder,delta/9ps/motion_even,2.137695550918579,12
865,all,encoder,delta/9ps/motion_even,1.979549765586853,12
866,all,encoder,delta/9ps/motion_even,2.0176541805267334,12
867,all,encoder,delta/9ps/motion_even,2.9013051986694336,12
868,all,encoder,delta/9ps/motion_even,3.0392532348632812,12
869,all,encoder,delta/9ps/motion_even,1.8250139951705933,12
870,all,encoder,delta/9ps/motion_even,1.5663479566574097,12
871,all,encoder,delta/9ps/motion_even,1.6128970384597778,12
872,all,encoder,delta/9ps/motion_even,1.7661103010177612,12
873,all,encoder,delta/9ps/motion_even,2.2573251724243164,12
874,all,encoder,delta/9ps/motion_even,3.7796943187713623,12
884,all,encoder,delta/9ps/motion_even,0.9014089107513428,12
885,all,encoder,delta/9ps/motion_even,0.6790713667869568,12
886,all,encoder,delta/9ps/motion_even,0.8788279891014099,12
887,all,encoder,delta/9ps/motion_even,0.9792807102203369,12
888,all,encoder,delta/9ps/motion_even,0.8138270974159241,12
889,all,encoder,delta/9ps/motion_even,1.1363402605056763,12
890,all,encoder,delta/9ps/motion_even,0.8736081719398499,12
891,all,encoder,delta/9ps/motion_even,1.250919222831726,12
892,all,encoder,delta/9ps/motion_even,1.6409140825271606,12
893,all,encoder,delta/9ps/motion_even,1.523188591003418,12
894,all,encoder,delta/9ps/motion_even,0.9702824950218201,12
895,all,encoder,delta/9ps/motion_even,1.4545873403549194,12
896,all,encoder,delta/9ps/motion_even,0.880598783493042,12
897,all,encoder,delta/9ps/motion_even,0.929410457611084,12
898,all,encoder,delta/9ps/motion_even,0.8178873062133789,12
899,all,encoder,delta/9ps/motion_even,1.3099582195281982,12
900,all,encoder,delta/9ps/motion_even,0.8263261318206787,12
901,all,encoder,delta/9ps/motion_even,1.1662423610687256,12
914,all,encoder,delta/9ps/motion_even,1.1497911214828491,12
915,all,encoder,delta/9ps/motion_even,1.2293671369552612,12
916,all,encoder,delta/9ps/motion_even,0.8106410503387451,12
917,all,encoder,delta/9ps/motion_even,2.0078155994415283,12
918,all,encoder,delta/9ps/motion_even,1.0018903017044067,12
919,all,encoder,delta/9ps/motion_even,1.8838177919387817,12
920,all,encoder,delta/9ps/motion_even,1.1933932304382324,12
921,all,encoder,delta/9ps/motion_even,0.910797119140625,12
922,all,encoder,delta/9ps/motion_even,1.16309654712677,12
923,all,encoder,delta/9ps/motion_even,0.9185851216316223,12
924,all,encoder,delta/9ps/motion_even,1.5290775299072266,12
925,all,encoder,delta/9ps/motion_even,1.137465238571167,12
926,all,encoder,delta/9ps/motion_even,1.3810945749282837,12
927,all,encoder,delta/9ps/motion_even,0.9296464920043945,12
928,all,encoder,delta/9ps/motion_even,1.1923640966415405,12
929,all,encoder,delta/9ps/motion_even,1.22934091091156,12
930,all,encoder,delta/9ps/motion_even,1.7570362091064453,12
931,all,encoder,delta/9ps/motion_even,0.9245999455451965,12
944,all,encoder,delta/9ps/motion_even,1.5759177207946777,12
945,all,encoder,delta/9ps/motion_even,1.2959049940109253,12
946,all,encoder,delta/9ps/motion_even,1.6011193990707397,12
947,all,encoder,delta/9ps/motion_even,1.8626796007156372,12
948,all,encoder,delta/9ps/motion_even,1.664284110069275,12
949,all,encoder,delta/9ps/motion_even,1.7054862976074219,12
950,all,encoder,delta/9ps/motion_even,1.7672384977340698,12
951,all,encoder,delta/9ps/motion_even,1.943332314491272,12
952,all,encoder,delta/9ps/motion_even,1.4215883016586304,12
953,all,encoder,delta/9ps/motion_even,2.6180789470672607,12
954,all,encoder,delta/9ps/motion_even,2.1740005016326904,12
955,all,encoder,delta/9ps/motion_even,2.111422300338745,12
956,all,encoder,delta/9ps/motion_even,1.4418972730636597,12
957,all,encoder,delta/9ps/motion_even,1.4422873258590698,12
958,all,encoder,delta/9ps/motion_even,1.4472261667251587,12
959,all,encoder,delta/9ps/motion_even,2.03110408782959,12
960,all,encoder,delta/9ps/motion_even,1.5847195386886597,12
961,all,encoder,delta/9ps/motion_even,2.4377968311309814,12
974,all,encoder,delta/9ps/motion_even,2.0372016429901123,12
975,all,encoder,delta/9ps/motion_even,1.2539066076278687,12
976,all,encoder,delta/9ps/motion_even,1.7298740148544312,12
977,all,encoder,delta/9ps/motion_even,2.7207868099212646,12
978,all,encoder,delta/9ps/motion_even,1.73114812374115,12
979,all,encoder,delta/9ps/motion_even,1.8833461999893188,12
980,all,encoder,delta/9ps/motion_even,1.582693099975586,12
981,all,encoder,delta/9ps/motion_even,1.5993410348892212,12
982,all,encoder,delta/9ps/motion_even,2.4645907878875732,12
983,all,encoder,delta/9ps/motion_even,3.099834442138672,12
984,all,encoder,delta/9ps/motion_even,1.7757052183151245,12
985,all,encoder,delta/9ps/motion_even,1.3990813493728638,12
986,all,encoder,delta/9ps/motion_even,2.000790596008301,12
987,all,encoder,delta/9ps/motion_even,3.3451976776123047,12
988,all,encoder,delta/9ps/motion_even,2.121587038040161,12
989,all,encoder,delta/9ps/motion_even,1.111272931098938,12
990,all,encoder,delta/9ps/motion_even,1.8888617753982544,12
991,all,encoder,delta/9ps/motion_even,1.7554112672805786,12
1004,all,encoder,delta/9ps/motion_even,1.9654713869094849,12
1005,all,encoder,delta/9ps/motion_even,1.7217551469802856,12
1006,all,encoder,delta/9ps/motion_even,2.0264475345611572,12
860,all,encoder,present/motion_odd,1.247543454170227,12
861,all,encoder,present/motion_odd,0.7825651168823242,12
862,all,encoder,present/motion_odd,0.703633725643158,12
863,all,encoder,present/motion_odd,0.8123884797096252,12
864,all,encoder,present/motion_odd,0.8097090125083923,12
865,all,encoder,present/motion_odd,0.7788462042808533,12
866,all,encoder,present/motion_odd,0.8971304297447205,12
867,all,encoder,present/motion_odd,1.3552905321121216,12
868,all,encoder,present/motion_odd,1.2290736436843872,12
869,all,encoder,present/motion_odd,1.0770996809005737,12
870,all,encoder,present/motion_odd,1.0333796739578247,12
871,all,encoder,present/motion_odd,1.0119088888168335,12
872,all,encoder,present/motion_odd,1.2842025756835938,12
873,all,encoder,present/motion_odd,1.3513542413711548,12
874,all,encoder,present/motion_odd,0.6994252800941467,12
884,all,encoder,present/motion_odd,0.6949592232704163,12
885,all,encoder,present/motion_odd,0.5980418920516968,12
886,all,encoder,present/motion_odd,0.4411883056163788,12
887,all,encoder,present/motion_odd,0.6041705012321472,12
888,all,encoder,present/motion_odd,0.49237561225891113,12
889,all,encoder,present/motion_odd,0.3956206738948822,12
890,all,encoder,present/motion_odd,0.6931378245353699,12
891,all,encoder,present/motion_odd,1.1192086935043335,12
892,all,encoder,present/motion_odd,0.9979273676872253,12
893,all,encoder,present/motion_odd,0.7043589949607849,12
894,all,encoder,present/motion_odd,0.6942914128303528,12
895,all,encoder,present/motion_odd,0.9015831351280212,12
896,all,encoder,present/motion_odd,0.739155113697052,12
897,all,encoder,present/motion_odd,0.4122020900249481,12
898,all,encoder,present/motion_odd,0.37723442912101746,12
899,all,encoder,present/motion_odd,0.8636426329612732,12
900,all,encoder,present/motion_odd,0.8422465324401855,12
901,all,encoder,present/motion_odd,1.0246161222457886,12
914,all,encoder,present/motion_odd,0.4573427140712738,12
915,all,encoder,present/motion_odd,0.7504579424858093,12
916,all,encoder,present/motion_odd,0.738848865032196,12
917,all,encoder,present/motion_odd,0.9260932803153992,12
918,all,encoder,present/motion_odd,0.3878789246082306,12
919,all,encoder,present/motion_odd,1.767877221107483,12
920,all,encoder,present/motion_odd,0.676835298538208,12
921,all,encoder,present/motion_odd,0.5931714177131653,12
922,all,encoder,present/motion_odd,1.0217186212539673,12
923,all,encoder,present/motion_odd,1.143471121788025,12
924,all,encoder,present/motion_odd,0.8660909533500671,12
925,all,encoder,present/motion_odd,1.1195971965789795,12
926,all,encoder,present/motion_odd,0.44317999482154846,12
927,all,encoder,present/motion_odd,0.7849591374397278,12
928,all,encoder,present/motion_odd,0.7819888591766357,12
929,all,encoder,present/motion_odd,0.9048829078674316,12
930,all,encoder,present/motion_odd,0.6121578812599182,12
931,all,encoder,present/motion_odd,0.8230308890342712,12
944,all,encoder,present/motion_odd,0.8376085758209229,12
945,all,encoder,present/motion_odd,1.210737943649292,12
946,all,encoder,present/motion_odd,0.7991291880607605,12
947,all,encoder,present/motion_odd,1.6381325721740723,12
948,all,encoder,present/motion_odd,1.0233725309371948,12
949,all,encoder,present/motion_odd,0.6329227089881897,12
950,all,encoder,present/motion_odd,1.025779128074646,12
951,all,encoder,present/motion_odd,1.5863919258117676,12
952,all,encoder,present/motion_odd,1.4195280075073242,12
953,all,encoder,present/motion_odd,1.4565271139144897,12
954,all,encoder,present/motion_odd,0.8861451745033264,12
955,all,encoder,present/motion_odd,1.0340231657028198,12
956,all,encoder,present/motion_odd,0.5204195380210876,12
957,all,encoder,present/motion_odd,1.7610872983932495,12
958,all,encoder,present/motion_odd,1.2010440826416016,12
959,all,encoder,present/motion_odd,0.9715766906738281,12
960,all,encoder,present/motion_odd,1.4956244230270386,12
961,all,encoder,present/motion_odd,1.4686360359191895,12
974,all,encoder,present/motion_odd,0.7724051475524902,12
975,all,encoder,present/motion_odd,0.5263165831565857,12
976,all,encoder,present/motion_odd,0.8549465537071228,12
977,all,encoder,present/motion_odd,1.3884925842285156,12
978,all,encoder,present/motion_odd,1.2948001623153687,12
979,all,encoder,present/motion_odd,2.4047727584838867,12
980,all,encoder,present/motion_odd,0.6904368996620178,12
981,all,encoder,present/motion_odd,0.749872624874115,12
982,all,encoder,present/motion_odd,0.7484037280082703,12
983,all,encoder,present/motion_odd,0.7899152636528015,12
984,all,encoder,present/motion_odd,1.0423964262008667,12
985,all,encoder,present/motion_odd,1.1891366243362427,12
986,all,encoder,present/motion_odd,1.0028586387634277,12
987,all,encoder,present/motion_odd,2.007122039794922,12
988,all,encoder,present/motion_odd,0.9294609427452087,12
989,all,encoder,present/motion_odd,0.5060145258903503,12
990,all,encoder,present/motion_odd,1.7604742050170898,12
991,all,encoder,present/motion_odd,1.6391569375991821,12
1004,all,encoder,present/motion_odd,1.9093828201293945,12
1005,all,encoder,present/motion_odd,0.6752122044563293,12
1006,all,encoder,present/motion_odd,1.1525863409042358,12
860,all,encoder,future/0.75ps/motion_odd,0.9696412086486816,12
861,all,encoder,future/0.75ps/motion_odd,0.9369511008262634,12
862,all,encoder,future/0.75ps/motion_odd,0.6633337140083313,12
863,all,encoder,future/0.75ps/motion_odd,0.8734433054924011,12
864,all,encoder,future/0.75ps/motion_odd,1.1001613140106201,12
865,all,encoder,future/0.75ps/motion_odd,0.8405304551124573,12
866,all,encoder,future/0.75ps/motion_odd,1.0039408206939697,12
867,all,encoder,future/0.75ps/motion_odd,1.19003427028656,12
868,all,encoder,future/0.75ps/motion_odd,1.250717043876648,12
869,all,encoder,future/0.75ps/motion_odd,1.2406374216079712,12
870,all,encoder,future/0.75ps/motion_odd,0.6824631690979004,12
871,all,encoder,future/0.75ps/motion_odd,1.0235309600830078,12
872,all,encoder,future/0.75ps/motion_odd,0.7654985785484314,12
873,all,encoder,future/0.75ps/motion_odd,1.3164092302322388,12
874,all,encoder,future/0.75ps/motion_odd,0.8283634185791016,12
884,all,encoder,future/0.75ps/motion_odd,0.7909147143363953,12
885,all,encoder,future/0.75ps/motion_odd,0.48733341693878174,12
886,all,encoder,future/0.75ps/motion_odd,0.519878625869751,12
887,all,encoder,future/0.75ps/motion_odd,0.4587976634502411,12
888,all,encoder,future/0.75ps/motion_odd,0.7249020934104919,12
889,all,encoder,future/0.75ps/motion_odd,0.5378888845443726,12
890,all,encoder,future/0.75ps/motion_odd,0.7376076579093933,12
891,all,encoder,future/0.75ps/motion_odd,0.9171314239501953,12
892,all,encoder,future/0.75ps/motion_odd,0.600911557674408,12
893,all,encoder,future/0.75ps/motion_odd,0.7318982481956482,12
894,all,encoder,future/0.75ps/motion_odd,0.5982504487037659,12
895,all,encoder,future/0.75ps/motion_odd,1.0619702339172363,12
896,all,encoder,future/0.75ps/motion_odd,0.47350919246673584,12
897,all,encoder,future/0.75ps/motion_odd,0.8496851921081543,12
898,all,encoder,future/0.75ps/motion_odd,0.48513364791870117,12
899,all,encoder,future/0.75ps/motion_odd,0.42467594146728516,12
900,all,encoder,future/0.75ps/motion_odd,0.9247403740882874,12
901,all,encoder,future/0.75ps/motion_odd,1.1062349081039429,12
914,all,encoder,future/0.75ps/motion_odd,0.5894654989242554,12
915,all,encoder,future/0.75ps/motion_odd,0.9765238761901855,12
916,all,encoder,future/0.75ps/motion_odd,0.8992770314216614,12
917,all,encoder,future/0.75ps/motion_odd,0.7234919667243958,12
918,all,encoder,future/0.75ps/motion_odd,0.6875092387199402,12
919,all,encoder,future/0.75ps/motion_odd,1.099618673324585,12
920,all,encoder,future/0.75ps/motion_odd,0.6867933869361877,12
921,all,encoder,future/0.75ps/motion_odd,0.5445149540901184,12
922,all,encoder,future/0.75ps/motion_odd,0.6087997555732727,12
923,all,encoder,future/0.75ps/motion_odd,0.8465158939361572,12
924,all,encoder,future/0.75ps/motion_odd,1.1709418296813965,12
925,all,encoder,future/0.75ps/motion_odd,1.3033571243286133,12
926,all,encoder,future/0.75ps/motion_odd,0.418102502822876,12
927,all,encoder,future/0.75ps/motion_odd,0.7264721989631653,12
928,all,encoder,future/0.75ps/motion_odd,0.973667323589325,12
929,all,encoder,future/0.75ps/motion_odd,0.8055813908576965,12
930,all,encoder,future/0.75ps/motion_odd,0.6036593317985535,12
931,all,encoder,future/0.75ps/motion_odd,1.0002084970474243,12
944,all,encoder,future/0.75ps/motion_odd,0.9920139908790588,12
945,all,encoder,future/0.75ps/motion_odd,1.2796801328659058,12
946,all,encoder,future/0.75ps/motion_odd,1.2169189453125,12
947,all,encoder,future/0.75ps/motion_odd,2.2130119800567627,12
948,all,encoder,future/0.75ps/motion_odd,1.7539056539535522,12
949,all,encoder,future/0.75ps/motion_odd,1.1250689029693604,12
950,all,encoder,future/0.75ps/motion_odd,1.0633434057235718,12
951,all,encoder,future/0.75ps/motion_odd,0.9068992733955383,12
952,all,encoder,future/0.75ps/motion_odd,2.310513496398926,12
953,all,encoder,future/0.75ps/motion_odd,1.1882069110870361,12
954,all,encoder,future/0.75ps/motion_odd,0.6620914340019226,12
955,all,encoder,future/0.75ps/motion_odd,0.8351871967315674,12
956,all,encoder,future/0.75ps/motion_odd,0.5107549428939819,12
957,all,encoder,future/0.75ps/motion_odd,0.8695564866065979,12
958,all,encoder,future/0.75ps/motion_odd,0.9257767796516418,12
959,all,encoder,future/0.75ps/motion_odd,0.7770268321037292,12
960,all,encoder,future/0.75ps/motion_odd,1.246960997581482,12
961,all,encoder,future/0.75ps/motion_odd,1.818769931793213,12
974,all,encoder,future/0.75ps/motion_odd,0.8115149140357971,12
975,all,encoder,future/0.75ps/motion_odd,0.8322895169258118,12
976,all,encoder,future/0.75ps/motion_odd,1.0785735845565796,12
977,all,encoder,future/0.75ps/motion_odd,1.9892038106918335,12
978,all,encoder,future/0.75ps/motion_odd,1.0910965204238892,12
979,all,encoder,future/0.75ps/motion_odd,2.559654474258423,12
980,all,encoder,future/0.75ps/motion_odd,0.6753759384155273,12
981,all,encoder,future/0.75ps/motion_odd,1.1395632028579712,12
982,all,encoder,future/0.75ps/motion_odd,1.1900482177734375,12
983,all,encoder,future/0.75ps/motion_odd,1.4544486999511719,12
984,all,encoder,future/0.75ps/motion_odd,2.557185173034668,12
985,all,encoder,future/0.75ps/motion_odd,1.064147710800171,12
986,all,encoder,future/0.75ps/motion_odd,1.3042725324630737,12
987,all,encoder,future/0.75ps/motion_odd,2.0872747898101807,12
988,all,encoder,future/0.75ps/motion_odd,0.7064166069030762,12
989,all,encoder,future/0.75ps/motion_odd,0.5212437510490417,12
990,all,encoder,future/0.75ps/motion_odd,2.010420560836792,12
991,all,encoder,future/0.75ps/motion_odd,0.9888408780097961,12
1004,all,encoder,future/0.75ps/motion_odd,2.0114448070526123,12
1005,all,encoder,future/0.75ps/motion_odd,1.2203177213668823,12
1006,all,encoder,future/0.75ps/motion_odd,1.0521814823150635,12
860,all,persistence,future/0.75ps/motion_odd,3.1121301651000977,12
861,all,persistence,future/0.75ps/motion_odd,1.6950401067733765,12
862,all,persistence,future/0.75ps/motion_odd,1.8935140371322632,12
863,all,persistence,future/0.75ps/motion_odd,1.8516703844070435,12
864,all,persistence,future/0.75ps/motion_odd,2.7535009384155273,12
865,all,persistence,future/0.75ps/motion_odd,1.8068403005599976,12
866,all,persistence,future/0.75ps/motion_odd,2.872476577758789,12
867,all,persistence,future/0.75ps/motion_odd,2.09203839302063,12
868,all,persistence,future/0.75ps/motion_odd,2.991318941116333,12
869,all,persistence,future/0.75ps/motion_odd,2.775527238845825,12
870,all,persistence,future/0.75ps/motion_odd,0.9424834847450256,12
871,all,persistence,future/0.75ps/motion_odd,1.607877254486084,12
872,all,persistence,future/0.75ps/motion_odd,1.4581314325332642,12
873,all,persistence,future/0.75ps/motion_odd,2.780041456222534,12
874,all,persistence,future/0.75ps/motion_odd,1.4195551872253418,12
884,all,persistence,future/0.75ps/motion_odd,1.3574262857437134,12
885,all,persistence,future/0.75ps/motion_odd,1.0255823135375977,12
886,all,persistence,future/0.75ps/motion_odd,0.9000988602638245,12
887,all,persistence,future/0.75ps/motion_odd,1.2754307985305786,12
888,all,persistence,future/0.75ps/motion_odd,1.5215085744857788,12
889,all,persistence,future/0.75ps/motion_odd,0.38790610432624817,12
890,all,persistence,future/0.75ps/motion_odd,0.8355030417442322,12
891,all,persistence,future/0.75ps/motion_odd,2.5700843334198,12
892,all,persistence,future/0.75ps/motion_odd,1.8198128938674927,12
893,all,persistence,future/0.75ps/motion_odd,1.682472586631775,12
894,all,persistence,future/0.75ps/motion_odd,1.3833141326904297,12
895,all,persistence,future/0.75ps/motion_odd,2.541771173477173,12
896,all,persistence,future/0.75ps/motion_odd,1.2566338777542114,12
897,all,persistence,future/0.75ps/motion_odd,1.530550479888916,12
898,all,persistence,future/0.75ps/motion_odd,0.8597686290740967,12
899,all,persistence,future/0.75ps/motion_odd,1.9701496362686157,12
900,all,persistence,future/0.75ps/motion_odd,2.4791371822357178,12
901,all,persistence,future/0.75ps/motion_odd,2.373847723007202,12
914,all,persistence,future/0.75ps/motion_odd,1.19571053981781,12
915,all,persistence,future/0.75ps/motion_odd,1.841415286064148,12
916,all,persistence,future/0.75ps/motion_odd,1.6215299367904663,12
917,all,persistence,future/0.75ps/motion_odd,1.618859887123108,12
918,all,persistence,future/0.75ps/motion_odd,0.9331367015838623,12
919,all,persistence,future/0.75ps/motion_odd,2.7493622303009033,12
920,all,persistence,future/0.75ps/motion_odd,1.0187379121780396,12
921,all,persistence,future/0.75ps/motion_odd,1.0913828611373901,12
922,all,persistence,future/0.75ps/motion_odd,1.2449061870574951,12
923,all,persistence,future/0.75ps/motion_odd,2.3122284412384033,12
924,all,persistence,future/0.75ps/motion_odd,1.697231650352478,12
925,all,persistence,future/0.75ps/motion_odd,2.6012356281280518,12
926,all,persistence,future/0.75ps/motion_odd,0.8432459831237793,12
927,all,persistence,future/0.75ps/motion_odd,1.5640130043029785,12
928,all,persistence,future/0.75ps/motion_odd,2.320782423019409,12
929,all,persistence,future/0.75ps/motion_odd,1.103355050086975,12
930,all,persistence,future/0.75ps/motion_odd,0.6703455448150635,12
931,all,persistence,future/0.75ps/motion_odd,2.4459331035614014,12
944,all,persistence,future/0.75ps/motion_odd,2.4805891513824463,12
945,all,persistence,future/0.75ps/motion_odd,2.273627519607544,12
946,all,persistence,future/0.75ps/motion_odd,1.8279908895492554,12
947,all,persistence,future/0.75ps/motion_odd,4.1790876388549805,12
948,all,persistence,future/0.75ps/motion_odd,2.4758200645446777,12
949,all,persistence,future/0.75ps/motion_odd,2.1654646396636963,12
950,all,persistence,future/0.75ps/motion_odd,2.5575690269470215,12
951,all,persistence,future/0.75ps/motion_odd,3.097616195678711,12
952,all,persistence,future/0.75ps/motion_odd,3.1004695892333984,12
953,all,persistence,future/0.75ps/motion_odd,2.848949670791626,12
954,all,persistence,future/0.75ps/motion_odd,1.2519927024841309,12
955,all,persistence,future/0.75ps/motion_odd,2.3161721229553223,12
956,all,persistence,future/0.75ps/motion_odd,0.8279090523719788,12
957,all,persistence,future/0.75ps/motion_odd,1.7160991430282593,12
958,all,persistence,future/0.75ps/motion_odd,1.617108702659607,12
959,all,persistence,future/0.75ps/motion_odd,2.073085069656372,12
960,all,persistence,future/0.75ps/motion_odd,2.285447835922241,12
961,all,persistence,future/0.75ps/motion_odd,3.4367799758911133,12
974,all,persistence,future/0.75ps/motion_odd,1.7985721826553345,12
975,all,persistence,future/0.75ps/motion_odd,1.2643764019012451,12
976,all,persistence,future/0.75ps/motion_odd,1.3046517372131348,12
977,all,persistence,future/0.75ps/motion_odd,2.3818721771240234,12
978,all,persistence,future/0.75ps/motion_odd,1.900464653968811,12
979,all,persistence,future/0.75ps/motion_odd,5.022667407989502,12
980,all,persistence,future/0.75ps/motion_odd,1.3053921461105347,12
981,all,persistence,future/0.75ps/motion_odd,1.6482858657836914,12
982,all,persistence,future/0.75ps/motion_odd,2.099695920944214,12
983,all,persistence,future/0.75ps/motion_odd,3.208340883255005,12
984,all,persistence,future/0.75ps/motion_odd,2.6406571865081787,12
985,all,persistence,future/0.75ps/motion_odd,2.3877463340759277,12
986,all,persistence,future/0.75ps/motion_odd,2.091461181640625,12
987,all,persistence,future/0.75ps/motion_odd,2.797959566116333,12
988,all,persistence,future/0.75ps/motion_odd,1.8494511842727661,12
989,all,persistence,future/0.75ps/motion_odd,0.9082663059234619,12
990,all,persistence,future/0.75ps/motion_odd,5.685351848602295,12
991,all,persistence,future/0.75ps/motion_odd,2.0592639446258545,12
1004,all,persistence,future/0.75ps/motion_odd,1.9795361757278442,12
1005,all,persistence,future/0.75ps/motion_odd,2.420515775680542,12
1006,all,persistence,future/0.75ps/motion_odd,1.816987156867981,12
860,all,encoder,delta/0.75ps/motion_odd,3.1134941577911377,12
861,all,encoder,delta/0.75ps/motion_odd,1.6768468618392944,12
862,all,encoder,delta/0.75ps/motion_odd,1.8791612386703491,12
863,all,encoder,delta/0.75ps/motion_odd,1.8529587984085083,12
864,all,encoder,delta/0.75ps/motion_odd,2.7472422122955322,12
865,all,encoder,delta/0.75ps/motion_odd,1.804621696472168,12
866,all,encoder,delta/0.75ps/motion_odd,2.872173547744751,12
867,all,encoder,delta/0.75ps/motion_odd,2.093003273010254,12
868,all,encoder,delta/0.75ps/motion_odd,2.999274969100952,12
869,all,encoder,delta/0.75ps/motion_odd,2.776618242263794,12
870,all,encoder,delta/0.75ps/motion_odd,0.952329158782959,12
871,all,encoder,delta/0.75ps/motion_odd,1.6092263460159302,12
872,all,encoder,delta/0.75ps/motion_odd,1.4636955261230469,12
873,all,encoder,delta/0.75ps/motion_odd,2.7927920818328857,12
874,all,encoder,delta/0.75ps/motion_odd,1.4204906225204468,12
884,all,encoder,delta/0.75ps/motion_odd,1.355210304260254,12
885,all,encoder,delta/0.75ps/motion_odd,1.0276031494140625,12
886,all,encoder,delta/0.75ps/motion_odd,0.90192049741745,12
887,all,encoder,delta/0.75ps/motion_odd,1.2663103342056274,12
888,all,encoder,delta/0.75ps/motion_odd,1.5182050466537476,12
889,all,encoder,delta/0.75ps/motion_odd,0.39952337741851807,12
890,all,encoder,delta/0.75ps/motion_odd,0.8278558254241943,12
891,all,encoder,delta/0.75ps/motion_odd,2.57165789604187,12
892,all,encoder,delta/0.75ps/motion_odd,1.831486701965332,12
893,all,encoder,delta/0.75ps/motion_odd,1.6849960088729858,12
894,all,encoder,delta/0.75ps/motion_odd,1.3842366933822632,12
895,all,encoder,delta/0.75ps/motion_odd,2.5496034622192383,12
896,all,encoder,delta/0.75ps/motion_odd,1.2518022060394287,12
897,all,encoder,delta/0.75ps/motion_odd,1.5389150381088257,12
898,all,encoder,delta/0.75ps/motion_odd,0.8589062690734863,12
899,all,encoder,delta/0.75ps/motion_odd,1.9556307792663574,12
900,all,encoder,delta/0.75ps/motion_odd,2.4718286991119385,12
901,all,encoder,delta/0.75ps/motion_odd,2.3802385330200195,12
914,all,encoder,delta/0.75ps/motion_odd,1.202121615409851,12
915,all,encoder,delta/0.75ps/motion_odd,1.853040099143982,12
916,all,encoder,delta/0.75ps/motion_odd,1.621656894683838,12
917,all,encoder,delta/0.75ps/motion_odd,1.6149178743362427,12
918,all,encoder,delta/0.75ps/motion_odd,0.9387578964233398,12
919,all,encoder,delta/0.75ps/motion_odd,2.753326654434204,12
920,all,encoder,delta/0.75ps/motion_odd,1.0270099639892578,12
921,all,encoder,delta/0.75ps/motion_odd,1.090638279914856,12
922,all,encoder,delta/0.75ps/motion_odd,1.2467044591903687,12
923,all,encoder,delta/0.75ps/motion_odd,2.3191683292388916,12
924,all,encoder,delta/0.75ps/motion_odd,1.6952589750289917,12
925,all,encoder,delta/0.75ps/motion_odd,2.6186578273773193,12
926,all,encoder,delta/0.75ps/motion_odd,0.8455716967582703,12
927,all,encoder,delta/0.75ps/motion_odd,1.5709186792373657,12
928,all,encoder,delta/0.75ps/motion_odd,2.3245866298675537,12
929,all,encoder,delta/0.75ps/motion_odd,1.1018110513687134,12
930,all,encoder,delta/0.75ps/motion_odd,0.6702385544776917,12
931,all,encoder,delta/0.75ps/motion_odd,2.4526939392089844,12
944,all,encoder,delta/0.75ps/motion_odd,2.485896348953247,12
945,all,encoder,delta/0.75ps/motion_odd,2.267045736312866,12
946,all,encoder,delta/0.75ps/motion_odd,1.836424469947815,12
947,all,encoder,delta/0.75ps/motion_odd,4.174737453460693,12
948,all,encoder,delta/0.75ps/motion_odd,2.466188430786133,12
949,all,encoder,delta/0.75ps/motion_odd,2.1674840450286865,12
950,all,encoder,delta/0.75ps/motion_odd,2.5658352375030518,12
951,all,encoder,delta/0.75ps/motion_odd,3.102257490158081,12
952,all,encoder,delta/0.75ps/motion_odd,3.1047096252441406,12
953,all,encoder,delta/0.75ps/motion_odd,2.8498973846435547,12
954,all,encoder,delta/0.75ps/motion_odd,1.2536550760269165,12
955,all,encoder,delta/0.75ps/motion_odd,2.32232666015625,12
956,all,encoder,delta/0.75ps/motion_odd,0.8275168538093567,12
957,all,encoder,delta/0.75ps/motion_odd,1.7107046842575073,12
958,all,encoder,delta/0.75ps/motion_odd,1.6175748109817505,12
959,all,encoder,delta/0.75ps/motion_odd,2.066892385482788,12
960,all,encoder,delta/0.75ps/motion_odd,2.2839343547821045,12
961,all,encoder,delta/0.75ps/motion_odd,3.4370462894439697,12
974,all,encoder,delta/0.75ps/motion_odd,1.7940220832824707,12
975,all,encoder,delta/0.75ps/motion_odd,1.2668367624282837,12
976,all,encoder,delta/0.75ps/motion_odd,1.3038105964660645,12
977,all,encoder,delta/0.75ps/motion_odd,2.3834288120269775,12
978,all,encoder,delta/0.75ps/motion_odd,1.8975372314453125,12
979,all,encoder,delta/0.75ps/motion_odd,5.030282497406006,12
980,all,encoder,delta/0.75ps/motion_odd,1.3051754236221313,12
981,all,encoder,delta/0.75ps/motion_odd,1.6492128372192383,12
982,all,encoder,delta/0.75ps/motion_odd,2.1127066612243652,12
983,all,encoder,delta/0.75ps/motion_odd,3.2157747745513916,12
984,all,encoder,delta/0.75ps/motion_odd,2.6575281620025635,12
985,all,encoder,delta/0.75ps/motion_odd,2.400517702102661,12
986,all,encoder,delta/0.75ps/motion_odd,2.0914247035980225,12
987,all,encoder,delta/0.75ps/motion_odd,2.8137667179107666,12
988,all,encoder,delta/0.75ps/motion_odd,1.8459721803665161,12
989,all,encoder,delta/0.75ps/motion_odd,0.9056141972541809,12
990,all,encoder,delta/0.75ps/motion_odd,5.679929256439209,12
991,all,encoder,delta/0.75ps/motion_odd,2.061260461807251,12
1004,all,encoder,delta/0.75ps/motion_odd,1.9843088388442993,12
1005,all,encoder,delta/0.75ps/motion_odd,2.4352104663848877,12
1006,all,encoder,delta/0.75ps/motion_odd,1.8246746063232422,12
860,all,encoder,future/3ps/motion_odd,1.5805391073226929,12
861,all,encoder,future/3ps/motion_odd,1.1886831521987915,12
862,all,encoder,future/3ps/motion_odd,0.6364692449569702,12
863,all,encoder,future/3ps/motion_odd,0.9648111462593079,12
864,all,encoder,future/3ps/motion_odd,0.7107770442962646,12
865,all,encoder,future/3ps/motion_odd,0.8797719478607178,12
866,all,encoder,future/3ps/motion_odd,1.8258109092712402,12
867,all,encoder,future/3ps/motion_odd,0.501243531703949,12
868,all,encoder,future/3ps/motion_odd,1.0436619520187378,12
869,all,encoder,future/3ps/motion_odd,0.7577838897705078,12
870,all,encoder,future/3ps/motion_odd,1.006251335144043,12
871,all,encoder,future/3ps/motion_odd,1.36531400680542,12
872,all,encoder,future/3ps/motion_odd,1.4724711179733276,12
873,all,encoder,future/3ps/motion_odd,1.0458537340164185,12
874,all,encoder,future/3ps/motion_odd,1.287741780281067,12
884,all,encoder,future/3ps/motion_odd,0.582148551940918,12
885,all,encoder,future/3ps/motion_odd,0.4502812623977661,12
886,all,encoder,future/3ps/motion_odd,0.6374414563179016,12
887,all,encoder,future/3ps/motion_odd,1.0197179317474365,12
888,all,encoder,future/3ps/motion_odd,0.7117000222206116,12
889,all,encoder,future/3ps/motion_odd,0.6152915954589844,12
890,all,encoder,future/3ps/motion_odd,0.5865125060081482,12
891,all,encoder,future/3ps/motion_odd,0.7040764689445496,12
892,all,encoder,future/3ps/motion_odd,0.38282063603401184,12
893,all,encoder,future/3ps/motion_odd,1.2053614854812622,12
894,all,encoder,future/3ps/motion_odd,0.8227483630180359,12
895,all,encoder,future/3ps/motion_odd,0.5624120831489563,12
896,all,encoder,future/3ps/motion_odd,0.9139773845672607,12
897,all,encoder,future/3ps/motion_odd,1.086495041847229,12
898,all,encoder,future/3ps/motion_odd,0.9808472990989685,12
899,all,encoder,future/3ps/motion_odd,1.4484113454818726,12
900,all,encoder,future/3ps/motion_odd,0.5142174363136292,12
901,all,encoder,future/3ps/motion_odd,0.9653806090354919,12
914,all,encoder,future/3ps/motion_odd,0.7667000889778137,12
915,all,encoder,future/3ps/motion_odd,0.8411433696746826,12
916,all,encoder,future/3ps/motion_odd,0.8982915282249451,12
917,all,encoder,future/3ps/motion_odd,0.730635941028595,12
918,all,encoder,future/3ps/motion_odd,0.9649810791015625,12
919,all,encoder,future/3ps/motion_odd,0.7927649617195129,12
920,all,encoder,future/3ps/motion_odd,1.605827808380127,12
921,all,encoder,future/3ps/motion_odd,1.7803608179092407,12
922,all,encoder,future/3ps/motion_odd,1.2935152053833008,12
923,all,encoder,future/3ps/motion_odd,0.9056442379951477,12
924,all,encoder,future/3ps/motion_odd,0.5514591336250305,12
925,all,encoder,future/3ps/motion_odd,0.8882410526275635,12
926,all,encoder,future/3ps/motion_odd,0.49231788516044617,12
927,all,encoder,future/3ps/motion_odd,0.7001668810844421,12
928,all,encoder,future/3ps/motion_odd,1.3389363288879395,12
929,all,encoder,future/3ps/motion_odd,1.0858930349349976,12
930,all,encoder,future/3ps/motion_odd,1.1342002153396606,12
931,all,encoder,future/3ps/motion_odd,0.7503506541252136,12
944,all,encoder,future/3ps/motion_odd,0.6958591938018799,12
945,all,encoder,future/3ps/motion_odd,1.5235110521316528,12
946,all,encoder,future/3ps/motion_odd,0.5074108242988586,12
947,all,encoder,future/3ps/motion_odd,1.4784597158432007,12
948,all,encoder,future/3ps/motion_odd,0.6811011433601379,12
949,all,encoder,future/3ps/motion_odd,0.8459746241569519,12
950,all,encoder,future/3ps/motion_odd,1.5217231512069702,12
951,all,encoder,future/3ps/motion_odd,0.6719508171081543,12
952,all,encoder,future/3ps/motion_odd,0.9264914393424988,12
953,all,encoder,future/3ps/motion_odd,1.0576226711273193,12
954,all,encoder,future/3ps/motion_odd,1.4911712408065796,12
955,all,encoder,future/3ps/motion_odd,1.183631181716919,12
956,all,encoder,future/3ps/motion_odd,1.3708523511886597,12
957,all,encoder,future/3ps/motion_odd,1.0097547769546509,12
958,all,encoder,future/3ps/motion_odd,1.0149558782577515,12
959,all,encoder,future/3ps/motion_odd,0.8825478553771973,12
960,all,encoder,future/3ps/motion_odd,0.9671972393989563,12
961,all,encoder,future/3ps/motion_odd,0.9462996125221252,12
974,all,encoder,future/3ps/motion_odd,0.7457814812660217,12
975,all,encoder,future/3ps/motion_odd,0.6345047354698181,12
976,all,encoder,future/3ps/motion_odd,0.9705975651741028,12
977,all,encoder,future/3ps/motion_odd,0.660799503326416,12
978,all,encoder,future/3ps/motion_odd,1.525682806968689,12
979,all,encoder,future/3ps/motion_odd,1.8391870260238647,12
980,all,encoder,future/3ps/motion_odd,1.3915038108825684,12
981,all,encoder,future/3ps/motion_odd,1.0270313024520874,12
982,all,encoder,future/3ps/motion_odd,1.179741382598877,12
983,all,encoder,future/3ps/motion_odd,1.725571632385254,12
984,all,encoder,future/3ps/motion_odd,0.724003255367279,12
985,all,encoder,future/3ps/motion_odd,1.4074883460998535,12
986,all,encoder,future/3ps/motion_odd,0.8970666527748108,12
987,all,encoder,future/3ps/motion_odd,1.4747763872146606,12
988,all,encoder,future/3ps/motion_odd,1.4185274839401245,12
989,all,encoder,future/3ps/motion_odd,1.1210076808929443,12
990,all,encoder,future/3ps/motion_odd,0.8461199402809143,12
991,all,encoder,future/3ps/motion_odd,1.2403316497802734,12
1004,all,encoder,future/3ps/motion_odd,1.504970908164978,12
1005,all,encoder,future/3ps/motion_odd,0.663724958896637,12
1006,all,encoder,future/3ps/motion_odd,1.1767832040786743,12
860,all,persistence,future/3ps/motion_odd,2.086064100265503,12
861,all,persistence,future/3ps/motion_odd,1.4376788139343262,12
862,all,persistence,future/3ps/motion_odd,0.8528326153755188,12
863,all,persistence,future/3ps/motion_odd,2.1733105182647705,12
864,all,persistence,future/3ps/motion_odd,1.8454785346984863,12
865,all,persistence,future/3ps/motion_odd,1.0140105485916138,12
866,all,persistence,future/3ps/motion_odd,3.3979127407073975,12
867,all,persistence,future/3ps/motion_odd,2.1522793769836426,12
868,all,persistence,future/3ps/motion_odd,1.961948275566101,12
869,all,persistence,future/3ps/motion_odd,1.2134864330291748,12
870,all,persistence,future/3ps/motion_odd,2.164397954940796,12
871,all,persistence,future/3ps/motion_odd,0.7318329811096191,12
872,all,persistence,future/3ps/motion_odd,1.8510937690734863,12
873,all,persistence,future/3ps/motion_odd,2.537585973739624,12
874,all,persistence,future/3ps/motion_odd,1.7561779022216797,12
884,all,persistence,future/3ps/motion_odd,0.7061550617218018,12
885,all,persistence,future/3ps/motion_odd,1.330980896949768,12
886,all,persistence,future/3ps/motion_odd,1.0698020458221436,12
887,all,persistence,future/3ps/motion_odd,1.1138441562652588,12
888,all,persistence,future/3ps/motion_odd,1.2309902906417847,12
889,all,persistence,future/3ps/motion_odd,1.1769238710403442,12
890,all,persistence,future/3ps/motion_odd,0.9315862059593201,12
891,all,persistence,future/3ps/motion_odd,1.633218765258789,12
892,all,persistence,future/3ps/motion_odd,1.7359970808029175,12
893,all,persistence,future/3ps/motion_odd,2.175752878189087,12
894,all,persistence,future/3ps/motion_odd,1.5120816230773926,12
895,all,persistence,future/3ps/motion_odd,1.5227408409118652,12
896,all,persistence,future/3ps/motion_odd,1.6172380447387695,12
897,all,persistence,future/3ps/motion_odd,1.7538889646530151,12
898,all,persistence,future/3ps/motion_odd,1.3063246011734009,12
899,all,persistence,future/3ps/motion_odd,2.7694103717803955,12
900,all,persistence,future/3ps/motion_odd,1.532173752784729,12
901,all,persistence,future/3ps/motion_odd,3.019007444381714,12
914,all,persistence,future/3ps/motion_odd,1.237267017364502,12
915,all,persistence,future/3ps/motion_odd,1.6996856927871704,12
916,all,persistence,future/3ps/motion_odd,1.4382637739181519,12
917,all,persistence,future/3ps/motion_odd,1.168042778968811,12
918,all,persistence,future/3ps/motion_odd,1.2937034368515015,12
919,all,persistence,future/3ps/motion_odd,1.437888503074646,12
920,all,persistence,future/3ps/motion_odd,2.726766586303711,12
921,all,persistence,future/3ps/motion_odd,2.4459946155548096,12
922,all,persistence,future/3ps/motion_odd,1.9400132894515991,12
923,all,persistence,future/3ps/motion_odd,2.183483362197876,12
924,all,persistence,future/3ps/motion_odd,1.9018913507461548,12
925,all,persistence,future/3ps/motion_odd,1.046858549118042,12
926,all,persistence,future/3ps/motion_odd,0.9938774704933167,12
927,all,persistence,future/3ps/motion_odd,1.8912315368652344,12
928,all,persistence,future/3ps/motion_odd,1.9016623497009277,12
929,all,persistence,future/3ps/motion_odd,2.8785083293914795,12
930,all,persistence,future/3ps/motion_odd,1.8440855741500854,12
931,all,persistence,future/3ps/motion_odd,1.163805603981018,12
944,all,persistence,future/3ps/motion_odd,0.9950725436210632,12
945,all,persistence,future/3ps/motion_odd,2.4219887256622314,12
946,all,persistence,future/3ps/motion_odd,1.3219186067581177,12
947,all,persistence,future/3ps/motion_odd,4.330427169799805,12
948,all,persistence,future/3ps/motion_odd,1.5710853338241577,12
949,all,persistence,future/3ps/motion_odd,0.6784486174583435,12
950,all,persistence,future/3ps/motion_odd,1.896740436553955,12
951,all,persistence,future/3ps/motion_odd,1.8232568502426147,12
952,all,persistence,future/3ps/motion_odd,2.1421780586242676,12
953,all,persistence,future/3ps/motion_odd,3.5045242309570312,12
954,all,persistence,future/3ps/motion_odd,1.835027813911438,12
955,all,persistence,future/3ps/motion_odd,2.8118507862091064,12
956,all,persistence,future/3ps/motion_odd,2.2608067989349365,12
957,all,persistence,future/3ps/motion_odd,2.6953232288360596,12
958,all,persistence,future/3ps/motion_odd,2.1175010204315186,12
959,all,persistence,future/3ps/motion_odd,3.327320098876953,12
960,all,persistence,future/3ps/motion_odd,3.116135597229004,12
961,all,persistence,future/3ps/motion_odd,2.1933159828186035,12
974,all,persistence,future/3ps/motion_odd,2.2574210166931152,12
975,all,persistence,future/3ps/motion_odd,0.8807395100593567,12
976,all,persistence,future/3ps/motion_odd,1.7578792572021484,12
977,all,persistence,future/3ps/motion_odd,1.9257768392562866,12
978,all,persistence,future/3ps/motion_odd,4.119327068328857,12
979,all,persistence,future/3ps/motion_odd,3.819485902786255,12
980,all,persistence,future/3ps/motion_odd,2.3821520805358887,12
981,all,persistence,future/3ps/motion_odd,2.221893548965454,12
982,all,persistence,future/3ps/motion_odd,1.3411115407943726,12
983,all,persistence,future/3ps/motion_odd,1.9607208967208862,12
984,all,persistence,future/3ps/motion_odd,2.3470520973205566,12
985,all,persistence,future/3ps/motion_odd,2.0119521617889404,12
986,all,persistence,future/3ps/motion_odd,2.794382095336914,12
987,all,persistence,future/3ps/motion_odd,2.4094245433807373,12
988,all,persistence,future/3ps/motion_odd,3.116527557373047,12
989,all,persistence,future/3ps/motion_odd,1.6939129829406738,12
990,all,persistence,future/3ps/motion_odd,3.078004837036133,12
991,all,persistence,future/3ps/motion_odd,2.723815679550171,12
1004,all,persistence,future/3ps/motion_odd,2.914494514465332,12
1005,all,persistence,future/3ps/motion_odd,1.4661083221435547,12
1006,all,persistence,future/3ps/motion_odd,1.806301236152649,12
860,all,encoder,delta/3ps/motion_odd,2.1056435108184814,12
861,all,encoder,delta/3ps/motion_odd,1.4277197122573853,12
862,all,encoder,delta/3ps/motion_odd,0.8552621006965637,12
863,all,encoder,delta/3ps/motion_odd,2.156459093093872,12
864,all,encoder,delta/3ps/motion_odd,1.8417798280715942,12
865,all,encoder,delta/3ps/motion_odd,1.0408172607421875,12
866,all,encoder,delta/3ps/motion_odd,3.376887559890747,12
867,all,encoder,delta/3ps/motion_odd,2.1681125164031982,12
868,all,encoder,delta/3ps/motion_odd,1.9687086343765259,12
869,all,encoder,delta/3ps/motion_odd,1.2239145040512085,12
870,all,encoder,delta/3ps/motion_odd,2.1739213466644287,12
871,all,encoder,delta/3ps/motion_odd,0.7517232298851013,12
872,all,encoder,delta/3ps/motion_odd,1.8570080995559692,12
873,all,encoder,delta/3ps/motion_odd,2.5239760875701904,12
874,all,encoder,delta/3ps/motion_odd,1.7407809495925903,12
884,all,encoder,delta/3ps/motion_odd,0.7019891738891602,12
885,all,encoder,delta/3ps/motion_odd,1.3279225826263428,12
886,all,encoder,delta/3ps/motion_odd,1.0732418298721313,12
887,all,encoder,delta/3ps/motion_odd,1.1097928285598755,12
888,all,encoder,delta/3ps/motion_odd,1.261561393737793,12
889,all,encoder,delta/3ps/motion_odd,1.1836506128311157,12
890,all,encoder,delta/3ps/motion_odd,0.8926013112068176,12
891,all,encoder,delta/3ps/motion_odd,1.6580497026443481,12
892,all,encoder,delta/3ps/motion_odd,1.727869987487793,12
893,all,encoder,delta/3ps/motion_odd,2.1436173915863037,12
894,all,encoder,delta/3ps/motion_odd,1.5046786069869995,12
895,all,encoder,delta/3ps/motion_odd,1.5243768692016602,12
896,all,encoder,delta/3ps/motion_odd,1.6194143295288086,12
897,all,encoder,delta/3ps/motion_odd,1.7618769407272339,12
898,all,encoder,delta/3ps/motion_odd,1.2938636541366577,12
899,all,encoder,delta/3ps/motion_odd,2.7657086849212646,12
900,all,encoder,delta/3ps/motion_odd,1.5302940607070923,12
901,all,encoder,delta/3ps/motion_odd,3.0052411556243896,12
914,all,encoder,delta/3ps/motion_odd,1.2471287250518799,12
915,all,encoder,delta/3ps/motion_odd,1.6947436332702637,12
916,all,encoder,delta/3ps/motion_odd,1.4546040296554565,12
917,all,encoder,delta/3ps/motion_odd,1.1697107553482056,12
918,all,encoder,delta/3ps/motion_odd,1.2951571941375732,12
919,all,encoder,delta/3ps/motion_odd,1.4136919975280762,12
920,all,encoder,delta/3ps/motion_odd,2.717456102371216,12
921,all,encoder,delta/3ps/motion_odd,2.427990674972534,12
922,all,encoder,delta/3ps/motion_odd,1.929777979850769,12
923,all,encoder,delta/3ps/motion_odd,2.1987483501434326,12
924,all,encoder,delta/3ps/motion_odd,1.9136815071105957,12
925,all,encoder,delta/3ps/motion_odd,1.0610086917877197,12
926,all,encoder,delta/3ps/motion_odd,1.031764268875122,12
927,all,encoder,delta/3ps/motion_odd,1.8923953771591187,12
928,all,encoder,delta/3ps/motion_odd,1.8995517492294312,12
929,all,encoder,delta/3ps/motion_odd,2.8773136138916016,12
930,all,encoder,delta/3ps/motion_odd,1.8636683225631714,12
931,all,encoder,delta/3ps/motion_odd,1.1723731756210327,12
944,all,encoder,delta/3ps/motion_odd,0.9950035214424133,12
945,all,encoder,delta/3ps/motion_odd,2.4169390201568604,12
946,all,encoder,delta/3ps/motion_odd,1.3115538358688354,12
947,all,encoder,delta/3ps/motion_odd,4.365678787231445,12
948,all,encoder,delta/3ps/motion_odd,1.6020660400390625,12
949,all,encoder,delta/3ps/motion_odd,0.6835559010505676,12
950,all,encoder,delta/3ps/motion_odd,1.9137424230575562,12
951,all,encoder,delta/3ps/motion_odd,1.8152203559875488,12
952,all,encoder,delta/3ps/motion_odd,2.136634111404419,12
953,all,encoder,delta/3ps/motion_odd,3.4911892414093018,12
954,all,encoder,delta/3ps/motion_odd,1.831701397895813,12
955,all,encoder,delta/3ps/motion_odd,2.807765007019043,12
956,all,encoder,delta/3ps/motion_odd,2.2684006690979004,12
957,all,encoder,delta/3ps/motion_odd,2.7044613361358643,12
958,all,encoder,delta/3ps/motion_odd,2.1260616779327393,12
959,all,encoder,delta/3ps/motion_odd,3.2937562465667725,12
960,all,encoder,delta/3ps/motion_odd,3.105462074279785,12
961,all,encoder,delta/3ps/motion_odd,2.1677908897399902,12
974,all,encoder,delta/3ps/motion_odd,2.249884843826294,12
975,all,encoder,delta/3ps/motion_odd,0.8752414584159851,12
976,all,encoder,delta/3ps/motion_odd,1.7494760751724243,12
977,all,encoder,delta/3ps/motion_odd,1.9037814140319824,12
978,all,encoder,delta/3ps/motion_odd,4.113047122955322,12
979,all,encoder,delta/3ps/motion_odd,3.8465535640716553,12
980,all,encoder,delta/3ps/motion_odd,2.388733148574829,12
981,all,encoder,delta/3ps/motion_odd,2.1838440895080566,12
982,all,encoder,delta/3ps/motion_odd,1.3522528409957886,12
983,all,encoder,delta/3ps/motion_odd,1.9771620035171509,12
984,all,encoder,delta/3ps/motion_odd,2.305351972579956,12
985,all,encoder,delta/3ps/motion_odd,2.0103909969329834,12
986,all,encoder,delta/3ps/motion_odd,2.790591239929199,12
987,all,encoder,delta/3ps/motion_odd,2.4301857948303223,12
988,all,encoder,delta/3ps/motion_odd,3.119563102722168,12
989,all,encoder,delta/3ps/motion_odd,1.7078849077224731,12
990,all,encoder,delta/3ps/motion_odd,3.072129964828491,12
991,all,encoder,delta/3ps/motion_odd,2.7509396076202393,12
1004,all,encoder,delta/3ps/motion_odd,2.92961049079895,12
1005,all,encoder,delta/3ps/motion_odd,1.4592223167419434,12
1006,all,encoder,delta/3ps/motion_odd,1.8011966943740845,12
860,all,encoder,future/9ps/motion_odd,1.2870503664016724,12
861,all,encoder,future/9ps/motion_odd,0.9034431576728821,12
862,all,encoder,future/9ps/motion_odd,0.9634687304496765,12
863,all,encoder,future/9ps/motion_odd,0.5997225046157837,12
864,all,encoder,future/9ps/motion_odd,2.1609034538269043,12
865,all,encoder,future/9ps/motion_odd,1.6196175813674927,12
866,all,encoder,future/9ps/motion_odd,1.2783823013305664,12
867,all,encoder,future/9ps/motion_odd,1.2833280563354492,12
868,all,encoder,future/9ps/motion_odd,1.9775147438049316,12
869,all,encoder,future/9ps/motion_odd,2.00125789642334,12
870,all,encoder,future/9ps/motion_odd,0.8621031641960144,12
871,all,encoder,future/9ps/motion_odd,1.0458801984786987,12
872,all,encoder,future/9ps/motion_odd,0.8647457957267761,12
873,all,encoder,future/9ps/motion_odd,0.6158026456832886,12
874,all,encoder,future/9ps/motion_odd,1.4846950769424438,12
884,all,encoder,future/9ps/motion_odd,1.2529507875442505,12
885,all,encoder,future/9ps/motion_odd,0.5527251958847046,12
886,all,encoder,future/9ps/motion_odd,0.5904789566993713,12
887,all,encoder,future/9ps/motion_odd,0.9657710194587708,12
888,all,encoder,future/9ps/motion_odd,0.5607785582542419,12
889,all,encoder,future/9ps/motion_odd,0.6446074843406677,12
890,all,encoder,future/9ps/motion_odd,0.7538468241691589,12
891,all,encoder,future/9ps/motion_odd,0.5124955773353577,12
892,all,encoder,future/9ps/motion_odd,1.4203201532363892,12
893,all,encoder,future/9ps/motion_odd,0.8832321763038635,12
894,all,encoder,future/9ps/motion_odd,0.633786678314209,12
895,all,encoder,future/9ps/motion_odd,0.6558437943458557,12
896,all,encoder,future/9ps/motion_odd,0.40388238430023193,12
897,all,encoder,future/9ps/motion_odd,0.687737762928009,12
898,all,encoder,future/9ps/motion_odd,0.6475802063941956,12
899,all,encoder,future/9ps/motion_odd,0.6776483058929443,12
900,all,encoder,future/9ps/motion_odd,0.7510554790496826,12
901,all,encoder,future/9ps/motion_odd,0.4900881350040436,12
914,all,encoder,future/9ps/motion_odd,1.057572841644287,12
915,all,encoder,future/9ps/motion_odd,0.8289980292320251,12
916,all,encoder,future/9ps/motion_odd,0.7188815474510193,12
917,all,encoder,future/9ps/motion_odd,2.3303964138031006,12
918,all,encoder,future/9ps/motion_odd,0.6025702357292175,12
919,all,encoder,future/9ps/motion_odd,0.8556100726127625,12
920,all,encoder,future/9ps/motion_odd,0.6646566987037659,12
921,all,encoder,future/9ps/motion_odd,0.4839955270290375,12
922,all,encoder,future/9ps/motion_odd,0.7818331718444824,12
923,all,encoder,future/9ps/motion_odd,0.4444337785243988,12
924,all,encoder,future/9ps/motion_odd,1.1380332708358765,12
925,all,encoder,future/9ps/motion_odd,0.9639607071876526,12
926,all,encoder,future/9ps/motion_odd,0.633872926235199,12
927,all,encoder,future/9ps/motion_odd,0.573320209980011,12
928,all,encoder,future/9ps/motion_odd,1.25369131565094,12
929,all,encoder,future/9ps/motion_odd,0.7980961203575134,12
930,all,encoder,future/9ps/motion_odd,1.4636367559432983,12
931,all,encoder,future/9ps/motion_odd,0.6544635891914368,12
944,all,encoder,future/9ps/motion_odd,1.1192476749420166,12
945,all,encoder,future/9ps/motion_odd,1.1641205549240112,12
946,all,encoder,future/9ps/motion_odd,1.1704645156860352,12
947,all,encoder,future/9ps/motion_odd,1.3454097509384155,12
948,all,encoder,future/9ps/motion_odd,1.0495405197143555,12
949,all,encoder,future/9ps/motion_odd,1.2739845514297485,12
950,all,encoder,future/9ps/motion_odd,1.4880911111831665,12
951,all,encoder,future/9ps/motion_odd,0.7813774943351746,12
952,all,encoder,future/9ps/motion_odd,0.9364455342292786,12
953,all,encoder,future/9ps/motion_odd,0.9465307593345642,12
954,all,encoder,future/9ps/motion_odd,1.2206661701202393,12
955,all,encoder,future/9ps/motion_odd,1.521208643913269,12
956,all,encoder,future/9ps/motion_odd,1.3760108947753906,12
957,all,encoder,future/9ps/motion_odd,1.5023318529129028,12
958,all,encoder,future/9ps/motion_odd,1.2027267217636108,12
959,all,encoder,future/9ps/motion_odd,0.7781429290771484,12
960,all,encoder,future/9ps/motion_odd,0.8690464496612549,12
961,all,encoder,future/9ps/motion_odd,0.8677710890769958,12
974,all,encoder,future/9ps/motion_odd,1.2118809223175049,12
975,all,encoder,future/9ps/motion_odd,1.116939663887024,12
976,all,encoder,future/9ps/motion_odd,1.0247303247451782,12
977,all,encoder,future/9ps/motion_odd,0.564883828163147,12
978,all,encoder,future/9ps/motion_odd,1.8701192140579224,12
979,all,encoder,future/9ps/motion_odd,1.2726309299468994,12
980,all,encoder,future/9ps/motion_odd,1.3811116218566895,12
981,all,encoder,future/9ps/motion_odd,1.3774070739746094,12
982,all,encoder,future/9ps/motion_odd,1.2653313875198364,12
983,all,encoder,future/9ps/motion_odd,1.6900858879089355,12
984,all,encoder,future/9ps/motion_odd,1.1475558280944824,12
985,all,encoder,future/9ps/motion_odd,1.6130732297897339,12
986,all,encoder,future/9ps/motion_odd,1.9252735376358032,12
987,all,encoder,future/9ps/motion_odd,0.8040370345115662,12
988,all,encoder,future/9ps/motion_odd,0.9108484387397766,12
989,all,encoder,future/9ps/motion_odd,1.0501185655593872,12
990,all,encoder,future/9ps/motion_odd,0.6429678797721863,12
991,all,encoder,future/9ps/motion_odd,1.0415199995040894,12
1004,all,encoder,future/9ps/motion_odd,0.6486533284187317,12
1005,all,encoder,future/9ps/motion_odd,1.3209604024887085,12
1006,all,encoder,future/9ps/motion_odd,1.477656364440918,12
860,all,persistence,future/9ps/motion_odd,3.2512381076812744,12
861,all,persistence,future/9ps/motion_odd,1.9733589887619019,12
862,all,persistence,future/9ps/motion_odd,1.52395761013031,12
863,all,persistence,future/9ps/motion_odd,1.6325416564941406,12
864,all,persistence,future/9ps/motion_odd,1.9976931810379028,12
865,all,persistence,future/9ps/motion_odd,2.107879877090454,12
866,all,persistence,future/9ps/motion_odd,2.32871150970459,12
867,all,persistence,future/9ps/motion_odd,2.101100206375122,12
868,all,persistence,future/9ps/motion_odd,4.956210136413574,12
869,all,persistence,future/9ps/motion_odd,2.6732327938079834,12
870,all,persistence,future/9ps/motion_odd,1.8448346853256226,12
871,all,persistence,future/9ps/motion_odd,1.741650104522705,12
872,all,persistence,future/9ps/motion_odd,2.5718939304351807,12
873,all,persistence,future/9ps/motion_odd,1.8118696212768555,12
874,all,persistence,future/9ps/motion_odd,2.1824910640716553,12
884,all,persistence,future/9ps/motion_odd,2.141939401626587,12
885,all,persistence,future/9ps/motion_odd,0.9508442878723145,12
886,all,persistence,future/9ps/motion_odd,1.102242350578308,12
887,all,persistence,future/9ps/motion_odd,1.5358843803405762,12
888,all,persistence,future/9ps/motion_odd,0.8281629085540771,12
889,all,persistence,future/9ps/motion_odd,0.6431430578231812,12
890,all,persistence,future/9ps/motion_odd,2.166302442550659,12
891,all,persistence,future/9ps/motion_odd,1.578277587890625,12
892,all,persistence,future/9ps/motion_odd,2.404677629470825,12
893,all,persistence,future/9ps/motion_odd,1.5775703191757202,12
894,all,persistence,future/9ps/motion_odd,2.052739381790161,12
895,all,persistence,future/9ps/motion_odd,1.6627229452133179,12
896,all,persistence,future/9ps/motion_odd,1.532565951347351,12
897,all,persistence,future/9ps/motion_odd,0.9152922630310059,12
898,all,persistence,future/9ps/motion_odd,1.1087803840637207,12
899,all,persistence,future/9ps/motion_odd,0.9261233806610107,12
900,all,persistence,future/9ps/motion_odd,1.8480318784713745,12
901,all,persistence,future/9ps/motion_odd,1.0652629137039185,12
914,all,persistence,future/9ps/motion_odd,1.8030248880386353,12
915,all,persistence,future/9ps/motion_odd,0.793703556060791,12
916,all,persistence,future/9ps/motion_odd,1.479722023010254,12
917,all,persistence,future/9ps/motion_odd,2.932048797607422,12
918,all,persistence,future/9ps/motion_odd,0.7928447127342224,12
919,all,persistence,future/9ps/motion_odd,3.0694005489349365,12
920,all,persistence,future/9ps/motion_odd,1.1261649131774902,12
921,all,persistence,future/9ps/motion_odd,1.0202473402023315,12
922,all,persistence,future/9ps/motion_odd,1.676230549812317,12
923,all,persistence,future/9ps/motion_odd,1.943122386932373,12
924,all,persistence,future/9ps/motion_odd,1.6982170343399048,12
925,all,persistence,future/9ps/motion_odd,2.162358045578003,12
926,all,persistence,future/9ps/motion_odd,0.852076530456543,12
927,all,persistence,future/9ps/motion_odd,2.110588312149048,12
928,all,persistence,future/9ps/motion_odd,1.9583959579467773,12
929,all,persistence,future/9ps/motion_odd,1.7406784296035767,12
930,all,persistence,future/9ps/motion_odd,1.4414414167404175,12
931,all,persistence,future/9ps/motion_odd,1.401605486869812,12
944,all,persistence,future/9ps/motion_odd,1.902194619178772,12
945,all,persistence,future/9ps/motion_odd,1.2037867307662964,12
946,all,persistence,future/9ps/motion_odd,1.7747101783752441,12
947,all,persistence,future/9ps/motion_odd,3.252826690673828,12
948,all,persistence,future/9ps/motion_odd,2.692690134048462,12
949,all,persistence,future/9ps/motion_odd,2.811880111694336,12
950,all,persistence,future/9ps/motion_odd,1.620440125465393,12
951,all,persistence,future/9ps/motion_odd,2.0093019008636475,12
952,all,persistence,future/9ps/motion_odd,3.1266958713531494,12
953,all,persistence,future/9ps/motion_odd,1.99140202999115,12
954,all,persistence,future/9ps/motion_odd,2.28235125541687,12
955,all,persistence,future/9ps/motion_odd,2.0289065837860107,12
956,all,persistence,future/9ps/motion_odd,1.3793715238571167,12
957,all,persistence,future/9ps/motion_odd,2.4195058345794678,12
958,all,persistence,future/9ps/motion_odd,3.0719165802001953,12
959,all,persistence,future/9ps/motion_odd,1.7721672058105469,12
960,all,persistence,future/9ps/motion_odd,1.3038803339004517,12
961,all,persistence,future/9ps/motion_odd,2.3956077098846436,12
974,all,persistence,future/9ps/motion_odd,1.5670362710952759,12
975,all,persistence,future/9ps/motion_odd,2.0292816162109375,12
976,all,persistence,future/9ps/motion_odd,1.9205622673034668,12
977,all,persistence,future/9ps/motion_odd,1.5711798667907715,12
978,all,persistence,future/9ps/motion_odd,3.804313898086548,12
979,all,persistence,future/9ps/motion_odd,2.6541905403137207,12
980,all,persistence,future/9ps/motion_odd,1.3165532350540161,12
981,all,persistence,future/9ps/motion_odd,2.3254597187042236,12
982,all,persistence,future/9ps/motion_odd,2.311795711517334,12
983,all,persistence,future/9ps/motion_odd,2.5681447982788086,12
984,all,persistence,future/9ps/motion_odd,1.334044098854065,12
985,all,persistence,future/9ps/motion_odd,2.847615957260132,12
986,all,persistence,future/9ps/motion_odd,2.9301812648773193,12
987,all,persistence,future/9ps/motion_odd,2.8857803344726562,12
988,all,persistence,future/9ps/motion_odd,2.370896100997925,12
989,all,persistence,future/9ps/motion_odd,1.0062862634658813,12
990,all,persistence,future/9ps/motion_odd,3.475867509841919,12
991,all,persistence,future/9ps/motion_odd,2.548112630844116,12
1004,all,persistence,future/9ps/motion_odd,2.0279314517974854,12
1005,all,persistence,future/9ps/motion_odd,2.0610756874084473,12
1006,all,persistence,future/9ps/motion_odd,2.1935465335845947,12
860,all,encoder,delta/9ps/motion_odd,3.267474889755249,12
861,all,encoder,delta/9ps/motion_odd,1.9355934858322144,12
862,all,encoder,delta/9ps/motion_odd,1.5056856870651245,12
863,all,encoder,delta/9ps/motion_odd,1.6636720895767212,12
864,all,encoder,delta/9ps/motion_odd,2.0180552005767822,12
865,all,encoder,delta/9ps/motion_odd,2.1666388511657715,12
866,all,encoder,delta/9ps/motion_odd,2.342036008834839,12
867,all,encoder,delta/9ps/motion_odd,2.0830185413360596,12
868,all,encoder,delta/9ps/motion_odd,4.939894199371338,12
869,all,encoder,delta/9ps/motion_odd,2.748366594314575,12
870,all,encoder,delta/9ps/motion_odd,1.821463704109192,12
871,all,encoder,delta/9ps/motion_odd,1.7773741483688354,12
872,all,encoder,delta/9ps/motion_odd,2.624748945236206,12
873,all,encoder,delta/9ps/motion_odd,1.7593803405761719,12
874,all,encoder,delta/9ps/motion_odd,2.2531449794769287,12
884,all,encoder,delta/9ps/motion_odd,2.1683762073516846,12
885,all,encoder,delta/9ps/motion_odd,0.9653287529945374,12
886,all,encoder,delta/9ps/motion_odd,1.146030306816101,12
887,all,encoder,delta/9ps/motion_odd,1.5249677896499634,12
888,all,encoder,delta/9ps/motion_odd,0.8758813738822937,12
889,all,encoder,delta/9ps/motion_odd,0.6446712613105774,12
890,all,encoder,delta/9ps/motion_odd,2.05180025100708,12
891,all,encoder,delta/9ps/motion_odd,1.643675684928894,12
892,all,encoder,delta/9ps/motion_odd,2.4849212169647217,12
893,all,encoder,delta/9ps/motion_odd,1.601854920387268,12
894,all,encoder,delta/9ps/motion_odd,2.0489962100982666,12
895,all,encoder,delta/9ps/motion_odd,1.6943292617797852,12
896,all,encoder,delta/9ps/motion_odd,1.545964241027832,12
897,all,encoder,delta/9ps/motion_odd,0.9798544049263,12
898,all,encoder,delta/9ps/motion_odd,1.1246751546859741,12
899,all,encoder,delta/9ps/motion_odd,0.91575026512146,12
900,all,encoder,delta/9ps/motion_odd,1.8640304803848267,12
901,all,encoder,delta/9ps/motion_odd,1.0420740842819214,12
914,all,encoder,delta/9ps/motion_odd,1.8448495864868164,12
915,all,encoder,delta/9ps/motion_odd,0.7732688784599304,12
916,all,encoder,delta/9ps/motion_odd,1.5045394897460938,12
917,all,encoder,delta/9ps/motion_odd,2.9211349487304688,12
918,all,encoder,delta/9ps/motion_odd,0.761031448841095,12
919,all,encoder,delta/9ps/motion_odd,3.075946569442749,12
920,all,encoder,delta/9ps/motion_odd,1.157355785369873,12
921,all,encoder,delta/9ps/motion_odd,1.0265315771102905,12
922,all,encoder,delta/9ps/motion_odd,1.7413721084594727,12
923,all,encoder,delta/9ps/motion_odd,1.9593505859375,12
924,all,encoder,delta/9ps/motion_odd,1.7027610540390015,12
925,all,encoder,delta/9ps/motion_odd,2.20064377784729,12
926,all,encoder,delta/9ps/motion_odd,0.8682637214660645,12
927,all,encoder,delta/9ps/motion_odd,2.071735143661499,12
928,all,encoder,delta/9ps/motion_odd,2.025346517562866,12
929,all,encoder,delta/9ps/motion_odd,1.801489233970642,12
930,all,encoder,delta/9ps/motion_odd,1.435441017150879,12
931,all,encoder,delta/9ps/motion_odd,1.4322551488876343,12
944,all,encoder,delta/9ps/motion_odd,1.856610655784607,12
945,all,encoder,delta/9ps/motion_odd,1.205263614654541,12
946,all,encoder,delta/9ps/motion_odd,1.7746719121932983,12
947,all,encoder,delta/9ps/motion_odd,3.32621693611145,12
948,all,encoder,delta/9ps/motion_odd,2.7073707580566406,12
949,all,encoder,delta/9ps/motion_odd,2.832369089126587,12
950,all,encoder,delta/9ps/motion_odd,1.629095435142517,12
951,all,encoder,delta/9ps/motion_odd,2.014754056930542,12
952,all,encoder,delta/9ps/motion_odd,3.0960276126861572,12
953,all,encoder,delta/9ps/motion_odd,1.9693185091018677,12
954,all,encoder,delta/9ps/motion_odd,2.286475658416748,12
955,all,encoder,delta/9ps/motion_odd,1.9994593858718872,12
956,all,encoder,delta/9ps/motion_odd,1.4250072240829468,12
957,all,encoder,delta/9ps/motion_odd,2.4234228134155273,12
958,all,encoder,delta/9ps/motion_odd,3.0634727478027344,12
959,all,encoder,delta/9ps/motion_odd,1.7496570348739624,12
960,all,encoder,delta/9ps/motion_odd,1.340307354927063,12
961,all,encoder,delta/9ps/motion_odd,2.291842460632324,12
974,all,encoder,delta/9ps/motion_odd,1.6183103322982788,12
975,all,encoder,delta/9ps/motion_odd,2.0410478115081787,12
976,all,encoder,delta/9ps/motion_odd,1.9197745323181152,12
977,all,encoder,delta/9ps/motion_odd,1.5930887460708618,12
978,all,encoder,delta/9ps/motion_odd,3.7624928951263428,12
979,all,encoder,delta/9ps/motion_odd,2.651207447052002,12
980,all,encoder,delta/9ps/motion_odd,1.387253761291504,12
981,all,encoder,delta/9ps/motion_odd,2.321622133255005,12
982,all,encoder,delta/9ps/motion_odd,2.253300428390503,12
983,all,encoder,delta/9ps/motion_odd,2.6019041538238525,12
984,all,encoder,delta/9ps/motion_odd,1.2862927913665771,12
985,all,encoder,delta/9ps/motion_odd,2.8971827030181885,12
986,all,encoder,delta/9ps/motion_odd,3.0105113983154297,12
987,all,encoder,delta/9ps/motion_odd,2.9416568279266357,12
988,all,encoder,delta/9ps/motion_odd,2.3299386501312256,12
989,all,encoder,delta/9ps/motion_odd,1.0077203512191772,12
990,all,encoder,delta/9ps/motion_odd,3.4374988079071045,12
991,all,encoder,delta/9ps/motion_odd,2.5718789100646973,12
1004,all,encoder,delta/9ps/motion_odd,1.9946579933166504,12
1005,all,encoder,delta/9ps/motion_odd,2.0513200759887695,12
1006,all,encoder,delta/9ps/motion_odd,2.1831212043762207,12
860,all,encoder,path/0.75ps/mean_std_qbar6,0.6028340458869934,12
861,all,encoder,path/0.75ps/mean_std_qbar6,0.6157689690589905,12
862,all,encoder,path/0.75ps/mean_std_qbar6,0.4844755232334137,12
863,all,encoder,path/0.75ps/mean_std_qbar6,0.5978130102157593,12
864,all,encoder,path/0.75ps/mean_std_qbar6,0.6786600947380066,12
865,all,encoder,path/0.75ps/mean_std_qbar6,0.6207098364830017,12
866,all,encoder,path/0.75ps/mean_std_qbar6,0.6156256198883057,12
867,all,encoder,path/0.75ps/mean_std_qbar6,0.6258946061134338,12
868,all,encoder,path/0.75ps/mean_std_qbar6,0.5798942446708679,12
869,all,encoder,path/0.75ps/mean_std_qbar6,0.5937120914459229,12
870,all,encoder,path/0.75ps/mean_std_qbar6,0.645201563835144,12
871,all,encoder,path/0.75ps/mean_std_qbar6,0.4192008078098297,12
872,all,encoder,path/0.75ps/mean_std_qbar6,0.3164921700954437,12
873,all,encoder,path/0.75ps/mean_std_qbar6,0.36615148186683655,12
874,all,encoder,path/0.75ps/mean_std_qbar6,0.6125573515892029,12
884,all,encoder,path/0.75ps/mean_std_qbar6,0.6688525080680847,12
885,all,encoder,path/0.75ps/mean_std_qbar6,0.5524985790252686,12
886,all,encoder,path/0.75ps/mean_std_qbar6,0.6133589148521423,12
887,all,encoder,path/0.75ps/mean_std_qbar6,0.5737840533256531,12
888,all,encoder,path/0.75ps/mean_std_qbar6,0.5902929902076721,12
889,all,encoder,path/0.75ps/mean_std_qbar6,0.4710618257522583,12
890,all,encoder,path/0.75ps/mean_std_qbar6,0.5382311940193176,12
891,all,encoder,path/0.75ps/mean_std_qbar6,0.670234203338623,12
892,all,encoder,path/0.75ps/mean_std_qbar6,0.5624784827232361,12
893,all,encoder,path/0.75ps/mean_std_qbar6,0.611696183681488,12
894,all,encoder,path/0.75ps/mean_std_qbar6,0.5927632451057434,12
895,all,encoder,path/0.75ps/mean_std_qbar6,0.6294466853141785,12
896,all,encoder,path/0.75ps/mean_std_qbar6,0.6250199675559998,12
897,all,encoder,path/0.75ps/mean_std_qbar6,0.5850321650505066,12
898,all,encoder,path/0.75ps/mean_std_qbar6,0.6241250038146973,12
899,all,encoder,path/0.75ps/mean_std_qbar6,0.4079683721065521,12
900,all,encoder,path/0.75ps/mean_std_qbar6,0.6104692816734314,12
901,all,encoder,path/0.75ps/mean_std_qbar6,0.5425490140914917,12
914,all,encoder,path/0.75ps/mean_std_qbar6,0.2187177985906601,12
915,all,encoder,path/0.75ps/mean_std_qbar6,0.3172852098941803,12
916,all,encoder,path/0.75ps/mean_std_qbar6,0.5486745834350586,12
917,all,encoder,path/0.75ps/mean_std_qbar6,0.7211280465126038,12
918,all,encoder,path/0.75ps/mean_std_qbar6,0.3495873510837555,12
919,all,encoder,path/0.75ps/mean_std_qbar6,0.5289101004600525,12
920,all,encoder,path/0.75ps/mean_std_qbar6,0.5669688582420349,12
921,all,encoder,path/0.75ps/mean_std_qbar6,0.6623253226280212,12
922,all,encoder,path/0.75ps/mean_std_qbar6,0.5531874299049377,12
923,all,encoder,path/0.75ps/mean_std_qbar6,0.5991894602775574,12
924,all,encoder,path/0.75ps/mean_std_qbar6,0.4679608643054962,12
925,all,encoder,path/0.75ps/mean_std_qbar6,0.5664134621620178,12
926,all,encoder,path/0.75ps/mean_std_qbar6,0.6560273766517639,12
927,all,encoder,path/0.75ps/mean_std_qbar6,0.613621175289154,12
928,all,encoder,path/0.75ps/mean_std_qbar6,0.39778462052345276,12
929,all,encoder,path/0.75ps/mean_std_qbar6,0.6595553159713745,12
930,all,encoder,path/0.75ps/mean_std_qbar6,0.7107256054878235,12
931,all,encoder,path/0.75ps/mean_std_qbar6,0.2092348337173462,12
944,all,encoder,path/0.75ps/mean_std_qbar6,0.5248485207557678,12
945,all,encoder,path/0.75ps/mean_std_qbar6,0.5438936352729797,12
946,all,encoder,path/0.75ps/mean_std_qbar6,0.6357088685035706,12
947,all,encoder,path/0.75ps/mean_std_qbar6,0.7195724844932556,12
948,all,encoder,path/0.75ps/mean_std_qbar6,0.7365961074829102,12
949,all,encoder,path/0.75ps/mean_std_qbar6,0.6498844027519226,12
950,all,encoder,path/0.75ps/mean_std_qbar6,0.41523051261901855,12
951,all,encoder,path/0.75ps/mean_std_qbar6,0.5813844203948975,12
952,all,encoder,path/0.75ps/mean_std_qbar6,0.46508607268333435,12
953,all,encoder,path/0.75ps/mean_std_qbar6,0.604282557964325,12
954,all,encoder,path/0.75ps/mean_std_qbar6,0.6116251945495605,12
955,all,encoder,path/0.75ps/mean_std_qbar6,0.6314243674278259,12
956,all,encoder,path/0.75ps/mean_std_qbar6,0.6396836638450623,12
957,all,encoder,path/0.75ps/mean_std_qbar6,0.5615996718406677,12
958,all,encoder,path/0.75ps/mean_std_qbar6,0.545347273349762,12
959,all,encoder,path/0.75ps/mean_std_qbar6,0.44263920187950134,12
960,all,encoder,path/0.75ps/mean_std_qbar6,0.659528374671936,12
961,all,encoder,path/0.75ps/mean_std_qbar6,0.5752906203269958,12
974,all,encoder,path/0.75ps/mean_std_qbar6,0.44594916701316833,12
975,all,encoder,path/0.75ps/mean_std_qbar6,0.5596489906311035,12
976,all,encoder,path/0.75ps/mean_std_qbar6,0.45321452617645264,12
977,all,encoder,path/0.75ps/mean_std_qbar6,0.4469378888607025,12
978,all,encoder,path/0.75ps/mean_std_qbar6,0.6593952178955078,12
979,all,encoder,path/0.75ps/mean_std_qbar6,0.5707428455352783,12
980,all,encoder,path/0.75ps/mean_std_qbar6,0.5076063871383667,12
981,all,encoder,path/0.75ps/mean_std_qbar6,0.33979976177215576,12
982,all,encoder,path/0.75ps/mean_std_qbar6,0.5068184733390808,12
983,all,encoder,path/0.75ps/mean_std_qbar6,0.30919909477233887,12
984,all,encoder,path/0.75ps/mean_std_qbar6,0.13700519502162933,12
985,all,encoder,path/0.75ps/mean_std_qbar6,0.46703484654426575,12
986,all,encoder,path/0.75ps/mean_std_qbar6,0.36923274397850037,12
987,all,encoder,path/0.75ps/mean_std_qbar6,0.41625097393989563,12
988,all,encoder,path/0.75ps/mean_std_qbar6,0.4188672602176666,12
989,all,encoder,path/0.75ps/mean_std_qbar6,0.4495244324207306,12
990,all,encoder,path/0.75ps/mean_std_qbar6,0.5084952712059021,12
991,all,encoder,path/0.75ps/mean_std_qbar6,0.5747724175453186,12
1004,all,encoder,path/0.75ps/mean_std_qbar6,0.6612046957015991,12
1005,all,encoder,path/0.75ps/mean_std_qbar6,0.6818511486053467,12
1006,all,encoder,path/0.75ps/mean_std_qbar6,0.5149110555648804,12
860,all,encoder,path/3ps/mean_std_qbar6,0.5933510065078735,12
861,all,encoder,path/3ps/mean_std_qbar6,0.643733561038971,12
862,all,encoder,path/3ps/mean_std_qbar6,0.4638700783252716,12
863,all,encoder,path/3ps/mean_std_qbar6,0.5813543200492859,12
864,all,encoder,path/3ps/mean_std_qbar6,0.7029688954353333,12
865,all,encoder,path/3ps/mean_std_qbar6,0.6086046099662781,12
866,all,encoder,path/3ps/mean_std_qbar6,0.6382831931114197,12
867,all,encoder,path/3ps/mean_std_qbar6,0.6851129531860352,12
868,all,encoder,path/3ps/mean_std_qbar6,0.5639908313751221,12
869,all,encoder,path/3ps/mean_std_qbar6,0.5931314826011658,12
870,all,encoder,path/3ps/mean_std_qbar6,0.6573120951652527,12
871,all,encoder,path/3ps/mean_std_qbar6,0.4823051989078522,12
872,all,encoder,path/3ps/mean_std_qbar6,0.33088693022727966,12
873,all,encoder,path/3ps/mean_std_qbar6,0.3556029796600342,12
874,all,encoder,path/3ps/mean_std_qbar6,0.5849071741104126,12
884,all,encoder,path/3ps/mean_std_qbar6,0.6754517555236816,12
885,all,encoder,path/3ps/mean_std_qbar6,0.5612141489982605,12
886,all,encoder,path/3ps/mean_std_qbar6,0.5927899479866028,12
887,all,encoder,path/3ps/mean_std_qbar6,0.597087562084198,12
888,all,encoder,path/3ps/mean_std_qbar6,0.5807924866676331,12
889,all,encoder,path/3ps/mean_std_qbar6,0.4543861448764801,12
890,all,encoder,path/3ps/mean_std_qbar6,0.5560223460197449,12
891,all,encoder,path/3ps/mean_std_qbar6,0.687330961227417,12
892,all,encoder,path/3ps/mean_std_qbar6,0.5574756264686584,12
893,all,encoder,path/3ps/mean_std_qbar6,0.6238806247711182,12
894,all,encoder,path/3ps/mean_std_qbar6,0.5849611163139343,12
895,all,encoder,path/3ps/mean_std_qbar6,0.6374718546867371,12
896,all,encoder,path/3ps/mean_std_qbar6,0.6430131793022156,12
897,all,encoder,path/3ps/mean_std_qbar6,0.6252672076225281,12
898,all,encoder,path/3ps/mean_std_qbar6,0.6430208086967468,12
899,all,encoder,path/3ps/mean_std_qbar6,0.40434542298316956,12
900,all,encoder,path/3ps/mean_std_qbar6,0.606453001499176,12
901,all,encoder,path/3ps/mean_std_qbar6,0.506500244140625,12
914,all,encoder,path/3ps/mean_std_qbar6,0.2077455073595047,12
915,all,encoder,path/3ps/mean_std_qbar6,0.306558758020401,12
916,all,encoder,path/3ps/mean_std_qbar6,0.539018988609314,12
917,all,encoder,path/3ps/mean_std_qbar6,0.7131223082542419,12
918,all,encoder,path/3ps/mean_std_qbar6,0.34484395384788513,12
919,all,encoder,path/3ps/mean_std_qbar6,0.5191946625709534,12
920,all,encoder,path/3ps/mean_std_qbar6,0.5674270987510681,12
921,all,encoder,path/3ps/mean_std_qbar6,0.6449680924415588,12
922,all,encoder,path/3ps/mean_std_qbar6,0.5429957509040833,12
923,all,encoder,path/3ps/mean_std_qbar6,0.580295741558075,12
924,all,encoder,path/3ps/mean_std_qbar6,0.47847580909729004,12
925,all,encoder,path/3ps/mean_std_qbar6,0.5540619492530823,12
926,all,encoder,path/3ps/mean_std_qbar6,0.6395969390869141,12
927,all,encoder,path/3ps/mean_std_qbar6,0.60078364610672,12
928,all,encoder,path/3ps/mean_std_qbar6,0.37889766693115234,12
929,all,encoder,path/3ps/mean_std_qbar6,0.6364869475364685,12
930,all,encoder,path/3ps/mean_std_qbar6,0.7060713768005371,12
931,all,encoder,path/3ps/mean_std_qbar6,0.19327585399150848,12
944,all,encoder,path/3ps/mean_std_qbar6,0.5090370774269104,12
945,all,encoder,path/3ps/mean_std_qbar6,0.5283817648887634,12
946,all,encoder,path/3ps/mean_std_qbar6,0.6239751577377319,12
947,all,encoder,path/3ps/mean_std_qbar6,0.6933678984642029,12
948,all,encoder,path/3ps/mean_std_qbar6,0.7145428657531738,12
949,all,encoder,path/3ps/mean_std_qbar6,0.6426517367362976,12
950,all,encoder,path/3ps/mean_std_qbar6,0.3853534460067749,12
951,all,encoder,path/3ps/mean_std_qbar6,0.5644870400428772,12
952,all,encoder,path/3ps/mean_std_qbar6,0.44476810097694397,12
953,all,encoder,path/3ps/mean_std_qbar6,0.613284170627594,12
954,all,encoder,path/3ps/mean_std_qbar6,0.6387707591056824,12
955,all,encoder,path/3ps/mean_std_qbar6,0.6237223744392395,12
956,all,encoder,path/3ps/mean_std_qbar6,0.6299996376037598,12
957,all,encoder,path/3ps/mean_std_qbar6,0.5454156398773193,12
958,all,encoder,path/3ps/mean_std_qbar6,0.5301474928855896,12
959,all,encoder,path/3ps/mean_std_qbar6,0.4329741895198822,12
960,all,encoder,path/3ps/mean_std_qbar6,0.6337417960166931,12
961,all,encoder,path/3ps/mean_std_qbar6,0.5694115161895752,12
974,all,encoder,path/3ps/mean_std_qbar6,0.4291395843029022,12
975,all,encoder,path/3ps/mean_std_qbar6,0.5299022793769836,12
976,all,encoder,path/3ps/mean_std_qbar6,0.4401874244213104,12
977,all,encoder,path/3ps/mean_std_qbar6,0.4255411922931671,12
978,all,encoder,path/3ps/mean_std_qbar6,0.6449986100196838,12
979,all,encoder,path/3ps/mean_std_qbar6,0.5845651030540466,12
980,all,encoder,path/3ps/mean_std_qbar6,0.4888545572757721,12
981,all,encoder,path/3ps/mean_std_qbar6,0.3350430428981781,12
982,all,encoder,path/3ps/mean_std_qbar6,0.49422314763069153,12
983,all,encoder,path/3ps/mean_std_qbar6,0.30229225754737854,12
984,all,encoder,path/3ps/mean_std_qbar6,0.13236144185066223,12
985,all,encoder,path/3ps/mean_std_qbar6,0.43728113174438477,12
986,all,encoder,path/3ps/mean_std_qbar6,0.36433836817741394,12
987,all,encoder,path/3ps/mean_std_qbar6,0.4038165807723999,12
988,all,encoder,path/3ps/mean_std_qbar6,0.4235035181045532,12
989,all,encoder,path/3ps/mean_std_qbar6,0.43968644738197327,12
990,all,encoder,path/3ps/mean_std_qbar6,0.4972926080226898,12
991,all,encoder,path/3ps/mean_std_qbar6,0.5585482716560364,12
1004,all,encoder,path/3ps/mean_std_qbar6,0.6470305919647217,12
1005,all,encoder,path/3ps/mean_std_qbar6,0.6632408499717712,12
1006,all,encoder,path/3ps/mean_std_qbar6,0.5069946646690369,12
860,all,encoder,path/9ps/mean_std_qbar6,0.5440497994422913,12
861,all,encoder,path/9ps/mean_std_qbar6,0.6924643516540527,12
862,all,encoder,path/9ps/mean_std_qbar6,0.4234791696071625,12
863,all,encoder,path/9ps/mean_std_qbar6,0.5447134375572205,12
864,all,encoder,path/9ps/mean_std_qbar6,0.7138542532920837,12
865,all,encoder,path/9ps/mean_std_qbar6,0.6701285243034363,12
866,all,encoder,path/9ps/mean_std_qbar6,0.6903532147407532,12
867,all,encoder,path/9ps/mean_std_qbar6,0.7289941906929016,12
868,all,encoder,path/9ps/mean_std_qbar6,0.48933878540992737,12
869,all,encoder,path/9ps/mean_std_qbar6,0.6457359194755554,12
870,all,encoder,path/9ps/mean_std_qbar6,0.6145761013031006,12
871,all,encoder,path/9ps/mean_std_qbar6,0.5386260151863098,12
872,all,encoder,path/9ps/mean_std_qbar6,0.2945334017276764,12
873,all,encoder,path/9ps/mean_std_qbar6,0.32409384846687317,12
874,all,encoder,path/9ps/mean_std_qbar6,0.6330322027206421,12
884,all,encoder,path/9ps/mean_std_qbar6,0.7131168842315674,12
885,all,encoder,path/9ps/mean_std_qbar6,0.5862337946891785,12
886,all,encoder,path/9ps/mean_std_qbar6,0.5397744178771973,12
887,all,encoder,path/9ps/mean_std_qbar6,0.6496821045875549,12
888,all,encoder,path/9ps/mean_std_qbar6,0.6226736903190613,12
889,all,encoder,path/9ps/mean_std_qbar6,0.3971216380596161,12
890,all,encoder,path/9ps/mean_std_qbar6,0.5640636086463928,12
891,all,encoder,path/9ps/mean_std_qbar6,0.7179574966430664,12
892,all,encoder,path/9ps/mean_std_qbar6,0.6183128952980042,12
893,all,encoder,path/9ps/mean_std_qbar6,0.6697222590446472,12
894,all,encoder,path/9ps/mean_std_qbar6,0.5440521836280823,12
895,all,encoder,path/9ps/mean_std_qbar6,0.6899382472038269,12
896,all,encoder,path/9ps/mean_std_qbar6,0.6864145398139954,12
897,all,encoder,path/9ps/mean_std_qbar6,0.6386820673942566,12
898,all,encoder,path/9ps/mean_std_qbar6,0.6914250254631042,12
899,all,encoder,path/9ps/mean_std_qbar6,0.42665156722068787,12
900,all,encoder,path/9ps/mean_std_qbar6,0.6525320410728455,12
901,all,encoder,path/9ps/mean_std_qbar6,0.5026746392250061,12
914,all,encoder,path/9ps/mean_std_qbar6,0.18680386245250702,12
915,all,encoder,path/9ps/mean_std_qbar6,0.28166109323501587,12
916,all,encoder,path/9ps/mean_std_qbar6,0.5020769238471985,12
917,all,encoder,path/9ps/mean_std_qbar6,0.6775414347648621,12
918,all,encoder,path/9ps/mean_std_qbar6,0.3247643709182739,12
919,all,encoder,path/9ps/mean_std_qbar6,0.48695993423461914,12
920,all,encoder,path/9ps/mean_std_qbar6,0.5262209177017212,12
921,all,encoder,path/9ps/mean_std_qbar6,0.6021639108657837,12
922,all,encoder,path/9ps/mean_std_qbar6,0.5094097256660461,12
923,all,encoder,path/9ps/mean_std_qbar6,0.54757159948349,12
924,all,encoder,path/9ps/mean_std_qbar6,0.4710080325603485,12
925,all,encoder,path/9ps/mean_std_qbar6,0.5013571381568909,12
926,all,encoder,path/9ps/mean_std_qbar6,0.597210168838501,12
927,all,encoder,path/9ps/mean_std_qbar6,0.5576503872871399,12
928,all,encoder,path/9ps/mean_std_qbar6,0.34969237446784973,12
929,all,encoder,path/9ps/mean_std_qbar6,0.5868533253669739,12
930,all,encoder,path/9ps/mean_std_qbar6,0.6628074049949646,12
931,all,encoder,path/9ps/mean_std_qbar6,0.17672216892242432,12
944,all,encoder,path/9ps/mean_std_qbar6,0.39982208609580994,12
945,all,encoder,path/9ps/mean_std_qbar6,0.48539867997169495,12
946,all,encoder,path/9ps/mean_std_qbar6,0.5814790725708008,12
947,all,encoder,path/9ps/mean_std_qbar6,0.6524838805198669,12
948,all,encoder,path/9ps/mean_std_qbar6,0.6657081842422485,12
949,all,encoder,path/9ps/mean_std_qbar6,0.5901062488555908,12
950,all,encoder,path/9ps/mean_std_qbar6,0.3886949121952057,12
951,all,encoder,path/9ps/mean_std_qbar6,0.5264632701873779,12
952,all,encoder,path/9ps/mean_std_qbar6,0.410054087638855,12
953,all,encoder,path/9ps/mean_std_qbar6,0.5970430970191956,12
954,all,encoder,path/9ps/mean_std_qbar6,0.6491038203239441,12
955,all,encoder,path/9ps/mean_std_qbar6,0.6168341636657715,12
956,all,encoder,path/9ps/mean_std_qbar6,0.6065046787261963,12
957,all,encoder,path/9ps/mean_std_qbar6,0.5174967050552368,12
958,all,encoder,path/9ps/mean_std_qbar6,0.4874632656574249,12
959,all,encoder,path/9ps/mean_std_qbar6,0.39869174361228943,12
960,all,encoder,path/9ps/mean_std_qbar6,0.5945480465888977,12
961,all,encoder,path/9ps/mean_std_qbar6,0.5340050458908081,12
974,all,encoder,path/9ps/mean_std_qbar6,0.38319131731987,12
975,all,encoder,path/9ps/mean_std_qbar6,0.46453121304512024,12
976,all,encoder,path/9ps/mean_std_qbar6,0.41156721115112305,12
977,all,encoder,path/9ps/mean_std_qbar6,0.406200647354126,12
978,all,encoder,path/9ps/mean_std_qbar6,0.6065574288368225,12
979,all,encoder,path/9ps/mean_std_qbar6,0.6449758410453796,12
980,all,encoder,path/9ps/mean_std_qbar6,0.4621420204639435,12
981,all,encoder,path/9ps/mean_std_qbar6,0.30662140250205994,12
982,all,encoder,path/9ps/mean_std_qbar6,0.45974087715148926,12
983,all,encoder,path/9ps/mean_std_qbar6,0.2775411903858185,12
984,all,encoder,path/9ps/mean_std_qbar6,0.12445452809333801,12
985,all,encoder,path/9ps/mean_std_qbar6,0.4246647357940674,12
986,all,encoder,path/9ps/mean_std_qbar6,0.34061479568481445,12
987,all,encoder,path/9ps/mean_std_qbar6,0.400164395570755,12
988,all,encoder,path/9ps/mean_std_qbar6,0.4768563508987427,12
989,all,encoder,path/9ps/mean_std_qbar6,0.4004967212677002,12
990,all,encoder,path/9ps/mean_std_qbar6,0.4749183654785156,12
991,all,encoder,path/9ps/mean_std_qbar6,0.5233238339424133,12
1004,all,encoder,path/9ps/mean_std_qbar6,0.6135175228118896,12
1005,all,encoder,path/9ps/mean_std_qbar6,0.6181800365447998,12
1006,all,encoder,path/9ps/mean_std_qbar6,0.46295738220214844,12
861,low_order,encoder,present/bond_order,1.1566885709762573,12
864,low_order,encoder,present/bond_order,1.125510811805725,12
865,low_order,encoder,present/bond_order,1.2593297958374023,12
866,low_order,encoder,present/bond_order,1.2285661697387695,12
867,low_order,encoder,present/bond_order,1.1186537742614746,12
868,low_order,encoder,present/bond_order,1.3119488954544067,6
869,low_order,encoder,present/bond_order,1.0446393489837646,12
870,low_order,encoder,present/bond_order,1.1635503768920898,12
871,low_order,encoder,present/bond_order,1.131536841392517,9
874,low_order,encoder,present/bond_order,1.1673697233200073,12
884,low_order,encoder,present/bond_order,1.0667012929916382,12
885,low_order,encoder,present/bond_order,0.8437780737876892,12
887,low_order,encoder,present/bond_order,1.0001407861709595,12
888,low_order,encoder,present/bond_order,1.0182361602783203,12
889,low_order,encoder,present/bond_order,1.1590083837509155,12
890,low_order,encoder,present/bond_order,0.9301501512527466,9
891,low_order,encoder,present/bond_order,0.942068338394165,12
892,low_order,encoder,present/bond_order,0.8872388005256653,12
893,low_order,encoder,present/bond_order,0.8582891821861267,12
894,low_order,encoder,present/bond_order,1.32170569896698,6
895,low_order,encoder,present/bond_order,0.9690699577331543,12
896,low_order,encoder,present/bond_order,0.9083971381187439,12
897,low_order,encoder,present/bond_order,1.0129152536392212,12
898,low_order,encoder,present/bond_order,0.9205344319343567,12
899,low_order,encoder,present/bond_order,0.8456495404243469,9
900,low_order,encoder,present/bond_order,1.0261427164077759,12
901,low_order,encoder,present/bond_order,1.144893765449524,9
918,low_order,encoder,present/bond_order,1.2474204301834106,1
944,low_order,encoder,present/bond_order,1.2898825407028198,3
950,low_order,encoder,present/bond_order,1.153354525566101,9
954,low_order,encoder,present/bond_order,1.0601590871810913,12
956,low_order,encoder,present/bond_order,1.1427515745162964,12
978,low_order,encoder,present/bond_order,1.1261299848556519,12
979,low_order,encoder,present/bond_order,1.204666256904602,12
988,low_order,encoder,present/bond_order,1.0409212112426758,12
861,low_order,encoder,future/0.75ps/bond_order,0.8003430366516113,12
864,low_order,encoder,future/0.75ps/bond_order,0.7999293208122253,12
865,low_order,encoder,future/0.75ps/bond_order,0.885460376739502,12
866,low_order,encoder,future/0.75ps/bond_order,0.8223259449005127,12
867,low_order,encoder,future/0.75ps/bond_order,0.80898118019104,12
868,low_order,encoder,future/0.75ps/bond_order,0.9185619950294495,6
869,low_order,encoder,future/0.75ps/bond_order,0.7443650364875793,12
870,low_order,encoder,future/0.75ps/bond_order,0.8956415057182312,12
871,low_order,encoder,future/0.75ps/bond_order,0.8242422938346863,9
874,low_order,encoder,future/0.75ps/bond_order,0.9306399822235107,12
884,low_order,encoder,future/0.75ps/bond_order,0.7829254269599915,12
885,low_order,encoder,future/0.75ps/bond_order,0.5909283757209778,12
887,low_order,encoder,future/0.75ps/bond_order,0.7518032193183899,12
888,low_order,encoder,future/0.75ps/bond_order,0.7036941051483154,12
889,low_order,encoder,future/0.75ps/bond_order,0.8653391003608704,12
890,low_order,encoder,future/0.75ps/bond_order,0.6833447217941284,9
891,low_order,encoder,future/0.75ps/bond_order,0.6710259914398193,12
892,low_order,encoder,future/0.75ps/bond_order,0.5966284871101379,12
893,low_order,encoder,future/0.75ps/bond_order,0.6058964729309082,12
894,low_order,encoder,future/0.75ps/bond_order,0.9612991213798523,6
895,low_order,encoder,future/0.75ps/bond_order,0.6577557921409607,12
896,low_order,encoder,future/0.75ps/bond_order,0.6745986938476562,12
897,low_order,encoder,future/0.75ps/bond_order,0.7457201480865479,12
898,low_order,encoder,future/0.75ps/bond_order,0.6815385818481445,12
899,low_order,encoder,future/0.75ps/bond_order,0.5315412878990173,9
900,low_order,encoder,future/0.75ps/bond_order,0.7311531901359558,12
901,low_order,encoder,future/0.75ps/bond_order,0.8278992176055908,9
918,low_order,encoder,future/0.75ps/bond_order,0.8609254956245422,1
944,low_order,encoder,future/0.75ps/bond_order,0.8173177242279053,3
950,low_order,encoder,future/0.75ps/bond_order,0.7460456490516663,9
954,low_order,encoder,future/0.75ps/bond_order,0.7837178111076355,12
956,low_order,encoder,future/0.75ps/bond_order,0.8807549476623535,12
978,low_order,encoder,future/0.75ps/bond_order,0.8666918873786926,12
979,low_order,encoder,future/0.75ps/bond_order,0.8357351422309875,12
988,low_order,encoder,future/0.75ps/bond_order,0.7457515597343445,12
861,low_order,persistence,future/0.75ps/bond_order,0.15103933215141296,12
864,low_order,persistence,future/0.75ps/bond_order,0.14384593069553375,12
865,low_order,persistence,future/0.75ps/bond_order,0.19934184849262238,12
866,low_order,persistence,future/0.75ps/bond_order,0.16622596979141235,12
867,low_order,persistence,future/0.75ps/bond_order,0.15567557513713837,12
868,low_order,persistence,future/0.75ps/bond_order,0.14906351268291473,6
869,low_order,persistence,future/0.75ps/bond_order,0.17642956972122192,12
870,low_order,persistence,future/0.75ps/bond_order,0.15410707890987396,12
871,low_order,persistence,future/0.75ps/bond_order,0.15335243940353394,9
874,low_order,persistence,future/0.75ps/bond_order,0.22931313514709473,12
884,low_order,persistence,future/0.75ps/bond_order,0.08589693903923035,12
885,low_order,persistence,future/0.75ps/bond_order,0.08372422307729721,12
887,low_order,persistence,future/0.75ps/bond_order,0.11733917146921158,12
888,low_order,persistence,future/0.75ps/bond_order,0.12088937312364578,12
889,low_order,persistence,future/0.75ps/bond_order,0.13287362456321716,12
890,low_order,persistence,future/0.75ps/bond_order,0.11041191220283508,9
891,low_order,persistence,future/0.75ps/bond_order,0.11459650844335556,12
892,low_order,persistence,future/0.75ps/bond_order,0.10749444365501404,12
893,low_order,persistence,future/0.75ps/bond_order,0.0887831375002861,12
894,low_order,persistence,future/0.75ps/bond_order,0.15047694742679596,6
895,low_order,persistence,future/0.75ps/bond_order,0.09080369025468826,12
896,low_order,persistence,future/0.75ps/bond_order,0.11136186867952347,12
897,low_order,persistence,future/0.75ps/bond_order,0.11265650391578674,12
898,low_order,persistence,future/0.75ps/bond_order,0.17304760217666626,12
899,low_order,persistence,future/0.75ps/bond_order,0.1145082339644432,9
900,low_order,persistence,future/0.75ps/bond_order,0.1975754350423813,12
901,low_order,persistence,future/0.75ps/bond_order,0.1810682713985443,9
918,low_order,persistence,future/0.75ps/bond_order,0.046430181711912155,1
944,low_order,persistence,future/0.75ps/bond_order,0.11110558360815048,3
950,low_order,persistence,future/0.75ps/bond_order,0.2112010419368744,9
954,low_order,persistence,future/0.75ps/bond_order,0.1821744590997696,12
956,low_order,persistence,future/0.75ps/bond_order,0.16931356489658356,12
978,low_order,persistence,future/0.75ps/bond_order,0.12176317721605301,12
979,low_order,persistence,future/0.75ps/bond_order,0.19464249908924103,12
988,low_order,persistence,future/0.75ps/bond_order,0.16765481233596802,12
861,low_order,encoder,delta/0.75ps/bond_order,0.15026094019412994,12
864,low_order,encoder,delta/0.75ps/bond_order,0.14107657968997955,12
865,low_order,encoder,delta/0.75ps/bond_order,0.1972677856683731,12
866,low_order,encoder,delta/0.75ps/bond_order,0.16948921978473663,12
867,low_order,encoder,delta/0.75ps/bond_order,0.15872745215892792,12
868,low_order,encoder,delta/0.75ps/bond_order,0.15007764101028442,6
869,low_order,encoder,delta/0.75ps/bond_order,0.18063628673553467,12
870,low_order,encoder,delta/0.75ps/bond_order,0.1563403606414795,12
871,low_order,encoder,delta/0.75ps/bond_order,0.1526757925748825,9
874,low_order,encoder,delta/0.75ps/bond_order,0.2325582355260849,12
884,low_order,encoder,delta/0.75ps/bond_order,0.09166267514228821,12
885,low_order,encoder,delta/0.75ps/bond_order,0.08727759122848511,12
887,low_order,encoder,delta/0.75ps/bond_order,0.12582607567310333,12
888,low_order,encoder,delta/0.75ps/bond_order,0.12338823080062866,12
889,low_order,encoder,delta/0.75ps/bond_order,0.13840453326702118,12
890,low_order,encoder,delta/0.75ps/bond_order,0.11309321969747543,9
891,low_order,encoder,delta/0.75ps/bond_order,0.11713942885398865,12
892,low_order,encoder,delta/0.75ps/bond_order,0.10861167311668396,12
893,low_order,encoder,delta/0.75ps/bond_order,0.09267204254865646,12
894,low_order,encoder,delta/0.75ps/bond_order,0.15611429512500763,6
895,low_order,encoder,delta/0.75ps/bond_order,0.10035232454538345,12
896,low_order,encoder,delta/0.75ps/bond_order,0.11786357313394547,12
897,low_order,encoder,delta/0.75ps/bond_order,0.11711087822914124,12
898,low_order,encoder,delta/0.75ps/bond_order,0.1785581260919571,12
899,low_order,encoder,delta/0.75ps/bond_order,0.11676735430955887,9
900,low_order,encoder,delta/0.75ps/bond_order,0.20407293736934662,12
901,low_order,encoder,delta/0.75ps/bond_order,0.18488457798957825,9
918,low_order,encoder,delta/0.75ps/bond_order,0.05929978936910629,1
944,low_order,encoder,delta/0.75ps/bond_order,0.10840585082769394,3
950,low_order,encoder,delta/0.75ps/bond_order,0.2203875631093979,9
954,low_order,encoder,delta/0.75ps/bond_order,0.18811029195785522,12
956,low_order,encoder,delta/0.75ps/bond_order,0.17383618652820587,12
978,low_order,encoder,delta/0.75ps/bond_order,0.12901252508163452,12
979,low_order,encoder,delta/0.75ps/bond_order,0.20044337213039398,12
988,low_order,encoder,delta/0.75ps/bond_order,0.1680459976196289,12
861,low_order,encoder,future/3ps/bond_order,0.9114355444908142,12
864,low_order,encoder,future/3ps/bond_order,0.8671491742134094,12
865,low_order,encoder,future/3ps/bond_order,0.808147668838501,12
866,low_order,encoder,future/3ps/bond_order,0.8704097867012024,12
867,low_order,encoder,future/3ps/bond_order,0.8670403361320496,12
868,low_order,encoder,future/3ps/bond_order,0.7970950603485107,6
869,low_order,encoder,future/3ps/bond_order,0.6989848613739014,12
870,low_order,encoder,future/3ps/bond_order,0.9114599227905273,12
871,low_order,encoder,future/3ps/bond_order,0.8611514568328857,9
874,low_order,encoder,future/3ps/bond_order,0.7506804466247559,12
884,low_order,encoder,future/3ps/bond_order,0.7115047574043274,12
885,low_order,encoder,future/3ps/bond_order,0.6355757117271423,12
887,low_order,encoder,future/3ps/bond_order,0.7253016829490662,12
888,low_order,encoder,future/3ps/bond_order,0.670134961605072,12
889,low_order,encoder,future/3ps/bond_order,1.1066690683364868,12
890,low_order,encoder,future/3ps/bond_order,0.6849615573883057,9
891,low_order,encoder,future/3ps/bond_order,0.6798298954963684,12
892,low_order,encoder,future/3ps/bond_order,0.5957351326942444,12
893,low_order,encoder,future/3ps/bond_order,0.6187518239021301,12
894,low_order,encoder,future/3ps/bond_order,0.9157511591911316,6
895,low_order,encoder,future/3ps/bond_order,0.6854153275489807,12
896,low_order,encoder,future/3ps/bond_order,0.6577805876731873,12
897,low_order,encoder,future/3ps/bond_order,0.8286215662956238,12
898,low_order,encoder,future/3ps/bond_order,0.6653536558151245,12
899,low_order,encoder,future/3ps/bond_order,0.524004340171814,9
900,low_order,encoder,future/3ps/bond_order,0.7089007496833801,12
901,low_order,encoder,future/3ps/bond_order,0.8970954418182373,9
918,low_order,encoder,future/3ps/bond_order,0.7937099933624268,1
944,low_order,encoder,future/3ps/bond_order,1.1561444997787476,3
950,low_order,encoder,future/3ps/bond_order,0.8451120257377625,9
954,low_order,encoder,future/3ps/bond_order,0.8968377709388733,12
956,low_order,encoder,future/3ps/bond_order,0.9492210745811462,12
978,low_order,encoder,future/3ps/bond_order,0.7192354202270508,12
979,low_order,encoder,future/3ps/bond_order,0.859281063079834,12
988,low_order,encoder,future/3ps/bond_order,0.6919159293174744,12
861,low_order,persistence,future/3ps/bond_order,0.18976157903671265,12
864,low_order,persistence,future/3ps/bond_order,0.19634783267974854,12
865,low_order,persistence,future/3ps/bond_order,0.1691674143075943,12
866,low_order,persistence,future/3ps/bond_order,0.22337500751018524,12
867,low_order,persistence,future/3ps/bond_order,0.2411113977432251,12
868,low_order,persistence,future/3ps/bond_order,0.22374378144741058,6
869,low_order,persistence,future/3ps/bond_order,0.1497506946325302,12
870,low_order,persistence,future/3ps/bond_order,0.18868346512317657,12
871,low_order,persistence,future/3ps/bond_order,0.23699235916137695,9
874,low_order,persistence,future/3ps/bond_order,0.2362634688615799,12
884,low_order,persistence,future/3ps/bond_order,0.12570194900035858,12
885,low_order,persistence,future/3ps/bond_order,0.1283232420682907,12
887,low_order,persistence,future/3ps/bond_order,0.15492409467697144,12
888,low_order,persistence,future/3ps/bond_order,0.15758241713047028,12
889,low_order,persistence,future/3ps/bond_order,0.27135512232780457,12
890,low_order,persistence,future/3ps/bond_order,0.1143907830119133,9
891,low_order,persistence,future/3ps/bond_order,0.11658639460802078,12
892,low_order,persistence,future/3ps/bond_order,0.15427611768245697,12
893,low_order,persistence,future/3ps/bond_order,0.10869411379098892,12
894,low_order,persistence,future/3ps/bond_order,0.14233390986919403,6
895,low_order,persistence,future/3ps/bond_order,0.10329410433769226,12
896,low_order,persistence,future/3ps/bond_order,0.11387291550636292,12
897,low_order,persistence,future/3ps/bond_order,0.14645738899707794,12
898,low_order,persistence,future/3ps/bond_order,0.14353014528751373,12
899,low_order,persistence,future/3ps/bond_order,0.13002349436283112,9
900,low_order,persistence,future/3ps/bond_order,0.16570596396923065,12
901,low_order,persistence,future/3ps/bond_order,0.3585214912891388,9
918,low_order,persistence,future/3ps/bond_order,0.10321646928787231,1
944,low_order,persistence,future/3ps/bond_order,0.1881294697523117,3
950,low_order,persistence,future/3ps/bond_order,0.3415946364402771,9
954,low_order,persistence,future/3ps/bond_order,0.2557314932346344,12
956,low_order,persistence,future/3ps/bond_order,0.26094865798950195,12
978,low_order,persistence,future/3ps/bond_order,0.20415468513965607,12
979,low_order,persistence,future/3ps/bond_order,0.1934698075056076,12
988,low_order,persistence,future/3ps/bond_order,0.1687294840812683,12
861,low_order,encoder,delta/3ps/bond_order,0.19974927604198456,12
864,low_order,encoder,delta/3ps/bond_order,0.19801978766918182,12
865,low_order,encoder,delta/3ps/bond_order,0.16842032968997955,12
866,low_order,encoder,delta/3ps/bond_order,0.21906542778015137,12
867,low_order,encoder,delta/3ps/bond_order,0.23851102590560913,12
868,low_order,encoder,delta/3ps/bond_order,0.23144257068634033,6
869,low_order,encoder,delta/3ps/bond_order,0.15336011350154877,12
870,low_order,encoder,delta/3ps/bond_order,0.19625185430049896,12
871,low_order,encoder,delta/3ps/bond_order,0.23785489797592163,9
874,low_order,encoder,delta/3ps/bond_order,0.24053673446178436,12
884,low_order,encoder,delta/3ps/bond_order,0.1298021376132965,12
885,low_order,encoder,delta/3ps/bond_order,0.1335594803094864,12
887,low_order,encoder,delta/3ps/bond_order,0.15694916248321533,12
888,low_order,encoder,delta/3ps/bond_order,0.16357029974460602,12
889,low_order,encoder,delta/3ps/bond_order,0.2751675546169281,12
890,low_order,encoder,delta/3ps/bond_order,0.11560814827680588,9
891,low_order,encoder,delta/3ps/bond_order,0.12236624956130981,12
892,low_order,encoder,delta/3ps/bond_order,0.15503136813640594,12
893,low_order,encoder,delta/3ps/bond_order,0.11644935607910156,12
894,low_order,encoder,delta/3ps/bond_order,0.14099879562854767,6
895,low_order,encoder,delta/3ps/bond_order,0.1113261803984642,12
896,low_order,encoder,delta/3ps/bond_order,0.11406263709068298,12
897,low_order,encoder,delta/3ps/bond_order,0.15284912288188934,12
898,low_order,encoder,delta/3ps/bond_order,0.15616099536418915,12
899,low_order,encoder,delta/3ps/bond_order,0.13571134209632874,9
900,low_order,encoder,delta/3ps/bond_order,0.16967535018920898,12
901,low_order,encoder,delta/3ps/bond_order,0.36992037296295166,9
918,low_order,encoder,delta/3ps/bond_order,0.11327488720417023,1
944,low_order,encoder,delta/3ps/bond_order,0.19418424367904663,3
950,low_order,encoder,delta/3ps/bond_order,0.3497709035873413,9
954,low_order,encoder,delta/3ps/bond_order,0.25653505325317383,12
956,low_order,encoder,delta/3ps/bond_order,0.2734334170818329,12
978,low_order,encoder,delta/3ps/bond_order,0.21916313469409943,12
979,low_order,encoder,delta/3ps/bond_order,0.19451673328876495,12
988,low_order,encoder,delta/3ps/bond_order,0.17432105541229248,12
861,low_order,encoder,future/9ps/bond_order,0.8909971117973328,12
864,low_order,encoder,future/9ps/bond_order,0.8487818241119385,12
865,low_order,encoder,future/9ps/bond_order,0.8329799771308899,12
866,low_order,encoder,future/9ps/bond_order,0.7928503155708313,12
867,low_order,encoder,future/9ps/bond_order,0.8505706191062927,12
868,low_order,encoder,future/9ps/bond_order,0.9012807011604309,6
869,low_order,encoder,future/9ps/bond_order,0.8744682669639587,12
870,low_order,encoder,future/9ps/bond_order,0.8198339939117432,12
871,low_order,encoder,future/9ps/bond_order,1.2093079090118408,9
874,low_order,encoder,future/9ps/bond_order,0.8468216061592102,12
884,low_order,encoder,future/9ps/bond_order,0.7428669333457947,12
885,low_order,encoder,future/9ps/bond_order,0.6161150932312012,12
887,low_order,encoder,future/9ps/bond_order,0.713225781917572,12
888,low_order,encoder,future/9ps/bond_order,0.6790311336517334,12
889,low_order,encoder,future/9ps/bond_order,1.11932373046875,12
890,low_order,encoder,future/9ps/bond_order,0.6992652416229248,9
891,low_order,encoder,future/9ps/bond_order,0.664910078048706,12
892,low_order,encoder,future/9ps/bond_order,0.6097739338874817,12
893,low_order,encoder,future/9ps/bond_order,0.6375795006752014,12
894,low_order,encoder,future/9ps/bond_order,1.3660091161727905,6
895,low_order,encoder,future/9ps/bond_order,0.658449113368988,12
896,low_order,encoder,future/9ps/bond_order,0.7454741597175598,12
897,low_order,encoder,future/9ps/bond_order,0.6413783431053162,12
898,low_order,encoder,future/9ps/bond_order,0.658024787902832,12
899,low_order,encoder,future/9ps/bond_order,0.6104938983917236,9
900,low_order,encoder,future/9ps/bond_order,0.8380448222160339,12
901,low_order,encoder,future/9ps/bond_order,1.2083088159561157,9
918,low_order,encoder,future/9ps/bond_order,0.6043834686279297,1
944,low_order,encoder,future/9ps/bond_order,1.0342488288879395,3
950,low_order,encoder,future/9ps/bond_order,1.0032709836959839,9
954,low_order,encoder,future/9ps/bond_order,0.7566940188407898,12
956,low_order,encoder,future/9ps/bond_order,0.848607063293457,12
978,low_order,encoder,future/9ps/bond_order,0.7855599522590637,12
979,low_order,encoder,future/9ps/bond_order,0.8090916275978088,12
988,low_order,encoder,future/9ps/bond_order,0.7538571357727051,12
861,low_order,persistence,future/9ps/bond_order,0.31347331404685974,12
864,low_order,persistence,future/9ps/bond_order,0.14680035412311554,12
865,low_order,persistence,future/9ps/bond_order,0.2704751491546631,12
866,low_order,persistence,future/9ps/bond_order,0.28008297085762024,12
867,low_order,persistence,future/9ps/bond_order,0.2699607312679291,12
868,low_order,persistence,future/9ps/bond_order,1.1039097309112549,6
869,low_order,persistence,future/9ps/bond_order,0.1769700050354004,12
870,low_order,persistence,future/9ps/bond_order,0.25985243916511536,12
871,low_order,persistence,future/9ps/bond_order,0.7615754008293152,9
874,low_order,persistence,future/9ps/bond_order,0.18675947189331055,12
884,low_order,persistence,future/9ps/bond_order,0.13701142370700836,12
885,low_order,persistence,future/9ps/bond_order,0.12514840066432953,12
887,low_order,persistence,future/9ps/bond_order,0.12801924347877502,12
888,low_order,persistence,future/9ps/bond_order,0.11396133154630661,12
889,low_order,persistence,future/9ps/bond_order,0.42918285727500916,12
890,low_order,persistence,future/9ps/bond_order,0.1373029202222824,9
891,low_order,persistence,future/9ps/bond_order,0.14851316809654236,12
892,low_order,persistence,future/9ps/bond_order,0.17282767593860626,12
893,low_order,persistence,future/9ps/bond_order,0.12547048926353455,12
894,low_order,persistence,future/9ps/bond_order,0.3848316967487335,6
895,low_order,persistence,future/9ps/bond_order,0.12549461424350739,12
896,low_order,persistence,future/9ps/bond_order,0.20832081139087677,12
897,low_order,persistence,future/9ps/bond_order,0.17844736576080322,12
898,low_order,persistence,future/9ps/bond_order,0.1293392926454544,12
899,low_order,persistence,future/9ps/bond_order,0.16027560830116272,9
900,low_order,persistence,future/9ps/bond_order,0.3087938725948334,12
901,low_order,persistence,future/9ps/bond_order,0.7566218376159668,9
918,low_order,persistence,future/9ps/bond_order,0.24103954434394836,1
944,low_order,persistence,future/9ps/bond_order,1.6869393587112427,3
950,low_order,persistence,future/9ps/bond_order,0.7552213668823242,9
954,low_order,persistence,future/9ps/bond_order,0.179076686501503,12
956,low_order,persistence,future/9ps/bond_order,0.353728324174881,12
978,low_order,persistence,future/9ps/bond_order,0.26888060569763184,12
979,low_order,persistence,future/9ps/bond_order,0.1975790113210678,12
988,low_order,persistence,future/9ps/bond_order,0.23622967302799225,12
861,low_order,encoder,delta/9ps/bond_order,0.33492743968963623,12
864,low_order,encoder,delta/9ps/bond_order,0.1490827053785324,12
865,low_order,encoder,delta/9ps/bond_order,0.26735687255859375,12
866,low_order,encoder,delta/9ps/bond_order,0.269324392080307,12
867,low_order,encoder,delta/9ps/bond_order,0.27193164825439453,12
868,low_order,encoder,delta/9ps/bond_order,1.0982125997543335,6
869,low_order,encoder,delta/9ps/bond_order,0.18398070335388184,12
870,low_order,encoder,delta/9ps/bond_order,0.27649280428886414,12
871,low_order,encoder,delta/9ps/bond_order,0.7551150321960449,9
874,low_order,encoder,delta/9ps/bond_order,0.1921025663614273,12
884,low_order,encoder,delta/9ps/bond_order,0.15084697306156158,12
885,low_order,encoder,delta/9ps/bond_order,0.13455502688884735,12
887,low_order,encoder,delta/9ps/bond_order,0.13556455075740814,12
888,low_order,encoder,delta/9ps/bond_order,0.12025002390146255,12
889,low_order,encoder,delta/9ps/bond_order,0.431878924369812,12
890,low_order,encoder,delta/9ps/bond_order,0.14779046177864075,9
891,low_order,encoder,delta/9ps/bond_order,0.1483127921819687,12
892,low_order,encoder,delta/9ps/bond_order,0.17050445079803467,12
893,low_order,encoder,delta/9ps/bond_order,0.13679733872413635,12
894,low_order,encoder,delta/9ps/bond_order,0.40115246176719666,6
895,low_order,encoder,delta/9ps/bond_order,0.12968160212039948,12
896,low_order,encoder,delta/9ps/bond_order,0.2161780595779419,12
897,low_order,encoder,delta/9ps/bond_order,0.1815510392189026,12
898,low_order,encoder,delta/9ps/bond_order,0.140488401055336,12
899,low_order,encoder,delta/9ps/bond_order,0.16611537337303162,9
900,low_order,encoder,delta/9ps/bond_order,0.3171254098415375,12
901,low_order,encoder,delta/9ps/bond_order,0.7731589078903198,9
918,low_order,encoder,delta/9ps/bond_order,0.27025607228279114,1
944,low_order,encoder,delta/9ps/bond_order,1.6875547170639038,3
950,low_order,encoder,delta/9ps/bond_order,0.76540207862854,9
954,low_order,encoder,delta/9ps/bond_order,0.18509095907211304,12
956,low_order,encoder,delta/9ps/bond_order,0.36411595344543457,12
978,low_order,encoder,delta/9ps/bond_order,0.28548333048820496,12
979,low_order,encoder,delta/9ps/bond_order,0.20065367221832275,12
988,low_order,encoder,delta/9ps/bond_order,0.24277372658252716,12
861,low_order,encoder,present/instantaneous_TDA_H0,2.3971550464630127,12
864,low_order,encoder,present/instantaneous_TDA_H0,2.043889284133911,12
865,low_order,encoder,present/instantaneous_TDA_H0,1.626930832862854,12
866,low_order,encoder,present/instantaneous_TDA_H0,2.673020601272583,12
867,low_order,encoder,present/instantaneous_TDA_H0,1.5372666120529175,12
868,low_order,encoder,present/instantaneous_TDA_H0,2.0424954891204834,6
869,low_order,encoder,present/instantaneous_TDA_H0,1.7982977628707886,12
870,low_order,encoder,present/instantaneous_TDA_H0,2.129183053970337,12
871,low_order,encoder,present/instantaneous_TDA_H0,2.2428698539733887,9
874,low_order,encoder,present/instantaneous_TDA_H0,1.7833709716796875,12
884,low_order,encoder,present/instantaneous_TDA_H0,0.8503449559211731,12
885,low_order,encoder,present/instantaneous_TDA_H0,0.7921879887580872,12
887,low_order,encoder,present/instantaneous_TDA_H0,1.0886024236679077,12
888,low_order,encoder,present/instantaneous_TDA_H0,1.6624053716659546,12
889,low_order,encoder,present/instantaneous_TDA_H0,1.059381365776062,12
890,low_order,encoder,present/instantaneous_TDA_H0,0.7573634386062622,9
891,low_order,encoder,present/instantaneous_TDA_H0,1.2891287803649902,12
892,low_order,encoder,present/instantaneous_TDA_H0,1.1741654872894287,12
893,low_order,encoder,present/instantaneous_TDA_H0,1.4919652938842773,12
894,low_order,encoder,present/instantaneous_TDA_H0,1.200927734375,6
895,low_order,encoder,present/instantaneous_TDA_H0,0.8055950999259949,12
896,low_order,encoder,present/instantaneous_TDA_H0,1.0293959379196167,12
897,low_order,encoder,present/instantaneous_TDA_H0,0.9227989315986633,12
898,low_order,encoder,present/instantaneous_TDA_H0,0.97251296043396,12
899,low_order,encoder,present/instantaneous_TDA_H0,0.41940972208976746,9
900,low_order,encoder,present/instantaneous_TDA_H0,1.0032638311386108,12
901,low_order,encoder,present/instantaneous_TDA_H0,0.9270361661911011,9
918,low_order,encoder,present/instantaneous_TDA_H0,0.8445007801055908,1
944,low_order,encoder,present/instantaneous_TDA_H0,2.155993700027466,3
950,low_order,encoder,present/instantaneous_TDA_H0,2.0515899658203125,9
954,low_order,encoder,present/instantaneous_TDA_H0,1.6356277465820312,12
956,low_order,encoder,present/instantaneous_TDA_H0,2.062530755996704,12
978,low_order,encoder,present/instantaneous_TDA_H0,2.5368740558624268,12
979,low_order,encoder,present/instantaneous_TDA_H0,1.944494366645813,12
988,low_order,encoder,present/instantaneous_TDA_H0,1.9719032049179077,12
861,low_order,encoder,future/0.75ps/instantaneous_TDA_H0,2.440382719039917,12
864,low_order,encoder,future/0.75ps/instantaneous_TDA_H0,2.1041643619537354,12
865,low_order,encoder,future/0.75ps/instantaneous_TDA_H0,1.613695502281189,12
866,low_order,encoder,future/0.75ps/instantaneous_TDA_H0,2.149254560470581,12
867,low_order,encoder,future/0.75ps/instantaneous_TDA_H0,1.4807523488998413,12
868,low_order,encoder,future/0.75ps/instantaneous_TDA_H0,1.7515634298324585,6
869,low_order,encoder,future/0.75ps/instantaneous_TDA_H0,1.5383235216140747,12
870,low_order,encoder,future/0.75ps/instantaneous_TDA_H0,2.1983330249786377,12
871,low_order,encoder,future/0.75ps/instantaneous_TDA_H0,1.799133062362671,9
874,low_order,encoder,future/0.75ps/instantaneous_TDA_H0,1.3600157499313354,12
884,low_order,encoder,future/0.75ps/instantaneous_TDA_H0,0.7886572480201721,12
885,low_order,encoder,future/0.75ps/instantaneous_TDA_H0,0.8553045392036438,12
887,low_order,encoder,future/0.75ps/instantaneous_TDA_H0,0.9866231083869934,12
888,low_order,encoder,future/0.75ps/instantaneous_TDA_H0,1.175257921218872,12
889,low_order,encoder,future/0.75ps/instantaneous_TDA_H0,1.0575147867202759,12
890,low_order,encoder,future/0.75ps/instantaneous_TDA_H0,1.0429593324661255,9
891,low_order,encoder,future/0.75ps/instantaneous_TDA_H0,1.3235807418823242,12
892,low_order,encoder,future/0.75ps/instantaneous_TDA_H0,1.0119006633758545,12
893,low_order,encoder,future/0.75ps/instantaneous_TDA_H0,1.2472378015518188,12
894,low_order,encoder,future/0.75ps/instantaneous_TDA_H0,0.9178783893585205,6
895,low_order,encoder,future/0.75ps/instantaneous_TDA_H0,1.0614140033721924,12
896,low_order,encoder,future/0.75ps/instantaneous_TDA_H0,1.0266104936599731,12
897,low_order,encoder,future/0.75ps/instantaneous_TDA_H0,0.9011564254760742,12
898,low_order,encoder,future/0.75ps/instantaneous_TDA_H0,0.9310622215270996,12
899,low_order,encoder,future/0.75ps/instantaneous_TDA_H0,0.7049837112426758,9
900,low_order,encoder,future/0.75ps/instantaneous_TDA_H0,1.0732176303863525,12
901,low_order,encoder,future/0.75ps/instantaneous_TDA_H0,0.5982495546340942,9
918,low_order,encoder,future/0.75ps/instantaneous_TDA_H0,0.12940871715545654,1
944,low_order,encoder,future/0.75ps/instantaneous_TDA_H0,3.025853395462036,3
950,low_order,encoder,future/0.75ps/instantaneous_TDA_H0,1.9506402015686035,9
954,low_order,encoder,future/0.75ps/instantaneous_TDA_H0,1.6086872816085815,12
956,low_order,encoder,future/0.75ps/instantaneous_TDA_H0,2.115243673324585,12
978,low_order,encoder,future/0.75ps/instantaneous_TDA_H0,1.9167722463607788,12
979,low_order,encoder,future/0.75ps/instantaneous_TDA_H0,1.9590363502502441,12
988,low_order,encoder,future/0.75ps/instantaneous_TDA_H0,1.7683485746383667,12
861,low_order,persistence,future/0.75ps/instantaneous_TDA_H0,0.3744039237499237,12
864,low_order,persistence,future/0.75ps/instantaneous_TDA_H0,0.3229950964450836,12
865,low_order,persistence,future/0.75ps/instantaneous_TDA_H0,0.4343588054180145,12
866,low_order,persistence,future/0.75ps/instantaneous_TDA_H0,0.4797962009906769,12
867,low_order,persistence,future/0.75ps/instantaneous_TDA_H0,0.3124644160270691,12
868,low_order,persistence,future/0.75ps/instantaneous_TDA_H0,0.34422269463539124,6
869,low_order,persistence,future/0.75ps/instantaneous_TDA_H0,0.23510871827602386,12
870,low_order,persistence,future/0.75ps/instantaneous_TDA_H0,0.19760160148143768,12
871,low_order,persistence,future/0.75ps/instantaneous_TDA_H0,0.31523972749710083,9
874,low_order,persistence,future/0.75ps/instantaneous_TDA_H0,0.2276141494512558,12
884,low_order,persistence,future/0.75ps/instantaneous_TDA_H0,0.17820291221141815,12
885,low_order,persistence,future/0.75ps/instantaneous_TDA_H0,0.10530047863721848,12
887,low_order,persistence,future/0.75ps/instantaneous_TDA_H0,0.48231208324432373,12
888,low_order,persistence,future/0.75ps/instantaneous_TDA_H0,0.43422064185142517,12
889,low_order,persistence,future/0.75ps/instantaneous_TDA_H0,0.11639130860567093,12
890,low_order,persistence,future/0.75ps/instantaneous_TDA_H0,0.24705086648464203,9
891,low_order,persistence,future/0.75ps/instantaneous_TDA_H0,0.2844755947589874,12
892,low_order,persistence,future/0.75ps/instantaneous_TDA_H0,0.19270099699497223,12
893,low_order,persistence,future/0.75ps/instantaneous_TDA_H0,0.5319587588310242,12
894,low_order,persistence,future/0.75ps/instantaneous_TDA_H0,0.14344385266304016,6
895,low_order,persistence,future/0.75ps/instantaneous_TDA_H0,0.25819000601768494,12
896,low_order,persistence,future/0.75ps/instantaneous_TDA_H0,0.3447408378124237,12
897,low_order,persistence,future/0.75ps/instantaneous_TDA_H0,0.28116026520729065,12
898,low_order,persistence,future/0.75ps/instantaneous_TDA_H0,0.22703248262405396,12
899,low_order,persistence,future/0.75ps/instantaneous_TDA_H0,0.4251340627670288,9
900,low_order,persistence,future/0.75ps/instantaneous_TDA_H0,0.15058547258377075,12
901,low_order,persistence,future/0.75ps/instantaneous_TDA_H0,0.21181386709213257,9
918,low_order,persistence,future/0.75ps/instantaneous_TDA_H0,0.30482786893844604,1
944,low_order,persistence,future/0.75ps/instantaneous_TDA_H0,0.20610910654067993,3
950,low_order,persistence,future/0.75ps/instantaneous_TDA_H0,0.17751280963420868,9
954,low_order,persistence,future/0.75ps/instantaneous_TDA_H0,0.4004952609539032,12
956,low_order,persistence,future/0.75ps/instantaneous_TDA_H0,0.5930957198143005,12
978,low_order,persistence,future/0.75ps/instantaneous_TDA_H0,0.21316403150558472,12
979,low_order,persistence,future/0.75ps/instantaneous_TDA_H0,0.12167129665613174,12
988,low_order,persistence,future/0.75ps/instantaneous_TDA_H0,0.16771160066127777,12
861,low_order,encoder,delta/0.75ps/instantaneous_TDA_H0,0.38948681950569153,12
864,low_order,encoder,delta/0.75ps/instantaneous_TDA_H0,0.34011518955230713,12
865,low_order,encoder,delta/0.75ps/instantaneous_TDA_H0,0.4426478147506714,12
866,low_order,encoder,delta/0.75ps/instantaneous_TDA_H0,0.4659034311771393,12
867,low_order,encoder,delta/0.75ps/instantaneous_TDA_H0,0.31805098056793213,12
868,low_order,encoder,delta/0.75ps/instantaneous_TDA_H0,0.33499637246131897,6
869,low_order,encoder,delta/0.75ps/instantaneous_TDA_H0,0.23389728367328644,12
870,low_order,encoder,delta/0.75ps/instantaneous_TDA_H0,0.2105288952589035,12
871,low_order,encoder,delta/0.75ps/instantaneous_TDA_H0,0.2946702241897583,9
874,low_order,encoder,delta/0.75ps/instantaneous_TDA_H0,0.20900751650333405,12
884,low_order,encoder,delta/0.75ps/instantaneous_TDA_H0,0.1856316775083542,12
885,low_order,encoder,delta/0.75ps/instantaneous_TDA_H0,0.12296045571565628,12
887,low_order,encoder,delta/0.75ps/instantaneous_TDA_H0,0.47879114747047424,12
888,low_order,encoder,delta/0.75ps/instantaneous_TDA_H0,0.40613842010498047,12
889,low_order,encoder,delta/0.75ps/instantaneous_TDA_H0,0.12504906952381134,12
890,low_order,encoder,delta/0.75ps/instantaneous_TDA_H0,0.27948328852653503,9
891,low_order,encoder,delta/0.75ps/instantaneous_TDA_H0,0.29923954606056213,12
892,low_order,encoder,delta/0.75ps/instantaneous_TDA_H0,0.19218964874744415,12
893,low_order,encoder,delta/0.75ps/instantaneous_TDA_H0,0.5214539766311646,12
894,low_order,encoder,delta/0.75ps/instantaneous_TDA_H0,0.13715001940727234,6
895,low_order,encoder,delta/0.75ps/instantaneous_TDA_H0,0.2848924994468689,12
896,low_order,encoder,delta/0.75ps/instantaneous_TDA_H0,0.3562585115432739,12
897,low_order,encoder,delta/0.75ps/instantaneous_TDA_H0,0.29258793592453003,12
898,low_order,encoder,delta/0.75ps/instantaneous_TDA_H0,0.23218069970607758,12
899,low_order,encoder,delta/0.75ps/instantaneous_TDA_H0,0.4599173367023468,9
900,low_order,encoder,delta/0.75ps/instantaneous_TDA_H0,0.16423475742340088,12
901,low_order,encoder,delta/0.75ps/instantaneous_TDA_H0,0.19785712659358978,9
918,low_order,encoder,delta/0.75ps/instantaneous_TDA_H0,0.22321760654449463,1
944,low_order,encoder,delta/0.75ps/instantaneous_TDA_H0,0.26264673471450806,3
950,low_order,encoder,delta/0.75ps/instantaneous_TDA_H0,0.18102799355983734,9
954,low_order,encoder,delta/0.75ps/instantaneous_TDA_H0,0.41316187381744385,12
956,low_order,encoder,delta/0.75ps/instantaneous_TDA_H0,0.6038001179695129,12
978,low_order,encoder,delta/0.75ps/instantaneous_TDA_H0,0.19049446284770966,12
979,low_order,encoder,delta/0.75ps/instantaneous_TDA_H0,0.13189731538295746,12
988,low_order,encoder,delta/0.75ps/instantaneous_TDA_H0,0.16560916602611542,12
861,low_order,encoder,future/3ps/instantaneous_TDA_H0,2.294464349746704,12
864,low_order,encoder,future/3ps/instantaneous_TDA_H0,2.3754124641418457,12
865,low_order,encoder,future/3ps/instantaneous_TDA_H0,1.9340413808822632,12
866,low_order,encoder,future/3ps/instantaneous_TDA_H0,2.0590550899505615,12
867,low_order,encoder,future/3ps/instantaneous_TDA_H0,1.5182843208312988,12
868,low_order,encoder,future/3ps/instantaneous_TDA_H0,1.9121994972229004,6
869,low_order,encoder,future/3ps/instantaneous_TDA_H0,1.8934540748596191,12
870,low_order,encoder,future/3ps/instantaneous_TDA_H0,1.7627664804458618,12
871,low_order,encoder,future/3ps/instantaneous_TDA_H0,2.2931907176971436,9
874,low_order,encoder,future/3ps/instantaneous_TDA_H0,1.8158669471740723,12
884,low_order,encoder,future/3ps/instantaneous_TDA_H0,0.8411151766777039,12
885,low_order,encoder,future/3ps/instantaneous_TDA_H0,0.7996465563774109,12
887,low_order,encoder,future/3ps/instantaneous_TDA_H0,0.8967163562774658,12
888,low_order,encoder,future/3ps/instantaneous_TDA_H0,1.2016013860702515,12
889,low_order,encoder,future/3ps/instantaneous_TDA_H0,1.220016360282898,12
890,low_order,encoder,future/3ps/instantaneous_TDA_H0,0.9836995005607605,9
891,low_order,encoder,future/3ps/instantaneous_TDA_H0,1.4425129890441895,12
892,low_order,encoder,future/3ps/instantaneous_TDA_H0,0.8542388081550598,12
893,low_order,encoder,future/3ps/instantaneous_TDA_H0,0.671562135219574,12
894,low_order,encoder,future/3ps/instantaneous_TDA_H0,1.3756752014160156,6
895,low_order,encoder,future/3ps/instantaneous_TDA_H0,0.916796863079071,12
896,low_order,encoder,future/3ps/instantaneous_TDA_H0,0.6825017333030701,12
897,low_order,encoder,future/3ps/instantaneous_TDA_H0,0.869868278503418,12
898,low_order,encoder,future/3ps/instantaneous_TDA_H0,1.3935338258743286,12
899,low_order,encoder,future/3ps/instantaneous_TDA_H0,0.3094797432422638,9
900,low_order,encoder,future/3ps/instantaneous_TDA_H0,0.9793682098388672,12
901,low_order,encoder,future/3ps/instantaneous_TDA_H0,0.8100080490112305,9
918,low_order,encoder,future/3ps/instantaneous_TDA_H0,0.08015339076519012,1
944,low_order,encoder,future/3ps/instantaneous_TDA_H0,1.4012926816940308,3
950,low_order,encoder,future/3ps/instantaneous_TDA_H0,1.9096226692199707,9
954,low_order,encoder,future/3ps/instantaneous_TDA_H0,1.7345153093338013,12
956,low_order,encoder,future/3ps/instantaneous_TDA_H0,1.9356845617294312,12
978,low_order,encoder,future/3ps/instantaneous_TDA_H0,1.8219534158706665,12
979,low_order,encoder,future/3ps/instantaneous_TDA_H0,1.5837327241897583,12
988,low_order,encoder,future/3ps/instantaneous_TDA_H0,1.4731234312057495,12
861,low_order,persistence,future/3ps/instantaneous_TDA_H0,0.22069664299488068,12
864,low_order,persistence,future/3ps/instantaneous_TDA_H0,0.2795345187187195,12
865,low_order,persistence,future/3ps/instantaneous_TDA_H0,0.3503839671611786,12
866,low_order,persistence,future/3ps/instantaneous_TDA_H0,0.8628810048103333,12
867,low_order,persistence,future/3ps/instantaneous_TDA_H0,0.3714841604232788,12
868,low_order,persistence,future/3ps/instantaneous_TDA_H0,0.2659991681575775,6
869,low_order,persistence,future/3ps/instantaneous_TDA_H0,0.4227564036846161,12
870,low_order,persistence,future/3ps/instantaneous_TDA_H0,0.26993051171302795,12
871,low_order,persistence,future/3ps/instantaneous_TDA_H0,0.4159075915813446,9
874,low_order,persistence,future/3ps/instantaneous_TDA_H0,0.1282770186662674,12
884,low_order,persistence,future/3ps/instantaneous_TDA_H0,0.22874385118484497,12
885,low_order,persistence,future/3ps/instantaneous_TDA_H0,0.07996506243944168,12
887,low_order,persistence,future/3ps/instantaneous_TDA_H0,0.2913348972797394,12
888,low_order,persistence,future/3ps/instantaneous_TDA_H0,0.4043770134449005,12
889,low_order,persistence,future/3ps/instantaneous_TDA_H0,0.1934289187192917,12
890,low_order,persistence,future/3ps/instantaneous_TDA_H0,0.24101638793945312,9
891,low_order,persistence,future/3ps/instantaneous_TDA_H0,0.2940368354320526,12
892,low_order,persistence,future/3ps/instantaneous_TDA_H0,0.20262759923934937,12
893,low_order,persistence,future/3ps/instantaneous_TDA_H0,0.5055227875709534,12
894,low_order,persistence,future/3ps/instantaneous_TDA_H0,0.13961000740528107,6
895,low_order,persistence,future/3ps/instantaneous_TDA_H0,0.1770189255475998,12
896,low_order,persistence,future/3ps/instantaneous_TDA_H0,0.1727350354194641,12
897,low_order,persistence,future/3ps/instantaneous_TDA_H0,0.3472001850605011,12
898,low_order,persistence,future/3ps/instantaneous_TDA_H0,0.42336246371269226,12
899,low_order,persistence,future/3ps/instantaneous_TDA_H0,0.17816022038459778,9
900,low_order,persistence,future/3ps/instantaneous_TDA_H0,0.2039055973291397,12
901,low_order,persistence,future/3ps/instantaneous_TDA_H0,0.39097490906715393,9
918,low_order,persistence,future/3ps/instantaneous_TDA_H0,0.3947080373764038,1
944,low_order,persistence,future/3ps/instantaneous_TDA_H0,0.5273177027702332,3
950,low_order,persistence,future/3ps/instantaneous_TDA_H0,0.3810177147388458,9
954,low_order,persistence,future/3ps/instantaneous_TDA_H0,0.28508424758911133,12
956,low_order,persistence,future/3ps/instantaneous_TDA_H0,0.18854041397571564,12
978,low_order,persistence,future/3ps/instantaneous_TDA_H0,0.488451212644577,12
979,low_order,persistence,future/3ps/instantaneous_TDA_H0,0.35228896141052246,12
988,low_order,persistence,future/3ps/instantaneous_TDA_H0,0.31941279768943787,12
861,low_order,encoder,delta/3ps/instantaneous_TDA_H0,0.22833232581615448,12
864,low_order,encoder,delta/3ps/instantaneous_TDA_H0,0.3092573285102844,12
865,low_order,encoder,delta/3ps/instantaneous_TDA_H0,0.38757094740867615,12
866,low_order,encoder,delta/3ps/instantaneous_TDA_H0,0.8406135439872742,12
867,low_order,encoder,delta/3ps/instantaneous_TDA_H0,0.3769790232181549,12
868,low_order,encoder,delta/3ps/instantaneous_TDA_H0,0.266958624124527,6
869,low_order,encoder,delta/3ps/instantaneous_TDA_H0,0.44214046001434326,12
870,low_order,encoder,delta/3ps/instantaneous_TDA_H0,0.25172626972198486,12
871,low_order,encoder,delta/3ps/instantaneous_TDA_H0,0.42414844036102295,9
874,low_order,encoder,delta/3ps/instantaneous_TDA_H0,0.1381162405014038,12
884,low_order,encoder,delta/3ps/instantaneous_TDA_H0,0.24221855401992798,12
885,low_order,encoder,delta/3ps/instantaneous_TDA_H0,0.08813252300024033,12
887,low_order,encoder,delta/3ps/instantaneous_TDA_H0,0.29411646723747253,12
888,low_order,encoder,delta/3ps/instantaneous_TDA_H0,0.3701111972332001,12
889,low_order,encoder,delta/3ps/instantaneous_TDA_H0,0.2059917002916336,12
890,low_order,encoder,delta/3ps/instantaneous_TDA_H0,0.27151820063591003,9
891,low_order,encoder,delta/3ps/instantaneous_TDA_H0,0.3114885985851288,12
892,low_order,encoder,delta/3ps/instantaneous_TDA_H0,0.18211068212985992,12
893,low_order,encoder,delta/3ps/instantaneous_TDA_H0,0.45990562438964844,12
894,low_order,encoder,delta/3ps/instantaneous_TDA_H0,0.16509774327278137,6
895,low_order,encoder,delta/3ps/instantaneous_TDA_H0,0.1966334581375122,12
896,low_order,encoder,delta/3ps/instantaneous_TDA_H0,0.152010977268219,12
897,low_order,encoder,delta/3ps/instantaneous_TDA_H0,0.35443297028541565,12
898,low_order,encoder,delta/3ps/instantaneous_TDA_H0,0.4575880467891693,12
899,low_order,encoder,delta/3ps/instantaneous_TDA_H0,0.17480099201202393,9
900,low_order,encoder,delta/3ps/instantaneous_TDA_H0,0.21104224026203156,12
901,low_order,encoder,delta/3ps/instantaneous_TDA_H0,0.3893355131149292,9
918,low_order,encoder,delta/3ps/instantaneous_TDA_H0,0.29992252588272095,1
944,low_order,encoder,delta/3ps/instantaneous_TDA_H0,0.4946357309818268,3
950,low_order,encoder,delta/3ps/instantaneous_TDA_H0,0.373279869556427,9
954,low_order,encoder,delta/3ps/instantaneous_TDA_H0,0.30560436844825745,12
956,low_order,encoder,delta/3ps/instantaneous_TDA_H0,0.1856248825788498,12
978,low_order,encoder,delta/3ps/instantaneous_TDA_H0,0.4571666419506073,12
979,low_order,encoder,delta/3ps/instantaneous_TDA_H0,0.3297434151172638,12
988,low_order,encoder,delta/3ps/instantaneous_TDA_H0,0.2942921221256256,12
861,low_order,encoder,future/9ps/instantaneous_TDA_H0,1.8370404243469238,12
864,low_order,encoder,future/9ps/instantaneous_TDA_H0,2.37369966506958,12
865,low_order,encoder,future/9ps/instantaneous_TDA_H0,2.061581611633301,12
866,low_order,encoder,future/9ps/instantaneous_TDA_H0,1.9106916189193726,12
867,low_order,encoder,future/9ps/instantaneous_TDA_H0,2.592907190322876,12
868,low_order,encoder,future/9ps/instantaneous_TDA_H0,1.1957019567489624,6
869,low_order,encoder,future/9ps/instantaneous_TDA_H0,2.4252614974975586,12
870,low_order,encoder,future/9ps/instantaneous_TDA_H0,1.537976861000061,12
871,low_order,encoder,future/9ps/instantaneous_TDA_H0,1.3560928106307983,9
874,low_order,encoder,future/9ps/instantaneous_TDA_H0,2.486550807952881,12
884,low_order,encoder,future/9ps/instantaneous_TDA_H0,0.8264114260673523,12
885,low_order,encoder,future/9ps/instantaneous_TDA_H0,1.1574698686599731,12
887,low_order,encoder,future/9ps/instantaneous_TDA_H0,0.9646270275115967,12
888,low_order,encoder,future/9ps/instantaneous_TDA_H0,1.4838024377822876,12
889,low_order,encoder,future/9ps/instantaneous_TDA_H0,0.50339275598526,12
890,low_order,encoder,future/9ps/instantaneous_TDA_H0,1.278085708618164,9
891,low_order,encoder,future/9ps/instantaneous_TDA_H0,1.0849519968032837,12
892,low_order,encoder,future/9ps/instantaneous_TDA_H0,1.7691079378128052,12
893,low_order,encoder,future/9ps/instantaneous_TDA_H0,1.3265917301177979,12
894,low_order,encoder,future/9ps/instantaneous_TDA_H0,1.3604642152786255,6
895,low_order,encoder,future/9ps/instantaneous_TDA_H0,1.02339506149292,12
896,low_order,encoder,future/9ps/instantaneous_TDA_H0,1.1929415464401245,12
897,low_order,encoder,future/9ps/instantaneous_TDA_H0,1.4167169332504272,12
898,low_order,encoder,future/9ps/instantaneous_TDA_H0,1.2668604850769043,12
899,low_order,encoder,future/9ps/instantaneous_TDA_H0,0.5728160738945007,9
900,low_order,encoder,future/9ps/instantaneous_TDA_H0,1.2551970481872559,12
901,low_order,encoder,future/9ps/instantaneous_TDA_H0,0.5986641049385071,9
918,low_order,encoder,future/9ps/instantaneous_TDA_H0,0.22023016214370728,1
944,low_order,encoder,future/9ps/instantaneous_TDA_H0,0.0963893011212349,3
950,low_order,encoder,future/9ps/instantaneous_TDA_H0,1.3072304725646973,9
954,low_order,encoder,future/9ps/instantaneous_TDA_H0,1.8439220190048218,12
956,low_order,encoder,future/9ps/instantaneous_TDA_H0,1.5234689712524414,12
978,low_order,encoder,future/9ps/instantaneous_TDA_H0,1.4691208600997925,12
979,low_order,encoder,future/9ps/instantaneous_TDA_H0,2.3750500679016113,12
988,low_order,encoder,future/9ps/instantaneous_TDA_H0,1.7580052614212036,12
861,low_order,persistence,future/9ps/instantaneous_TDA_H0,0.24685801565647125,12
864,low_order,persistence,future/9ps/instantaneous_TDA_H0,0.3746391236782074,12
865,low_order,persistence,future/9ps/instantaneous_TDA_H0,0.3438042104244232,12
866,low_order,persistence,future/9ps/instantaneous_TDA_H0,0.3663676679134369,12
867,low_order,persistence,future/9ps/instantaneous_TDA_H0,0.4514956772327423,12
868,low_order,persistence,future/9ps/instantaneous_TDA_H0,1.3527923822402954,6
869,low_order,persistence,future/9ps/instantaneous_TDA_H0,0.3252840042114258,12
870,low_order,persistence,future/9ps/instantaneous_TDA_H0,0.38600611686706543,12
871,low_order,persistence,future/9ps/instantaneous_TDA_H0,0.551384687423706,9
874,low_order,persistence,future/9ps/instantaneous_TDA_H0,0.2866843044757843,12
884,low_order,persistence,future/9ps/instantaneous_TDA_H0,0.1617060750722885,12
885,low_order,persistence,future/9ps/instantaneous_TDA_H0,0.25540828704833984,12
887,low_order,persistence,future/9ps/instantaneous_TDA_H0,0.40788617730140686,12
888,low_order,persistence,future/9ps/instantaneous_TDA_H0,0.34231892228126526,12
889,low_order,persistence,future/9ps/instantaneous_TDA_H0,0.6599858999252319,12
890,low_order,persistence,future/9ps/instantaneous_TDA_H0,0.2419692426919937,9
891,low_order,persistence,future/9ps/instantaneous_TDA_H0,0.15432631969451904,12
892,low_order,persistence,future/9ps/instantaneous_TDA_H0,0.43145909905433655,12
893,low_order,persistence,future/9ps/instantaneous_TDA_H0,0.2514094412326813,12
894,low_order,persistence,future/9ps/instantaneous_TDA_H0,0.15707741677761078,6
895,low_order,persistence,future/9ps/instantaneous_TDA_H0,0.17875880002975464,12
896,low_order,persistence,future/9ps/instantaneous_TDA_H0,0.11574224382638931,12
897,low_order,persistence,future/9ps/instantaneous_TDA_H0,0.2180836796760559,12
898,low_order,persistence,future/9ps/instantaneous_TDA_H0,0.17225833237171173,12
899,low_order,persistence,future/9ps/instantaneous_TDA_H0,0.24939841032028198,9
900,low_order,persistence,future/9ps/instantaneous_TDA_H0,0.12709194421768188,12
901,low_order,persistence,future/9ps/instantaneous_TDA_H0,0.22119516134262085,9
918,low_order,persistence,future/9ps/instantaneous_TDA_H0,0.2631071209907532,1
944,low_order,persistence,future/9ps/instantaneous_TDA_H0,1.5607770681381226,3
950,low_order,persistence,future/9ps/instantaneous_TDA_H0,0.5352605581283569,9
954,low_order,persistence,future/9ps/instantaneous_TDA_H0,0.3074062168598175,12
956,low_order,persistence,future/9ps/instantaneous_TDA_H0,0.26681986451148987,12
978,low_order,persistence,future/9ps/instantaneous_TDA_H0,0.5330255627632141,12
979,low_order,persistence,future/9ps/instantaneous_TDA_H0,0.2041192203760147,12
988,low_order,persistence,future/9ps/instantaneous_TDA_H0,0.3089196979999542,12
861,low_order,encoder,delta/9ps/instantaneous_TDA_H0,0.22378738224506378,12
864,low_order,encoder,delta/9ps/instantaneous_TDA_H0,0.4085559844970703,12
865,low_order,encoder,delta/9ps/instantaneous_TDA_H0,0.3950830399990082,12
866,low_order,encoder,delta/9ps/instantaneous_TDA_H0,0.3405267000198364,12
867,low_order,encoder,delta/9ps/instantaneous_TDA_H0,0.5240738987922668,12
868,low_order,encoder,delta/9ps/instantaneous_TDA_H0,1.2462034225463867,6
869,low_order,encoder,delta/9ps/instantaneous_TDA_H0,0.37857624888420105,12
870,low_order,encoder,delta/9ps/instantaneous_TDA_H0,0.3456668555736542,12
871,low_order,encoder,delta/9ps/instantaneous_TDA_H0,0.49159732460975647,9
874,low_order,encoder,delta/9ps/instantaneous_TDA_H0,0.3349422216415405,12
884,low_order,encoder,delta/9ps/instantaneous_TDA_H0,0.17618371546268463,12
885,low_order,encoder,delta/9ps/instantaneous_TDA_H0,0.28529947996139526,12
887,low_order,encoder,delta/9ps/instantaneous_TDA_H0,0.40822550654411316,12
888,low_order,encoder,delta/9ps/instantaneous_TDA_H0,0.3369625508785248,12
889,low_order,encoder,delta/9ps/instantaneous_TDA_H0,0.5729206800460815,12
890,low_order,encoder,delta/9ps/instantaneous_TDA_H0,0.2940640151500702,9
891,low_order,encoder,delta/9ps/instantaneous_TDA_H0,0.14997310936450958,12
892,low_order,encoder,delta/9ps/instantaneous_TDA_H0,0.4819238483905792,12
893,low_order,encoder,delta/9ps/instantaneous_TDA_H0,0.2599979043006897,12
894,low_order,encoder,delta/9ps/instantaneous_TDA_H0,0.18635381758213043,6
895,low_order,encoder,delta/9ps/instantaneous_TDA_H0,0.21667145192623138,12
896,low_order,encoder,delta/9ps/instantaneous_TDA_H0,0.14026227593421936,12
897,low_order,encoder,delta/9ps/instantaneous_TDA_H0,0.26720139384269714,12
898,low_order,encoder,delta/9ps/instantaneous_TDA_H0,0.20739032328128815,12
899,low_order,encoder,delta/9ps/instantaneous_TDA_H0,0.2645169198513031,9
900,low_order,encoder,delta/9ps/instantaneous_TDA_H0,0.1545344442129135,12
901,low_order,encoder,delta/9ps/instantaneous_TDA_H0,0.19905786216259003,9
918,low_order,encoder,delta/9ps/instantaneous_TDA_H0,0.1817968785762787,1
944,low_order,encoder,delta/9ps/instantaneous_TDA_H0,1.3506273031234741,3
950,low_order,encoder,delta/9ps/instantaneous_TDA_H0,0.4834293723106384,9
954,low_order,encoder,delta/9ps/instantaneous_TDA_H0,0.33682766556739807,12
956,low_order,encoder,delta/9ps/instantaneous_TDA_H0,0.24112451076507568,12
978,low_order,encoder,delta/9ps/instantaneous_TDA_H0,0.47438809275627136,12
979,low_order,encoder,delta/9ps/instantaneous_TDA_H0,0.22632092237472534,12
988,low_order,encoder,delta/9ps/instantaneous_TDA_H0,0.2934685945510864,12
861,low_order,encoder,present/instantaneous_TDA_H1,2.4614412784576416,12
864,low_order,encoder,present/instantaneous_TDA_H1,1.966521143913269,12
865,low_order,encoder,present/instantaneous_TDA_H1,1.5826964378356934,12
866,low_order,encoder,present/instantaneous_TDA_H1,2.3663837909698486,12
867,low_order,encoder,present/instantaneous_TDA_H1,1.5539242029190063,12
868,low_order,encoder,present/instantaneous_TDA_H1,2.1890969276428223,6
869,low_order,encoder,present/instantaneous_TDA_H1,2.2763051986694336,12
870,low_order,encoder,present/instantaneous_TDA_H1,2.181751012802124,12
871,low_order,encoder,present/instantaneous_TDA_H1,1.9034243822097778,9
874,low_order,encoder,present/instantaneous_TDA_H1,2.3143858909606934,12
884,low_order,encoder,present/instantaneous_TDA_H1,1.00875723361969,12
885,low_order,encoder,present/instantaneous_TDA_H1,0.8714768886566162,12
887,low_order,encoder,present/instantaneous_TDA_H1,1.1537543535232544,12
888,low_order,encoder,present/instantaneous_TDA_H1,1.3231252431869507,12
889,low_order,encoder,present/instantaneous_TDA_H1,1.1806912422180176,12
890,low_order,encoder,present/instantaneous_TDA_H1,1.0741630792617798,9
891,low_order,encoder,present/instantaneous_TDA_H1,0.9660869240760803,12
892,low_order,encoder,present/instantaneous_TDA_H1,0.8178126811981201,12
893,low_order,encoder,present/instantaneous_TDA_H1,1.08460533618927,12
894,low_order,encoder,present/instantaneous_TDA_H1,0.9049060344696045,6
895,low_order,encoder,present/instantaneous_TDA_H1,1.000765085220337,12
896,low_order,encoder,present/instantaneous_TDA_H1,0.9123077392578125,12
897,low_order,encoder,present/instantaneous_TDA_H1,1.2742456197738647,12
898,low_order,encoder,present/instantaneous_TDA_H1,1.2781981229782104,12
899,low_order,encoder,present/instantaneous_TDA_H1,0.4740770161151886,9
900,low_order,encoder,present/instantaneous_TDA_H1,1.1489934921264648,12
901,low_order,encoder,present/instantaneous_TDA_H1,1.2281955480575562,9
918,low_order,encoder,present/instantaneous_TDA_H1,1.0138126611709595,1
944,low_order,encoder,present/instantaneous_TDA_H1,2.4013638496398926,3
950,low_order,encoder,present/instantaneous_TDA_H1,2.1657650470733643,9
954,low_order,encoder,present/instantaneous_TDA_H1,1.5948654413223267,12
956,low_order,encoder,present/instantaneous_TDA_H1,1.8503036499023438,12
978,low_order,encoder,present/instantaneous_TDA_H1,2.3458244800567627,12
979,low_order,encoder,present/instantaneous_TDA_H1,2.100247621536255,12
988,low_order,encoder,present/instantaneous_TDA_H1,1.6651979684829712,12
861,low_order,encoder,future/0.75ps/instantaneous_TDA_H1,2.3764209747314453,12
864,low_order,encoder,future/0.75ps/instantaneous_TDA_H1,2.0030221939086914,12
865,low_order,encoder,future/0.75ps/instantaneous_TDA_H1,2.06097674369812,12
866,low_order,encoder,future/0.75ps/instantaneous_TDA_H1,2.4647419452667236,12
867,low_order,encoder,future/0.75ps/instantaneous_TDA_H1,1.7118991613388062,12
868,low_order,encoder,future/0.75ps/instantaneous_TDA_H1,2.1680376529693604,6
869,low_order,encoder,future/0.75ps/instantaneous_TDA_H1,2.4122474193573,12
870,low_order,encoder,future/0.75ps/instantaneous_TDA_H1,2.0356969833374023,12
871,low_order,encoder,future/0.75ps/instantaneous_TDA_H1,1.8370407819747925,9
874,low_order,encoder,future/0.75ps/instantaneous_TDA_H1,2.266101837158203,12
884,low_order,encoder,future/0.75ps/instantaneous_TDA_H1,0.9507131576538086,12
885,low_order,encoder,future/0.75ps/instantaneous_TDA_H1,1.0039461851119995,12
887,low_order,encoder,future/0.75ps/instantaneous_TDA_H1,1.294266700744629,12
888,low_order,encoder,future/0.75ps/instantaneous_TDA_H1,1.269644856452942,12
889,low_order,encoder,future/0.75ps/instantaneous_TDA_H1,1.2024227380752563,12
890,low_order,encoder,future/0.75ps/instantaneous_TDA_H1,1.0725352764129639,9
891,low_order,encoder,future/0.75ps/instantaneous_TDA_H1,1.0060690641403198,12
892,low_order,encoder,future/0.75ps/instantaneous_TDA_H1,0.7409290671348572,12
893,low_order,encoder,future/0.75ps/instantaneous_TDA_H1,1.0531672239303589,12
894,low_order,encoder,future/0.75ps/instantaneous_TDA_H1,0.7595500946044922,6
895,low_order,encoder,future/0.75ps/instantaneous_TDA_H1,1.032074213027954,12
896,low_order,encoder,future/0.75ps/instantaneous_TDA_H1,0.8471956849098206,12
897,low_order,encoder,future/0.75ps/instantaneous_TDA_H1,1.1345397233963013,12
898,low_order,encoder,future/0.75ps/instantaneous_TDA_H1,1.2213706970214844,12
899,low_order,encoder,future/0.75ps/instantaneous_TDA_H1,0.6331284046173096,9
900,low_order,encoder,future/0.75ps/instantaneous_TDA_H1,1.1687926054000854,12
901,low_order,encoder,future/0.75ps/instantaneous_TDA_H1,1.1831387281417847,9
918,low_order,encoder,future/0.75ps/instantaneous_TDA_H1,1.8985098600387573,1
944,low_order,encoder,future/0.75ps/instantaneous_TDA_H1,2.2151288986206055,3
950,low_order,encoder,future/0.75ps/instantaneous_TDA_H1,2.122368812561035,9
954,low_order,encoder,future/0.75ps/instantaneous_TDA_H1,1.7934786081314087,12
956,low_order,encoder,future/0.75ps/instantaneous_TDA_H1,1.8475784063339233,12
978,low_order,encoder,future/0.75ps/instantaneous_TDA_H1,2.236057996749878,12
979,low_order,encoder,future/0.75ps/instantaneous_TDA_H1,2.0277223587036133,12
988,low_order,encoder,future/0.75ps/instantaneous_TDA_H1,1.4854542016983032,12
861,low_order,persistence,future/0.75ps/instantaneous_TDA_H1,0.16324858367443085,12
864,low_order,persistence,future/0.75ps/instantaneous_TDA_H1,0.1672244817018509,12
865,low_order,persistence,future/0.75ps/instantaneous_TDA_H1,0.15212474763393402,12
866,low_order,persistence,future/0.75ps/instantaneous_TDA_H1,0.23413614928722382,12
867,low_order,persistence,future/0.75ps/instantaneous_TDA_H1,0.2083684653043747,12
868,low_order,persistence,future/0.75ps/instantaneous_TDA_H1,0.12633006274700165,6
869,low_order,persistence,future/0.75ps/instantaneous_TDA_H1,0.23335129022598267,12
870,low_order,persistence,future/0.75ps/instantaneous_TDA_H1,0.17748694121837616,12
871,low_order,persistence,future/0.75ps/instantaneous_TDA_H1,0.19145487248897552,9
874,low_order,persistence,future/0.75ps/instantaneous_TDA_H1,0.19867800176143646,12
884,low_order,persistence,future/0.75ps/instantaneous_TDA_H1,0.19379903376102448,12
885,low_order,persistence,future/0.75ps/instantaneous_TDA_H1,0.0906890407204628,12
887,low_order,persistence,future/0.75ps/instantaneous_TDA_H1,0.1516532450914383,12
888,low_order,persistence,future/0.75ps/instantaneous_TDA_H1,0.12103872746229172,12
889,low_order,persistence,future/0.75ps/instantaneous_TDA_H1,0.09020296484231949,12
890,low_order,persistence,future/0.75ps/instantaneous_TDA_H1,0.18035848438739777,9
891,low_order,persistence,future/0.75ps/instantaneous_TDA_H1,0.12340188771486282,12
892,low_order,persistence,future/0.75ps/instantaneous_TDA_H1,0.14811481535434723,12
893,low_order,persistence,future/0.75ps/instantaneous_TDA_H1,0.1570037454366684,12
894,low_order,persistence,future/0.75ps/instantaneous_TDA_H1,0.09615083783864975,6
895,low_order,persistence,future/0.75ps/instantaneous_TDA_H1,0.08052920550107956,12
896,low_order,persistence,future/0.75ps/instantaneous_TDA_H1,0.16255953907966614,12
897,low_order,persistence,future/0.75ps/instantaneous_TDA_H1,0.15518701076507568,12
898,low_order,persistence,future/0.75ps/instantaneous_TDA_H1,0.06980755180120468,12
899,low_order,persistence,future/0.75ps/instantaneous_TDA_H1,0.1269044131040573,9
900,low_order,persistence,future/0.75ps/instantaneous_TDA_H1,0.16449862718582153,12
901,low_order,persistence,future/0.75ps/instantaneous_TDA_H1,0.10861856490373611,9
918,low_order,persistence,future/0.75ps/instantaneous_TDA_H1,0.1546434462070465,1
944,low_order,persistence,future/0.75ps/instantaneous_TDA_H1,0.14205777645111084,3
950,low_order,persistence,future/0.75ps/instantaneous_TDA_H1,0.21317243576049805,9
954,low_order,persistence,future/0.75ps/instantaneous_TDA_H1,0.27988559007644653,12
956,low_order,persistence,future/0.75ps/instantaneous_TDA_H1,0.2125260829925537,12
978,low_order,persistence,future/0.75ps/instantaneous_TDA_H1,0.27467939257621765,12
979,low_order,persistence,future/0.75ps/instantaneous_TDA_H1,0.16689522564411163,12
988,low_order,persistence,future/0.75ps/instantaneous_TDA_H1,0.16459347307682037,12
861,low_order,encoder,delta/0.75ps/instantaneous_TDA_H1,0.16080228984355927,12
864,low_order,encoder,delta/0.75ps/instantaneous_TDA_H1,0.16458074748516083,12
865,low_order,encoder,delta/0.75ps/instantaneous_TDA_H1,0.16825689375400543,12
866,low_order,encoder,delta/0.75ps/instantaneous_TDA_H1,0.2366681694984436,12
867,low_order,encoder,delta/0.75ps/instantaneous_TDA_H1,0.2137073278427124,12
868,low_order,encoder,delta/0.75ps/instantaneous_TDA_H1,0.12764598429203033,6
869,low_order,encoder,delta/0.75ps/instantaneous_TDA_H1,0.24056501686573029,12
870,low_order,encoder,delta/0.75ps/instantaneous_TDA_H1,0.17488901317119598,12
871,low_order,encoder,delta/0.75ps/instantaneous_TDA_H1,0.19024324417114258,9
874,low_order,encoder,delta/0.75ps/instantaneous_TDA_H1,0.20004898309707642,12
884,low_order,encoder,delta/0.75ps/instantaneous_TDA_H1,0.1990615278482437,12
885,low_order,encoder,delta/0.75ps/instantaneous_TDA_H1,0.10030027478933334,12
887,low_order,encoder,delta/0.75ps/instantaneous_TDA_H1,0.1575431078672409,12
888,low_order,encoder,delta/0.75ps/instantaneous_TDA_H1,0.12235986441373825,12
889,low_order,encoder,delta/0.75ps/instantaneous_TDA_H1,0.09143777936697006,12
890,low_order,encoder,delta/0.75ps/instantaneous_TDA_H1,0.1816246211528778,9
891,low_order,encoder,delta/0.75ps/instantaneous_TDA_H1,0.12710905075073242,12
892,low_order,encoder,delta/0.75ps/instantaneous_TDA_H1,0.1484501212835312,12
893,low_order,encoder,delta/0.75ps/instantaneous_TDA_H1,0.1586524397134781,12
894,low_order,encoder,delta/0.75ps/instantaneous_TDA_H1,0.09176553040742874,6
895,low_order,encoder,delta/0.75ps/instantaneous_TDA_H1,0.0814802423119545,12
896,low_order,encoder,delta/0.75ps/instantaneous_TDA_H1,0.15558655560016632,12
897,low_order,encoder,delta/0.75ps/instantaneous_TDA_H1,0.15368148684501648,12
898,low_order,encoder,delta/0.75ps/instantaneous_TDA_H1,0.069659523665905,12
899,low_order,encoder,delta/0.75ps/instantaneous_TDA_H1,0.13914074003696442,9
900,low_order,encoder,delta/0.75ps/instantaneous_TDA_H1,0.16825930774211884,12
901,low_order,encoder,delta/0.75ps/instantaneous_TDA_H1,0.11483605951070786,9
918,low_order,encoder,delta/0.75ps/instantaneous_TDA_H1,0.17842796444892883,1
944,low_order,encoder,delta/0.75ps/instantaneous_TDA_H1,0.13266578316688538,3
950,low_order,encoder,delta/0.75ps/instantaneous_TDA_H1,0.21705035865306854,9
954,low_order,encoder,delta/0.75ps/instantaneous_TDA_H1,0.2899666130542755,12
956,low_order,encoder,delta/0.75ps/instantaneous_TDA_H1,0.21572355926036835,12
978,low_order,encoder,delta/0.75ps/instantaneous_TDA_H1,0.2758462429046631,12
979,low_order,encoder,delta/0.75ps/instantaneous_TDA_H1,0.16892008483409882,12
988,low_order,encoder,delta/0.75ps/instantaneous_TDA_H1,0.16040967404842377,12
861,low_order,encoder,future/3ps/instantaneous_TDA_H1,2.404637098312378,12
864,low_order,encoder,future/3ps/instantaneous_TDA_H1,2.3429625034332275,12
865,low_order,encoder,future/3ps/instantaneous_TDA_H1,2.0900380611419678,12
866,low_order,encoder,future/3ps/instantaneous_TDA_H1,2.1246747970581055,12
867,low_order,encoder,future/3ps/instantaneous_TDA_H1,1.879189372062683,12
868,low_order,encoder,future/3ps/instantaneous_TDA_H1,2.179691791534424,6
869,low_order,encoder,future/3ps/instantaneous_TDA_H1,2.447352647781372,12
870,low_order,encoder,future/3ps/instantaneous_TDA_H1,2.2783098220825195,12
871,low_order,encoder,future/3ps/instantaneous_TDA_H1,2.3279430866241455,9
874,low_order,encoder,future/3ps/instantaneous_TDA_H1,1.828609824180603,12
884,low_order,encoder,future/3ps/instantaneous_TDA_H1,0.9719790816307068,12
885,low_order,encoder,future/3ps/instantaneous_TDA_H1,1.074813961982727,12
887,low_order,encoder,future/3ps/instantaneous_TDA_H1,1.3532347679138184,12
888,low_order,encoder,future/3ps/instantaneous_TDA_H1,1.0922621488571167,12
889,low_order,encoder,future/3ps/instantaneous_TDA_H1,1.1778393983840942,12
890,low_order,encoder,future/3ps/instantaneous_TDA_H1,1.2412234544754028,9
891,low_order,encoder,future/3ps/instantaneous_TDA_H1,0.9812492728233337,12
892,low_order,encoder,future/3ps/instantaneous_TDA_H1,0.9318626523017883,12
893,low_order,encoder,future/3ps/instantaneous_TDA_H1,0.8666356205940247,12
894,low_order,encoder,future/3ps/instantaneous_TDA_H1,0.8710417747497559,6
895,low_order,encoder,future/3ps/instantaneous_TDA_H1,0.7977383732795715,12
896,low_order,encoder,future/3ps/instantaneous_TDA_H1,0.854089081287384,12
897,low_order,encoder,future/3ps/instantaneous_TDA_H1,1.1273831129074097,12
898,low_order,encoder,future/3ps/instantaneous_TDA_H1,1.3639150857925415,12
899,low_order,encoder,future/3ps/instantaneous_TDA_H1,0.7709779143333435,9
900,low_order,encoder,future/3ps/instantaneous_TDA_H1,1.1649949550628662,12
901,low_order,encoder,future/3ps/instantaneous_TDA_H1,1.0962194204330444,9
918,low_order,encoder,future/3ps/instantaneous_TDA_H1,0.9801334738731384,1
944,low_order,encoder,future/3ps/instantaneous_TDA_H1,3.031757354736328,3
950,low_order,encoder,future/3ps/instantaneous_TDA_H1,1.8068815469741821,9
954,low_order,encoder,future/3ps/instantaneous_TDA_H1,2.0683979988098145,12
956,low_order,encoder,future/3ps/instantaneous_TDA_H1,1.4552727937698364,12
978,low_order,encoder,future/3ps/instantaneous_TDA_H1,1.9404155015945435,12
979,low_order,encoder,future/3ps/instantaneous_TDA_H1,1.8243049383163452,12
988,low_order,encoder,future/3ps/instantaneous_TDA_H1,1.485246181488037,12
861,low_order,persistence,future/3ps/instantaneous_TDA_H1,0.3112003803253174,12
864,low_order,persistence,future/3ps/instantaneous_TDA_H1,0.17737151682376862,12
865,low_order,persistence,future/3ps/instantaneous_TDA_H1,0.2255827784538269,12
866,low_order,persistence,future/3ps/instantaneous_TDA_H1,0.2763608992099762,12
867,low_order,persistence,future/3ps/instantaneous_TDA_H1,0.2413855940103531,12
868,low_order,persistence,future/3ps/instantaneous_TDA_H1,0.10510676354169846,6
869,low_order,persistence,future/3ps/instantaneous_TDA_H1,0.2136334329843521,12
870,low_order,persistence,future/3ps/instantaneous_TDA_H1,0.24676279723644257,12
871,low_order,persistence,future/3ps/instantaneous_TDA_H1,0.20341700315475464,9
874,low_order,persistence,future/3ps/instantaneous_TDA_H1,0.29803338646888733,12
884,low_order,persistence,future/3ps/instantaneous_TDA_H1,0.15397273004055023,12
885,low_order,persistence,future/3ps/instantaneous_TDA_H1,0.10325730592012405,12
887,low_order,persistence,future/3ps/instantaneous_TDA_H1,0.13668595254421234,12
888,low_order,persistence,future/3ps/instantaneous_TDA_H1,0.1644466072320938,12
889,low_order,persistence,future/3ps/instantaneous_TDA_H1,0.1722186952829361,12
890,low_order,persistence,future/3ps/instantaneous_TDA_H1,0.2924318313598633,9
891,low_order,persistence,future/3ps/instantaneous_TDA_H1,0.1336878389120102,12
892,low_order,persistence,future/3ps/instantaneous_TDA_H1,0.197623610496521,12
893,low_order,persistence,future/3ps/instantaneous_TDA_H1,0.17377160489559174,12
894,low_order,persistence,future/3ps/instantaneous_TDA_H1,0.0929073691368103,6
895,low_order,persistence,future/3ps/instantaneous_TDA_H1,0.14957067370414734,12
896,low_order,persistence,future/3ps/instantaneous_TDA_H1,0.14279817044734955,12
897,low_order,persistence,future/3ps/instantaneous_TDA_H1,0.1324072927236557,12
898,low_order,persistence,future/3ps/instantaneous_TDA_H1,0.09931688755750656,12
899,low_order,persistence,future/3ps/instantaneous_TDA_H1,0.2142414003610611,9
900,low_order,persistence,future/3ps/instantaneous_TDA_H1,0.13346335291862488,12
901,low_order,persistence,future/3ps/instantaneous_TDA_H1,0.18600009381771088,9
918,low_order,persistence,future/3ps/instantaneous_TDA_H1,0.0780554860830307,1
944,low_order,persistence,future/3ps/instantaneous_TDA_H1,0.18447117507457733,3
950,low_order,persistence,future/3ps/instantaneous_TDA_H1,0.3078899681568146,9
954,low_order,persistence,future/3ps/instantaneous_TDA_H1,0.2376093864440918,12
956,low_order,persistence,future/3ps/instantaneous_TDA_H1,0.22380566596984863,12
978,low_order,persistence,future/3ps/instantaneous_TDA_H1,0.2572689652442932,12
979,low_order,persistence,future/3ps/instantaneous_TDA_H1,0.20887251198291779,12
988,low_order,persistence,future/3ps/instantaneous_TDA_H1,0.11519042402505875,12
861,low_order,encoder,delta/3ps/instantaneous_TDA_H1,0.30390891432762146,12
864,low_order,encoder,delta/3ps/instantaneous_TDA_H1,0.19095347821712494,12
865,low_order,encoder,delta/3ps/instantaneous_TDA_H1,0.2475018948316574,12
866,low_order,encoder,delta/3ps/instantaneous_TDA_H1,0.2711988687515259,12
867,low_order,encoder,delta/3ps/instantaneous_TDA_H1,0.24486245214939117,12
868,low_order,encoder,delta/3ps/instantaneous_TDA_H1,0.10232315212488174,6
869,low_order,encoder,delta/3ps/instantaneous_TDA_H1,0.22026993334293365,12
870,low_order,encoder,delta/3ps/instantaneous_TDA_H1,0.24890859425067902,12
871,low_order,encoder,delta/3ps/instantaneous_TDA_H1,0.21783232688903809,9
874,low_order,encoder,delta/3ps/instantaneous_TDA_H1,0.29315605759620667,12
884,low_order,encoder,delta/3ps/instantaneous_TDA_H1,0.1565781533718109,12
885,low_order,encoder,delta/3ps/instantaneous_TDA_H1,0.11207887530326843,12
887,low_order,encoder,delta/3ps/instantaneous_TDA_H1,0.14672060310840607,12
888,low_order,encoder,delta/3ps/instantaneous_TDA_H1,0.1513330191373825,12
889,low_order,encoder,delta/3ps/instantaneous_TDA_H1,0.16959625482559204,12
890,low_order,encoder,delta/3ps/instantaneous_TDA_H1,0.29425784945487976,9
891,low_order,encoder,delta/3ps/instantaneous_TDA_H1,0.14061208069324493,12
892,low_order,encoder,delta/3ps/instantaneous_TDA_H1,0.2063695788383484,12
893,low_order,encoder,delta/3ps/instantaneous_TDA_H1,0.16736407577991486,12
894,low_order,encoder,delta/3ps/instantaneous_TDA_H1,0.09831240028142929,6
895,low_order,encoder,delta/3ps/instantaneous_TDA_H1,0.13758443295955658,12
896,low_order,encoder,delta/3ps/instantaneous_TDA_H1,0.1374334692955017,12
897,low_order,encoder,delta/3ps/instantaneous_TDA_H1,0.13321802020072937,12
898,low_order,encoder,delta/3ps/instantaneous_TDA_H1,0.10965483635663986,12
899,low_order,encoder,delta/3ps/instantaneous_TDA_H1,0.23032842576503754,9
900,low_order,encoder,delta/3ps/instantaneous_TDA_H1,0.13224688172340393,12
901,low_order,encoder,delta/3ps/instantaneous_TDA_H1,0.18758651614189148,9
918,low_order,encoder,delta/3ps/instantaneous_TDA_H1,0.07836449146270752,1
944,low_order,encoder,delta/3ps/instantaneous_TDA_H1,0.1998736411333084,3
950,low_order,encoder,delta/3ps/instantaneous_TDA_H1,0.3044905662536621,9
954,low_order,encoder,delta/3ps/instantaneous_TDA_H1,0.2545781135559082,12
956,low_order,encoder,delta/3ps/instantaneous_TDA_H1,0.21313589811325073,12
978,low_order,encoder,delta/3ps/instantaneous_TDA_H1,0.24978332221508026,12
979,low_order,encoder,delta/3ps/instantaneous_TDA_H1,0.20768886804580688,12
988,low_order,encoder,delta/3ps/instantaneous_TDA_H1,0.10865682363510132,12
861,low_order,encoder,future/9ps/instantaneous_TDA_H1,1.8801552057266235,12
864,low_order,encoder,future/9ps/instantaneous_TDA_H1,2.097742795944214,12
865,low_order,encoder,future/9ps/instantaneous_TDA_H1,2.1222023963928223,12
866,low_order,encoder,future/9ps/instantaneous_TDA_H1,2.1397855281829834,12
867,low_order,encoder,future/9ps/instantaneous_TDA_H1,1.8439377546310425,12
868,low_order,encoder,future/9ps/instantaneous_TDA_H1,1.0078738927841187,6
869,low_order,encoder,future/9ps/instantaneous_TDA_H1,2.567603826522827,12
870,low_order,encoder,future/9ps/instantaneous_TDA_H1,1.4553437232971191,12
871,low_order,encoder,future/9ps/instantaneous_TDA_H1,1.866808533668518,9
874,low_order,encoder,future/9ps/instantaneous_TDA_H1,2.0510215759277344,12
884,low_order,encoder,future/9ps/instantaneous_TDA_H1,0.8734090924263,12
885,low_order,encoder,future/9ps/instantaneous_TDA_H1,0.9836196303367615,12
887,low_order,encoder,future/9ps/instantaneous_TDA_H1,1.4149380922317505,12
888,low_order,encoder,future/9ps/instantaneous_TDA_H1,1.27549147605896,12
889,low_order,encoder,future/9ps/instantaneous_TDA_H1,0.8865535259246826,12
890,low_order,encoder,future/9ps/instantaneous_TDA_H1,1.1518343687057495,9
891,low_order,encoder,future/9ps/instantaneous_TDA_H1,1.1376761198043823,12
892,low_order,encoder,future/9ps/instantaneous_TDA_H1,0.8874197602272034,12
893,low_order,encoder,future/9ps/instantaneous_TDA_H1,1.2250500917434692,12
894,low_order,encoder,future/9ps/instantaneous_TDA_H1,0.862318754196167,6
895,low_order,encoder,future/9ps/instantaneous_TDA_H1,1.143210530281067,12
896,low_order,encoder,future/9ps/instantaneous_TDA_H1,0.952913224697113,12
897,low_order,encoder,future/9ps/instantaneous_TDA_H1,1.3081527948379517,12
898,low_order,encoder,future/9ps/instantaneous_TDA_H1,1.40263831615448,12
899,low_order,encoder,future/9ps/instantaneous_TDA_H1,0.966705858707428,9
900,low_order,encoder,future/9ps/instantaneous_TDA_H1,1.2570704221725464,12
901,low_order,encoder,future/9ps/instantaneous_TDA_H1,0.7125942707061768,9
918,low_order,encoder,future/9ps/instantaneous_TDA_H1,0.801735520362854,1
944,low_order,encoder,future/9ps/instantaneous_TDA_H1,0.47127437591552734,3
950,low_order,encoder,future/9ps/instantaneous_TDA_H1,1.5070587396621704,9
954,low_order,encoder,future/9ps/instantaneous_TDA_H1,1.986031174659729,12
956,low_order,encoder,future/9ps/instantaneous_TDA_H1,1.4043692350387573,12
978,low_order,encoder,future/9ps/instantaneous_TDA_H1,1.7234524488449097,12
979,low_order,encoder,future/9ps/instantaneous_TDA_H1,2.200531005859375,12
988,low_order,encoder,future/9ps/instantaneous_TDA_H1,1.9118409156799316,12
861,low_order,persistence,future/9ps/instantaneous_TDA_H1,0.3020969331264496,12
864,low_order,persistence,future/9ps/instantaneous_TDA_H1,0.19210289418697357,12
865,low_order,persistence,future/9ps/instantaneous_TDA_H1,0.1950998455286026,12
866,low_order,persistence,future/9ps/instantaneous_TDA_H1,0.17890703678131104,12
867,low_order,persistence,future/9ps/instantaneous_TDA_H1,0.22663362324237823,12
868,low_order,persistence,future/9ps/instantaneous_TDA_H1,1.0454115867614746,6
869,low_order,persistence,future/9ps/instantaneous_TDA_H1,0.2813185751438141,12
870,low_order,persistence,future/9ps/instantaneous_TDA_H1,0.3225439488887787,12
871,low_order,persistence,future/9ps/instantaneous_TDA_H1,0.3570896089076996,9
874,low_order,persistence,future/9ps/instantaneous_TDA_H1,0.25367775559425354,12
884,low_order,persistence,future/9ps/instantaneous_TDA_H1,0.15114404261112213,12
885,low_order,persistence,future/9ps/instantaneous_TDA_H1,0.1024547591805458,12
887,low_order,persistence,future/9ps/instantaneous_TDA_H1,0.1942751407623291,12
888,low_order,persistence,future/9ps/instantaneous_TDA_H1,0.08903240412473679,12
889,low_order,persistence,future/9ps/instantaneous_TDA_H1,0.5048595666885376,12
890,low_order,persistence,future/9ps/instantaneous_TDA_H1,0.19897612929344177,9
891,low_order,persistence,future/9ps/instantaneous_TDA_H1,0.13792715966701508,12
892,low_order,persistence,future/9ps/instantaneous_TDA_H1,0.16598664224147797,12
893,low_order,persistence,future/9ps/instantaneous_TDA_H1,0.15886852145195007,12
894,low_order,persistence,future/9ps/instantaneous_TDA_H1,0.11418164521455765,6
895,low_order,persistence,future/9ps/instantaneous_TDA_H1,0.14198563992977142,12
896,low_order,persistence,future/9ps/instantaneous_TDA_H1,0.18078076839447021,12
897,low_order,persistence,future/9ps/instantaneous_TDA_H1,0.15703539550304413,12
898,low_order,persistence,future/9ps/instantaneous_TDA_H1,0.1101616621017456,12
899,low_order,persistence,future/9ps/instantaneous_TDA_H1,0.2980499863624573,9
900,low_order,persistence,future/9ps/instantaneous_TDA_H1,0.2304290533065796,12
901,low_order,persistence,future/9ps/instantaneous_TDA_H1,0.41896170377731323,9
918,low_order,persistence,future/9ps/instantaneous_TDA_H1,0.05771159753203392,1
944,low_order,persistence,future/9ps/instantaneous_TDA_H1,1.0020660161972046,3
950,low_order,persistence,future/9ps/instantaneous_TDA_H1,0.4664662778377533,9
954,low_order,persistence,future/9ps/instantaneous_TDA_H1,0.23278088867664337,12
956,low_order,persistence,future/9ps/instantaneous_TDA_H1,0.40634608268737793,12
978,low_order,persistence,future/9ps/instantaneous_TDA_H1,0.43135860562324524,12
979,low_order,persistence,future/9ps/instantaneous_TDA_H1,0.1854744702577591,12
988,low_order,persistence,future/9ps/instantaneous_TDA_H1,0.2356141060590744,12
861,low_order,encoder,delta/9ps/instantaneous_TDA_H1,0.28615444898605347,12
864,low_order,encoder,delta/9ps/instantaneous_TDA_H1,0.19508759677410126,12
865,low_order,encoder,delta/9ps/instantaneous_TDA_H1,0.21200120449066162,12
866,low_order,encoder,delta/9ps/instantaneous_TDA_H1,0.1683642864227295,12
867,low_order,encoder,delta/9ps/instantaneous_TDA_H1,0.23602294921875,12
868,low_order,encoder,delta/9ps/instantaneous_TDA_H1,1.0030354261398315,6
869,low_order,encoder,delta/9ps/instantaneous_TDA_H1,0.28543713688850403,12
870,low_order,encoder,delta/9ps/instantaneous_TDA_H1,0.3071921169757843,12
871,low_order,encoder,delta/9ps/instantaneous_TDA_H1,0.35867491364479065,9
874,low_order,encoder,delta/9ps/instantaneous_TDA_H1,0.25004515051841736,12
884,low_order,encoder,delta/9ps/instantaneous_TDA_H1,0.14688117802143097,12
885,low_order,encoder,delta/9ps/instantaneous_TDA_H1,0.11016571521759033,12
887,low_order,encoder,delta/9ps/instantaneous_TDA_H1,0.20538924634456635,12
888,low_order,encoder,delta/9ps/instantaneous_TDA_H1,0.0867973268032074,12
889,low_order,encoder,delta/9ps/instantaneous_TDA_H1,0.4912090301513672,12
890,low_order,encoder,delta/9ps/instantaneous_TDA_H1,0.19714900851249695,9
891,low_order,encoder,delta/9ps/instantaneous_TDA_H1,0.14483538269996643,12
892,low_order,encoder,delta/9ps/instantaneous_TDA_H1,0.17109279334545135,12
893,low_order,encoder,delta/9ps/instantaneous_TDA_H1,0.163536936044693,12
894,low_order,encoder,delta/9ps/instantaneous_TDA_H1,0.1171642318367958,6
895,low_order,encoder,delta/9ps/instantaneous_TDA_H1,0.14714327454566956,12
896,low_order,encoder,delta/9ps/instantaneous_TDA_H1,0.18263565003871918,12
897,low_order,encoder,delta/9ps/instantaneous_TDA_H1,0.15317180752754211,12
898,low_order,encoder,delta/9ps/instantaneous_TDA_H1,0.11143984645605087,12
899,low_order,encoder,delta/9ps/instantaneous_TDA_H1,0.3092121183872223,9
900,low_order,encoder,delta/9ps/instantaneous_TDA_H1,0.2295333594083786,12
901,low_order,encoder,delta/9ps/instantaneous_TDA_H1,0.3979750871658325,9
918,low_order,encoder,delta/9ps/instantaneous_TDA_H1,0.0484885536134243,1
944,low_order,encoder,delta/9ps/instantaneous_TDA_H1,0.9356279969215393,3
950,low_order,encoder,delta/9ps/instantaneous_TDA_H1,0.4557713270187378,9
954,low_order,encoder,delta/9ps/instantaneous_TDA_H1,0.2458597868680954,12
956,low_order,encoder,delta/9ps/instantaneous_TDA_H1,0.3904796540737152,12
978,low_order,encoder,delta/9ps/instantaneous_TDA_H1,0.417834997177124,12
979,low_order,encoder,delta/9ps/instantaneous_TDA_H1,0.18913672864437103,12
988,low_order,encoder,delta/9ps/instantaneous_TDA_H1,0.23648019134998322,12
861,low_order,encoder,present/instantaneous_TDA_H2,2.0444955825805664,12
864,low_order,encoder,present/instantaneous_TDA_H2,1.8194279670715332,12
865,low_order,encoder,present/instantaneous_TDA_H2,1.666390299797058,12
866,low_order,encoder,present/instantaneous_TDA_H2,1.9017106294631958,12
867,low_order,encoder,present/instantaneous_TDA_H2,1.480103850364685,12
868,low_order,encoder,present/instantaneous_TDA_H2,1.834610104560852,6
869,low_order,encoder,present/instantaneous_TDA_H2,1.7266836166381836,12
870,low_order,encoder,present/instantaneous_TDA_H2,1.847993016242981,12
871,low_order,encoder,present/instantaneous_TDA_H2,1.6133463382720947,9
874,low_order,encoder,present/instantaneous_TDA_H2,1.8366988897323608,12
884,low_order,encoder,present/instantaneous_TDA_H2,1.0689802169799805,12
885,low_order,encoder,present/instantaneous_TDA_H2,1.0962356328964233,12
887,low_order,encoder,present/instantaneous_TDA_H2,1.5673733949661255,12
888,low_order,encoder,present/instantaneous_TDA_H2,1.2517693042755127,12
889,low_order,encoder,present/instantaneous_TDA_H2,1.2386552095413208,12
890,low_order,encoder,present/instantaneous_TDA_H2,1.0201613903045654,9
891,low_order,encoder,present/instantaneous_TDA_H2,1.197142481803894,12
892,low_order,encoder,present/instantaneous_TDA_H2,0.9850007891654968,12
893,low_order,encoder,present/instantaneous_TDA_H2,0.9696788191795349,12
894,low_order,encoder,present/instantaneous_TDA_H2,0.9008635878562927,6
895,low_order,encoder,present/instantaneous_TDA_H2,1.316820502281189,12
896,low_order,encoder,present/instantaneous_TDA_H2,1.0562902688980103,12
897,low_order,encoder,present/instantaneous_TDA_H2,1.3339184522628784,12
898,low_order,encoder,present/instantaneous_TDA_H2,1.3196475505828857,12
899,low_order,encoder,present/instantaneous_TDA_H2,0.7406989336013794,9
900,low_order,encoder,present/instantaneous_TDA_H2,1.3343509435653687,12
901,low_order,encoder,present/instantaneous_TDA_H2,1.5505125522613525,9
918,low_order,encoder,present/instantaneous_TDA_H2,1.2678382396697998,1
944,low_order,encoder,present/instantaneous_TDA_H2,2.3764963150024414,3
950,low_order,encoder,present/instantaneous_TDA_H2,1.784731149673462,9
954,low_order,encoder,present/instantaneous_TDA_H2,1.5767511129379272,12
956,low_order,encoder,present/instantaneous_TDA_H2,1.6978306770324707,12
978,low_order,encoder,present/instantaneous_TDA_H2,1.888781189918518,12
979,low_order,encoder,present/instantaneous_TDA_H2,1.7453504800796509,12
988,low_order,encoder,present/instantaneous_TDA_H2,1.409862995147705,12
861,low_order,encoder,future/0.75ps/instantaneous_TDA_H2,1.9663119316101074,12
864,low_order,encoder,future/0.75ps/instantaneous_TDA_H2,1.8653439283370972,12
865,low_order,encoder,future/0.75ps/instantaneous_TDA_H2,1.9079183340072632,12
866,low_order,encoder,future/0.75ps/instantaneous_TDA_H2,1.9914507865905762,12
867,low_order,encoder,future/0.75ps/instantaneous_TDA_H2,1.6859372854232788,12
868,low_order,encoder,future/0.75ps/instantaneous_TDA_H2,2.0224788188934326,6
869,low_order,encoder,future/0.75ps/instantaneous_TDA_H2,1.8943320512771606,12
870,low_order,encoder,future/0.75ps/instantaneous_TDA_H2,1.9854779243469238,12
871,low_order,encoder,future/0.75ps/instantaneous_TDA_H2,1.6573516130447388,9
874,low_order,encoder,future/0.75ps/instantaneous_TDA_H2,1.9153581857681274,12
884,low_order,encoder,future/0.75ps/instantaneous_TDA_H2,1.1927579641342163,12
885,low_order,encoder,future/0.75ps/instantaneous_TDA_H2,1.2245266437530518,12
887,low_order,encoder,future/0.75ps/instantaneous_TDA_H2,1.6552478075027466,12
888,low_order,encoder,future/0.75ps/instantaneous_TDA_H2,1.3814855813980103,12
889,low_order,encoder,future/0.75ps/instantaneous_TDA_H2,1.3550020456314087,12
890,low_order,encoder,future/0.75ps/instantaneous_TDA_H2,1.0687386989593506,9
891,low_order,encoder,future/0.75ps/instantaneous_TDA_H2,1.312266230583191,12
892,low_order,encoder,future/0.75ps/instantaneous_TDA_H2,1.0727282762527466,12
893,low_order,encoder,future/0.75ps/instantaneous_TDA_H2,1.0070706605911255,12
894,low_order,encoder,future/0.75ps/instantaneous_TDA_H2,1.0837374925613403,6
895,low_order,encoder,future/0.75ps/instantaneous_TDA_H2,1.2897511720657349,12
896,low_order,encoder,future/0.75ps/instantaneous_TDA_H2,1.0319572687149048,12
897,low_order,encoder,future/0.75ps/instantaneous_TDA_H2,1.4597729444503784,12
898,low_order,encoder,future/0.75ps/instantaneous_TDA_H2,1.372164249420166,12
899,low_order,encoder,future/0.75ps/instantaneous_TDA_H2,0.8725316524505615,9
900,low_order,encoder,future/0.75ps/instantaneous_TDA_H2,1.3034013509750366,12
901,low_order,encoder,future/0.75ps/instantaneous_TDA_H2,1.5559889078140259,9
918,low_order,encoder,future/0.75ps/instantaneous_TDA_H2,1.277673602104187,1
944,low_order,encoder,future/0.75ps/instantaneous_TDA_H2,2.2623982429504395,3
950,low_order,encoder,future/0.75ps/instantaneous_TDA_H2,1.7811557054519653,9
954,low_order,encoder,future/0.75ps/instantaneous_TDA_H2,1.6926689147949219,12
956,low_order,encoder,future/0.75ps/instantaneous_TDA_H2,1.8664569854736328,12
978,low_order,encoder,future/0.75ps/instantaneous_TDA_H2,1.9291359186172485,12
979,low_order,encoder,future/0.75ps/instantaneous_TDA_H2,1.8149051666259766,12
988,low_order,encoder,future/0.75ps/instantaneous_TDA_H2,1.4055534601211548,12
861,low_order,persistence,future/0.75ps/instantaneous_TDA_H2,0.128603994846344,12
864,low_order,persistence,future/0.75ps/instantaneous_TDA_H2,0.21943561732769012,12
865,low_order,persistence,future/0.75ps/instantaneous_TDA_H2,0.17884854972362518,12
866,low_order,persistence,future/0.75ps/instantaneous_TDA_H2,0.12071425467729568,12
867,low_order,persistence,future/0.75ps/instantaneous_TDA_H2,0.1656360924243927,12
868,low_order,persistence,future/0.75ps/instantaneous_TDA_H2,0.11139586567878723,6
869,low_order,persistence,future/0.75ps/instantaneous_TDA_H2,0.12649233639240265,12
870,low_order,persistence,future/0.75ps/instantaneous_TDA_H2,0.1427372545003891,12
871,low_order,persistence,future/0.75ps/instantaneous_TDA_H2,0.21369151771068573,9
874,low_order,persistence,future/0.75ps/instantaneous_TDA_H2,0.13204917311668396,12
884,low_order,persistence,future/0.75ps/instantaneous_TDA_H2,0.10711289197206497,12
885,low_order,persistence,future/0.75ps/instantaneous_TDA_H2,0.08566710352897644,12
887,low_order,persistence,future/0.75ps/instantaneous_TDA_H2,0.09772651642560959,12
888,low_order,persistence,future/0.75ps/instantaneous_TDA_H2,0.10917794704437256,12
889,low_order,persistence,future/0.75ps/instantaneous_TDA_H2,0.08463886380195618,12
890,low_order,persistence,future/0.75ps/instantaneous_TDA_H2,0.14674635231494904,9
891,low_order,persistence,future/0.75ps/instantaneous_TDA_H2,0.1142246350646019,12
892,low_order,persistence,future/0.75ps/instantaneous_TDA_H2,0.1727112978696823,12
893,low_order,persistence,future/0.75ps/instantaneous_TDA_H2,0.13038240373134613,12
894,low_order,persistence,future/0.75ps/instantaneous_TDA_H2,0.11987873166799545,6
895,low_order,persistence,future/0.75ps/instantaneous_TDA_H2,0.1116284504532814,12
896,low_order,persistence,future/0.75ps/instantaneous_TDA_H2,0.16409777104854584,12
897,low_order,persistence,future/0.75ps/instantaneous_TDA_H2,0.12296239286661148,12
898,low_order,persistence,future/0.75ps/instantaneous_TDA_H2,0.06506075710058212,12
899,low_order,persistence,future/0.75ps/instantaneous_TDA_H2,0.09132769703865051,9
900,low_order,persistence,future/0.75ps/instantaneous_TDA_H2,0.12401077896356583,12
901,low_order,persistence,future/0.75ps/instantaneous_TDA_H2,0.21931655704975128,9
918,low_order,persistence,future/0.75ps/instantaneous_TDA_H2,0.08300279080867767,1
944,low_order,persistence,future/0.75ps/instantaneous_TDA_H2,0.11226224899291992,3
950,low_order,persistence,future/0.75ps/instantaneous_TDA_H2,0.09029187262058258,9
954,low_order,persistence,future/0.75ps/instantaneous_TDA_H2,0.11891546100378036,12
956,low_order,persistence,future/0.75ps/instantaneous_TDA_H2,0.14637073874473572,12
978,low_order,persistence,future/0.75ps/instantaneous_TDA_H2,0.12160778045654297,12
979,low_order,persistence,future/0.75ps/instantaneous_TDA_H2,0.17158977687358856,12
988,low_order,persistence,future/0.75ps/instantaneous_TDA_H2,0.16310633718967438,12
861,low_order,encoder,delta/0.75ps/instantaneous_TDA_H2,0.12649141252040863,12
864,low_order,encoder,delta/0.75ps/instantaneous_TDA_H2,0.22227098047733307,12
865,low_order,encoder,delta/0.75ps/instantaneous_TDA_H2,0.18843631446361542,12
866,low_order,encoder,delta/0.75ps/instantaneous_TDA_H2,0.12500466406345367,12
867,low_order,encoder,delta/0.75ps/instantaneous_TDA_H2,0.17821191251277924,12
868,low_order,encoder,delta/0.75ps/instantaneous_TDA_H2,0.12042609602212906,6
869,low_order,encoder,delta/0.75ps/instantaneous_TDA_H2,0.1365601271390915,12
870,low_order,encoder,delta/0.75ps/instantaneous_TDA_H2,0.1528775691986084,12
871,low_order,encoder,delta/0.75ps/instantaneous_TDA_H2,0.21541881561279297,9
874,low_order,encoder,delta/0.75ps/instantaneous_TDA_H2,0.13822996616363525,12
884,low_order,encoder,delta/0.75ps/instantaneous_TDA_H2,0.11452843993902206,12
885,low_order,encoder,delta/0.75ps/instantaneous_TDA_H2,0.09497853368520737,12
887,low_order,encoder,delta/0.75ps/instantaneous_TDA_H2,0.10470324009656906,12
888,low_order,encoder,delta/0.75ps/instantaneous_TDA_H2,0.1173010766506195,12
889,low_order,encoder,delta/0.75ps/instantaneous_TDA_H2,0.09085515886545181,12
890,low_order,encoder,delta/0.75ps/instantaneous_TDA_H2,0.15113914012908936,9
891,low_order,encoder,delta/0.75ps/instantaneous_TDA_H2,0.12500543892383575,12
892,low_order,encoder,delta/0.75ps/instantaneous_TDA_H2,0.18116824328899384,12
893,low_order,encoder,delta/0.75ps/instantaneous_TDA_H2,0.1305774301290512,12
894,low_order,encoder,delta/0.75ps/instantaneous_TDA_H2,0.1338168978691101,6
895,low_order,encoder,delta/0.75ps/instantaneous_TDA_H2,0.11189284175634384,12
896,low_order,encoder,delta/0.75ps/instantaneous_TDA_H2,0.16383622586727142,12
897,low_order,encoder,delta/0.75ps/instantaneous_TDA_H2,0.13045230507850647,12
898,low_order,encoder,delta/0.75ps/instantaneous_TDA_H2,0.07209910452365875,12
899,low_order,encoder,delta/0.75ps/instantaneous_TDA_H2,0.10230271518230438,9
900,low_order,encoder,delta/0.75ps/instantaneous_TDA_H2,0.12355511635541916,12
901,low_order,encoder,delta/0.75ps/instantaneous_TDA_H2,0.22498281300067902,9
918,low_order,encoder,delta/0.75ps/instantaneous_TDA_H2,0.07103275507688522,1
944,low_order,encoder,delta/0.75ps/instantaneous_TDA_H2,0.1094520166516304,3
950,low_order,encoder,delta/0.75ps/instantaneous_TDA_H2,0.09124831855297089,9
954,low_order,encoder,delta/0.75ps/instantaneous_TDA_H2,0.12433291226625443,12
956,low_order,encoder,delta/0.75ps/instantaneous_TDA_H2,0.15247996151447296,12
978,low_order,encoder,delta/0.75ps/instantaneous_TDA_H2,0.125137597322464,12
979,low_order,encoder,delta/0.75ps/instantaneous_TDA_H2,0.1779281347990036,12
988,low_order,encoder,delta/0.75ps/instantaneous_TDA_H2,0.16646717488765717,12
861,low_order,encoder,future/3ps/instantaneous_TDA_H2,2.032538414001465,12
864,low_order,encoder,future/3ps/instantaneous_TDA_H2,1.986688256263733,12
865,low_order,encoder,future/3ps/instantaneous_TDA_H2,1.767492651939392,12
866,low_order,encoder,future/3ps/instantaneous_TDA_H2,1.9537347555160522,12
867,low_order,encoder,future/3ps/instantaneous_TDA_H2,1.8487015962600708,12
868,low_order,encoder,future/3ps/instantaneous_TDA_H2,2.0398130416870117,6
869,low_order,encoder,future/3ps/instantaneous_TDA_H2,1.8528741598129272,12
870,low_order,encoder,future/3ps/instantaneous_TDA_H2,1.932302474975586,12
871,low_order,encoder,future/3ps/instantaneous_TDA_H2,2.0067129135131836,9
874,low_order,encoder,future/3ps/instantaneous_TDA_H2,1.7072030305862427,12
884,low_order,encoder,future/3ps/instantaneous_TDA_H2,1.2016825675964355,12
885,low_order,encoder,future/3ps/instantaneous_TDA_H2,1.152753233909607,12
887,low_order,encoder,future/3ps/instantaneous_TDA_H2,1.3793317079544067,12
888,low_order,encoder,future/3ps/instantaneous_TDA_H2,1.228170394897461,12
889,low_order,encoder,future/3ps/instantaneous_TDA_H2,1.290881633758545,12
890,low_order,encoder,future/3ps/instantaneous_TDA_H2,1.1901048421859741,9
891,low_order,encoder,future/3ps/instantaneous_TDA_H2,1.2267533540725708,12
892,low_order,encoder,future/3ps/instantaneous_TDA_H2,1.1199241876602173,12
893,low_order,encoder,future/3ps/instantaneous_TDA_H2,1.2165107727050781,12
894,low_order,encoder,future/3ps/instantaneous_TDA_H2,1.2454509735107422,6
895,low_order,encoder,future/3ps/instantaneous_TDA_H2,1.302137851715088,12
896,low_order,encoder,future/3ps/instantaneous_TDA_H2,1.0215668678283691,12
897,low_order,encoder,future/3ps/instantaneous_TDA_H2,1.3752824068069458,12
898,low_order,encoder,future/3ps/instantaneous_TDA_H2,1.2859537601470947,12
899,low_order,encoder,future/3ps/instantaneous_TDA_H2,0.9063966274261475,9
900,low_order,encoder,future/3ps/instantaneous_TDA_H2,1.20689058303833,12
901,low_order,encoder,future/3ps/instantaneous_TDA_H2,1.1896607875823975,9
918,low_order,encoder,future/3ps/instantaneous_TDA_H2,1.1946319341659546,1
944,low_order,encoder,future/3ps/instantaneous_TDA_H2,2.2381184101104736,3
950,low_order,encoder,future/3ps/instantaneous_TDA_H2,1.8074359893798828,9
954,low_order,encoder,future/3ps/instantaneous_TDA_H2,1.9544461965560913,12
956,low_order,encoder,future/3ps/instantaneous_TDA_H2,1.5587854385375977,12
978,low_order,encoder,future/3ps/instantaneous_TDA_H2,1.6912039518356323,12
979,low_order,encoder,future/3ps/instantaneous_TDA_H2,1.775084376335144,12
988,low_order,encoder,future/3ps/instantaneous_TDA_H2,1.1894121170043945,12
861,low_order,persistence,future/3ps/instantaneous_TDA_H2,0.21088211238384247,12
864,low_order,persistence,future/3ps/instantaneous_TDA_H2,0.19112609326839447,12
865,low_order,persistence,future/3ps/instantaneous_TDA_H2,0.2078801393508911,12
866,low_order,persistence,future/3ps/instantaneous_TDA_H2,0.1689876914024353,12
867,low_order,persistence,future/3ps/instantaneous_TDA_H2,0.21380706131458282,12
868,low_order,persistence,future/3ps/instantaneous_TDA_H2,0.1129411831498146,6
869,low_order,persistence,future/3ps/instantaneous_TDA_H2,0.1583985537290573,12
870,low_order,persistence,future/3ps/instantaneous_TDA_H2,0.16895152628421783,12
871,low_order,persistence,future/3ps/instantaneous_TDA_H2,0.18983809649944305,9
874,low_order,persistence,future/3ps/instantaneous_TDA_H2,0.17370964586734772,12
884,low_order,persistence,future/3ps/instantaneous_TDA_H2,0.11591608077287674,12
885,low_order,persistence,future/3ps/instantaneous_TDA_H2,0.12495120614767075,12
887,low_order,persistence,future/3ps/instantaneous_TDA_H2,0.14610645174980164,12
888,low_order,persistence,future/3ps/instantaneous_TDA_H2,0.12447246164083481,12
889,low_order,persistence,future/3ps/instantaneous_TDA_H2,0.12479346990585327,12
890,low_order,persistence,future/3ps/instantaneous_TDA_H2,0.132564976811409,9
891,low_order,persistence,future/3ps/instantaneous_TDA_H2,0.11023391038179398,12
892,low_order,persistence,future/3ps/instantaneous_TDA_H2,0.15417537093162537,12
893,low_order,persistence,future/3ps/instantaneous_TDA_H2,0.1367398053407669,12
894,low_order,persistence,future/3ps/instantaneous_TDA_H2,0.1476401835680008,6
895,low_order,persistence,future/3ps/instantaneous_TDA_H2,0.1161360815167427,12
896,low_order,persistence,future/3ps/instantaneous_TDA_H2,0.13336153328418732,12
897,low_order,persistence,future/3ps/instantaneous_TDA_H2,0.10726653784513474,12
898,low_order,persistence,future/3ps/instantaneous_TDA_H2,0.11558141559362411,12
899,low_order,persistence,future/3ps/instantaneous_TDA_H2,0.1561404913663864,9
900,low_order,persistence,future/3ps/instantaneous_TDA_H2,0.09154877811670303,12
901,low_order,persistence,future/3ps/instantaneous_TDA_H2,0.1765805184841156,9
918,low_order,persistence,future/3ps/instantaneous_TDA_H2,0.088927261531353,1
944,low_order,persistence,future/3ps/instantaneous_TDA_H2,0.04885901138186455,3
950,low_order,persistence,future/3ps/instantaneous_TDA_H2,0.21849995851516724,9
954,low_order,persistence,future/3ps/instantaneous_TDA_H2,0.1433301717042923,12
956,low_order,persistence,future/3ps/instantaneous_TDA_H2,0.16284345090389252,12
978,low_order,persistence,future/3ps/instantaneous_TDA_H2,0.14007645845413208,12
979,low_order,persistence,future/3ps/instantaneous_TDA_H2,0.14950132369995117,12
988,low_order,persistence,future/3ps/instantaneous_TDA_H2,0.17630703747272491,12
861,low_order,encoder,delta/3ps/instantaneous_TDA_H2,0.22043544054031372,12
864,low_order,encoder,delta/3ps/instantaneous_TDA_H2,0.19721007347106934,12
865,low_order,encoder,delta/3ps/instantaneous_TDA_H2,0.207335963845253,12
866,low_order,encoder,delta/3ps/instantaneous_TDA_H2,0.16938064992427826,12
867,low_order,encoder,delta/3ps/instantaneous_TDA_H2,0.23339803516864777,12
868,low_order,encoder,delta/3ps/instantaneous_TDA_H2,0.11496365815401077,6
869,low_order,encoder,delta/3ps/instantaneous_TDA_H2,0.16108393669128418,12
870,low_order,encoder,delta/3ps/instantaneous_TDA_H2,0.17553545534610748,12
871,low_order,encoder,delta/3ps/instantaneous_TDA_H2,0.20771510899066925,9
874,low_order,encoder,delta/3ps/instantaneous_TDA_H2,0.1729767769575119,12
884,low_order,encoder,delta/3ps/instantaneous_TDA_H2,0.12527766823768616,12
885,low_order,encoder,delta/3ps/instantaneous_TDA_H2,0.1291913241147995,12
887,low_order,encoder,delta/3ps/instantaneous_TDA_H2,0.13390012085437775,12
888,low_order,encoder,delta/3ps/instantaneous_TDA_H2,0.12345045804977417,12
889,low_order,encoder,delta/3ps/instantaneous_TDA_H2,0.12656836211681366,12
890,low_order,encoder,delta/3ps/instantaneous_TDA_H2,0.1443544328212738,9
891,low_order,encoder,delta/3ps/instantaneous_TDA_H2,0.11268063634634018,12
892,low_order,encoder,delta/3ps/instantaneous_TDA_H2,0.16420592367649078,12
893,low_order,encoder,delta/3ps/instantaneous_TDA_H2,0.15159974992275238,12
894,low_order,encoder,delta/3ps/instantaneous_TDA_H2,0.1639912873506546,6
895,low_order,encoder,delta/3ps/instantaneous_TDA_H2,0.120716392993927,12
896,low_order,encoder,delta/3ps/instantaneous_TDA_H2,0.13162550330162048,12
897,low_order,encoder,delta/3ps/instantaneous_TDA_H2,0.10818641632795334,12
898,low_order,encoder,delta/3ps/instantaneous_TDA_H2,0.11531435698270798,12
899,low_order,encoder,delta/3ps/instantaneous_TDA_H2,0.16710877418518066,9
900,low_order,encoder,delta/3ps/instantaneous_TDA_H2,0.08716556429862976,12
901,low_order,encoder,delta/3ps/instantaneous_TDA_H2,0.16343174874782562,9
918,low_order,encoder,delta/3ps/instantaneous_TDA_H2,0.09143618494272232,1
944,low_order,encoder,delta/3ps/instantaneous_TDA_H2,0.04218387231230736,3
950,low_order,encoder,delta/3ps/instantaneous_TDA_H2,0.2193251997232437,9
954,low_order,encoder,delta/3ps/instantaneous_TDA_H2,0.16032733023166656,12
956,low_order,encoder,delta/3ps/instantaneous_TDA_H2,0.15342815220355988,12
978,low_order,encoder,delta/3ps/instantaneous_TDA_H2,0.12878672778606415,12
979,low_order,encoder,delta/3ps/instantaneous_TDA_H2,0.15586254000663757,12
988,low_order,encoder,delta/3ps/instantaneous_TDA_H2,0.17376303672790527,12
861,low_order,encoder,future/9ps/instantaneous_TDA_H2,1.764135479927063,12
864,low_order,encoder,future/9ps/instantaneous_TDA_H2,1.9232574701309204,12
865,low_order,encoder,future/9ps/instantaneous_TDA_H2,1.7284010648727417,12
866,low_order,encoder,future/9ps/instantaneous_TDA_H2,1.652288794517517,12
867,low_order,encoder,future/9ps/instantaneous_TDA_H2,1.9074612855911255,12
868,low_order,encoder,future/9ps/instantaneous_TDA_H2,1.1954230070114136,6
869,low_order,encoder,future/9ps/instantaneous_TDA_H2,1.8696832656860352,12
870,low_order,encoder,future/9ps/instantaneous_TDA_H2,1.5897337198257446,12
871,low_order,encoder,future/9ps/instantaneous_TDA_H2,1.5570948123931885,9
874,low_order,encoder,future/9ps/instantaneous_TDA_H2,1.8202050924301147,12
884,low_order,encoder,future/9ps/instantaneous_TDA_H2,1.1965911388397217,12
885,low_order,encoder,future/9ps/instantaneous_TDA_H2,1.143325686454773,12
887,low_order,encoder,future/9ps/instantaneous_TDA_H2,1.5306415557861328,12
888,low_order,encoder,future/9ps/instantaneous_TDA_H2,1.3854275941848755,12
889,low_order,encoder,future/9ps/instantaneous_TDA_H2,1.1851704120635986,12
890,low_order,encoder,future/9ps/instantaneous_TDA_H2,1.3589844703674316,9
891,low_order,encoder,future/9ps/instantaneous_TDA_H2,1.322096586227417,12
892,low_order,encoder,future/9ps/instantaneous_TDA_H2,1.0578259229660034,12
893,low_order,encoder,future/9ps/instantaneous_TDA_H2,1.4015560150146484,12
894,low_order,encoder,future/9ps/instantaneous_TDA_H2,1.1737414598464966,6
895,low_order,encoder,future/9ps/instantaneous_TDA_H2,1.489571213722229,12
896,low_order,encoder,future/9ps/instantaneous_TDA_H2,1.1828298568725586,12
897,low_order,encoder,future/9ps/instantaneous_TDA_H2,1.5235222578048706,12
898,low_order,encoder,future/9ps/instantaneous_TDA_H2,1.3798795938491821,12
899,low_order,encoder,future/9ps/instantaneous_TDA_H2,0.9366297125816345,9
900,low_order,encoder,future/9ps/instantaneous_TDA_H2,1.2648190259933472,12
901,low_order,encoder,future/9ps/instantaneous_TDA_H2,1.1277943849563599,9
918,low_order,encoder,future/9ps/instantaneous_TDA_H2,1.0137437582015991,1
944,low_order,encoder,future/9ps/instantaneous_TDA_H2,0.5430514812469482,3
950,low_order,encoder,future/9ps/instantaneous_TDA_H2,1.2628209590911865,9
954,low_order,encoder,future/9ps/instantaneous_TDA_H2,1.6703829765319824,12
956,low_order,encoder,future/9ps/instantaneous_TDA_H2,1.5066914558410645,12
978,low_order,encoder,future/9ps/instantaneous_TDA_H2,1.567444920539856,12
979,low_order,encoder,future/9ps/instantaneous_TDA_H2,1.6171411275863647,12
988,low_order,encoder,future/9ps/instantaneous_TDA_H2,1.445343017578125,12
861,low_order,persistence,future/9ps/instantaneous_TDA_H2,0.1979859471321106,12
864,low_order,persistence,future/9ps/instantaneous_TDA_H2,0.14667804539203644,12
865,low_order,persistence,future/9ps/instantaneous_TDA_H2,0.2339903861284256,12
866,low_order,persistence,future/9ps/instantaneous_TDA_H2,0.16697199642658234,12
867,low_order,persistence,future/9ps/instantaneous_TDA_H2,0.17236505448818207,12
868,low_order,persistence,future/9ps/instantaneous_TDA_H2,0.7234295010566711,6
869,low_order,persistence,future/9ps/instantaneous_TDA_H2,0.1289830058813095,12
870,low_order,persistence,future/9ps/instantaneous_TDA_H2,0.1992058902978897,12
871,low_order,persistence,future/9ps/instantaneous_TDA_H2,0.41025620698928833,9
874,low_order,persistence,future/9ps/instantaneous_TDA_H2,0.12946470081806183,12
884,low_order,persistence,future/9ps/instantaneous_TDA_H2,0.15691086649894714,12
885,low_order,persistence,future/9ps/instantaneous_TDA_H2,0.11431100964546204,12
887,low_order,persistence,future/9ps/instantaneous_TDA_H2,0.11122792959213257,12
888,low_order,persistence,future/9ps/instantaneous_TDA_H2,0.1470382958650589,12
889,low_order,persistence,future/9ps/instantaneous_TDA_H2,0.40803536772727966,12
890,low_order,persistence,future/9ps/instantaneous_TDA_H2,0.14205308258533478,9
891,low_order,persistence,future/9ps/instantaneous_TDA_H2,0.15423835813999176,12
892,low_order,persistence,future/9ps/instantaneous_TDA_H2,0.18486928939819336,12
893,low_order,persistence,future/9ps/instantaneous_TDA_H2,0.12455736845731735,12
894,low_order,persistence,future/9ps/instantaneous_TDA_H2,0.1143641248345375,6
895,low_order,persistence,future/9ps/instantaneous_TDA_H2,0.1047084853053093,12
896,low_order,persistence,future/9ps/instantaneous_TDA_H2,0.142059788107872,12
897,low_order,persistence,future/9ps/instantaneous_TDA_H2,0.10685080289840698,12
898,low_order,persistence,future/9ps/instantaneous_TDA_H2,0.12744630873203278,12
899,low_order,persistence,future/9ps/instantaneous_TDA_H2,0.1984660029411316,9
900,low_order,persistence,future/9ps/instantaneous_TDA_H2,0.13801468908786774,12
901,low_order,persistence,future/9ps/instantaneous_TDA_H2,0.4711400270462036,9
918,low_order,persistence,future/9ps/instantaneous_TDA_H2,0.1787244826555252,1
944,low_order,persistence,future/9ps/instantaneous_TDA_H2,0.8231847882270813,3
950,low_order,persistence,future/9ps/instantaneous_TDA_H2,0.2714053690433502,9
954,low_order,persistence,future/9ps/instantaneous_TDA_H2,0.14723999798297882,12
956,low_order,persistence,future/9ps/instantaneous_TDA_H2,0.28018730878829956,12
978,low_order,persistence,future/9ps/instantaneous_TDA_H2,0.22933344542980194,12
979,low_order,persistence,future/9ps/instantaneous_TDA_H2,0.20276421308517456,12
988,low_order,persistence,future/9ps/instantaneous_TDA_H2,0.1480705887079239,12
861,low_order,encoder,delta/9ps/instantaneous_TDA_H2,0.19916915893554688,12
864,low_order,encoder,delta/9ps/instantaneous_TDA_H2,0.15341784060001373,12
865,low_order,encoder,delta/9ps/instantaneous_TDA_H2,0.22253112494945526,12
866,low_order,encoder,delta/9ps/instantaneous_TDA_H2,0.14818879961967468,12
867,low_order,encoder,delta/9ps/instantaneous_TDA_H2,0.19092249870300293,12
868,low_order,encoder,delta/9ps/instantaneous_TDA_H2,0.6833516955375671,6
869,low_order,encoder,delta/9ps/instantaneous_TDA_H2,0.13151375949382782,12
870,low_order,encoder,delta/9ps/instantaneous_TDA_H2,0.19994443655014038,12
871,low_order,encoder,delta/9ps/instantaneous_TDA_H2,0.40747272968292236,9
874,low_order,encoder,delta/9ps/instantaneous_TDA_H2,0.12815071642398834,12
884,low_order,encoder,delta/9ps/instantaneous_TDA_H2,0.15903334319591522,12
885,low_order,encoder,delta/9ps/instantaneous_TDA_H2,0.11965510249137878,12
887,low_order,encoder,delta/9ps/instantaneous_TDA_H2,0.11157359927892685,12
888,low_order,encoder,delta/9ps/instantaneous_TDA_H2,0.15028789639472961,12
889,low_order,encoder,delta/9ps/instantaneous_TDA_H2,0.3900999128818512,12
890,low_order,encoder,delta/9ps/instantaneous_TDA_H2,0.16200238466262817,9
891,low_order,encoder,delta/9ps/instantaneous_TDA_H2,0.16088804602622986,12
892,low_order,encoder,delta/9ps/instantaneous_TDA_H2,0.1901034265756607,12
893,low_order,encoder,delta/9ps/instantaneous_TDA_H2,0.14644035696983337,12
894,low_order,encoder,delta/9ps/instantaneous_TDA_H2,0.1327725499868393,6
895,low_order,encoder,delta/9ps/instantaneous_TDA_H2,0.1176813617348671,12
896,low_order,encoder,delta/9ps/instantaneous_TDA_H2,0.15666674077510834,12
897,low_order,encoder,delta/9ps/instantaneous_TDA_H2,0.11269838362932205,12
898,low_order,encoder,delta/9ps/instantaneous_TDA_H2,0.12862642109394073,12
899,low_order,encoder,delta/9ps/instantaneous_TDA_H2,0.20636503398418427,9
900,low_order,encoder,delta/9ps/instantaneous_TDA_H2,0.1373911201953888,12
901,low_order,encoder,delta/9ps/instantaneous_TDA_H2,0.4488908052444458,9
918,low_order,encoder,delta/9ps/instantaneous_TDA_H2,0.17877554893493652,1
944,low_order,encoder,delta/9ps/instantaneous_TDA_H2,0.7400346398353577,3
950,low_order,encoder,delta/9ps/instantaneous_TDA_H2,0.2476782202720642,9
954,low_order,encoder,delta/9ps/instantaneous_TDA_H2,0.14775361120700836,12
956,low_order,encoder,delta/9ps/instantaneous_TDA_H2,0.2665835916996002,12
978,low_order,encoder,delta/9ps/instantaneous_TDA_H2,0.2166917324066162,12
979,low_order,encoder,delta/9ps/instantaneous_TDA_H2,0.1981067806482315,12
988,low_order,encoder,delta/9ps/instantaneous_TDA_H2,0.14936570823192596,12
861,low_order,encoder,present/motion_even,1.0651966333389282,12
864,low_order,encoder,present/motion_even,1.111969232559204,12
865,low_order,encoder,present/motion_even,1.0686262845993042,12
866,low_order,encoder,present/motion_even,0.7268616557121277,12
867,low_order,encoder,present/motion_even,0.9551748633384705,12
868,low_order,encoder,present/motion_even,1.3816133737564087,6
869,low_order,encoder,present/motion_even,1.0323114395141602,12
870,low_order,encoder,present/motion_even,1.1328879594802856,12
871,low_order,encoder,present/motion_even,1.152658224105835,9
874,low_order,encoder,present/motion_even,1.946651816368103,12
884,low_order,encoder,present/motion_even,0.86256343126297,12
885,low_order,encoder,present/motion_even,1.1317837238311768,12
887,low_order,encoder,present/motion_even,1.0816179513931274,12
888,low_order,encoder,present/motion_even,0.7494727969169617,12
889,low_order,encoder,present/motion_even,0.9508481621742249,12
890,low_order,encoder,present/motion_even,0.9937584400177002,9
891,low_order,encoder,present/motion_even,1.182517409324646,12
892,low_order,encoder,present/motion_even,1.413661003112793,12
893,low_order,encoder,present/motion_even,1.1204487085342407,12
894,low_order,encoder,present/motion_even,0.9318370819091797,6
895,low_order,encoder,present/motion_even,0.7401494979858398,12
896,low_order,encoder,present/motion_even,1.0904449224472046,12
897,low_order,encoder,present/motion_even,0.9658768773078918,12
898,low_order,encoder,present/motion_even,0.7870596051216125,12
899,low_order,encoder,present/motion_even,0.8264132738113403,9
900,low_order,encoder,present/motion_even,1.0918500423431396,12
901,low_order,encoder,present/motion_even,1.1640284061431885,9
918,low_order,encoder,present/motion_even,0.346987247467041,1
944,low_order,encoder,present/motion_even,2.012483835220337,3
950,low_order,encoder,present/motion_even,0.8669919371604919,9
954,low_order,encoder,present/motion_even,1.2284197807312012,12
956,low_order,encoder,present/motion_even,0.7929664254188538,12
978,low_order,encoder,present/motion_even,0.626384437084198,12
979,low_order,encoder,present/motion_even,1.3370684385299683,12
988,low_order,encoder,present/motion_even,1.0795323848724365,12
861,low_order,encoder,future/0.75ps/motion_even,1.1941090822219849,12
864,low_order,encoder,future/0.75ps/motion_even,1.1913095712661743,12
865,low_order,encoder,future/0.75ps/motion_even,0.8046727776527405,12
866,low_order,encoder,future/0.75ps/motion_even,0.7272599339485168,12
867,low_order,encoder,future/0.75ps/motion_even,1.1639171838760376,12
868,low_order,encoder,future/0.75ps/motion_even,0.9921829104423523,6
869,low_order,encoder,future/0.75ps/motion_even,1.0185242891311646,12
870,low_order,encoder,future/0.75ps/motion_even,1.2262276411056519,12
871,low_order,encoder,future/0.75ps/motion_even,1.583787441253662,9
874,low_order,encoder,future/0.75ps/motion_even,0.8855800032615662,12
884,low_order,encoder,future/0.75ps/motion_even,1.052930235862732,12
885,low_order,encoder,future/0.75ps/motion_even,1.2394688129425049,12
887,low_order,encoder,future/0.75ps/motion_even,0.9777869582176208,12
888,low_order,encoder,future/0.75ps/motion_even,0.6387145519256592,12
889,low_order,encoder,future/0.75ps/motion_even,1.273960828781128,12
890,low_order,encoder,future/0.75ps/motion_even,1.1494383811950684,9
891,low_order,encoder,future/0.75ps/motion_even,1.1673141717910767,12
892,low_order,encoder,future/0.75ps/motion_even,1.1898051500320435,12
893,low_order,encoder,future/0.75ps/motion_even,1.2256548404693604,12
894,low_order,encoder,future/0.75ps/motion_even,0.8073980808258057,6
895,low_order,encoder,future/0.75ps/motion_even,1.0140421390533447,12
896,low_order,encoder,future/0.75ps/motion_even,1.0708457231521606,12
897,low_order,encoder,future/0.75ps/motion_even,0.7856183052062988,12
898,low_order,encoder,future/0.75ps/motion_even,0.8709926605224609,12
899,low_order,encoder,future/0.75ps/motion_even,0.6922802329063416,9
900,low_order,encoder,future/0.75ps/motion_even,1.2562390565872192,12
901,low_order,encoder,future/0.75ps/motion_even,0.9865575432777405,9
918,low_order,encoder,future/0.75ps/motion_even,0.6584256291389465,1
944,low_order,encoder,future/0.75ps/motion_even,0.8684397339820862,3
950,low_order,encoder,future/0.75ps/motion_even,0.7314810156822205,9
954,low_order,encoder,future/0.75ps/motion_even,1.2359870672225952,12
956,low_order,encoder,future/0.75ps/motion_even,1.1241706609725952,12
978,low_order,encoder,future/0.75ps/motion_even,0.5511168241500854,12
979,low_order,encoder,future/0.75ps/motion_even,1.3890705108642578,12
988,low_order,encoder,future/0.75ps/motion_even,0.9652912020683289,12
861,low_order,persistence,future/0.75ps/motion_even,1.2983471155166626,12
864,low_order,persistence,future/0.75ps/motion_even,2.1314666271209717,12
865,low_order,persistence,future/0.75ps/motion_even,1.4924355745315552,12
866,low_order,persistence,future/0.75ps/motion_even,1.4257946014404297,12
867,low_order,persistence,future/0.75ps/motion_even,1.2363642454147339,12
868,low_order,persistence,future/0.75ps/motion_even,1.8457149267196655,6
869,low_order,persistence,future/0.75ps/motion_even,1.3999438285827637,12
870,low_order,persistence,future/0.75ps/motion_even,1.6842840909957886,12
871,low_order,persistence,future/0.75ps/motion_even,2.725297212600708,9
874,low_order,persistence,future/0.75ps/motion_even,2.9663126468658447,12
884,low_order,persistence,future/0.75ps/motion_even,0.5164413452148438,12
885,low_order,persistence,future/0.75ps/motion_even,0.8844195008277893,12
887,low_order,persistence,future/0.75ps/motion_even,0.6588392853736877,12
888,low_order,persistence,future/0.75ps/motion_even,0.8925479054450989,12
889,low_order,persistence,future/0.75ps/motion_even,0.5724286437034607,12
890,low_order,persistence,future/0.75ps/motion_even,0.9957442879676819,9
891,low_order,persistence,future/0.75ps/motion_even,1.0617226362228394,12
892,low_order,persistence,future/0.75ps/motion_even,1.396073341369629,12
893,low_order,persistence,future/0.75ps/motion_even,1.066131353378296,12
894,low_order,persistence,future/0.75ps/motion_even,1.8055440187454224,6
895,low_order,persistence,future/0.75ps/motion_even,0.9150378108024597,12
896,low_order,persistence,future/0.75ps/motion_even,0.814206063747406,12
897,low_order,persistence,future/0.75ps/motion_even,0.6601124405860901,12
898,low_order,persistence,future/0.75ps/motion_even,0.6286823153495789,12
899,low_order,persistence,future/0.75ps/motion_even,0.8267589211463928,9
900,low_order,persistence,future/0.75ps/motion_even,0.8993733525276184,12
901,low_order,persistence,future/0.75ps/motion_even,1.0901333093643188,9
918,low_order,persistence,future/0.75ps/motion_even,0.5409548878669739,1
944,low_order,persistence,future/0.75ps/motion_even,1.7993942499160767,3
950,low_order,persistence,future/0.75ps/motion_even,1.9438942670822144,9
954,low_order,persistence,future/0.75ps/motion_even,1.848038673400879,12
956,low_order,persistence,future/0.75ps/motion_even,2.0053234100341797,12
978,low_order,persistence,future/0.75ps/motion_even,1.1353622674942017,12
979,low_order,persistence,future/0.75ps/motion_even,2.172429323196411,12
988,low_order,persistence,future/0.75ps/motion_even,2.035648822784424,12
861,low_order,encoder,delta/0.75ps/motion_even,1.320804238319397,12
864,low_order,encoder,delta/0.75ps/motion_even,2.08498215675354,12
865,low_order,encoder,delta/0.75ps/motion_even,1.5894831418991089,12
866,low_order,encoder,delta/0.75ps/motion_even,1.394235610961914,12
867,low_order,encoder,delta/0.75ps/motion_even,1.1738942861557007,12
868,low_order,encoder,delta/0.75ps/motion_even,1.8755168914794922,6
869,low_order,encoder,delta/0.75ps/motion_even,1.4208312034606934,12
870,low_order,encoder,delta/0.75ps/motion_even,1.6391185522079468,12
871,low_order,encoder,delta/0.75ps/motion_even,2.687962055206299,9
874,low_order,encoder,delta/0.75ps/motion_even,3.0102603435516357,12
884,low_order,encoder,delta/0.75ps/motion_even,0.552043616771698,12
885,low_order,encoder,delta/0.75ps/motion_even,0.909109354019165,12
887,low_order,encoder,delta/0.75ps/motion_even,0.6605077981948853,12
888,low_order,encoder,delta/0.75ps/motion_even,0.8529407978057861,12
889,low_order,encoder,delta/0.75ps/motion_even,0.6052646040916443,12
890,low_order,encoder,delta/0.75ps/motion_even,1.035959005355835,9
891,low_order,encoder,delta/0.75ps/motion_even,1.0629987716674805,12
892,low_order,encoder,delta/0.75ps/motion_even,1.4450688362121582,12
893,low_order,encoder,delta/0.75ps/motion_even,1.1216896772384644,12
894,low_order,encoder,delta/0.75ps/motion_even,1.7862738370895386,6
895,low_order,encoder,delta/0.75ps/motion_even,0.9725114703178406,12
896,low_order,encoder,delta/0.75ps/motion_even,0.8211991786956787,12
897,low_order,encoder,delta/0.75ps/motion_even,0.6847353577613831,12
898,low_order,encoder,delta/0.75ps/motion_even,0.66159588098526,12
899,low_order,encoder,delta/0.75ps/motion_even,0.8660916090011597,9
900,low_order,encoder,delta/0.75ps/motion_even,0.9259647727012634,12
901,low_order,encoder,delta/0.75ps/motion_even,1.081904649734497,9
918,low_order,encoder,delta/0.75ps/motion_even,0.5065436363220215,1
944,low_order,encoder,delta/0.75ps/motion_even,1.8584662675857544,3
950,low_order,encoder,delta/0.75ps/motion_even,1.988401174545288,9
954,low_order,encoder,delta/0.75ps/motion_even,1.8368602991104126,12
956,low_order,encoder,delta/0.75ps/motion_even,2.0041449069976807,12
978,low_order,encoder,delta/0.75ps/motion_even,1.1581000089645386,12
979,low_order,encoder,delta/0.75ps/motion_even,2.1915993690490723,12
988,low_order,encoder,delta/0.75ps/motion_even,2.0429933071136475,12
861,low_order,encoder,future/3ps/motion_even,1.0884171724319458,12
864,low_order,encoder,future/3ps/motion_even,1.3485585451126099,12
865,low_order,encoder,future/3ps/motion_even,0.771176815032959,12
866,low_order,encoder,future/3ps/motion_even,2.115422487258911,12
867,low_order,encoder,future/3ps/motion_even,0.962603747844696,12
868,low_order,encoder,future/3ps/motion_even,0.6684427857398987,6
869,low_order,encoder,future/3ps/motion_even,1.2035707235336304,12
870,low_order,encoder,future/3ps/motion_even,0.7417197823524475,12
871,low_order,encoder,future/3ps/motion_even,1.0784151554107666,9
874,low_order,encoder,future/3ps/motion_even,1.3718671798706055,12
884,low_order,encoder,future/3ps/motion_even,1.2425854206085205,12
885,low_order,encoder,future/3ps/motion_even,0.552278459072113,12
887,low_order,encoder,future/3ps/motion_even,1.2818843126296997,12
888,low_order,encoder,future/3ps/motion_even,1.1043416261672974,12
889,low_order,encoder,future/3ps/motion_even,0.9744290709495544,12
890,low_order,encoder,future/3ps/motion_even,1.1011250019073486,9
891,low_order,encoder,future/3ps/motion_even,1.428143858909607,12
892,low_order,encoder,future/3ps/motion_even,1.1727186441421509,12
893,low_order,encoder,future/3ps/motion_even,0.9804894924163818,12
894,low_order,encoder,future/3ps/motion_even,1.2148492336273193,6
895,low_order,encoder,future/3ps/motion_even,0.9748635292053223,12
896,low_order,encoder,future/3ps/motion_even,1.4525254964828491,12
897,low_order,encoder,future/3ps/motion_even,1.3601722717285156,12
898,low_order,encoder,future/3ps/motion_even,1.483442783355713,12
899,low_order,encoder,future/3ps/motion_even,0.887799859046936,9
900,low_order,encoder,future/3ps/motion_even,0.8314175605773926,12
901,low_order,encoder,future/3ps/motion_even,1.0533663034439087,9
918,low_order,encoder,future/3ps/motion_even,0.7704523205757141,1
944,low_order,encoder,future/3ps/motion_even,0.5859336853027344,3
950,low_order,encoder,future/3ps/motion_even,1.0579519271850586,9
954,low_order,encoder,future/3ps/motion_even,0.7788606286048889,12
956,low_order,encoder,future/3ps/motion_even,0.8039310574531555,12
978,low_order,encoder,future/3ps/motion_even,1.2752376794815063,12
979,low_order,encoder,future/3ps/motion_even,1.0586763620376587,12
988,low_order,encoder,future/3ps/motion_even,0.7613474726676941,12
861,low_order,persistence,future/3ps/motion_even,1.8213410377502441,12
864,low_order,persistence,future/3ps/motion_even,2.546351909637451,12
865,low_order,persistence,future/3ps/motion_even,1.4537314176559448,12
866,low_order,persistence,future/3ps/motion_even,2.3384804725646973,12
867,low_order,persistence,future/3ps/motion_even,1.677289605140686,12
868,low_order,persistence,future/3ps/motion_even,1.7660260200500488,6
869,low_order,persistence,future/3ps/motion_even,1.4166122674942017,12
870,low_order,persistence,future/3ps/motion_even,1.2828980684280396,12
871,low_order,persistence,future/3ps/motion_even,1.2864151000976562,9
874,low_order,persistence,future/3ps/motion_even,2.707044839859009,12
884,low_order,persistence,future/3ps/motion_even,0.771789014339447,12
885,low_order,persistence,future/3ps/motion_even,1.0010757446289062,12
887,low_order,persistence,future/3ps/motion_even,1.488986849784851,12
888,low_order,persistence,future/3ps/motion_even,0.7546349167823792,12
889,low_order,persistence,future/3ps/motion_even,0.6895902156829834,12
890,low_order,persistence,future/3ps/motion_even,0.8931015729904175,9
891,low_order,persistence,future/3ps/motion_even,0.9818730354309082,12
892,low_order,persistence,future/3ps/motion_even,1.198870301246643,12
893,low_order,persistence,future/3ps/motion_even,1.499430775642395,12
894,low_order,persistence,future/3ps/motion_even,1.3036242723464966,6
895,low_order,persistence,future/3ps/motion_even,1.1475751399993896,12
896,low_order,persistence,future/3ps/motion_even,1.0262349843978882,12
897,low_order,persistence,future/3ps/motion_even,1.2878961563110352,12
898,low_order,persistence,future/3ps/motion_even,1.078393816947937,12
899,low_order,persistence,future/3ps/motion_even,0.9168722629547119,9
900,low_order,persistence,future/3ps/motion_even,0.61079341173172,12
901,low_order,persistence,future/3ps/motion_even,1.52920663356781,9
918,low_order,persistence,future/3ps/motion_even,0.3074618875980377,1
944,low_order,persistence,future/3ps/motion_even,0.7909669280052185,3
950,low_order,persistence,future/3ps/motion_even,1.505226492881775,9
954,low_order,persistence,future/3ps/motion_even,1.8675867319107056,12
956,low_order,persistence,future/3ps/motion_even,1.7705912590026855,12
978,low_order,persistence,future/3ps/motion_even,1.741551399230957,12
979,low_order,persistence,future/3ps/motion_even,2.0555739402770996,12
988,low_order,persistence,future/3ps/motion_even,1.8031619787216187,12
861,low_order,encoder,delta/3ps/motion_even,1.9058685302734375,12
864,low_order,encoder,delta/3ps/motion_even,2.4635202884674072,12
865,low_order,encoder,delta/3ps/motion_even,1.535706877708435,12
866,low_order,encoder,delta/3ps/motion_even,2.172372817993164,12
867,low_order,encoder,delta/3ps/motion_even,1.6908868551254272,12
868,low_order,encoder,delta/3ps/motion_even,1.8660101890563965,6
869,low_order,encoder,delta/3ps/motion_even,1.50050687789917,12
870,low_order,encoder,delta/3ps/motion_even,1.3029378652572632,12
871,low_order,encoder,delta/3ps/motion_even,1.2072691917419434,9
874,low_order,encoder,delta/3ps/motion_even,2.6766769886016846,12
884,low_order,encoder,delta/3ps/motion_even,0.8311045169830322,12
885,low_order,encoder,delta/3ps/motion_even,0.9071741104125977,12
887,low_order,encoder,delta/3ps/motion_even,1.4583834409713745,12
888,low_order,encoder,delta/3ps/motion_even,0.7963981032371521,12
889,low_order,encoder,delta/3ps/motion_even,0.668360710144043,12
890,low_order,encoder,delta/3ps/motion_even,0.9402358531951904,9
891,low_order,encoder,delta/3ps/motion_even,1.0277509689331055,12
892,low_order,encoder,delta/3ps/motion_even,1.2667139768600464,12
893,low_order,encoder,delta/3ps/motion_even,1.4802535772323608,12
894,low_order,encoder,delta/3ps/motion_even,1.4137992858886719,6
895,low_order,encoder,delta/3ps/motion_even,1.2479335069656372,12
896,low_order,encoder,delta/3ps/motion_even,1.0831316709518433,12
897,low_order,encoder,delta/3ps/motion_even,1.3518072366714478,12
898,low_order,encoder,delta/3ps/motion_even,1.1384707689285278,12
899,low_order,encoder,delta/3ps/motion_even,0.9693396091461182,9
900,low_order,encoder,delta/3ps/motion_even,0.6029533743858337,12
901,low_order,encoder,delta/3ps/motion_even,1.5384958982467651,9
918,low_order,encoder,delta/3ps/motion_even,0.33465468883514404,1
944,low_order,encoder,delta/3ps/motion_even,0.9004889130592346,3
950,low_order,encoder,delta/3ps/motion_even,1.4692041873931885,9
954,low_order,encoder,delta/3ps/motion_even,1.8653391599655151,12
956,low_order,encoder,delta/3ps/motion_even,1.6972569227218628,12
978,low_order,encoder,delta/3ps/motion_even,1.781108021736145,12
979,low_order,encoder,delta/3ps/motion_even,2.10136079788208,12
988,low_order,encoder,delta/3ps/motion_even,1.8367282152175903,12
861,low_order,encoder,future/9ps/motion_even,1.007700800895691,12
864,low_order,encoder,future/9ps/motion_even,1.2896512746810913,12
865,low_order,encoder,future/9ps/motion_even,1.2053195238113403,12
866,low_order,encoder,future/9ps/motion_even,1.208154559135437,12
867,low_order,encoder,future/9ps/motion_even,2.066939115524292,12
868,low_order,encoder,future/9ps/motion_even,0.9619726538658142,6
869,low_order,encoder,future/9ps/motion_even,1.4424041509628296,12
870,low_order,encoder,future/9ps/motion_even,1.1613601446151733,12
871,low_order,encoder,future/9ps/motion_even,0.8626168370246887,9
874,low_order,encoder,future/9ps/motion_even,1.827022671699524,12
884,low_order,encoder,future/9ps/motion_even,1.4120827913284302,12
885,low_order,encoder,future/9ps/motion_even,0.9948387742042542,12
887,low_order,encoder,future/9ps/motion_even,1.1589592695236206,12
888,low_order,encoder,future/9ps/motion_even,1.017858624458313,12
889,low_order,encoder,future/9ps/motion_even,1.202846646308899,12
890,low_order,encoder,future/9ps/motion_even,1.2210651636123657,9
891,low_order,encoder,future/9ps/motion_even,1.203020453453064,12
892,low_order,encoder,future/9ps/motion_even,1.0511177778244019,12
893,low_order,encoder,future/9ps/motion_even,1.290127158164978,12
894,low_order,encoder,future/9ps/motion_even,1.1204229593276978,6
895,low_order,encoder,future/9ps/motion_even,0.7863945960998535,12
896,low_order,encoder,future/9ps/motion_even,0.7918987274169922,12
897,low_order,encoder,future/9ps/motion_even,1.0723758935928345,12
898,low_order,encoder,future/9ps/motion_even,0.8031309247016907,12
899,low_order,encoder,future/9ps/motion_even,1.356478214263916,9
900,low_order,encoder,future/9ps/motion_even,1.0675768852233887,12
901,low_order,encoder,future/9ps/motion_even,1.3717831373214722,9
918,low_order,encoder,future/9ps/motion_even,0.8201064467430115,1
944,low_order,encoder,future/9ps/motion_even,1.4036307334899902,3
950,low_order,encoder,future/9ps/motion_even,0.5335504412651062,9
954,low_order,encoder,future/9ps/motion_even,1.2946604490280151,12
956,low_order,encoder,future/9ps/motion_even,1.0385990142822266,12
978,low_order,encoder,future/9ps/motion_even,1.4894660711288452,12
979,low_order,encoder,future/9ps/motion_even,1.2739348411560059,12
988,low_order,encoder,future/9ps/motion_even,1.1043524742126465,12
861,low_order,persistence,future/9ps/motion_even,1.5997461080551147,12
864,low_order,persistence,future/9ps/motion_even,2.1985390186309814,12
865,low_order,persistence,future/9ps/motion_even,1.956950068473816,12
866,low_order,persistence,future/9ps/motion_even,2.0365374088287354,12
867,low_order,persistence,future/9ps/motion_even,2.7933504581451416,12
868,low_order,persistence,future/9ps/motion_even,2.0393176078796387,6
869,low_order,persistence,future/9ps/motion_even,1.799707055091858,12
870,low_order,persistence,future/9ps/motion_even,1.5678249597549438,12
871,low_order,persistence,future/9ps/motion_even,1.5189813375473022,9
874,low_order,persistence,future/9ps/motion_even,3.758333206176758,12
884,low_order,persistence,future/9ps/motion_even,0.8928191065788269,12
885,low_order,persistence,future/9ps/motion_even,0.6549372673034668,12
887,low_order,persistence,future/9ps/motion_even,0.9921600818634033,12
888,low_order,persistence,future/9ps/motion_even,0.7577447295188904,12
889,low_order,persistence,future/9ps/motion_even,1.1228007078170776,12
890,low_order,persistence,future/9ps/motion_even,0.8352519273757935,9
891,low_order,persistence,future/9ps/motion_even,1.1831284761428833,12
892,low_order,persistence,future/9ps/motion_even,1.6319104433059692,12
893,low_order,persistence,future/9ps/motion_even,1.5266242027282715,12
894,low_order,persistence,future/9ps/motion_even,1.4144259691238403,6
895,low_order,persistence,future/9ps/motion_even,1.3479156494140625,12
896,low_order,persistence,future/9ps/motion_even,0.8546070456504822,12
897,low_order,persistence,future/9ps/motion_even,0.8482956886291504,12
898,low_order,persistence,future/9ps/motion_even,0.798680305480957,12
899,low_order,persistence,future/9ps/motion_even,1.2779546976089478,9
900,low_order,persistence,future/9ps/motion_even,0.7769433856010437,12
901,low_order,persistence,future/9ps/motion_even,1.2950873374938965,9
918,low_order,persistence,future/9ps/motion_even,0.23238389194011688,1
944,low_order,persistence,future/9ps/motion_even,1.7837032079696655,3
950,low_order,persistence,future/9ps/motion_even,1.095461368560791,9
954,low_order,persistence,future/9ps/motion_even,2.2057294845581055,12
956,low_order,persistence,future/9ps/motion_even,1.4760135412216187,12
978,low_order,persistence,future/9ps/motion_even,1.7284173965454102,12
979,low_order,persistence,future/9ps/motion_even,1.9405155181884766,12
988,low_order,persistence,future/9ps/motion_even,2.1159489154815674,12
861,low_order,encoder,delta/9ps/motion_even,1.7207773923873901,12
864,low_order,encoder,delta/9ps/motion_even,2.137695550918579,12
865,low_order,encoder,delta/9ps/motion_even,1.979549765586853,12
866,low_order,encoder,delta/9ps/motion_even,2.0176541805267334,12
867,low_order,encoder,delta/9ps/motion_even,2.9013051986694336,12
868,low_order,encoder,delta/9ps/motion_even,2.1277458667755127,6
869,low_order,encoder,delta/9ps/motion_even,1.8250139951705933,12
870,low_order,encoder,delta/9ps/motion_even,1.5663479566574097,12
871,low_order,encoder,delta/9ps/motion_even,1.4522428512573242,9
874,low_order,encoder,delta/9ps/motion_even,3.7796943187713623,12
884,low_order,encoder,delta/9ps/motion_even,0.9014089107513428,12
885,low_order,encoder,delta/9ps/motion_even,0.6790713667869568,12
887,low_order,encoder,delta/9ps/motion_even,0.9792807102203369,12
888,low_order,encoder,delta/9ps/motion_even,0.8138270974159241,12
889,low_order,encoder,delta/9ps/motion_even,1.1363402605056763,12
890,low_order,encoder,delta/9ps/motion_even,0.9006077647209167,9
891,low_order,encoder,delta/9ps/motion_even,1.250919222831726,12
892,low_order,encoder,delta/9ps/motion_even,1.6409140825271606,12
893,low_order,encoder,delta/9ps/motion_even,1.523188591003418,12
894,low_order,encoder,delta/9ps/motion_even,1.4435276985168457,6
895,low_order,encoder,delta/9ps/motion_even,1.4545873403549194,12
896,low_order,encoder,delta/9ps/motion_even,0.880598783493042,12
897,low_order,encoder,delta/9ps/motion_even,0.929410457611084,12
898,low_order,encoder,delta/9ps/motion_even,0.8178873062133789,12
899,low_order,encoder,delta/9ps/motion_even,1.4102720022201538,9
900,low_order,encoder,delta/9ps/motion_even,0.8263261318206787,12
901,low_order,encoder,delta/9ps/motion_even,1.3281835317611694,9
918,low_order,encoder,delta/9ps/motion_even,0.23129121959209442,1
944,low_order,encoder,delta/9ps/motion_even,1.7475299835205078,3
950,low_order,encoder,delta/9ps/motion_even,1.065100908279419,9
954,low_order,encoder,delta/9ps/motion_even,2.1740005016326904,12
956,low_order,encoder,delta/9ps/motion_even,1.4418972730636597,12
978,low_order,encoder,delta/9ps/motion_even,1.73114812374115,12
979,low_order,encoder,delta/9ps/motion_even,1.8833461999893188,12
988,low_order,encoder,delta/9ps/motion_even,2.121587038040161,12
861,low_order,encoder,present/motion_odd,0.7825651168823242,12
864,low_order,encoder,present/motion_odd,0.8097090125083923,12
865,low_order,encoder,present/motion_odd,0.7788462042808533,12
866,low_order,encoder,present/motion_odd,0.8971304297447205,12
867,low_order,encoder,present/motion_odd,1.3552905321121216,12
868,low_order,encoder,present/motion_odd,0.6995260715484619,6
869,low_order,encoder,present/motion_odd,1.0770996809005737,12
870,low_order,encoder,present/motion_odd,1.0333796739578247,12
871,low_order,encoder,present/motion_odd,1.0664902925491333,9
874,low_order,encoder,present/motion_odd,0.6994252800941467,12
884,low_order,encoder,present/motion_odd,0.6949592232704163,12
885,low_order,encoder,present/motion_odd,0.5980418920516968,12
887,low_order,encoder,present/motion_odd,0.6041705012321472,12
888,low_order,encoder,present/motion_odd,0.49237561225891113,12
889,low_order,encoder,present/motion_odd,0.3956206738948822,12
890,low_order,encoder,present/motion_odd,0.878101646900177,9
891,low_order,encoder,present/motion_odd,1.1192086935043335,12
892,low_order,encoder,present/motion_odd,0.9979273676872253,12
893,low_order,encoder,present/motion_odd,0.7043589949607849,12
894,low_order,encoder,present/motion_odd,1.051817536354065,6
895,low_order,encoder,present/motion_odd,0.9015831351280212,12
896,low_order,encoder,present/motion_odd,0.739155113697052,12
897,low_order,encoder,present/motion_odd,0.4122020900249481,12
898,low_order,encoder,present/motion_odd,0.37723442912101746,12
899,low_order,encoder,present/motion_odd,1.1341795921325684,9
900,low_order,encoder,present/motion_odd,0.8422465324401855,12
901,low_order,encoder,present/motion_odd,0.8771968483924866,9
918,low_order,encoder,present/motion_odd,0.04390741512179375,1
944,low_order,encoder,present/motion_odd,0.45748987793922424,3
950,low_order,encoder,present/motion_odd,0.6483545899391174,9
954,low_order,encoder,present/motion_odd,0.8861451745033264,12
956,low_order,encoder,present/motion_odd,0.5204195380210876,12
978,low_order,encoder,present/motion_odd,1.2948001623153687,12
979,low_order,encoder,present/motion_odd,2.4047727584838867,12
988,low_order,encoder,present/motion_odd,0.9294609427452087,12
861,low_order,encoder,future/0.75ps/motion_odd,0.9369511008262634,12
864,low_order,encoder,future/0.75ps/motion_odd,1.1001613140106201,12
865,low_order,encoder,future/0.75ps/motion_odd,0.8405304551124573,12
866,low_order,encoder,future/0.75ps/motion_odd,1.0039408206939697,12
867,low_order,encoder,future/0.75ps/motion_odd,1.19003427028656,12
868,low_order,encoder,future/0.75ps/motion_odd,0.6210213303565979,6
869,low_order,encoder,future/0.75ps/motion_odd,1.2406374216079712,12
870,low_order,encoder,future/0.75ps/motion_odd,0.6824631690979004,12
871,low_order,encoder,future/0.75ps/motion_odd,1.1068930625915527,9
874,low_order,encoder,future/0.75ps/motion_odd,0.8283634185791016,12
884,low_order,encoder,future/0.75ps/motion_odd,0.7909147143363953,12
885,low_order,encoder,future/0.75ps/motion_odd,0.48733341693878174,12
887,low_order,encoder,future/0.75ps/motion_odd,0.4587976634502411,12
888,low_order,encoder,future/0.75ps/motion_odd,0.7249020934104919,12
889,low_order,encoder,future/0.75ps/motion_odd,0.5378888845443726,12
890,low_order,encoder,future/0.75ps/motion_odd,0.9344720840454102,9
891,low_order,encoder,future/0.75ps/motion_odd,0.9171314239501953,12
892,low_order,encoder,future/0.75ps/motion_odd,0.600911557674408,12
893,low_order,encoder,future/0.75ps/motion_odd,0.7318982481956482,12
894,low_order,encoder,future/0.75ps/motion_odd,0.9125773906707764,6
895,low_order,encoder,future/0.75ps/motion_odd,1.0619702339172363,12
896,low_order,encoder,future/0.75ps/motion_odd,0.47350919246673584,12
897,low_order,encoder,future/0.75ps/motion_odd,0.8496851921081543,12
898,low_order,encoder,future/0.75ps/motion_odd,0.48513364791870117,12
899,low_order,encoder,future/0.75ps/motion_odd,0.5110531449317932,9
900,low_order,encoder,future/0.75ps/motion_odd,0.9247403740882874,12
901,low_order,encoder,future/0.75ps/motion_odd,0.8414834141731262,9
918,low_order,encoder,future/0.75ps/motion_odd,0.46674013137817383,1
944,low_order,encoder,future/0.75ps/motion_odd,0.4828242361545563,3
950,low_order,encoder,future/0.75ps/motion_odd,0.6710390448570251,9
954,low_order,encoder,future/0.75ps/motion_odd,0.6620914340019226,12
956,low_order,encoder,future/0.75ps/motion_odd,0.5107549428939819,12
978,low_order,encoder,future/0.75ps/motion_odd,1.0910965204238892,12
979,low_order,encoder,future/0.75ps/motion_odd,2.559654474258423,12
988,low_order,encoder,future/0.75ps/motion_odd,0.7064166069030762,12
861,low_order,persistence,future/0.75ps/motion_odd,1.6950401067733765,12
864,low_order,persistence,future/0.75ps/motion_odd,2.7535009384155273,12
865,low_order,persistence,future/0.75ps/motion_odd,1.8068403005599976,12
866,low_order,persistence,future/0.75ps/motion_odd,2.872476577758789,12
867,low_order,persistence,future/0.75ps/motion_odd,2.09203839302063,12
868,low_order,persistence,future/0.75ps/motion_odd,1.4497861862182617,6
869,low_order,persistence,future/0.75ps/motion_odd,2.775527238845825,12
870,low_order,persistence,future/0.75ps/motion_odd,0.9424834847450256,12
871,low_order,persistence,future/0.75ps/motion_odd,1.9775090217590332,9
874,low_order,persistence,future/0.75ps/motion_odd,1.4195551872253418,12
884,low_order,persistence,future/0.75ps/motion_odd,1.3574262857437134,12
885,low_order,persistence,future/0.75ps/motion_odd,1.0255823135375977,12
887,low_order,persistence,future/0.75ps/motion_odd,1.2754307985305786,12
888,low_order,persistence,future/0.75ps/motion_odd,1.5215085744857788,12
889,low_order,persistence,future/0.75ps/motion_odd,0.38790610432624817,12
890,low_order,persistence,future/0.75ps/motion_odd,1.0687217712402344,9
891,low_order,persistence,future/0.75ps/motion_odd,2.5700843334198,12
892,low_order,persistence,future/0.75ps/motion_odd,1.8198128938674927,12
893,low_order,persistence,future/0.75ps/motion_odd,1.682472586631775,12
894,low_order,persistence,future/0.75ps/motion_odd,2.2992117404937744,6
895,low_order,persistence,future/0.75ps/motion_odd,2.541771173477173,12
896,low_order,persistence,future/0.75ps/motion_odd,1.2566338777542114,12
897,low_order,persistence,future/0.75ps/motion_odd,1.530550479888916,12
898,low_order,persistence,future/0.75ps/motion_odd,0.8597686290740967,12
899,low_order,persistence,future/0.75ps/motion_odd,2.5966813564300537,9
900,low_order,persistence,future/0.75ps/motion_odd,2.4791371822357178,12
901,low_order,persistence,future/0.75ps/motion_odd,1.0925040245056152,9
918,low_order,persistence,future/0.75ps/motion_odd,0.31513822078704834,1
944,low_order,persistence,future/0.75ps/motion_odd,1.7834709882736206,3
950,low_order,persistence,future/0.75ps/motion_odd,1.5456279516220093,9
954,low_order,persistence,future/0.75ps/motion_odd,1.2519927024841309,12
956,low_order,persistence,future/0.75ps/motion_odd,0.8279090523719788,12
978,low_order,persistence,future/0.75ps/motion_odd,1.900464653968811,12
979,low_order,persistence,future/0.75ps/motion_odd,5.022667407989502,12
988,low_order,persistence,future/0.75ps/motion_odd,1.8494511842727661,12
861,low_order,encoder,delta/0.75ps/motion_odd,1.6768468618392944,12
864,low_order,encoder,delta/0.75ps/motion_odd,2.7472422122955322,12
865,low_order,encoder,delta/0.75ps/motion_odd,1.804621696472168,12
866,low_order,encoder,delta/0.75ps/motion_odd,2.872173547744751,12
867,low_order,encoder,delta/0.75ps/motion_odd,2.093003273010254,12
868,low_order,encoder,delta/0.75ps/motion_odd,1.457661509513855,6
869,low_order,encoder,delta/0.75ps/motion_odd,2.776618242263794,12
870,low_order,encoder,delta/0.75ps/motion_odd,0.952329158782959,12
871,low_order,encoder,delta/0.75ps/motion_odd,1.9832676649093628,9
874,low_order,encoder,delta/0.75ps/motion_odd,1.4204906225204468,12
884,low_order,encoder,delta/0.75ps/motion_odd,1.355210304260254,12
885,low_order,encoder,delta/0.75ps/motion_odd,1.0276031494140625,12
887,low_order,encoder,delta/0.75ps/motion_odd,1.2663103342056274,12
888,low_order,encoder,delta/0.75ps/motion_odd,1.5182050466537476,12
889,low_order,encoder,delta/0.75ps/motion_odd,0.39952337741851807,12
890,low_order,encoder,delta/0.75ps/motion_odd,1.0618233680725098,9
891,low_order,encoder,delta/0.75ps/motion_odd,2.57165789604187,12
892,low_order,encoder,delta/0.75ps/motion_odd,1.831486701965332,12
893,low_order,encoder,delta/0.75ps/motion_odd,1.6849960088729858,12
894,low_order,encoder,delta/0.75ps/motion_odd,2.300485372543335,6
895,low_order,encoder,delta/0.75ps/motion_odd,2.5496034622192383,12
896,low_order,encoder,delta/0.75ps/motion_odd,1.2518022060394287,12
897,low_order,encoder,delta/0.75ps/motion_odd,1.5389150381088257,12
898,low_order,encoder,delta/0.75ps/motion_odd,0.8589062690734863,12
899,low_order,encoder,delta/0.75ps/motion_odd,2.5795977115631104,9
900,low_order,encoder,delta/0.75ps/motion_odd,2.4718286991119385,12
901,low_order,encoder,delta/0.75ps/motion_odd,1.1054131984710693,9
918,low_order,encoder,delta/0.75ps/motion_odd,0.315064936876297,1
944,low_order,encoder,delta/0.75ps/motion_odd,1.7977474927902222,3
950,low_order,encoder,delta/0.75ps/motion_odd,1.5506882667541504,9
954,low_order,encoder,delta/0.75ps/motion_odd,1.2536550760269165,12
956,low_order,encoder,delta/0.75ps/motion_odd,0.8275168538093567,12
978,low_order,encoder,delta/0.75ps/motion_odd,1.8975372314453125,12
979,low_order,encoder,delta/0.75ps/motion_odd,5.030282497406006,12
988,low_order,encoder,delta/0.75ps/motion_odd,1.8459721803665161,12
861,low_order,encoder,future/3ps/motion_odd,1.1886831521987915,12
864,low_order,encoder,future/3ps/motion_odd,0.7107770442962646,12
865,low_order,encoder,future/3ps/motion_odd,0.8797719478607178,12
866,low_order,encoder,future/3ps/motion_odd,1.8258109092712402,12
867,low_order,encoder,future/3ps/motion_odd,0.501243531703949,12
868,low_order,encoder,future/3ps/motion_odd,0.5111457109451294,6
869,low_order,encoder,future/3ps/motion_odd,0.7577838897705078,12
870,low_order,encoder,future/3ps/motion_odd,1.006251335144043,12
871,low_order,encoder,future/3ps/motion_odd,1.5580631494522095,9
874,low_order,encoder,future/3ps/motion_odd,1.287741780281067,12
884,low_order,encoder,future/3ps/motion_odd,0.582148551940918,12
885,low_order,encoder,future/3ps/motion_odd,0.4502812623977661,12
887,low_order,encoder,future/3ps/motion_odd,1.0197179317474365,12
888,low_order,encoder,future/3ps/motion_odd,0.7117000222206116,12
889,low_order,encoder,future/3ps/motion_odd,0.6152915954589844,12
890,low_order,encoder,future/3ps/motion_odd,0.7061540484428406,9
891,low_order,encoder,future/3ps/motion_odd,0.7040764689445496,12
892,low_order,encoder,future/3ps/motion_odd,0.38282063603401184,12
893,low_order,encoder,future/3ps/motion_odd,1.2053614854812622,12
894,low_order,encoder,future/3ps/motion_odd,0.634059488773346,6
895,low_order,encoder,future/3ps/motion_odd,0.5624120831489563,12
896,low_order,encoder,future/3ps/motion_odd,0.9139773845672607,12
897,low_order,encoder,future/3ps/motion_odd,1.086495041847229,12
898,low_order,encoder,future/3ps/motion_odd,0.9808472990989685,12
899,low_order,encoder,future/3ps/motion_odd,0.9112628102302551,9
900,low_order,encoder,future/3ps/motion_odd,0.5142174363136292,12
901,low_order,encoder,future/3ps/motion_odd,1.153297781944275,9
918,low_order,encoder,future/3ps/motion_odd,0.5228981375694275,1
944,low_order,encoder,future/3ps/motion_odd,1.553908348083496,3
950,low_order,encoder,future/3ps/motion_odd,1.578098177909851,9
954,low_order,encoder,future/3ps/motion_odd,1.4911712408065796,12
956,low_order,encoder,future/3ps/motion_odd,1.3708523511886597,12
978,low_order,encoder,future/3ps/motion_odd,1.525682806968689,12
979,low_order,encoder,future/3ps/motion_odd,1.8391870260238647,12
988,low_order,encoder,future/3ps/motion_odd,1.4185274839401245,12
861,low_order,persistence,future/3ps/motion_odd,1.4376788139343262,12
864,low_order,persistence,future/3ps/motion_odd,1.8454785346984863,12
865,low_order,persistence,future/3ps/motion_odd,1.0140105485916138,12
866,low_order,persistence,future/3ps/motion_odd,3.3979127407073975,12
867,low_order,persistence,future/3ps/motion_odd,2.1522793769836426,12
868,low_order,persistence,future/3ps/motion_odd,1.4502307176589966,6
869,low_order,persistence,future/3ps/motion_odd,1.2134864330291748,12
870,low_order,persistence,future/3ps/motion_odd,2.164397954940796,12
871,low_order,persistence,future/3ps/motion_odd,0.6616730690002441,9
874,low_order,persistence,future/3ps/motion_odd,1.7561779022216797,12
884,low_order,persistence,future/3ps/motion_odd,0.7061550617218018,12
885,low_order,persistence,future/3ps/motion_odd,1.330980896949768,12
887,low_order,persistence,future/3ps/motion_odd,1.1138441562652588,12
888,low_order,persistence,future/3ps/motion_odd,1.2309902906417847,12
889,low_order,persistence,future/3ps/motion_odd,1.1769238710403442,12
890,low_order,persistence,future/3ps/motion_odd,1.0273748636245728,9
891,low_order,persistence,future/3ps/motion_odd,1.633218765258789,12
892,low_order,persistence,future/3ps/motion_odd,1.7359970808029175,12
893,low_order,persistence,future/3ps/motion_odd,2.175752878189087,12
894,low_order,persistence,future/3ps/motion_odd,1.332114338874817,6
895,low_order,persistence,future/3ps/motion_odd,1.5227408409118652,12
896,low_order,persistence,future/3ps/motion_odd,1.6172380447387695,12
897,low_order,persistence,future/3ps/motion_odd,1.7538889646530151,12
898,low_order,persistence,future/3ps/motion_odd,1.3063246011734009,12
899,low_order,persistence,future/3ps/motion_odd,2.884774923324585,9
900,low_order,persistence,future/3ps/motion_odd,1.532173752784729,12
901,low_order,persistence,future/3ps/motion_odd,3.249037504196167,9
918,low_order,persistence,future/3ps/motion_odd,0.4816306531429291,1
944,low_order,persistence,future/3ps/motion_odd,2.2781872749328613,3
950,low_order,persistence,future/3ps/motion_odd,0.7589617967605591,9
954,low_order,persistence,future/3ps/motion_odd,1.835027813911438,12
956,low_order,persistence,future/3ps/motion_odd,2.2608067989349365,12
978,low_order,persistence,future/3ps/motion_odd,4.119327068328857,12
979,low_order,persistence,future/3ps/motion_odd,3.819485902786255,12
988,low_order,persistence,future/3ps/motion_odd,3.116527557373047,12
861,low_order,encoder,delta/3ps/motion_odd,1.4277197122573853,12
864,low_order,encoder,delta/3ps/motion_odd,1.8417798280715942,12
865,low_order,encoder,delta/3ps/motion_odd,1.0408172607421875,12
866,low_order,encoder,delta/3ps/motion_odd,3.376887559890747,12
867,low_order,encoder,delta/3ps/motion_odd,2.1681125164031982,12
868,low_order,encoder,delta/3ps/motion_odd,1.4497884511947632,6
869,low_order,encoder,delta/3ps/motion_odd,1.2239145040512085,12
870,low_order,encoder,delta/3ps/motion_odd,2.1739213466644287,12
871,low_order,encoder,delta/3ps/motion_odd,0.6746735572814941,9
874,low_order,encoder,delta/3ps/motion_odd,1.7407809495925903,12
884,low_order,encoder,delta/3ps/motion_odd,0.7019891738891602,12
885,low_order,encoder,delta/3ps/motion_odd,1.3279225826263428,12
887,low_order,encoder,delta/3ps/motion_odd,1.1097928285598755,12
888,low_order,encoder,delta/3ps/motion_odd,1.261561393737793,12
889,low_order,encoder,delta/3ps/motion_odd,1.1836506128311157,12
890,low_order,encoder,delta/3ps/motion_odd,0.98781418800354,9
891,low_order,encoder,delta/3ps/motion_odd,1.6580497026443481,12
892,low_order,encoder,delta/3ps/motion_odd,1.727869987487793,12
893,low_order,encoder,delta/3ps/motion_odd,2.1436173915863037,12
894,low_order,encoder,delta/3ps/motion_odd,1.3471397161483765,6
895,low_order,encoder,delta/3ps/motion_odd,1.5243768692016602,12
896,low_order,encoder,delta/3ps/motion_odd,1.6194143295288086,12
897,low_order,encoder,delta/3ps/motion_odd,1.7618769407272339,12
898,low_order,encoder,delta/3ps/motion_odd,1.2938636541366577,12
899,low_order,encoder,delta/3ps/motion_odd,2.872988700866699,9
900,low_order,encoder,delta/3ps/motion_odd,1.5302940607070923,12
901,low_order,encoder,delta/3ps/motion_odd,3.2390077114105225,9
918,low_order,encoder,delta/3ps/motion_odd,0.520146906375885,1
944,low_order,encoder,delta/3ps/motion_odd,2.293658494949341,3
950,low_order,encoder,delta/3ps/motion_odd,0.7748288512229919,9
954,low_order,encoder,delta/3ps/motion_odd,1.831701397895813,12
956,low_order,encoder,delta/3ps/motion_odd,2.2684006690979004,12
978,low_order,encoder,delta/3ps/motion_odd,4.113047122955322,12
979,low_order,encoder,delta/3ps/motion_odd,3.8465535640716553,12
988,low_order,encoder,delta/3ps/motion_odd,3.119563102722168,12
861,low_order,encoder,future/9ps/motion_odd,0.9034431576728821,12
864,low_order,encoder,future/9ps/motion_odd,2.1609034538269043,12
865,low_order,encoder,future/9ps/motion_odd,1.6196175813674927,12
866,low_order,encoder,future/9ps/motion_odd,1.2783823013305664,12
867,low_order,encoder,future/9ps/motion_odd,1.2833280563354492,12
868,low_order,encoder,future/9ps/motion_odd,0.610929548740387,6
869,low_order,encoder,future/9ps/motion_odd,2.00125789642334,12
870,low_order,encoder,future/9ps/motion_odd,0.8621031641960144,12
871,low_order,encoder,future/9ps/motion_odd,1.0389270782470703,9
874,low_order,encoder,future/9ps/motion_odd,1.4846950769424438,12
884,low_order,encoder,future/9ps/motion_odd,1.2529507875442505,12
885,low_order,encoder,future/9ps/motion_odd,0.5527251958847046,12
887,low_order,encoder,future/9ps/motion_odd,0.9657710194587708,12
888,low_order,encoder,future/9ps/motion_odd,0.5607785582542419,12
889,low_order,encoder,future/9ps/motion_odd,0.6446074843406677,12
890,low_order,encoder,future/9ps/motion_odd,0.821048378944397,9
891,low_order,encoder,future/9ps/motion_odd,0.5124955773353577,12
892,low_order,encoder,future/9ps/motion_odd,1.4203201532363892,12
893,low_order,encoder,future/9ps/motion_odd,0.8832321763038635,12
894,low_order,encoder,future/9ps/motion_odd,0.9446225166320801,6
895,low_order,encoder,future/9ps/motion_odd,0.6558437943458557,12
896,low_order,encoder,future/9ps/motion_odd,0.40388238430023193,12
897,low_order,encoder,future/9ps/motion_odd,0.687737762928009,12
898,low_order,encoder,future/9ps/motion_odd,0.6475802063941956,12
899,low_order,encoder,future/9ps/motion_odd,0.745805025100708,9
900,low_order,encoder,future/9ps/motion_odd,0.7510554790496826,12
901,low_order,encoder,future/9ps/motion_odd,0.611880362033844,9
918,low_order,encoder,future/9ps/motion_odd,0.5662780404090881,1
944,low_order,encoder,future/9ps/motion_odd,2.084630250930786,3
950,low_order,encoder,future/9ps/motion_odd,0.8988680243492126,9
954,low_order,encoder,future/9ps/motion_odd,1.2206661701202393,12
956,low_order,encoder,future/9ps/motion_odd,1.3760108947753906,12
978,low_order,encoder,future/9ps/motion_odd,1.8701192140579224,12
979,low_order,encoder,future/9ps/motion_odd,1.2726309299468994,12
988,low_order,encoder,future/9ps/motion_odd,0.9108484387397766,12
861,low_order,persistence,future/9ps/motion_odd,1.9733589887619019,12
864,low_order,persistence,future/9ps/motion_odd,1.9976931810379028,12
865,low_order,persistence,future/9ps/motion_odd,2.107879877090454,12
866,low_order,persistence,future/9ps/motion_odd,2.32871150970459,12
867,low_order,persistence,future/9ps/motion_odd,2.101100206375122,12
868,low_order,persistence,future/9ps/motion_odd,1.4759445190429688,6
869,low_order,persistence,future/9ps/motion_odd,2.6732327938079834,12
870,low_order,persistence,future/9ps/motion_odd,1.8448346853256226,12
871,low_order,persistence,future/9ps/motion_odd,1.2286486625671387,9
874,low_order,persistence,future/9ps/motion_odd,2.1824910640716553,12
884,low_order,persistence,future/9ps/motion_odd,2.141939401626587,12
885,low_order,persistence,future/9ps/motion_odd,0.9508442878723145,12
887,low_order,persistence,future/9ps/motion_odd,1.5358843803405762,12
888,low_order,persistence,future/9ps/motion_odd,0.8281629085540771,12
889,low_order,persistence,future/9ps/motion_odd,0.6431430578231812,12
890,low_order,persistence,future/9ps/motion_odd,2.6175107955932617,9
891,low_order,persistence,future/9ps/motion_odd,1.578277587890625,12
892,low_order,persistence,future/9ps/motion_odd,2.404677629470825,12
893,low_order,persistence,future/9ps/motion_odd,1.5775703191757202,12
894,low_order,persistence,future/9ps/motion_odd,2.8975632190704346,6
895,low_order,persistence,future/9ps/motion_odd,1.6627229452133179,12
896,low_order,persistence,future/9ps/motion_odd,1.532565951347351,12
897,low_order,persistence,future/9ps/motion_odd,0.9152922630310059,12
898,low_order,persistence,future/9ps/motion_odd,1.1087803840637207,12
899,low_order,persistence,future/9ps/motion_odd,0.9813044667243958,9
900,low_order,persistence,future/9ps/motion_odd,1.8480318784713745,12
901,low_order,persistence,future/9ps/motion_odd,0.9710948467254639,9
918,low_order,persistence,future/9ps/motion_odd,0.5150534510612488,1
944,low_order,persistence,future/9ps/motion_odd,2.1650171279907227,3
950,low_order,persistence,future/9ps/motion_odd,1.5656764507293701,9
954,low_order,persistence,future/9ps/motion_odd,2.28235125541687,12
956,low_order,persistence,future/9ps/motion_odd,1.3793715238571167,12
978,low_order,persistence,future/9ps/motion_odd,3.804313898086548,12
979,low_order,persistence,future/9ps/motion_odd,2.6541905403137207,12
988,low_order,persistence,future/9ps/motion_odd,2.370896100997925,12
861,low_order,encoder,delta/9ps/motion_odd,1.9355934858322144,12
864,low_order,encoder,delta/9ps/motion_odd,2.0180552005767822,12
865,low_order,encoder,delta/9ps/motion_odd,2.1666388511657715,12
866,low_order,encoder,delta/9ps/motion_odd,2.342036008834839,12
867,low_order,encoder,delta/9ps/motion_odd,2.0830185413360596,12
868,low_order,encoder,delta/9ps/motion_odd,1.5174185037612915,6
869,low_order,encoder,delta/9ps/motion_odd,2.748366594314575,12
870,low_order,encoder,delta/9ps/motion_odd,1.821463704109192,12
871,low_order,encoder,delta/9ps/motion_odd,1.2327746152877808,9
874,low_order,encoder,delta/9ps/motion_odd,2.2531449794769287,12
884,low_order,encoder,delta/9ps/motion_odd,2.1683762073516846,12
885,low_order,encoder,delta/9ps/motion_odd,0.9653287529945374,12
887,low_order,encoder,delta/9ps/motion_odd,1.5249677896499634,12
888,low_order,encoder,delta/9ps/motion_odd,0.8758813738822937,12
889,low_order,encoder,delta/9ps/motion_odd,0.6446712613105774,12
890,low_order,encoder,delta/9ps/motion_odd,2.494563102722168,9
891,low_order,encoder,delta/9ps/motion_odd,1.643675684928894,12
892,low_order,encoder,delta/9ps/motion_odd,2.4849212169647217,12
893,low_order,encoder,delta/9ps/motion_odd,1.601854920387268,12
894,low_order,encoder,delta/9ps/motion_odd,2.939032793045044,6
895,low_order,encoder,delta/9ps/motion_odd,1.6943292617797852,12
896,low_order,encoder,delta/9ps/motion_odd,1.545964241027832,12
897,low_order,encoder,delta/9ps/motion_odd,0.9798544049263,12
898,low_order,encoder,delta/9ps/motion_odd,1.1246751546859741,12
899,low_order,encoder,delta/9ps/motion_odd,0.9801397323608398,9
900,low_order,encoder,delta/9ps/motion_odd,1.8640304803848267,12
901,low_order,encoder,delta/9ps/motion_odd,0.9663047790527344,9
918,low_order,encoder,delta/9ps/motion_odd,0.5690342783927917,1
944,low_order,encoder,delta/9ps/motion_odd,2.0906355381011963,3
950,low_order,encoder,delta/9ps/motion_odd,1.580137848854065,9
954,low_order,encoder,delta/9ps/motion_odd,2.286475658416748,12
956,low_order,encoder,delta/9ps/motion_odd,1.4250072240829468,12
978,low_order,encoder,delta/9ps/motion_odd,3.7624928951263428,12
979,low_order,encoder,delta/9ps/motion_odd,2.651207447052002,12
988,low_order,encoder,delta/9ps/motion_odd,2.3299386501312256,12
861,low_order,encoder,path/0.75ps/mean_std_qbar6,0.6157689690589905,12
864,low_order,encoder,path/0.75ps/mean_std_qbar6,0.6786600947380066,12
865,low_order,encoder,path/0.75ps/mean_std_qbar6,0.6207098364830017,12
866,low_order,encoder,path/0.75ps/mean_std_qbar6,0.6156256198883057,12
867,low_order,encoder,path/0.75ps/mean_std_qbar6,0.6258946061134338,12
868,low_order,encoder,path/0.75ps/mean_std_qbar6,0.6057383418083191,6
869,low_order,encoder,path/0.75ps/mean_std_qbar6,0.5937120914459229,12
870,low_order,encoder,path/0.75ps/mean_std_qbar6,0.645201563835144,12
871,low_order,encoder,path/0.75ps/mean_std_qbar6,0.5127155780792236,9
874,low_order,encoder,path/0.75ps/mean_std_qbar6,0.6125573515892029,12
884,low_order,encoder,path/0.75ps/mean_std_qbar6,0.6688525080680847,12
885,low_order,encoder,path/0.75ps/mean_std_qbar6,0.5524985790252686,12
887,low_order,encoder,path/0.75ps/mean_std_qbar6,0.5737840533256531,12
888,low_order,encoder,path/0.75ps/mean_std_qbar6,0.5902929902076721,12
889,low_order,encoder,path/0.75ps/mean_std_qbar6,0.4710618257522583,12
890,low_order,encoder,path/0.75ps/mean_std_qbar6,0.6428276896476746,9
891,low_order,encoder,path/0.75ps/mean_std_qbar6,0.670234203338623,12
892,low_order,encoder,path/0.75ps/mean_std_qbar6,0.5624784827232361,12
893,low_order,encoder,path/0.75ps/mean_std_qbar6,0.611696183681488,12
894,low_order,encoder,path/0.75ps/mean_std_qbar6,0.5812405943870544,6
895,low_order,encoder,path/0.75ps/mean_std_qbar6,0.6294466853141785,12
896,low_order,encoder,path/0.75ps/mean_std_qbar6,0.6250199675559998,12
897,low_order,encoder,path/0.75ps/mean_std_qbar6,0.5850321650505066,12
898,low_order,encoder,path/0.75ps/mean_std_qbar6,0.6241250038146973,12
899,low_order,encoder,path/0.75ps/mean_std_qbar6,0.31538575887680054,9
900,low_order,encoder,path/0.75ps/mean_std_qbar6,0.6104692816734314,12
901,low_order,encoder,path/0.75ps/mean_std_qbar6,0.508801281452179,9
918,low_order,encoder,path/0.75ps/mean_std_qbar6,0.017866864800453186,1
944,low_order,encoder,path/0.75ps/mean_std_qbar6,0.6101726293563843,3
950,low_order,encoder,path/0.75ps/mean_std_qbar6,0.5179518461227417,9
954,low_order,encoder,path/0.75ps/mean_std_qbar6,0.6116251945495605,12
956,low_order,encoder,path/0.75ps/mean_std_qbar6,0.6396836638450623,12
978,low_order,encoder,path/0.75ps/mean_std_qbar6,0.6593952178955078,12
979,low_order,encoder,path/0.75ps/mean_std_qbar6,0.5707428455352783,12
988,low_order,encoder,path/0.75ps/mean_std_qbar6,0.4188672602176666,12
861,low_order,encoder,path/3ps/mean_std_qbar6,0.643733561038971,12
864,low_order,encoder,path/3ps/mean_std_qbar6,0.7029688954353333,12
865,low_order,encoder,path/3ps/mean_std_qbar6,0.6086046099662781,12
866,low_order,encoder,path/3ps/mean_std_qbar6,0.6382831931114197,12
867,low_order,encoder,path/3ps/mean_std_qbar6,0.6851129531860352,12
868,low_order,encoder,path/3ps/mean_std_qbar6,0.5999554991722107,6
869,low_order,encoder,path/3ps/mean_std_qbar6,0.5931314826011658,12
870,low_order,encoder,path/3ps/mean_std_qbar6,0.6573120951652527,12
871,low_order,encoder,path/3ps/mean_std_qbar6,0.5389537215232849,9
874,low_order,encoder,path/3ps/mean_std_qbar6,0.5849071741104126,12
884,low_order,encoder,path/3ps/mean_std_qbar6,0.6754517555236816,12
885,low_order,encoder,path/3ps/mean_std_qbar6,0.5612141489982605,12
887,low_order,encoder,path/3ps/mean_std_qbar6,0.597087562084198,12
888,low_order,encoder,path/3ps/mean_std_qbar6,0.5807924866676331,12
889,low_order,encoder,path/3ps/mean_std_qbar6,0.4543861448764801,12
890,low_order,encoder,path/3ps/mean_std_qbar6,0.6661248207092285,9
891,low_order,encoder,path/3ps/mean_std_qbar6,0.687330961227417,12
892,low_order,encoder,path/3ps/mean_std_qbar6,0.5574756264686584,12
893,low_order,encoder,path/3ps/mean_std_qbar6,0.6238806247711182,12
894,low_order,encoder,path/3ps/mean_std_qbar6,0.5844960808753967,6
895,low_order,encoder,path/3ps/mean_std_qbar6,0.6374718546867371,12
896,low_order,encoder,path/3ps/mean_std_qbar6,0.6430131793022156,12
897,low_order,encoder,path/3ps/mean_std_qbar6,0.6252672076225281,12
898,low_order,encoder,path/3ps/mean_std_qbar6,0.6430208086967468,12
899,low_order,encoder,path/3ps/mean_std_qbar6,0.3173159062862396,9
900,low_order,encoder,path/3ps/mean_std_qbar6,0.606453001499176,12
901,low_order,encoder,path/3ps/mean_std_qbar6,0.46713605523109436,9
918,low_order,encoder,path/3ps/mean_std_qbar6,0.024653540924191475,1
944,low_order,encoder,path/3ps/mean_std_qbar6,0.5987779498100281,3
950,low_order,encoder,path/3ps/mean_std_qbar6,0.4696356952190399,9
954,low_order,encoder,path/3ps/mean_std_qbar6,0.6387707591056824,12
956,low_order,encoder,path/3ps/mean_std_qbar6,0.6299996376037598,12
978,low_order,encoder,path/3ps/mean_std_qbar6,0.6449986100196838,12
979,low_order,encoder,path/3ps/mean_std_qbar6,0.5845651030540466,12
988,low_order,encoder,path/3ps/mean_std_qbar6,0.4235035181045532,12
861,low_order,encoder,path/9ps/mean_std_qbar6,0.6924643516540527,12
864,low_order,encoder,path/9ps/mean_std_qbar6,0.7138542532920837,12
865,low_order,encoder,path/9ps/mean_std_qbar6,0.6701285243034363,12
866,low_order,encoder,path/9ps/mean_std_qbar6,0.6903532147407532,12
867,low_order,encoder,path/9ps/mean_std_qbar6,0.7289941906929016,12
868,low_order,encoder,path/9ps/mean_std_qbar6,0.4950747787952423,6
869,low_order,encoder,path/9ps/mean_std_qbar6,0.6457359194755554,12
870,low_order,encoder,path/9ps/mean_std_qbar6,0.6145761013031006,12
871,low_order,encoder,path/9ps/mean_std_qbar6,0.5672820806503296,9
874,low_order,encoder,path/9ps/mean_std_qbar6,0.6330322027206421,12
884,low_order,encoder,path/9ps/mean_std_qbar6,0.7131168842315674,12
885,low_order,encoder,path/9ps/mean_std_qbar6,0.5862337946891785,12
887,low_order,encoder,path/9ps/mean_std_qbar6,0.6496821045875549,12
888,low_order,encoder,path/9ps/mean_std_qbar6,0.6226736903190613,12
889,low_order,encoder,path/9ps/mean_std_qbar6,0.3971216380596161,12
890,low_order,encoder,path/9ps/mean_std_qbar6,0.6843400597572327,9
891,low_order,encoder,path/9ps/mean_std_qbar6,0.7179574966430664,12
892,low_order,encoder,path/9ps/mean_std_qbar6,0.6183128952980042,12
893,low_order,encoder,path/9ps/mean_std_qbar6,0.6697222590446472,12
894,low_order,encoder,path/9ps/mean_std_qbar6,0.5399996042251587,6
895,low_order,encoder,path/9ps/mean_std_qbar6,0.6899382472038269,12
896,low_order,encoder,path/9ps/mean_std_qbar6,0.6864145398139954,12
897,low_order,encoder,path/9ps/mean_std_qbar6,0.6386820673942566,12
898,low_order,encoder,path/9ps/mean_std_qbar6,0.6914250254631042,12
899,low_order,encoder,path/9ps/mean_std_qbar6,0.36391156911849976,9
900,low_order,encoder,path/9ps/mean_std_qbar6,0.6525320410728455,12
901,low_order,encoder,path/9ps/mean_std_qbar6,0.47640126943588257,9
918,low_order,encoder,path/9ps/mean_std_qbar6,0.033121462911367416,1
944,low_order,encoder,path/9ps/mean_std_qbar6,0.3208649456501007,3
950,low_order,encoder,path/9ps/mean_std_qbar6,0.4186760485172272,9
954,low_order,encoder,path/9ps/mean_std_qbar6,0.6491038203239441,12
956,low_order,encoder,path/9ps/mean_std_qbar6,0.6065046787261963,12
978,low_order,encoder,path/9ps/mean_std_qbar6,0.6065574288368225,12
979,low_order,encoder,path/9ps/mean_std_qbar6,0.6449758410453796,12
988,low_order,encoder,path/9ps/mean_std_qbar6,0.4768563508987427,12
860,all,encoder,future/0.75ps/nll,-1.304034948348999,12
860,all,encoder,future/0.75ps/coverage_1sigma,0.8584812623274162,12
861,all,encoder,future/0.75ps/nll,-1.1573827266693115,12
861,all,encoder,future/0.75ps/coverage_1sigma,0.7879684418145957,12
862,all,encoder,future/0.75ps/nll,-1.3162862062454224,12
862,all,encoder,future/0.75ps/coverage_1sigma,0.8668639053254438,12
863,all,encoder,future/0.75ps/nll,-1.308059573173523,12
863,all,encoder,future/0.75ps/coverage_1sigma,0.8525641025641025,12
864,all,encoder,future/0.75ps/nll,-0.9261777997016907,12
864,all,encoder,future/0.75ps/coverage_1sigma,0.777120315581854,12
865,all,encoder,future/0.75ps/nll,-1.2082157135009766,12
865,all,encoder,future/0.75ps/coverage_1sigma,0.8047337278106509,12
866,all,encoder,future/0.75ps/nll,-1.1603626012802124,12
866,all,encoder,future/0.75ps/coverage_1sigma,0.7948717948717948,12
867,all,encoder,future/0.75ps/nll,-1.1895884275436401,12
867,all,encoder,future/0.75ps/coverage_1sigma,0.8150887573964497,12
868,all,encoder,future/0.75ps/nll,-1.2269946336746216,12
868,all,encoder,future/0.75ps/coverage_1sigma,0.8121301775147929,12
869,all,encoder,future/0.75ps/nll,-1.1725999116897583,12
869,all,encoder,future/0.75ps/coverage_1sigma,0.7761341222879684,12
870,all,encoder,future/0.75ps/nll,-1.1750295162200928,12
870,all,encoder,future/0.75ps/coverage_1sigma,0.7998027613412229,12
871,all,encoder,future/0.75ps/nll,-1.147153615951538,12
871,all,encoder,future/0.75ps/coverage_1sigma,0.846646942800789,12
872,all,encoder,future/0.75ps/nll,-1.3651188611984253,12
872,all,encoder,future/0.75ps/coverage_1sigma,0.9250493096646942,12
873,all,encoder,future/0.75ps/nll,-1.3587993383407593,12
873,all,encoder,future/0.75ps/coverage_1sigma,0.9329388560157791,12
874,all,encoder,future/0.75ps/nll,-1.1712340116500854,12
874,all,encoder,future/0.75ps/coverage_1sigma,0.8081854043392505,12
884,all,encoder,future/0.75ps/nll,-1.144838809967041,12
884,all,encoder,future/0.75ps/coverage_1sigma,0.8427021696252466,12
885,all,encoder,future/0.75ps/nll,-1.3174774646759033,12
885,all,encoder,future/0.75ps/coverage_1sigma,0.8782051282051282,12
886,all,encoder,future/0.75ps/nll,-1.2575308084487915,12
886,all,encoder,future/0.75ps/coverage_1sigma,0.8372781065088757,12
887,all,encoder,future/0.75ps/nll,-1.291504144668579,12
887,all,encoder,future/0.75ps/coverage_1sigma,0.8579881656804734,12
888,all,encoder,future/0.75ps/nll,-1.2888001203536987,12
888,all,encoder,future/0.75ps/coverage_1sigma,0.8570019723865878,12
889,all,encoder,future/0.75ps/nll,-1.2496557235717773,12
889,all,encoder,future/0.75ps/coverage_1sigma,0.8461538461538461,12
890,all,encoder,future/0.75ps/nll,-1.231245994567871,12
890,all,encoder,future/0.75ps/coverage_1sigma,0.8510848126232742,12
891,all,encoder,future/0.75ps/nll,-1.2028051614761353,12
891,all,encoder,future/0.75ps/coverage_1sigma,0.8357988165680473,12
892,all,encoder,future/0.75ps/nll,-1.2890253067016602,12
892,all,encoder,future/0.75ps/coverage_1sigma,0.8708086785009862,12
893,all,encoder,future/0.75ps/nll,-1.3049172163009644,12
893,all,encoder,future/0.75ps/coverage_1sigma,0.8594674556213018,12
894,all,encoder,future/0.75ps/nll,-1.1777703762054443,12
894,all,encoder,future/0.75ps/coverage_1sigma,0.8323471400394478,12
895,all,encoder,future/0.75ps/nll,-1.145541787147522,12
895,all,encoder,future/0.75ps/coverage_1sigma,0.8353057199211046,12
896,all,encoder,future/0.75ps/nll,-1.2311331033706665,12
896,all,encoder,future/0.75ps/coverage_1sigma,0.8693293885601578,12
897,all,encoder,future/0.75ps/nll,-1.3004282712936401,12
897,all,encoder,future/0.75ps/coverage_1sigma,0.8624260355029586,12
898,all,encoder,future/0.75ps/nll,-1.3021726608276367,12
898,all,encoder,future/0.75ps/coverage_1sigma,0.8604536489151874,12
899,all,encoder,future/0.75ps/nll,-1.3227612972259521,12
899,all,encoder,future/0.75ps/coverage_1sigma,0.8821499013806706,12
900,all,encoder,future/0.75ps/nll,-1.2981539964675903,12
900,all,encoder,future/0.75ps/coverage_1sigma,0.8599605522682445,12
901,all,encoder,future/0.75ps/nll,-1.2680281400680542,12
901,all,encoder,future/0.75ps/coverage_1sigma,0.8446745562130178,12
914,all,encoder,future/0.75ps/nll,-1.3462305068969727,12
914,all,encoder,future/0.75ps/coverage_1sigma,0.8999013806706114,12
915,all,encoder,future/0.75ps/nll,-1.1739625930786133,12
915,all,encoder,future/0.75ps/coverage_1sigma,0.8703155818540433,12
916,all,encoder,future/0.75ps/nll,-1.314029335975647,12
916,all,encoder,future/0.75ps/coverage_1sigma,0.8727810650887574,12
917,all,encoder,future/0.75ps/nll,-1.265864372253418,12
917,all,encoder,future/0.75ps/coverage_1sigma,0.8155818540433925,12
918,all,encoder,future/0.75ps/nll,-1.2785396575927734,12
918,all,encoder,future/0.75ps/coverage_1sigma,0.854043392504931,12
919,all,encoder,future/0.75ps/nll,-1.2543050050735474,12
919,all,encoder,future/0.75ps/coverage_1sigma,0.8274161735700197,12
920,all,encoder,future/0.75ps/nll,-1.1333869695663452,12
920,all,encoder,future/0.75ps/coverage_1sigma,0.8752465483234714,12
921,all,encoder,future/0.75ps/nll,-1.2630382776260376,12
921,all,encoder,future/0.75ps/coverage_1sigma,0.8254437869822485,12
922,all,encoder,future/0.75ps/nll,-1.2035802602767944,12
922,all,encoder,future/0.75ps/coverage_1sigma,0.8293885601577909,12
923,all,encoder,future/0.75ps/nll,-1.282195806503296,12
923,all,encoder,future/0.75ps/coverage_1sigma,0.8496055226824457,12
924,all,encoder,future/0.75ps/nll,-1.2998697757720947,12
924,all,encoder,future/0.75ps/coverage_1sigma,0.8708086785009862,12
925,all,encoder,future/0.75ps/nll,-1.2818493843078613,12
925,all,encoder,future/0.75ps/coverage_1sigma,0.8392504930966469,12
926,all,encoder,future/0.75ps/nll,-1.2790242433547974,12
926,all,encoder,future/0.75ps/coverage_1sigma,0.821992110453649,12
927,all,encoder,future/0.75ps/nll,-1.2922496795654297,12
927,all,encoder,future/0.75ps/coverage_1sigma,0.8427021696252466,12
928,all,encoder,future/0.75ps/nll,-1.3522430658340454,12
928,all,encoder,future/0.75ps/coverage_1sigma,0.9137080867850098,12
929,all,encoder,future/0.75ps/nll,-1.030516505241394,12
929,all,encoder,future/0.75ps/coverage_1sigma,0.8057199211045365,12
930,all,encoder,future/0.75ps/nll,-1.2733752727508545,12
930,all,encoder,future/0.75ps/coverage_1sigma,0.8195266272189349,12
931,all,encoder,future/0.75ps/nll,-1.354796051979065,12
931,all,encoder,future/0.75ps/coverage_1sigma,0.9240631163708086,12
944,all,encoder,future/0.75ps/nll,-1.2675663232803345,12
944,all,encoder,future/0.75ps/coverage_1sigma,0.8589743589743589,12
945,all,encoder,future/0.75ps/nll,-1.2263342142105103,12
945,all,encoder,future/0.75ps/coverage_1sigma,0.841715976331361,12
946,all,encoder,future/0.75ps/nll,-1.1727113723754883,12
946,all,encoder,future/0.75ps/coverage_1sigma,0.846646942800789,12
947,all,encoder,future/0.75ps/nll,-1.2425156831741333,12
947,all,encoder,future/0.75ps/coverage_1sigma,0.8081854043392505,12
948,all,encoder,future/0.75ps/nll,-1.248734951019287,12
948,all,encoder,future/0.75ps/coverage_1sigma,0.8185404339250493,12
949,all,encoder,future/0.75ps/nll,-1.2818740606307983,12
949,all,encoder,future/0.75ps/coverage_1sigma,0.8382642998027613,12
950,all,encoder,future/0.75ps/nll,-1.2573325634002686,12
950,all,encoder,future/0.75ps/coverage_1sigma,0.8461538461538461,12
951,all,encoder,future/0.75ps/nll,-1.2615245580673218,12
951,all,encoder,future/0.75ps/coverage_1sigma,0.8284023668639053,12
952,all,encoder,future/0.75ps/nll,-1.3025797605514526,12
952,all,encoder,future/0.75ps/coverage_1sigma,0.878698224852071,12
953,all,encoder,future/0.75ps/nll,-1.272970199584961,12
953,all,encoder,future/0.75ps/coverage_1sigma,0.8348126232741617,12
954,all,encoder,future/0.75ps/nll,-1.193655252456665,12
954,all,encoder,future/0.75ps/coverage_1sigma,0.8126232741617357,12
955,all,encoder,future/0.75ps/nll,-1.3095365762710571,12
955,all,encoder,future/0.75ps/coverage_1sigma,0.8673570019723866,12
956,all,encoder,future/0.75ps/nll,-0.9749295711517334,12
956,all,encoder,future/0.75ps/coverage_1sigma,0.7978303747534516,12
957,all,encoder,future/0.75ps/nll,-1.2965116500854492,12
957,all,encoder,future/0.75ps/coverage_1sigma,0.8461538461538461,12
958,all,encoder,future/0.75ps/nll,-1.2546579837799072,12
958,all,encoder,future/0.75ps/coverage_1sigma,0.8284023668639053,12
959,all,encoder,future/0.75ps/nll,-1.195613980293274,12
959,all,encoder,future/0.75ps/coverage_1sigma,0.886094674556213,12
960,all,encoder,future/0.75ps/nll,-1.1769487857818604,12
960,all,encoder,future/0.75ps/coverage_1sigma,0.834319526627219,12
961,all,encoder,future/0.75ps/nll,-1.297559380531311,12
961,all,encoder,future/0.75ps/coverage_1sigma,0.878698224852071,12
974,all,encoder,future/0.75ps/nll,-1.3340457677841187,12
974,all,encoder,future/0.75ps/coverage_1sigma,0.8846153846153846,12
975,all,encoder,future/0.75ps/nll,-1.2600749731063843,12
975,all,encoder,future/0.75ps/coverage_1sigma,0.8727810650887574,12
976,all,encoder,future/0.75ps/nll,-1.3306031227111816,12
976,all,encoder,future/0.75ps/coverage_1sigma,0.881163708086785,12
977,all,encoder,future/0.75ps/nll,-1.3220505714416504,12
977,all,encoder,future/0.75ps/coverage_1sigma,0.8846153846153846,12
978,all,encoder,future/0.75ps/nll,-1.1764872074127197,12
978,all,encoder,future/0.75ps/coverage_1sigma,0.7919132149901381,12
979,all,encoder,future/0.75ps/nll,-1.184267520904541,12
979,all,encoder,future/0.75ps/coverage_1sigma,0.7943786982248521,12
980,all,encoder,future/0.75ps/nll,-1.3366984128952026,12
980,all,encoder,future/0.75ps/coverage_1sigma,0.895956607495069,12
981,all,encoder,future/0.75ps/nll,-1.3312711715698242,12
981,all,encoder,future/0.75ps/coverage_1sigma,0.8895463510848126,12
982,all,encoder,future/0.75ps/nll,-1.259628176689148,12
982,all,encoder,future/0.75ps/coverage_1sigma,0.8954635108481263,12
983,all,encoder,future/0.75ps/nll,-1.1968731880187988,12
983,all,encoder,future/0.75ps/coverage_1sigma,0.8796844181459567,12
984,all,encoder,future/0.75ps/nll,-1.1025816202163696,12
984,all,encoder,future/0.75ps/coverage_1sigma,0.8673570019723866,12
985,all,encoder,future/0.75ps/nll,-1.3389136791229248,12
985,all,encoder,future/0.75ps/coverage_1sigma,0.8999013806706114,12
986,all,encoder,future/0.75ps/nll,-1.3521473407745361,12
986,all,encoder,future/0.75ps/coverage_1sigma,0.9285009861932939,12
987,all,encoder,future/0.75ps/nll,-1.327078104019165,12
987,all,encoder,future/0.75ps/coverage_1sigma,0.9043392504930966,12
988,all,encoder,future/0.75ps/nll,-1.2800302505493164,12
988,all,encoder,future/0.75ps/coverage_1sigma,0.8496055226824457,12
989,all,encoder,future/0.75ps/nll,-1.2792695760726929,12
989,all,encoder,future/0.75ps/coverage_1sigma,0.8994082840236687,12
990,all,encoder,future/0.75ps/nll,-1.3250550031661987,12
990,all,encoder,future/0.75ps/coverage_1sigma,0.8920118343195266,12
991,all,encoder,future/0.75ps/nll,-1.3348220586776733,12
991,all,encoder,future/0.75ps/coverage_1sigma,0.8841222879684418,12
1004,all,encoder,future/0.75ps/nll,-1.2980666160583496,12
1004,all,encoder,future/0.75ps/coverage_1sigma,0.8589743589743589,12
1005,all,encoder,future/0.75ps/nll,-1.2756019830703735,12
1005,all,encoder,future/0.75ps/coverage_1sigma,0.8323471400394478,12
1006,all,encoder,future/0.75ps/nll,-1.26901113986969,12
1006,all,encoder,future/0.75ps/coverage_1sigma,0.8708086785009862,12
860,all,encoder,future/3ps/nll,-1.3064159154891968,12
860,all,encoder,future/3ps/coverage_1sigma,0.8579881656804734,12
861,all,encoder,future/3ps/nll,-1.0839732885360718,12
861,all,encoder,future/3ps/coverage_1sigma,0.7790927021696252,12
862,all,encoder,future/3ps/nll,-1.3215785026550293,12
862,all,encoder,future/3ps/coverage_1sigma,0.8732741617357002,12
863,all,encoder,future/3ps/nll,-1.3163090944290161,12
863,all,encoder,future/3ps/coverage_1sigma,0.8545364891518737,12
864,all,encoder,future/3ps/nll,-1.0005593299865723,12
864,all,encoder,future/3ps/coverage_1sigma,0.7869822485207101,12
865,all,encoder,future/3ps/nll,-1.223872184753418,12
865,all,encoder,future/3ps/coverage_1sigma,0.8032544378698225,12
866,all,encoder,future/3ps/nll,-1.1479754447937012,12
866,all,encoder,future/3ps/coverage_1sigma,0.7904339250493096,12
867,all,encoder,future/3ps/nll,-1.109399437904358,12
867,all,encoder,future/3ps/coverage_1sigma,0.7973372781065089,12
868,all,encoder,future/3ps/nll,-1.2712708711624146,12
868,all,encoder,future/3ps/coverage_1sigma,0.8274161735700197,12
869,all,encoder,future/3ps/nll,-1.2078367471694946,12
869,all,encoder,future/3ps/coverage_1sigma,0.8052268244575936,12
870,all,encoder,future/3ps/nll,-1.1726657152175903,12
870,all,encoder,future/3ps/coverage_1sigma,0.7928994082840237,12
871,all,encoder,future/3ps/nll,-1.14821457862854,12
871,all,encoder,future/3ps/coverage_1sigma,0.8200197238658777,12
872,all,encoder,future/3ps/nll,-1.3719335794448853,12
872,all,encoder,future/3ps/coverage_1sigma,0.9235700197238659,12
873,all,encoder,future/3ps/nll,-1.366943120956421,12
873,all,encoder,future/3ps/coverage_1sigma,0.9137080867850098,12
874,all,encoder,future/3ps/nll,-1.2022098302841187,12
874,all,encoder,future/3ps/coverage_1sigma,0.8116370808678501,12
884,all,encoder,future/3ps/nll,-1.1779112815856934,12
884,all,encoder,future/3ps/coverage_1sigma,0.8264299802761341,12
885,all,encoder,future/3ps/nll,-1.311137080192566,12
885,all,encoder,future/3ps/coverage_1sigma,0.8752465483234714,12
886,all,encoder,future/3ps/nll,-1.2558887004852295,12
886,all,encoder,future/3ps/coverage_1sigma,0.8377712031558185,12
887,all,encoder,future/3ps/nll,-1.2784825563430786,12
887,all,encoder,future/3ps/coverage_1sigma,0.8436883629191322,12
888,all,encoder,future/3ps/nll,-1.2964028120040894,12
888,all,encoder,future/3ps/coverage_1sigma,0.8505917159763313,12
889,all,encoder,future/3ps/nll,-1.2405115365982056,12
889,all,encoder,future/3ps/coverage_1sigma,0.8510848126232742,12
890,all,encoder,future/3ps/nll,-1.2241836786270142,12
890,all,encoder,future/3ps/coverage_1sigma,0.8259368836291914,12
891,all,encoder,future/3ps/nll,-1.239988088607788,12
891,all,encoder,future/3ps/coverage_1sigma,0.8397435897435898,12
892,all,encoder,future/3ps/nll,-1.291723370552063,12
892,all,encoder,future/3ps/coverage_1sigma,0.8619329388560157,12
893,all,encoder,future/3ps/nll,-1.3118339776992798,12
893,all,encoder,future/3ps/coverage_1sigma,0.8658777120315582,12
894,all,encoder,future/3ps/nll,-1.155804991722107,12
894,all,encoder,future/3ps/coverage_1sigma,0.8195266272189349,12
895,all,encoder,future/3ps/nll,-1.104655385017395,12
895,all,encoder,future/3ps/coverage_1sigma,0.8476331360946746,12
896,all,encoder,future/3ps/nll,-1.2702677249908447,12
896,all,encoder,future/3ps/coverage_1sigma,0.8634122287968442,12
897,all,encoder,future/3ps/nll,-1.3036524057388306,12
897,all,encoder,future/3ps/coverage_1sigma,0.8496055226824457,12
898,all,encoder,future/3ps/nll,-1.2968738079071045,12
898,all,encoder,future/3ps/coverage_1sigma,0.8451676528599605,12
899,all,encoder,future/3ps/nll,-1.3055386543273926,12
899,all,encoder,future/3ps/coverage_1sigma,0.8629191321499013,12
900,all,encoder,future/3ps/nll,-1.3247781991958618,12
900,all,encoder,future/3ps/coverage_1sigma,0.8574950690335306,12
901,all,encoder,future/3ps/nll,-1.2545591592788696,12
901,all,encoder,future/3ps/coverage_1sigma,0.8461538461538461,12
914,all,encoder,future/3ps/nll,-1.3717825412750244,12
914,all,encoder,future/3ps/coverage_1sigma,0.9201183431952663,12
915,all,encoder,future/3ps/nll,-1.3102840185165405,12
915,all,encoder,future/3ps/coverage_1sigma,0.8658777120315582,12
916,all,encoder,future/3ps/nll,-1.303357481956482,12
916,all,encoder,future/3ps/coverage_1sigma,0.8441814595660749,12
917,all,encoder,future/3ps/nll,-1.2401173114776611,12
917,all,encoder,future/3ps/coverage_1sigma,0.7850098619329389,12
918,all,encoder,future/3ps/nll,-1.2899158000946045,12
918,all,encoder,future/3ps/coverage_1sigma,0.8653846153846154,12
919,all,encoder,future/3ps/nll,-1.2770196199417114,12
919,all,encoder,future/3ps/coverage_1sigma,0.8338264299802761,12
920,all,encoder,future/3ps/nll,-1.1193528175354004,12
920,all,encoder,future/3ps/coverage_1sigma,0.8353057199211046,12
921,all,encoder,future/3ps/nll,-1.1737334728240967,12
921,all,encoder,future/3ps/coverage_1sigma,0.8155818540433925,12
922,all,encoder,future/3ps/nll,-1.2226499319076538,12
922,all,encoder,future/3ps/coverage_1sigma,0.8353057199211046,12
923,all,encoder,future/3ps/nll,-1.2839901447296143,12
923,all,encoder,future/3ps/coverage_1sigma,0.8481262327416174,12
924,all,encoder,future/3ps/nll,-1.2940200567245483,12
924,all,encoder,future/3ps/coverage_1sigma,0.8599605522682445,12
925,all,encoder,future/3ps/nll,-1.2895148992538452,12
925,all,encoder,future/3ps/coverage_1sigma,0.8348126232741617,12
926,all,encoder,future/3ps/nll,-1.2835705280303955,12
926,all,encoder,future/3ps/coverage_1sigma,0.8214990138067061,12
927,all,encoder,future/3ps/nll,-1.2922495603561401,12
927,all,encoder,future/3ps/coverage_1sigma,0.8274161735700197,12
928,all,encoder,future/3ps/nll,-1.347847580909729,12
928,all,encoder,future/3ps/coverage_1sigma,0.9122287968441815,12
929,all,encoder,future/3ps/nll,-0.9190213680267334,12
929,all,encoder,future/3ps/coverage_1sigma,0.8081854043392505,12
930,all,encoder,future/3ps/nll,-1.2607948780059814,12
930,all,encoder,future/3ps/coverage_1sigma,0.8067061143984221,12
931,all,encoder,future/3ps/nll,-1.3373991250991821,12
931,all,encoder,future/3ps/coverage_1sigma,0.9112426035502958,12
944,all,encoder,future/3ps/nll,-1.2965565919876099,12
944,all,encoder,future/3ps/coverage_1sigma,0.8658777120315582,12
945,all,encoder,future/3ps/nll,-1.2308167219161987,12
945,all,encoder,future/3ps/coverage_1sigma,0.8382642998027613,12
946,all,encoder,future/3ps/nll,-1.2271769046783447,12
946,all,encoder,future/3ps/coverage_1sigma,0.8313609467455622,12
947,all,encoder,future/3ps/nll,-1.2866222858428955,12
947,all,encoder,future/3ps/coverage_1sigma,0.8382642998027613,12
948,all,encoder,future/3ps/nll,-1.2737420797348022,12
948,all,encoder,future/3ps/coverage_1sigma,0.8150887573964497,12
949,all,encoder,future/3ps/nll,-1.271239161491394,12
949,all,encoder,future/3ps/coverage_1sigma,0.8121301775147929,12
950,all,encoder,future/3ps/nll,-1.2460308074951172,12
950,all,encoder,future/3ps/coverage_1sigma,0.8461538461538461,12
951,all,encoder,future/3ps/nll,-1.2551029920578003,12
951,all,encoder,future/3ps/coverage_1sigma,0.8357988165680473,12
952,all,encoder,future/3ps/nll,-1.3585349321365356,12
952,all,encoder,future/3ps/coverage_1sigma,0.9102564102564102,12
953,all,encoder,future/3ps/nll,-1.2999566793441772,12
953,all,encoder,future/3ps/coverage_1sigma,0.8545364891518737,12
954,all,encoder,future/3ps/nll,-1.1361093521118164,12
954,all,encoder,future/3ps/coverage_1sigma,0.7953648915187377,12
955,all,encoder,future/3ps/nll,-1.2967625856399536,12
955,all,encoder,future/3ps/coverage_1sigma,0.8515779092702169,12
956,all,encoder,future/3ps/nll,-1.0133492946624756,12
956,all,encoder,future/3ps/coverage_1sigma,0.7988165680473372,12
957,all,encoder,future/3ps/nll,-1.2886221408843994,12
957,all,encoder,future/3ps/coverage_1sigma,0.8515779092702169,12
958,all,encoder,future/3ps/nll,-1.2888091802597046,12
958,all,encoder,future/3ps/coverage_1sigma,0.8476331360946746,12
959,all,encoder,future/3ps/nll,-1.082519769668579,12
959,all,encoder,future/3ps/coverage_1sigma,0.881163708086785,12
960,all,encoder,future/3ps/nll,-1.232731580734253,12
960,all,encoder,future/3ps/coverage_1sigma,0.8471400394477318,12
961,all,encoder,future/3ps/nll,-1.306227207183838,12
961,all,encoder,future/3ps/coverage_1sigma,0.8604536489151874,12
974,all,encoder,future/3ps/nll,-1.3498483896255493,12
974,all,encoder,future/3ps/coverage_1sigma,0.8910256410256411,12
975,all,encoder,future/3ps/nll,-1.287319540977478,12
975,all,encoder,future/3ps/coverage_1sigma,0.8772189349112426,12
976,all,encoder,future/3ps/nll,-1.328532338142395,12
976,all,encoder,future/3ps/coverage_1sigma,0.8678500986193294,12
977,all,encoder,future/3ps/nll,-1.3436312675476074,12
977,all,encoder,future/3ps/coverage_1sigma,0.8767258382642998,12
978,all,encoder,future/3ps/nll,-1.2258652448654175,12
978,all,encoder,future/3ps/coverage_1sigma,0.8170611439842209,12
979,all,encoder,future/3ps/nll,-1.1978785991668701,12
979,all,encoder,future/3ps/coverage_1sigma,0.8062130177514792,12
980,all,encoder,future/3ps/nll,-1.3459151983261108,12
980,all,encoder,future/3ps/coverage_1sigma,0.9043392504930966,12
981,all,encoder,future/3ps/nll,-1.3324024677276611,12
981,all,encoder,future/3ps/coverage_1sigma,0.8905325443786982,12
982,all,encoder,future/3ps/nll,-1.280076265335083,12
982,all,encoder,future/3ps/coverage_1sigma,0.8974358974358975,12
983,all,encoder,future/3ps/nll,-1.2641093730926514,12
983,all,encoder,future/3ps/coverage_1sigma,0.8767258382642998,12
984,all,encoder,future/3ps/nll,-1.2288274765014648,12
984,all,encoder,future/3ps/coverage_1sigma,0.8732741617357002,12
985,all,encoder,future/3ps/nll,-1.3630989789962769,12
985,all,encoder,future/3ps/coverage_1sigma,0.9077909270216963,12
986,all,encoder,future/3ps/nll,-1.334162950515747,12
986,all,encoder,future/3ps/coverage_1sigma,0.9087771203155819,12
987,all,encoder,future/3ps/nll,-1.3422273397445679,12
987,all,encoder,future/3ps/coverage_1sigma,0.8895463510848126,12
988,all,encoder,future/3ps/nll,-1.2967621088027954,12
988,all,encoder,future/3ps/coverage_1sigma,0.8427021696252466,12
989,all,encoder,future/3ps/nll,-1.2717723846435547,12
989,all,encoder,future/3ps/coverage_1sigma,0.9038461538461539,12
990,all,encoder,future/3ps/nll,-1.3441718816757202,12
990,all,encoder,future/3ps/coverage_1sigma,0.883629191321499,12
991,all,encoder,future/3ps/nll,-1.3442635536193848,12
991,all,encoder,future/3ps/coverage_1sigma,0.8870808678500987,12
1004,all,encoder,future/3ps/nll,-1.3110042810440063,12
1004,all,encoder,future/3ps/coverage_1sigma,0.8476331360946746,12
1005,all,encoder,future/3ps/nll,-1.288078784942627,12
1005,all,encoder,future/3ps/coverage_1sigma,0.8392504930966469,12
1006,all,encoder,future/3ps/nll,-1.2464741468429565,12
1006,all,encoder,future/3ps/coverage_1sigma,0.8629191321499013,12
860,all,encoder,future/9ps/nll,-1.3388351202011108,12
860,all,encoder,future/9ps/coverage_1sigma,0.8530571992110454,12
861,all,encoder,future/9ps/nll,-1.1873188018798828,12
861,all,encoder,future/9ps/coverage_1sigma,0.7983234714003945,12
862,all,encoder,future/9ps/nll,-1.3541632890701294,12
862,all,encoder,future/9ps/coverage_1sigma,0.8742603550295858,12
863,all,encoder,future/9ps/nll,-1.343516230583191,12
863,all,encoder,future/9ps/coverage_1sigma,0.8574950690335306,12
864,all,encoder,future/9ps/nll,-0.9368348717689514,12
864,all,encoder,future/9ps/coverage_1sigma,0.7593688362919132,12
865,all,encoder,future/9ps/nll,-1.191435694694519,12
865,all,encoder,future/9ps/coverage_1sigma,0.7800788954635108,12
866,all,encoder,future/9ps/nll,-1.2148042917251587,12
866,all,encoder,future/9ps/coverage_1sigma,0.7855029585798816,12
867,all,encoder,future/9ps/nll,-1.0099573135375977,12
867,all,encoder,future/9ps/coverage_1sigma,0.7850098619329389,12
868,all,encoder,future/9ps/nll,-1.1584501266479492,12
868,all,encoder,future/9ps/coverage_1sigma,0.8446745562130178,12
869,all,encoder,future/9ps/nll,-1.1818712949752808,12
869,all,encoder,future/9ps/coverage_1sigma,0.7736686390532544,12
870,all,encoder,future/9ps/nll,-1.2156236171722412,12
870,all,encoder,future/9ps/coverage_1sigma,0.8313609467455622,12
871,all,encoder,future/9ps/nll,-1.2295128107070923,12
871,all,encoder,future/9ps/coverage_1sigma,0.8111439842209073,12
872,all,encoder,future/9ps/nll,-1.3674509525299072,12
872,all,encoder,future/9ps/coverage_1sigma,0.9053254437869822,12
873,all,encoder,future/9ps/nll,-1.4072695970535278,12
873,all,encoder,future/9ps/coverage_1sigma,0.9132149901380671,12
874,all,encoder,future/9ps/nll,-1.2045912742614746,12
874,all,encoder,future/9ps/coverage_1sigma,0.7855029585798816,12
884,all,encoder,future/9ps/nll,-1.1095870733261108,12
884,all,encoder,future/9ps/coverage_1sigma,0.8259368836291914,12
885,all,encoder,future/9ps/nll,-1.3257560729980469,12
885,all,encoder,future/9ps/coverage_1sigma,0.8658777120315582,12
886,all,encoder,future/9ps/nll,-1.2848528623580933,12
886,all,encoder,future/9ps/coverage_1sigma,0.8412228796844181,12
887,all,encoder,future/9ps/nll,-1.2543050050735474,12
887,all,encoder,future/9ps/coverage_1sigma,0.8264299802761341,12
888,all,encoder,future/9ps/nll,-1.2765926122665405,12
888,all,encoder,future/9ps/coverage_1sigma,0.8333333333333334,12
889,all,encoder,future/9ps/nll,-1.2551031112670898,12
889,all,encoder,future/9ps/coverage_1sigma,0.8589743589743589,12
890,all,encoder,future/9ps/nll,-1.2279342412948608,12
890,all,encoder,future/9ps/coverage_1sigma,0.8308678500986193,12
891,all,encoder,future/9ps/nll,-1.164458990097046,12
891,all,encoder,future/9ps/coverage_1sigma,0.8239644970414202,12
892,all,encoder,future/9ps/nll,-1.2713172435760498,12
892,all,encoder,future/9ps/coverage_1sigma,0.834319526627219,12
893,all,encoder,future/9ps/nll,-1.2756385803222656,12
893,all,encoder,future/9ps/coverage_1sigma,0.8357988165680473,12
894,all,encoder,future/9ps/nll,-1.1392375230789185,12
894,all,encoder,future/9ps/coverage_1sigma,0.821992110453649,12
895,all,encoder,future/9ps/nll,-1.1888501644134521,12
895,all,encoder,future/9ps/coverage_1sigma,0.8362919132149902,12
896,all,encoder,future/9ps/nll,-1.2515883445739746,12
896,all,encoder,future/9ps/coverage_1sigma,0.8431952662721893,12
897,all,encoder,future/9ps/nll,-1.3093297481536865,12
897,all,encoder,future/9ps/coverage_1sigma,0.8357988165680473,12
898,all,encoder,future/9ps/nll,-1.3193978071212769,12
898,all,encoder,future/9ps/coverage_1sigma,0.8451676528599605,12
899,all,encoder,future/9ps/nll,-1.328493595123291,12
899,all,encoder,future/9ps/coverage_1sigma,0.8550295857988166,12
900,all,encoder,future/9ps/nll,-1.3160754442214966,12
900,all,encoder,future/9ps/coverage_1sigma,0.8446745562130178,12
901,all,encoder,future/9ps/nll,-1.2972633838653564,12
901,all,encoder,future/9ps/coverage_1sigma,0.8570019723865878,12
914,all,encoder,future/9ps/nll,-1.3678573369979858,12
914,all,encoder,future/9ps/coverage_1sigma,0.8880670611439843,12
915,all,encoder,future/9ps/nll,-1.3015429973602295,12
915,all,encoder,future/9ps/coverage_1sigma,0.863905325443787,12
916,all,encoder,future/9ps/nll,-1.3402763605117798,12
916,all,encoder,future/9ps/coverage_1sigma,0.8560157790927022,12
917,all,encoder,future/9ps/nll,-1.2587456703186035,12
917,all,encoder,future/9ps/coverage_1sigma,0.7904339250493096,12
918,all,encoder,future/9ps/nll,-1.3157336711883545,12
918,all,encoder,future/9ps/coverage_1sigma,0.8545364891518737,12
919,all,encoder,future/9ps/nll,-1.3238415718078613,12
919,all,encoder,future/9ps/coverage_1sigma,0.846646942800789,12
920,all,encoder,future/9ps/nll,-1.0798375606536865,12
920,all,encoder,future/9ps/coverage_1sigma,0.8279092702169625,12
921,all,encoder,future/9ps/nll,-1.2832401990890503,12
921,all,encoder,future/9ps/coverage_1sigma,0.8229783037475346,12
922,all,encoder,future/9ps/nll,-1.1606147289276123,12
922,all,encoder,future/9ps/coverage_1sigma,0.8200197238658777,12
923,all,encoder,future/9ps/nll,-1.301910161972046,12
923,all,encoder,future/9ps/coverage_1sigma,0.8313609467455622,12
924,all,encoder,future/9ps/nll,-1.2962626218795776,12
924,all,encoder,future/9ps/coverage_1sigma,0.834319526627219,12
925,all,encoder,future/9ps/nll,-1.3050340414047241,12
925,all,encoder,future/9ps/coverage_1sigma,0.8239644970414202,12
926,all,encoder,future/9ps/nll,-1.3126981258392334,12
926,all,encoder,future/9ps/coverage_1sigma,0.8170611439842209,12
927,all,encoder,future/9ps/nll,-1.3214402198791504,12
927,all,encoder,future/9ps/coverage_1sigma,0.8288954635108481,12
928,all,encoder,future/9ps/nll,-1.3414995670318604,12
928,all,encoder,future/9ps/coverage_1sigma,0.9038461538461539,12
929,all,encoder,future/9ps/nll,-0.8825106024742126,12
929,all,encoder,future/9ps/coverage_1sigma,0.8136094674556213,12
930,all,encoder,future/9ps/nll,-1.265914797782898,12
930,all,encoder,future/9ps/coverage_1sigma,0.7776134122287969,12
931,all,encoder,future/9ps/nll,-1.3376761674880981,12
931,all,encoder,future/9ps/coverage_1sigma,0.8929980276134122,12
944,all,encoder,future/9ps/nll,-1.223446249961853,12
944,all,encoder,future/9ps/coverage_1sigma,0.8796844181459567,12
945,all,encoder,future/9ps/nll,-1.19411301612854,12
945,all,encoder,future/9ps/coverage_1sigma,0.8150887573964497,12
946,all,encoder,future/9ps/nll,-1.1499863862991333,12
946,all,encoder,future/9ps/coverage_1sigma,0.8150887573964497,12
947,all,encoder,future/9ps/nll,-1.311508059501648,12
947,all,encoder,future/9ps/coverage_1sigma,0.8121301775147929,12
948,all,encoder,future/9ps/nll,-1.2980338335037231,12
948,all,encoder,future/9ps/coverage_1sigma,0.8052268244575936,12
949,all,encoder,future/9ps/nll,-1.3183822631835938,12
949,all,encoder,future/9ps/coverage_1sigma,0.8367850098619329,12
950,all,encoder,future/9ps/nll,-1.2615894079208374,12
950,all,encoder,future/9ps/coverage_1sigma,0.8427021696252466,12
951,all,encoder,future/9ps/nll,-1.3006632328033447,12
951,all,encoder,future/9ps/coverage_1sigma,0.834319526627219,12
952,all,encoder,future/9ps/nll,-1.3835872411727905,12
952,all,encoder,future/9ps/coverage_1sigma,0.8979289940828402,12
953,all,encoder,future/9ps/nll,-1.3238602876663208,12
953,all,encoder,future/9ps/coverage_1sigma,0.8333333333333334,12
954,all,encoder,future/9ps/nll,-1.142080545425415,12
954,all,encoder,future/9ps/coverage_1sigma,0.7963510848126233,12
955,all,encoder,future/9ps/nll,-1.264498233795166,12
955,all,encoder,future/9ps/coverage_1sigma,0.8431952662721893,12
956,all,encoder,future/9ps/nll,-1.0071940422058105,12
956,all,encoder,future/9ps/coverage_1sigma,0.8042406311637081,12
957,all,encoder,future/9ps/nll,-1.3330943584442139,12
957,all,encoder,future/9ps/coverage_1sigma,0.8422090729783037,12
958,all,encoder,future/9ps/nll,-1.2995069026947021,12
958,all,encoder,future/9ps/coverage_1sigma,0.8214990138067061,12
959,all,encoder,future/9ps/nll,-1.1098864078521729,12
959,all,encoder,future/9ps/coverage_1sigma,0.886094674556213,12
960,all,encoder,future/9ps/nll,-1.2283480167388916,12
960,all,encoder,future/9ps/coverage_1sigma,0.8441814595660749,12
961,all,encoder,future/9ps/nll,-1.3537559509277344,12
961,all,encoder,future/9ps/coverage_1sigma,0.8678500986193294,12
974,all,encoder,future/9ps/nll,-1.3678923845291138,12
974,all,encoder,future/9ps/coverage_1sigma,0.8821499013806706,12
975,all,encoder,future/9ps/nll,-1.2349207401275635,12
975,all,encoder,future/9ps/coverage_1sigma,0.8446745562130178,12
976,all,encoder,future/9ps/nll,-1.3565218448638916,12
976,all,encoder,future/9ps/coverage_1sigma,0.8732741617357002,12
977,all,encoder,future/9ps/nll,-1.3258848190307617,12
977,all,encoder,future/9ps/coverage_1sigma,0.8515779092702169,12
978,all,encoder,future/9ps/nll,-1.184228539466858,12
978,all,encoder,future/9ps/coverage_1sigma,0.8387573964497042,12
979,all,encoder,future/9ps/nll,-1.2289351224899292,12
979,all,encoder,future/9ps/coverage_1sigma,0.7879684418145957,12
980,all,encoder,future/9ps/nll,-1.3599494695663452,12
980,all,encoder,future/9ps/coverage_1sigma,0.8806706114398422,12
981,all,encoder,future/9ps/nll,-1.3424216508865356,12
981,all,encoder,future/9ps/coverage_1sigma,0.8772189349112426,12
982,all,encoder,future/9ps/nll,-1.3601616621017456,12
982,all,encoder,future/9ps/coverage_1sigma,0.9063116370808678,12
983,all,encoder,future/9ps/nll,-1.2004426717758179,12
983,all,encoder,future/9ps/coverage_1sigma,0.8717948717948718,12
984,all,encoder,future/9ps/nll,-1.2836207151412964,12
984,all,encoder,future/9ps/coverage_1sigma,0.8668639053254438,12
985,all,encoder,future/9ps/nll,-1.3367886543273926,12
985,all,encoder,future/9ps/coverage_1sigma,0.8510848126232742,12
986,all,encoder,future/9ps/nll,-1.3306365013122559,12
986,all,encoder,future/9ps/coverage_1sigma,0.8890532544378699,12
987,all,encoder,future/9ps/nll,-1.3601847887039185,12
987,all,encoder,future/9ps/coverage_1sigma,0.8757396449704142,12
988,all,encoder,future/9ps/nll,-1.254197597503662,12
988,all,encoder,future/9ps/coverage_1sigma,0.8200197238658777,12
989,all,encoder,future/9ps/nll,-1.3279306888580322,12
989,all,encoder,future/9ps/coverage_1sigma,0.893491124260355,12
990,all,encoder,future/9ps/nll,-1.3740663528442383,12
990,all,encoder,future/9ps/coverage_1sigma,0.8875739644970414,12
991,all,encoder,future/9ps/nll,-1.3463808298110962,12
991,all,encoder,future/9ps/coverage_1sigma,0.8629191321499013,12
1004,all,encoder,future/9ps/nll,-1.3094301223754883,12
1004,all,encoder,future/9ps/coverage_1sigma,0.8160749506903353,12
1005,all,encoder,future/9ps/nll,-1.3159745931625366,12
1005,all,encoder,future/9ps/coverage_1sigma,0.8382642998027613,12
1006,all,encoder,future/9ps/nll,-1.2242090702056885,12
1006,all,encoder,future/9ps/coverage_1sigma,0.8752465483234714,12
861,at_risk,encoder,hazard/nll,0.052992042154073715,12
864,at_risk,encoder,hazard/nll,0.05309491977095604,12
865,at_risk,encoder,hazard/nll,0.052893996238708496,12
866,at_risk,encoder,hazard/nll,0.05356748774647713,12
867,at_risk,encoder,hazard/nll,0.053232982754707336,12
868,at_risk,encoder,hazard/nll,0.05305849015712738,6
869,at_risk,encoder,hazard/nll,0.053218841552734375,12
870,at_risk,encoder,hazard/nll,0.05336901918053627,12
871,at_risk,encoder,hazard/nll,0.8009395003318787,11
874,at_risk,encoder,hazard/nll,0.05337843671441078,12
884,at_risk,encoder,hazard/nll,0.0556732602417469,12
885,at_risk,encoder,hazard/nll,0.054569557309150696,12
886,at_risk,encoder,hazard/nll,0.05366097390651703,3
887,at_risk,encoder,hazard/nll,0.054843608289957047,12
888,at_risk,encoder,hazard/nll,0.0547538697719574,12
889,at_risk,encoder,hazard/nll,0.912083625793457,12
890,at_risk,encoder,hazard/nll,0.054562047123909,9
891,at_risk,encoder,hazard/nll,0.05566636100411415,12
892,at_risk,encoder,hazard/nll,0.05485950782895088,12
893,at_risk,encoder,hazard/nll,0.05452412739396095,12
894,at_risk,encoder,hazard/nll,0.054253000766038895,6
895,at_risk,encoder,hazard/nll,0.05443708226084709,12
896,at_risk,encoder,hazard/nll,0.05580724775791168,12
897,at_risk,encoder,hazard/nll,0.05476995185017586,12
898,at_risk,encoder,hazard/nll,0.05487353727221489,12
899,at_risk,encoder,hazard/nll,0.05495964363217354,9
900,at_risk,encoder,hazard/nll,0.05498398467898369,12
901,at_risk,encoder,hazard/nll,0.05460260808467865,9
914,at_risk,encoder,hazard/nll,4.133633613586426,2
915,at_risk,encoder,hazard/nll,0.05408240482211113,3
918,at_risk,encoder,hazard/nll,1.7660120725631714,6
919,at_risk,encoder,hazard/nll,0.053249627351760864,3
920,at_risk,encoder,hazard/nll,0.053627774119377136,6
922,at_risk,encoder,hazard/nll,0.0537102036178112,3
928,at_risk,encoder,hazard/nll,1.4203811883926392,3
929,at_risk,encoder,hazard/nll,0.0548442117869854,3
931,at_risk,encoder,hazard/nll,0.053961995989084244,3
944,at_risk,encoder,hazard/nll,0.05369551479816437,3
945,at_risk,encoder,hazard/nll,0.05322098731994629,3
950,at_risk,encoder,hazard/nll,0.053730811923742294,9
953,at_risk,encoder,hazard/nll,4.136953353881836,3
954,at_risk,encoder,hazard/nll,0.053881093859672546,12
956,at_risk,encoder,hazard/nll,0.053116053342819214,12
957,at_risk,encoder,hazard/nll,3.7887940406799316,2
958,at_risk,encoder,hazard/nll,0.053647782653570175,3
959,at_risk,encoder,hazard/nll,0.05307169631123543,6
960,at_risk,encoder,hazard/nll,0.05400637909770012,3
961,at_risk,encoder,hazard/nll,4.156774520874023,2
974,at_risk,encoder,hazard/nll,0.0534350611269474,3
975,at_risk,encoder,hazard/nll,0.0522606186568737,3
978,at_risk,encoder,hazard/nll,0.05343112722039223,12
979,at_risk,encoder,hazard/nll,0.05311299487948418,12
981,at_risk,encoder,hazard/nll,0.05193401500582695,3
983,at_risk,encoder,hazard/nll,0.05290678143501282,6
984,at_risk,encoder,hazard/nll,0.6417582631111145,7
986,at_risk,encoder,hazard/nll,0.05249864235520363,3
988,at_risk,encoder,hazard/nll,0.053762443363666534,9
989,at_risk,encoder,hazard/nll,4.149148464202881,3
1006,at_risk,encoder,hazard/nll,0.054302722215652466,3
861,at_risk,encoder,hazard/bin0/brier,0.00022810800874140114,12
864,at_risk,encoder,hazard/bin0/brier,0.00023148332547862083,12
865,at_risk,encoder,hazard/bin0/brier,0.00022767834889236838,12
866,at_risk,encoder,hazard/bin0/brier,0.00023403612431138754,12
867,at_risk,encoder,hazard/bin0/brier,0.0002298245526617393,12
868,at_risk,encoder,hazard/bin0/brier,0.00023105002765078098,6
869,at_risk,encoder,hazard/bin0/brier,0.0002313869772478938,12
870,at_risk,encoder,hazard/bin0/brier,0.00023238557332661003,12
871,at_risk,encoder,hazard/bin0/brier,0.08836466073989868,11
874,at_risk,encoder,hazard/bin0/brier,0.000231986356084235,12
884,at_risk,encoder,hazard/bin0/brier,0.00025427035870961845,12
885,at_risk,encoder,hazard/bin0/brier,0.0002451384498272091,12
886,at_risk,encoder,hazard/bin0/brier,0.00023396468895953149,3
887,at_risk,encoder,hazard/bin0/brier,0.00024739353102631867,12
888,at_risk,encoder,hazard/bin0/brier,0.0002448165032546967,12
889,at_risk,encoder,hazard/bin0/brier,0.00025273760547861457,12
890,at_risk,encoder,hazard/bin0/brier,0.00024506778572686017,9
891,at_risk,encoder,hazard/bin0/brier,0.0002541737339925021,12
892,at_risk,encoder,hazard/bin0/brier,0.00024884860613383353,12
893,at_risk,encoder,hazard/bin0/brier,0.00024234688316937536,12
894,at_risk,encoder,hazard/bin0/brier,0.00024238298647105694,6
895,at_risk,encoder,hazard/bin0/brier,0.00024340451636817306,12
896,at_risk,encoder,hazard/bin0/brier,0.00025691158953122795,12
897,at_risk,encoder,hazard/bin0/brier,0.0002467921294737607,12
898,at_risk,encoder,hazard/bin0/brier,0.00024648974067531526,12
899,at_risk,encoder,hazard/bin0/brier,0.00024711681180633605,9
900,at_risk,encoder,hazard/bin0/brier,0.00024714411119930446,12
901,at_risk,encoder,hazard/bin0/brier,0.0002457056543789804,9
914,at_risk,encoder,hazard/bin0/brier,0.4847709536552429,2
915,at_risk,encoder,hazard/bin0/brier,0.00023872563906479627,3
918,at_risk,encoder,hazard/bin0/brier,0.0002446439175400883,6
919,at_risk,encoder,hazard/bin0/brier,0.0002327303373022005,3
920,at_risk,encoder,hazard/bin0/brier,0.00023487437283620238,6
922,at_risk,encoder,hazard/bin0/brier,0.0002339636121178046,3
928,at_risk,encoder,hazard/bin0/brier,0.32288122177124023,3
929,at_risk,encoder,hazard/bin0/brier,0.00024415264488197863,3
931,at_risk,encoder,hazard/bin0/brier,0.00023739620519336313,3
944,at_risk,encoder,hazard/bin0/brier,0.00023549424076918513,3
945,at_risk,encoder,hazard/bin0/brier,0.00023129272449295968,3
950,at_risk,encoder,hazard/bin0/brier,0.00023763327044434845,9
953,at_risk,encoder,hazard/bin0/brier,0.3233352601528168,3
954,at_risk,encoder,hazard/bin0/brier,0.00023822096409276128,12
956,at_risk,encoder,hazard/bin0/brier,0.000230956167797558,12
957,at_risk,encoder,hazard/bin0/brier,0.00023942405823618174,2
958,at_risk,encoder,hazard/bin0/brier,0.00023405665706377476,3
959,at_risk,encoder,hazard/bin0/brier,0.00022969506972003728,6
960,at_risk,encoder,hazard/bin0/brier,0.00023946021974552423,3
961,at_risk,encoder,hazard/bin0/brier,0.48476141691207886,2
974,at_risk,encoder,hazard/bin0/brier,0.00023427465930581093,3
975,at_risk,encoder,hazard/bin0/brier,0.00022388843353837729,3
978,at_risk,encoder,hazard/bin0/brier,0.00023239245638251305,12
979,at_risk,encoder,hazard/bin0/brier,0.000231778176384978,12
981,at_risk,encoder,hazard/bin0/brier,0.00021927955094724894,3
983,at_risk,encoder,hazard/bin0/brier,0.00022899993928149343,6
984,at_risk,encoder,hazard/bin0/brier,0.13867831230163574,7
986,at_risk,encoder,hazard/bin0/brier,0.00022651301696896553,3
988,at_risk,encoder,hazard/bin0/brier,0.00023549195611849427,9
989,at_risk,encoder,hazard/bin0/brier,0.3235829770565033,3
1006,at_risk,encoder,hazard/bin0/brier,0.0002398842480033636,3
861,at_risk,encoder,hazard/bin1/brier,0.0009710909798741341,12
864,at_risk,encoder,hazard/bin1/brier,0.0009840362472459674,12
865,at_risk,encoder,hazard/bin1/brier,0.0009706763667054474,12
866,at_risk,encoder,hazard/bin1/brier,0.0009961723117157817,12
867,at_risk,encoder,hazard/bin1/brier,0.00097771140281111,12
868,at_risk,encoder,hazard/bin1/brier,0.0009811078198254108,6
869,at_risk,encoder,hazard/bin1/brier,0.0009849873604252934,12
870,at_risk,encoder,hazard/bin1/brier,0.0009888376807793975,12
871,at_risk,encoder,hazard/bin1/brier,0.17149017751216888,11
874,at_risk,encoder,hazard/bin1/brier,0.0009874916868284345,12
884,at_risk,encoder,hazard/bin1/brier,0.0010797762079164386,12
885,at_risk,encoder,hazard/bin1/brier,0.0010429555550217628,12
886,at_risk,encoder,hazard/bin1/brier,0.0009971159743145108,3
887,at_risk,encoder,hazard/bin1/brier,0.0010516491020098329,12
888,at_risk,encoder,hazard/bin1/brier,0.0010415645083412528,12
889,at_risk,encoder,hazard/bin1/brier,0.0010745411273092031,12
890,at_risk,encoder,hazard/bin1/brier,0.001040844595991075,9
891,at_risk,encoder,hazard/bin1/brier,0.0010786851635202765,12
892,at_risk,encoder,hazard/bin1/brier,0.0010587561409920454,12
893,at_risk,encoder,hazard/bin1/brier,0.0010324805043637753,12
894,at_risk,encoder,hazard/bin1/brier,0.001032288302667439,6
895,at_risk,encoder,hazard/bin1/brier,0.001036059227772057,12
896,at_risk,encoder,hazard/bin1/brier,0.0010903418296948075,12
897,at_risk,encoder,hazard/bin1/brier,0.0010498914634808898,12
898,at_risk,encoder,hazard/bin1/brier,0.0010474565206095576,12
899,at_risk,encoder,hazard/bin1/brier,0.0010495545575395226,9
900,at_risk,encoder,hazard/bin1/brier,0.001051053055562079,12
901,at_risk,encoder,hazard/bin1/brier,0.001045845914632082,9
914,at_risk,encoder,hazard/bin1/brier,0.9369215965270996,2
915,at_risk,encoder,hazard/bin1/brier,0.0010182242840528488,3
918,at_risk,encoder,hazard/bin1/brier,0.0010421867482364178,6
919,at_risk,encoder,hazard/bin1/brier,0.000991082633845508,3
920,at_risk,encoder,hazard/bin1/brier,0.000999116338789463,6
922,at_risk,encoder,hazard/bin1/brier,0.0009963050251826644,3
928,at_risk,encoder,hazard/bin1/brier,0.31238287687301636,3
929,at_risk,encoder,hazard/bin1/brier,0.0010399213060736656,3
931,at_risk,encoder,hazard/bin1/brier,0.0010092960437759757,3
944,at_risk,encoder,hazard/bin1/brier,0.001004997524432838,3
945,at_risk,encoder,hazard/bin1/brier,0.0009859949350357056,3
950,at_risk,encoder,hazard/bin1/brier,0.0010085247922688723,9
953,at_risk,encoder,hazard/bin1/brier,0.9376526474952698,3
954,at_risk,encoder,hazard/bin1/brier,0.001012043678201735,12
956,at_risk,encoder,hazard/bin1/brier,0.0009824418229982257,12
957,at_risk,encoder,hazard/bin1/brier,0.4688085913658142,2
958,at_risk,encoder,hazard/bin1/brier,0.0009944537887349725,3
959,at_risk,encoder,hazard/bin1/brier,0.0009777994127944112,6
960,at_risk,encoder,hazard/bin1/brier,0.0010195380309596658,3
961,at_risk,encoder,hazard/bin1/brier,0.9383622407913208,2
974,at_risk,encoder,hazard/bin1/brier,0.0009972084080800414,3
975,at_risk,encoder,hazard/bin1/brier,0.0009541281615383923,3
978,at_risk,encoder,hazard/bin1/brier,0.0009892232483252883,12
979,at_risk,encoder,hazard/bin1/brier,0.0009867007611319423,12
981,at_risk,encoder,hazard/bin1/brier,0.0009321328834630549,3
983,at_risk,encoder,hazard/bin1/brier,0.000975427043158561,6
984,at_risk,encoder,hazard/bin1/brier,0.13474495708942413,7
986,at_risk,encoder,hazard/bin1/brier,0.0009644578094594181,3
988,at_risk,encoder,hazard/bin1/brier,0.0010017028544098139,9
989,at_risk,encoder,hazard/bin1/brier,0.9384201169013977,3
1006,at_risk,encoder,hazard/bin1/brier,0.0010164250852540135,3
861,at_risk,encoder,hazard/bin2/brier,0.0038231266662478447,8
864,at_risk,encoder,hazard/bin2/brier,0.003789185546338558,8
865,at_risk,encoder,hazard/bin2/brier,0.003787896130234003,8
866,at_risk,encoder,hazard/bin2/brier,0.0038867394905537367,8
867,at_risk,encoder,hazard/bin2/brier,0.0038729445077478886,8
868,at_risk,encoder,hazard/bin2/brier,0.0037926454097032547,4
869,at_risk,encoder,hazard/bin2/brier,0.003822011174634099,8
870,at_risk,encoder,hazard/bin2/brier,0.0038486942648887634,8
871,at_risk,encoder,hazard/bin2/brier,0.2231048196554184,8
874,at_risk,encoder,hazard/bin2/brier,0.003876276081427932,8
884,at_risk,encoder,hazard/bin2/brier,0.004186500795185566,8
885,at_risk,encoder,hazard/bin2/brier,0.003986630588769913,8
886,at_risk,encoder,hazard/bin2/brier,0.00391431013122201,2
887,at_risk,encoder,hazard/bin2/brier,0.004041067790240049,8
888,at_risk,encoder,hazard/bin2/brier,0.004072166979312897,8
889,at_risk,encoder,hazard/bin2/brier,0.2957501709461212,9
890,at_risk,encoder,hazard/bin2/brier,0.0039924015291035175,6
891,at_risk,encoder,hazard/bin2/brier,0.004197047092020512,8
892,at_risk,encoder,hazard/bin2/brier,0.0040080854669213295,8
893,at_risk,encoder,hazard/bin2/brier,0.004033894278109074,8
894,at_risk,encoder,hazard/bin2/brier,0.003928617108613253,4
895,at_risk,encoder,hazard/bin2/brier,0.003979726228863001,8
896,at_risk,encoder,hazard/bin2/brier,0.00418206537142396,8
897,at_risk,encoder,hazard/bin2/brier,0.004028535448014736,8
898,at_risk,encoder,hazard/bin2/brier,0.0040763383731245995,8
899,at_risk,encoder,hazard/bin2/brier,0.004099532496184111,6
900,at_risk,encoder,hazard/bin2/brier,0.004112796857953072,8
901,at_risk,encoder,hazard/bin2/brier,0.003977709915488958,6
914,at_risk,encoder,hazard/bin2/brier,0.8778261542320251,2
915,at_risk,encoder,hazard/bin2/brier,0.003941410221159458,2
918,at_risk,encoder,hazard/bin2/brier,0.5288203954696655,5
919,at_risk,encoder,hazard/bin2/brier,0.0038004457019269466,2
920,at_risk,encoder,hazard/bin2/brier,0.0038851480931043625,4
922,at_risk,encoder,hazard/bin2/brier,0.003940347116440535,2
928,at_risk,encoder,hazard/bin2/brier,0.29419198632240295,3
929,at_risk,encoder,hazard/bin2/brier,0.004102315753698349,2
931,at_risk,encoder,hazard/bin2/brier,0.003953665494918823,2
944,at_risk,encoder,hazard/bin2/brier,0.0038775065913796425,2
945,at_risk,encoder,hazard/bin2/brier,0.0038107195869088173,2
950,at_risk,encoder,hazard/bin2/brier,0.0038737475406378508,6
953,at_risk,encoder,hazard/bin2/brier,0.8789097666740417,3
954,at_risk,encoder,hazard/bin2/brier,0.003907136153429747,8
956,at_risk,encoder,hazard/bin2/brier,0.003797952551394701,8
957,at_risk,encoder,hazard/bin2/brier,0.8781012296676636,2
958,at_risk,encoder,hazard/bin2/brier,0.0039251502603292465,2
959,at_risk,encoder,hazard/bin2/brier,0.003806044114753604,4
960,at_risk,encoder,hazard/bin2/brier,0.003917268943041563,2
961,at_risk,encoder,hazard/bin2/brier,0.8800846338272095,2
974,at_risk,encoder,hazard/bin2/brier,0.0038285180926322937,2
975,at_risk,encoder,hazard/bin2/brier,0.0036508734337985516,2
978,at_risk,encoder,hazard/bin2/brier,0.0038776053115725517,8
979,at_risk,encoder,hazard/bin2/brier,0.003771468997001648,8
981,at_risk,encoder,hazard/bin2/brier,0.0036726018879562616,2
983,at_risk,encoder,hazard/bin2/brier,0.0037592595908790827,4
984,at_risk,encoder,hazard/bin2/brier,0.1788485199213028,5
986,at_risk,encoder,hazard/bin2/brier,0.0036744936369359493,2
988,at_risk,encoder,hazard/bin2/brier,0.003928640391677618,6
989,at_risk,encoder,hazard/bin2/brier,0.8802130222320557,3
1006,at_risk,encoder,hazard/bin2/brier,0.004041063599288464,2
860,all,encoder,temporal/0.75ps/normalized_rms_jump,0.9593046093651015,8
860,all,encoder,temporal/0.75ps/increment_rms,0.2384820282459259,8
860,all,encoder,temporal/0.75ps/increment_p95,0.4015476256608963,8
860,all,encoder,temporal/0.75ps/covariance_trace,0.03090069629251957,8
861,all,encoder,temporal/0.75ps/normalized_rms_jump,0.976265372909974,8
861,all,encoder,temporal/0.75ps/increment_rms,0.2942769527435303,8
861,all,encoder,temporal/0.75ps/increment_p95,0.5315463602542876,8
861,all,encoder,temporal/0.75ps/covariance_trace,0.045430414378643036,8
861,low_order,encoder,temporal/0.75ps/normalized_rms_jump,0.976265372909974,8
861,low_order,encoder,temporal/0.75ps/increment_rms,0.2942769527435303,8
861,low_order,encoder,temporal/0.75ps/increment_p95,0.5315463602542876,8
861,low_order,encoder,temporal/0.75ps/covariance_trace,0.045430414378643036,8
862,all,encoder,temporal/0.75ps/normalized_rms_jump,1.154583663977261,8
862,all,encoder,temporal/0.75ps/increment_rms,0.3126731514930725,8
862,all,encoder,temporal/0.75ps/increment_p95,0.43593403100967404,8
862,all,encoder,temporal/0.75ps/covariance_trace,0.036669112741947174,8
863,all,encoder,temporal/0.75ps/normalized_rms_jump,1.0603946256860919,8
863,all,encoder,temporal/0.75ps/increment_rms,0.4213176965713501,8
863,all,encoder,temporal/0.75ps/increment_p95,0.768070478737354,8
863,all,encoder,temporal/0.75ps/covariance_trace,0.07893222570419312,8
864,all,encoder,temporal/0.75ps/normalized_rms_jump,1.1130042574821077,8
864,all,encoder,temporal/0.75ps/increment_rms,0.34564003348350525,8
864,all,encoder,temporal/0.75ps/increment_p95,0.5545995697379111,8
864,all,encoder,temporal/0.75ps/covariance_trace,0.048219695687294006,8
864,low_order,encoder,temporal/0.75ps/normalized_rms_jump,1.1130042574821077,8
864,low_order,encoder,temporal/0.75ps/increment_rms,0.34564003348350525,8
864,low_order,encoder,temporal/0.75ps/increment_p95,0.5545995697379111,8
864,low_order,encoder,temporal/0.75ps/covariance_trace,0.048219695687294006,8
865,all,encoder,temporal/0.75ps/normalized_rms_jump,1.0473814683082507,8
865,all,encoder,temporal/0.75ps/increment_rms,0.388107568025589,8
865,all,encoder,temporal/0.75ps/increment_p95,0.6507899373769759,8
865,all,encoder,temporal/0.75ps/covariance_trace,0.06865378469228745,8
865,low_order,encoder,temporal/0.75ps/normalized_rms_jump,1.0473814683082507,8
865,low_order,encoder,temporal/0.75ps/increment_rms,0.388107568025589,8
865,low_order,encoder,temporal/0.75ps/increment_p95,0.6507899373769759,8
865,low_order,encoder,temporal/0.75ps/covariance_trace,0.06865378469228745,8
866,all,encoder,temporal/0.75ps/normalized_rms_jump,1.2218177719315089,8
866,all,encoder,temporal/0.75ps/increment_rms,0.47121700644493103,8
866,all,encoder,temporal/0.75ps/increment_p95,0.6956342190504075,8
866,all,encoder,temporal/0.75ps/covariance_trace,0.07437022030353546,8
866,low_order,encoder,temporal/0.75ps/normalized_rms_jump,1.2218177719315089,8
866,low_order,encoder,temporal/0.75ps/increment_rms,0.47121700644493103,8
866,low_order,encoder,temporal/0.75ps/increment_p95,0.6956342190504075,8
866,low_order,encoder,temporal/0.75ps/covariance_trace,0.07437022030353546,8
867,all,encoder,temporal/0.75ps/normalized_rms_jump,1.145221171992955,8
867,all,encoder,temporal/0.75ps/increment_rms,0.3753960132598877,8
867,all,encoder,temporal/0.75ps/increment_p95,0.5391855210065841,8
867,all,encoder,temporal/0.75ps/covariance_trace,0.053724274039268494,8
867,low_order,encoder,temporal/0.75ps/normalized_rms_jump,1.145221171992955,8
867,low_order,encoder,temporal/0.75ps/increment_rms,0.3753960132598877,8
867,low_order,encoder,temporal/0.75ps/increment_p95,0.5391855210065841,8
867,low_order,encoder,temporal/0.75ps/covariance_trace,0.053724274039268494,8
868,all,encoder,temporal/0.75ps/normalized_rms_jump,0.9565854562487947,8
868,all,encoder,temporal/0.75ps/increment_rms,0.2635909616947174,8
868,all,encoder,temporal/0.75ps/increment_p95,0.38955466002225875,8
868,all,encoder,temporal/0.75ps/covariance_trace,0.03796500340104103,8
868,low_order,encoder,temporal/0.75ps/normalized_rms_jump,1.187589933992782,4
868,low_order,encoder,temporal/0.75ps/increment_rms,0.2790881097316742,4
868,low_order,encoder,temporal/0.75ps/increment_p95,0.3798266008496284,4
868,low_order,encoder,temporal/0.75ps/covariance_trace,0.027613382786512375,4
869,all,encoder,temporal/0.75ps/normalized_rms_jump,1.1950941897630043,8
869,all,encoder,temporal/0.75ps/increment_rms,0.4705562889575958,8
869,all,encoder,temporal/0.75ps/increment_p95,0.7280180603265761,8
869,all,encoder,temporal/0.75ps/covariance_trace,0.07751555740833282,8
869,low_order,encoder,temporal/0.75ps/normalized_rms_jump,1.1950941897630043,8
869,low_order,encoder,temporal/0.75ps/increment_rms,0.4705562889575958,8
869,low_order,encoder,temporal/0.75ps/increment_p95,0.7280180603265761,8
869,low_order,encoder,temporal/0.75ps/covariance_trace,0.07751555740833282,8
870,all,encoder,temporal/0.75ps/normalized_rms_jump,1.022443595616458,8
870,all,encoder,temporal/0.75ps/increment_rms,0.3438270688056946,8
870,all,encoder,temporal/0.75ps/increment_p95,0.6408527791500089,8
870,all,encoder,temporal/0.75ps/covariance_trace,0.05654203146696091,8
870,low_order,encoder,temporal/0.75ps/normalized_rms_jump,1.022443595616458,8
870,low_order,encoder,temporal/0.75ps/increment_rms,0.3438270688056946,8
870,low_order,encoder,temporal/0.75ps/increment_p95,0.6408527791500089,8
870,low_order,encoder,temporal/0.75ps/covariance_trace,0.05654203146696091,8
871,all,encoder,temporal/0.75ps/normalized_rms_jump,1.0835559878328092,8
871,all,encoder,temporal/0.75ps/increment_rms,0.33263498544692993,8
871,all,encoder,temporal/0.75ps/increment_p95,0.5222824111580848,8
871,all,encoder,temporal/0.75ps/covariance_trace,0.04711977019906044,8
871,low_order,encoder,temporal/0.75ps/normalized_rms_jump,1.0610166479087386,6
871,low_order,encoder,temporal/0.75ps/increment_rms,0.33485913276672363,6
871,low_order,encoder,temporal/0.75ps/increment_p95,0.5349542424082756,6
871,low_order,encoder,temporal/0.75ps/covariance_trace,0.04980235919356346,6
872,all,encoder,temporal/0.75ps/normalized_rms_jump,0.8047151585186614,8
872,all,encoder,temporal/0.75ps/increment_rms,0.30753403902053833,8
872,all,encoder,temporal/0.75ps/increment_p95,0.4912969902157782,8
872,all,encoder,temporal/0.75ps/covariance_trace,0.07302507758140564,8
873,all,encoder,temporal/0.75ps/normalized_rms_jump,0.9045850561601966,8
873,all,encoder,temporal/0.75ps/increment_rms,0.23124659061431885,8
873,all,encoder,temporal/0.75ps/increment_p95,0.3788088411092757,8
873,all,encoder,temporal/0.75ps/covariance_trace,0.032675471156835556,8
874,all,encoder,temporal/0.75ps/normalized_rms_jump,0.9595732696921861,8
874,all,encoder,temporal/0.75ps/increment_rms,0.48585450649261475,8
874,all,encoder,temporal/0.75ps/increment_p95,0.9482699960470197,8
874,all,encoder,temporal/0.75ps/covariance_trace,0.12818175554275513,8
874,low_order,encoder,temporal/0.75ps/normalized_rms_jump,0.9595732696921861,8
874,low_order,encoder,temporal/0.75ps/increment_rms,0.48585450649261475,8
874,low_order,encoder,temporal/0.75ps/increment_p95,0.9482699960470197,8
874,low_order,encoder,temporal/0.75ps/covariance_trace,0.12818175554275513,8
884,all,encoder,temporal/0.75ps/normalized_rms_jump,1.200776895181579,8
884,all,encoder,temporal/0.75ps/increment_rms,0.33916160464286804,8
884,all,encoder,temporal/0.75ps/increment_p95,0.5875131681561468,8
884,all,encoder,temporal/0.75ps/covariance_trace,0.039889514446258545,8
884,low_order,encoder,temporal/0.75ps/normalized_rms_jump,1.200776895181579,8
884,low_order,encoder,temporal/0.75ps/increment_rms,0.33916160464286804,8
884,low_order,encoder,temporal/0.75ps/increment_p95,0.5875131681561468,8
884,low_order,encoder,temporal/0.75ps/covariance_trace,0.039889514446258545,8
885,all,encoder,temporal/0.75ps/normalized_rms_jump,1.2445253077913492,8
885,all,encoder,temporal/0.75ps/increment_rms,0.33617812395095825,8
885,all,encoder,temporal/0.75ps/increment_p95,0.43538987934589385,8
885,all,encoder,temporal/0.75ps/covariance_trace,0.03648391366004944,8
885,low_order,encoder,temporal/0.75ps/normalized_rms_jump,1.2445253077913492,8
885,low_order,encoder,temporal/0.75ps/increment_rms,0.33617812395095825,8
885,low_order,encoder,temporal/0.75ps/increment_p95,0.43538987934589385,8
885,low_order,encoder,temporal/0.75ps/covariance_trace,0.03648391366004944,8
886,all,encoder,temporal/0.75ps/normalized_rms_jump,1.1208225293816227,8
886,all,encoder,temporal/0.75ps/increment_rms,0.29001691937446594,8
886,all,encoder,temporal/0.75ps/increment_p95,0.4629928037524223,8
886,all,encoder,temporal/0.75ps/covariance_trace,0.03347672522068024,8
887,all,encoder,temporal/0.75ps/normalized_rms_jump,0.7380868383887914,8
887,all,encoder,temporal/0.75ps/increment_rms,0.34406280517578125,8
887,all,encoder,temporal/0.75ps/increment_p95,0.5831854745745658,8
887,all,encoder,temporal/0.75ps/covariance_trace,0.10865020006895065,8
887,low_order,encoder,temporal/0.75ps/normalized_rms_jump,0.7380868383887914,8
887,low_order,encoder,temporal/0.75ps/increment_rms,0.34406280517578125,8
887,low_order,encoder,temporal/0.75ps/increment_p95,0.5831854745745658,8
887,low_order,encoder,temporal/0.75ps/covariance_trace,0.10865020006895065,8
888,all,encoder,temporal/0.75ps/normalized_rms_jump,1.2097330324085689,8
888,all,encoder,temporal/0.75ps/increment_rms,0.32492759823799133,8
888,all,encoder,temporal/0.75ps/increment_p95,0.5347609862685203,8
888,all,encoder,temporal/0.75ps/covariance_trace,0.03607149422168732,8
888,low_order,encoder,temporal/0.75ps/normalized_rms_jump,1.2097330324085689,8
888,low_order,encoder,temporal/0.75ps/increment_rms,0.32492759823799133,8
888,low_order,encoder,temporal/0.75ps/increment_p95,0.5347609862685203,8
888,low_order,encoder,temporal/0.75ps/covariance_trace,0.03607149422168732,8
889,all,encoder,temporal/0.75ps/normalized_rms_jump,0.7998649220489712,8
889,all,encoder,temporal/0.75ps/increment_rms,0.3299524188041687,8
889,all,encoder,temporal/0.75ps/increment_p95,0.5530605524778366,8
889,all,encoder,temporal/0.75ps/covariance_trace,0.08508232235908508,8
889,low_order,encoder,temporal/0.75ps/normalized_rms_jump,0.7998649220489712,8
889,low_order,encoder,temporal/0.75ps/increment_rms,0.3299524188041687,8
889,low_order,encoder,temporal/0.75ps/increment_p95,0.5530605524778366,8
889,low_order,encoder,temporal/0.75ps/covariance_trace,0.08508232235908508,8
890,all,encoder,temporal/0.75ps/normalized_rms_jump,0.8255986083202839,8
890,all,encoder,temporal/0.75ps/increment_rms,0.32192185521125793,8
890,all,encoder,temporal/0.75ps/increment_p95,0.5918719246983526,8
890,all,encoder,temporal/0.75ps/covariance_trace,0.07602089643478394,8
890,low_order,encoder,temporal/0.75ps/normalized_rms_jump,0.8111850382361798,6
890,low_order,encoder,temporal/0.75ps/increment_rms,0.32519352436065674,6
890,low_order,encoder,temporal/0.75ps/increment_p95,0.5901270881295204,6
890,low_order,encoder,temporal/0.75ps/covariance_trace,0.08035518229007721,6
891,all,encoder,temporal/0.75ps/normalized_rms_jump,1.183810750331352,8
891,all,encoder,temporal/0.75ps/increment_rms,0.3662262260913849,8
891,all,encoder,temporal/0.75ps/increment_p95,0.47059780508279797,8
891,all,encoder,temporal/0.75ps/covariance_trace,0.04785246402025223,8
891,low_order,encoder,temporal/0.75ps/normalized_rms_jump,1.183810750331352,8
891,low_order,encoder,temporal/0.75ps/increment_rms,0.3662262260913849,8
891,low_order,encoder,temporal/0.75ps/increment_p95,0.47059780508279797,8
891,low_order,encoder,temporal/0.75ps/covariance_trace,0.04785246402025223,8
892,all,encoder,temporal/0.75ps/normalized_rms_jump,1.228707404306388,8
892,all,encoder,temporal/0.75ps/increment_rms,0.3903992474079132,8
892,all,encoder,temporal/0.75ps/increment_p95,0.5224773079156875,8
892,all,encoder,temporal/0.75ps/covariance_trace,0.05047670751810074,8
892,low_order,encoder,temporal/0.75ps/normalized_rms_jump,1.228707404306388,8
892,low_order,encoder,temporal/0.75ps/increment_rms,0.3903992474079132,8
892,low_order,encoder,temporal/0.75ps/increment_p95,0.5224773079156875,8
892,low_order,encoder,temporal/0.75ps/covariance_trace,0.05047670751810074,8
893,all,encoder,temporal/0.75ps/normalized_rms_jump,0.9797007598814436,8
893,all,encoder,temporal/0.75ps/increment_rms,0.3036440908908844,8
893,all,encoder,temporal/0.75ps/increment_p95,0.5197347134351729,8
893,all,encoder,temporal/0.75ps/covariance_trace,0.048030026257038116,8
893,low_order,encoder,temporal/0.75ps/normalized_rms_jump,0.9797007598814436,8
893,low_order,encoder,temporal/0.75ps/increment_rms,0.3036440908908844,8
893,low_order,encoder,temporal/0.75ps/increment_p95,0.5197347134351729,8
893,low_order,encoder,temporal/0.75ps/covariance_trace,0.048030026257038116,8
894,all,encoder,temporal/0.75ps/normalized_rms_jump,0.8542071379766518,8
894,all,encoder,temporal/0.75ps/increment_rms,0.30402231216430664,8
894,all,encoder,temporal/0.75ps/increment_p95,0.49319779276847836,8
894,all,encoder,temporal/0.75ps/covariance_trace,0.0633365660905838,8
894,low_order,encoder,temporal/0.75ps/normalized_rms_jump,0.9536985383551306,4
894,low_order,encoder,temporal/0.75ps/increment_rms,0.3469667434692383,4
894,low_order,encoder,temporal/0.75ps/increment_p95,0.4975730806589126,4
894,low_order,encoder,temporal/0.75ps/covariance_trace,0.06617949903011322,4
895,all,encoder,temporal/0.75ps/normalized_rms_jump,0.9092238552181356,8
895,all,encoder,temporal/0.75ps/increment_rms,0.3638894855976105,8
895,all,encoder,temporal/0.75ps/increment_p95,0.7114944338798521,8
895,all,encoder,temporal/0.75ps/covariance_trace,0.08008798956871033,8
895,low_order,encoder,temporal/0.75ps/normalized_rms_jump,0.9092238552181356,8
895,low_order,encoder,temporal/0.75ps/increment_rms,0.3638894855976105,8
895,low_order,encoder,temporal/0.75ps/increment_p95,0.7114944338798521,8
895,low_order,encoder,temporal/0.75ps/covariance_trace,0.08008798956871033,8
896,all,encoder,temporal/0.75ps/normalized_rms_jump,1.1677486599575466,8
896,all,encoder,temporal/0.75ps/increment_rms,0.4449354112148285,8
896,all,encoder,temporal/0.75ps/increment_p95,0.7972675651311874,8
896,all,encoder,temporal/0.75ps/covariance_trace,0.07258806377649307,8
896,low_order,encoder,temporal/0.75ps/normalized_rms_jump,1.1677486599575466,8
896,low_order,encoder,temporal/0.75ps/increment_rms,0.4449354112148285,8
896,low_order,encoder,temporal/0.75ps/increment_p95,0.7972675651311874,8
896,low_order,encoder,temporal/0.75ps/covariance_trace,0.07258806377649307,8
897,all,encoder,temporal/0.75ps/normalized_rms_jump,0.9361438540910567,8
897,all,encoder,temporal/0.75ps/increment_rms,0.34660017490386963,8
897,all,encoder,temporal/0.75ps/increment_p95,0.5634570792317389,8
897,all,encoder,temporal/0.75ps/covariance_trace,0.06853973120450974,8
897,low_order,encoder,temporal/0.75ps/normalized_rms_jump,0.9361438540910567,8
897,low_order,encoder,temporal/0.75ps/increment_rms,0.34660017490386963,8
897,low_order,encoder,temporal/0.75ps/increment_p95,0.5634570792317389,8
897,low_order,encoder,temporal/0.75ps/covariance_trace,0.06853973120450974,8
898,all,encoder,temporal/0.75ps/normalized_rms_jump,0.7192675789105148,8
898,all,encoder,temporal/0.75ps/increment_rms,0.23588819801807404,8
898,all,encoder,temporal/0.75ps/increment_p95,0.44182943999767293,8
898,all,encoder,temporal/0.75ps/covariance_trace,0.053777605295181274,8
898,low_order,encoder,temporal/0.75ps/normalized_rms_jump,0.7192675789105148,8
898,low_order,encoder,temporal/0.75ps/increment_rms,0.23588819801807404,8
898,low_order,encoder,temporal/0.75ps/increment_p95,0.44182943999767293,8
898,low_order,encoder,temporal/0.75ps/covariance_trace,0.053777605295181274,8
899,all,encoder,temporal/0.75ps/normalized_rms_jump,1.0977858946133106,8
899,all,encoder,temporal/0.75ps/increment_rms,0.3229221999645233,8
899,all,encoder,temporal/0.75ps/increment_p95,0.47323394417762754,8
899,all,encoder,temporal/0.75ps/covariance_trace,0.04326438158750534,8
899,low_order,encoder,temporal/0.75ps/normalized_rms_jump,1.3354510486752247,6
899,low_order,encoder,temporal/0.75ps/increment_rms,0.34581923484802246,6
899,low_order,encoder,temporal/0.75ps/increment_p95,0.47515663504600525,6
899,low_order,encoder,temporal/0.75ps/covariance_trace,0.03352836146950722,6
900,all,encoder,temporal/0.75ps/normalized_rms_jump,1.1717939611801123,8
900,all,encoder,temporal/0.75ps/increment_rms,0.48046067357063293,8
900,all,encoder,temporal/0.75ps/increment_p95,0.6802654772996902,8
900,all,encoder,temporal/0.75ps/covariance_trace,0.08405879884958267,8
900,low_order,encoder,temporal/0.75ps/normalized_rms_jump,1.1717939611801123,8
900,low_order,encoder,temporal/0.75ps/increment_rms,0.48046067357063293,8
900,low_order,encoder,temporal/0.75ps/increment_p95,0.6802654772996902,8
900,low_order,encoder,temporal/0.75ps/covariance_trace,0.08405879884958267,8
901,all,encoder,temporal/0.75ps/normalized_rms_jump,1.3488874369049255,8
901,all,encoder,temporal/0.75ps/increment_rms,0.5100183486938477,8
901,all,encoder,temporal/0.75ps/increment_p95,0.7323850333690642,8
901,all,encoder,temporal/0.75ps/covariance_trace,0.07148092240095139,8
901,low_order,encoder,temporal/0.75ps/normalized_rms_jump,1.355292160293089,6
901,low_order,encoder,temporal/0.75ps/increment_rms,0.5483421087265015,6
901,low_order,encoder,temporal/0.75ps/increment_p95,0.7512342035770416,6
901,low_order,encoder,temporal/0.75ps/covariance_trace,0.08184786885976791,6
914,all,encoder,temporal/0.75ps/normalized_rms_jump,1.3087950635177166,8
914,all,encoder,temporal/0.75ps/increment_rms,0.40834105014801025,8
914,all,encoder,temporal/0.75ps/increment_p95,0.7032840609550476,8
914,all,encoder,temporal/0.75ps/covariance_trace,0.048671282827854156,8
915,all,encoder,temporal/0.75ps/normalized_rms_jump,1.2839674296484316,8
915,all,encoder,temporal/0.75ps/increment_rms,0.40073391795158386,8
915,all,encoder,temporal/0.75ps/increment_p95,0.5845463305711746,8
915,all,encoder,temporal/0.75ps/covariance_trace,0.048705071210861206,8
916,all,encoder,temporal/0.75ps/normalized_rms_jump,1.0534524694841434,8
916,all,encoder,temporal/0.75ps/increment_rms,0.3607020080089569,8
916,all,encoder,temporal/0.75ps/increment_p95,0.516912843286991,8
916,all,encoder,temporal/0.75ps/covariance_trace,0.05861884355545044,8
917,all,encoder,temporal/0.75ps/normalized_rms_jump,1.16459204940914,8
917,all,encoder,temporal/0.75ps/increment_rms,0.49378538131713867,8
917,all,encoder,temporal/0.75ps/increment_p95,0.682159462571144,8
917,all,encoder,temporal/0.75ps/covariance_trace,0.08988739550113678,8
918,all,encoder,temporal/0.75ps/normalized_rms_jump,1.2711025907609639,8
918,all,encoder,temporal/0.75ps/increment_rms,0.5543476343154907,8
918,all,encoder,temporal/0.75ps/increment_p95,0.8672395527362822,8
918,all,encoder,temporal/0.75ps/covariance_trace,0.09509839117527008,8
919,all,encoder,temporal/0.75ps/normalized_rms_jump,1.1637404343447553,8
919,all,encoder,temporal/0.75ps/increment_rms,0.38060614466667175,8
919,all,encoder,temporal/0.75ps/increment_p95,0.6044545903801917,8
919,all,encoder,temporal/0.75ps/covariance_trace,0.053482212126255035,8
920,all,encoder,temporal/0.75ps/normalized_rms_jump,1.0363317922711315,8
920,all,encoder,temporal/0.75ps/increment_rms,0.30451685190200806,8
920,all,encoder,temporal/0.75ps/increment_p95,0.47990585714578626,8
920,all,encoder,temporal/0.75ps/covariance_trace,0.043171294033527374,8
921,all,encoder,temporal/0.75ps/normalized_rms_jump,0.8672036805324908,8
921,all,encoder,temporal/0.75ps/increment_rms,0.389681339263916,8
921,all,encoder,temporal/0.75ps/increment_p95,0.6477025359869002,8
921,all,encoder,temporal/0.75ps/covariance_trace,0.10095945745706558,8
922,all,encoder,temporal/0.75ps/normalized_rms_jump,1.114341281086694,8
922,all,encoder,temporal/0.75ps/increment_rms,0.3439922034740448,8
922,all,encoder,temporal/0.75ps/increment_p95,0.6130522310733795,8
922,all,encoder,temporal/0.75ps/covariance_trace,0.04764647036790848,8
923,all,encoder,temporal/0.75ps/normalized_rms_jump,1.1202524224624297,8
923,all,encoder,temporal/0.75ps/increment_rms,0.39037376642227173,8
923,all,encoder,temporal/0.75ps/increment_p95,0.6179139062762259,8
923,all,encoder,temporal/0.75ps/covariance_trace,0.06071548908948898,8
924,all,encoder,temporal/0.75ps/normalized_rms_jump,1.3796012396676305,8
924,all,encoder,temporal/0.75ps/increment_rms,0.7069941759109497,8
924,all,encoder,temporal/0.75ps/increment_p95,1.1266383290290831,8
924,all,encoder,temporal/0.75ps/covariance_trace,0.13130901753902435,8
925,all,encoder,temporal/0.75ps/normalized_rms_jump,0.8183938271156443,8
925,all,encoder,temporal/0.75ps/increment_rms,0.2255801260471344,8
925,all,encoder,temporal/0.75ps/increment_p95,0.31386540234088894,8
925,all,encoder,temporal/0.75ps/covariance_trace,0.037988048046827316,8
926,all,encoder,temporal/0.75ps/normalized_rms_jump,1.1456477757687882,8
926,all,encoder,temporal/0.75ps/increment_rms,0.3779643177986145,8
926,all,encoder,temporal/0.75ps/increment_p95,0.6095817357301712,8
926,all,encoder,temporal/0.75ps/covariance_trace,0.054421354085206985,8
927,all,encoder,temporal/0.75ps/normalized_rms_jump,0.9259083092022393,8
927,all,encoder,temporal/0.75ps/increment_rms,0.4603193998336792,8
927,all,encoder,temporal/0.75ps/increment_p95,0.8106596529483794,8
927,all,encoder,temporal/0.75ps/covariance_trace,0.12358126044273376,8
928,all,encoder,temporal/0.75ps/normalized_rms_jump,0.9665569905065345,8
928,all,encoder,temporal/0.75ps/increment_rms,0.24193033576011658,8
928,all,encoder,temporal/0.75ps/increment_p95,0.38632592409849165,8
928,all,encoder,temporal/0.75ps/covariance_trace,0.031325336545705795,8
929,all,encoder,temporal/0.75ps/normalized_rms_jump,1.358327722181658,8
929,all,encoder,temporal/0.75ps/increment_rms,0.4687332212924957,8
929,all,encoder,temporal/0.75ps/increment_p95,0.7894094586372375,8
929,all,encoder,temporal/0.75ps/covariance_trace,0.05954048037528992,8
930,all,encoder,temporal/0.75ps/normalized_rms_jump,1.1363556741073424,8
930,all,encoder,temporal/0.75ps/increment_rms,0.4172423779964447,8
930,all,encoder,temporal/0.75ps/increment_p95,0.6391072481870651,8
930,all,encoder,temporal/0.75ps/covariance_trace,0.06740905344486237,8
931,all,encoder,temporal/0.75ps/normalized_rms_jump,1.2392556278663993,8
931,all,encoder,temporal/0.75ps/increment_rms,0.3887229561805725,8
931,all,encoder,temporal/0.75ps/increment_p95,0.5501160979270935,8
931,all,encoder,temporal/0.75ps/covariance_trace,0.04919586330652237,8
944,all,encoder,temporal/0.75ps/normalized_rms_jump,0.6876655148694063,8
944,all,encoder,temporal/0.75ps/increment_rms,0.27467915415763855,8
944,all,encoder,temporal/0.75ps/increment_p95,0.4451364263892173,8
944,all,encoder,temporal/0.75ps/covariance_trace,0.07977501302957535,8
944,low_order,encoder,temporal/0.75ps/normalized_rms_jump,1.1659207534911105,2
944,low_order,encoder,temporal/0.75ps/increment_rms,0.2767525017261505,2
944,low_order,encoder,temporal/0.75ps/increment_p95,0.32704801112413406,2
944,low_order,encoder,temporal/0.75ps/covariance_trace,0.028171831741929054,2
945,all,encoder,temporal/0.75ps/normalized_rms_jump,0.8527562590471544,8
945,all,encoder,temporal/0.75ps/increment_rms,0.32469141483306885,8
945,all,encoder,temporal/0.75ps/increment_p95,0.5028505057096481,8
945,all,encoder,temporal/0.75ps/covariance_trace,0.07248727232217789,8
946,all,encoder,temporal/0.75ps/normalized_rms_jump,1.134596821864635,8
946,all,encoder,temporal/0.75ps/increment_rms,0.4819450378417969,8
946,all,encoder,temporal/0.75ps/increment_p95,0.7707044184207915,8
946,all,encoder,temporal/0.75ps/covariance_trace,0.09021565318107605,8
947,all,encoder,temporal/0.75ps/normalized_rms_jump,1.1272533464380652,8
947,all,encoder,temporal/0.75ps/increment_rms,0.3028605580329895,8
947,all,encoder,temporal/0.75ps/increment_p95,0.388063183426857,8
947,all,encoder,temporal/0.75ps/covariance_trace,0.0360921174287796,8
948,all,encoder,temporal/0.75ps/normalized_rms_jump,1.2158285295258857,8
948,all,encoder,temporal/0.75ps/increment_rms,0.4258188009262085,8
948,all,encoder,temporal/0.75ps/increment_p95,0.7445286631584166,8
948,all,encoder,temporal/0.75ps/covariance_trace,0.06133028864860535,8
949,all,encoder,temporal/0.75ps/normalized_rms_jump,0.7553278511603196,8
949,all,encoder,temporal/0.75ps/increment_rms,0.2816023826599121,8
949,all,encoder,temporal/0.75ps/increment_p95,0.49193243980407697,8
949,all,encoder,temporal/0.75ps/covariance_trace,0.06949789822101593,8
950,all,encoder,temporal/0.75ps/normalized_rms_jump,0.9471825057257114,8
950,all,encoder,temporal/0.75ps/increment_rms,0.28407999873161316,8
950,all,encoder,temporal/0.75ps/increment_p95,0.4994871422648429,8
950,all,encoder,temporal/0.75ps/covariance_trace,0.04497632384300232,8
950,low_order,encoder,temporal/0.75ps/normalized_rms_jump,1.1150918885720784,6
950,low_order,encoder,temporal/0.75ps/increment_rms,0.2955699861049652,6
950,low_order,encoder,temporal/0.75ps/increment_p95,0.5161432400345802,6
950,low_order,encoder,temporal/0.75ps/covariance_trace,0.03512928634881973,6
951,all,encoder,temporal/0.75ps/normalized_rms_jump,1.0187787989936214,8
951,all,encoder,temporal/0.75ps/increment_rms,0.37322449684143066,8
951,all,encoder,temporal/0.75ps/increment_p95,0.6171909540891646,8
951,all,encoder,temporal/0.75ps/covariance_trace,0.06710432469844818,8
952,all,encoder,temporal/0.75ps/normalized_rms_jump,0.9993481711838682,8
952,all,encoder,temporal/0.75ps/increment_rms,0.33357667922973633,8
952,all,encoder,temporal/0.75ps/increment_p95,0.5798734962940214,8
952,all,encoder,temporal/0.75ps/covariance_trace,0.05570929870009422,8
953,all,encoder,temporal/0.75ps/normalized_rms_jump,0.930364700417362,8
953,all,encoder,temporal/0.75ps/increment_rms,0.3121582567691803,8
953,all,encoder,temporal/0.75ps/increment_p95,0.4642319798469543,8
953,all,encoder,temporal/0.75ps/covariance_trace,0.05628766119480133,8
954,all,encoder,temporal/0.75ps/normalized_rms_jump,1.1102099941228574,8
954,all,encoder,temporal/0.75ps/increment_rms,0.24986907839775085,8
954,all,encoder,temporal/0.75ps/increment_p95,0.36773882657289503,8
954,all,encoder,temporal/0.75ps/covariance_trace,0.025327058508992195,8
954,low_order,encoder,temporal/0.75ps/normalized_rms_jump,1.1102099941228574,8
954,low_order,encoder,temporal/0.75ps/increment_rms,0.24986907839775085,8
954,low_order,encoder,temporal/0.75ps/increment_p95,0.36773882657289503,8
954,low_order,encoder,temporal/0.75ps/covariance_trace,0.025327058508992195,8
955,all,encoder,temporal/0.75ps/normalized_rms_jump,1.1147368638102613,8
955,all,encoder,temporal/0.75ps/increment_rms,0.3891233503818512,8
955,all,encoder,temporal/0.75ps/increment_p95,0.5493789315223694,8
955,all,encoder,temporal/0.75ps/covariance_trace,0.06092560291290283,8
956,all,encoder,temporal/0.75ps/normalized_rms_jump,1.0841500975679008,8
956,all,encoder,temporal/0.75ps/increment_rms,0.27538931369781494,8
956,all,encoder,temporal/0.75ps/increment_p95,0.44790575951337797,8
956,all,encoder,temporal/0.75ps/covariance_trace,0.03226156160235405,8
956,low_order,encoder,temporal/0.75ps/normalized_rms_jump,1.0841500975679008,8
956,low_order,encoder,temporal/0.75ps/increment_rms,0.27538931369781494,8
956,low_order,encoder,temporal/0.75ps/increment_p95,0.44790575951337797,8
956,low_order,encoder,temporal/0.75ps/covariance_trace,0.03226156160235405,8
957,all,encoder,temporal/0.75ps/normalized_rms_jump,0.8884661316640923,8
957,all,encoder,temporal/0.75ps/increment_rms,0.318697065114975,8
957,all,encoder,temporal/0.75ps/increment_p95,0.4103901118040084,8
957,all,encoder,temporal/0.75ps/covariance_trace,0.06433457136154175,8
958,all,encoder,temporal/0.75ps/normalized_rms_jump,1.1331780572660175,8
958,all,encoder,temporal/0.75ps/increment_rms,0.3005843460559845,8
958,all,encoder,temporal/0.75ps/increment_p95,0.4340365827083587,8
958,all,encoder,temporal/0.75ps/covariance_trace,0.03518085926771164,8
959,all,encoder,temporal/0.75ps/normalized_rms_jump,1.145158636711291,8
959,all,encoder,temporal/0.75ps/increment_rms,0.28013160824775696,8
959,all,encoder,temporal/0.75ps/increment_p95,0.44791066348552694,8
959,all,encoder,temporal/0.75ps/covariance_trace,0.029920091852545738,8
960,all,encoder,temporal/0.75ps/normalized_rms_jump,1.143900376049915,8
960,all,encoder,temporal/0.75ps/increment_rms,0.4413955509662628,8
960,all,encoder,temporal/0.75ps/increment_p95,0.6643656939268112,8
960,all,encoder,temporal/0.75ps/covariance_trace,0.0744473934173584,8
961,all,encoder,temporal/0.75ps/normalized_rms_jump,1.1680233225522862,8
961,all,encoder,temporal/0.75ps/increment_rms,0.42400315403938293,8
961,all,encoder,temporal/0.75ps/increment_p95,0.6876936167478561,8
961,all,encoder,temporal/0.75ps/covariance_trace,0.06588782370090485,8
974,all,encoder,temporal/0.75ps/normalized_rms_jump,1.1586688844489674,8
974,all,encoder,temporal/0.75ps/increment_rms,0.31282857060432434,8
974,all,encoder,temporal/0.75ps/increment_p95,0.48022086918354023,8
974,all,encoder,temporal/0.75ps/covariance_trace,0.0364471971988678,8
975,all,encoder,temporal/0.75ps/normalized_rms_jump,1.0890389924089008,8
975,all,encoder,temporal/0.75ps/increment_rms,0.3690621852874756,8
975,all,encoder,temporal/0.75ps/increment_p95,0.5777249306440353,8
975,all,encoder,temporal/0.75ps/covariance_trace,0.057422518730163574,8
976,all,encoder,temporal/0.75ps/normalized_rms_jump,0.8342793099205155,8
976,all,encoder,temporal/0.75ps/increment_rms,0.3358156979084015,8
976,all,encoder,temporal/0.75ps/increment_p95,0.5483706325292587,8
976,all,encoder,temporal/0.75ps/covariance_trace,0.08101193606853485,8
977,all,encoder,temporal/0.75ps/normalized_rms_jump,0.9365447719533442,8
977,all,encoder,temporal/0.75ps/increment_rms,0.30371782183647156,8
977,all,encoder,temporal/0.75ps/increment_p95,0.5026902064681052,8
977,all,encoder,temporal/0.75ps/covariance_trace,0.05258398503065109,8
978,all,encoder,temporal/0.75ps/normalized_rms_jump,1.1477379315424792,8
978,all,encoder,temporal/0.75ps/increment_rms,0.2727561593055725,8
978,all,encoder,temporal/0.75ps/increment_p95,0.42393447011709207,8
978,all,encoder,temporal/0.75ps/covariance_trace,0.02823798358440399,8
978,low_order,encoder,temporal/0.75ps/normalized_rms_jump,1.1477379315424792,8
978,low_order,encoder,temporal/0.75ps/increment_rms,0.2727561593055725,8
978,low_order,encoder,temporal/0.75ps/increment_p95,0.42393447011709207,8
978,low_order,encoder,temporal/0.75ps/covariance_trace,0.02823798358440399,8
979,all,encoder,temporal/0.75ps/normalized_rms_jump,0.8613019055444838,8
979,all,encoder,temporal/0.75ps/increment_rms,0.3448953628540039,8
979,all,encoder,temporal/0.75ps/increment_p95,0.48179681748151776,8
979,all,encoder,temporal/0.75ps/covariance_trace,0.08017405867576599,8
979,low_order,encoder,temporal/0.75ps/normalized_rms_jump,0.8613019055444838,8
979,low_order,encoder,temporal/0.75ps/increment_rms,0.3448953628540039,8
979,low_order,encoder,temporal/0.75ps/increment_p95,0.48179681748151776,8
979,low_order,encoder,temporal/0.75ps/covariance_trace,0.08017405867576599,8
980,all,encoder,temporal/0.75ps/normalized_rms_jump,0.9789853950164482,8
980,all,encoder,temporal/0.75ps/increment_rms,0.33502018451690674,8
980,all,encoder,temporal/0.75ps/increment_p95,0.6103147596120834,8
980,all,encoder,temporal/0.75ps/covariance_trace,0.05855439603328705,8
981,all,encoder,temporal/0.75ps/normalized_rms_jump,0.873539900426827,8
981,all,encoder,temporal/0.75ps/increment_rms,0.23185326159000397,8
981,all,encoder,temporal/0.75ps/increment_p95,0.3875099048018455,8
981,all,encoder,temporal/0.75ps/covariance_trace,0.03522337228059769,8
982,all,encoder,temporal/0.75ps/normalized_rms_jump,1.07706507033617,8
982,all,encoder,temporal/0.75ps/increment_rms,0.4876478612422943,8
982,all,encoder,temporal/0.75ps/increment_p95,0.8527360618114469,8
982,all,encoder,temporal/0.75ps/covariance_trace,0.10249407589435577,8
983,all,encoder,temporal/0.75ps/normalized_rms_jump,1.370451067648162,8
983,all,encoder,temporal/0.75ps/increment_rms,0.4005524516105652,8
983,all,encoder,temporal/0.75ps/increment_p95,0.5676200032234192,8
983,all,encoder,temporal/0.75ps/covariance_trace,0.042713165283203125,8
984,all,encoder,temporal/0.75ps/normalized_rms_jump,1.1347203493756937,8
984,all,encoder,temporal/0.75ps/increment_rms,0.4751126170158386,8
984,all,encoder,temporal/0.75ps/increment_p95,0.771521720290184,8
984,all,encoder,temporal/0.75ps/covariance_trace,0.08765676617622375,8
985,all,encoder,temporal/0.75ps/normalized_rms_jump,1.0808121140416456,8
985,all,encoder,temporal/0.75ps/increment_rms,0.3098236322402954,8
985,all,encoder,temporal/0.75ps/increment_p95,0.3902822434902191,8
985,all,encoder,temporal/0.75ps/covariance_trace,0.041086457669734955,8
986,all,encoder,temporal/0.75ps/normalized_rms_jump,1.0680070876198435,8
986,all,encoder,temporal/0.75ps/increment_rms,0.3939824104309082,8
986,all,encoder,temporal/0.75ps/increment_p95,0.556686407327652,8
986,all,encoder,temporal/0.75ps/covariance_trace,0.06804174184799194,8
987,all,encoder,temporal/0.75ps/normalized_rms_jump,0.9512843822624528,8
987,all,encoder,temporal/0.75ps/increment_rms,0.2849009335041046,8
987,all,encoder,temporal/0.75ps/increment_p95,0.43226805478334424,8
987,all,encoder,temporal/0.75ps/covariance_trace,0.04484737664461136,8
988,all,encoder,temporal/0.75ps/normalized_rms_jump,1.2147140991055867,8
988,all,encoder,temporal/0.75ps/increment_rms,0.4401366412639618,8
988,all,encoder,temporal/0.75ps/increment_p95,0.7504654139280318,8
988,all,encoder,temporal/0.75ps/covariance_trace,0.0656442791223526,8
988,low_order,encoder,temporal/0.75ps/normalized_rms_jump,1.2147140991055867,8
988,low_order,encoder,temporal/0.75ps/increment_rms,0.4401366412639618,8
988,low_order,encoder,temporal/0.75ps/increment_p95,0.7504654139280318,8
988,low_order,encoder,temporal/0.75ps/covariance_trace,0.0656442791223526,8
989,all,encoder,temporal/0.75ps/normalized_rms_jump,1.2175858020017338,8
989,all,encoder,temporal/0.75ps/increment_rms,0.24815498292446136,8
989,all,encoder,temporal/0.75ps/increment_p95,0.29622561633586886,8
989,all,encoder,temporal/0.75ps/covariance_trace,0.020769059658050537,8
990,all,encoder,temporal/0.75ps/normalized_rms_jump,1.1259566366824283,8
990,all,encoder,temporal/0.75ps/increment_rms,0.2830325663089752,8
990,all,encoder,temporal/0.75ps/increment_p95,0.387751817703247,8
990,all,encoder,temporal/0.75ps/covariance_trace,0.031593628227710724,8
991,all,encoder,temporal/0.75ps/normalized_rms_jump,0.92237964462287,8
991,all,encoder,temporal/0.75ps/increment_rms,0.2908429503440857,8
991,all,encoder,temporal/0.75ps/increment_p95,0.46387608647346495,8
991,all,encoder,temporal/0.75ps/covariance_trace,0.049712732434272766,8
1004,all,encoder,temporal/0.75ps/normalized_rms_jump,1.2043169178215116,8
1004,all,encoder,temporal/0.75ps/increment_rms,0.3031902015209198,8
1004,all,encoder,temporal/0.75ps/increment_p95,0.5161212623119354,8
1004,all,encoder,temporal/0.75ps/covariance_trace,0.03168974444270134,8
1005,all,encoder,temporal/0.75ps/normalized_rms_jump,1.032105264259063,8
1005,all,encoder,temporal/0.75ps/increment_rms,0.3326633870601654,8
1005,all,encoder,temporal/0.75ps/increment_p95,0.48825376480817795,8
1005,all,encoder,temporal/0.75ps/covariance_trace,0.05194360017776489,8
1006,all,encoder,temporal/0.75ps/normalized_rms_jump,0.8845924680005738,8
1006,all,encoder,temporal/0.75ps/increment_rms,0.41245168447494507,8
1006,all,encoder,temporal/0.75ps/increment_p95,0.7183462768793105,8
1006,all,encoder,temporal/0.75ps/covariance_trace,0.10870002955198288,8
