source,temperature_K,field,channel,pairs,valid_pairs,coverage,mean_angle_deg,median_angle_deg,p95_angle_deg,mean_axis_angle_deg,jump60_fraction,flip90_fraction,p1,p2
911,400.0,block1/plane_normal,0,3200,0,0.0,,,,,,,,
911,400.0,block1/plane_normal,1,3200,0,0.0,,,,,,,,
911,400.0,block1/plane_normal,2,3200,0,0.0,,,,,,,,
911,400.0,block1/plane_normal,3,3200,0,0.0,,,,,,,,
911,400.0,block1/plane_normal,4,3200,0,0.0,,,,,,,,
911,400.0,block1/plane_normal,5,3200,0,0.0,,,,,,,,
911,400.0,block1/plane_normal,6,3200,0,0.0,,,,,,,,
911,400.0,block1/plane_normal,7,3200,0,0.0,,,,,,,,
911,400.0,block1/ideal_bivector,0,3200,3180,0.99375,78.1679539490893,75.87461467896715,146.7755655922523,55.6990634069547,0.6336477987421384,0.3754716981132076,0.17383888829847668,0.03547236111543886
911,400.0,block1/ideal_bivector,1,3200,3184,0.995,78.32557972602584,75.8464621552292,147.43621360508524,55.71354270607451,0.6369346733668342,0.37845477386934673,0.171759928786481,0.03530432321102461
911,400.0,block1/ideal_bivector,2,3200,3180,0.99375,78.211213876918,75.73316526644305,146.95384171201246,55.69591358873938,0.6342767295597485,0.37610062893081764,0.17329362496558295,0.03560138066820346
911,400.0,block1/ideal_bivector,3,3200,3196,0.99875,79.94197965208191,77.53603315264633,148.75419031617224,55.975040447056166,0.6551939924906133,0.392991239048811,0.14679843611814675,0.026976981603801607
911,400.0,block1/ideal_bivector,4,3200,3182,0.994375,78.14440724801963,75.87946270865092,146.81736978629021,55.70182421494529,0.6326209930861094,0.37554996857322437,0.17424450544269035,0.03550564335645993
911,400.0,block1/ideal_bivector,5,3200,3184,0.995,78.20930610272373,75.69830690088025,147.2103363990539,55.673156271846885,0.635678391959799,0.375,0.1734066682521315,0.035892946982291514
911,400.0,block1/ideal_bivector,6,3200,3184,0.995,76.17352754269366,72.41735154351964,144.00736563941405,55.977405503348464,0.6246859296482412,0.3514447236180904,0.20377087109576292,0.02793768304923244
911,400.0,block1/ideal_bivector,7,3200,3188,0.99625,77.99776155971078,75.54389250563119,145.96675420856118,55.69820410015195,0.6323713927227101,0.3751568381430364,0.17614304887999294,0.03563417731767065
911,400.0,block1/axial_bivector,0,3200,3174,0.991875,73.12329350589884,68.79958010223262,142.49218910623156,54.672595054083246,0.5844360428481411,0.3134845620667927,0.24892619659709303,0.05410401562148681
911,400.0,block1/axial_bivector,1,3200,3188,0.99625,80.89565874613898,79.0838187774612,148.8776266305312,55.799926018606754,0.6606022584692597,0.4077791718946048,0.13287951983342985,0.0308256758867853
911,400.0,block1/axial_bivector,2,3200,3190,0.996875,73.64196187454849,69.72155773988035,143.54040796536972,54.7459047905087,0.5981191222570533,0.31442006269592476,0.2412954829319493,0.05333832297131289
911,400.0,block1/axial_bivector,3,3200,3194,0.998125,80.72180405614009,78.93523804433605,149.06671647355043,55.905107219954274,0.6587351283656857,0.4057608015028178,0.135553146353354,0.029373958874739238
911,400.0,block1/axial_bivector,4,3200,3186,0.995625,75.34275374682197,71.02523062812023,145.57541335252623,55.084786421919375,0.6095417451349655,0.3386691776522285,0.2163704174925281,0.0467120277807453
911,400.0,block1/axial_bivector,5,3200,3170,0.990625,75.38572805554102,72.92067353266357,142.99078723955012,56.07902776390969,0.6195583596214511,0.3403785488958991,0.2148484348307286,0.027837524226341448
911,400.0,block1/axial_bivector,6,3200,3190,0.996875,77.95345703532723,75.03673350273337,147.37336370414394,55.800467062101006,0.635423197492163,0.3749216300940439,0.17640039846521094,0.031228384230866362
911,400.0,block1/axial_bivector,7,3200,3180,0.99375,74.05127455286087,69.74235806355208,143.38908332030618,54.95735126358604,0.5965408805031447,0.32264150943396225,0.2352140586894411,0.04915441691775405
911,400.0,block1/point_numerator,0,3200,3194,0.998125,76.20750183113829,73.2281029948086,144.3676055794344,55.53202474289572,0.6227301189730745,0.3506574827802129,0.2017113019372233,0.036447288814580744
911,400.0,block1/point_numerator,1,3200,3176,0.9925,78.7016082883996,76.08327620329187,148.2050307801807,55.743000436547845,0.6420025188916877,0.3797229219143577,0.16598253321545223,0.034653799293182255
911,400.0,block1/point_numerator,2,3200,3188,0.99625,79.63656940434393,77.26513246959755,147.6162426968968,55.77893158780953,0.6442910915934755,0.3933500627352572,0.15099377191426633,0.032567317144738615
911,400.0,block1/point_numerator,3,3200,3186,0.995625,77.79339295113144,75.54062403756572,146.20958171574233,55.720385734283816,0.6286880100439423,0.3706842435655995,0.17883615247622284,0.03492590765721321
911,400.0,block1/point_numerator,4,3200,3182,0.994375,77.72961707620561,75.33898053753228,146.6229580839858,55.73016731069963,0.6285355122564424,0.3702074167190446,0.1798871152643347,0.034952668368227045
911,400.0,block1/point_numerator,5,3200,3192,0.9975,70.82083442773298,66.09489028142178,139.40610052494281,54.545318745939866,0.5626566416040101,0.287593984962406,0.2836228314512354,0.055801814662856976
911,400.0,block1/point_numerator,6,3200,3184,0.995,78.99251249721112,76.52264059751724,148.5650293591557,55.62251181092868,0.6422738693467337,0.38222361809045224,0.16194778486926711,0.03563562065801599
911,400.0,block1/point_numerator,7,3200,3184,0.995,72.78501710165492,68.45362947945927,141.4792347044118,54.48357757752922,0.5847989949748744,0.3062185929648241,0.25433757585528755,0.05749875219461521
911,400.0,block2_mlp_input/plane_normal,0,3200,0,0.0,,,,,,,,
911,400.0,block2_mlp_input/plane_normal,1,3200,0,0.0,,,,,,,,
911,400.0,block2_mlp_input/plane_normal,2,3200,0,0.0,,,,,,,,
911,400.0,block2_mlp_input/plane_normal,3,3200,0,0.0,,,,,,,,
911,400.0,block2_mlp_input/plane_normal,4,3200,0,0.0,,,,,,,,
911,400.0,block2_mlp_input/plane_normal,5,3200,0,0.0,,,,,,,,
911,400.0,block2_mlp_input/plane_normal,6,3200,0,0.0,,,,,,,,
911,400.0,block2_mlp_input/plane_normal,7,3200,0,0.0,,,,,,,,
911,400.0,block2_mlp_input/ideal_bivector,0,3200,3174,0.991875,79.65920529443244,77.98436545160358,146.87837430905606,56.551544273887025,0.6553245116572148,0.3868935097668557,0.1520536630927328,0.016586997984769623
911,400.0,block2_mlp_input/ideal_bivector,1,3200,3180,0.99375,78.47940225634146,75.68323031890372,147.7913082125546,55.80060892188828,0.6405660377358491,0.3776729559748428,0.16921734523251014,0.03366191690704158
911,400.0,block2_mlp_input/ideal_bivector,2,3200,3174,0.991875,79.09121584349835,76.93072407972136,146.2071397038723,56.259979987142884,0.6461877756773787,0.3868935097668557,0.1604014178318521,0.023750865255036988
911,400.0,block2_mlp_input/ideal_bivector,3,3200,3186,0.995625,80.08837113968731,77.47836429868622,148.69587315516708,55.46728922650106,0.647834274952919,0.3973634651600753,0.14501493849204752,0.039393154586892826
911,400.0,block2_mlp_input/ideal_bivector,4,3200,3182,0.994375,76.54884363717063,73.25501335101177,146.05666652943404,55.00842758348767,0.6106222501571339,0.3642363293526084,0.19692819888514732,0.0504623564386063
911,400.0,block2_mlp_input/ideal_bivector,5,3200,3182,0.994375,78.701498482023,76.36781527381103,147.41399823487444,55.88759559832929,0.6404776869893148,0.3818353236957888,0.16639472152543297,0.03127615724029098
911,400.0,block2_mlp_input/ideal_bivector,6,3200,3169,0.9903125,71.5381924781121,66.68738253426389,143.1094410074084,53.531979636090256,0.5629536131271694,0.30829914799621333,0.2697499387385934,0.08014931479235832
911,400.0,block2_mlp_input/ideal_bivector,7,3200,3188,0.99625,77.80708294373092,75.57107357437934,145.9610632102049,55.59716169195705,0.6311166875784191,0.3720200752823087,0.17895665586922418,0.03727846091169712
911,400.0,block2_mlp_input/axial_bivector,0,3200,3178,0.993125,73.48979179522885,68.93543450711017,142.5791162671672,54.87838744222831,0.5906230333543109,0.31277533039647576,0.24443013140636158,0.05022756519062733
911,400.0,block2_mlp_input/axial_bivector,1,3200,3194,0.998125,81.09342560468893,78.93292602007666,149.5985766919719,55.89630120833289,0.6618659987476518,0.40482154038822793,0.13015649797508186,0.029138142204703184
911,400.0,block2_mlp_input/axial_bivector,2,3200,3192,0.9975,74.20361790251467,70.15702260389027,144.11594547483006,54.98253143223984,0.6024436090225563,0.32048872180451127,0.23363999387565046,0.04918428195726108
911,400.0,block2_mlp_input/axial_bivector,3,3200,3196,0.99875,81.013909263156,79.00115955217768,149.6073723242951,55.91318960763793,0.6658322903629537,0.4073842302878598,0.13133651509833796,0.02903171299312207
911,400.0,block2_mlp_input/axial_bivector,4,3200,3168,0.99,74.58190892913677,70.87886763504392,145.62212463673382,54.98849180366701,0.6057449494949495,0.3314393939393939,0.22785769262958347,0.04996746983043456
911,400.0,block2_mlp_input/axial_bivector,5,3200,3175,0.9921875,75.58942673863503,73.37113806311184,143.585680450571,56.064840823971544,0.6188976377952756,0.34488188976377954,0.21155639741343973,0.028190502684021772
911,400.0,block2_mlp_input/axial_bivector,6,3200,3192,0.9975,77.83336900345775,74.91823927153837,147.32366955227587,55.80077323602871,0.6337719298245614,0.37030075187969924,0.178318483977327,0.0314273926803242
911,400.0,block2_mlp_input/axial_bivector,7,3200,3180,0.99375,73.93080764306512,69.60320949527559,144.08979672497108,54.79239049259377,0.589937106918239,0.3223270440251572,0.2369470814389543,0.05290978179333334
911,400.0,block2_mlp_input/point_numerator,0,3200,3184,0.995,66.91655678572819,60.1613406372721,138.16321260796178,51.51152495397241,0.5025125628140703,0.2710427135678392,0.3339110360276376,0.12079644985116689
911,400.0,block2_mlp_input/point_numerator,1,3200,3174,0.991875,74.48111768562195,70.38985106864376,144.72659914780968,54.757791083414475,0.5964083175803403,0.33490863264020165,0.22820936344393233,0.052471975319345054
911,400.0,block2_mlp_input/point_numerator,2,3200,3182,0.994375,73.45464404996501,69.28124775812807,143.63353185989158,53.75557793410433,0.5769956002514142,0.3390949088623507,0.24001150348926717,0.07506644373705075
911,400.0,block2_mlp_input/point_numerator,3,3200,3184,0.995,73.58657444810873,69.69893680338305,145.5477937768279,53.89646188869016,0.5766331658291457,0.3341708542713568,0.23993101545530726,0.07269989072079196
911,400.0,block2_mlp_input/point_numerator,4,3200,3182,0.994375,72.84987524712189,68.52636587348776,144.55565605812993,53.997071075689625,0.5785669390320554,0.3155248271527341,0.2517658500621219,0.07006186935867167
911,400.0,block2_mlp_input/point_numerator,5,3200,3184,0.995,64.84446829471489,59.03333668895527,137.5782642282908,50.67316940208064,0.48932160804020103,0.2490577889447236,0.36278081456286965,0.14077161185215392
911,400.0,block2_mlp_input/point_numerator,6,3200,3176,0.9925,71.89511137374151,67.20110491785668,142.6388040019479,54.21014331989499,0.5743073047858942,0.30919395465994964,0.2659731978297451,0.06274572064473592
911,400.0,block2_mlp_input/point_numerator,7,3200,3196,0.99875,63.69852679599281,57.72020606202459,133.67430783065234,50.957105619700265,0.47966207759699625,0.22590738423028786,0.3832652484742077,0.13118982340272153
911,400.0,block2_output/plane_normal,0,3200,3178,0.993125,79.02984337754573,75.65442409563467,147.17700243102271,55.78945095634582,0.645689112649465,0.37948395217117686,0.16048145339435504,0.030195098022702704
911,400.0,block2_output/plane_normal,1,3200,3188,0.99625,75.43979496346674,72.17772996070956,144.88182375630342,55.10912974039613,0.6107277289836889,0.34441656210790467,0.21310889269395653,0.046524872219767775
911,400.0,block2_output/plane_normal,2,3200,3198,0.999375,76.73618062096415,74.43367666946864,144.7790073132146,55.77805509888961,0.6291432145090682,0.3533458411507192,0.19359275708636234,0.03254284426421938
911,400.0,block2_output/plane_normal,3,3200,3174,0.991875,79.39562032212288,77.45518947470232,147.51292142927804,56.23904289850896,0.6483931947069943,0.38500315059861373,0.15579696601239856,0.023698509881072177
911,400.0,block2_output/plane_normal,4,3200,3186,0.995625,77.4558239626192,75.0958285007257,145.99865345464113,55.575051469361526,0.6296296296296297,0.37037037037037035,0.18322138742417016,0.03728458610250852
911,400.0,block2_output/plane_normal,5,3200,3188,0.99625,76.16320153872962,73.44669419678723,144.43987510039082,55.3957885003315,0.6217063989962359,0.3516311166875784,0.2017647286078989,0.04095852816101142
911,400.0,block2_output/plane_normal,6,3200,3174,0.991875,79.19126130063064,77.21210123451944,147.26916581545325,56.20432340404577,0.643037177063642,0.3837429111531191,0.15891526687331578,0.025171862255718852
911,400.0,block2_output/plane_normal,7,3200,3180,0.99375,78.19501165079694,76.08413013244194,145.8855396715083,55.89848178291853,0.6358490566037736,0.3742138364779874,0.17236332962783915,0.03047589416146043
911,400.0,block2_output/ideal_bivector,0,3200,3172,0.99125,79.53466981789708,77.48881370120247,146.93605452109549,56.487880386548284,0.6525851197982345,0.3865069356872636,0.1538874891186344,0.018285473957147306
911,400.0,block2_output/ideal_bivector,1,3200,3178,0.993125,78.41574788259403,76.06187499549696,148.0890463174823,55.77801904590852,0.6412838263058528,0.37853996224040276,0.17001231036396094,0.034124458781529754
911,400.0,block2_output/ideal_bivector,2,3200,3172,0.99125,79.05493738184461,76.88070863001991,146.62831638604266,56.23772227544751,0.6456494325346784,0.387452711223203,0.16096656394245354,0.02425631945867161
911,400.0,block2_output/ideal_bivector,3,3200,3186,0.995625,80.15686201247661,77.67381778422728,148.53067270177996,55.4787119717123,0.6481481481481481,0.3979912115505336,0.14395261555087252,0.039356742035392016
911,400.0,block2_output/ideal_bivector,4,3200,3184,0.995,76.54470719685418,73.43184544589352,145.76947060785722,55.00242304155451,0.6086683417085427,0.3655778894472362,0.19693869117394566,0.05055273654705383
911,400.0,block2_output/ideal_bivector,5,3200,3180,0.99375,78.57596846030837,76.21719688553036,147.42222536936453,55.801542161637975,0.6367924528301887,0.3805031446540881,0.16819023161203195,0.032898504535037315
911,400.0,block2_output/ideal_bivector,6,3200,3181,0.9940625,72.06993720184713,67.7081858893936,142.36344624749145,53.63854386874327,0.561458660798491,0.3190820496699151,0.2615470825684946,0.07722931748296089
911,400.0,block2_output/ideal_bivector,7,3200,3188,0.99625,77.60349897179546,75.40529384716088,146.40775313087175,55.50836517831737,0.6282936010037641,0.3707653701380176,0.181870228416474,0.03902207220396793
911,400.0,block2_output/axial_bivector,0,3200,3188,0.99625,73.48627650614027,69.63879225979863,143.0541382735548,54.92593533871049,0.599435382685069,0.312107904642409,0.24389586742846606,0.05003888125560521
911,400.0,block2_output/axial_bivector,1,3200,3192,0.9975,81.17598516695632,78.93136274660924,149.84816916105922,55.96751603259146,0.6610275689223057,0.40883458646616544,0.1290448302257198,0.027950583297827125
911,400.0,block2_output/axial_bivector,2,3200,3192,0.9975,73.28872750219814,69.46399305445127,143.5864185682937,54.61688863618622,0.5914786967418546,0.30952380952380953,0.24634676278698645,0.05637071745341914
911,400.0,block2_output/axial_bivector,3,3200,3198,0.999375,80.82806662723722,78.97104959139885,149.65309475610806,55.929265221734106,0.6597873671044403,0.40619136960600377,0.13403450984235882,0.028751304585836433
911,400.0,block2_output/axial_bivector,4,3200,3176,0.9925,74.3852785889356,70.31098726799237,145.536383396502,54.81065815688414,0.6007556675062973,0.3290302267002519,0.23059481074588994,0.05385907004919635
911,400.0,block2_output/axial_bivector,5,3200,3176,0.9925,76.14684732462213,73.62243447722572,145.48611556455162,55.913318841108406,0.6265743073047859,0.35232997481108314,0.20320965068891203,0.030588052935083234
911,400.0,block2_output/axial_bivector,6,3200,3188,0.99625,78.49067161076336,75.66918592437918,146.70072008825662,55.892938514577956,0.6439774153074027,0.3786072772898369,0.16851982737139226,0.028446035748776344
911,400.0,block2_output/axial_bivector,7,3200,3182,0.994375,73.87065189354479,69.75573457433612,143.33517322340094,54.76076462953546,0.595223130106851,0.32306725329981145,0.2373992293502624,0.054416839098181735
911,400.0,block2_output/point_numerator,0,3200,3186,0.995625,66.94715776476421,60.162541298841916,138.2051169221071,51.52690972235937,0.5021971123666039,0.2711864406779661,0.33346096232077604,0.12048173593606785
911,400.0,block2_output/point_numerator,1,3200,3174,0.991875,74.4961336161139,70.410108562356,144.7709739994208,54.760063870205194,0.5973534971644613,0.33553875236294894,0.22800187650671594,0.052388948816833696
911,400.0,block2_output/point_numerator,2,3200,3182,0.994375,73.42171914743903,69.27782264549249,143.7915410222414,53.74440128957162,0.5773098680075425,0.3381521055939661,0.2404833786106704,0.0752676120131137
911,400.0,block2_output/point_numerator,3,3200,3184,0.995,73.58804722640495,69.69805645814249,145.52628127222266,53.89630832032941,0.5766331658291457,0.3341708542713568,0.2399101537294449,0.07270157143039932
911,400.0,block2_output/point_numerator,4,3200,3180,0.99375,72.85981736728831,68.54678168624224,144.65770854791293,54.00667832972388,0.579559748427673,0.3150943396226415,0.25162707150703295,0.06990440860807412
911,400.0,block2_output/point_numerator,5,3200,3186,0.995625,64.86784103042245,59.03785906623365,137.65346945870732,50.68923076218624,0.4905838041431262,0.2507846829880728,0.36244530483360493,0.14043773573762033
911,400.0,block2_output/point_numerator,6,3200,3176,0.9925,71.884320069295,67.15400244886831,142.48420549998968,54.206164778362194,0.5743073047858942,0.30919395465994964,0.26613775867567235,0.06283673472807941
911,400.0,block2_output/point_numerator,7,3200,3196,0.99875,63.706870367498865,57.76201429561449,133.63129567063882,50.96202429559749,0.4799749687108886,0.22590738423028786,0.3831701166034166,0.1310969252023987
913,400.0,block1/plane_normal,0,3200,0,0.0,,,,,,,,
913,400.0,block1/plane_normal,1,3200,0,0.0,,,,,,,,
913,400.0,block1/plane_normal,2,3200,0,0.0,,,,,,,,
913,400.0,block1/plane_normal,3,3200,0,0.0,,,,,,,,
913,400.0,block1/plane_normal,4,3200,0,0.0,,,,,,,,
913,400.0,block1/plane_normal,5,3200,0,0.0,,,,,,,,
913,400.0,block1/plane_normal,6,3200,0,0.0,,,,,,,,
913,400.0,block1/plane_normal,7,3200,0,0.0,,,,,,,,
913,400.0,block1/ideal_bivector,0,3200,3176,0.9925,76.32667914684889,72.19451890806648,147.9307232876414,55.109514842571244,0.6168136020151134,0.3482367758186398,0.20197513437021558,0.044450599145573574
913,400.0,block1/ideal_bivector,1,3200,3182,0.994375,76.7658433577243,72.68090465611319,147.81938657435413,55.23019719239059,0.6209930861093652,0.3519798868636078,0.19556078937169694,0.04194749886051962
913,400.0,block1/ideal_bivector,2,3200,3178,0.993125,76.42819766183712,72.2589648028156,148.25747438012095,55.135137325512126,0.617369414726243,0.34927627438640657,0.20051322109977734,0.04385218270236815
913,400.0,block1/ideal_bivector,3,3200,3190,0.996875,80.22581060306571,77.73897750597783,146.66021084248663,56.392100884032054,0.6614420062695925,0.39090909090909093,0.14338944068572843,0.01886630499606503
913,400.0,block1/ideal_bivector,4,3200,3178,0.993125,76.36765660948015,72.25009443069635,148.15702819332265,55.10887685694938,0.6161107614852108,0.34927627438640657,0.20140513989461448,0.044616447482883494
913,400.0,block1/ideal_bivector,5,3200,3178,0.993125,76.53774532306214,72.52213176382956,148.28023571413664,55.19131112968334,0.6167400881057269,0.35116425424795467,0.198926402477527,0.04303415161211042
913,400.0,block1/ideal_bivector,6,3200,3184,0.995,77.37990851490058,74.4245501010353,145.86600620325817,56.04518447787173,0.6359924623115578,0.36243718592964824,0.18548173545328428,0.02663303277720474
913,400.0,block1/ideal_bivector,7,3200,3180,0.99375,76.28178476487062,72.27677217134806,148.60644339715358,55.049723696132624,0.6157232704402515,0.35188679245283017,0.2026409498474459,0.04623637862440928
913,400.0,block1/axial_bivector,0,3200,3186,0.995625,74.80535327226421,70.63507328982399,145.8914471491751,54.5707912555616,0.6013810420590081,0.3483992467043315,0.22177407453674788,0.05738229287489589
913,400.0,block1/axial_bivector,1,3200,3184,0.995,80.28596537651165,77.482123638227,146.46227905240656,56.47598060511401,0.6582914572864321,0.3888190954773869,0.14327401705119025,0.017240040215543616
913,400.0,block1/axial_bivector,2,3200,3184,0.995,74.84965875554593,70.81623136565277,145.63600861939958,54.63599015849241,0.6023869346733668,0.34516331658291455,0.22144811375278153,0.05627375064116064
913,400.0,block1/axial_bivector,3,3200,3190,0.996875,80.33986328853314,77.50972435476137,146.2315152765018,56.58205128814689,0.6605015673981192,0.3924764890282132,0.14253859715568257,0.015120087838708919
913,400.0,block1/axial_bivector,4,3200,3182,0.994375,74.72184735376709,70.9004630316304,145.21561506318184,54.74481840363193,0.5974230043997486,0.34255185417976114,0.22332462984608747,0.05633703120907355
913,400.0,block1/axial_bivector,5,3200,3196,0.99875,77.35872099770852,74.19084230549305,144.6234920430131,56.013856189515685,0.6314142678347935,0.37202753441802255,0.1862872716957755,0.026374230760369342
913,400.0,block1/axial_bivector,6,3200,3196,0.99875,79.24033018380244,77.04592609699728,145.33499433043988,56.7487848667641,0.6439299123904881,0.3882978723404255,0.15843758485093912,0.011691635955054496
913,400.0,block1/axial_bivector,7,3200,3186,0.995625,75.24125401018063,71.48105924837176,145.67592697530088,55.03320503362175,0.6079723791588199,0.3512241054613936,0.2160069528506628,0.0492550598141553
913,400.0,block1/point_numerator,0,3200,3186,0.995625,74.96048921895473,71.05469963315798,146.1884011620506,54.511565250515226,0.6051475204017577,0.337413684871312,0.22065667408683026,0.05904676381219489
913,400.0,block1/point_numerator,1,3200,3186,0.995625,77.07692292523274,73.36585199616422,147.05484002145587,55.43205334211707,0.6242937853107344,0.352165725047081,0.19096375280717043,0.0380611847163405
913,400.0,block1/point_numerator,2,3200,3190,0.996875,78.17140935870029,74.43687212132016,146.53550850349103,55.66681982132509,0.6360501567398119,0.3664576802507837,0.17455314596998112,0.03207656495963833
913,400.0,block1/point_numerator,3,3200,3184,0.995,76.09087789616919,72.2086707561364,147.92325106565607,54.993658246577795,0.617462311557789,0.34861809045226133,0.20535787416419346,0.04797863418915417
913,400.0,block1/point_numerator,4,3200,3182,0.994375,76.09519753063115,71.98615223162068,148.41682239995137,54.98285617941473,0.6159648020113137,0.34820867379006915,0.20540481156255738,0.048082294909321505
913,400.0,block1/point_numerator,5,3200,3178,0.993125,74.41484503088004,71.3370920367631,144.39821081705824,54.5341926290732,0.605412208936438,0.32976714915040906,0.22715538461022589,0.06061073574768636
913,400.0,block1/point_numerator,6,3200,3192,0.9975,77.51751314643255,74.03439997809292,146.5726949139907,55.55961355345689,0.6259398496240601,0.3555764411027569,0.1843401814650997,0.03551323751953988
913,400.0,block1/point_numerator,7,3200,3188,0.99625,74.57468475332169,70.19766043528202,145.99720497067585,54.35440363142831,0.596612296110414,0.3434755332496863,0.22522657245187835,0.061793161137802755
913,400.0,block2_mlp_input/plane_normal,0,3200,0,0.0,,,,,,,,
913,400.0,block2_mlp_input/plane_normal,1,3200,0,0.0,,,,,,,,
913,400.0,block2_mlp_input/plane_normal,2,3200,0,0.0,,,,,,,,
913,400.0,block2_mlp_input/plane_normal,3,3200,0,0.0,,,,,,,,
913,400.0,block2_mlp_input/plane_normal,4,3200,0,0.0,,,,,,,,
913,400.0,block2_mlp_input/plane_normal,5,3200,0,0.0,,,,,,,,
913,400.0,block2_mlp_input/plane_normal,6,3200,0,0.0,,,,,,,,
913,400.0,block2_mlp_input/plane_normal,7,3200,0,0.0,,,,,,,,
913,400.0,block2_mlp_input/ideal_bivector,0,3200,3176,0.9925,77.55481494353768,73.55832887357555,147.18777866293513,55.540030831198976,0.6347607052896725,0.35799748110831237,0.18422731841676587,0.036629628770294284
913,400.0,block2_mlp_input/ideal_bivector,1,3200,3184,0.995,76.74345288726283,72.265605250873,146.04179231102748,55.30278888006856,0.6184045226130653,0.3492462311557789,0.19576804218696253,0.0410543993004633
913,400.0,block2_mlp_input/ideal_bivector,2,3200,3174,0.991875,77.01136186852867,73.28726447496103,147.26680525204068,55.2784718970064,0.629174543163201,0.3563327032136106,0.19209885445270963,0.04122518117553139
913,400.0,block2_mlp_input/ideal_bivector,3,3200,3176,0.9925,75.27103103278476,71.63212599275786,142.9653080956355,54.92386392127164,0.6057934508816121,0.3545340050377834,0.2134000049097183,0.05061722245492359
913,400.0,block2_mlp_input/ideal_bivector,4,3200,3176,0.9925,75.20223045701916,71.15558783945428,145.90092399568087,54.89302660889486,0.6098866498740554,0.3384760705289673,0.2174828918714063,0.050544005006552616
913,400.0,block2_mlp_input/ideal_bivector,5,3200,3176,0.9925,77.02266161380889,72.93911308427772,147.43496609537084,55.352000881548754,0.6253148614609572,0.35295969773299746,0.19172090169599984,0.039422301693159204
913,400.0,block2_mlp_input/ideal_bivector,6,3200,3188,0.99625,70.47262098523832,66.00953616242526,141.40796830385415,53.74909215051725,0.5567754077791719,0.28983688833124216,0.28653654904851145,0.07249775722800728
913,400.0,block2_mlp_input/ideal_bivector,7,3200,3176,0.9925,76.11060717133428,72.24272415879577,148.5752684533756,55.06997526128655,0.6164987405541562,0.3513853904282116,0.20500650210147892,0.04639757665656672
913,400.0,block2_mlp_input/axial_bivector,0,3200,3190,0.996875,74.81164497955331,71.46291040067211,145.05255013489966,54.6946900870591,0.6025078369905956,0.34357366771159875,0.22179158109550948,0.05637556584361706
913,400.0,block2_mlp_input/axial_bivector,1,3200,3184,0.995,80.299900577228,77.95797722724788,145.9808697918264,56.51758854233217,0.6595477386934674,0.3900753768844221,0.14287422786007214,0.01680292541109652
913,400.0,block2_mlp_input/axial_bivector,2,3200,3186,0.995625,74.79720603067913,70.7216805873376,144.83723401637573,54.63219281363978,0.6020087884494664,0.3430634023854363,0.2226454093059885,0.05827734015546424
913,400.0,block2_mlp_input/axial_bivector,3,3200,3186,0.995625,80.23094034456236,77.43067714481175,146.25019560836725,56.483562350590226,0.6581920903954802,0.3898305084745763,0.14418986838017817,0.017268938338806186
913,400.0,block2_mlp_input/axial_bivector,4,3200,3184,0.995,74.26293190916726,70.43642877291995,145.61098717224993,54.488857522765926,0.5923366834170855,0.3432788944723618,0.229309856798132,0.061700033468303335
913,400.0,block2_mlp_input/axial_bivector,5,3200,3192,0.9975,77.45405535241686,74.34264746394263,144.4526873126962,56.08490083836118,0.6284461152882206,0.37218045112781956,0.18497078054911895,0.024997512278498817
913,400.0,block2_mlp_input/axial_bivector,6,3200,3194,0.998125,79.22456585345655,77.22381333124122,146.1173067846806,56.80594972370809,0.6443331246086412,0.3876017532874139,0.15869849222840995,0.010500216699959233
913,400.0,block2_mlp_input/axial_bivector,7,3200,3184,0.995,75.13047127486752,71.36934979898723,145.92195668814392,54.88937196905645,0.6027010050251256,0.3495603015075377,0.2173741671413377,0.05108818910451927
913,400.0,block2_mlp_input/point_numerator,0,3200,3192,0.9975,66.56657258505169,60.12550321649944,138.4507779904007,51.99065214865467,0.5009398496240601,0.26378446115288223,0.3430626152698072,0.11143093337424857
913,400.0,block2_mlp_input/point_numerator,1,3200,3190,0.996875,70.88682889712805,66.34727524762775,143.3287286730624,53.1310899536839,0.5539184952978057,0.3094043887147335,0.2773599698879017,0.09053906407556404
913,400.0,block2_mlp_input/point_numerator,2,3200,3184,0.995,70.16566458202523,65.9316451789787,143.26903846422826,53.00828250864368,0.554962311557789,0.29805276381909546,0.2874366948735782,0.09084447264799055
913,400.0,block2_mlp_input/point_numerator,3,3200,3184,0.995,72.81764649034776,67.76503692611962,142.9018817745585,53.944523952365884,0.5741206030150754,0.32003768844221103,0.25051414230515107,0.07044858672246712
913,400.0,block2_mlp_input/point_numerator,4,3200,3180,0.99375,67.06231667604156,61.61905219659801,137.7923004939361,51.79131931824029,0.5135220125786164,0.2691823899371069,0.3325119215600599,0.11541850332530629
913,400.0,block2_mlp_input/point_numerator,5,3200,3189,0.9965625,63.81087720439543,57.07223631922008,137.00971023748775,50.06925674487674,0.47256193164001253,0.24020068987143306,0.3783787276521536,0.15381682731757046
913,400.0,block2_mlp_input/point_numerator,6,3200,3180,0.99375,68.71318659991124,62.85055368985002,140.44768144239694,52.107110216128696,0.5308176100628931,0.2783018867924528,0.3094138314412449,0.10876086434383617
913,400.0,block2_mlp_input/point_numerator,7,3200,3192,0.9975,65.10136838013483,58.772367385916596,137.25266757535152,51.028705107925894,0.48715538847117795,0.24436090225563908,0.36203576309902663,0.1323166471844869
913,400.0,block2_output/plane_normal,0,3200,3194,0.998125,80.0601969235041,77.15522243017398,147.03463890690824,56.25350015250307,0.6571696931747025,0.3948027551659361,0.1465082345964538,0.02211472338616662
913,400.0,block2_output/plane_normal,1,3200,3178,0.993125,74.47814354497638,70.72787854265859,146.06279675364317,54.27825611151308,0.5947136563876652,0.3332284455632473,0.22676601590377174,0.06451298211218216
913,400.0,block2_output/plane_normal,2,3200,3182,0.994375,75.34298086167898,71.63175403463346,146.47770584878066,54.6135355113607,0.6074795725958516,0.33752357008170963,0.21531109019571107,0.056229738044906025
913,400.0,block2_output/plane_normal,3,3200,3184,0.995,77.56660744391627,73.54373799937972,147.14570674195946,55.51114235563644,0.6312814070351759,0.3599246231155779,0.18434919722626295,0.036288501804046
913,400.0,block2_output/plane_normal,4,3200,3182,0.994375,75.79915731491324,71.61685891945717,147.3602140535696,54.927499763175014,0.6131363922061597,0.34726587052168445,0.20937453177722856,0.04933097127588045
913,400.0,block2_output/plane_normal,5,3200,3190,0.996875,75.04148800640569,71.30360214148115,146.2744597867816,54.580854667821264,0.606269592476489,0.335423197492163,0.21982868833579688,0.05778472083213664
913,400.0,block2_output/plane_normal,6,3200,3186,0.995625,77.1673933314011,72.70210170479676,146.45525366880523,55.369722888395756,0.6264908976773383,0.35844318895166355,0.18991694047945892,0.0387567330450356
913,400.0,block2_output/plane_normal,7,3200,3170,0.990625,75.85082193044424,71.67351780600875,144.58788243101404,55.064021663064906,0.6151419558359621,0.3463722397476341,0.20843945476155074,0.04588856322524278
913,400.0,block2_output/ideal_bivector,0,3200,3176,0.9925,77.3676653621192,73.48202363743675,147.5262339546939,55.4157676309504,0.6328715365239295,0.35642317380352645,0.1870895133769877,0.038747134833351
913,400.0,block2_output/ideal_bivector,1,3200,3184,0.995,76.64341007896817,72.29845699107159,146.12240800179447,55.281306284443666,0.6184045226130653,0.3492462311557789,0.19719689720639708,0.041628196243167104
913,400.0,block2_output/ideal_bivector,2,3200,3176,0.9925,77.00746936310797,73.15132267341353,146.99358737780597,55.287793943438636,0.6278337531486146,0.35516372795969775,0.19216377117470354,0.04095126343159496
913,400.0,block2_output/ideal_bivector,3,3200,3178,0.993125,75.50646446917169,71.89670689398397,143.1491491715331,54.9735238266275,0.6085588420390182,0.35588420390182507,0.2099826030458972,0.04919263588342128
913,400.0,block2_output/ideal_bivector,4,3200,3176,0.9925,75.12440407635438,71.23828413493453,145.80382405833012,54.91664059882163,0.6095717884130982,0.33532745591939545,0.218593592108947,0.05019789622669594
913,400.0,block2_output/ideal_bivector,5,3200,3180,0.99375,76.93799086824113,72.9443192276982,147.64405091972188,55.302845952587404,0.6238993710691824,0.3534591194968553,0.19302657008480886,0.04049228399497324
913,400.0,block2_output/ideal_bivector,6,3200,3188,0.99625,71.21382559701841,67.02856021827554,141.24267906959676,53.88976631747193,0.5664993726474279,0.2961104140526976,0.27563139197232955,0.06917867557575207
913,400.0,block2_output/ideal_bivector,7,3200,3184,0.995,76.04867772919381,71.91025637771374,148.1516787022963,55.049626679513,0.6140075376884422,0.35081658291457285,0.20586687717327637,0.04707432357451599
913,400.0,block2_output/axial_bivector,0,3200,3188,0.99625,74.4740869785457,71.13460504076971,144.625190679615,54.84242132850238,0.6000627352572145,0.3372020075282309,0.22717369821642183,0.053882588387690285
913,400.0,block2_output/axial_bivector,1,3200,3186,0.995625,79.86038886210436,77.45913510114715,146.47496090470452,56.40289469845383,0.6603892027620841,0.38386691776522286,0.14923497241517947,0.019028274536465238
913,400.0,block2_output/axial_bivector,2,3200,3182,0.994375,74.58694041313872,70.43050345274264,144.8509806255644,54.463460080353485,0.595223130106851,0.34255185417976114,0.22533730142076866,0.05998208073116535
913,400.0,block2_output/axial_bivector,3,3200,3186,0.995625,80.18583772581792,77.57299711912192,146.0780285011291,56.55262571209694,0.660075329566855,0.39045825486503455,0.14466317436451914,0.01609583623800503
913,400.0,block2_output/axial_bivector,4,3200,3176,0.9925,74.30064582629535,70.48263355061448,145.3426779198217,54.60374795148484,0.5947732997481109,0.34005037783375314,0.22875339063665653,0.05939044435405223
913,400.0,block2_output/axial_bivector,5,3200,3188,0.99625,77.7281991296889,74.8173147436051,144.30407195549603,56.06773615648308,0.6254705144291092,0.3748431618569636,0.18115060497363208,0.025509682914372486
913,400.0,block2_output/axial_bivector,6,3200,3194,0.998125,79.74984655712939,77.23586549035677,146.83646668619835,56.729650804165644,0.6487163431433939,0.39355040701314964,0.15128339919817674,0.012088194868092815
913,400.0,block2_output/axial_bivector,7,3200,3182,0.994375,75.04767384469659,71.61094544977894,145.374539432873,55.05978771692516,0.6068510370835952,0.3444374607165305,0.21894051759376618,0.04816195888938256
913,400.0,block2_output/point_numerator,0,3200,3194,0.998125,66.56201445913923,60.01151164701294,138.41725412052463,51.98885330793712,0.5,0.2636192861615529,0.34315882893271715,0.11143984730978414
913,400.0,block2_output/point_numerator,1,3200,3190,0.996875,70.88935445143086,66.39043030351812,143.23325269192333,53.13821010816252,0.554858934169279,0.3090909090909091,0.27733461135128745,0.09040819482143779
913,400.0,block2_output/point_numerator,2,3200,3184,0.995,70.14162834466421,65.94562861757355,143.340540799966,52.992745735219884,0.5552763819095478,0.2971105527638191,0.28776459362633544,0.09117724479201304
913,400.0,block2_output/point_numerator,3,3200,3184,0.995,72.82233921463694,67.76950743736437,143.03842856799525,53.94546275392065,0.5741206030150754,0.3203517587939699,0.25044645782136055,0.07043071318294146
913,400.0,block2_output/point_numerator,4,3200,3180,0.99375,67.07258263040444,61.69275965707952,138.02745799196137,51.79765146809614,0.5132075471698113,0.269811320754717,0.3323566231586973,0.11531180541304543
913,400.0,block2_output/point_numerator,5,3200,3189,0.9965625,63.81335310044324,57.051875031988736,137.034062035275,50.072376550476015,0.47256193164001253,0.24114142364377547,0.3783438002046769,0.1538169683096601
913,400.0,block2_output/point_numerator,6,3200,3180,0.99375,68.70419227776416,62.826694961691615,140.3690071022988,52.10238141401401,0.5305031446540881,0.2779874213836478,0.3095321565667228,0.10886587934309598
913,400.0,block2_output/point_numerator,7,3200,3192,0.9975,65.09777564578928,58.90574758381445,137.25592776169967,51.02813085339103,0.48652882205513787,0.24436090225563908,0.3620873855567601,0.1323151228759785
938,450.0,block1/plane_normal,0,3200,0,0.0,,,,,,,,
938,450.0,block1/plane_normal,1,3200,0,0.0,,,,,,,,
938,450.0,block1/plane_normal,2,3200,0,0.0,,,,,,,,
938,450.0,block1/plane_normal,3,3200,0,0.0,,,,,,,,
938,450.0,block1/plane_normal,4,3200,0,0.0,,,,,,,,
938,450.0,block1/plane_normal,5,3200,0,0.0,,,,,,,,
938,450.0,block1/plane_normal,6,3200,0,0.0,,,,,,,,
938,450.0,block1/plane_normal,7,3200,0,0.0,,,,,,,,
938,450.0,block1/ideal_bivector,0,3200,3186,0.995625,76.313626885411,72.49871032394773,146.19053039499963,54.80370827034933,0.6180163214061519,0.36126804770872567,0.19926325561846842,0.052939062688631106
938,450.0,block1/ideal_bivector,1,3200,3184,0.995,76.49130700917713,72.33239679966621,145.95535386801714,54.701346227592396,0.6165201005025126,0.3614949748743719,0.19653237167775012,0.053985741032513995
938,450.0,block1/ideal_bivector,2,3200,3186,0.995625,76.22726864519544,72.46145376326122,145.60345737385404,54.76536741589742,0.6164469554300063,0.3606403013182674,0.200591983750798,0.053601644377378015
938,450.0,block1/ideal_bivector,3,3200,3192,0.9975,83.64554908892693,82.40746643212339,150.42982281949415,56.66428146768818,0.6917293233082706,0.43139097744360905,0.09259533645105963,0.012292496549046314
938,450.0,block1/ideal_bivector,4,3200,3184,0.995,75.83241709044061,71.8434160347158,146.0215819102789,54.6599371488291,0.6114949748743719,0.35678391959798994,0.20657305349700428,0.05624543674273789
938,450.0,block1/ideal_bivector,5,3200,3182,0.994375,75.73757007587693,71.6298335208038,145.98985304231314,54.53764796793804,0.6096794468887492,0.35512256442489,0.20786717020799936,0.05803265583576632
938,450.0,block1/ideal_bivector,6,3200,3185,0.9953125,75.46738733094908,71.90777057850576,146.2889741223466,54.37850911278082,0.6059654631083202,0.3475667189952904,0.21222273326536398,0.06095571136947296
938,450.0,block1/ideal_bivector,7,3200,3184,0.995,75.59837227549697,71.44253267984064,145.55343565295212,54.60785473663341,0.6077261306532663,0.3539572864321608,0.21010202236996794,0.05781097963427047
938,450.0,block1/axial_bivector,0,3200,3194,0.998125,64.727827448217,57.37396818928684,140.65219101161384,49.76941735251433,0.47213525360050096,0.24546023794614902,0.36574815091675883,0.15951847427749363
938,450.0,block1/axial_bivector,1,3200,3194,0.998125,84.52805441513497,82.98774916955436,151.1092651428828,56.78489686315586,0.697871008140263,0.4376956793988729,0.08061893468027229,0.010661033057342062
938,450.0,block1/axial_bivector,2,3200,3192,0.9975,65.38279183246554,57.90548169658092,141.40180247031728,49.958246200383876,0.4808897243107769,0.2518796992481203,0.35640471321350725,0.15492158857110733
938,450.0,block1/axial_bivector,3,3200,3188,0.99625,84.50876113073998,82.75021697357433,150.17743803598069,56.79941443954473,0.6991844416562107,0.4385194479297365,0.08043236475249081,0.009765043257005475
938,450.0,block1/axial_bivector,4,3200,3184,0.995,67.96050411488338,61.65988580699112,140.48769578660642,51.453815041569236,0.5157035175879398,0.2776381909547739,0.3187701816851342,0.12288692705344435
938,450.0,block1/axial_bivector,5,3200,3194,0.998125,71.73230744459069,66.55815424911728,143.69691839438627,53.36358925373221,0.5626174076393238,0.30432060112711334,0.26725647550075077,0.08378122565217991
938,450.0,block1/axial_bivector,6,3200,3190,0.996875,79.01572252274059,75.50273990583241,147.98879518538112,55.81160982577614,0.6467084639498433,0.3811912225705329,0.16106161818490644,0.030675010722523426
938,450.0,block1/axial_bivector,7,3200,3192,0.9975,67.25287709195534,60.36376793122014,142.4154643115147,50.74535576459166,0.5028195488721805,0.2691102756892231,0.32985004756726877,0.1381059326930776
938,450.0,block1/point_numerator,0,3200,3184,0.995,69.740955233003,63.95192277926029,142.52701367386499,52.408763745654014,0.5339195979899497,0.2933417085427136,0.2945757590683625,0.10240811364020132
938,450.0,block1/point_numerator,1,3200,3188,0.99625,78.36850197194155,74.98483734384095,146.91028997787174,55.13426486239298,0.6348808030112923,0.37578419071518193,0.16882531657479602,0.04449309553374178
938,450.0,block1/point_numerator,2,3200,3184,0.995,83.0819127472474,81.08753877416174,149.32186735427828,56.94252211878831,0.6903266331658291,0.4221105527638191,0.10275639272923619,0.007159512564223843
938,450.0,block1/point_numerator,3,3200,3182,0.994375,75.00615570998491,71.20629965069415,145.20492780466617,54.48115121762079,0.600879949717159,0.34538026398491517,0.21894725533457127,0.06093042031516947
938,450.0,block1/point_numerator,4,3200,3186,0.995625,74.45393847564709,70.3707813800064,144.73210832598716,54.26826205772531,0.5954174513496547,0.34055241682360327,0.22732889499300477,0.06547886358135872
938,450.0,block1/point_numerator,5,3200,3194,0.998125,59.24870283072741,51.556062905999596,134.9690145151582,47.41856435310737,0.41828428303068255,0.20569818409517845,0.44037771626384853,0.20810755440727646
938,450.0,block1/point_numerator,6,3200,3186,0.995625,78.49391864836755,75.01089714150841,146.68542544548768,55.15790637288634,0.6349654739485248,0.38010043942247335,0.1670031842805662,0.044650741475361036
938,450.0,block1/point_numerator,7,3200,3184,0.995,63.02952835408998,55.22141242008244,139.65135930440408,49.22292625195867,0.4585427135678392,0.23209798994974876,0.38922723185004987,0.17225797448203314
938,450.0,block2_mlp_input/plane_normal,0,3200,0,0.0,,,,,,,,
938,450.0,block2_mlp_input/plane_normal,1,3200,0,0.0,,,,,,,,
938,450.0,block2_mlp_input/plane_normal,2,3200,0,0.0,,,,,,,,
938,450.0,block2_mlp_input/plane_normal,3,3200,0,0.0,,,,,,,,
938,450.0,block2_mlp_input/plane_normal,4,3200,0,0.0,,,,,,,,
938,450.0,block2_mlp_input/plane_normal,5,3200,0,0.0,,,,,,,,
938,450.0,block2_mlp_input/plane_normal,6,3200,0,0.0,,,,,,,,
938,450.0,block2_mlp_input/plane_normal,7,3200,0,0.0,,,,,,,,
938,450.0,block2_mlp_input/ideal_bivector,0,3200,3188,0.99625,77.02525615554843,73.58516952711207,146.2980423066432,55.109219106165185,0.6286072772898369,0.3691969887076537,0.18872579749984383,0.04613315951684426
938,450.0,block2_mlp_input/ideal_bivector,1,3200,3188,0.99625,77.694809866962,74.20036399437066,146.3325625761216,54.945024559563635,0.6298619824341279,0.3720200752823087,0.17859211854411858,0.048931477699342044
938,450.0,block2_mlp_input/ideal_bivector,2,3200,3190,0.996875,76.56813618190637,72.39347016859621,145.58643625119296,54.93467045344798,0.6235109717868339,0.3605015673981191,0.19547775636658812,0.050224119475061405
938,450.0,block2_mlp_input/ideal_bivector,3,3200,3184,0.995,81.29052708404306,78.3327359731292,149.75338958206794,55.97794595465331,0.6620603015075377,0.4007537688442211,0.12878759205793733,0.028812254991382884
938,450.0,block2_mlp_input/ideal_bivector,4,3200,3180,0.99375,75.062483208106,71.54836946431767,145.64827746731584,54.333901311767335,0.5952830188679246,0.34559748427672954,0.21775790727739544,0.0626521864869284
938,450.0,block2_mlp_input/ideal_bivector,5,3200,3182,0.994375,76.28534094131089,72.40305823305235,146.3154607784093,54.681882388901734,0.6162790697674418,0.35857950974230046,0.1994019510126182,0.05477058985784796
938,450.0,block2_mlp_input/ideal_bivector,6,3200,3174,0.991875,75.20408294417548,70.61292103505491,144.8532325714698,55.13953917359859,0.6058601134215501,0.34026465028355385,0.2189896790900449,0.04385840281597282
938,450.0,block2_mlp_input/ideal_bivector,7,3200,3182,0.994375,75.5552653423666,71.52841812295023,146.1488069130929,54.56486916620262,0.6046511627906976,0.3538654934003771,0.21077593916964538,0.05851316257063245
938,450.0,block2_mlp_input/axial_bivector,0,3200,3192,0.9975,64.6442228554971,57.04401467314608,140.3831908838928,49.77335812200628,0.47117794486215536,0.24686716791979949,0.36657945284364213,0.16015885169541802
938,450.0,block2_mlp_input/axial_bivector,1,3200,3190,0.996875,84.5522069752665,82.89094082091026,150.5297550432306,56.802645246676406,0.6974921630094044,0.44012539184952976,0.0801795144824425,0.010011434907140009
938,450.0,block2_mlp_input/axial_bivector,2,3200,3182,0.994375,65.43074428410735,57.960208035910924,141.03611775183762,50.14864601263164,0.4846008799497172,0.25424261470773096,0.3552994553258351,0.15191114679235146
938,450.0,block2_mlp_input/axial_bivector,3,3200,3194,0.998125,84.50761404322175,82.5266578959127,150.75923533059083,56.83026073601222,0.7022542266750157,0.4370695053224796,0.08064849819497415,0.009320120289389262
938,450.0,block2_mlp_input/axial_bivector,4,3200,3192,0.9975,67.32716134261557,60.53608323289631,140.29068726300827,51.01679614112611,0.5053258145363408,0.2800751879699248,0.3272516029148917,0.13360044071690758
938,450.0,block2_mlp_input/axial_bivector,5,3200,3194,0.998125,72.17806466874013,67.37059533488726,144.0022608489598,53.51668063568494,0.5688791484032562,0.30964308077645586,0.2609236556954855,0.08027421444232292
938,450.0,block2_mlp_input/axial_bivector,6,3200,3188,0.99625,78.9952783462521,75.59467235537096,147.19559384391368,55.81391494984312,0.644918444165621,0.38143036386449186,0.16168891280696587,0.031131986157679932
938,450.0,block2_mlp_input/axial_bivector,7,3200,3188,0.99625,66.91409678475334,59.877472582849364,142.3737524127913,50.59910607127918,0.4987452948557089,0.263801756587202,0.3346417287399254,0.14116949375467988
938,450.0,block2_mlp_input/point_numerator,0,3200,3196,0.99875,70.41891490066766,65.0858120682989,140.96839280868193,53.47362067522579,0.5463078848560701,0.2897371714643304,0.28737499520438153,0.08023967421859898
938,450.0,block2_mlp_input/point_numerator,1,3200,3184,0.995,77.84735861738793,73.94873250246899,146.39852081932693,54.80513875940829,0.6221733668341709,0.37594221105527637,0.1773376918626098,0.051178893522913306
938,450.0,block2_mlp_input/point_numerator,2,3200,3186,0.995625,75.95012105426729,72.69399075262181,145.94754574870865,55.60251773228526,0.6183301946013811,0.3477715003138732,0.20696057404434384,0.03530156845842325
938,450.0,block2_mlp_input/point_numerator,3,3200,3184,0.995,79.95690791485458,77.48450402748688,147.23361552106726,56.110749107081766,0.6507537688442211,0.4020100502512563,0.14644864372828906,0.02496964369967787
938,450.0,block2_mlp_input/point_numerator,4,3200,3190,0.996875,76.6242278456848,72.45497742716285,149.32219613271945,54.367873244683516,0.6090909090909091,0.35705329153605014,0.19728336275952396,0.06263464514351381
938,450.0,block2_mlp_input/point_numerator,5,3200,3184,0.995,69.41937256217287,62.90005443967726,142.16191582196845,52.34442505443781,0.5288944723618091,0.2905150753768844,0.3002091717232412,0.10403645527536085
938,450.0,block2_mlp_input/point_numerator,6,3200,3176,0.9925,75.03220994694571,70.25676192413341,145.67796061703345,54.01566130032989,0.5985516372795969,0.3479219143576826,0.21779941149261434,0.06863691972383264
938,450.0,block2_mlp_input/point_numerator,7,3200,3189,0.9965625,61.34281793530915,53.29928232594269,132.6346545630588,49.25890570351748,0.43775478206334273,0.22295390404515522,0.4132717859912505,0.1711840903291141
938,450.0,block2_output/plane_normal,0,3200,3186,0.995625,80.70870865804616,77.93352669691762,147.26351010315955,56.243215423815265,0.6682360326428123,0.4005021971123666,0.13607346298228942,0.021722840399428813
938,450.0,block2_output/plane_normal,1,3200,3188,0.99625,70.91642068221438,65.5069878617963,142.40825921000177,52.812186724873705,0.5470514429109159,0.308030112923463,0.2774693263193196,0.09388912749336159
938,450.0,block2_output/plane_normal,2,3200,3186,0.995625,71.19039480300636,66.23712182623046,143.22928599091745,52.895884990182545,0.5527306967984934,0.3066541117388575,0.27391441856928356,0.09287610613570278
938,450.0,block2_output/plane_normal,3,3200,3190,0.996875,78.00107767283433,74.66065841339272,147.26967447664086,55.182827610948046,0.6376175548589341,0.37836990595611286,0.17403058547552336,0.04329502586511383
938,450.0,block2_output/plane_normal,4,3200,3180,0.99375,75.43232554085915,71.36692752745873,144.9544910392466,54.70044634150537,0.6078616352201258,0.3481132075471698,0.21259235327552373,0.056307226719699704
938,450.0,block2_output/plane_normal,5,3200,3182,0.994375,73.23292543801905,69.02677564491373,143.873074608831,53.88888071657704,0.5804525455688246,0.32338152105593965,0.24495049232977115,0.07239076399524211
938,450.0,block2_output/plane_normal,6,3200,3194,0.998125,77.57861976785236,73.96391798388882,146.9209169199359,55.08543775684363,0.6333750782717595,0.3725735754539762,0.18025647016466612,0.04593736072374981
938,450.0,block2_output/plane_normal,7,3200,3188,0.99625,75.23844331276199,71.47453365639674,143.83572320431477,54.74992372447011,0.6053952321204517,0.3434755332496863,0.2150962897557098,0.054968986415286254
938,450.0,block2_output/ideal_bivector,0,3200,3184,0.995,76.63923149395029,72.9195401999332,145.88094795989724,54.983182473124344,0.6259422110552764,0.3649497487437186,0.19443061369501827,0.04891456724961588
938,450.0,block2_output/ideal_bivector,1,3200,3186,0.995625,77.65583334416266,74.5471879519364,146.88641922422386,54.93445835147112,0.628060263653484,0.371939736346516,0.17924190284639,0.04921730844774737
938,450.0,block2_output/ideal_bivector,2,3200,3190,0.996875,76.65773242431433,72.55610987531249,145.67398086704767,54.95312133323024,0.6247648902821317,0.3623824451410658,0.1941189718126716,0.04981924542395329
938,450.0,block2_output/ideal_bivector,3,3200,3184,0.995,81.4888717477028,78.96839821160111,149.8506508388055,56.07849689194594,0.6652010050251256,0.40515075376884424,0.1259133280476213,0.026706080492745775
938,450.0,block2_output/ideal_bivector,4,3200,3180,0.99375,74.91927259316462,71.40656135672927,145.75478066568652,54.27909376363159,0.5933962264150944,0.3430817610062893,0.2199178069524514,0.06387048642612062
938,450.0,block2_output/ideal_bivector,5,3200,3184,0.995,76.15988610038843,72.1715259096573,146.43059044240854,54.65203916937695,0.6155778894472361,0.3574120603015075,0.20137066077933238,0.05548821981469512
938,450.0,block2_output/ideal_bivector,6,3200,3176,0.9925,75.55043256209437,71.60130961362796,144.301750484763,55.49751238383693,0.6083123425692695,0.3438287153652393,0.21348162912318153,0.037124192458512464
938,450.0,block2_output/ideal_bivector,7,3200,3182,0.994375,75.47412316059244,71.11977415600535,146.21222567859417,54.54312372013701,0.6021370207416719,0.3535512256442489,0.2119976234528732,0.05895603871548302
938,450.0,block2_output/axial_bivector,0,3200,3190,0.996875,66.2265661062413,59.18143813434174,141.54441898246677,50.59509180186443,0.49216300940438873,0.25768025078369905,0.34487902584226326,0.14143346946483706
938,450.0,block2_output/axial_bivector,1,3200,3190,0.996875,84.43741778694182,82.4309149424623,150.36004526032542,56.79767337664931,0.7018808777429467,0.43824451410658305,0.08182273846195391,0.009958941266970172
938,450.0,block2_output/axial_bivector,2,3200,3196,0.99875,64.78937269444928,56.922950075548826,140.1727013680542,49.80147905871823,0.4762202753441802,0.24749687108886106,0.365007598345623,0.15847790113409768
938,450.0,block2_output/axial_bivector,3,3200,3190,0.996875,84.45877086149335,82.59281930311911,149.8684080002335,56.81237828074568,0.7040752351097179,0.43824451410658305,0.081218807603093,0.009642628969469574
938,450.0,block2_output/axial_bivector,4,3200,3188,0.99625,68.6913727983876,62.45112711277325,140.3173754172193,51.69694614584222,0.5228983688833124,0.28544542032622333,0.3083542856090453,0.11764550798631462
938,450.0,block2_output/axial_bivector,5,3200,3192,0.9975,72.66419635064376,67.19570167922726,143.99761875930938,53.433900655827834,0.5698621553884712,0.3151629072681704,0.25397991455072383,0.07979676836897463
938,450.0,block2_output/axial_bivector,6,3200,3186,0.995625,79.41969261027272,76.05810405355422,147.9366510554933,55.81999047037789,0.6506591337099812,0.38857501569365976,0.1552112807569881,0.029888861953998428
938,450.0,block2_output/axial_bivector,7,3200,3188,0.99625,67.64838655291457,61.193802794175156,143.09085739495794,51.00924078379515,0.5094102885821832,0.2691342534504391,0.32500226415370265,0.13237460815421023
938,450.0,block2_output/point_numerator,0,3200,3196,0.99875,70.41902629344581,65.00001951215981,140.98733744194573,53.47382143438727,0.5459949937421777,0.2897371714643304,0.2873801161848,0.08022294123901176
938,450.0,block2_output/point_numerator,1,3200,3184,0.995,77.8497025554541,73.97030699856114,146.44231447464807,54.80467229854861,0.6228015075376885,0.375,0.17729454262569,0.05118706182470505
938,450.0,block2_output/point_numerator,2,3200,3186,0.995625,75.93304872740133,72.64848051001157,145.97530610419622,55.606564222172295,0.6192718141870684,0.34714375392341495,0.2072374075223866,0.03524497851853123
938,450.0,block2_output/point_numerator,3,3200,3184,0.995,79.95682659269865,77.48475164567819,147.25657838133696,56.111099411037415,0.6507537688442211,0.4020100502512563,0.14645149958338297,0.02496165705731215
938,450.0,block2_output/point_numerator,4,3200,3188,0.99625,76.63826304167472,72.53529226214337,149.41226086488572,54.35967006801131,0.609159347553325,0.35727728983688833,0.19708607096557373,0.06282691962604801
938,450.0,block2_output/point_numerator,5,3200,3186,0.995625,69.41006468402594,62.86685556993501,142.06212889942128,52.34091532008052,0.529504080351538,0.2900188323917137,0.30035799552142906,0.10413360860854987
938,450.0,block2_output/point_numerator,6,3200,3176,0.9925,75.02057264104806,70.26561266444614,145.9343635314621,54.00974811690349,0.5982367758186398,0.3479219143576826,0.21797892724028403,0.06877681482417948
938,450.0,block2_output/point_numerator,7,3200,3189,0.9965625,61.27142760547531,53.205099894907924,132.39090515425536,49.22280208894023,0.43775478206334273,0.22232674819692694,0.4142423855855056,0.17193502553388798
942,450.0,block1/plane_normal,0,3200,0,0.0,,,,,,,,
942,450.0,block1/plane_normal,1,3200,0,0.0,,,,,,,,
942,450.0,block1/plane_normal,2,3200,0,0.0,,,,,,,,
942,450.0,block1/plane_normal,3,3200,0,0.0,,,,,,,,
942,450.0,block1/plane_normal,4,3200,0,0.0,,,,,,,,
942,450.0,block1/plane_normal,5,3200,0,0.0,,,,,,,,
942,450.0,block1/plane_normal,6,3200,0,0.0,,,,,,,,
942,450.0,block1/plane_normal,7,3200,0,0.0,,,,,,,,
942,450.0,block1/ideal_bivector,0,3200,3178,0.993125,77.18649477768656,75.30996960028436,148.366224250064,53.06852910585153,0.6170547514159849,0.3842039018250472,0.17987032497868952,0.09098384731513118
942,450.0,block1/ideal_bivector,1,3200,3178,0.993125,77.4673286829066,75.30447756518234,148.43031805940632,53.3107815294747,0.6220893643801133,0.3854625550660793,0.17686008671314768,0.08628522186737714
942,450.0,block1/ideal_bivector,2,3200,3182,0.994375,77.23593125105585,75.50989566436238,148.0315224345339,53.14023232918906,0.6162790697674418,0.38403519798868635,0.1793540464269,0.089640157553897
942,450.0,block1/ideal_bivector,3,3200,3188,0.99625,84.06703019674943,81.96402566922552,152.05340926852372,57.21759625515641,0.694792973651192,0.42973651191969886,0.09079577699769328,0.0015670594231457892
942,450.0,block1/ideal_bivector,4,3200,3180,0.99375,77.1739282923513,75.32841611015998,148.54967200087214,53.122233877171304,0.6163522012578616,0.3836477987421384,0.18024052624519382,0.09022037714406209
942,450.0,block1/ideal_bivector,5,3200,3180,0.99375,77.26740890892312,75.35704772744114,147.85860098898658,53.22634014174649,0.6169811320754717,0.3827044025157233,0.17932908712849963,0.0881809433460747
942,450.0,block1/ideal_bivector,6,3200,3190,0.996875,74.97575554223671,71.16037660302031,146.15725255015235,52.507406389169454,0.5836990595611286,0.3592476489028213,0.213877433372918,0.10246660297571117
942,450.0,block1/ideal_bivector,7,3200,3178,0.993125,77.03693045289678,75.31086062029723,148.49858466017332,53.029861170065566,0.6164254247954688,0.381686595342983,0.18192127723524984,0.0920148060478911
942,450.0,block1/axial_bivector,0,3200,3184,0.995,72.01949945448979,67.13587744485659,145.34025915456087,51.47210098897523,0.5646984924623115,0.33134422110552764,0.25390749057146966,0.1208406566948001
942,450.0,block1/axial_bivector,1,3200,3188,0.99625,82.97124378855426,81.1059479419578,150.36598304880582,57.206227103976055,0.6904015056461732,0.41718946047678795,0.10502509631811116,0.004333354514303386
942,450.0,block1/axial_bivector,2,3200,3182,0.994375,72.30640612042342,67.85455377118535,145.97416465989954,51.46127749138288,0.568196103079824,0.3324952859836581,0.2496507168354326,0.12084399864128981
942,450.0,block1/axial_bivector,3,3200,3192,0.9975,83.20742409568633,81.07639593183893,151.29988560443536,57.26382159775286,0.6885964912280702,0.42105263157894735,0.10198131110201734,0.0024669443639560064
942,450.0,block1/axial_bivector,4,3200,3176,0.9925,73.89252768060166,71.12631304497538,146.99660997135274,51.99301423731252,0.5780856423173804,0.3567380352644836,0.22570933591803252,0.11193659336207525
942,450.0,block1/axial_bivector,5,3200,3190,0.996875,76.1187063797123,72.02796715109173,147.67907965791682,53.89896288387632,0.6047021943573667,0.3567398119122257,0.20220535228458086,0.07179687723206393
942,450.0,block1/axial_bivector,6,3200,3184,0.995,80.61672791398864,78.77937995162729,148.134197719762,56.202285353023754,0.6573492462311558,0.4001256281407035,0.1374231260842709,0.022634247605679895
942,450.0,block1/axial_bivector,7,3200,3184,0.995,72.62142314976778,67.97526836111479,146.38001232918648,51.44782050678533,0.5653266331658291,0.33888190954773867,0.24536106552674758,0.1209763313112843
942,450.0,block1/point_numerator,0,3200,3174,0.991875,74.98193289482062,72.14432754631271,148.34056756789303,52.13956939100685,0.5960932577189666,0.36704473850031505,0.20957798522384424,0.11007513466928624
942,450.0,block1/point_numerator,1,3200,3180,0.99375,77.8881466878359,76.02905664373162,148.9661671931951,53.58734128153319,0.6251572327044025,0.39025157232704405,0.17138996671232865,0.08031874051459265
942,450.0,block1/point_numerator,2,3200,3192,0.9975,80.16014382428114,77.95233970502801,148.64224031131536,55.50730296770423,0.6488095238095238,0.4006892230576441,0.1431759794904995,0.03798946297260144
942,450.0,block1/point_numerator,3,3200,3172,0.99125,76.9180869916604,75.07003345608048,148.94619371678635,52.908432503367926,0.6141235813366961,0.38146279949558637,0.183317734120517,0.09476749056962153
942,450.0,block1/point_numerator,4,3200,3174,0.991875,76.81399513999509,75.0055218707079,147.98476828678588,52.961301652294786,0.6102709514807814,0.37933207309388783,0.18520140600805407,0.09393229380208286
942,450.0,block1/point_numerator,5,3200,3190,0.996875,70.36795962791665,65.79562906580813,142.72489490327334,51.591161715539506,0.5404388714733542,0.3213166144200627,0.27981850994857843,0.12061006186425856
942,450.0,block1/point_numerator,6,3200,3182,0.994375,78.29133932027905,76.73329287447316,148.5101272520149,53.931316268219376,0.6275927089880579,0.3928346951602766,0.16640144021142408,0.07264707406474047
942,450.0,block1/point_numerator,7,3200,3182,0.994375,71.6815268499017,67.41166748648585,145.03356568885775,51.51530138303485,0.5603394091766185,0.32338152105593965,0.25878354999139813,0.120366044574136
942,450.0,block2_mlp_input/plane_normal,0,3200,0,0.0,,,,,,,,
942,450.0,block2_mlp_input/plane_normal,1,3200,0,0.0,,,,,,,,
942,450.0,block2_mlp_input/plane_normal,2,3200,0,0.0,,,,,,,,
942,450.0,block2_mlp_input/plane_normal,3,3200,0,0.0,,,,,,,,
942,450.0,block2_mlp_input/plane_normal,4,3200,0,0.0,,,,,,,,
942,450.0,block2_mlp_input/plane_normal,5,3200,0,0.0,,,,,,,,
942,450.0,block2_mlp_input/plane_normal,6,3200,0,0.0,,,,,,,,
942,450.0,block2_mlp_input/plane_normal,7,3200,0,0.0,,,,,,,,
942,450.0,block2_mlp_input/ideal_bivector,0,3200,3179,0.9934375,77.41348541330932,76.39678352379529,147.70405481891055,53.602100536670896,0.6225228059138094,0.388172381251966,0.1764762613665565,0.08028695228094145
942,450.0,block2_mlp_input/ideal_bivector,1,3200,3182,0.994375,77.71633879166944,76.0145091666966,148.50971486779792,53.43902224413452,0.6209930861093652,0.3868636077938403,0.1733689255712636,0.08350515051966029
942,450.0,block2_mlp_input/ideal_bivector,2,3200,3178,0.993125,77.30758729007624,75.63323373604752,147.02175980365348,53.36427950208235,0.6211453744493393,0.38892385147891756,0.1779290562337751,0.08476355946348874
942,450.0,block2_mlp_input/ideal_bivector,3,3200,3192,0.9975,79.56517295110864,76.75076166120795,147.47172494906036,56.02889803015933,0.6560150375939849,0.38345864661654133,0.15357138599910444,0.02667140523456281
942,450.0,block2_mlp_input/ideal_bivector,4,3200,3190,0.996875,76.8710397333041,74.93076947750038,149.38865598622402,52.791767634551384,0.6072100313479624,0.38181818181818183,0.18474379613482325,0.09680968764507318
942,450.0,block2_mlp_input/ideal_bivector,5,3200,3178,0.993125,77.54856416746428,75.58037977878158,148.69211002695923,53.42093398136514,0.6230333543108874,0.3870358716173694,0.17584861783319972,0.08391971534843846
942,450.0,block2_mlp_input/ideal_bivector,6,3200,3170,0.990625,73.0493400991102,68.79272382266711,146.0183504499615,51.32224258456936,0.5735015772870663,0.34605678233438486,0.23646970500532502,0.12313075008694807
942,450.0,block2_mlp_input/ideal_bivector,7,3200,3176,0.9925,77.02650065633479,74.97514374608163,148.8990739879005,52.921220997746666,0.614294710327456,0.38287153652392947,0.18211213177864044,0.09401894979704861
942,450.0,block2_mlp_input/axial_bivector,0,3200,3176,0.9925,71.97401202920302,67.73451809500408,144.56821387157828,51.546496744084386,0.5588790931989924,0.32934508816120905,0.2549148027687449,0.11898112087523363
942,450.0,block2_mlp_input/axial_bivector,1,3200,3190,0.996875,82.89880684164507,80.75678125819681,150.9457234302964,57.161464119675976,0.6893416927899687,0.4150470219435737,0.1059913831856403,0.004845021967342879
942,450.0,block2_mlp_input/axial_bivector,2,3200,3192,0.9975,72.56763319419406,68.23235619916142,145.45435825697402,51.748211429788626,0.5692355889724311,0.33302005012531327,0.2461536205278531,0.11423183354476883
942,450.0,block2_mlp_input/axial_bivector,3,3200,3194,0.998125,82.94258368255939,80.79354454094798,150.97744155843532,57.17220452333396,0.6878522229179712,0.4170319348778961,0.10571966607754806,0.004206905981006557
942,450.0,block2_mlp_input/axial_bivector,4,3200,3176,0.9925,73.7065108098946,69.76030235920413,146.7176991905746,51.669040654609574,0.5859571788413098,0.35295969773299746,0.2278254584831036,0.11808166381796044
942,450.0,block2_mlp_input/axial_bivector,5,3200,3190,0.996875,76.4217393375899,72.80741359229445,147.34344451621442,54.03526544625347,0.6081504702194357,0.35987460815047023,0.19810422322727816,0.06884616723292003
942,450.0,block2_mlp_input/axial_bivector,6,3200,3182,0.994375,80.46185953363617,78.65737881593753,148.10852973356748,56.10706703137313,0.6577624135763671,0.399120050282841,0.13983823319265412,0.024738964956022336
942,450.0,block2_mlp_input/axial_bivector,7,3200,3192,0.9975,72.57354071554514,67.83143900648611,146.88202442315682,51.38941105539131,0.5657894736842105,0.33897243107769426,0.24580286590374745,0.12241158559399978
942,450.0,block2_mlp_input/point_numerator,0,3200,3174,0.991875,70.87330894867137,66.20864538072183,143.0650996594884,51.845652218511,0.5469439193446755,0.3216761184625079,0.2721710751876343,0.11539716658206066
942,450.0,block2_mlp_input/point_numerator,1,3200,3184,0.995,76.769882435651,72.1053172870664,147.0367499027244,53.69525251219487,0.6118090452261307,0.3671482412060301,0.19191031516733376,0.07398136259027814
942,450.0,block2_mlp_input/point_numerator,2,3200,3184,0.995,75.00727541876167,70.68110487935988,147.23743345273692,54.12810749998225,0.5948492462311558,0.332286432160804,0.22144812826681123,0.0673307904759559
942,450.0,block2_mlp_input/point_numerator,3,3200,3187,0.9959375,76.7472845712918,74.61875267498102,148.01749981188394,53.44230976198298,0.6121744587386256,0.37715720112958895,0.18851564505224302,0.08481911722023681
942,450.0,block2_mlp_input/point_numerator,4,3200,3176,0.9925,74.88965075661167,70.19222699126377,145.9974968017448,53.388234114680316,0.5922544080604534,0.348551637279597,0.21888035805338973,0.0815746199681993
942,450.0,block2_mlp_input/point_numerator,5,3200,3182,0.994375,73.81324065274055,68.98420517492852,146.04301109482668,53.74886704111071,0.585166561910748,0.3258956631049654,0.23690921073477353,0.07432407063216247
942,450.0,block2_mlp_input/point_numerator,6,3200,3178,0.993125,72.66612934465672,67.70127589940549,148.4887348695461,51.44010735056321,0.5629326620516047,0.3341724354940214,0.24748340302141333,0.12483995178567439
942,450.0,block2_mlp_input/point_numerator,7,3200,3194,0.998125,72.57051570749685,67.51434167711467,142.82179631625266,53.72484422115579,0.5729492798998121,0.30964308077645586,0.2557992680460181,0.07549949681341087
942,450.0,block2_output/plane_normal,0,3200,3188,0.99625,83.35855063279219,81.95861208639052,151.13696221282314,57.0297135051392,0.6888331242158093,0.4234629861982434,0.09959306419048154,0.006473058078286075
942,450.0,block2_output/plane_normal,1,3200,3167,0.9896875,74.97615700314363,72.56165590488254,148.5788576002993,51.902287741017965,0.5948847489737923,0.3656457215029997,0.20922395898592785,0.11553655387177161
942,450.0,block2_output/plane_normal,2,3200,3164,0.98875,75.32857951402859,73.03673431771624,148.2625507828233,52.18244797117708,0.5973451327433629,0.36852085967130216,0.20504047324901098,0.1099407687610819
942,450.0,block2_output/plane_normal,3,3200,3182,0.994375,77.78089598555265,75.90831137272046,147.90469817177092,53.624970379742535,0.6253928346951603,0.387806411062225,0.17238602114730112,0.07937687188414885
942,450.0,block2_output/plane_normal,4,3200,3180,0.99375,76.85934783923959,75.27529261277297,149.19372930072512,52.78833484684667,0.6135220125786164,0.3849056603773585,0.1837897590927031,0.09658409575296854
942,450.0,block2_output/plane_normal,5,3200,3180,0.99375,76.15808238945714,73.98565012493631,148.13214437322375,52.277522021407286,0.6025157232704402,0.3789308176100629,0.1931469155990144,0.10720251803354171
942,450.0,block2_output/plane_normal,6,3200,3182,0.994375,77.56639573889467,75.738085814253,147.8116746424128,53.47066947077004,0.6231929604022627,0.3915776241357637,0.1748709208889053,0.0824006310380038
942,450.0,block2_output/plane_normal,7,3200,3172,0.99125,76.71316639051945,75.27729532194539,146.8968913963257,53.04527142285961,0.6147540983606558,0.38146279949558637,0.185236291116034,0.09177906116650393
942,450.0,block2_output/ideal_bivector,0,3200,3177,0.9928125,77.35727605681019,76.15135376271657,147.3583554115648,53.529763442356945,0.6238589864652188,0.3884167453572553,0.17715618761491825,0.08184900597894768
942,450.0,block2_output/ideal_bivector,1,3200,3182,0.994375,77.68828166729054,75.94380215976285,148.6272820502947,53.42843833633102,0.6203645505971087,0.38654934003771213,0.17373008856700356,0.0838282263487017
942,450.0,block2_output/ideal_bivector,2,3200,3178,0.993125,77.32565703956564,75.5076957436528,146.83659438990256,53.365111712155965,0.6211453744493393,0.3892385147891756,0.17769815033994737,0.08469695110300139
942,450.0,block2_output/ideal_bivector,3,3200,3192,0.9975,79.76273056245202,77.0851574814047,147.33564445709158,56.15596024487365,0.6604010025062657,0.3843984962406015,0.15073553939543574,0.024037561921669393
942,450.0,block2_output/ideal_bivector,4,3200,3188,0.99625,76.8085094313663,74.76642598761156,149.57135138420946,52.80171921860248,0.6066499372647428,0.3808030112923463,0.1856745616644,0.09667281236699479
942,450.0,block2_output/ideal_bivector,5,3200,3178,0.993125,77.47796175231889,75.56364284632613,148.5464682119934,53.37821152737675,0.6217747010698552,0.3848332284455632,0.17674656036050154,0.08503836583238433
942,450.0,block2_output/ideal_bivector,6,3200,3168,0.99,73.17567666627608,69.81238488670618,147.35336580637494,51.27472674099249,0.5757575757575758,0.3491161616161616,0.23380184631815507,0.12393328636436991
942,450.0,block2_output/ideal_bivector,7,3200,3176,0.9925,76.98241893567325,74.96595272883668,148.81921930445543,52.880884014034315,0.6130352644836272,0.38287153652392947,0.18270780930141448,0.09476379482593653
942,450.0,block2_output/axial_bivector,0,3200,3180,0.99375,72.48821567344314,68.0024759153934,146.1053443992627,51.67812796462332,0.5635220125786163,0.3311320754716981,0.24804016100284876,0.11588607314634691
942,450.0,block2_output/axial_bivector,1,3200,3190,0.996875,82.44740426033852,80.28976709449603,150.4267466402689,56.94574962919155,0.6846394984326019,0.41285266457680253,0.11228083077548079,0.008655199402952693
942,450.0,block2_output/axial_bivector,2,3200,3184,0.995,72.30088286527975,67.72325489189006,146.2573540305128,51.451520475151554,0.5665829145728644,0.33511306532663315,0.24935477605206485,0.1210746311923782
942,450.0,block2_output/axial_bivector,3,3200,3192,0.9975,83.0141855894718,81.08451197626539,151.36763249982698,57.195867716465244,0.6870300751879699,0.41791979949874686,0.10482944619949282,0.0034403033455685517
942,450.0,block2_output/axial_bivector,4,3200,3178,0.993125,73.91708149368758,70.68050363365938,147.00693621532042,51.71171928925333,0.5818124606670863,0.3565135305223411,0.22440735185637253,0.11775412207989654
942,450.0,block2_output/axial_bivector,5,3200,3190,0.996875,76.94117808156852,72.78172531703595,147.78509391675195,54.30128427715434,0.6163009404388715,0.35987460815047023,0.19079162570487623,0.06299864898995909
942,450.0,block2_output/axial_bivector,6,3200,3194,0.998125,81.22574539186071,79.83167925939793,148.22856423308204,56.47999677503474,0.6637445209768316,0.40732623669380086,0.1282675844899906,0.017660580110867276
942,450.0,block2_output/axial_bivector,7,3200,3188,0.99625,72.83381127499787,67.94122521103137,146.37902055811375,51.369221937377496,0.5715181932245922,0.339711417816813,0.24214132588283613,0.12285398387707568
942,450.0,block2_output/point_numerator,0,3200,3174,0.991875,70.87147213796588,66.15444221679255,143.1371613504832,51.84144314316562,0.5463137996219282,0.3216761184625079,0.27221480025310335,0.11547820856854091
942,450.0,block2_output/point_numerator,1,3200,3184,0.995,76.76018654211302,72.18705519174995,146.81352972380165,53.68807841394947,0.6111809045226131,0.36652010050251255,0.1920100531737895,0.07410894335837932
942,450.0,block2_output/point_numerator,2,3200,3184,0.995,75.00593294555583,70.60832224957866,147.0144267463093,54.12435469609308,0.594535175879397,0.3326005025125628,0.22151106284990557,0.06737023942658826
942,450.0,block2_output/point_numerator,3,3200,3187,0.9959375,76.74943450156111,74.61404177977558,148.0106054919206,53.443336092998656,0.6121744587386256,0.37715720112958895,0.18848804105683847,0.0848021177873154
942,450.0,block2_output/point_numerator,4,3200,3176,0.9925,74.88825661541766,70.27148262923583,146.18909396005716,53.38280762564293,0.5919395465994962,0.34760705289672544,0.2188698464333377,0.08171554181514143
942,450.0,block2_output/point_numerator,5,3200,3182,0.994375,73.79804343110358,69.07185192161808,146.09517550411041,53.744141542102994,0.5848522941546197,0.32558139534883723,0.23710006193920843,0.07444825027759641
942,450.0,block2_output/point_numerator,6,3200,3178,0.993125,72.6594660717882,67.71895157869034,148.47606715325966,51.43797115489766,0.5629326620516047,0.3344870988042794,0.24758651207933038,0.12488244762282923
942,450.0,block2_output/point_numerator,7,3200,3194,0.998125,72.57127539024893,67.64484175984397,142.9212521588065,53.72311588360162,0.5732623669380088,0.30995616781465246,0.2557539576597564,0.07560669126889406
970,500.0,block1/plane_normal,0,3200,0,0.0,,,,,,,,
970,500.0,block1/plane_normal,1,3200,0,0.0,,,,,,,,
970,500.0,block1/plane_normal,2,3200,0,0.0,,,,,,,,
970,500.0,block1/plane_normal,3,3200,0,0.0,,,,,,,,
970,500.0,block1/plane_normal,4,3200,0,0.0,,,,,,,,
970,500.0,block1/plane_normal,5,3200,0,0.0,,,,,,,,
970,500.0,block1/plane_normal,6,3200,0,0.0,,,,,,,,
970,500.0,block1/plane_normal,7,3200,0,0.0,,,,,,,,
970,500.0,block1/ideal_bivector,0,3200,3181,0.9940625,75.75302662154365,73.70239362080618,149.74215943150617,51.68055881903058,0.5972964476579692,0.3715812637535366,0.19859081868916423,0.12166202550048633
970,500.0,block1/ideal_bivector,1,3200,3182,0.994375,76.05228755580177,73.82730121423535,150.25260781864358,51.910528506379805,0.5971087366436204,0.3727215587680704,0.1952215324696031,0.11672180654801645
970,500.0,block1/ideal_bivector,2,3200,3179,0.9934375,75.76769197297054,73.75548306184295,150.11015840663515,51.7088839417106,0.5970430953129915,0.3721296005033029,0.19860436347612465,0.12111630023394022
970,500.0,block1/ideal_bivector,3,3200,3192,0.9975,85.45687354861069,85.33583421070111,150.0233243505491,57.24066228122694,0.7077067669172933,0.4605263157894737,0.06576948700885854,-0.0008593338746712338
970,500.0,block1/ideal_bivector,4,3200,3182,0.994375,75.65021370836884,73.53086454639433,149.78862256376058,51.660661047308224,0.5958516656191075,0.3711502199874293,0.20027032664554353,0.12217085170294019
970,500.0,block1/ideal_bivector,5,3200,3184,0.995,75.77289166943878,73.34809125095224,149.86521996477495,51.79018181729261,0.5967336683417085,0.3693467336683417,0.19906960429725612,0.119331761391432
970,500.0,block1/ideal_bivector,6,3200,3190,0.996875,74.67606839387877,71.28831735966673,149.61449436106764,51.896943974430904,0.5868338557993731,0.3576802507836991,0.21675187503008564,0.11542373306593061
970,500.0,block1/ideal_bivector,7,3200,3182,0.994375,75.49133296884915,73.18418053968242,149.837920195561,51.58731830886304,0.5945945945945946,0.3698931489629164,0.20222656074032228,0.12373229697535369
970,500.0,block1/axial_bivector,0,3200,3172,0.99125,69.36893934372894,64.61126938726946,145.59456567613913,49.718054261104335,0.5362547288776797,0.3121059268600252,0.2874407452739662,0.15788538473702962
970,500.0,block1/axial_bivector,1,3200,3196,0.99875,82.33147859919471,80.60754202954007,148.17146533993196,56.35772819590693,0.6695869837296621,0.42271589486858574,0.1117937161948656,0.017186146307910013
970,500.0,block1/axial_bivector,2,3200,3180,0.99375,69.52178134154043,65.59195950914858,145.9192431132453,49.830595241334045,0.5383647798742138,0.31383647798742137,0.2848785102619594,0.15502151641585996
970,500.0,block1/axial_bivector,3,3200,3198,0.999375,83.0956994329469,81.8438211561016,148.61045364615563,56.761872601367635,0.6785490931832395,0.4337085678549093,0.10061400762904296,0.009377092094911763
970,500.0,block1/axial_bivector,4,3200,3186,0.995625,71.11538206053076,68.62915894922517,148.75695146353434,50.46955905040812,0.5677966101694916,0.32799748901443815,0.26202892864150173,0.1436955779571395
970,500.0,block1/axial_bivector,5,3200,3192,0.9975,75.59004202339695,70.29290670680047,147.31996601569733,53.30955732058849,0.5917919799498746,0.35651629072681706,0.20883336097358643,0.08290284445294333
970,500.0,block1/axial_bivector,6,3200,3188,0.99625,82.30755876572321,80.23196607094528,148.33902638315416,57.005974891697065,0.6797365119196989,0.42189460476787954,0.11240507586062354,0.004694019259102336
970,500.0,block1/axial_bivector,7,3200,3186,0.995625,70.4990513206556,67.19058263418876,146.70977087926653,50.11106650620615,0.5539861895794099,0.32328939108600124,0.2706381833769992,0.15086586103653293
970,500.0,block1/point_numerator,0,3200,3180,0.99375,72.77714847647407,70.34845696250346,147.50206706342692,50.98184894656813,0.5786163522012578,0.3452830188679245,0.23795748089195415,0.13551932358803878
970,500.0,block1/point_numerator,1,3200,3188,0.99625,76.57280456253646,75.0701999915166,150.38192205266378,52.21760886641941,0.5997490589711418,0.37766624843161856,0.18851541482008155,0.11044959108960078
970,500.0,block1/point_numerator,2,3200,3196,0.99875,78.82001818661986,75.5679763929408,147.19111505419576,55.20481793958846,0.6373591989987485,0.38923654568210264,0.16156548921821517,0.042734907546466944
970,500.0,block1/point_numerator,3,3200,3182,0.994375,75.21935038559631,73.32784257893312,149.62995948124723,51.470744831544025,0.5945945945945946,0.3689503456945317,0.2057150674151974,0.12592580633834502
970,500.0,block1/point_numerator,4,3200,3184,0.995,75.1518236575589,73.06415145936182,148.8152700348791,51.49499817458564,0.5920226130653267,0.3655778894472362,0.2070302723513829,0.12529191709260182
970,500.0,block1/point_numerator,5,3200,3192,0.9975,68.26182589673704,62.41680605704744,143.8962357781647,49.837632424992165,0.518170426065163,0.29542606516290726,0.30837694178778585,0.15784984063411844
970,500.0,block1/point_numerator,6,3200,3188,0.99625,76.87372916196375,74.12746558563222,150.17555732727922,52.43325976670184,0.6057089084065245,0.38268506900878296,0.185358345137756,0.10522205587556069
970,500.0,block1/point_numerator,7,3200,3182,0.994375,68.5673633731773,63.71234122368523,145.24041492414318,49.60757224865118,0.527027027027027,0.30421118793211815,0.2993116551147994,0.1603053140431956
970,500.0,block2_mlp_input/plane_normal,0,3200,0,0.0,,,,,,,,
970,500.0,block2_mlp_input/plane_normal,1,3200,0,0.0,,,,,,,,
970,500.0,block2_mlp_input/plane_normal,2,3200,0,0.0,,,,,,,,
970,500.0,block2_mlp_input/plane_normal,3,3200,0,0.0,,,,,,,,
970,500.0,block2_mlp_input/plane_normal,4,3200,0,0.0,,,,,,,,
970,500.0,block2_mlp_input/plane_normal,5,3200,0,0.0,,,,,,,,
970,500.0,block2_mlp_input/plane_normal,6,3200,0,0.0,,,,,,,,
970,500.0,block2_mlp_input/plane_normal,7,3200,0,0.0,,,,,,,,
970,500.0,block2_mlp_input/ideal_bivector,0,3200,3184,0.995,76.39777682386588,73.51078492378427,150.8200148199209,51.91021957536983,0.6005025125628141,0.375,0.19137771189229794,0.11558099320837292
970,500.0,block2_mlp_input/ideal_bivector,1,3200,3180,0.99375,76.34845411218652,74.34074343171895,150.51121283190747,52.00463034137293,0.6028301886792453,0.3754716981132076,0.19109872291983102,0.11501589897901564
970,500.0,block2_mlp_input/ideal_bivector,2,3200,3181,0.9940625,76.0887179156528,73.60338670368412,151.78870792376884,51.73857001807642,0.598239547312166,0.37095253065073874,0.1950615386219721,0.11975708220505484
970,500.0,block2_mlp_input/ideal_bivector,3,3200,3198,0.999375,79.62182725508052,76.81473139160329,147.5424596293234,56.02588559871415,0.6566604127579737,0.3883677298311445,0.1521195943231431,0.02441818724716881
970,500.0,block2_mlp_input/ideal_bivector,4,3200,3184,0.995,75.10962618525556,72.99719825441082,148.71572620967643,51.53810936160904,0.5964195979899497,0.3636934673366834,0.20700970595876672,0.12429554103244726
970,500.0,block2_mlp_input/ideal_bivector,5,3200,3188,0.99625,76.0992941877736,73.49625803763402,150.42843939886333,51.97496038017828,0.5972396486825596,0.370138017565872,0.1952396508789468,0.11502625733471872
970,500.0,block2_mlp_input/ideal_bivector,6,3200,3184,0.995,72.46059147216873,70.25377744511408,146.37034087744422,50.90302146473834,0.5719221105527639,0.3542713567839196,0.24140498657211634,0.135864722670726
970,500.0,block2_mlp_input/ideal_bivector,7,3200,3182,0.994375,75.42785900404542,73.15059291084674,149.75710064539757,51.60375215983967,0.5961659333752357,0.3689503456945317,0.20298747416157564,0.12353531131618803
970,500.0,block2_mlp_input/axial_bivector,0,3200,3178,0.993125,69.29419143813688,64.20747128141605,145.13515287507968,49.83922728884897,0.5355569540591567,0.3130899937067338,0.2889775030698089,0.15568234667367808
970,500.0,block2_mlp_input/axial_bivector,1,3200,3194,0.998125,82.17398694998425,80.42085798715476,148.44599020124176,56.32405971912484,0.6696931747025673,0.42204132748904194,0.11394432166746112,0.0184225395804961
970,500.0,block2_mlp_input/axial_bivector,2,3200,3176,0.9925,69.56545830052391,65.17314594628533,146.20805879424037,50.00726366239914,0.5380982367758187,0.31202770780856426,0.28465226502267077,0.15215340512539507
970,500.0,block2_mlp_input/axial_bivector,3,3200,3194,0.998125,82.64997553691035,81.46349107856972,148.4876174931122,56.65691989763229,0.6762680025046963,0.4289292423293676,0.10723135293511146,0.012236361910621073
970,500.0,block2_mlp_input/axial_bivector,4,3200,3190,0.996875,70.25089818737062,67.4835738708584,147.17175123424008,50.19358867787958,0.554858934169279,0.31880877742946706,0.27359476010414824,0.14890333532307956
970,500.0,block2_mlp_input/axial_bivector,5,3200,3188,0.99625,75.93389166783314,70.71575268752947,148.22122400889776,53.52338915060197,0.5988080301129235,0.3613550815558344,0.20425291718800354,0.07817221127316823
970,500.0,block2_mlp_input/axial_bivector,6,3200,3184,0.995,82.06552314289291,79.89017411093405,147.90471707232578,56.889142407614926,0.6787060301507538,0.41959798994974873,0.11632299908868592,0.006719193398523824
970,500.0,block2_mlp_input/axial_bivector,7,3200,3186,0.995625,70.31195444705098,67.05543430623032,146.8178299366722,49.99109698277515,0.5514752040175769,0.32172002510985565,0.2732046967101361,0.1530154067725048
970,500.0,block2_mlp_input/point_numerator,0,3200,3184,0.995,69.74767007590559,64.47088228988824,144.3971588515326,51.48934639679405,0.5336055276381909,0.30182160804020103,0.2917985524953582,0.12263463376730224
970,500.0,block2_mlp_input/point_numerator,1,3200,3174,0.991875,77.13173648000026,73.16573823891252,149.48327546873054,53.67489126637567,0.610586011342155,0.3742911153119093,0.1865826850289227,0.07700712853998451
970,500.0,block2_mlp_input/point_numerator,2,3200,3184,0.995,72.48498060952643,67.8569996196162,142.51341629701412,53.85059365378174,0.5760050251256281,0.32160804020100503,0.25541535927293085,0.07168551007343917
970,500.0,block2_mlp_input/point_numerator,3,3200,3184,0.995,76.05104870632802,71.28467653979268,147.67330726167927,53.169447190292644,0.6014447236180904,0.3756281407035176,0.19988882024290827,0.08663427390810229
970,500.0,block2_mlp_input/point_numerator,4,3200,3188,0.99625,75.1892242292673,70.57588780169661,147.26894879058216,54.14471652928337,0.596612296110414,0.34002509410288584,0.21826524181352974,0.06579470296204856
970,500.0,block2_mlp_input/point_numerator,5,3200,3164,0.98875,75.47104066055735,72.14342092020121,143.87441606195202,55.238000344768906,0.6093552465233881,0.34671302149178257,0.21359597521005314,0.0446405316468263
970,500.0,block2_mlp_input/point_numerator,6,3200,3177,0.9928125,66.76676883934313,58.99894272542512,141.85653769557877,49.65179824874702,0.4919735599622285,0.2813975448536355,0.33147005360744636,0.1608656499334788
970,500.0,block2_mlp_input/point_numerator,7,3200,3186,0.995625,70.64891647690723,65.59939751830822,142.85277281856747,52.6560752950452,0.5430006277463905,0.31324544883866917,0.2798988815456654,0.09854456843225107
970,500.0,block2_output/plane_normal,0,3200,3180,0.99375,85.8550562220907,85.17738110190777,150.0574419073545,57.47705603935047,0.7191823899371069,0.460062893081761,0.05923707798833223,-0.005171632374824088
970,500.0,block2_output/plane_normal,1,3200,3180,0.99375,72.91815027205325,71.27893664337745,147.6198871456025,50.96666684575046,0.5820754716981132,0.350314465408805,0.23464456166985637,0.1359528230596104
970,500.0,block2_output/plane_normal,2,3200,3176,0.9925,72.95129910877704,70.5637445363854,148.66570535378668,51.034023039413846,0.5806045340050378,0.34351385390428213,0.23558620009568307,0.13442142936504006
970,500.0,block2_output/plane_normal,3,3200,3184,0.995,76.58098994058828,74.24608213853861,150.56895926858112,52.10374916850002,0.6033291457286433,0.3753140703517588,0.18885407146882321,0.11220569763719193
970,500.0,block2_output/plane_normal,4,3200,3180,0.99375,75.21956278735513,73.57760987921705,149.32244402183483,51.489073713665206,0.5933962264150944,0.3694968553459119,0.2049285318828344,0.12567675259798478
970,500.0,block2_output/plane_normal,5,3200,3176,0.9925,74.09893591735307,71.98406034989816,148.7069774384465,51.12633395093252,0.5837531486146096,0.3608312342569269,0.2192480431496439,0.13356868443344083
970,500.0,block2_output/plane_normal,6,3200,3183,0.9946875,76.37176052790605,74.19587035614683,150.89237588445803,51.95636419097161,0.6022620169651273,0.3744894753377317,0.1912620520671782,0.11576416897507812
970,500.0,block2_output/plane_normal,7,3200,3180,0.99375,75.51775274936298,73.1642017688285,149.99889429040763,51.48233037450326,0.5965408805031447,0.3767295597484277,0.20087139379899263,0.12465194279110949
970,500.0,block2_output/ideal_bivector,0,3200,3181,0.9940625,76.253891176156,74.09048316727636,151.35306526043826,51.831193492019985,0.6007544797233574,0.37346746306193024,0.19299669251769996,0.1175214426619827
970,500.0,block2_output/ideal_bivector,1,3200,3182,0.994375,76.30866367404106,74.29807468417778,150.39272140861797,51.987454361039674,0.603708359522313,0.37554996857322437,0.19149514163826567,0.11531518307418057
970,500.0,block2_output/ideal_bivector,2,3200,3181,0.9940625,76.11201053751297,73.66045287147352,151.57193040231107,51.7552586230967,0.5985539138635649,0.37346746306193024,0.19475683197359026,0.11942330886645777
970,500.0,block2_output/ideal_bivector,3,3200,3198,0.999375,79.79442548179615,76.72014480317907,147.70063103572772,56.05826203855748,0.6579111944965603,0.39118198874296434,0.14960770767268802,0.023778358849264762
970,500.0,block2_output/ideal_bivector,4,3200,3186,0.995625,75.09771170180242,72.92463672640127,148.5627147123007,51.514753955829775,0.5963590709353421,0.3634651600753296,0.2069093039099693,0.12472680777004236
970,500.0,block2_output/ideal_bivector,5,3200,3186,0.995625,76.01174110444843,73.37217961768702,150.37018612613042,51.94807193477947,0.5954174513496547,0.37037037037037035,0.19633328711608863,0.11564804777658781
970,500.0,block2_output/ideal_bivector,6,3200,3176,0.9925,73.07800597228278,71.23354109839454,146.90686803642757,50.98982395169255,0.5812342569269522,0.36114609571788414,0.231526377545372,0.1356860743260837
970,500.0,block2_output/ideal_bivector,7,3200,3182,0.994375,75.36458478415356,73.37062654246097,149.50900341468332,51.58960703352,0.5961659333752357,0.36957888120678817,0.20373025454381552,0.12374697296197977
970,500.0,block2_output/axial_bivector,0,3200,3180,0.99375,70.43117080670436,66.8572113929581,146.5902604891208,50.40257797266802,0.5512578616352202,0.32044025157232703,0.2722384748582759,0.14555653171375474
970,500.0,block2_output/axial_bivector,1,3200,3196,0.99875,81.45152430648778,79.31619920998801,148.33138441316095,56.11553471290881,0.6655193992490613,0.41739674593241555,0.12430790012767501,0.023362225357898413
970,500.0,block2_output/axial_bivector,2,3200,3182,0.994375,69.50618282354635,65.27756864396996,145.51242250444548,49.79585125288761,0.5395977372721559,0.3142677561282212,0.2848240405887145,0.15467620677613628
970,500.0,block2_output/axial_bivector,3,3200,3194,0.998125,82.74181885896891,81.6346992523022,148.4257469310791,56.683979976818726,0.6772072636192862,0.4314339386349405,0.1058710875872788,0.011246552124267853
970,500.0,block2_output/axial_bivector,4,3200,3186,0.995625,71.08905184492875,68.45903832345775,147.4483874402511,50.52011832343897,0.5703075957313245,0.3314500941619586,0.26129157911477313,0.14282342547709753
970,500.0,block2_output/axial_bivector,5,3200,3182,0.994375,76.6118398947132,72.06458878393101,147.04675689603008,54.033890492396615,0.6081081081081081,0.3610936517913262,0.19507237900377572,0.06669629250231313
970,500.0,block2_output/axial_bivector,6,3200,3180,0.99375,83.00129086229748,81.39109203985998,149.05161800239136,57.2170446882847,0.690251572327044,0.42924528301886794,0.10167394626567688,0.001368291430547664
970,500.0,block2_output/axial_bivector,7,3200,3176,0.9925,70.78460247481686,67.8154413576836,146.24273564796638,50.23014321414542,0.5595088161209067,0.32525188916876574,0.2656157055526034,0.14754332285331298
970,500.0,block2_output/point_numerator,0,3200,3184,0.995,69.75310375108505,64.55116673675899,144.38715261253984,51.496115892218604,0.5332914572864321,0.3011934673366834,0.2917565819177687,0.12250661566792014
970,500.0,block2_output/point_numerator,1,3200,3174,0.991875,77.11290030190578,73.13236792290844,149.4248941252676,53.664680667312325,0.6112161310649024,0.3739760554505356,0.18683912688984936,0.07726097034052598
970,500.0,block2_output/point_numerator,2,3200,3184,0.995,72.52153507155786,67.87673628837383,142.75414652018623,53.869808752568,0.5766331658291457,0.3222361809045226,0.25494188543586793,0.07129260623999906
970,500.0,block2_output/point_numerator,3,3200,3184,0.995,76.05261922266583,71.29006017290988,147.68574487048178,53.170016947499235,0.602072864321608,0.37594221105527637,0.1998672112480699,0.0866223974267342
970,500.0,block2_output/point_numerator,4,3200,3186,0.995625,75.16950557594502,70.50847682076761,147.25104230153886,54.12527829273761,0.5963590709353421,0.3396107972379159,0.21853193578413105,0.06626203744318371
970,500.0,block2_output/point_numerator,5,3200,3162,0.988125,75.42709650422724,71.98959571808311,144.08152643037437,55.21837087782159,0.6078431372549019,0.34629981024667933,0.2142574174496419,0.04499445833385947
970,500.0,block2_output/point_numerator,6,3200,3177,0.9928125,66.76246240618214,59.047637426866544,141.83038996751455,49.65154525048116,0.49260308467107333,0.2813975448536355,0.33153240999399686,0.16089437109324634
970,500.0,block2_output/point_numerator,7,3200,3186,0.995625,70.63644074243444,65.65447429503777,142.85984253462655,52.634669399022044,0.5433145009416196,0.31293157564344004,0.28004103615341913,0.09905228333970874
971,500.0,block1/plane_normal,0,3200,0,0.0,,,,,,,,
971,500.0,block1/plane_normal,1,3200,0,0.0,,,,,,,,
971,500.0,block1/plane_normal,2,3200,0,0.0,,,,,,,,
971,500.0,block1/plane_normal,3,3200,0,0.0,,,,,,,,
971,500.0,block1/plane_normal,4,3200,0,0.0,,,,,,,,
971,500.0,block1/plane_normal,5,3200,0,0.0,,,,,,,,
971,500.0,block1/plane_normal,6,3200,0,0.0,,,,,,,,
971,500.0,block1/plane_normal,7,3200,0,0.0,,,,,,,,
971,500.0,block1/ideal_bivector,0,3200,3184,0.995,79.38901959817876,74.9916370395454,147.9298069931653,54.90497027647594,0.6444723618090452,0.39290201005025127,0.1548924792819409,0.047602777426967745
971,500.0,block1/ideal_bivector,1,3200,3184,0.995,79.68475535854863,75.20735188170002,147.6241745032207,54.98686848275898,0.647927135678392,0.3922738693467337,0.15084172485179873,0.04566860789455648
971,500.0,block1/ideal_bivector,2,3200,3186,0.995625,79.42243931403762,74.84442195919203,148.00896999522723,54.90056073337545,0.6462649089767734,0.3935969868173258,0.15443595099572704,0.04749696031064067
971,500.0,block1/ideal_bivector,3,3200,3186,0.995625,84.93051708754749,83.58880955419457,152.00040729714195,56.377305906193826,0.7011927181418707,0.44569993722536094,0.07387520702133955,0.018521328325520156
971,500.0,block1/ideal_bivector,4,3200,3186,0.995625,79.2548262944575,74.78358069879206,147.5671844648192,54.87713415390901,0.6424984306340239,0.3901443816698054,0.15690310434454974,0.04826409104114922
971,500.0,block1/ideal_bivector,5,3200,3184,0.995,79.31881829854446,74.7804447536505,147.59290054676921,54.89653346670888,0.6432160804020101,0.3903894472361809,0.15608543764427643,0.04775273324631423
971,500.0,block1/ideal_bivector,6,3200,3190,0.996875,78.39191771007357,74.8743695492637,148.65422505702963,54.809838312311534,0.6247648902821317,0.37899686520376175,0.17021087504415017,0.052260538092299906
971,500.0,block1/ideal_bivector,7,3200,3180,0.99375,79.09187696525761,74.86442217559,147.57434908851633,54.870755116252646,0.639937106918239,0.3877358490566038,0.1592663602080802,0.04875496052804437
971,500.0,block1/axial_bivector,0,3200,3182,0.994375,71.73109989063303,66.34707211991156,143.66398771048165,52.494732599040105,0.5546825895663104,0.3192960402262728,0.264108513973936,0.10009857062180301
971,500.0,block1/axial_bivector,1,3200,3192,0.9975,84.96092578280495,83.37573481787197,150.53034222825465,56.72826962062868,0.7020676691729323,0.4442355889724311,0.07412380936416817,0.010076901261451469
971,500.0,block1/axial_bivector,2,3200,3180,0.99375,72.32886559669015,67.61355156049557,144.13969390601514,52.70470335552593,0.5657232704402516,0.32264150943396225,0.2552653382514121,0.09625122108616634
971,500.0,block1/axial_bivector,3,3200,3196,0.99875,85.03912104058902,83.7662937140324,151.12000279663155,56.66590928413919,0.7015018773466833,0.44712140175219023,0.07263749818609877,0.011810106272973082
971,500.0,block1/axial_bivector,4,3200,3180,0.99375,74.48074775877122,71.10019149636007,146.09342573757812,54.043734253606665,0.5877358490566038,0.3484276729559748,0.22510513390789819,0.06903997735989487
971,500.0,block1/axial_bivector,5,3200,3192,0.9975,77.19690748276001,73.24852888940552,146.70395200578284,54.94433227700332,0.6209273182957393,0.36278195488721804,0.1883335160834535,0.048849458171355754
971,500.0,block1/axial_bivector,6,3200,3192,0.9975,82.39601923265866,80.66874502769348,150.57597314828297,56.153347464299394,0.6801378446115288,0.41697994987468673,0.11093314626003532,0.026343678741099146
971,500.0,block1/axial_bivector,7,3200,3180,0.99375,73.46109953745916,68.89085615419407,145.21901105183903,53.00372427813612,0.5783018867924529,0.33553459119496853,0.23907443204256407,0.09045857067287785
971,500.0,block1/point_numerator,0,3200,3190,0.996875,75.96068820855288,71.56914576222299,146.17801184561537,54.513014632836914,0.5968652037617554,0.3576802507836991,0.20533590516260358,0.05902613367039858
971,500.0,block1/point_numerator,1,3200,3180,0.99375,80.4892537608257,76.44163430756095,147.34175721377264,55.23109803233547,0.6632075471698113,0.4006289308176101,0.13902085080694204,0.04072863216320976
971,500.0,block1/point_numerator,2,3200,3182,0.994375,83.10920565640022,81.65091700735715,148.8678525428931,56.63435393541689,0.6907605279698303,0.4274041483343809,0.10022525609697333,0.01338345347870043
971,500.0,block1/point_numerator,3,3200,3180,0.99375,78.77885255708436,74.22548557496162,147.85979668160553,54.84164493979605,0.6361635220125786,0.38238993710691827,0.1639478622076046,0.04985361461263538
971,500.0,block1/point_numerator,4,3200,3180,0.99375,78.57417396412971,74.71925723943954,147.50837022331856,54.7926765794081,0.6323899371069183,0.38018867924528305,0.16697916126820195,0.05096645836054797
971,500.0,block1/point_numerator,5,3200,3184,0.995,67.98254857880944,60.877275987246456,140.72856610579888,51.49923493002312,0.509108040201005,0.28831658291457285,0.31918957209940274,0.12230795233378515
971,500.0,block1/point_numerator,6,3200,3178,0.993125,80.71647044768126,76.50989842509131,147.94554368299933,55.387420779794866,0.6611076148521082,0.40371302706104467,0.135560985073105,0.03734147912568393
971,500.0,block1/point_numerator,7,3200,3168,0.99,70.61225104299272,64.5028219225191,143.5333489649238,52.20566562875167,0.5438762626262627,0.31123737373737376,0.28003858831122064,0.10585744085754972
971,500.0,block2_mlp_input/plane_normal,0,3200,0,0.0,,,,,,,,
971,500.0,block2_mlp_input/plane_normal,1,3200,0,0.0,,,,,,,,
971,500.0,block2_mlp_input/plane_normal,2,3200,0,0.0,,,,,,,,
971,500.0,block2_mlp_input/plane_normal,3,3200,0,0.0,,,,,,,,
971,500.0,block2_mlp_input/plane_normal,4,3200,0,0.0,,,,,,,,
971,500.0,block2_mlp_input/plane_normal,5,3200,0,0.0,,,,,,,,
971,500.0,block2_mlp_input/plane_normal,6,3200,0,0.0,,,,,,,,
971,500.0,block2_mlp_input/plane_normal,7,3200,0,0.0,,,,,,,,
971,500.0,block2_mlp_input/ideal_bivector,0,3200,3182,0.994375,79.74359965096949,76.03520707795596,148.91365138266795,55.09213070076889,0.6517913262099309,0.39094908862350725,0.15068222344976323,0.0443705367821703
971,500.0,block2_mlp_input/ideal_bivector,1,3200,3184,0.995,80.0514024190334,76.30513865677477,148.2278697664926,55.15860307505125,0.6557788944723618,0.39792713567839194,0.14516261123913501,0.041860601415307605
971,500.0,block2_mlp_input/ideal_bivector,2,3200,3184,0.995,79.47507618610122,75.4097103225188,146.98761425870208,54.95551254052224,0.6444723618090452,0.3866206030150754,0.15396342647242886,0.046511628053894805
971,500.0,block2_mlp_input/ideal_bivector,3,3200,3181,0.9940625,83.16898086551696,81.64204419992178,149.564206358276,56.132373531119136,0.680289217227287,0.43131090851933357,0.09904478064483345,0.022941712234724874
971,500.0,block2_mlp_input/ideal_bivector,4,3200,3182,0.994375,79.00595033458467,74.41951100894184,148.61708336530654,54.80930413508839,0.6354494028912634,0.38654934003771213,0.16077340047808908,0.05007713163533241
971,500.0,block2_mlp_input/ideal_bivector,5,3200,3184,0.995,79.63084613899481,74.6993424503058,147.72508373804718,55.00190637148087,0.6498115577889447,0.3910175879396985,0.15179187454402915,0.045416349998009455
971,500.0,block2_mlp_input/ideal_bivector,6,3200,3182,0.994375,77.84411281936636,74.40977570615813,148.18869577409833,54.579813723866486,0.6238214959145192,0.37052168447517286,0.17871098407154237,0.05765532421035169
971,500.0,block2_mlp_input/ideal_bivector,7,3200,3182,0.994375,79.08102614584877,74.77665189939668,147.70019311413327,54.850213219328694,0.6373350094280327,0.3893777498428661,0.15946102012996782,0.048937441229499355
971,500.0,block2_mlp_input/axial_bivector,0,3200,3182,0.994375,71.58271958738818,66.1879223874746,143.63912972978778,52.57429625806287,0.5546825895663104,0.316781898177247,0.26659316401501537,0.09883584686780507
971,500.0,block2_mlp_input/axial_bivector,1,3200,3192,0.9975,84.96315427556848,83.50229360703467,150.89442370864356,56.74441804634327,0.7030075187969925,0.4426691729323308,0.07392695298092906,0.010309740899945357
971,500.0,block2_mlp_input/axial_bivector,2,3200,3182,0.994375,72.31994536291722,67.61595276992017,144.35771703567227,52.979079659790166,0.5685103708359522,0.31835323695788814,0.2559805227867128,0.09148626536902463
971,500.0,block2_mlp_input/axial_bivector,3,3200,3192,0.9975,84.97838427480764,83.60424043947529,150.89734809334684,56.729425971634186,0.700187969924812,0.4476817042606516,0.07349341222905055,0.011094494237957952
971,500.0,block2_mlp_input/axial_bivector,4,3200,3186,0.995625,73.94113675478981,70.34281006647896,144.6079913020877,53.77728359838072,0.578782172002511,0.3396107972379159,0.23198798262891088,0.07546005103166224
971,500.0,block2_mlp_input/axial_bivector,5,3200,3190,0.996875,77.5989667325623,73.86513134653764,147.42702536200576,55.11911860764817,0.6269592476489029,0.36489028213166147,0.18246325496099744,0.04597925922619708
971,500.0,block2_mlp_input/axial_bivector,6,3200,3196,0.99875,82.28814502851189,80.38805725339034,149.6335943708308,56.14209606862171,0.6777221526908636,0.41551939924906134,0.11257664863686746,0.025826026504875754
971,500.0,block2_mlp_input/axial_bivector,7,3200,3178,0.993125,73.30687890831584,68.57429744616996,145.22843457001937,52.97094846554556,0.5783511642542479,0.33637507866582755,0.24117615896748715,0.09092361365560682
971,500.0,block2_mlp_input/point_numerator,0,3200,3198,0.999375,75.67894141840641,71.32913714036792,146.50158235189312,55.5119873294941,0.6150719199499687,0.33771106941838647,0.21250558128383165,0.03805654245628998
971,500.0,block2_mlp_input/point_numerator,1,3200,3186,0.995625,78.89784859645685,76.43992381241755,146.12125370984043,55.713076529869,0.6409290646578782,0.3810420590081607,0.16224370862993445,0.03358903866724048
971,500.0,block2_mlp_input/point_numerator,2,3200,3184,0.995,78.51204514710153,74.81312938765376,146.32357680166476,55.64119686580078,0.6385050251256281,0.3693467336683417,0.16954458511587076,0.03301652687289347
971,500.0,block2_mlp_input/point_numerator,3,3200,3190,0.996875,78.86814079085254,75.84975539577673,147.97335154432872,55.215510984239565,0.638871473354232,0.3843260188087774,0.1617435200455553,0.04156681710717356
971,500.0,block2_mlp_input/point_numerator,4,3200,3179,0.9934375,79.35651110687353,75.60850275460244,149.6602508652486,55.11511429899628,0.6366782006920415,0.3837684806542938,0.15774248147077244,0.0446197123717225
971,500.0,block2_mlp_input/point_numerator,5,3200,3186,0.995625,76.60460084489075,72.46281693854615,146.2659068536404,55.14884142395817,0.615819209039548,0.36126804770872567,0.1971146965379448,0.044298406319996514
971,500.0,block2_mlp_input/point_numerator,6,3200,3184,0.995,77.28834898921376,74.26656441128077,145.69993743183153,55.55468521882462,0.6297110552763819,0.36243718592964824,0.1863564053052011,0.03620360011391382
971,500.0,block2_mlp_input/point_numerator,7,3200,3186,0.995625,68.98654091139629,63.83221870248131,139.45836548040018,52.86574828936239,0.5364092906465788,0.28468298807281855,0.306124791321764,0.09324115062458353
971,500.0,block2_output/plane_normal,0,3200,3190,0.996875,83.60627331740638,81.69852845266385,151.15999699162234,56.28239638152575,0.6915360501567398,0.42915360501567396,0.09326338290181072,0.020956623967234866
971,500.0,block2_output/plane_normal,1,3200,3176,0.9925,76.43713083722419,72.91965717444518,148.1381848628773,54.545501531569066,0.6070528967254408,0.36272040302267,0.19792253215523722,0.05926173459898797
971,500.0,block2_output/plane_normal,2,3200,3188,0.99625,76.83426688951157,72.79108526308974,146.87139875850002,54.60434590827146,0.6066499372647428,0.366060225846926,0.19305705065934345,0.05688331339465331
971,500.0,block2_output/plane_normal,3,3200,3184,0.995,80.23095588530063,76.0919570816497,148.90180365920108,55.196171513381124,0.652324120603015,0.39321608040201006,0.14356699249182134,0.04231468168445634
971,500.0,block2_output/plane_normal,4,3200,3184,0.995,78.85947569982028,75.08842348931185,148.40791556168998,54.90372218566716,0.6328517587939698,0.38724874371859297,0.16278487354350785,0.04843105660857569
971,500.0,block2_output/plane_normal,5,3200,3188,0.99625,77.81939928271886,73.67048410119051,147.76021613608245,54.799159398356984,0.6191969887076537,0.37296110414052697,0.17896373659156353,0.05146323899996031
971,500.0,block2_output/plane_normal,6,3200,3180,0.99375,79.92873960433275,75.51731812811846,147.53414879503293,55.13263852846733,0.650314465408805,0.3908805031446541,0.1472678633188821,0.04314191782294472
971,500.0,block2_output/plane_normal,7,3200,3186,0.995625,78.61253467621198,74.72167513999415,147.2966563113262,55.050164018419466,0.6365348399246704,0.3813559322033898,0.1665161417418755,0.046683308386669654
971,500.0,block2_output/ideal_bivector,0,3200,3184,0.995,79.58207855694154,75.74684165264543,147.71594984259264,55.058241195938194,0.6491834170854272,0.38756281407035176,0.1528667471275773,0.04487028587409958
971,500.0,block2_output/ideal_bivector,1,3200,3182,0.994375,80.0557809131086,76.2404366524402,147.96276329243304,55.16576449981765,0.6546197360150848,0.3988057825267128,0.14501217021673682,0.041777627073462796
971,500.0,block2_output/ideal_bivector,2,3200,3186,0.995625,79.51328501732523,75.43744758246129,147.19780648529894,54.976406470364765,0.6443816698053986,0.386691776522285,0.15338796691067214,0.046090849135167616
971,500.0,block2_output/ideal_bivector,3,3200,3185,0.9953125,83.34849317768422,81.69726450745812,149.46032816215939,56.141482504514435,0.6838304552590266,0.43328100470957615,0.09644503058728707,0.022718035788651374
971,500.0,block2_output/ideal_bivector,4,3200,3182,0.994375,78.95639305218707,74.49415071484165,148.595763192688,54.83074696881741,0.6351351351351351,0.3868636077938403,0.1615434977060556,0.049716814966351316
971,500.0,block2_output/ideal_bivector,5,3200,3184,0.995,79.5639700464993,74.88138186365767,147.78803116189766,54.97235012465673,0.6488693467336684,0.3907035175879397,0.15269225219362023,0.04614176926871307
971,500.0,block2_output/ideal_bivector,6,3200,3184,0.995,78.00750267983292,75.16508132606972,149.21613567165883,54.576851758374275,0.6243718592964824,0.3753140703517588,0.17544952347910744,0.05844439907940289
971,500.0,block2_output/ideal_bivector,7,3200,3180,0.99375,79.06727755511683,74.81761206485183,147.93985950855395,54.84529329739411,0.6364779874213836,0.389622641509434,0.1596833894722055,0.049023232140579805
971,500.0,block2_output/axial_bivector,0,3200,3180,0.99375,72.38188361099978,67.33813665491905,145.2045441400525,52.823732027291406,0.5613207547169812,0.32484276729559747,0.25538931137078685,0.0941968017032055
971,500.0,block2_output/axial_bivector,1,3200,3188,0.99625,84.75429490790074,83.84002919288454,150.54517369845843,56.778235336072576,0.7001254705144291,0.4454203262233375,0.07650155923204405,0.010390394796992523
971,500.0,block2_output/axial_bivector,2,3200,3184,0.995,71.98698029449379,67.28596797735973,143.53323474905298,52.67602968948057,0.5618718592964824,0.31972361809045224,0.25973639502753354,0.09593792990961442
971,500.0,block2_output/axial_bivector,3,3200,3194,0.998125,84.93872419463544,83.79850169110962,151.0954699226413,56.66517832837504,0.7000626174076393,0.445835942391985,0.07402979034291579,0.012193208796994265
971,500.0,block2_output/axial_bivector,4,3200,3184,0.995,74.65968572381425,71.08937194437229,146.34487049540124,53.97049739561637,0.5863693467336684,0.3489321608040201,0.22175938363236128,0.07144156580946452
971,500.0,block2_output/axial_bivector,5,3200,3190,0.996875,78.24078138957613,74.3605486304854,147.29771877014167,55.46643284718799,0.6338557993730407,0.3705329153605016,0.1730442530089307,0.03893326466755684
971,500.0,block2_output/axial_bivector,6,3200,3192,0.9975,82.79427070089976,80.97916771910914,150.47876127012495,56.21806483174418,0.681077694235589,0.41885964912280704,0.10519378498546232,0.024460284658379287
971,500.0,block2_output/axial_bivector,7,3200,3180,0.99375,73.73005291611334,69.6284191827823,145.6398492260604,53.052892539707614,0.5773584905660377,0.33647798742138363,0.2351529367918808,0.0895505341312375
971,500.0,block2_output/point_numerator,0,3200,3198,0.999375,75.68578524883917,71.3843777454808,146.43708369287538,55.51482309599673,0.6153846153846154,0.3383364602876798,0.21241036992701437,0.037991629999425944
971,500.0,block2_output/point_numerator,1,3200,3186,0.995625,78.90032147535695,76.38924365835061,146.24969090122175,55.712404458328535,0.6409290646578782,0.3810420590081607,0.16222800199938367,0.03356483069950964
971,500.0,block2_output/point_numerator,2,3200,3184,0.995,78.51306975668675,74.75204775161042,146.27345042815463,55.64009018514838,0.6378768844221105,0.3696608040201005,0.16958074106247958,0.03306061485477284
971,500.0,block2_output/point_numerator,3,3200,3190,0.996875,78.87024088362519,75.89082314090302,147.98245144665773,55.2150433023973,0.638871473354232,0.3843260188087774,0.1617116755779517,0.04157086978223378
971,500.0,block2_output/point_numerator,4,3200,3179,0.9934375,79.35534408632539,75.56083424301016,149.57750107319384,55.12004923320548,0.6360490720352312,0.3843976093111041,0.15775658222146252,0.0445255707819321
971,500.0,block2_output/point_numerator,5,3200,3186,0.995625,76.60293758917709,72.5000631549344,146.2091776498308,55.14742691225026,0.6155053358443189,0.36126804770872567,0.1971337965733891,0.04426484740327709
971,500.0,block2_output/point_numerator,6,3200,3184,0.995,77.28485692546607,74.26656715856676,145.6238989079375,55.555242947492374,0.6297110552763819,0.36180904522613067,0.18640103165069147,0.036206683235216613
971,500.0,block2_output/point_numerator,7,3200,3186,0.995625,68.94129118080747,63.84338746371056,139.10685182377438,52.84801454803452,0.5364092906465788,0.2853107344632768,0.30673088149900574,0.09359029002376822
1000,510.0,block1/plane_normal,0,3200,0,0.0,,,,,,,,
1000,510.0,block1/plane_normal,1,3200,0,0.0,,,,,,,,
1000,510.0,block1/plane_normal,2,3200,0,0.0,,,,,,,,
1000,510.0,block1/plane_normal,3,3200,0,0.0,,,,,,,,
1000,510.0,block1/plane_normal,4,3200,0,0.0,,,,,,,,
1000,510.0,block1/plane_normal,5,3200,0,0.0,,,,,,,,
1000,510.0,block1/plane_normal,6,3200,0,0.0,,,,,,,,
1000,510.0,block1/plane_normal,7,3200,0,0.0,,,,,,,,
1000,510.0,block1/ideal_bivector,0,3200,3184,0.995,74.52533199919894,69.64826334777737,147.78528634241516,53.54531083906559,0.5939070351758794,0.33668341708542715,0.22606526060528542,0.08090224603661261
1000,510.0,block1/ideal_bivector,1,3200,3182,0.994375,74.96607144398325,70.6778686287921,147.436226648166,53.79005963187045,0.6005656819610308,0.33658076681332494,0.21969490847069095,0.07507779433760191
1000,510.0,block1/ideal_bivector,2,3200,3184,0.995,74.60829967106552,69.87841781244589,147.825221368325,53.600007362968654,0.5939070351758794,0.3376256281407035,0.22487491320314287,0.07968456396125226
1000,510.0,block1/ideal_bivector,3,3200,3186,0.995625,83.74954605929958,81.87943223586338,150.05998557348963,57.00250894432117,0.6939736346516008,0.4243565599497803,0.09311573057155655,0.00845547121900696
1000,510.0,block1/ideal_bivector,4,3200,3184,0.995,74.50909594199683,69.7447377456071,148.09298490470724,53.566659517877326,0.5932788944723618,0.33636934673366836,0.22637239626824782,0.08056247517808066
1000,510.0,block1/ideal_bivector,5,3200,3180,0.99375,74.71122351811172,70.09657559177377,147.38188469563823,53.672954949329615,0.5943396226415094,0.33459119496855344,0.22357084001681798,0.07804621619052073
1000,510.0,block1/ideal_bivector,6,3200,3194,0.998125,72.52354303290718,68.63458145912848,144.98630184005884,52.47123003863453,0.5729492798998121,0.3318722604884158,0.25025156376006485,0.10183556580433879
1000,510.0,block1/ideal_bivector,7,3200,3188,0.99625,74.3023413204354,69.49940934817792,148.17085371728595,53.5030393287924,0.5903387703889585,0.3368883312421581,0.22933923797185374,0.08223428422073674
1000,510.0,block1/axial_bivector,0,3200,3192,0.9975,70.06763589176681,65.07598305020792,143.85067731032336,51.55717041726011,0.5426065162907269,0.3051378446115288,0.2857436572848067,0.12170559786184308
1000,510.0,block1/axial_bivector,1,3200,3190,0.996875,83.50931151916627,81.9114278226379,149.90013077518515,56.98033582419702,0.6915360501567398,0.42539184952978054,0.09633466097041336,0.007470968681429152
1000,510.0,block1/axial_bivector,2,3200,3196,0.99875,70.0502743266974,64.93639064973266,143.99591196167913,51.563204396800295,0.5403629536921152,0.3091364205256571,0.28548106904732934,0.12183459265995698
1000,510.0,block1/axial_bivector,3,3200,3186,0.995625,83.9503526119033,82.50223010324605,149.75680408356047,57.02431613660832,0.6930320150659134,0.43283113622096675,0.0903247691187742,0.0066383497247852145
1000,510.0,block1/axial_bivector,4,3200,3186,0.995625,70.65107926422236,66.06041891147994,143.66655167126862,51.983113426257916,0.5524168236032643,0.3110483364720653,0.2775640790185895,0.11241140248148453
1000,510.0,block1/axial_bivector,5,3200,3200,1.0,74.32937139441003,70.25727795916191,145.57752950814694,53.80892463646695,0.590625,0.341875,0.22736332564624626,0.0736294460109417
1000,510.0,block1/axial_bivector,6,3200,3194,0.998125,78.68305780857523,75.15943275424658,147.95004022909185,55.30529833459584,0.6333750782717595,0.3797745773324984,0.16682003374897836,0.04134316286824567
1000,510.0,block1/axial_bivector,7,3200,3196,0.99875,70.3543753772865,65.51816469048174,144.82278645477487,51.57540854662269,0.5425531914893617,0.3122653316645807,0.28092294185754185,0.12174250470174476
1000,510.0,block1/point_numerator,0,3200,3196,0.99875,72.0671238438437,67.26712353357584,145.4370687919472,52.484353684640055,0.567584480600751,0.31789737171464333,0.2584619651007125,0.10229647246065353
1000,510.0,block1/point_numerator,1,3200,3188,0.99625,75.67073723002473,71.50680143410742,146.694956272827,54.134991592655616,0.6072772898368883,0.3456712672521957,0.20926905968759218,0.06739372402807124
1000,510.0,block1/point_numerator,2,3200,3196,0.99875,81.0844380281597,78.74544254095028,148.77469452112183,56.903498255434556,0.6733416770963705,0.3933041301627034,0.1330740489249479,0.009816193575243227
1000,510.0,block1/point_numerator,3,3200,3186,0.995625,74.04515691875866,69.52271903015763,148.5412989608064,53.366013308751356,0.5869428750784683,0.33364720652856245,0.2329539112739801,0.08495641895763846
1000,510.0,block1/point_numerator,4,3200,3188,0.99625,74.06467129938852,69.39940423613305,148.16908571089274,53.40699341037383,0.588456712672522,0.33406524466750315,0.23291554677247103,0.08426109160949981
1000,510.0,block1/point_numerator,5,3200,3194,0.998125,70.18803329269659,64.38892331777365,144.4135787156842,51.682502824475,0.5385097056981841,0.2971195992485911,0.28589723018481233,0.11890653177817799
1000,510.0,block1/point_numerator,6,3200,3184,0.995,76.2546010249422,72.46234549357214,146.60510153655736,54.548977527242236,0.6077261306532663,0.3498743718592965,0.20114527532742807,0.05930324695354378
1000,510.0,block1/point_numerator,7,3200,3196,0.99875,69.87029047935843,64.9232226462234,144.58756464716433,51.5101222882793,0.5391113892365457,0.302252816020025,0.2887121216488934,0.12311240370947597
1000,510.0,block2_mlp_input/plane_normal,0,3200,0,0.0,,,,,,,,
1000,510.0,block2_mlp_input/plane_normal,1,3200,0,0.0,,,,,,,,
1000,510.0,block2_mlp_input/plane_normal,2,3200,0,0.0,,,,,,,,
1000,510.0,block2_mlp_input/plane_normal,3,3200,0,0.0,,,,,,,,
1000,510.0,block2_mlp_input/plane_normal,4,3200,0,0.0,,,,,,,,
1000,510.0,block2_mlp_input/plane_normal,5,3200,0,0.0,,,,,,,,
1000,510.0,block2_mlp_input/plane_normal,6,3200,0,0.0,,,,,,,,
1000,510.0,block2_mlp_input/plane_normal,7,3200,0,0.0,,,,,,,,
1000,510.0,block2_mlp_input/ideal_bivector,0,3200,3186,0.995625,75.58944712852015,71.75551670363161,148.08765233406834,53.86442103011392,0.6038920276208412,0.34588826114249843,0.21081409877638022,0.07224974519407483
1000,510.0,block2_mlp_input/ideal_bivector,1,3200,3186,0.995625,75.53314027972797,71.02892044958837,147.38286960854296,54.01360794006058,0.6067168863779033,0.3418079096045198,0.21131227744173678,0.07020621811295338
1000,510.0,block2_mlp_input/ideal_bivector,2,3200,3190,0.996875,75.1948003985537,71.0267025757248,149.38722240997163,53.72118621700935,0.5993730407523511,0.3432601880877743,0.21648823306152074,0.07606441772110255
1000,510.0,block2_mlp_input/ideal_bivector,3,3200,3184,0.995,80.95897739650353,78.28899726547236,151.48939864281428,56.524939690522054,0.6777638190954773,0.3903894472361809,0.13495544127110903,0.016262518686764024
1000,510.0,block2_mlp_input/ideal_bivector,4,3200,3192,0.9975,73.61638308005466,68.82956487309151,147.76228349347508,53.21988985250131,0.581140350877193,0.324874686716792,0.23881965698306037,0.08725659325737455
1000,510.0,block2_mlp_input/ideal_bivector,5,3200,3184,0.995,75.24358653016706,71.03027874468522,148.00232292520442,53.833380250563486,0.6017587939698492,0.3432788944723618,0.21585541162430252,0.0738263040036292
1000,510.0,block2_mlp_input/ideal_bivector,6,3200,3182,0.994375,70.83969999533713,66.61312367460052,142.3700391945716,52.37001106083087,0.5515399120050283,0.32181018227529856,0.2730288472132223,0.10512563414734782
1000,510.0,block2_mlp_input/ideal_bivector,7,3200,3186,0.995625,74.20373244001195,69.71726566306904,147.87808419914765,53.46457195799815,0.5900816070307596,0.33584431889516636,0.2306901417224377,0.08302461122971928
1000,510.0,block2_mlp_input/axial_bivector,0,3200,3194,0.998125,70.37821785924174,65.24338160317018,144.68813461733706,51.47366253460707,0.5447714464621165,0.3090169067000626,0.2812924863532577,0.12392477062649447
1000,510.0,block2_mlp_input/axial_bivector,1,3200,3188,0.99625,83.48018460923888,82.05401058143991,150.30238804086636,57.06365589711551,0.694792973651192,0.42785445420326224,0.09670378246994114,0.006116770487014388
1000,510.0,block2_mlp_input/axial_bivector,2,3200,3192,0.9975,70.44901614973506,65.47063098755487,144.59989799099475,51.561229750544065,0.5494987468671679,0.31234335839599,0.2791411805135614,0.12238873767393338
1000,510.0,block2_mlp_input/axial_bivector,3,3200,3186,0.995625,83.68942166957704,82.48440809063072,149.8269131026977,57.081373164598524,0.6933458882611425,0.4315756434400502,0.09381139480851845,0.006271700416487782
1000,510.0,block2_mlp_input/axial_bivector,4,3200,3186,0.995625,70.10099242816047,65.18271577161885,143.4505343303318,51.74558252242841,0.5445699937225361,0.3088512241054614,0.28525383864461723,0.11716512124964543
1000,510.0,block2_mlp_input/axial_bivector,5,3200,3200,1.0,74.60037642647329,70.52189146860383,145.39716221299906,53.927580014991875,0.5909375,0.3421875,0.22371464560236518,0.0708298898185733
1000,510.0,block2_mlp_input/axial_bivector,6,3200,3192,0.9975,78.44038175391691,75.1630563132447,147.97735097453125,55.239245782016255,0.6290726817042607,0.3793859649122807,0.1699769496784127,0.04297401836945853
1000,510.0,block2_mlp_input/axial_bivector,7,3200,3192,0.9975,70.1478387983029,65.12134106276972,145.19950257269883,51.621862972898256,0.5426065162907269,0.31203007518796994,0.28404929288866887,0.12032174482128957
1000,510.0,block2_mlp_input/point_numerator,0,3200,3188,0.99625,70.35733609650686,64.82682661286056,140.7569882658988,52.435159539606836,0.5461104140526977,0.3008155583437892,0.28309512599282316,0.10203727705093485
1000,510.0,block2_mlp_input/point_numerator,1,3200,3186,0.995625,77.30171755485777,72.93804516182584,148.5237721132818,54.21586790274867,0.6148775894538606,0.36880100439422475,0.1856463682036723,0.06452501599199598
1000,510.0,block2_mlp_input/point_numerator,2,3200,3186,0.995625,77.38135302587929,73.86788691244156,148.77482843782252,55.2048981990157,0.6242937853107344,0.36189579409918393,0.1866955531797611,0.04445935585484129
1000,510.0,block2_mlp_input/point_numerator,3,3200,3196,0.99875,73.92074213139824,69.2139342960245,145.18517924852256,53.49686347724081,0.5785356695869838,0.3376095118898623,0.23414113497462605,0.080729836734227
1000,510.0,block2_mlp_input/point_numerator,4,3200,3194,0.998125,75.40606868480275,71.63154118555474,146.35430558608704,54.18142978380526,0.604257983719474,0.3490920475892298,0.21322513844858385,0.06625777535461073
1000,510.0,block2_mlp_input/point_numerator,5,3200,3194,0.998125,72.13971694100759,68.28760012037297,143.06053969738946,53.79020995184145,0.5670006261740764,0.315278647463995,0.26095375205735666,0.07438194864977575
1000,510.0,block2_mlp_input/point_numerator,6,3200,3194,0.998125,73.19834045339734,68.19722986060461,143.39565167166725,53.73948616623483,0.5810895428929242,0.3224796493425172,0.24513327685799544,0.07266298482317911
1000,510.0,block2_mlp_input/point_numerator,7,3200,3192,0.9975,68.40779347459079,63.40304501550576,139.8625392362588,52.810462823869415,0.5322681704260651,0.27788220551378445,0.31595505602376406,0.09400509227819812
1000,510.0,block2_output/plane_normal,0,3200,3196,0.99875,81.41968287731342,78.65082886379452,149.4277885282648,56.07623243977933,0.6698998748435544,0.39893617021276595,0.12703106282011623,0.02492212527658108
1000,510.0,block2_output/plane_normal,1,3200,3192,0.9975,71.49540644926576,66.69446196889604,145.06410724308927,52.392128998401645,0.5607769423558897,0.31610275689223055,0.2660890730419854,0.10439881037763193
1000,510.0,block2_output/plane_normal,2,3200,3194,0.998125,72.22208064133659,67.65529987052997,146.40905709689895,52.53700944418964,0.5685660613650595,0.31778334376956796,0.25641625222551134,0.10076906815469629
1000,510.0,block2_output/plane_normal,3,3200,3192,0.9975,75.81182998854877,71.7840418239993,147.9881865404543,54.018399820260086,0.606203007518797,0.35275689223057644,0.20749236354773398,0.06936627784690877
1000,510.0,block2_output/plane_normal,4,3200,3188,0.99625,73.8902117498706,69.21362884594268,148.03234159799092,53.31337781896118,0.5868883312421581,0.33281053952321205,0.23470325059485123,0.0857724349514059
1000,510.0,block2_output/plane_normal,5,3200,3190,0.996875,72.61105230626345,68.05708914970451,147.59704523721908,52.77810617988454,0.5761755485893417,0.3247648902821317,0.25152308329688994,0.09576977047180114
1000,510.0,block2_output/plane_normal,6,3200,3194,0.998125,75.48705595995239,71.3705239774028,147.45657761990262,53.890100283999196,0.6039448966812774,0.34502191609267374,0.2120929062403711,0.0722089611649976
1000,510.0,block2_output/plane_normal,7,3200,3186,0.995625,74.45761400865817,69.99486210156766,148.3216073118973,53.38540779153312,0.5925925925925926,0.34243565599497805,0.22591531466680545,0.08330388734351014
1000,510.0,block2_output/ideal_bivector,0,3200,3188,0.99625,75.49055479430058,71.47338782433656,148.4084533819076,53.80198251368922,0.6022584692597239,0.3462986198243413,0.21229513342545975,0.07394336749032412
1000,510.0,block2_output/ideal_bivector,1,3200,3188,0.99625,75.54410975546283,71.13595640211754,146.97524710950717,54.040140815570524,0.6079046424090339,0.34065244667503136,0.2111175209512351,0.06965617023687559
1000,510.0,block2_output/ideal_bivector,2,3200,3190,0.996875,75.20373887186676,70.99585695731311,149.31529046712777,53.72252325459608,0.6009404388714733,0.3448275862068966,0.21633768442828025,0.07601560649298307
1000,510.0,block2_output/ideal_bivector,3,3200,3184,0.995,81.09880071542742,78.25670919505602,151.39720079135756,56.52981704235798,0.6777638190954773,0.39541457286432163,0.1327478843818289,0.0160865117457078
1000,510.0,block2_output/ideal_bivector,4,3200,3192,0.9975,73.60420490949315,68.79085774416075,147.5321570931046,53.24062816941477,0.581453634085213,0.324874686716792,0.23904552913771757,0.08696428439717664
1000,510.0,block2_output/ideal_bivector,5,3200,3182,0.994375,75.08938430435667,70.77802643518369,148.06127534557262,53.78935282368705,0.6015084852294155,0.34129478315524825,0.21814123894922194,0.07500076420760117
1000,510.0,block2_output/ideal_bivector,6,3200,3180,0.99375,70.71107688235925,66.66251324171547,144.19308984591035,52.2421008262963,0.54937106918239,0.32169811320754715,0.274601984756261,0.10847532699600472
1000,510.0,block2_output/ideal_bivector,7,3200,3188,0.99625,74.13192832080318,69.45412684725434,147.85194823328393,53.42543109050675,0.5900250941028858,0.3331242158092848,0.2316668960556721,0.0837545395592416
1000,510.0,block2_output/axial_bivector,0,3200,3194,0.998125,70.57823396380121,65.67035835899102,145.3536559759648,51.472978666361115,0.5538509705698184,0.3115216030056356,0.2770065262613268,0.12303720426735058
1000,510.0,block2_output/axial_bivector,1,3200,3190,0.996875,83.17314017439209,81.65913992606272,150.66022126564243,57.170289131373345,0.6921630094043887,0.42288401253918495,0.10115031246370933,0.003902754406380207
1000,510.0,block2_output/axial_bivector,2,3200,3196,0.99875,69.92071482878734,64.44041889241821,143.65491252734358,51.57466057433534,0.541927409261577,0.30663329161451813,0.28719857965799706,0.12127030524583589
1000,510.0,block2_output/axial_bivector,3,3200,3190,0.996875,83.82171349682328,82.34107963760167,150.21921843599117,57.071972793711865,0.6924764890282131,0.43134796238244516,0.09215715504567751,0.00637635289702863
1000,510.0,block2_output/axial_bivector,4,3200,3182,0.994375,70.0787763124512,65.20746752455634,144.0923564015513,51.79304629289949,0.5433689503456945,0.3079824010056568,0.2856631864205866,0.11630707007477627
1000,510.0,block2_output/axial_bivector,5,3200,3194,0.998125,75.10188954996748,70.83788437837262,145.61658326397188,54.08577816122246,0.5967438948027551,0.3487789605510332,0.21663454868385362,0.06681349859913543
1000,510.0,block2_output/axial_bivector,6,3200,3194,0.998125,79.29440608770626,75.78764266781695,148.71817973031358,55.42822038169843,0.6430807764558547,0.3822792736380714,0.15849215073906803,0.038325781530338165
1000,510.0,block2_output/axial_bivector,7,3200,3200,1.0,70.22011497799163,65.49432626583487,145.1338305287748,51.57879074202886,0.545625,0.3096875,0.28227867212237245,0.12022847499778301
1000,510.0,block2_output/point_numerator,0,3200,3188,0.99625,70.3676605612852,64.83656541830885,140.7630284853315,52.44089459788416,0.545483061480552,0.30112923462986196,0.2829416971484648,0.10190708605067832
1000,510.0,block2_output/point_numerator,1,3200,3186,0.995625,77.30009360934028,72.99734537985961,148.52828470013955,54.21007179320729,0.6151914626490897,0.3691148775894539,0.18566884864007543,0.06461517670253061
1000,510.0,block2_output/point_numerator,2,3200,3186,0.995625,77.37880289869955,73.81606049665103,148.86900300965704,55.20193116673251,0.6242937853107344,0.36315128688010045,0.18670733588189917,0.044546909785914635
1000,510.0,block2_output/point_numerator,3,3200,3196,0.99875,73.92187953268379,69.19360108599597,145.2026848654282,53.496957859853424,0.5791614518147684,0.33729662077596995,0.23412335869822892,0.08072278236258403
1000,510.0,block2_output/point_numerator,4,3200,3194,0.998125,75.40573599020023,71.62340820941705,146.24163132398627,54.18016599905688,0.6030056355666875,0.3484658735128366,0.213221987942986,0.06630701822673624
1000,510.0,block2_output/point_numerator,5,3200,3194,0.998125,72.13927115311519,68.26993506974539,142.98560023792496,53.78419421214323,0.567313713212273,0.31621790857858484,0.2609532208498466,0.07445723563403746
1000,510.0,block2_output/point_numerator,6,3200,3194,0.998125,73.1909253181178,68.14980305540652,143.47763764673897,53.73741713968779,0.5814026299311209,0.3224796493425172,0.2452438467863255,0.07272285811179077
1000,510.0,block2_output/point_numerator,7,3200,3192,0.9975,68.4018094294202,63.26530025271063,139.70865523899943,52.808804146233065,0.5325814536340853,0.2775689223057644,0.3160626147792993,0.09404922710344502
1001,510.0,block1/plane_normal,0,3200,0,0.0,,,,,,,,
1001,510.0,block1/plane_normal,1,3200,0,0.0,,,,,,,,
1001,510.0,block1/plane_normal,2,3200,0,0.0,,,,,,,,
1001,510.0,block1/plane_normal,3,3200,0,0.0,,,,,,,,
1001,510.0,block1/plane_normal,4,3200,0,0.0,,,,,,,,
1001,510.0,block1/plane_normal,5,3200,0,0.0,,,,,,,,
1001,510.0,block1/plane_normal,6,3200,0,0.0,,,,,,,,
1001,510.0,block1/plane_normal,7,3200,0,0.0,,,,,,,,
1001,510.0,block1/ideal_bivector,0,3200,3186,0.995625,81.0835797309179,78.83982708699855,150.83633608941994,55.368694306234275,0.6547394852479598,0.4052102950408035,0.13149496851781337,0.04121299811594906
1001,510.0,block1/ideal_bivector,1,3200,3186,0.995625,81.2490342999492,78.96993215932946,150.16994698868746,55.49569204742202,0.6569365976145637,0.4067796610169492,0.1286267349912354,0.03893714572362885
1001,510.0,block1/ideal_bivector,2,3200,3184,0.995,81.09693015726876,78.78294139574658,150.3459583732614,55.38431774717753,0.6532663316582915,0.4064070351758794,0.13115921868560398,0.041090421966757856
1001,510.0,block1/ideal_bivector,3,3200,3194,0.998125,85.85460124958959,85.3789412139401,152.93152170570735,56.316173880959866,0.701941139636819,0.46149029430181593,0.060805264792150746,0.020887220640075522
1001,510.0,block1/ideal_bivector,4,3200,3186,0.995625,80.98473264391643,78.85708509045685,150.49797738546766,55.37930118223184,0.652542372881356,0.40458254865034526,0.13276125943249004,0.04132164890424165
1001,510.0,block1/ideal_bivector,5,3200,3184,0.995,81.01229511512096,78.66133267427884,150.07840097604202,55.43715193944494,0.6542085427135679,0.4045226130653266,0.13215125433788766,0.04020097814264721
1001,510.0,block1/ideal_bivector,6,3200,3178,0.993125,83.32553356450657,81.34286308720951,150.42898830018328,56.478157053924676,0.6891126494650723,0.42731277533039647,0.09925891802183079,0.018841686662847353
1001,510.0,block1/ideal_bivector,7,3200,3182,0.994375,80.81495240030686,78.55650475247614,150.36582760631518,55.315458107105954,0.6514770584538027,0.399120050282841,0.1353047130968614,0.04224494896592954
1001,510.0,block1/axial_bivector,0,3200,3188,0.99625,77.60462295386522,73.8773864724344,147.82780018061874,55.2725092313314,0.6217063989962359,0.3666875784190715,0.18326200085232297,0.04347916291069332
1001,510.0,block1/axial_bivector,1,3200,3180,0.99375,85.10929369836535,83.91302261279647,153.28614107453166,56.13033866951954,0.7037735849056603,0.44842767295597485,0.07112460451496491,0.024552611871315726
1001,510.0,block1/axial_bivector,2,3200,3178,0.993125,77.67395498864158,74.53148141145851,147.6413249886308,55.29301077554428,0.6249213341724354,0.368470736312146,0.18165961061101787,0.04277735967558711
1001,510.0,block1/axial_bivector,3,3200,3190,0.996875,85.38465079211471,84.62771350567326,153.80995350179975,56.21411743069693,0.7047021943573668,0.45768025078369906,0.06711433326181022,0.02296722788399935
1001,510.0,block1/axial_bivector,4,3200,3180,0.99375,78.09225908301411,74.96585723493536,148.83134573745812,54.58255531775201,0.6320754716981132,0.37610062893081764,0.17253214395764904,0.05766902304930132
1001,510.0,block1/axial_bivector,5,3200,3200,1.0,83.02930109853436,81.49667181850862,151.3726701560311,55.9687364212667,0.6740625,0.4278125,0.10271663763085502,0.0288330781457626
1001,510.0,block1/axial_bivector,6,3200,3192,0.9975,85.72338390722817,84.55246043312357,152.4353434189637,56.17845823133866,0.7014411027568922,0.4533208020050125,0.06285334124878737,0.023823075115917393
1001,510.0,block1/axial_bivector,7,3200,3184,0.995,78.78582804901349,75.15206776527268,148.62014114451958,55.63001280773355,0.6344221105527639,0.3793969849246231,0.16637832892520785,0.03502045993443836
1001,510.0,block1/point_numerator,0,3200,3188,0.99625,78.71027645054252,75.79852228293868,148.21160551559794,54.73060666234482,0.6377038895859473,0.38017565872020076,0.16409753777932132,0.0551948605183762
1001,510.0,block1/point_numerator,1,3200,3178,0.993125,81.89071470088103,79.51734321600858,149.45522862343475,55.48300305024772,0.6629955947136564,0.41409691629955947,0.1190098316372052,0.03809393746083362
1001,510.0,block1/point_numerator,2,3200,3186,0.995625,84.45045428740436,82.47963124503984,153.23795248273385,55.79681557709279,0.6924042686754551,0.43628374136848713,0.0817549978063658,0.03010817086617858
1001,510.0,block1/point_numerator,3,3200,3184,0.995,80.65329006966064,77.782723021445,150.7951381592062,55.18517533722194,0.6491834170854272,0.39792713567839194,0.1376413360924137,0.044353335303843056
1001,510.0,block1/point_numerator,4,3200,3184,0.995,80.47599886044314,77.69161600475232,150.46756625395878,55.22528306787171,0.647927135678392,0.39541457286432163,0.14003713789731026,0.043629367971766746
1001,510.0,block1/point_numerator,5,3200,3188,0.99625,75.63877820318778,71.64252201584176,145.48668137733995,55.06581477415603,0.6097867001254705,0.34598494353826853,0.21151513526824595,0.0468336073768786
1001,510.0,block1/point_numerator,6,3200,3182,0.994375,81.98334679859914,79.54543604405887,149.97915515476546,55.55814632975368,0.6665619107479572,0.41483343808925205,0.11751573210346374,0.036149753619478114
1001,510.0,block1/point_numerator,7,3200,3190,0.996875,76.79279634978434,72.95410912749058,146.55855423844355,54.991994371565426,0.6128526645768025,0.35893416927899685,0.19433076251236606,0.04883315767396316
1001,510.0,block2_mlp_input/plane_normal,0,3200,0,0.0,,,,,,,,
1001,510.0,block2_mlp_input/plane_normal,1,3200,0,0.0,,,,,,,,
1001,510.0,block2_mlp_input/plane_normal,2,3200,0,0.0,,,,,,,,
1001,510.0,block2_mlp_input/plane_normal,3,3200,0,0.0,,,,,,,,
1001,510.0,block2_mlp_input/plane_normal,4,3200,0,0.0,,,,,,,,
1001,510.0,block2_mlp_input/plane_normal,5,3200,0,0.0,,,,,,,,
1001,510.0,block2_mlp_input/plane_normal,6,3200,0,0.0,,,,,,,,
1001,510.0,block2_mlp_input/plane_normal,7,3200,0,0.0,,,,,,,,
1001,510.0,block2_mlp_input/ideal_bivector,0,3200,3192,0.9975,81.65148057067157,79.17051519723424,151.30167564131548,55.609558099399415,0.6641604010025063,0.41102756892230574,0.12374075446910651,0.036384646681388716
1001,510.0,block2_mlp_input/ideal_bivector,1,3200,3182,0.994375,81.79090388378997,79.99665186019794,150.3975128802386,55.547470119040526,0.6643620364550598,0.41011942174732874,0.1208092231883032,0.037246871217271806
1001,510.0,block2_mlp_input/ideal_bivector,2,3200,3190,0.996875,81.33903102905155,79.02085388617499,151.2774255060857,55.47295263291371,0.6608150470219436,0.40564263322884014,0.12813687122132952,0.03911781859876277
1001,510.0,block2_mlp_input/ideal_bivector,3,3200,3190,0.996875,83.79261931792482,81.7998022943357,150.5043391068481,56.49683117322505,0.6887147335423197,0.42852664576802507,0.09088820972935296,0.015585043795516146
1001,510.0,block2_mlp_input/ideal_bivector,4,3200,3188,0.99625,80.34158562474254,78.01605294206301,149.08241643880717,55.31846591308253,0.6442910915934755,0.39993726474278546,0.1416407257240617,0.04185379934244546
1001,510.0,block2_mlp_input/ideal_bivector,5,3200,3186,0.995625,81.36653151396155,79.12307028789667,150.49644194868193,55.544341455410745,0.6594475831763967,0.4096045197740113,0.12696988825605185,0.03777336394921935
1001,510.0,block2_mlp_input/ideal_bivector,6,3200,3184,0.995,80.67983278073102,78.66779079309536,149.5898770783758,55.790752870237014,0.6604899497487438,0.4023241206030151,0.13654504253191665,0.03493932222109598
1001,510.0,block2_mlp_input/ideal_bivector,7,3200,3186,0.995625,80.77307368012244,78.74147593906737,150.51733773343844,55.339475504049375,0.6500313873195229,0.4011299435028249,0.13587744175149885,0.042066324875411856
1001,510.0,block2_mlp_input/axial_bivector,0,3200,3188,0.99625,77.45398896852039,73.6301450033215,147.7500248176503,55.18374194120255,0.6239021329987453,0.3635508155583438,0.18526021942082915,0.045281683643776174
1001,510.0,block2_mlp_input/axial_bivector,1,3200,3186,0.995625,85.17576147143016,83.96780858010322,153.37842516919108,56.11357716349395,0.7046453232893911,0.450721908349027,0.07006834614970522,0.025039749359624868
1001,510.0,block2_mlp_input/axial_bivector,2,3200,3182,0.994375,77.47193771593707,74.60905262403494,146.4892114334508,55.05848842614448,0.6197360150848523,0.37335009428032684,0.1834602195413005,0.0485286679035442
1001,510.0,block2_mlp_input/axial_bivector,3,3200,3192,0.9975,85.3426880086255,84.31552221518693,153.44652360571462,56.168495040458794,0.7042606516290727,0.45363408521303256,0.06755528967443096,0.023751791494258805
1001,510.0,block2_mlp_input/axial_bivector,4,3200,3170,0.990625,77.74327296982291,74.8578745066113,148.38221601131505,54.6461559406021,0.6236593059936909,0.3779179810725552,0.17807622457544614,0.05591953516920814
1001,510.0,block2_mlp_input/axial_bivector,5,3200,3200,1.0,83.29429509640362,81.65821491323527,151.36331125981746,55.92898120346872,0.676875,0.429375,0.09884761635588563,0.029611708038915704
1001,510.0,block2_mlp_input/axial_bivector,6,3200,3188,0.99625,85.74135494759072,84.54696114072598,152.63777552430503,56.139554098682446,0.7038895859473023,0.4538895859473024,0.06261784754359524,0.02447744759595809
1001,510.0,block2_mlp_input/axial_bivector,7,3200,3184,0.995,78.69312407611915,75.45131291008232,148.5666319394185,55.670432110078806,0.6337939698492462,0.3728015075376884,0.1675892635110608,0.035105218303560004
1001,510.0,block2_mlp_input/point_numerator,0,3200,3196,0.99875,76.14090840999475,72.34853184757378,145.8591442483347,54.7365623286792,0.6091989987484355,0.35575719649561954,0.20274119134158144,0.0549688890064881
1001,510.0,block2_mlp_input/point_numerator,1,3200,3190,0.996875,80.77309186965786,77.92026989662361,149.1390812325789,55.52303373419616,0.6542319749216301,0.4006269592476489,0.1355421324112678,0.03613860571052857
1001,510.0,block2_mlp_input/point_numerator,2,3200,3190,0.996875,80.03972553194541,77.13923083631116,150.4759452832529,54.99750741173279,0.6507836990595611,0.39467084639498434,0.14556869375953488,0.048018413094260325
1001,510.0,block2_mlp_input/point_numerator,3,3200,3182,0.994375,80.50313747442875,76.85610540833028,148.94683253247553,55.89954388632824,0.6596480201131364,0.3918918918918919,0.14142209153578655,0.029238813896187692
1001,510.0,block2_mlp_input/point_numerator,4,3200,3186,0.995625,80.39603717929741,77.60062434012605,147.39629380941216,56.15496985112246,0.6597614563716259,0.39391086001255493,0.14191562913309783,0.02341455125175674
1001,510.0,block2_mlp_input/point_numerator,5,3200,3174,0.991875,77.96716162385293,74.55234210207755,148.61912181044602,55.29915925909862,0.6266540642722117,0.3739760554505356,0.17702045207523534,0.04252224380475956
1001,510.0,block2_mlp_input/point_numerator,6,3200,3194,0.998125,79.69636040769376,76.76733333992995,148.20541959964365,55.0951333076684,0.6433938634940514,0.3979336255479023,0.1501354575233169,0.04568676657700912
1001,510.0,block2_mlp_input/point_numerator,7,3200,3180,0.99375,75.95741371299968,71.58444656696717,146.70276258603855,54.75352370390242,0.6059748427672956,0.35,0.20710545883763337,0.05267399786620079
1001,510.0,block2_output/plane_normal,0,3200,3198,0.999375,86.001792438988,85.44066231723312,152.51628344882045,56.377925228556755,0.7038774233896186,0.4562226391494684,0.059092486538622986,0.01845095433420651
1001,510.0,block2_output/plane_normal,1,3200,3186,0.995625,78.84625730272542,75.97074163183149,149.8359676827675,54.72478891423463,0.6337099811676082,0.38637790332705585,0.16237581686802394,0.0547643775780225
1001,510.0,block2_output/plane_normal,2,3200,3186,0.995625,78.99128481266914,76.21599297341423,149.15797289169132,54.81398051706738,0.6396735718769617,0.38292529817953547,0.16060963335371192,0.0534305546152385
1001,510.0,block2_output/plane_normal,3,3200,3182,0.994375,81.83435839729383,79.44534761460852,150.88663869663557,55.541025290915805,0.6631049654305469,0.41357636706473916,0.12070762429578762,0.03754741215539511
1001,510.0,block2_output/plane_normal,4,3200,3188,0.99625,80.79669776102666,78.19218234455442,151.24771367084034,55.250480335615094,0.6499372647427855,0.4018193224592221,0.13578299556233145,0.042924267579210175
1001,510.0,block2_output/plane_normal,5,3200,3186,0.995625,79.7539116643383,77.17563682883858,150.45484521464107,54.95632860718358,0.6399874450721909,0.39516635279347145,0.14969214412920404,0.04941659618572246
1001,510.0,block2_output/plane_normal,6,3200,3184,0.995,81.72569333483693,78.96972520787163,151.50983342876805,55.55182199713827,0.6614321608040201,0.4126884422110553,0.12249205512103732,0.037328485886453315
1001,510.0,block2_output/plane_normal,7,3200,3194,0.998125,80.98185485771332,77.95216521126844,151.83425503045152,55.218422630751554,0.6599874765184721,0.4032561051972448,0.1332176322079205,0.0432687920892451
1001,510.0,block2_output/ideal_bivector,0,3200,3192,0.9975,81.56152026220164,79.12540493033924,151.65619695740793,55.56799490431206,0.6644736842105263,0.40852130325814534,0.12500731274355592,0.03734033679992797
1001,510.0,block2_output/ideal_bivector,1,3200,3186,0.995625,81.83371152538386,80.1074847395328,150.3976154927547,55.53294403828024,0.6644695543000628,0.41023226616446956,0.12027396379546827,0.03747693462579398
1001,510.0,block2_output/ideal_bivector,2,3200,3190,0.996875,81.36302524170726,79.05508806611806,151.1274008073592,55.48170466764755,0.6617554858934169,0.4059561128526646,0.12780309920163063,0.03899536500785665
1001,510.0,block2_output/ideal_bivector,3,3200,3196,0.99875,83.93131664186902,82.14003292716896,150.71357028471022,56.537365586625796,0.6886733416770964,0.43178973717146435,0.08894319491566761,0.014869987211327505
1001,510.0,block2_output/ideal_bivector,4,3200,3190,0.996875,80.38983456826112,77.72259625287633,149.40167103622338,55.31795720722948,0.6448275862068965,0.4006269592476489,0.1409037493135508,0.041846249599165275
1001,510.0,block2_output/ideal_bivector,5,3200,3186,0.995625,81.28155579379722,79.06186447780905,150.64311425906845,55.52829772136069,0.6581920903954802,0.4086629001883239,0.1282018526460742,0.038197299648951986
1001,510.0,block2_output/ideal_bivector,6,3200,3180,0.99375,80.83004942140222,79.11105708192251,150.1180694106595,55.90971122737174,0.6591194968553459,0.4059748427672956,0.13415296425638978,0.03143654712085406
1001,510.0,block2_output/ideal_bivector,7,3200,3184,0.995,80.75527477869427,78.41881056195473,150.4136141203148,55.341633383688254,0.6485552763819096,0.4007537688442211,0.13610483532544695,0.04190808098003587
1001,510.0,block2_output/axial_bivector,0,3200,3186,0.995625,78.16877675498212,75.26534922908459,147.80230959636424,55.50149580343145,0.6337099811676082,0.37256748273697426,0.17436064138949886,0.03827905595808206
1001,510.0,block2_output/axial_bivector,1,3200,3186,0.995625,85.13804722275151,84.00867870227867,153.11328983166803,56.05092495764156,0.7027620841180163,0.4500941619585687,0.07045672588495609,0.026698857968929877
1001,510.0,block2_output/axial_bivector,2,3200,3184,0.995,77.65525817164699,74.93290222683915,147.15264472521224,55.20693471926596,0.6212311557788944,0.3671482412060301,0.18144831906176467,0.04439255409441531
1001,510.0,block2_output/axial_bivector,3,3200,3190,0.996875,85.37485739879608,84.35505750522023,153.58642314198593,56.17687155551684,0.7047021943573668,0.4554858934169279,0.06700922735432942,0.02361575930239888
1001,510.0,block2_output/axial_bivector,4,3200,3171,0.9909375,78.19940020709913,75.45864238192388,149.7193406501068,54.68361395337799,0.6275622831914223,0.3784295175023652,0.17176538969498092,0.05500730421370162
1001,510.0,block2_output/axial_bivector,5,3200,3192,0.9975,83.4537909757951,81.46935025594891,151.08730120569766,55.864626585665235,0.681704260651629,0.4276315789473684,0.0963682700446194,0.03086723433595292
1001,510.0,block2_output/axial_bivector,6,3200,3190,0.996875,85.9181764622047,84.8565352764939,152.51221080479544,56.19762920545026,0.70282131661442,0.45768025078369906,0.05969584692292318,0.02268785024581808
1001,510.0,block2_output/axial_bivector,7,3200,3180,0.99375,78.92443458570845,75.94989845215139,148.49313086161285,55.78182833884343,0.639308176100629,0.38207547169811323,0.1638136958118913,0.03189082737474014
1001,510.0,block2_output/point_numerator,0,3200,3196,0.99875,76.14320759540058,72.31467842632242,145.92594996621642,54.738625327286755,0.6091989987484355,0.3551314142678348,0.20270240209930657,0.05491600444459573
1001,510.0,block2_output/point_numerator,1,3200,3188,0.99625,80.80638741512668,77.82388965826695,149.1777315806416,55.537473991504314,0.6549560853199499,0.4002509410288582,0.1350641796669533,0.03580413526528944
1001,510.0,block2_output/point_numerator,2,3200,3190,0.996875,80.02524147648704,77.13834524456927,150.3212516592027,54.99154935808373,0.6507836990595611,0.39467084639498434,0.14579231531134193,0.04814819440050444
1001,510.0,block2_output/point_numerator,3,3200,3182,0.994375,80.50330454668206,76.85472917316315,148.95452408802817,55.8996351599557,0.6596480201131364,0.39220615964802014,0.14142187251835073,0.029231676876752048
1001,510.0,block2_output/point_numerator,4,3200,3186,0.995625,80.4019996513332,77.56733473044027,147.398158682964,56.15368700732811,0.6594475831763967,0.3935969868173258,0.14183558250512254,0.02341280645399421
1001,510.0,block2_output/point_numerator,5,3200,3174,0.991875,77.95416527965726,74.60369150596499,148.64735391247706,55.29286718532726,0.6266540642722117,0.3739760554505356,0.17720607179491205,0.04264855397493904
1001,510.0,block2_output/point_numerator,6,3200,3194,0.998125,79.69013497278209,76.77696994770946,148.2005275296872,55.090426941745434,0.6433938634940514,0.3976205385097057,0.15022997297909757,0.04574310786161604
1001,510.0,block2_output/point_numerator,7,3200,3178,0.993125,75.9220257623574,71.47337968396522,146.44224004371756,54.764617337419686,0.6066708621774701,0.34896161107614854,0.20768009034338822,0.0523162296792544
881,520.0,block1/plane_normal,0,3200,0,0.0,,,,,,,,
881,520.0,block1/plane_normal,1,3200,0,0.0,,,,,,,,
881,520.0,block1/plane_normal,2,3200,0,0.0,,,,,,,,
881,520.0,block1/plane_normal,3,3200,0,0.0,,,,,,,,
881,520.0,block1/plane_normal,4,3200,0,0.0,,,,,,,,
881,520.0,block1/plane_normal,5,3200,0,0.0,,,,,,,,
881,520.0,block1/plane_normal,6,3200,0,0.0,,,,,,,,
881,520.0,block1/plane_normal,7,3200,0,0.0,,,,,,,,
881,520.0,block1/ideal_bivector,0,3200,3188,0.99625,84.70425335045522,83.82734796246623,151.26814481965445,56.61471127820769,0.6985570890840652,0.44479297365119197,0.07728114657643348,0.01481170934108556
881,520.0,block1/ideal_bivector,1,3200,3192,0.9975,84.89991344601808,83.50933505831928,151.85433225929177,56.59706859253398,0.6989348370927319,0.44548872180451127,0.07480269106483878,0.015367928745569276
881,520.0,block1/ideal_bivector,2,3200,3192,0.9975,84.71837056679219,83.74273981106074,151.20994372914575,56.59922268634627,0.700187969924812,0.4458020050125313,0.0771712845900417,0.01511821189296024
881,520.0,block1/ideal_bivector,3,3200,3196,0.99875,86.49809782988102,86.74712702470224,153.02488681391992,56.442160955723146,0.7115143929912391,0.4737171464330413,0.050017094079758,0.018576453069792935
881,520.0,block1/ideal_bivector,4,3200,3192,0.9975,84.62390714033421,83.5204706574126,151.23399668197555,56.59402768737613,0.6970551378446115,0.4448621553884712,0.07852079875534315,0.015001127567683107
881,520.0,block1/ideal_bivector,5,3200,3192,0.9975,84.68876863311068,83.17454440219439,151.42300904577868,56.58672355678277,0.6979949874686717,0.44705513784461154,0.07772931334674005,0.015215563521324789
881,520.0,block1/ideal_bivector,6,3200,3194,0.998125,83.64899095184461,81.3316624750056,149.8520120034263,57.06629615867415,0.6928616155291171,0.4279899812147777,0.09426852618300612,0.004231240922431604
881,520.0,block1/ideal_bivector,7,3200,3188,0.99625,84.52351996614236,83.36924088680993,151.1245312820192,56.610006766992534,0.6973023839397742,0.4425972396486826,0.07992709498861565,0.014532485626123097
881,520.0,block1/axial_bivector,0,3200,3184,0.995,79.44725801799835,76.07032501444748,148.14543865465865,55.89940232899106,0.6482412060301508,0.3844221105527638,0.15549533615711572,0.028568327003991575
881,520.0,block1/axial_bivector,1,3200,3198,0.999375,87.32821614199538,87.23082787068662,154.02917527688592,56.223628561248425,0.717948717948718,0.4815509693558474,0.038529786863898095,0.021813751056271955
881,520.0,block1/axial_bivector,2,3200,3178,0.993125,79.62119102256986,76.46279500082558,148.16042852863853,56.04095270955784,0.6526117054751416,0.3886091881686595,0.15249496715905092,0.025423849727282212
881,520.0,block1/axial_bivector,3,3200,3198,0.999375,87.19745932846021,87.2181340363107,154.09502341746926,56.282859514584906,0.7185741088180112,0.47779862414008756,0.040042194216801434,0.020945320768107373
881,520.0,block1/axial_bivector,4,3200,3180,0.99375,81.15321468202906,79.99059256680638,147.6602876039919,56.67311172603322,0.6663522012578617,0.40911949685534593,0.12882196525361,0.01328904395417626
881,520.0,block1/axial_bivector,5,3200,3190,0.996875,82.53609555900121,80.9948395558759,149.44493909065798,56.49578771711603,0.6786833855799373,0.42100313479623824,0.11037826790534414,0.01852111753228353
881,520.0,block1/axial_bivector,6,3200,3194,0.998125,84.9721443459901,84.72268886283817,151.36670325306298,56.71874715130164,0.700375704445836,0.45397620538509703,0.07371234674147568,0.012704070686461384
881,520.0,block1/axial_bivector,7,3200,3180,0.99375,80.52743686806186,77.59995739665942,148.44444167584163,56.18803391422125,0.6622641509433962,0.3949685534591195,0.13996407925946733,0.022773588655852068
881,520.0,block1/point_numerator,0,3200,3184,0.995,82.21294325956305,80.46857050399495,148.18746371106465,56.97919195500531,0.6834170854271356,0.41425879396984927,0.11396913281044564,0.005931175832059876
881,520.0,block1/point_numerator,1,3200,3190,0.996875,85.27597349310099,84.07309765728708,151.97701451849818,56.57168676666019,0.7037617554858934,0.44733542319749214,0.06964118907674335,0.01601576830197685
881,520.0,block1/point_numerator,2,3200,3188,0.99625,85.94984183273094,84.98903278196539,153.69447045701912,56.014862384491,0.6994981179422836,0.4560853199498118,0.06013835627490538,0.026437363576848654
881,520.0,block1/point_numerator,3,3200,3184,0.995,84.29014409038857,82.59914615277685,150.93891913922388,56.63679413377448,0.6956658291457286,0.4381281407035176,0.08329590504445046,0.013805370124707096
881,520.0,block1/point_numerator,4,3200,3188,0.99625,84.13407799664903,82.95346072968869,150.5876548525126,56.641848777988564,0.696047678795483,0.4397741530740276,0.08551842950348208,0.013941624176460422
881,520.0,block1/point_numerator,5,3200,3187,0.9959375,77.03237655777929,74.49553732480128,146.68311243970513,54.92015198957736,0.6178224035142768,0.36240978977094446,0.18896707997800868,0.05183575360900272
881,520.0,block1/point_numerator,6,3200,3192,0.9975,85.47675448730833,84.05364578314459,152.73337570526243,56.45511556508653,0.7026942355889725,0.44454887218045114,0.06704081002297782,0.01709059833381235
881,520.0,block1/point_numerator,7,3200,3178,0.993125,78.59257660214206,75.38851084211102,147.41632621024442,55.80132141592975,0.6371932032724984,0.3766519823788546,0.16751781452348877,0.03163877230866693
881,520.0,block2_mlp_input/plane_normal,0,3200,0,0.0,,,,,,,,
881,520.0,block2_mlp_input/plane_normal,1,3200,0,0.0,,,,,,,,
881,520.0,block2_mlp_input/plane_normal,2,3200,0,0.0,,,,,,,,
881,520.0,block2_mlp_input/plane_normal,3,3200,0,0.0,,,,,,,,
881,520.0,block2_mlp_input/plane_normal,4,3200,0,0.0,,,,,,,,
881,520.0,block2_mlp_input/plane_normal,5,3200,0,0.0,,,,,,,,
881,520.0,block2_mlp_input/plane_normal,6,3200,0,0.0,,,,,,,,
881,520.0,block2_mlp_input/plane_normal,7,3200,0,0.0,,,,,,,,
881,520.0,block2_mlp_input/ideal_bivector,0,3200,3188,0.99625,85.2849349170152,83.32073332265509,151.6965216635245,56.64149293545949,0.704516938519448,0.4454203262233375,0.06948669674230132,0.01312267136006946
881,520.0,block2_mlp_input/ideal_bivector,1,3200,3188,0.99625,85.050957143103,83.93457254360663,152.52017859069468,56.569603093760875,0.7004391468005019,0.44479297365119197,0.07288686679981705,0.016269105938910667
881,520.0,block2_mlp_input/ideal_bivector,2,3200,3190,0.996875,84.97158051573057,83.36679445832027,151.6603245754372,56.60986071442156,0.6993730407523511,0.4413793103448276,0.07378486283831732,0.01470973350347895
881,520.0,block2_mlp_input/ideal_bivector,3,3200,3192,0.9975,84.84665867217267,83.7105052463229,152.10278824085688,56.44549596355749,0.6942355889724311,0.44642857142857145,0.07601911263137416,0.018942537384926312
881,520.0,block2_mlp_input/ideal_bivector,4,3200,3184,0.995,83.96890329056794,82.3015720825238,149.9877901674792,56.6067677205788,0.696608040201005,0.4378140703517588,0.08786931875564978,0.013055828255413286
881,520.0,block2_mlp_input/ideal_bivector,5,3200,3194,0.998125,84.97972579263248,83.84820449466298,152.10605986999528,56.612885526750205,0.7010018785222292,0.4483406386975579,0.07388794949644001,0.015014624068065035
881,520.0,block2_mlp_input/ideal_bivector,6,3200,3184,0.995,80.05433119016816,77.08005022740201,149.6653297037224,56.18785920113266,0.6567211055276382,0.38787688442211055,0.14836797139286353,0.025276566420720074
881,520.0,block2_mlp_input/ideal_bivector,7,3200,3190,0.996875,84.47161523181957,83.35835836636392,151.2611417739806,56.60751472106803,0.696551724137931,0.4407523510971787,0.0805921453521542,0.014486472497809526
881,520.0,block2_mlp_input/axial_bivector,0,3200,3174,0.991875,79.44703122331643,77.2428007190516,147.6151638548857,55.80625202458632,0.6493383742911153,0.38815374921235035,0.15515626028080348,0.030950206304923695
881,520.0,block2_mlp_input/axial_bivector,1,3200,3198,0.999375,87.34856497109413,87.29424132393888,154.3480527366125,56.1958717971502,0.7163852407754847,0.4815509693558474,0.038197759728959335,0.022287269648229795
881,520.0,block2_mlp_input/axial_bivector,2,3200,3186,0.995625,79.74480982459092,77.50924806604593,148.2830765056077,56.16071968173009,0.6506591337099812,0.39202762084118015,0.14989219815261942,0.023446937478912497
881,520.0,block2_mlp_input/axial_bivector,3,3200,3194,0.998125,87.16018097980579,87.45633696561865,154.03665307982828,56.23758616806947,0.7172824045084534,0.4799624295554164,0.0405880476600066,0.022024524486225005
881,520.0,block2_mlp_input/axial_bivector,4,3200,3188,0.99625,80.79280044922434,79.11967564803558,147.9982503300345,56.54315330462702,0.6637390213299874,0.4090338770388959,0.13398870252731818,0.015602334646171048
881,520.0,block2_mlp_input/axial_bivector,5,3200,3190,0.996875,82.64759847345148,81.08716774854241,149.0254130252026,56.53897273883305,0.6761755485893417,0.4231974921630094,0.10863543693053979,0.016560029832937338
881,520.0,block2_mlp_input/axial_bivector,6,3200,3190,0.996875,85.0756150036047,84.70849800967747,151.3070598186709,56.71930648493691,0.700626959247649,0.4561128526645768,0.07217682801833046,0.01252721256686081
881,520.0,block2_mlp_input/axial_bivector,7,3200,3180,0.99375,80.37912419904922,77.23157939127938,148.59620543982362,56.23543160277523,0.6575471698113208,0.3946540880503145,0.14239542254591192,0.02185373269477605
881,520.0,block2_mlp_input/point_numerator,0,3200,3186,0.995625,77.37611676641095,74.25801547198705,144.56799483737245,56.03370824902812,0.6236660389202762,0.3615819209039548,0.18684291668738884,0.026522984479987126
881,520.0,block2_mlp_input/point_numerator,1,3200,3192,0.9975,81.95130745696758,80.09679184830284,150.33246479327948,56.26576054617529,0.6741854636591479,0.4176065162907268,0.11827558051405725,0.021799090822443697
881,520.0,block2_mlp_input/point_numerator,2,3200,3182,0.994375,79.59411898649392,76.522127079429,147.15690281895948,55.737130865690595,0.6404776869893148,0.3859208045254557,0.15343410161682827,0.032960345782176284
881,520.0,block2_mlp_input/point_numerator,3,3200,3192,0.9975,83.5204746161479,81.63001969695279,151.5341953141367,56.30173229878507,0.6857769423558897,0.42888471177944865,0.09609128809308344,0.02098247043084828
881,520.0,block2_mlp_input/point_numerator,4,3200,3180,0.99375,80.75581691919535,79.00012074692279,148.574472448997,56.57538319792803,0.6710691823899371,0.40345911949685537,0.13509937773253047,0.0160678863259857
881,520.0,block2_mlp_input/point_numerator,5,3200,3188,0.99625,76.44147846510567,73.59064198897212,145.74254371169906,55.31273190407455,0.6260978670012547,0.3582183186951067,0.19814542970469376,0.04226438835989286
881,520.0,block2_mlp_input/point_numerator,6,3200,3190,0.996875,79.65333733657481,77.82758681837078,147.17862704850992,56.00751092137406,0.6551724137931034,0.3884012539184953,0.1516780512497544,0.028436715474786264
881,520.0,block2_mlp_input/point_numerator,7,3200,3190,0.996875,74.89578618681948,70.18907443759642,144.9030871567075,54.86974560700675,0.6050156739811913,0.3357366771159875,0.2231965694108105,0.04891110521470206
881,520.0,block2_output/plane_normal,0,3200,3196,0.99875,85.3364328180122,84.71295035182155,151.30819403215008,56.69576056252015,0.7030663329161452,0.4502503128911139,0.0672421281506253,0.012796279948602487
881,520.0,block2_output/plane_normal,1,3200,3184,0.995,82.31310583712624,80.11482965318862,148.18068486403845,56.82568352465791,0.6875,0.4139447236180904,0.11262489984376357,0.010027011910505612
881,520.0,block2_output/plane_normal,2,3200,3188,0.99625,82.72056424703727,80.73175540461617,148.79006282487452,56.92721913507747,0.6853826850690088,0.42063989962358844,0.10626144350525311,0.0061714728957628215
881,520.0,block2_output/plane_normal,3,3200,3190,0.996875,85.4059594374616,84.05061062798647,151.92028962324852,56.62379113627188,0.7,0.44733542319749214,0.06776163226784977,0.014602407813341859
881,520.0,block2_output/plane_normal,4,3200,3190,0.996875,84.25274612781658,83.39849405938327,151.14608018468235,56.67212176133326,0.6968652037617555,0.4398119122257053,0.08384786826344853,0.01355475281261216
881,520.0,block2_output/plane_normal,5,3200,3188,0.99625,83.2697448942946,82.20190328297522,149.6795811218769,56.814533865452866,0.6900878293601004,0.42189460476787954,0.09815937732118162,0.009370718106109987
881,520.0,block2_output/plane_normal,6,3200,3190,0.996875,85.19568178552878,84.05010416663795,151.43048463370113,56.59753263818464,0.6978056426332289,0.4463949843260188,0.07076960164705111,0.015533441963232726
881,520.0,block2_output/plane_normal,7,3200,3194,0.998125,84.2969664417337,83.67373788971824,150.5170715305226,56.749854131815994,0.6972448340638697,0.44427050720100186,0.0829172804145623,0.013221462138953184
881,520.0,block2_output/ideal_bivector,0,3200,3188,0.99625,85.08307249895552,83.42430113637187,151.44287865745287,56.62102115650298,0.701693851944793,0.44510664993726473,0.07226522854753736,0.013742259634554159
881,520.0,block2_output/ideal_bivector,1,3200,3188,0.99625,85.02855315071751,84.21764959437573,152.36688271094275,56.55880007678479,0.7013801756587202,0.4444792973651192,0.07325560521973828,0.01649530887764653
881,520.0,block2_output/ideal_bivector,2,3200,3190,0.996875,84.98579934501254,83.4511828258162,151.58393348369142,56.60659686893558,0.6981191222570533,0.441692789968652,0.0735918325865458,0.01482846725357019
881,520.0,block2_output/ideal_bivector,3,3200,3190,0.996875,84.97671851014424,83.63946079715208,152.7021535007031,56.45978790093052,0.6968652037617555,0.4470219435736677,0.07427011086952541,0.01819821900343996
881,520.0,block2_output/ideal_bivector,4,3200,3186,0.995625,83.93850240264102,82.35897873992167,150.03555773893322,56.62623188297457,0.6964846202134338,0.4381669805398619,0.08835981902673473,0.012784260148368727
881,520.0,block2_output/ideal_bivector,5,3200,3192,0.9975,84.92525530014971,83.79815087369387,152.35171282956148,56.60511694412214,0.7011278195488722,0.44893483709273185,0.07457286670782017,0.01506392926736933
881,520.0,block2_output/ideal_bivector,6,3200,3180,0.99375,80.23204961120744,77.01705018059613,149.49951311497944,56.31670533221323,0.6588050314465409,0.3886792452830189,0.14581414345854526,0.020694169140935446
881,520.0,block2_output/ideal_bivector,7,3200,3190,0.996875,84.38689767005307,83.21769353934704,151.26192302868023,56.627110814524585,0.69717868338558,0.44012539184952976,0.08173834724049801,0.013972415718606667
881,520.0,block2_output/axial_bivector,0,3200,3188,0.99625,79.76777803095514,77.19789068811855,146.94281217855695,55.975309705442186,0.6524466750313677,0.38958594730238394,0.14994988882713065,0.026576251867742307
881,520.0,block2_output/axial_bivector,1,3200,3196,0.99875,87.2801814016852,87.3314143228611,153.28692260484874,56.102837327104396,0.7180851063829787,0.48028785982478095,0.03945594840040453,0.024592653098528434
881,520.0,block2_output/axial_bivector,2,3200,3182,0.994375,79.30701285536551,76.72421007593951,147.6145234737754,56.086077857969144,0.6524198617221874,0.3843494657448146,0.15684045681878772,0.025354182717527228
881,520.0,block2_output/axial_bivector,3,3200,3194,0.998125,87.12723865462988,86.94177902596853,154.49720610764365,56.23687546373522,0.7157169693174703,0.4774577332498435,0.041103298584195314,0.021890346294531963
881,520.0,block2_output/axial_bivector,4,3200,3182,0.994375,81.16025998864787,79.76092435473595,148.90870093571039,56.56804047008184,0.6649905719673161,0.41231929604022627,0.12906988202613973,0.015571351003945232
881,520.0,block2_output/axial_bivector,5,3200,3192,0.9975,82.64318796977048,81.55267490981515,149.6944466880249,56.607238212019205,0.6801378446115288,0.43107769423558895,0.10781886986111328,0.014940270468460972
881,520.0,block2_output/axial_bivector,6,3200,3196,0.99875,85.1270824167283,84.97983686376053,151.31651328925736,56.820754805737884,0.7030663329161452,0.45525657071339176,0.07081837876311556,0.010759279865953987
881,520.0,block2_output/axial_bivector,7,3200,3182,0.994375,80.48513603988461,77.94916223936055,147.60101984940692,56.236019332295875,0.6593337523570082,0.39220615964802014,0.14079800859806407,0.02054921962800979
881,520.0,block2_output/point_numerator,0,3200,3186,0.995625,77.37187578959836,74.35464577126962,144.57606125628857,56.03256325354737,0.623352165725047,0.36126804770872567,0.18690128421898664,0.026553601468904557
881,520.0,block2_output/point_numerator,1,3200,3190,0.996875,81.96533972145608,80.17322785957523,150.43008256608317,56.26134850122279,0.6749216300940439,0.4178683385579937,0.11805904454556704,0.021881801181988292
881,520.0,block2_output/point_numerator,2,3200,3182,0.994375,79.57707534724378,76.51972504499804,147.21729106365785,55.73431915165762,0.6411062225015713,0.38654934003771213,0.15368636859639484,0.03303733288306924
881,520.0,block2_output/point_numerator,3,3200,3192,0.9975,83.52226525015763,81.64436516427025,151.4945892470684,56.30235380219831,0.6857769423558897,0.42888471177944865,0.09606291371913026,0.020963361911868195
881,520.0,block2_output/point_numerator,4,3200,3178,0.993125,80.7528354407135,79.0550315766074,148.47977378502702,56.579475573976474,0.670862177470107,0.40371302706104467,0.13512641010914583,0.016048148932627553
881,520.0,block2_output/point_numerator,5,3200,3188,0.99625,76.44027489104931,73.60539569734543,145.81605335925192,55.314382328358455,0.625784190715182,0.3588456712672522,0.19815115644780473,0.04224562055971912
881,520.0,block2_output/point_numerator,6,3200,3190,0.996875,79.64765056146382,77.8029005482023,147.18626242811132,56.00855309739121,0.6551724137931034,0.38808777429467084,0.15176434303735553,0.028426003010880288
881,520.0,block2_output/point_numerator,7,3200,3190,0.996875,74.88871763584501,70.20658493071605,144.90995936260595,54.871021157137754,0.6059561128526646,0.335423197492163,0.22324775541831704,0.048881339930477614
1009,520.0,block1/plane_normal,0,3200,0,0.0,,,,,,,,
1009,520.0,block1/plane_normal,1,3200,0,0.0,,,,,,,,
1009,520.0,block1/plane_normal,2,3200,0,0.0,,,,,,,,
1009,520.0,block1/plane_normal,3,3200,0,0.0,,,,,,,,
1009,520.0,block1/plane_normal,4,3200,0,0.0,,,,,,,,
1009,520.0,block1/plane_normal,5,3200,0,0.0,,,,,,,,
1009,520.0,block1/plane_normal,6,3200,0,0.0,,,,,,,,
1009,520.0,block1/plane_normal,7,3200,0,0.0,,,,,,,,
1009,520.0,block1/ideal_bivector,0,3200,3182,0.994375,82.52147807545883,80.78913390428022,150.07273271033122,55.73352937523497,0.6744186046511628,0.4336895034569453,0.10854030710743351,0.03382149184746851
1009,520.0,block1/ideal_bivector,1,3200,3186,0.995625,82.63396343447333,80.79642671956215,150.18757460480603,55.734126862472024,0.6751412429378532,0.433458882611425,0.10685137148554519,0.03238606661472444
1009,520.0,block1/ideal_bivector,2,3200,3182,0.994375,82.52038832533853,80.8749333890651,150.30249432709107,55.709660843841945,0.6744186046511628,0.4336895034569453,0.1085481999262966,0.0339250624479054
1009,520.0,block1/ideal_bivector,3,3200,3194,0.998125,85.44261339137876,83.79721106361944,150.11471896896785,57.18823651890029,0.7125860989355041,0.44990607388854104,0.06732115478104912,-0.00044008942008606555
1009,520.0,block1/ideal_bivector,4,3200,3182,0.994375,82.44648530216314,80.90658058536403,150.05164884072906,55.654778036455255,0.6734758013827781,0.4330609679446889,0.10963919652702939,0.03514620972543527
1009,520.0,block1/ideal_bivector,5,3200,3182,0.994375,82.43247836372265,80.67443609253235,150.26454861561635,55.62990524700379,0.6741043368950346,0.43274670018856065,0.10980877242213785,0.03489526078067393
1009,520.0,block1/ideal_bivector,6,3200,3194,0.998125,84.03859398848203,82.79667622997796,153.14865061032486,55.95287782824135,0.6909830932999373,0.4427050720100188,0.08678738265339203,0.02726287084583341
1009,520.0,block1/ideal_bivector,7,3200,3182,0.994375,82.38524565056964,80.56864844917686,150.08304239012466,55.63971382326674,0.671904462602137,0.4299182903834067,0.11051836613134738,0.03594422690192299
1009,520.0,block1/axial_bivector,0,3200,3184,0.995,80.48189566528899,78.22238101810396,149.08326110628977,55.16600432139746,0.6560929648241206,0.40546482412060303,0.13754370856943848,0.044586257804541646
1009,520.0,block1/axial_bivector,1,3200,3192,0.9975,85.56332750446003,84.603492182522,149.27803444040075,57.30504937302444,0.7120927318295739,0.45551378446115287,0.06472933277005986,-0.001985498128038093
1009,520.0,block1/axial_bivector,2,3200,3192,0.9975,80.62217679614128,78.39694768878866,150.37445346214048,55.22953618704876,0.656328320802005,0.40382205513784464,0.13553554638909723,0.04363750493357788
1009,520.0,block1/axial_bivector,3,3200,3194,0.998125,85.64292330527222,85.37983636094518,149.6516003670913,57.43612103560759,0.7182216656230432,0.4567939887288666,0.06364083828441436,-0.004143514425560129
1009,520.0,block1/axial_bivector,4,3200,3182,0.994375,80.82868332283103,78.34506326473675,149.68376103577455,55.428335455253496,0.6574481458202388,0.4057196731615336,0.13277057057594951,0.03991317717308934
1009,520.0,block1/axial_bivector,5,3200,3190,0.996875,82.81788338149367,81.46625315098183,149.94153406545908,55.59542214881993,0.6777429467084639,0.4288401253918495,0.10355522037365285,0.03578229885251457
1009,520.0,block1/axial_bivector,6,3200,3192,0.9975,84.04979471659921,83.01353729215757,150.26878970666675,56.40273695565567,0.693922305764411,0.4451754385964912,0.08656244730217368,0.019131095457646675
1009,520.0,block1/axial_bivector,7,3200,3180,0.99375,81.48468537769558,79.14145356951762,150.4884977774292,55.32111133673188,0.6669811320754717,0.409748427672956,0.12327295575744128,0.04115130988195729
1009,520.0,block1/point_numerator,0,3200,3176,0.9925,81.06532908396198,79.6283707026429,147.97434829309316,55.652646703646546,0.6659319899244333,0.4127833753148615,0.12837845136502962,0.03510872883594639
1009,520.0,block1/point_numerator,1,3200,3184,0.995,83.0741432993572,81.52878185929796,149.48913082563882,56.06856829337347,0.6834170854271356,0.43278894472361806,0.1003554335457377,0.025330490197414884
1009,520.0,block1/point_numerator,2,3200,3196,0.99875,85.3509233547104,84.05228995218664,150.72935842869654,57.353602342139176,0.7121401752190237,0.45369211514392993,0.06841864214724844,-0.0011033072746615411
1009,520.0,block1/point_numerator,3,3200,3184,0.995,82.28816976503705,80.71528772549797,149.87574335576053,55.5990446132341,0.6702261306532663,0.42682160804020103,0.11192574271417367,0.03709199817536835
1009,520.0,block1/point_numerator,4,3200,3182,0.994375,82.16840675406374,80.60808399630011,150.40932568201032,55.50342372006413,0.6668761785040854,0.42520427404148337,0.11361416122790635,0.038895169862544605
1009,520.0,block1/point_numerator,5,3200,3182,0.994375,78.47298751515609,76.05279222417758,149.3907400392021,54.48707655194788,0.63073538654934,0.38623507228158394,0.16700035521026274,0.059632145787730975
1009,520.0,block1/point_numerator,6,3200,3192,0.9975,83.12732953295516,81.50255996072761,150.23469627112445,56.17326402190812,0.681704260651629,0.4298245614035088,0.09983358677392452,0.022728952971541892
1009,520.0,block1/point_numerator,7,3200,3186,0.995625,79.73219317750812,77.78531823701664,149.6108817958904,55.127229523280285,0.6490897677338355,0.3935969868173258,0.14830099233687868,0.046260374947199596
1009,520.0,block2_mlp_input/plane_normal,0,3200,0,0.0,,,,,,,,
1009,520.0,block2_mlp_input/plane_normal,1,3200,0,0.0,,,,,,,,
1009,520.0,block2_mlp_input/plane_normal,2,3200,0,0.0,,,,,,,,
1009,520.0,block2_mlp_input/plane_normal,3,3200,0,0.0,,,,,,,,
1009,520.0,block2_mlp_input/plane_normal,4,3200,0,0.0,,,,,,,,
1009,520.0,block2_mlp_input/plane_normal,5,3200,0,0.0,,,,,,,,
1009,520.0,block2_mlp_input/plane_normal,6,3200,0,0.0,,,,,,,,
1009,520.0,block2_mlp_input/plane_normal,7,3200,0,0.0,,,,,,,,
1009,520.0,block2_mlp_input/ideal_bivector,0,3200,3182,0.994375,82.5346877814281,80.89751266678243,150.09341738833513,55.97428558011086,0.671904462602137,0.4277184160905091,0.10890481715586696,0.027436996474536145
1009,520.0,block2_mlp_input/ideal_bivector,1,3200,3186,0.995625,82.93676543720731,81.34161635348786,149.25224268248394,55.96171960714199,0.6811048336472065,0.4340866290018832,0.10218225214453645,0.02740765582592755
1009,520.0,block2_mlp_input/ideal_bivector,2,3200,3182,0.994375,82.48532410935508,81.00669497779589,150.11892288546613,55.85525369030833,0.6703331238214959,0.43117536140791957,0.10903584898695397,0.030355889880473552
1009,520.0,block2_mlp_input/ideal_bivector,3,3200,3182,0.994375,84.25777691441701,82.68498940300327,152.71404925364757,56.3236444447037,0.697360150848523,0.43746071653048396,0.08428245338498255,0.020168635804850434
1009,520.0,block2_mlp_input/ideal_bivector,4,3200,3182,0.994375,82.44176287920986,80.69362733010809,151.37469084781924,55.58452972074507,0.6706473915776241,0.4214330609679447,0.10959069332131419,0.03687228431152324
1009,520.0,block2_mlp_input/ideal_bivector,5,3200,3184,0.995,82.5549867730573,80.96682991773665,149.87633547478856,55.75664062608121,0.6746231155778895,0.42933417085427134,0.10794873630771742,0.03157475869889667
1009,520.0,block2_mlp_input/ideal_bivector,6,3200,3178,0.993125,81.73958798581594,79.28095121038238,151.271739404914,55.602265987953785,0.6683448709880428,0.40717432347388294,0.12207566475280385,0.037472557134885044
1009,520.0,block2_mlp_input/ideal_bivector,7,3200,3184,0.995,82.41596216660535,80.87376654435576,149.98352110327374,55.619357344666135,0.6727386934673367,0.4277638190954774,0.1100072338382556,0.03632324355248813
1009,520.0,block2_mlp_input/axial_bivector,0,3200,3184,0.995,80.28678562231065,77.84113801312174,149.15236169037556,55.08973236622361,0.6545226130653267,0.40326633165829145,0.14032431115840374,0.0455811831420427
1009,520.0,block2_mlp_input/axial_bivector,1,3200,3190,0.996875,85.6144030026498,84.69268663288274,149.38646917112763,57.32470253966847,0.7125391849529781,0.45297805642633227,0.0640753335543355,-0.002276433853836285
1009,520.0,block2_mlp_input/axial_bivector,2,3200,3190,0.996875,80.17788886330463,78.44164381444591,149.54479202751142,55.37012853596774,0.6589341692789968,0.39717868338557993,0.14176091597094967,0.04228991507927203
1009,520.0,block2_mlp_input/axial_bivector,3,3200,3192,0.9975,85.57093973468166,84.9763497154855,149.56639372079232,57.395354876129794,0.7114661654135338,0.4548872180451128,0.06473152324077745,-0.002943808593701351
1009,520.0,block2_mlp_input/axial_bivector,4,3200,3178,0.993125,80.98719735162769,79.45212273008862,149.71737075347886,55.41759341585821,0.6598489616110762,0.4090623033354311,0.1301236795094402,0.03966038722391362
1009,520.0,block2_mlp_input/axial_bivector,5,3200,3196,0.99875,82.89152672999006,81.32214069361143,150.53922055506297,55.58908155148423,0.6770963704630788,0.4258448060075094,0.10249536506224628,0.035810577681825995
1009,520.0,block2_mlp_input/axial_bivector,6,3200,3190,0.996875,84.11563254840611,83.181643579858,149.9037713596983,56.43981122843413,0.6952978056426332,0.44231974921630096,0.08556029646680069,0.018623668607060648
1009,520.0,block2_mlp_input/axial_bivector,7,3200,3182,0.994375,81.53047454031713,79.64927392027475,150.78945550696383,55.35696450667042,0.6634192331866751,0.4126335637963545,0.12276179990720891,0.04095517084529534
1009,520.0,block2_mlp_input/point_numerator,0,3200,3174,0.991875,78.31538764179278,76.20812493528784,147.02510028915682,55.35842963222748,0.631064902331443,0.3812224322621298,0.1689274358408303,0.04167697302338311
1009,520.0,block2_mlp_input/point_numerator,1,3200,3178,0.993125,80.08689341268432,76.8296757254464,148.49885888664005,55.46942153698948,0.6485210824417873,0.3961611076148521,0.14586443264447407,0.039542043949272986
1009,520.0,block2_mlp_input/point_numerator,2,3200,3194,0.998125,80.55758666203839,76.80178387934498,150.6439620951314,55.64566634371023,0.6540388227927364,0.402316844082655,0.14061356666479372,0.03388109074289112
1009,520.0,block2_mlp_input/point_numerator,3,3200,3194,0.998125,82.21205433435934,80.04261437127118,149.72253917952278,56.33243729233725,0.6772072636192862,0.4167188478396994,0.11535161628778305,0.022086385374286404
1009,520.0,block2_mlp_input/point_numerator,4,3200,3186,0.995625,81.41244674573444,79.10603928831624,152.1353908616928,55.49699532778741,0.657564344005022,0.4083490269930948,0.12741097772565815,0.039475330947140216
1009,520.0,block2_mlp_input/point_numerator,5,3200,3194,0.998125,78.68227747955878,75.52926208399707,147.97631959809522,55.18744411129109,0.6368190356919223,0.3772698810269255,0.16602141235164103,0.04348940613224345
1009,520.0,block2_mlp_input/point_numerator,6,3200,3162,0.988125,82.81062615354985,81.52696884077955,150.2356431137656,56.52168954164747,0.6834282099936749,0.42915876027830485,0.10512475920458664,0.0172592813207839
1009,520.0,block2_mlp_input/point_numerator,7,3200,3192,0.9975,72.67266897786341,67.30254534974475,145.21777550470753,53.310205892890785,0.5676691729323309,0.3198621553884712,0.2539849155419103,0.08348333231861893
1009,520.0,block2_output/plane_normal,0,3200,3194,0.998125,84.29307665917997,82.45514972765983,150.65876555091182,56.6559490208847,0.6984971822166562,0.4380087664370695,0.08434478238815604,0.011406861369680435
1009,520.0,block2_output/plane_normal,1,3200,3182,0.994375,81.47214100911044,79.61096637431692,148.64223735365582,55.760188458204674,0.6703331238214959,0.41734758013827783,0.12247458806680885,0.032789485026514555
1009,520.0,block2_output/plane_normal,2,3200,3176,0.9925,81.39716053657882,79.6688684792732,147.3194057403633,55.680264505120405,0.663727959697733,0.4162468513853904,0.12383266685240743,0.03397004302263041
1009,520.0,block2_output/plane_normal,3,3200,3184,0.995,82.81399263568392,81.37990706108198,149.5274766924102,56.10745411874989,0.6787060301507538,0.43435929648241206,0.1044869348053893,0.02462181238008029
1009,520.0,block2_output/plane_normal,4,3200,3176,0.9925,82.34020627547359,80.78551073781836,149.72909677209793,55.5924816764535,0.6750629722921915,0.4256926952141058,0.11111757159348663,0.036550785499949806
1009,520.0,block2_output/plane_normal,5,3200,3178,0.993125,81.94735849429566,80.28114584499552,149.26867029679087,55.590670731278536,0.6702328508495909,0.4232221522970422,0.115672293620396,0.037078091506188474
1009,520.0,block2_output/plane_normal,6,3200,3182,0.994375,82.73419004089757,81.54902407446531,149.93175041453867,56.00412957570804,0.6788183532369579,0.4305468258956631,0.10532270811654877,0.02681361247828189
1009,520.0,block2_output/plane_normal,7,3200,3172,0.99125,82.17859826115583,80.54439645496385,150.47982768617783,55.62756890278182,0.6664564943253468,0.4255989911727617,0.1131752684650742,0.03482080667223243
1009,520.0,block2_output/ideal_bivector,0,3200,3184,0.995,82.52846496942644,80.96964943375976,149.74202062971548,55.951623072024546,0.6717964824120602,0.4280778894472362,0.1087722365481843,0.027941548019732285
1009,520.0,block2_output/ideal_bivector,1,3200,3184,0.995,82.91529032536907,81.38225724267305,149.3135995467535,55.95226432682755,0.679962311557789,0.43059045226130654,0.10250779901433561,0.027633107743904047
1009,520.0,block2_output/ideal_bivector,2,3200,3182,0.994375,82.50646319287719,80.99819485134586,149.81262678020778,55.8631373537257,0.6697045883092395,0.4321181646763042,0.1087012936320551,0.030161493304070298
1009,520.0,block2_output/ideal_bivector,3,3200,3182,0.994375,84.22247020528712,82.62832821930922,152.52996065398258,56.36750278289586,0.6995600251414205,0.4365179132620993,0.08486544570521522,0.01915076100176365
1009,520.0,block2_output/ideal_bivector,4,3200,3182,0.994375,82.44724461929923,80.84269543029859,151.08475034066836,55.574538367669604,0.6703331238214959,0.42237586423632933,0.10952983801122651,0.03720773880020705
1009,520.0,block2_output/ideal_bivector,5,3200,3184,0.995,82.52660197798802,80.96849265422331,149.80002498840852,55.71742996558026,0.6733668341708543,0.4318467336683417,0.1083697214236351,0.03246635760542255
1009,520.0,block2_output/ideal_bivector,6,3200,3178,0.993125,81.9937651674459,79.21906803226486,152.25386718836995,55.66222542209986,0.6771554436752675,0.4156702328508496,0.11845880807444557,0.036591446406799615
1009,520.0,block2_output/ideal_bivector,7,3200,3184,0.995,82.40753203734721,81.02052775803233,150.1078788186419,55.601056946927436,0.6730527638190955,0.4255653266331658,0.11011452510144573,0.03666536353709124
1009,520.0,block2_output/axial_bivector,0,3200,3192,0.9975,80.19580555787248,78.11322789635597,148.87967782860932,55.314411137391026,0.6572681704260651,0.3994360902255639,0.14122298977032538,0.04220736725650302
1009,520.0,block2_output/axial_bivector,1,3200,3190,0.996875,85.57537814924382,84.41336959959537,149.48929717926472,57.30503738766887,0.7109717868338558,0.4526645768025078,0.06479371258445853,-0.001310008437078357
1009,520.0,block2_output/axial_bivector,2,3200,3190,0.996875,80.41408871460884,78.32229053282359,149.270457611751,55.31768477985047,0.6573667711598746,0.40282131661442006,0.1383811089193765,0.04205997264668866
1009,520.0,block2_output/axial_bivector,3,3200,3192,0.9975,85.63304601486362,85.25146251194963,150.16343600713938,57.43087849315383,0.7133458646616542,0.45551378446115287,0.06384593356229418,-0.0035244728372544657
1009,520.0,block2_output/axial_bivector,4,3200,3182,0.994375,81.18113240273468,79.35699442904126,149.64618297311742,55.469116097318306,0.6627906976744186,0.41011942174732874,0.12706610513644004,0.038298490575888786
1009,520.0,block2_output/axial_bivector,5,3200,3196,0.99875,83.06052837025217,81.32595128688217,151.1150942283325,55.58786830575484,0.6799123904881101,0.42959949937421776,0.10066960331721023,0.03589765890462426
1009,520.0,block2_output/axial_bivector,6,3200,3198,0.999375,84.16732795112958,82.80356973224892,150.42984769728915,56.401154568315256,0.6973108192620388,0.43902439024390244,0.08528909584663819,0.018050876956230283
1009,520.0,block2_output/axial_bivector,7,3200,3182,0.994375,81.39636933635437,79.21312325496058,149.6362973167798,55.422609142218754,0.6737900691389064,0.41043368950345693,0.12405297107189135,0.03911449417893291
1009,520.0,block2_output/point_numerator,0,3200,3174,0.991875,78.31552647836476,76.2796783355127,147.07436608928316,55.35839458515463,0.631064902331443,0.3812224322621298,0.16891888853810014,0.04166549330895405
1009,520.0,block2_output/point_numerator,1,3200,3178,0.993125,80.09048588218522,76.90243142651738,148.45634961340812,55.47530297831953,0.6491504090623034,0.3958464443045941,0.14581867254566833,0.03941555039361509
1009,520.0,block2_output/point_numerator,2,3200,3192,0.9975,80.54817653548685,76.82736171750737,150.5345084659294,55.629865383855446,0.6547619047619048,0.4025689223057644,0.14068980820782048,0.034274914601887536
1009,520.0,block2_output/point_numerator,3,3200,3194,0.998125,82.21257647004646,80.038388431729,149.72333644441778,56.33224787879754,0.6775203506574827,0.4167188478396994,0.11534476839194563,0.022083053676909638
1009,520.0,block2_output/point_numerator,4,3200,3186,0.995625,81.4194226002177,79.14982760727698,152.21661936817117,55.49864960696306,0.6572504708097928,0.4086629001883239,0.12730279855503454,0.03941760514242327
1009,520.0,block2_output/point_numerator,5,3200,3194,0.998125,78.69173653255662,75.52915969073062,147.88492734114195,55.191550160239814,0.6368190356919223,0.3769567939887289,0.16588580209979248,0.043438447732064414
1009,520.0,block2_output/point_numerator,6,3200,3164,0.98875,82.8087661537308,81.53740941108447,150.27073976056874,56.50846715819427,0.6836283185840708,0.42920353982300885,0.10511153907801382,0.017532741120702123
1009,520.0,block2_output/point_numerator,7,3200,3192,0.9975,72.66037412971181,67.37811592411695,145.09309084574284,53.29951371401936,0.5679824561403509,0.3198621553884712,0.2541544644972003,0.08368253493535267
