metric,value
frame_00_Al_encoder.collapse.effective_rank,1.4659465436720618
frame_00_Al_encoder.collapse.variance,0.14146617767164948
frame_00_Al_encoder.collapse.pair_rms,0.531913860830209
frame_00_Al_encoder.liquid_collapse.effective_rank,1.5136332761079083
frame_00_Al_encoder.liquid_collapse.variance,0.12632799651860316
frame_00_Al_encoder.liquid_collapse.pair_rms,0.5026489759635508
frame_00_Al_encoder.reference_coverage.liquid_fraction,0.9658203125
frame_00_Al_encoder.reference_coverage.cutoff_stable_fraction,0.939453125
frame_00_Al_encoder.context.counts.0.train,583
frame_00_Al_encoder.context.counts.0.test,579
frame_00_Al_encoder.context.counts.1.train,0
frame_00_Al_encoder.context.counts.1.test,0
frame_00_Al_encoder.context.counts.2.train,58
frame_00_Al_encoder.context.counts.2.test,55
frame_00_Al_encoder.context.counts.3.train,0
frame_00_Al_encoder.context.counts.3.test,4
frame_00_Al_encoder.context.counts.4.train,0
frame_00_Al_encoder.context.counts.4.test,0
frame_00_Al_encoder.context.counts.5.train,851
frame_00_Al_encoder.context.counts.5.test,871
frame_00_Al_encoder.context.counts.6.train,379
frame_00_Al_encoder.context.counts.6.test,376
frame_00_Al_encoder.context.test_coverage,0.9978779840848806
frame_00_Al_encoder.context.balanced_accuracy,0.35043758476969655
frame_00_Al_encoder.context.ap.0,0.4487557266744375
frame_00_Al_encoder.context.ap.1,
frame_00_Al_encoder.context.ap.2,0.042489740000882736
frame_00_Al_encoder.context.ap.3,
frame_00_Al_encoder.context.ap.4,
frame_00_Al_encoder.context.ap.5,0.6546443103885446
frame_00_Al_encoder.context.ap.6,0.22605004233902587
frame_00_Al_encoder.ptm.counts.0.train,1828
frame_00_Al_encoder.ptm.counts.0.test,1838
frame_00_Al_encoder.ptm.counts.1.train,9
frame_00_Al_encoder.ptm.counts.1.test,7
frame_00_Al_encoder.ptm.counts.2.train,9
frame_00_Al_encoder.ptm.counts.2.test,16
frame_00_Al_encoder.ptm.counts.3.train,0
frame_00_Al_encoder.ptm.counts.3.test,0
frame_00_Al_encoder.ptm.counts.4.train,25
frame_00_Al_encoder.ptm.counts.4.test,24
frame_00_Al_encoder.ptm.test_coverage,0.9877984084880637
frame_00_Al_encoder.ptm.balanced_accuracy,0.7233405875952121
frame_00_Al_encoder.ptm.ap.0,0.9813117792690467
frame_00_Al_encoder.ptm.ap.1,
frame_00_Al_encoder.ptm.ap.2,
frame_00_Al_encoder.ptm.ap.3,
frame_00_Al_encoder.ptm.ap.4,0.14007580884668724
frame_00_Al_encoder.liquid_order.train_count,1813
frame_00_Al_encoder.liquid_order.test_count,1826
frame_00_Al_encoder.liquid_order.conditional_r2_gain,0.08174019306898117
frame_00_Al_encoder.liquid_order.mean_r2,0.09568967670202255
frame_00_Al_encoder.context_cutoff_008.counts.0.train,583
frame_00_Al_encoder.context_cutoff_008.counts.0.test,580
frame_00_Al_encoder.context_cutoff_008.counts.1.train,0
frame_00_Al_encoder.context_cutoff_008.counts.1.test,0
frame_00_Al_encoder.context_cutoff_008.counts.2.train,20
frame_00_Al_encoder.context_cutoff_008.counts.2.test,19
frame_00_Al_encoder.context_cutoff_008.counts.3.train,0
frame_00_Al_encoder.context_cutoff_008.counts.3.test,4
frame_00_Al_encoder.context_cutoff_008.counts.4.train,0
frame_00_Al_encoder.context_cutoff_008.counts.4.test,0
frame_00_Al_encoder.context_cutoff_008.counts.5.train,854
frame_00_Al_encoder.context_cutoff_008.counts.5.test,874
frame_00_Al_encoder.context_cutoff_008.counts.6.train,414
frame_00_Al_encoder.context_cutoff_008.counts.6.test,408
frame_00_Al_encoder.context_cutoff_008.test_coverage,0.9978779840848806
frame_00_Al_encoder.context_cutoff_008.balanced_accuracy,0.35645090573908095
frame_00_Al_encoder.context_cutoff_008.ap.0,0.45796411716460206
frame_00_Al_encoder.context_cutoff_008.ap.1,
frame_00_Al_encoder.context_cutoff_008.ap.2,
frame_00_Al_encoder.context_cutoff_008.ap.3,
frame_00_Al_encoder.context_cutoff_008.ap.4,
frame_00_Al_encoder.context_cutoff_008.ap.5,0.653429073676101
frame_00_Al_encoder.context_cutoff_008.ap.6,0.27567444806117825
frame_00_Al_encoder.context_cutoff_010.counts.0.train,583
frame_00_Al_encoder.context_cutoff_010.counts.0.test,579
frame_00_Al_encoder.context_cutoff_010.counts.1.train,0
frame_00_Al_encoder.context_cutoff_010.counts.1.test,0
frame_00_Al_encoder.context_cutoff_010.counts.2.train,58
frame_00_Al_encoder.context_cutoff_010.counts.2.test,55
frame_00_Al_encoder.context_cutoff_010.counts.3.train,0
frame_00_Al_encoder.context_cutoff_010.counts.3.test,4
frame_00_Al_encoder.context_cutoff_010.counts.4.train,0
frame_00_Al_encoder.context_cutoff_010.counts.4.test,0
frame_00_Al_encoder.context_cutoff_010.counts.5.train,851
frame_00_Al_encoder.context_cutoff_010.counts.5.test,871
frame_00_Al_encoder.context_cutoff_010.counts.6.train,379
frame_00_Al_encoder.context_cutoff_010.counts.6.test,376
frame_00_Al_encoder.context_cutoff_010.test_coverage,0.9978779840848806
frame_00_Al_encoder.context_cutoff_010.balanced_accuracy,0.35043758476969655
frame_00_Al_encoder.context_cutoff_010.ap.0,0.4487557266744375
frame_00_Al_encoder.context_cutoff_010.ap.1,
frame_00_Al_encoder.context_cutoff_010.ap.2,0.042489740000882736
frame_00_Al_encoder.context_cutoff_010.ap.3,
frame_00_Al_encoder.context_cutoff_010.ap.4,
frame_00_Al_encoder.context_cutoff_010.ap.5,0.6546443103885446
frame_00_Al_encoder.context_cutoff_010.ap.6,0.22605004233902587
frame_00_Al_encoder.context_cutoff_012.counts.0.train,574
frame_00_Al_encoder.context_cutoff_012.counts.0.test,576
frame_00_Al_encoder.context_cutoff_012.counts.1.train,1
frame_00_Al_encoder.context_cutoff_012.counts.1.test,0
frame_00_Al_encoder.context_cutoff_012.counts.2.train,140
frame_00_Al_encoder.context_cutoff_012.counts.2.test,124
frame_00_Al_encoder.context_cutoff_012.counts.3.train,0
frame_00_Al_encoder.context_cutoff_012.counts.3.test,4
frame_00_Al_encoder.context_cutoff_012.counts.4.train,0
frame_00_Al_encoder.context_cutoff_012.counts.4.test,0
frame_00_Al_encoder.context_cutoff_012.counts.5.train,840
frame_00_Al_encoder.context_cutoff_012.counts.5.test,861
frame_00_Al_encoder.context_cutoff_012.counts.6.train,316
frame_00_Al_encoder.context_cutoff_012.counts.6.test,320
frame_00_Al_encoder.context_cutoff_012.test_coverage,0.9978779840848806
frame_00_Al_encoder.context_cutoff_012.balanced_accuracy,0.3321643999850137
frame_00_Al_encoder.context_cutoff_012.ap.0,0.44551755202564525
frame_00_Al_encoder.context_cutoff_012.ap.1,
frame_00_Al_encoder.context_cutoff_012.ap.2,0.09422604935693898
frame_00_Al_encoder.context_cutoff_012.ap.3,
frame_00_Al_encoder.context_cutoff_012.ap.4,
frame_00_Al_encoder.context_cutoff_012.ap.5,0.6493746064309223
frame_00_Al_encoder.context_cutoff_012.ap.6,0.18149462005233355
frame_00_Al_encoder.planar_fault.counts.0.train,1862
frame_00_Al_encoder.planar_fault.counts.0.test,1869
frame_00_Al_encoder.planar_fault.counts.1.train,9
frame_00_Al_encoder.planar_fault.counts.1.test,12
frame_00_Al_encoder.planar_fault.counts.2.train,0
frame_00_Al_encoder.planar_fault.counts.2.test,1
frame_00_Al_encoder.planar_fault.counts.3.train,0
frame_00_Al_encoder.planar_fault.counts.3.test,2
frame_00_Al_encoder.planar_fault.counts.4.train,0
frame_00_Al_encoder.planar_fault.counts.4.test,1
frame_00_Al_encoder.planar_fault.test_coverage,0.9915119363395225
frame_00_Al_encoder.planar_fault.balanced_accuracy,
frame_00_Al_encoder.spatial.auc,0.472756732789902
frame_00_Al_encoder.spatial.pairs,1709
frame_00_Al_encoder.spatial.changed_pairs,927
frame_00_Al_encoder.spatial.bins,5
frame_00_Al_encoder.spatial.same_label_normalized_distance,0.8784054093634442
frame_00_Al_encoder.nonbulk_spatial.auc,0.472756732789902
frame_00_Al_encoder.nonbulk_spatial.pairs,1709
frame_00_Al_encoder.nonbulk_spatial.changed_pairs,927
frame_00_Al_encoder.nonbulk_spatial.bins,5
frame_00_Al_encoder.nonbulk_spatial.same_label_normalized_distance,0.8784054093634442
frame_00_Al_encoder.shuffled_spatial.auc,0.5000265061686963
frame_00_Al_encoder.shuffled_spatial.pairs,1709
frame_00_Al_encoder.shuffled_spatial.changed_pairs,927
frame_00_Al_encoder.shuffled_spatial.bins,5
frame_00_Al_encoder.shuffled_spatial.same_label_normalized_distance,0.7493671305873866
frame_00_Al_encoder.collapsed_spatial.auc,0.5
frame_00_Al_encoder.collapsed_spatial.pairs,1709
frame_00_Al_encoder.collapsed_spatial.changed_pairs,927
frame_00_Al_encoder.collapsed_spatial.bins,5
frame_00_Al_encoder.collapsed_spatial.same_label_normalized_distance,
frame_00_Al_encoder.liquid_topology.train_count,444
frame_00_Al_encoder.liquid_topology.test_count,461
frame_00_Al_encoder.liquid_topology.conditional_r2_gain,-0.35266438126564026
frame_00_Al_encoder.liquid_topology.mean_r2,-0.35387399792671204
frame_00_Al_encoder.nonbulk_cluster_ami,0.01179991552730727
frame_00_Al_encoder.continuity_fixed_candidates_center_fixed.0.0001.pair_rms,0.5026116064269203
frame_00_Al_encoder.continuity_fixed_candidates_center_fixed.0.0001.normalized_median,0.00016526940143466107
frame_00_Al_encoder.continuity_fixed_candidates_center_fixed.0.0001.normalized_p95,0.07882488512015713
frame_00_Al_encoder.continuity_fixed_candidates_center_fixed.0.01.pair_rms,0.5026116064269203
frame_00_Al_encoder.continuity_fixed_candidates_center_fixed.0.01.normalized_median,0.20379239171634364
frame_00_Al_encoder.continuity_fixed_candidates_center_fixed.0.01.normalized_p95,0.5009850453963717
frame_00_Al_encoder.continuity_fixed_candidates_center_fixed.0.1.pair_rms,0.5026116064269203
frame_00_Al_encoder.continuity_fixed_candidates_center_fixed.0.1.normalized_median,0.4636396057306251
frame_00_Al_encoder.continuity_fixed_candidates_center_fixed.0.1.normalized_p95,1.3540258052898348
frame_00_Al_projector.collapse.effective_rank,1.4659465436720618
frame_00_Al_projector.collapse.variance,0.14146617767164948
frame_00_Al_projector.collapse.pair_rms,0.531913860830209
frame_00_Al_projector.liquid_collapse.effective_rank,1.5136332761079083
frame_00_Al_projector.liquid_collapse.variance,0.12632799651860316
frame_00_Al_projector.liquid_collapse.pair_rms,0.5026489759635508
frame_00_Al_projector.reference_coverage.liquid_fraction,0.9658203125
frame_00_Al_projector.reference_coverage.cutoff_stable_fraction,0.939453125
frame_00_Al_projector.context.counts.0.train,583
frame_00_Al_projector.context.counts.0.test,579
frame_00_Al_projector.context.counts.1.train,0
frame_00_Al_projector.context.counts.1.test,0
frame_00_Al_projector.context.counts.2.train,58
frame_00_Al_projector.context.counts.2.test,55
frame_00_Al_projector.context.counts.3.train,0
frame_00_Al_projector.context.counts.3.test,4
frame_00_Al_projector.context.counts.4.train,0
frame_00_Al_projector.context.counts.4.test,0
frame_00_Al_projector.context.counts.5.train,851
frame_00_Al_projector.context.counts.5.test,871
frame_00_Al_projector.context.counts.6.train,379
frame_00_Al_projector.context.counts.6.test,376
frame_00_Al_projector.context.test_coverage,0.9978779840848806
frame_00_Al_projector.context.balanced_accuracy,0.35043758476969655
frame_00_Al_projector.context.ap.0,0.4487557266744375
frame_00_Al_projector.context.ap.1,
frame_00_Al_projector.context.ap.2,0.042489740000882736
frame_00_Al_projector.context.ap.3,
frame_00_Al_projector.context.ap.4,
frame_00_Al_projector.context.ap.5,0.6546443103885446
frame_00_Al_projector.context.ap.6,0.22605004233902587
frame_00_Al_projector.ptm.counts.0.train,1828
frame_00_Al_projector.ptm.counts.0.test,1838
frame_00_Al_projector.ptm.counts.1.train,9
frame_00_Al_projector.ptm.counts.1.test,7
frame_00_Al_projector.ptm.counts.2.train,9
frame_00_Al_projector.ptm.counts.2.test,16
frame_00_Al_projector.ptm.counts.3.train,0
frame_00_Al_projector.ptm.counts.3.test,0
frame_00_Al_projector.ptm.counts.4.train,25
frame_00_Al_projector.ptm.counts.4.test,24
frame_00_Al_projector.ptm.test_coverage,0.9877984084880637
frame_00_Al_projector.ptm.balanced_accuracy,0.7233405875952121
frame_00_Al_projector.ptm.ap.0,0.9813117792690467
frame_00_Al_projector.ptm.ap.1,
frame_00_Al_projector.ptm.ap.2,
frame_00_Al_projector.ptm.ap.3,
frame_00_Al_projector.ptm.ap.4,0.14007580884668724
frame_00_Al_projector.liquid_order.train_count,1813
frame_00_Al_projector.liquid_order.test_count,1826
frame_00_Al_projector.liquid_order.conditional_r2_gain,0.08174019306898117
frame_00_Al_projector.liquid_order.mean_r2,0.09568967670202255
frame_00_Al_projector.context_cutoff_008.counts.0.train,583
frame_00_Al_projector.context_cutoff_008.counts.0.test,580
frame_00_Al_projector.context_cutoff_008.counts.1.train,0
frame_00_Al_projector.context_cutoff_008.counts.1.test,0
frame_00_Al_projector.context_cutoff_008.counts.2.train,20
frame_00_Al_projector.context_cutoff_008.counts.2.test,19
frame_00_Al_projector.context_cutoff_008.counts.3.train,0
frame_00_Al_projector.context_cutoff_008.counts.3.test,4
frame_00_Al_projector.context_cutoff_008.counts.4.train,0
frame_00_Al_projector.context_cutoff_008.counts.4.test,0
frame_00_Al_projector.context_cutoff_008.counts.5.train,854
frame_00_Al_projector.context_cutoff_008.counts.5.test,874
frame_00_Al_projector.context_cutoff_008.counts.6.train,414
frame_00_Al_projector.context_cutoff_008.counts.6.test,408
frame_00_Al_projector.context_cutoff_008.test_coverage,0.9978779840848806
frame_00_Al_projector.context_cutoff_008.balanced_accuracy,0.35645090573908095
frame_00_Al_projector.context_cutoff_008.ap.0,0.45796411716460206
frame_00_Al_projector.context_cutoff_008.ap.1,
frame_00_Al_projector.context_cutoff_008.ap.2,
frame_00_Al_projector.context_cutoff_008.ap.3,
frame_00_Al_projector.context_cutoff_008.ap.4,
frame_00_Al_projector.context_cutoff_008.ap.5,0.653429073676101
frame_00_Al_projector.context_cutoff_008.ap.6,0.27567444806117825
frame_00_Al_projector.context_cutoff_010.counts.0.train,583
frame_00_Al_projector.context_cutoff_010.counts.0.test,579
frame_00_Al_projector.context_cutoff_010.counts.1.train,0
frame_00_Al_projector.context_cutoff_010.counts.1.test,0
frame_00_Al_projector.context_cutoff_010.counts.2.train,58
frame_00_Al_projector.context_cutoff_010.counts.2.test,55
frame_00_Al_projector.context_cutoff_010.counts.3.train,0
frame_00_Al_projector.context_cutoff_010.counts.3.test,4
frame_00_Al_projector.context_cutoff_010.counts.4.train,0
frame_00_Al_projector.context_cutoff_010.counts.4.test,0
frame_00_Al_projector.context_cutoff_010.counts.5.train,851
frame_00_Al_projector.context_cutoff_010.counts.5.test,871
frame_00_Al_projector.context_cutoff_010.counts.6.train,379
frame_00_Al_projector.context_cutoff_010.counts.6.test,376
frame_00_Al_projector.context_cutoff_010.test_coverage,0.9978779840848806
frame_00_Al_projector.context_cutoff_010.balanced_accuracy,0.35043758476969655
frame_00_Al_projector.context_cutoff_010.ap.0,0.4487557266744375
frame_00_Al_projector.context_cutoff_010.ap.1,
frame_00_Al_projector.context_cutoff_010.ap.2,0.042489740000882736
frame_00_Al_projector.context_cutoff_010.ap.3,
frame_00_Al_projector.context_cutoff_010.ap.4,
frame_00_Al_projector.context_cutoff_010.ap.5,0.6546443103885446
frame_00_Al_projector.context_cutoff_010.ap.6,0.22605004233902587
frame_00_Al_projector.context_cutoff_012.counts.0.train,574
frame_00_Al_projector.context_cutoff_012.counts.0.test,576
frame_00_Al_projector.context_cutoff_012.counts.1.train,1
frame_00_Al_projector.context_cutoff_012.counts.1.test,0
frame_00_Al_projector.context_cutoff_012.counts.2.train,140
frame_00_Al_projector.context_cutoff_012.counts.2.test,124
frame_00_Al_projector.context_cutoff_012.counts.3.train,0
frame_00_Al_projector.context_cutoff_012.counts.3.test,4
frame_00_Al_projector.context_cutoff_012.counts.4.train,0
frame_00_Al_projector.context_cutoff_012.counts.4.test,0
frame_00_Al_projector.context_cutoff_012.counts.5.train,840
frame_00_Al_projector.context_cutoff_012.counts.5.test,861
frame_00_Al_projector.context_cutoff_012.counts.6.train,316
frame_00_Al_projector.context_cutoff_012.counts.6.test,320
frame_00_Al_projector.context_cutoff_012.test_coverage,0.9978779840848806
frame_00_Al_projector.context_cutoff_012.balanced_accuracy,0.3321643999850137
frame_00_Al_projector.context_cutoff_012.ap.0,0.44551755202564525
frame_00_Al_projector.context_cutoff_012.ap.1,
frame_00_Al_projector.context_cutoff_012.ap.2,0.09422604935693898
frame_00_Al_projector.context_cutoff_012.ap.3,
frame_00_Al_projector.context_cutoff_012.ap.4,
frame_00_Al_projector.context_cutoff_012.ap.5,0.6493746064309223
frame_00_Al_projector.context_cutoff_012.ap.6,0.18149462005233355
frame_00_Al_projector.planar_fault.counts.0.train,1862
frame_00_Al_projector.planar_fault.counts.0.test,1869
frame_00_Al_projector.planar_fault.counts.1.train,9
frame_00_Al_projector.planar_fault.counts.1.test,12
frame_00_Al_projector.planar_fault.counts.2.train,0
frame_00_Al_projector.planar_fault.counts.2.test,1
frame_00_Al_projector.planar_fault.counts.3.train,0
frame_00_Al_projector.planar_fault.counts.3.test,2
frame_00_Al_projector.planar_fault.counts.4.train,0
frame_00_Al_projector.planar_fault.counts.4.test,1
frame_00_Al_projector.planar_fault.test_coverage,0.9915119363395225
frame_00_Al_projector.planar_fault.balanced_accuracy,
frame_00_Al_projector.spatial.auc,0.472756732789902
frame_00_Al_projector.spatial.pairs,1709
frame_00_Al_projector.spatial.changed_pairs,927
frame_00_Al_projector.spatial.bins,5
frame_00_Al_projector.spatial.same_label_normalized_distance,0.8784054093634442
frame_00_Al_projector.nonbulk_spatial.auc,0.472756732789902
frame_00_Al_projector.nonbulk_spatial.pairs,1709
frame_00_Al_projector.nonbulk_spatial.changed_pairs,927
frame_00_Al_projector.nonbulk_spatial.bins,5
frame_00_Al_projector.nonbulk_spatial.same_label_normalized_distance,0.8784054093634442
frame_00_Al_projector.shuffled_spatial.auc,0.5000265061686963
frame_00_Al_projector.shuffled_spatial.pairs,1709
frame_00_Al_projector.shuffled_spatial.changed_pairs,927
frame_00_Al_projector.shuffled_spatial.bins,5
frame_00_Al_projector.shuffled_spatial.same_label_normalized_distance,0.7493671305873866
frame_00_Al_projector.collapsed_spatial.auc,0.5
frame_00_Al_projector.collapsed_spatial.pairs,1709
frame_00_Al_projector.collapsed_spatial.changed_pairs,927
frame_00_Al_projector.collapsed_spatial.bins,5
frame_00_Al_projector.collapsed_spatial.same_label_normalized_distance,
frame_00_Al_projector.liquid_topology.train_count,444
frame_00_Al_projector.liquid_topology.test_count,461
frame_00_Al_projector.liquid_topology.conditional_r2_gain,-0.35266438126564026
frame_00_Al_projector.liquid_topology.mean_r2,-0.35387399792671204
frame_00_Al_projector.nonbulk_cluster_ami,0.01179991552730727
frame_00_Al_projector.continuity_fixed_candidates_center_fixed.0.0001.pair_rms,0.5026116064269203
frame_00_Al_projector.continuity_fixed_candidates_center_fixed.0.0001.normalized_median,0.00016526940143466107
frame_00_Al_projector.continuity_fixed_candidates_center_fixed.0.0001.normalized_p95,0.07882488512015713
frame_00_Al_projector.continuity_fixed_candidates_center_fixed.0.01.pair_rms,0.5026116064269203
frame_00_Al_projector.continuity_fixed_candidates_center_fixed.0.01.normalized_median,0.20379239171634364
frame_00_Al_projector.continuity_fixed_candidates_center_fixed.0.01.normalized_p95,0.5009850453963717
frame_00_Al_projector.continuity_fixed_candidates_center_fixed.0.1.pair_rms,0.5026116064269203
frame_00_Al_projector.continuity_fixed_candidates_center_fixed.0.1.normalized_median,0.4636396057306251
frame_00_Al_projector.continuity_fixed_candidates_center_fixed.0.1.normalized_p95,1.3540258052898348
frame_01_Al_encoder.collapse.effective_rank,1.1323418621243986
frame_01_Al_encoder.collapse.variance,0.6530706658917075
frame_01_Al_encoder.collapse.pair_rms,1.1428654040539572
frame_01_Al_encoder.liquid_collapse.effective_rank,1.5370403755663886
frame_01_Al_encoder.liquid_collapse.variance,0.11917465240778205
frame_01_Al_encoder.liquid_collapse.pair_rms,0.4882103079775806
frame_01_Al_encoder.reference_coverage.liquid_fraction,0.7822265625
frame_01_Al_encoder.reference_coverage.cutoff_stable_fraction,0.9384765625
frame_01_Al_encoder.context.counts.0.train,498
frame_01_Al_encoder.context.counts.0.test,514
frame_01_Al_encoder.context.counts.1.train,238
frame_01_Al_encoder.context.counts.1.test,201
frame_01_Al_encoder.context.counts.2.train,124
frame_01_Al_encoder.context.counts.2.test,124
frame_01_Al_encoder.context.counts.3.train,25
frame_01_Al_encoder.context.counts.3.test,26
frame_01_Al_encoder.context.counts.4.train,0
frame_01_Al_encoder.context.counts.4.test,0
frame_01_Al_encoder.context.counts.5.train,654
frame_01_Al_encoder.context.counts.5.test,683
frame_01_Al_encoder.context.counts.6.train,323
frame_01_Al_encoder.context.counts.6.test,310
frame_01_Al_encoder.context.test_coverage,1.0
frame_01_Al_encoder.context.balanced_accuracy,0.49871414584853885
frame_01_Al_encoder.context.ap.0,0.4660253710178039
frame_01_Al_encoder.context.ap.1,0.9518306170723724
frame_01_Al_encoder.context.ap.2,0.19383827090326902
frame_01_Al_encoder.context.ap.3,0.4433545788216465
frame_01_Al_encoder.context.ap.4,
frame_01_Al_encoder.context.ap.5,0.6201092668376464
frame_01_Al_encoder.context.ap.6,0.22958233478788792
frame_01_Al_encoder.ptm.counts.0.train,1527
frame_01_Al_encoder.ptm.counts.0.test,1561
frame_01_Al_encoder.ptm.counts.1.train,274
frame_01_Al_encoder.ptm.counts.1.test,237
frame_01_Al_encoder.ptm.counts.2.train,37
frame_01_Al_encoder.ptm.counts.2.test,38
frame_01_Al_encoder.ptm.counts.3.train,0
frame_01_Al_encoder.ptm.counts.3.test,0
frame_01_Al_encoder.ptm.counts.4.train,24
frame_01_Al_encoder.ptm.counts.4.test,22
frame_01_Al_encoder.ptm.test_coverage,1.0
frame_01_Al_encoder.ptm.balanced_accuracy,0.6263823813327433
frame_01_Al_encoder.ptm.ap.0,0.9740052160899781
frame_01_Al_encoder.ptm.ap.1,0.9264758350373693
frame_01_Al_encoder.ptm.ap.2,0.19910964055778085
frame_01_Al_encoder.ptm.ap.3,
frame_01_Al_encoder.ptm.ap.4,0.06394404567789251
frame_01_Al_encoder.liquid_order.train_count,1475
frame_01_Al_encoder.liquid_order.test_count,1507
frame_01_Al_encoder.liquid_order.conditional_r2_gain,0.06820576637983322
frame_01_Al_encoder.liquid_order.mean_r2,0.09289106726646423
frame_01_Al_encoder.context_cutoff_008.counts.0.train,499
frame_01_Al_encoder.context_cutoff_008.counts.0.test,517
frame_01_Al_encoder.context_cutoff_008.counts.1.train,237
frame_01_Al_encoder.context_cutoff_008.counts.1.test,199
frame_01_Al_encoder.context_cutoff_008.counts.2.train,93
frame_01_Al_encoder.context_cutoff_008.counts.2.test,83
frame_01_Al_encoder.context_cutoff_008.counts.3.train,25
frame_01_Al_encoder.context_cutoff_008.counts.3.test,26
frame_01_Al_encoder.context_cutoff_008.counts.4.train,0
frame_01_Al_encoder.context_cutoff_008.counts.4.test,0
frame_01_Al_encoder.context_cutoff_008.counts.5.train,657
frame_01_Al_encoder.context_cutoff_008.counts.5.test,686
frame_01_Al_encoder.context_cutoff_008.counts.6.train,351
frame_01_Al_encoder.context_cutoff_008.counts.6.test,347
frame_01_Al_encoder.context_cutoff_008.test_coverage,1.0
frame_01_Al_encoder.context_cutoff_008.balanced_accuracy,0.507083022228567
frame_01_Al_encoder.context_cutoff_008.ap.0,0.4642190623728091
frame_01_Al_encoder.context_cutoff_008.ap.1,0.9590897978182791
frame_01_Al_encoder.context_cutoff_008.ap.2,0.21965588337508402
frame_01_Al_encoder.context_cutoff_008.ap.3,0.3946993720499482
frame_01_Al_encoder.context_cutoff_008.ap.4,
frame_01_Al_encoder.context_cutoff_008.ap.5,0.6236923069663026
frame_01_Al_encoder.context_cutoff_008.ap.6,0.2745426952579476
frame_01_Al_encoder.context_cutoff_010.counts.0.train,498
frame_01_Al_encoder.context_cutoff_010.counts.0.test,514
frame_01_Al_encoder.context_cutoff_010.counts.1.train,238
frame_01_Al_encoder.context_cutoff_010.counts.1.test,201
frame_01_Al_encoder.context_cutoff_010.counts.2.train,124
frame_01_Al_encoder.context_cutoff_010.counts.2.test,124
frame_01_Al_encoder.context_cutoff_010.counts.3.train,25
frame_01_Al_encoder.context_cutoff_010.counts.3.test,26
frame_01_Al_encoder.context_cutoff_010.counts.4.train,0
frame_01_Al_encoder.context_cutoff_010.counts.4.test,0
frame_01_Al_encoder.context_cutoff_010.counts.5.train,654
frame_01_Al_encoder.context_cutoff_010.counts.5.test,683
frame_01_Al_encoder.context_cutoff_010.counts.6.train,323
frame_01_Al_encoder.context_cutoff_010.counts.6.test,310
frame_01_Al_encoder.context_cutoff_010.test_coverage,1.0
frame_01_Al_encoder.context_cutoff_010.balanced_accuracy,0.49871414584853885
frame_01_Al_encoder.context_cutoff_010.ap.0,0.4660253710178039
frame_01_Al_encoder.context_cutoff_010.ap.1,0.9518306170723724
frame_01_Al_encoder.context_cutoff_010.ap.2,0.19383827090326902
frame_01_Al_encoder.context_cutoff_010.ap.3,0.4433545788216465
frame_01_Al_encoder.context_cutoff_010.ap.4,
frame_01_Al_encoder.context_cutoff_010.ap.5,0.6201092668376464
frame_01_Al_encoder.context_cutoff_010.ap.6,0.22958233478788792
frame_01_Al_encoder.context_cutoff_012.counts.0.train,493
frame_01_Al_encoder.context_cutoff_012.counts.0.test,512
frame_01_Al_encoder.context_cutoff_012.counts.1.train,242
frame_01_Al_encoder.context_cutoff_012.counts.1.test,207
frame_01_Al_encoder.context_cutoff_012.counts.2.train,192
frame_01_Al_encoder.context_cutoff_012.counts.2.test,192
frame_01_Al_encoder.context_cutoff_012.counts.3.train,25
frame_01_Al_encoder.context_cutoff_012.counts.3.test,26
frame_01_Al_encoder.context_cutoff_012.counts.4.train,0
frame_01_Al_encoder.context_cutoff_012.counts.4.test,0
frame_01_Al_encoder.context_cutoff_012.counts.5.train,643
frame_01_Al_encoder.context_cutoff_012.counts.5.test,674
frame_01_Al_encoder.context_cutoff_012.counts.6.train,267
frame_01_Al_encoder.context_cutoff_012.counts.6.test,247
frame_01_Al_encoder.context_cutoff_012.test_coverage,1.0
frame_01_Al_encoder.context_cutoff_012.balanced_accuracy,0.49529416567368273
frame_01_Al_encoder.context_cutoff_012.ap.0,0.4600091271359342
frame_01_Al_encoder.context_cutoff_012.ap.1,0.9733992531558346
frame_01_Al_encoder.context_cutoff_012.ap.2,0.22726315569568117
frame_01_Al_encoder.context_cutoff_012.ap.3,0.443203445982246
frame_01_Al_encoder.context_cutoff_012.ap.4,
frame_01_Al_encoder.context_cutoff_012.ap.5,0.6167549927435678
frame_01_Al_encoder.context_cutoff_012.ap.6,0.19747017549694215
frame_01_Al_encoder.planar_fault.counts.0.train,1825
frame_01_Al_encoder.planar_fault.counts.0.test,1820
frame_01_Al_encoder.planar_fault.counts.1.train,12
frame_01_Al_encoder.planar_fault.counts.1.test,12
frame_01_Al_encoder.planar_fault.counts.2.train,2
frame_01_Al_encoder.planar_fault.counts.2.test,2
frame_01_Al_encoder.planar_fault.counts.3.train,23
frame_01_Al_encoder.planar_fault.counts.3.test,24
frame_01_Al_encoder.planar_fault.counts.4.train,0
frame_01_Al_encoder.planar_fault.counts.4.test,0
frame_01_Al_encoder.planar_fault.test_coverage,0.9924650161463939
frame_01_Al_encoder.planar_fault.balanced_accuracy,0.8026098901098901
frame_01_Al_encoder.planar_fault.ap.0,0.98757616321625
frame_01_Al_encoder.planar_fault.ap.1,
frame_01_Al_encoder.planar_fault.ap.2,
frame_01_Al_encoder.planar_fault.ap.3,0.5438979430615197
frame_01_Al_encoder.planar_fault.ap.4,
frame_01_Al_encoder.spatial.auc,0.48030800093954995
frame_01_Al_encoder.spatial.pairs,1656
frame_01_Al_encoder.spatial.changed_pairs,798
frame_01_Al_encoder.spatial.bins,5
frame_01_Al_encoder.spatial.same_label_normalized_distance,0.4849721184160333
frame_01_Al_encoder.nonbulk_spatial.auc,0.5130436814233859
frame_01_Al_encoder.nonbulk_spatial.pairs,1457
frame_01_Al_encoder.nonbulk_spatial.changed_pairs,781
frame_01_Al_encoder.nonbulk_spatial.bins,5
frame_01_Al_encoder.nonbulk_spatial.same_label_normalized_distance,0.738886406018776
frame_01_Al_encoder.shuffled_spatial.auc,0.5223499573319671
frame_01_Al_encoder.shuffled_spatial.pairs,1457
frame_01_Al_encoder.shuffled_spatial.changed_pairs,781
frame_01_Al_encoder.shuffled_spatial.bins,5
frame_01_Al_encoder.shuffled_spatial.same_label_normalized_distance,0.6321812459042307
frame_01_Al_encoder.collapsed_spatial.auc,0.5
frame_01_Al_encoder.collapsed_spatial.pairs,1457
frame_01_Al_encoder.collapsed_spatial.changed_pairs,781
frame_01_Al_encoder.collapsed_spatial.bins,5
frame_01_Al_encoder.collapsed_spatial.same_label_normalized_distance,
frame_01_Al_encoder.liquid_topology.train_count,393
frame_01_Al_encoder.liquid_topology.test_count,357
frame_01_Al_encoder.liquid_topology.conditional_r2_gain,-2008.4951171875
frame_01_Al_encoder.liquid_topology.mean_r2,-1973.014892578125
frame_01_Al_encoder.nonbulk_cluster_ami,0.02407255526454325
frame_01_Al_encoder.continuity_fixed_candidates_center_fixed.0.0001.pair_rms,1.0710086969419488
frame_01_Al_encoder.continuity_fixed_candidates_center_fixed.0.0001.normalized_median,8.781555717397899e-05
frame_01_Al_encoder.continuity_fixed_candidates_center_fixed.0.0001.normalized_p95,0.06876123779434601
frame_01_Al_encoder.continuity_fixed_candidates_center_fixed.0.01.pair_rms,1.0710086969419488
frame_01_Al_encoder.continuity_fixed_candidates_center_fixed.0.01.normalized_median,0.09914676311908961
frame_01_Al_encoder.continuity_fixed_candidates_center_fixed.0.01.normalized_p95,1.1598261503065277
frame_01_Al_encoder.continuity_fixed_candidates_center_fixed.0.1.pair_rms,1.0710086969419488
frame_01_Al_encoder.continuity_fixed_candidates_center_fixed.0.1.normalized_median,0.2341881981243883
frame_01_Al_encoder.continuity_fixed_candidates_center_fixed.0.1.normalized_p95,1.6222215389385581
frame_01_Al_projector.collapse.effective_rank,1.1323418621243986
frame_01_Al_projector.collapse.variance,0.6530706658917075
frame_01_Al_projector.collapse.pair_rms,1.1428654040539572
frame_01_Al_projector.liquid_collapse.effective_rank,1.5370403755663886
frame_01_Al_projector.liquid_collapse.variance,0.11917465240778205
frame_01_Al_projector.liquid_collapse.pair_rms,0.4882103079775806
frame_01_Al_projector.reference_coverage.liquid_fraction,0.7822265625
frame_01_Al_projector.reference_coverage.cutoff_stable_fraction,0.9384765625
frame_01_Al_projector.context.counts.0.train,498
frame_01_Al_projector.context.counts.0.test,514
frame_01_Al_projector.context.counts.1.train,238
frame_01_Al_projector.context.counts.1.test,201
frame_01_Al_projector.context.counts.2.train,124
frame_01_Al_projector.context.counts.2.test,124
frame_01_Al_projector.context.counts.3.train,25
frame_01_Al_projector.context.counts.3.test,26
frame_01_Al_projector.context.counts.4.train,0
frame_01_Al_projector.context.counts.4.test,0
frame_01_Al_projector.context.counts.5.train,654
frame_01_Al_projector.context.counts.5.test,683
frame_01_Al_projector.context.counts.6.train,323
frame_01_Al_projector.context.counts.6.test,310
frame_01_Al_projector.context.test_coverage,1.0
frame_01_Al_projector.context.balanced_accuracy,0.49871414584853885
frame_01_Al_projector.context.ap.0,0.4660253710178039
frame_01_Al_projector.context.ap.1,0.9518306170723724
frame_01_Al_projector.context.ap.2,0.19383827090326902
frame_01_Al_projector.context.ap.3,0.4433545788216465
frame_01_Al_projector.context.ap.4,
frame_01_Al_projector.context.ap.5,0.6201092668376464
frame_01_Al_projector.context.ap.6,0.22958233478788792
frame_01_Al_projector.ptm.counts.0.train,1527
frame_01_Al_projector.ptm.counts.0.test,1561
frame_01_Al_projector.ptm.counts.1.train,274
frame_01_Al_projector.ptm.counts.1.test,237
frame_01_Al_projector.ptm.counts.2.train,37
frame_01_Al_projector.ptm.counts.2.test,38
frame_01_Al_projector.ptm.counts.3.train,0
frame_01_Al_projector.ptm.counts.3.test,0
frame_01_Al_projector.ptm.counts.4.train,24
frame_01_Al_projector.ptm.counts.4.test,22
frame_01_Al_projector.ptm.test_coverage,1.0
frame_01_Al_projector.ptm.balanced_accuracy,0.6263823813327433
frame_01_Al_projector.ptm.ap.0,0.9740052160899781
frame_01_Al_projector.ptm.ap.1,0.9264758350373693
frame_01_Al_projector.ptm.ap.2,0.19910964055778085
frame_01_Al_projector.ptm.ap.3,
frame_01_Al_projector.ptm.ap.4,0.06394404567789251
frame_01_Al_projector.liquid_order.train_count,1475
frame_01_Al_projector.liquid_order.test_count,1507
frame_01_Al_projector.liquid_order.conditional_r2_gain,0.06820576637983322
frame_01_Al_projector.liquid_order.mean_r2,0.09289106726646423
frame_01_Al_projector.context_cutoff_008.counts.0.train,499
frame_01_Al_projector.context_cutoff_008.counts.0.test,517
frame_01_Al_projector.context_cutoff_008.counts.1.train,237
frame_01_Al_projector.context_cutoff_008.counts.1.test,199
frame_01_Al_projector.context_cutoff_008.counts.2.train,93
frame_01_Al_projector.context_cutoff_008.counts.2.test,83
frame_01_Al_projector.context_cutoff_008.counts.3.train,25
frame_01_Al_projector.context_cutoff_008.counts.3.test,26
frame_01_Al_projector.context_cutoff_008.counts.4.train,0
frame_01_Al_projector.context_cutoff_008.counts.4.test,0
frame_01_Al_projector.context_cutoff_008.counts.5.train,657
frame_01_Al_projector.context_cutoff_008.counts.5.test,686
frame_01_Al_projector.context_cutoff_008.counts.6.train,351
frame_01_Al_projector.context_cutoff_008.counts.6.test,347
frame_01_Al_projector.context_cutoff_008.test_coverage,1.0
frame_01_Al_projector.context_cutoff_008.balanced_accuracy,0.507083022228567
frame_01_Al_projector.context_cutoff_008.ap.0,0.4642190623728091
frame_01_Al_projector.context_cutoff_008.ap.1,0.9590897978182791
frame_01_Al_projector.context_cutoff_008.ap.2,0.21965588337508402
frame_01_Al_projector.context_cutoff_008.ap.3,0.3946993720499482
frame_01_Al_projector.context_cutoff_008.ap.4,
frame_01_Al_projector.context_cutoff_008.ap.5,0.6236923069663026
frame_01_Al_projector.context_cutoff_008.ap.6,0.2745426952579476
frame_01_Al_projector.context_cutoff_010.counts.0.train,498
frame_01_Al_projector.context_cutoff_010.counts.0.test,514
frame_01_Al_projector.context_cutoff_010.counts.1.train,238
frame_01_Al_projector.context_cutoff_010.counts.1.test,201
frame_01_Al_projector.context_cutoff_010.counts.2.train,124
frame_01_Al_projector.context_cutoff_010.counts.2.test,124
frame_01_Al_projector.context_cutoff_010.counts.3.train,25
frame_01_Al_projector.context_cutoff_010.counts.3.test,26
frame_01_Al_projector.context_cutoff_010.counts.4.train,0
frame_01_Al_projector.context_cutoff_010.counts.4.test,0
frame_01_Al_projector.context_cutoff_010.counts.5.train,654
frame_01_Al_projector.context_cutoff_010.counts.5.test,683
frame_01_Al_projector.context_cutoff_010.counts.6.train,323
frame_01_Al_projector.context_cutoff_010.counts.6.test,310
frame_01_Al_projector.context_cutoff_010.test_coverage,1.0
frame_01_Al_projector.context_cutoff_010.balanced_accuracy,0.49871414584853885
frame_01_Al_projector.context_cutoff_010.ap.0,0.4660253710178039
frame_01_Al_projector.context_cutoff_010.ap.1,0.9518306170723724
frame_01_Al_projector.context_cutoff_010.ap.2,0.19383827090326902
frame_01_Al_projector.context_cutoff_010.ap.3,0.4433545788216465
frame_01_Al_projector.context_cutoff_010.ap.4,
frame_01_Al_projector.context_cutoff_010.ap.5,0.6201092668376464
frame_01_Al_projector.context_cutoff_010.ap.6,0.22958233478788792
frame_01_Al_projector.context_cutoff_012.counts.0.train,493
frame_01_Al_projector.context_cutoff_012.counts.0.test,512
frame_01_Al_projector.context_cutoff_012.counts.1.train,242
frame_01_Al_projector.context_cutoff_012.counts.1.test,207
frame_01_Al_projector.context_cutoff_012.counts.2.train,192
frame_01_Al_projector.context_cutoff_012.counts.2.test,192
frame_01_Al_projector.context_cutoff_012.counts.3.train,25
frame_01_Al_projector.context_cutoff_012.counts.3.test,26
frame_01_Al_projector.context_cutoff_012.counts.4.train,0
frame_01_Al_projector.context_cutoff_012.counts.4.test,0
frame_01_Al_projector.context_cutoff_012.counts.5.train,643
frame_01_Al_projector.context_cutoff_012.counts.5.test,674
frame_01_Al_projector.context_cutoff_012.counts.6.train,267
frame_01_Al_projector.context_cutoff_012.counts.6.test,247
frame_01_Al_projector.context_cutoff_012.test_coverage,1.0
frame_01_Al_projector.context_cutoff_012.balanced_accuracy,0.49529416567368273
frame_01_Al_projector.context_cutoff_012.ap.0,0.4600091271359342
frame_01_Al_projector.context_cutoff_012.ap.1,0.9733992531558346
frame_01_Al_projector.context_cutoff_012.ap.2,0.22726315569568117
frame_01_Al_projector.context_cutoff_012.ap.3,0.443203445982246
frame_01_Al_projector.context_cutoff_012.ap.4,
frame_01_Al_projector.context_cutoff_012.ap.5,0.6167549927435678
frame_01_Al_projector.context_cutoff_012.ap.6,0.19747017549694215
frame_01_Al_projector.planar_fault.counts.0.train,1825
frame_01_Al_projector.planar_fault.counts.0.test,1820
frame_01_Al_projector.planar_fault.counts.1.train,12
frame_01_Al_projector.planar_fault.counts.1.test,12
frame_01_Al_projector.planar_fault.counts.2.train,2
frame_01_Al_projector.planar_fault.counts.2.test,2
frame_01_Al_projector.planar_fault.counts.3.train,23
frame_01_Al_projector.planar_fault.counts.3.test,24
frame_01_Al_projector.planar_fault.counts.4.train,0
frame_01_Al_projector.planar_fault.counts.4.test,0
frame_01_Al_projector.planar_fault.test_coverage,0.9924650161463939
frame_01_Al_projector.planar_fault.balanced_accuracy,0.8026098901098901
frame_01_Al_projector.planar_fault.ap.0,0.98757616321625
frame_01_Al_projector.planar_fault.ap.1,
frame_01_Al_projector.planar_fault.ap.2,
frame_01_Al_projector.planar_fault.ap.3,0.5438979430615197
frame_01_Al_projector.planar_fault.ap.4,
frame_01_Al_projector.spatial.auc,0.48030800093954995
frame_01_Al_projector.spatial.pairs,1656
frame_01_Al_projector.spatial.changed_pairs,798
frame_01_Al_projector.spatial.bins,5
frame_01_Al_projector.spatial.same_label_normalized_distance,0.4849721184160333
frame_01_Al_projector.nonbulk_spatial.auc,0.5130436814233859
frame_01_Al_projector.nonbulk_spatial.pairs,1457
frame_01_Al_projector.nonbulk_spatial.changed_pairs,781
frame_01_Al_projector.nonbulk_spatial.bins,5
frame_01_Al_projector.nonbulk_spatial.same_label_normalized_distance,0.738886406018776
frame_01_Al_projector.shuffled_spatial.auc,0.5223499573319671
frame_01_Al_projector.shuffled_spatial.pairs,1457
frame_01_Al_projector.shuffled_spatial.changed_pairs,781
frame_01_Al_projector.shuffled_spatial.bins,5
frame_01_Al_projector.shuffled_spatial.same_label_normalized_distance,0.6321812459042307
frame_01_Al_projector.collapsed_spatial.auc,0.5
frame_01_Al_projector.collapsed_spatial.pairs,1457
frame_01_Al_projector.collapsed_spatial.changed_pairs,781
frame_01_Al_projector.collapsed_spatial.bins,5
frame_01_Al_projector.collapsed_spatial.same_label_normalized_distance,
frame_01_Al_projector.liquid_topology.train_count,393
frame_01_Al_projector.liquid_topology.test_count,357
frame_01_Al_projector.liquid_topology.conditional_r2_gain,-2008.4951171875
frame_01_Al_projector.liquid_topology.mean_r2,-1973.014892578125
frame_01_Al_projector.nonbulk_cluster_ami,0.02407255526454325
frame_01_Al_projector.continuity_fixed_candidates_center_fixed.0.0001.pair_rms,1.0710086969419488
frame_01_Al_projector.continuity_fixed_candidates_center_fixed.0.0001.normalized_median,8.781555717397899e-05
frame_01_Al_projector.continuity_fixed_candidates_center_fixed.0.0001.normalized_p95,0.06876123779434601
frame_01_Al_projector.continuity_fixed_candidates_center_fixed.0.01.pair_rms,1.0710086969419488
frame_01_Al_projector.continuity_fixed_candidates_center_fixed.0.01.normalized_median,0.09914676311908961
frame_01_Al_projector.continuity_fixed_candidates_center_fixed.0.01.normalized_p95,1.1598261503065277
frame_01_Al_projector.continuity_fixed_candidates_center_fixed.0.1.pair_rms,1.0710086969419488
frame_01_Al_projector.continuity_fixed_candidates_center_fixed.0.1.normalized_median,0.2341881981243883
frame_01_Al_projector.continuity_fixed_candidates_center_fixed.0.1.normalized_p95,1.6222215389385581
frame_02_Al_encoder.collapse.effective_rank,1.077824146722958
frame_02_Al_encoder.collapse.variance,1.4012921810435506
frame_02_Al_encoder.collapse.pair_rms,1.6740921008376752
frame_02_Al_encoder.liquid_collapse.effective_rank,1.5999429967083567
frame_02_Al_encoder.liquid_collapse.variance,0.11061305772090861
frame_02_Al_encoder.liquid_collapse.pair_rms,0.47034680337153056
frame_02_Al_encoder.reference_coverage.liquid_fraction,0.509033203125
frame_02_Al_encoder.reference_coverage.cutoff_stable_fraction,0.951904296875
frame_02_Al_encoder.context.counts.0.train,263
frame_02_Al_encoder.context.counts.0.test,337
frame_02_Al_encoder.context.counts.1.train,652
frame_02_Al_encoder.context.counts.1.test,563
frame_02_Al_encoder.context.counts.2.train,240
frame_02_Al_encoder.context.counts.2.test,211
frame_02_Al_encoder.context.counts.3.train,41
frame_02_Al_encoder.context.counts.3.test,50
frame_02_Al_encoder.context.counts.4.train,0
frame_02_Al_encoder.context.counts.4.test,0
frame_02_Al_encoder.context.counts.5.train,429
frame_02_Al_encoder.context.counts.5.test,525
frame_02_Al_encoder.context.counts.6.train,201
frame_02_Al_encoder.context.counts.6.test,224
frame_02_Al_encoder.context.test_coverage,1.0
frame_02_Al_encoder.context.balanced_accuracy,0.5169884277337573
frame_02_Al_encoder.context.ap.0,0.38128289348316335
frame_02_Al_encoder.context.ap.1,0.984517903675793
frame_02_Al_encoder.context.ap.2,0.40484734473743017
frame_02_Al_encoder.context.ap.3,0.5107763764741792
frame_02_Al_encoder.context.ap.4,
frame_02_Al_encoder.context.ap.5,0.5995750490049933
frame_02_Al_encoder.context.ap.6,0.20209232835366064
frame_02_Al_encoder.ptm.counts.0.train,1032
frame_02_Al_encoder.ptm.counts.0.test,1196
frame_02_Al_encoder.ptm.counts.1.train,734
frame_02_Al_encoder.ptm.counts.1.test,639
frame_02_Al_encoder.ptm.counts.2.train,52
frame_02_Al_encoder.ptm.counts.2.test,59
frame_02_Al_encoder.ptm.counts.3.train,0
frame_02_Al_encoder.ptm.counts.3.test,0
frame_02_Al_encoder.ptm.counts.4.train,8
frame_02_Al_encoder.ptm.counts.4.test,16
frame_02_Al_encoder.ptm.test_coverage,0.9916230366492147
frame_02_Al_encoder.ptm.balanced_accuracy,0.8166081604901704
frame_02_Al_encoder.ptm.ap.0,0.954151931209448
frame_02_Al_encoder.ptm.ap.1,0.9772111548812986
frame_02_Al_encoder.ptm.ap.2,0.2925076957175335
frame_02_Al_encoder.ptm.ap.3,
frame_02_Al_encoder.ptm.ap.4,
frame_02_Al_encoder.liquid_order.train_count,893
frame_02_Al_encoder.liquid_order.test_count,1086
frame_02_Al_encoder.liquid_order.conditional_r2_gain,0.023805877193808556
frame_02_Al_encoder.liquid_order.mean_r2,0.05710531398653984
frame_02_Al_encoder.context_cutoff_008.counts.0.train,263
frame_02_Al_encoder.context_cutoff_008.counts.0.test,338
frame_02_Al_encoder.context_cutoff_008.counts.1.train,652
frame_02_Al_encoder.context_cutoff_008.counts.1.test,562
frame_02_Al_encoder.context_cutoff_008.counts.2.train,209
frame_02_Al_encoder.context_cutoff_008.counts.2.test,188
frame_02_Al_encoder.context_cutoff_008.counts.3.train,41
frame_02_Al_encoder.context_cutoff_008.counts.3.test,50
frame_02_Al_encoder.context_cutoff_008.counts.4.train,0
frame_02_Al_encoder.context_cutoff_008.counts.4.test,0
frame_02_Al_encoder.context_cutoff_008.counts.5.train,433
frame_02_Al_encoder.context_cutoff_008.counts.5.test,530
frame_02_Al_encoder.context_cutoff_008.counts.6.train,228
frame_02_Al_encoder.context_cutoff_008.counts.6.test,242
frame_02_Al_encoder.context_cutoff_008.test_coverage,1.0
frame_02_Al_encoder.context_cutoff_008.balanced_accuracy,0.5229143064282974
frame_02_Al_encoder.context_cutoff_008.ap.0,0.38084361133824207
frame_02_Al_encoder.context_cutoff_008.ap.1,0.9838746142579181
frame_02_Al_encoder.context_cutoff_008.ap.2,0.3958182554262083
frame_02_Al_encoder.context_cutoff_008.ap.3,0.5083698572192883
frame_02_Al_encoder.context_cutoff_008.ap.4,
frame_02_Al_encoder.context_cutoff_008.ap.5,0.609838734722443
frame_02_Al_encoder.context_cutoff_008.ap.6,0.22762851851532245
frame_02_Al_encoder.context_cutoff_010.counts.0.train,263
frame_02_Al_encoder.context_cutoff_010.counts.0.test,337
frame_02_Al_encoder.context_cutoff_010.counts.1.train,652
frame_02_Al_encoder.context_cutoff_010.counts.1.test,563
frame_02_Al_encoder.context_cutoff_010.counts.2.train,240
frame_02_Al_encoder.context_cutoff_010.counts.2.test,211
frame_02_Al_encoder.context_cutoff_010.counts.3.train,41
frame_02_Al_encoder.context_cutoff_010.counts.3.test,50
frame_02_Al_encoder.context_cutoff_010.counts.4.train,0
frame_02_Al_encoder.context_cutoff_010.counts.4.test,0
frame_02_Al_encoder.context_cutoff_010.counts.5.train,429
frame_02_Al_encoder.context_cutoff_010.counts.5.test,525
frame_02_Al_encoder.context_cutoff_010.counts.6.train,201
frame_02_Al_encoder.context_cutoff_010.counts.6.test,224
frame_02_Al_encoder.context_cutoff_010.test_coverage,1.0
frame_02_Al_encoder.context_cutoff_010.balanced_accuracy,0.5169884277337573
frame_02_Al_encoder.context_cutoff_010.ap.0,0.38128289348316335
frame_02_Al_encoder.context_cutoff_010.ap.1,0.984517903675793
frame_02_Al_encoder.context_cutoff_010.ap.2,0.40484734473743017
frame_02_Al_encoder.context_cutoff_010.ap.3,0.5107763764741792
frame_02_Al_encoder.context_cutoff_010.ap.4,
frame_02_Al_encoder.context_cutoff_010.ap.5,0.5995750490049933
frame_02_Al_encoder.context_cutoff_010.ap.6,0.20209232835366064
frame_02_Al_encoder.context_cutoff_012.counts.0.train,261
frame_02_Al_encoder.context_cutoff_012.counts.0.test,334
frame_02_Al_encoder.context_cutoff_012.counts.1.train,661
frame_02_Al_encoder.context_cutoff_012.counts.1.test,571
frame_02_Al_encoder.context_cutoff_012.counts.2.train,276
frame_02_Al_encoder.context_cutoff_012.counts.2.test,264
frame_02_Al_encoder.context_cutoff_012.counts.3.train,41
frame_02_Al_encoder.context_cutoff_012.counts.3.test,50
frame_02_Al_encoder.context_cutoff_012.counts.4.train,0
frame_02_Al_encoder.context_cutoff_012.counts.4.test,0
frame_02_Al_encoder.context_cutoff_012.counts.5.train,421
frame_02_Al_encoder.context_cutoff_012.counts.5.test,514
frame_02_Al_encoder.context_cutoff_012.counts.6.train,166
frame_02_Al_encoder.context_cutoff_012.counts.6.test,177
frame_02_Al_encoder.context_cutoff_012.test_coverage,1.0
frame_02_Al_encoder.context_cutoff_012.balanced_accuracy,0.4983526720198624
frame_02_Al_encoder.context_cutoff_012.ap.0,0.37411549909032915
frame_02_Al_encoder.context_cutoff_012.ap.1,0.9860151292987255
frame_02_Al_encoder.context_cutoff_012.ap.2,0.392431292319697
frame_02_Al_encoder.context_cutoff_012.ap.3,0.5137861286244728
frame_02_Al_encoder.context_cutoff_012.ap.4,
frame_02_Al_encoder.context_cutoff_012.ap.5,0.5952438885119393
frame_02_Al_encoder.context_cutoff_012.ap.6,0.1559020308904931
frame_02_Al_encoder.planar_fault.counts.0.train,1774
frame_02_Al_encoder.planar_fault.counts.0.test,1851
frame_02_Al_encoder.planar_fault.counts.1.train,11
frame_02_Al_encoder.planar_fault.counts.1.test,9
frame_02_Al_encoder.planar_fault.counts.2.train,7
frame_02_Al_encoder.planar_fault.counts.2.test,3
frame_02_Al_encoder.planar_fault.counts.3.train,34
frame_02_Al_encoder.planar_fault.counts.3.test,47
frame_02_Al_encoder.planar_fault.counts.4.train,0
frame_02_Al_encoder.planar_fault.counts.4.test,0
frame_02_Al_encoder.planar_fault.test_coverage,0.993717277486911
frame_02_Al_encoder.planar_fault.balanced_accuracy,0.8203328850420128
frame_02_Al_encoder.planar_fault.ap.0,0.985599817927501
frame_02_Al_encoder.planar_fault.ap.1,
frame_02_Al_encoder.planar_fault.ap.2,
frame_02_Al_encoder.planar_fault.ap.3,0.5824855226920466
frame_02_Al_encoder.planar_fault.ap.4,
frame_02_Al_encoder.spatial.auc,0.46839000200564446
frame_02_Al_encoder.spatial.pairs,1740
frame_02_Al_encoder.spatial.changed_pairs,639
frame_02_Al_encoder.spatial.bins,5
frame_02_Al_encoder.spatial.same_label_normalized_distance,0.37830658063763617
frame_02_Al_encoder.nonbulk_spatial.auc,0.46678338495089083
frame_02_Al_encoder.nonbulk_spatial.pairs,1169
frame_02_Al_encoder.nonbulk_spatial.changed_pairs,574
frame_02_Al_encoder.nonbulk_spatial.bins,5
frame_02_Al_encoder.nonbulk_spatial.same_label_normalized_distance,0.6352846622478712
frame_02_Al_encoder.shuffled_spatial.auc,0.4972618873564774
frame_02_Al_encoder.shuffled_spatial.pairs,1169
frame_02_Al_encoder.shuffled_spatial.changed_pairs,574
frame_02_Al_encoder.shuffled_spatial.bins,5
frame_02_Al_encoder.shuffled_spatial.same_label_normalized_distance,0.7403001132699107
frame_02_Al_encoder.collapsed_spatial.auc,0.5
frame_02_Al_encoder.collapsed_spatial.pairs,1169
frame_02_Al_encoder.collapsed_spatial.changed_pairs,574
frame_02_Al_encoder.collapsed_spatial.bins,5
frame_02_Al_encoder.collapsed_spatial.same_label_normalized_distance,
frame_02_Al_encoder.liquid_topology.train_count,218
frame_02_Al_encoder.liquid_topology.test_count,269
frame_02_Al_encoder.liquid_topology.conditional_r2_gain,-0.510295033454895
frame_02_Al_encoder.liquid_topology.mean_r2,-0.48921239376068115
frame_02_Al_encoder.nonbulk_cluster_ami,0.054334887698134236
frame_02_Al_encoder.continuity_fixed_candidates_center_fixed.0.0001.pair_rms,1.5725577062439877
frame_02_Al_encoder.continuity_fixed_candidates_center_fixed.0.0001.normalized_median,0.00010465817917521049
frame_02_Al_encoder.continuity_fixed_candidates_center_fixed.0.0001.normalized_p95,0.16633168515640023
frame_02_Al_encoder.continuity_fixed_candidates_center_fixed.0.01.pair_rms,1.5725577062439877
frame_02_Al_encoder.continuity_fixed_candidates_center_fixed.0.01.normalized_median,0.11462637557364576
frame_02_Al_encoder.continuity_fixed_candidates_center_fixed.0.01.normalized_p95,1.2485533796507433
frame_02_Al_encoder.continuity_fixed_candidates_center_fixed.0.1.pair_rms,1.5725577062439877
frame_02_Al_encoder.continuity_fixed_candidates_center_fixed.0.1.normalized_median,0.2170229333088049
frame_02_Al_encoder.continuity_fixed_candidates_center_fixed.0.1.normalized_p95,1.7209230389675931
frame_02_Al_projector.collapse.effective_rank,1.077824146722958
frame_02_Al_projector.collapse.variance,1.4012921810435506
frame_02_Al_projector.collapse.pair_rms,1.6740921008376752
frame_02_Al_projector.liquid_collapse.effective_rank,1.5999429967083567
frame_02_Al_projector.liquid_collapse.variance,0.11061305772090861
frame_02_Al_projector.liquid_collapse.pair_rms,0.47034680337153056
frame_02_Al_projector.reference_coverage.liquid_fraction,0.509033203125
frame_02_Al_projector.reference_coverage.cutoff_stable_fraction,0.951904296875
frame_02_Al_projector.context.counts.0.train,263
frame_02_Al_projector.context.counts.0.test,337
frame_02_Al_projector.context.counts.1.train,652
frame_02_Al_projector.context.counts.1.test,563
frame_02_Al_projector.context.counts.2.train,240
frame_02_Al_projector.context.counts.2.test,211
frame_02_Al_projector.context.counts.3.train,41
frame_02_Al_projector.context.counts.3.test,50
frame_02_Al_projector.context.counts.4.train,0
frame_02_Al_projector.context.counts.4.test,0
frame_02_Al_projector.context.counts.5.train,429
frame_02_Al_projector.context.counts.5.test,525
frame_02_Al_projector.context.counts.6.train,201
frame_02_Al_projector.context.counts.6.test,224
frame_02_Al_projector.context.test_coverage,1.0
frame_02_Al_projector.context.balanced_accuracy,0.5169884277337573
frame_02_Al_projector.context.ap.0,0.38128289348316335
frame_02_Al_projector.context.ap.1,0.984517903675793
frame_02_Al_projector.context.ap.2,0.40484734473743017
frame_02_Al_projector.context.ap.3,0.5107763764741792
frame_02_Al_projector.context.ap.4,
frame_02_Al_projector.context.ap.5,0.5995750490049933
frame_02_Al_projector.context.ap.6,0.20209232835366064
frame_02_Al_projector.ptm.counts.0.train,1032
frame_02_Al_projector.ptm.counts.0.test,1196
frame_02_Al_projector.ptm.counts.1.train,734
frame_02_Al_projector.ptm.counts.1.test,639
frame_02_Al_projector.ptm.counts.2.train,52
frame_02_Al_projector.ptm.counts.2.test,59
frame_02_Al_projector.ptm.counts.3.train,0
frame_02_Al_projector.ptm.counts.3.test,0
frame_02_Al_projector.ptm.counts.4.train,8
frame_02_Al_projector.ptm.counts.4.test,16
frame_02_Al_projector.ptm.test_coverage,0.9916230366492147
frame_02_Al_projector.ptm.balanced_accuracy,0.8166081604901704
frame_02_Al_projector.ptm.ap.0,0.954151931209448
frame_02_Al_projector.ptm.ap.1,0.9772111548812986
frame_02_Al_projector.ptm.ap.2,0.2925076957175335
frame_02_Al_projector.ptm.ap.3,
frame_02_Al_projector.ptm.ap.4,
frame_02_Al_projector.liquid_order.train_count,893
frame_02_Al_projector.liquid_order.test_count,1086
frame_02_Al_projector.liquid_order.conditional_r2_gain,0.023805877193808556
frame_02_Al_projector.liquid_order.mean_r2,0.05710531398653984
frame_02_Al_projector.context_cutoff_008.counts.0.train,263
frame_02_Al_projector.context_cutoff_008.counts.0.test,338
frame_02_Al_projector.context_cutoff_008.counts.1.train,652
frame_02_Al_projector.context_cutoff_008.counts.1.test,562
frame_02_Al_projector.context_cutoff_008.counts.2.train,209
frame_02_Al_projector.context_cutoff_008.counts.2.test,188
frame_02_Al_projector.context_cutoff_008.counts.3.train,41
frame_02_Al_projector.context_cutoff_008.counts.3.test,50
frame_02_Al_projector.context_cutoff_008.counts.4.train,0
frame_02_Al_projector.context_cutoff_008.counts.4.test,0
frame_02_Al_projector.context_cutoff_008.counts.5.train,433
frame_02_Al_projector.context_cutoff_008.counts.5.test,530
frame_02_Al_projector.context_cutoff_008.counts.6.train,228
frame_02_Al_projector.context_cutoff_008.counts.6.test,242
frame_02_Al_projector.context_cutoff_008.test_coverage,1.0
frame_02_Al_projector.context_cutoff_008.balanced_accuracy,0.5229143064282974
frame_02_Al_projector.context_cutoff_008.ap.0,0.38084361133824207
frame_02_Al_projector.context_cutoff_008.ap.1,0.9838746142579181
frame_02_Al_projector.context_cutoff_008.ap.2,0.3958182554262083
frame_02_Al_projector.context_cutoff_008.ap.3,0.5083698572192883
frame_02_Al_projector.context_cutoff_008.ap.4,
frame_02_Al_projector.context_cutoff_008.ap.5,0.609838734722443
frame_02_Al_projector.context_cutoff_008.ap.6,0.22762851851532245
frame_02_Al_projector.context_cutoff_010.counts.0.train,263
frame_02_Al_projector.context_cutoff_010.counts.0.test,337
frame_02_Al_projector.context_cutoff_010.counts.1.train,652
frame_02_Al_projector.context_cutoff_010.counts.1.test,563
frame_02_Al_projector.context_cutoff_010.counts.2.train,240
frame_02_Al_projector.context_cutoff_010.counts.2.test,211
frame_02_Al_projector.context_cutoff_010.counts.3.train,41
frame_02_Al_projector.context_cutoff_010.counts.3.test,50
frame_02_Al_projector.context_cutoff_010.counts.4.train,0
frame_02_Al_projector.context_cutoff_010.counts.4.test,0
frame_02_Al_projector.context_cutoff_010.counts.5.train,429
frame_02_Al_projector.context_cutoff_010.counts.5.test,525
frame_02_Al_projector.context_cutoff_010.counts.6.train,201
frame_02_Al_projector.context_cutoff_010.counts.6.test,224
frame_02_Al_projector.context_cutoff_010.test_coverage,1.0
frame_02_Al_projector.context_cutoff_010.balanced_accuracy,0.5169884277337573
frame_02_Al_projector.context_cutoff_010.ap.0,0.38128289348316335
frame_02_Al_projector.context_cutoff_010.ap.1,0.984517903675793
frame_02_Al_projector.context_cutoff_010.ap.2,0.40484734473743017
frame_02_Al_projector.context_cutoff_010.ap.3,0.5107763764741792
frame_02_Al_projector.context_cutoff_010.ap.4,
frame_02_Al_projector.context_cutoff_010.ap.5,0.5995750490049933
frame_02_Al_projector.context_cutoff_010.ap.6,0.20209232835366064
frame_02_Al_projector.context_cutoff_012.counts.0.train,261
frame_02_Al_projector.context_cutoff_012.counts.0.test,334
frame_02_Al_projector.context_cutoff_012.counts.1.train,661
frame_02_Al_projector.context_cutoff_012.counts.1.test,571
frame_02_Al_projector.context_cutoff_012.counts.2.train,276
frame_02_Al_projector.context_cutoff_012.counts.2.test,264
frame_02_Al_projector.context_cutoff_012.counts.3.train,41
frame_02_Al_projector.context_cutoff_012.counts.3.test,50
frame_02_Al_projector.context_cutoff_012.counts.4.train,0
frame_02_Al_projector.context_cutoff_012.counts.4.test,0
frame_02_Al_projector.context_cutoff_012.counts.5.train,421
frame_02_Al_projector.context_cutoff_012.counts.5.test,514
frame_02_Al_projector.context_cutoff_012.counts.6.train,166
frame_02_Al_projector.context_cutoff_012.counts.6.test,177
frame_02_Al_projector.context_cutoff_012.test_coverage,1.0
frame_02_Al_projector.context_cutoff_012.balanced_accuracy,0.4983526720198624
frame_02_Al_projector.context_cutoff_012.ap.0,0.37411549909032915
frame_02_Al_projector.context_cutoff_012.ap.1,0.9860151292987255
frame_02_Al_projector.context_cutoff_012.ap.2,0.392431292319697
frame_02_Al_projector.context_cutoff_012.ap.3,0.5137861286244728
frame_02_Al_projector.context_cutoff_012.ap.4,
frame_02_Al_projector.context_cutoff_012.ap.5,0.5952438885119393
frame_02_Al_projector.context_cutoff_012.ap.6,0.1559020308904931
frame_02_Al_projector.planar_fault.counts.0.train,1774
frame_02_Al_projector.planar_fault.counts.0.test,1851
frame_02_Al_projector.planar_fault.counts.1.train,11
frame_02_Al_projector.planar_fault.counts.1.test,9
frame_02_Al_projector.planar_fault.counts.2.train,7
frame_02_Al_projector.planar_fault.counts.2.test,3
frame_02_Al_projector.planar_fault.counts.3.train,34
frame_02_Al_projector.planar_fault.counts.3.test,47
frame_02_Al_projector.planar_fault.counts.4.train,0
frame_02_Al_projector.planar_fault.counts.4.test,0
frame_02_Al_projector.planar_fault.test_coverage,0.993717277486911
frame_02_Al_projector.planar_fault.balanced_accuracy,0.8203328850420128
frame_02_Al_projector.planar_fault.ap.0,0.985599817927501
frame_02_Al_projector.planar_fault.ap.1,
frame_02_Al_projector.planar_fault.ap.2,
frame_02_Al_projector.planar_fault.ap.3,0.5824855226920466
frame_02_Al_projector.planar_fault.ap.4,
frame_02_Al_projector.spatial.auc,0.46839000200564446
frame_02_Al_projector.spatial.pairs,1740
frame_02_Al_projector.spatial.changed_pairs,639
frame_02_Al_projector.spatial.bins,5
frame_02_Al_projector.spatial.same_label_normalized_distance,0.37830658063763617
frame_02_Al_projector.nonbulk_spatial.auc,0.46678338495089083
frame_02_Al_projector.nonbulk_spatial.pairs,1169
frame_02_Al_projector.nonbulk_spatial.changed_pairs,574
frame_02_Al_projector.nonbulk_spatial.bins,5
frame_02_Al_projector.nonbulk_spatial.same_label_normalized_distance,0.6352846622478712
frame_02_Al_projector.shuffled_spatial.auc,0.4972618873564774
frame_02_Al_projector.shuffled_spatial.pairs,1169
frame_02_Al_projector.shuffled_spatial.changed_pairs,574
frame_02_Al_projector.shuffled_spatial.bins,5
frame_02_Al_projector.shuffled_spatial.same_label_normalized_distance,0.7403001132699107
frame_02_Al_projector.collapsed_spatial.auc,0.5
frame_02_Al_projector.collapsed_spatial.pairs,1169
frame_02_Al_projector.collapsed_spatial.changed_pairs,574
frame_02_Al_projector.collapsed_spatial.bins,5
frame_02_Al_projector.collapsed_spatial.same_label_normalized_distance,
frame_02_Al_projector.liquid_topology.train_count,218
frame_02_Al_projector.liquid_topology.test_count,269
frame_02_Al_projector.liquid_topology.conditional_r2_gain,-0.510295033454895
frame_02_Al_projector.liquid_topology.mean_r2,-0.48921239376068115
frame_02_Al_projector.nonbulk_cluster_ami,0.054334887698134236
frame_02_Al_projector.continuity_fixed_candidates_center_fixed.0.0001.pair_rms,1.5725577062439877
frame_02_Al_projector.continuity_fixed_candidates_center_fixed.0.0001.normalized_median,0.00010465817917521049
frame_02_Al_projector.continuity_fixed_candidates_center_fixed.0.0001.normalized_p95,0.16633168515640023
frame_02_Al_projector.continuity_fixed_candidates_center_fixed.0.01.pair_rms,1.5725577062439877
frame_02_Al_projector.continuity_fixed_candidates_center_fixed.0.01.normalized_median,0.11462637557364576
frame_02_Al_projector.continuity_fixed_candidates_center_fixed.0.01.normalized_p95,1.2485533796507433
frame_02_Al_projector.continuity_fixed_candidates_center_fixed.0.1.pair_rms,1.5725577062439877
frame_02_Al_projector.continuity_fixed_candidates_center_fixed.0.1.normalized_median,0.2170229333088049
frame_02_Al_projector.continuity_fixed_candidates_center_fixed.0.1.normalized_p95,1.7209230389675931
frame_03_Ta_encoder.collapse.effective_rank,1.5842093923658074
frame_03_Ta_encoder.collapse.variance,0.5683017668023875
frame_03_Ta_encoder.collapse.pair_rms,1.0661160976201303
frame_03_Ta_encoder.liquid_collapse.effective_rank,1.2909161167450494
frame_03_Ta_encoder.liquid_collapse.variance,0.500564492499448
frame_03_Ta_encoder.liquid_collapse.pair_rms,1.000564333263432
frame_03_Ta_encoder.reference_coverage.liquid_fraction,0.9990234375
frame_03_Ta_encoder.reference_coverage.cutoff_stable_fraction,0.996826171875
frame_03_Ta_encoder.context.counts.0.train,798
frame_03_Ta_encoder.context.counts.0.test,743
frame_03_Ta_encoder.context.counts.1.train,0
frame_03_Ta_encoder.context.counts.1.test,0
frame_03_Ta_encoder.context.counts.2.train,3
frame_03_Ta_encoder.context.counts.2.test,0
frame_03_Ta_encoder.context.counts.3.train,0
frame_03_Ta_encoder.context.counts.3.test,0
frame_03_Ta_encoder.context.counts.4.train,0
frame_03_Ta_encoder.context.counts.4.test,0
frame_03_Ta_encoder.context.counts.5.train,800
frame_03_Ta_encoder.context.counts.5.test,785
frame_03_Ta_encoder.context.counts.6.train,424
frame_03_Ta_encoder.context.counts.6.test,370
frame_03_Ta_encoder.context.test_coverage,1.0
frame_03_Ta_encoder.context.balanced_accuracy,0.5270592939082708
frame_03_Ta_encoder.context.ap.0,0.6981693809341682
frame_03_Ta_encoder.context.ap.1,
frame_03_Ta_encoder.context.ap.2,
frame_03_Ta_encoder.context.ap.3,
frame_03_Ta_encoder.context.ap.4,
frame_03_Ta_encoder.context.ap.5,0.7063332078609985
frame_03_Ta_encoder.context.ap.6,0.28867506615975014
frame_03_Ta_encoder.ptm.counts.0.train,1905
frame_03_Ta_encoder.ptm.counts.0.test,1792
frame_03_Ta_encoder.ptm.counts.1.train,0
frame_03_Ta_encoder.ptm.counts.1.test,0
frame_03_Ta_encoder.ptm.counts.2.train,0
frame_03_Ta_encoder.ptm.counts.2.test,0
frame_03_Ta_encoder.ptm.counts.3.train,3
frame_03_Ta_encoder.ptm.counts.3.test,0
frame_03_Ta_encoder.ptm.counts.4.train,117
frame_03_Ta_encoder.ptm.counts.4.test,106
frame_03_Ta_encoder.ptm.test_coverage,1.0
frame_03_Ta_encoder.ptm.balanced_accuracy,0.7926686741913747
frame_03_Ta_encoder.ptm.ap.0,0.992265815600563
frame_03_Ta_encoder.ptm.ap.1,
frame_03_Ta_encoder.ptm.ap.2,
frame_03_Ta_encoder.ptm.ap.3,
frame_03_Ta_encoder.ptm.ap.4,0.32351830742350357
frame_03_Ta_encoder.liquid_order.train_count,2022
frame_03_Ta_encoder.liquid_order.test_count,1898
frame_03_Ta_encoder.liquid_order.conditional_r2_gain,0.020006030797958374
frame_03_Ta_encoder.liquid_order.mean_r2,0.1111387312412262
frame_03_Ta_encoder.context_cutoff_008.counts.0.train,798
frame_03_Ta_encoder.context_cutoff_008.counts.0.test,743
frame_03_Ta_encoder.context_cutoff_008.counts.1.train,0
frame_03_Ta_encoder.context_cutoff_008.counts.1.test,0
frame_03_Ta_encoder.context_cutoff_008.counts.2.train,2
frame_03_Ta_encoder.context_cutoff_008.counts.2.test,0
frame_03_Ta_encoder.context_cutoff_008.counts.3.train,0
frame_03_Ta_encoder.context_cutoff_008.counts.3.test,0
frame_03_Ta_encoder.context_cutoff_008.counts.4.train,0
frame_03_Ta_encoder.context_cutoff_008.counts.4.test,0
frame_03_Ta_encoder.context_cutoff_008.counts.5.train,800
frame_03_Ta_encoder.context_cutoff_008.counts.5.test,785
frame_03_Ta_encoder.context_cutoff_008.counts.6.train,425
frame_03_Ta_encoder.context_cutoff_008.counts.6.test,370
frame_03_Ta_encoder.context_cutoff_008.test_coverage,1.0
frame_03_Ta_encoder.context_cutoff_008.balanced_accuracy,0.5279121883625917
frame_03_Ta_encoder.context_cutoff_008.ap.0,0.6988698155826611
frame_03_Ta_encoder.context_cutoff_008.ap.1,
frame_03_Ta_encoder.context_cutoff_008.ap.2,
frame_03_Ta_encoder.context_cutoff_008.ap.3,
frame_03_Ta_encoder.context_cutoff_008.ap.4,
frame_03_Ta_encoder.context_cutoff_008.ap.5,0.7061761099784659
frame_03_Ta_encoder.context_cutoff_008.ap.6,0.2890417670802971
frame_03_Ta_encoder.context_cutoff_010.counts.0.train,798
frame_03_Ta_encoder.context_cutoff_010.counts.0.test,743
frame_03_Ta_encoder.context_cutoff_010.counts.1.train,0
frame_03_Ta_encoder.context_cutoff_010.counts.1.test,0
frame_03_Ta_encoder.context_cutoff_010.counts.2.train,3
frame_03_Ta_encoder.context_cutoff_010.counts.2.test,0
frame_03_Ta_encoder.context_cutoff_010.counts.3.train,0
frame_03_Ta_encoder.context_cutoff_010.counts.3.test,0
frame_03_Ta_encoder.context_cutoff_010.counts.4.train,0
frame_03_Ta_encoder.context_cutoff_010.counts.4.test,0
frame_03_Ta_encoder.context_cutoff_010.counts.5.train,800
frame_03_Ta_encoder.context_cutoff_010.counts.5.test,785
frame_03_Ta_encoder.context_cutoff_010.counts.6.train,424
frame_03_Ta_encoder.context_cutoff_010.counts.6.test,370
frame_03_Ta_encoder.context_cutoff_010.test_coverage,1.0
frame_03_Ta_encoder.context_cutoff_010.balanced_accuracy,0.5270592939082708
frame_03_Ta_encoder.context_cutoff_010.ap.0,0.6981693809341682
frame_03_Ta_encoder.context_cutoff_010.ap.1,
frame_03_Ta_encoder.context_cutoff_010.ap.2,
frame_03_Ta_encoder.context_cutoff_010.ap.3,
frame_03_Ta_encoder.context_cutoff_010.ap.4,
frame_03_Ta_encoder.context_cutoff_010.ap.5,0.7063332078609985
frame_03_Ta_encoder.context_cutoff_010.ap.6,0.28867506615975014
frame_03_Ta_encoder.context_cutoff_012.counts.0.train,798
frame_03_Ta_encoder.context_cutoff_012.counts.0.test,743
frame_03_Ta_encoder.context_cutoff_012.counts.1.train,0
frame_03_Ta_encoder.context_cutoff_012.counts.1.test,0
frame_03_Ta_encoder.context_cutoff_012.counts.2.train,6
frame_03_Ta_encoder.context_cutoff_012.counts.2.test,7
frame_03_Ta_encoder.context_cutoff_012.counts.3.train,0
frame_03_Ta_encoder.context_cutoff_012.counts.3.test,0
frame_03_Ta_encoder.context_cutoff_012.counts.4.train,0
frame_03_Ta_encoder.context_cutoff_012.counts.4.test,0
frame_03_Ta_encoder.context_cutoff_012.counts.5.train,800
frame_03_Ta_encoder.context_cutoff_012.counts.5.test,784
frame_03_Ta_encoder.context_cutoff_012.counts.6.train,421
frame_03_Ta_encoder.context_cutoff_012.counts.6.test,364
frame_03_Ta_encoder.context_cutoff_012.test_coverage,0.9963119072708114
frame_03_Ta_encoder.context_cutoff_012.balanced_accuracy,0.5275673863084938
frame_03_Ta_encoder.context_cutoff_012.ap.0,0.6984726111097329
frame_03_Ta_encoder.context_cutoff_012.ap.1,
frame_03_Ta_encoder.context_cutoff_012.ap.2,
frame_03_Ta_encoder.context_cutoff_012.ap.3,
frame_03_Ta_encoder.context_cutoff_012.ap.4,
frame_03_Ta_encoder.context_cutoff_012.ap.5,0.7048006840216519
frame_03_Ta_encoder.context_cutoff_012.ap.6,0.2742351397064954
frame_03_Ta_encoder.spatial.auc,0.5118168904676239
frame_03_Ta_encoder.spatial.pairs,1884
frame_03_Ta_encoder.spatial.changed_pairs,1030
frame_03_Ta_encoder.spatial.bins,5
frame_03_Ta_encoder.spatial.same_label_normalized_distance,0.5260849454216725
frame_03_Ta_encoder.nonbulk_spatial.auc,0.5118168904676239
frame_03_Ta_encoder.nonbulk_spatial.pairs,1884
frame_03_Ta_encoder.nonbulk_spatial.changed_pairs,1030
frame_03_Ta_encoder.nonbulk_spatial.bins,5
frame_03_Ta_encoder.nonbulk_spatial.same_label_normalized_distance,0.5260849454216725
frame_03_Ta_encoder.shuffled_spatial.auc,0.48459180195972756
frame_03_Ta_encoder.shuffled_spatial.pairs,1884
frame_03_Ta_encoder.shuffled_spatial.changed_pairs,1030
frame_03_Ta_encoder.shuffled_spatial.bins,5
frame_03_Ta_encoder.shuffled_spatial.same_label_normalized_distance,0.519783778815682
frame_03_Ta_encoder.collapsed_spatial.auc,0.5
frame_03_Ta_encoder.collapsed_spatial.pairs,1884
frame_03_Ta_encoder.collapsed_spatial.changed_pairs,1030
frame_03_Ta_encoder.collapsed_spatial.bins,5
frame_03_Ta_encoder.collapsed_spatial.same_label_normalized_distance,
frame_03_Ta_encoder.liquid_topology.train_count,521
frame_03_Ta_encoder.liquid_topology.test_count,465
frame_03_Ta_encoder.liquid_topology.conditional_r2_gain,-0.5907154083251953
frame_03_Ta_encoder.liquid_topology.mean_r2,-0.5997115969657898
frame_03_Ta_encoder.nonbulk_cluster_ami,0.009917151472807261
frame_03_Ta_encoder.continuity_fixed_candidates_center_fixed.0.0001.pair_rms,1.521290357523313
frame_03_Ta_encoder.continuity_fixed_candidates_center_fixed.0.0001.normalized_median,6.351938822681518e-05
frame_03_Ta_encoder.continuity_fixed_candidates_center_fixed.0.0001.normalized_p95,0.007627351119047459
frame_03_Ta_encoder.continuity_fixed_candidates_center_fixed.0.01.pair_rms,1.521290357523313
frame_03_Ta_encoder.continuity_fixed_candidates_center_fixed.0.01.normalized_median,0.06614127964714608
frame_03_Ta_encoder.continuity_fixed_candidates_center_fixed.0.01.normalized_p95,0.23976082618014594
frame_03_Ta_encoder.continuity_fixed_candidates_center_fixed.0.1.pair_rms,1.521290357523313
frame_03_Ta_encoder.continuity_fixed_candidates_center_fixed.0.1.normalized_median,0.17489233395828968
frame_03_Ta_encoder.continuity_fixed_candidates_center_fixed.0.1.normalized_p95,0.5839996224857993
frame_03_Ta_projector.collapse.effective_rank,1.5842093923658074
frame_03_Ta_projector.collapse.variance,0.5683017668023875
frame_03_Ta_projector.collapse.pair_rms,1.0661160976201303
frame_03_Ta_projector.liquid_collapse.effective_rank,1.2909161167450494
frame_03_Ta_projector.liquid_collapse.variance,0.500564492499448
frame_03_Ta_projector.liquid_collapse.pair_rms,1.000564333263432
frame_03_Ta_projector.reference_coverage.liquid_fraction,0.9990234375
frame_03_Ta_projector.reference_coverage.cutoff_stable_fraction,0.996826171875
frame_03_Ta_projector.context.counts.0.train,798
frame_03_Ta_projector.context.counts.0.test,743
frame_03_Ta_projector.context.counts.1.train,0
frame_03_Ta_projector.context.counts.1.test,0
frame_03_Ta_projector.context.counts.2.train,3
frame_03_Ta_projector.context.counts.2.test,0
frame_03_Ta_projector.context.counts.3.train,0
frame_03_Ta_projector.context.counts.3.test,0
frame_03_Ta_projector.context.counts.4.train,0
frame_03_Ta_projector.context.counts.4.test,0
frame_03_Ta_projector.context.counts.5.train,800
frame_03_Ta_projector.context.counts.5.test,785
frame_03_Ta_projector.context.counts.6.train,424
frame_03_Ta_projector.context.counts.6.test,370
frame_03_Ta_projector.context.test_coverage,1.0
frame_03_Ta_projector.context.balanced_accuracy,0.5270592939082708
frame_03_Ta_projector.context.ap.0,0.6981693809341682
frame_03_Ta_projector.context.ap.1,
frame_03_Ta_projector.context.ap.2,
frame_03_Ta_projector.context.ap.3,
frame_03_Ta_projector.context.ap.4,
frame_03_Ta_projector.context.ap.5,0.7063332078609985
frame_03_Ta_projector.context.ap.6,0.28867506615975014
frame_03_Ta_projector.ptm.counts.0.train,1905
frame_03_Ta_projector.ptm.counts.0.test,1792
frame_03_Ta_projector.ptm.counts.1.train,0
frame_03_Ta_projector.ptm.counts.1.test,0
frame_03_Ta_projector.ptm.counts.2.train,0
frame_03_Ta_projector.ptm.counts.2.test,0
frame_03_Ta_projector.ptm.counts.3.train,3
frame_03_Ta_projector.ptm.counts.3.test,0
frame_03_Ta_projector.ptm.counts.4.train,117
frame_03_Ta_projector.ptm.counts.4.test,106
frame_03_Ta_projector.ptm.test_coverage,1.0
frame_03_Ta_projector.ptm.balanced_accuracy,0.7926686741913747
frame_03_Ta_projector.ptm.ap.0,0.992265815600563
frame_03_Ta_projector.ptm.ap.1,
frame_03_Ta_projector.ptm.ap.2,
frame_03_Ta_projector.ptm.ap.3,
frame_03_Ta_projector.ptm.ap.4,0.32351830742350357
frame_03_Ta_projector.liquid_order.train_count,2022
frame_03_Ta_projector.liquid_order.test_count,1898
frame_03_Ta_projector.liquid_order.conditional_r2_gain,0.020006030797958374
frame_03_Ta_projector.liquid_order.mean_r2,0.1111387312412262
frame_03_Ta_projector.context_cutoff_008.counts.0.train,798
frame_03_Ta_projector.context_cutoff_008.counts.0.test,743
frame_03_Ta_projector.context_cutoff_008.counts.1.train,0
frame_03_Ta_projector.context_cutoff_008.counts.1.test,0
frame_03_Ta_projector.context_cutoff_008.counts.2.train,2
frame_03_Ta_projector.context_cutoff_008.counts.2.test,0
frame_03_Ta_projector.context_cutoff_008.counts.3.train,0
frame_03_Ta_projector.context_cutoff_008.counts.3.test,0
frame_03_Ta_projector.context_cutoff_008.counts.4.train,0
frame_03_Ta_projector.context_cutoff_008.counts.4.test,0
frame_03_Ta_projector.context_cutoff_008.counts.5.train,800
frame_03_Ta_projector.context_cutoff_008.counts.5.test,785
frame_03_Ta_projector.context_cutoff_008.counts.6.train,425
frame_03_Ta_projector.context_cutoff_008.counts.6.test,370
frame_03_Ta_projector.context_cutoff_008.test_coverage,1.0
frame_03_Ta_projector.context_cutoff_008.balanced_accuracy,0.5279121883625917
frame_03_Ta_projector.context_cutoff_008.ap.0,0.6988698155826611
frame_03_Ta_projector.context_cutoff_008.ap.1,
frame_03_Ta_projector.context_cutoff_008.ap.2,
frame_03_Ta_projector.context_cutoff_008.ap.3,
frame_03_Ta_projector.context_cutoff_008.ap.4,
frame_03_Ta_projector.context_cutoff_008.ap.5,0.7061761099784659
frame_03_Ta_projector.context_cutoff_008.ap.6,0.2890417670802971
frame_03_Ta_projector.context_cutoff_010.counts.0.train,798
frame_03_Ta_projector.context_cutoff_010.counts.0.test,743
frame_03_Ta_projector.context_cutoff_010.counts.1.train,0
frame_03_Ta_projector.context_cutoff_010.counts.1.test,0
frame_03_Ta_projector.context_cutoff_010.counts.2.train,3
frame_03_Ta_projector.context_cutoff_010.counts.2.test,0
frame_03_Ta_projector.context_cutoff_010.counts.3.train,0
frame_03_Ta_projector.context_cutoff_010.counts.3.test,0
frame_03_Ta_projector.context_cutoff_010.counts.4.train,0
frame_03_Ta_projector.context_cutoff_010.counts.4.test,0
frame_03_Ta_projector.context_cutoff_010.counts.5.train,800
frame_03_Ta_projector.context_cutoff_010.counts.5.test,785
frame_03_Ta_projector.context_cutoff_010.counts.6.train,424
frame_03_Ta_projector.context_cutoff_010.counts.6.test,370
frame_03_Ta_projector.context_cutoff_010.test_coverage,1.0
frame_03_Ta_projector.context_cutoff_010.balanced_accuracy,0.5270592939082708
frame_03_Ta_projector.context_cutoff_010.ap.0,0.6981693809341682
frame_03_Ta_projector.context_cutoff_010.ap.1,
frame_03_Ta_projector.context_cutoff_010.ap.2,
frame_03_Ta_projector.context_cutoff_010.ap.3,
frame_03_Ta_projector.context_cutoff_010.ap.4,
frame_03_Ta_projector.context_cutoff_010.ap.5,0.7063332078609985
frame_03_Ta_projector.context_cutoff_010.ap.6,0.28867506615975014
frame_03_Ta_projector.context_cutoff_012.counts.0.train,798
frame_03_Ta_projector.context_cutoff_012.counts.0.test,743
frame_03_Ta_projector.context_cutoff_012.counts.1.train,0
frame_03_Ta_projector.context_cutoff_012.counts.1.test,0
frame_03_Ta_projector.context_cutoff_012.counts.2.train,6
frame_03_Ta_projector.context_cutoff_012.counts.2.test,7
frame_03_Ta_projector.context_cutoff_012.counts.3.train,0
frame_03_Ta_projector.context_cutoff_012.counts.3.test,0
frame_03_Ta_projector.context_cutoff_012.counts.4.train,0
frame_03_Ta_projector.context_cutoff_012.counts.4.test,0
frame_03_Ta_projector.context_cutoff_012.counts.5.train,800
frame_03_Ta_projector.context_cutoff_012.counts.5.test,784
frame_03_Ta_projector.context_cutoff_012.counts.6.train,421
frame_03_Ta_projector.context_cutoff_012.counts.6.test,364
frame_03_Ta_projector.context_cutoff_012.test_coverage,0.9963119072708114
frame_03_Ta_projector.context_cutoff_012.balanced_accuracy,0.5275673863084938
frame_03_Ta_projector.context_cutoff_012.ap.0,0.6984726111097329
frame_03_Ta_projector.context_cutoff_012.ap.1,
frame_03_Ta_projector.context_cutoff_012.ap.2,
frame_03_Ta_projector.context_cutoff_012.ap.3,
frame_03_Ta_projector.context_cutoff_012.ap.4,
frame_03_Ta_projector.context_cutoff_012.ap.5,0.7048006840216519
frame_03_Ta_projector.context_cutoff_012.ap.6,0.2742351397064954
frame_03_Ta_projector.spatial.auc,0.5118168904676239
frame_03_Ta_projector.spatial.pairs,1884
frame_03_Ta_projector.spatial.changed_pairs,1030
frame_03_Ta_projector.spatial.bins,5
frame_03_Ta_projector.spatial.same_label_normalized_distance,0.5260849454216725
frame_03_Ta_projector.nonbulk_spatial.auc,0.5118168904676239
frame_03_Ta_projector.nonbulk_spatial.pairs,1884
frame_03_Ta_projector.nonbulk_spatial.changed_pairs,1030
frame_03_Ta_projector.nonbulk_spatial.bins,5
frame_03_Ta_projector.nonbulk_spatial.same_label_normalized_distance,0.5260849454216725
frame_03_Ta_projector.shuffled_spatial.auc,0.48459180195972756
frame_03_Ta_projector.shuffled_spatial.pairs,1884
frame_03_Ta_projector.shuffled_spatial.changed_pairs,1030
frame_03_Ta_projector.shuffled_spatial.bins,5
frame_03_Ta_projector.shuffled_spatial.same_label_normalized_distance,0.519783778815682
frame_03_Ta_projector.collapsed_spatial.auc,0.5
frame_03_Ta_projector.collapsed_spatial.pairs,1884
frame_03_Ta_projector.collapsed_spatial.changed_pairs,1030
frame_03_Ta_projector.collapsed_spatial.bins,5
frame_03_Ta_projector.collapsed_spatial.same_label_normalized_distance,
frame_03_Ta_projector.liquid_topology.train_count,521
frame_03_Ta_projector.liquid_topology.test_count,465
frame_03_Ta_projector.liquid_topology.conditional_r2_gain,-0.5907154083251953
frame_03_Ta_projector.liquid_topology.mean_r2,-0.5997115969657898
frame_03_Ta_projector.nonbulk_cluster_ami,0.009917151472807261
frame_03_Ta_projector.continuity_fixed_candidates_center_fixed.0.0001.pair_rms,1.521290357523313
frame_03_Ta_projector.continuity_fixed_candidates_center_fixed.0.0001.normalized_median,6.351938822681518e-05
frame_03_Ta_projector.continuity_fixed_candidates_center_fixed.0.0001.normalized_p95,0.007627351119047459
frame_03_Ta_projector.continuity_fixed_candidates_center_fixed.0.01.pair_rms,1.521290357523313
frame_03_Ta_projector.continuity_fixed_candidates_center_fixed.0.01.normalized_median,0.06614127964714608
frame_03_Ta_projector.continuity_fixed_candidates_center_fixed.0.01.normalized_p95,0.23976082618014594
frame_03_Ta_projector.continuity_fixed_candidates_center_fixed.0.1.pair_rms,1.521290357523313
frame_03_Ta_projector.continuity_fixed_candidates_center_fixed.0.1.normalized_median,0.17489233395828968
frame_03_Ta_projector.continuity_fixed_candidates_center_fixed.0.1.normalized_p95,0.5839996224857993
frame_04_Ta_encoder.collapse.effective_rank,1.3451140611081709
frame_04_Ta_encoder.collapse.variance,10.497711247299593
frame_04_Ta_encoder.collapse.pair_rms,4.58207622095041
frame_04_Ta_encoder.liquid_collapse.effective_rank,1.2823550307038407
frame_04_Ta_encoder.liquid_collapse.variance,0.5818945070575868
frame_04_Ta_encoder.liquid_collapse.pair_rms,1.0787905330114709
frame_04_Ta_encoder.reference_coverage.liquid_fraction,0.927001953125
frame_04_Ta_encoder.reference_coverage.cutoff_stable_fraction,0.99365234375
frame_04_Ta_encoder.context.counts.0.train,667
frame_04_Ta_encoder.context.counts.0.test,749
frame_04_Ta_encoder.context.counts.1.train,168
frame_04_Ta_encoder.context.counts.1.test,58
frame_04_Ta_encoder.context.counts.2.train,32
frame_04_Ta_encoder.context.counts.2.test,40
frame_04_Ta_encoder.context.counts.3.train,0
frame_04_Ta_encoder.context.counts.3.test,0
frame_04_Ta_encoder.context.counts.4.train,0
frame_04_Ta_encoder.context.counts.4.test,0
frame_04_Ta_encoder.context.counts.5.train,725
frame_04_Ta_encoder.context.counts.5.test,759
frame_04_Ta_encoder.context.counts.6.train,381
frame_04_Ta_encoder.context.counts.6.test,364
frame_04_Ta_encoder.context.test_coverage,1.0
frame_04_Ta_encoder.context.balanced_accuracy,0.6098181802970998
frame_04_Ta_encoder.context.ap.0,0.6879983607378704
frame_04_Ta_encoder.context.ap.1,0.9489078297041093
frame_04_Ta_encoder.context.ap.2,0.6232340656272152
frame_04_Ta_encoder.context.ap.3,
frame_04_Ta_encoder.context.ap.4,
frame_04_Ta_encoder.context.ap.5,0.7026566744305682
frame_04_Ta_encoder.context.ap.6,0.31860147358484625
frame_04_Ta_encoder.ptm.counts.0.train,1692
frame_04_Ta_encoder.ptm.counts.0.test,1809
frame_04_Ta_encoder.ptm.counts.1.train,0
frame_04_Ta_encoder.ptm.counts.1.test,0
frame_04_Ta_encoder.ptm.counts.2.train,0
frame_04_Ta_encoder.ptm.counts.2.test,0
frame_04_Ta_encoder.ptm.counts.3.train,188
frame_04_Ta_encoder.ptm.counts.3.test,73
frame_04_Ta_encoder.ptm.counts.4.train,93
frame_04_Ta_encoder.ptm.counts.4.test,88
frame_04_Ta_encoder.ptm.test_coverage,1.0
frame_04_Ta_encoder.ptm.balanced_accuracy,0.8540573388763942
frame_04_Ta_encoder.ptm.ap.0,0.9901967185282643
frame_04_Ta_encoder.ptm.ap.1,
frame_04_Ta_encoder.ptm.ap.2,
frame_04_Ta_encoder.ptm.ap.3,0.9932644869249416
frame_04_Ta_encoder.ptm.ap.4,0.30475495229580984
frame_04_Ta_encoder.liquid_order.train_count,1773
frame_04_Ta_encoder.liquid_order.test_count,1872
frame_04_Ta_encoder.liquid_order.conditional_r2_gain,0.09855753183364868
frame_04_Ta_encoder.liquid_order.mean_r2,0.19227083027362823
frame_04_Ta_encoder.context_cutoff_008.counts.0.train,667
frame_04_Ta_encoder.context_cutoff_008.counts.0.test,749
frame_04_Ta_encoder.context_cutoff_008.counts.1.train,167
frame_04_Ta_encoder.context_cutoff_008.counts.1.test,58
frame_04_Ta_encoder.context_cutoff_008.counts.2.train,31
frame_04_Ta_encoder.context_cutoff_008.counts.2.test,32
frame_04_Ta_encoder.context_cutoff_008.counts.3.train,0
frame_04_Ta_encoder.context_cutoff_008.counts.3.test,0
frame_04_Ta_encoder.context_cutoff_008.counts.4.train,0
frame_04_Ta_encoder.context_cutoff_008.counts.4.test,0
frame_04_Ta_encoder.context_cutoff_008.counts.5.train,726
frame_04_Ta_encoder.context_cutoff_008.counts.5.test,760
frame_04_Ta_encoder.context_cutoff_008.counts.6.train,382
frame_04_Ta_encoder.context_cutoff_008.counts.6.test,371
frame_04_Ta_encoder.context_cutoff_008.test_coverage,1.0
frame_04_Ta_encoder.context_cutoff_008.balanced_accuracy,0.6201774139538034
frame_04_Ta_encoder.context_cutoff_008.ap.0,0.6924880581935405
frame_04_Ta_encoder.context_cutoff_008.ap.1,0.9528321826891756
frame_04_Ta_encoder.context_cutoff_008.ap.2,0.7151590507530857
frame_04_Ta_encoder.context_cutoff_008.ap.3,
frame_04_Ta_encoder.context_cutoff_008.ap.4,
frame_04_Ta_encoder.context_cutoff_008.ap.5,0.7039135906749833
frame_04_Ta_encoder.context_cutoff_008.ap.6,0.33671511695008505
frame_04_Ta_encoder.context_cutoff_010.counts.0.train,667
frame_04_Ta_encoder.context_cutoff_010.counts.0.test,749
frame_04_Ta_encoder.context_cutoff_010.counts.1.train,168
frame_04_Ta_encoder.context_cutoff_010.counts.1.test,58
frame_04_Ta_encoder.context_cutoff_010.counts.2.train,32
frame_04_Ta_encoder.context_cutoff_010.counts.2.test,40
frame_04_Ta_encoder.context_cutoff_010.counts.3.train,0
frame_04_Ta_encoder.context_cutoff_010.counts.3.test,0
frame_04_Ta_encoder.context_cutoff_010.counts.4.train,0
frame_04_Ta_encoder.context_cutoff_010.counts.4.test,0
frame_04_Ta_encoder.context_cutoff_010.counts.5.train,725
frame_04_Ta_encoder.context_cutoff_010.counts.5.test,759
frame_04_Ta_encoder.context_cutoff_010.counts.6.train,381
frame_04_Ta_encoder.context_cutoff_010.counts.6.test,364
frame_04_Ta_encoder.context_cutoff_010.test_coverage,1.0
frame_04_Ta_encoder.context_cutoff_010.balanced_accuracy,0.6098181802970998
frame_04_Ta_encoder.context_cutoff_010.ap.0,0.6879983607378704
frame_04_Ta_encoder.context_cutoff_010.ap.1,0.9489078297041093
frame_04_Ta_encoder.context_cutoff_010.ap.2,0.6232340656272152
frame_04_Ta_encoder.context_cutoff_010.ap.3,
frame_04_Ta_encoder.context_cutoff_010.ap.4,
frame_04_Ta_encoder.context_cutoff_010.ap.5,0.7026566744305682
frame_04_Ta_encoder.context_cutoff_010.ap.6,0.31860147358484625
frame_04_Ta_encoder.context_cutoff_012.counts.0.train,667
frame_04_Ta_encoder.context_cutoff_012.counts.0.test,749
frame_04_Ta_encoder.context_cutoff_012.counts.1.train,171
frame_04_Ta_encoder.context_cutoff_012.counts.1.test,59
frame_04_Ta_encoder.context_cutoff_012.counts.2.train,34
frame_04_Ta_encoder.context_cutoff_012.counts.2.test,44
frame_04_Ta_encoder.context_cutoff_012.counts.3.train,0
frame_04_Ta_encoder.context_cutoff_012.counts.3.test,0
frame_04_Ta_encoder.context_cutoff_012.counts.4.train,0
frame_04_Ta_encoder.context_cutoff_012.counts.4.test,0
frame_04_Ta_encoder.context_cutoff_012.counts.5.train,725
frame_04_Ta_encoder.context_cutoff_012.counts.5.test,759
frame_04_Ta_encoder.context_cutoff_012.counts.6.train,376
frame_04_Ta_encoder.context_cutoff_012.counts.6.test,359
frame_04_Ta_encoder.context_cutoff_012.test_coverage,1.0
frame_04_Ta_encoder.context_cutoff_012.balanced_accuracy,0.5953689686493744
frame_04_Ta_encoder.context_cutoff_012.ap.0,0.6890861312203814
frame_04_Ta_encoder.context_cutoff_012.ap.1,0.9562810518813324
frame_04_Ta_encoder.context_cutoff_012.ap.2,0.5212854446473295
frame_04_Ta_encoder.context_cutoff_012.ap.3,
frame_04_Ta_encoder.context_cutoff_012.ap.4,
frame_04_Ta_encoder.context_cutoff_012.ap.5,0.7042159395819096
frame_04_Ta_encoder.context_cutoff_012.ap.6,0.29613362902311857
frame_04_Ta_encoder.spatial.auc,0.5109669713856636
frame_04_Ta_encoder.spatial.pairs,1936
frame_04_Ta_encoder.spatial.changed_pairs,1040
frame_04_Ta_encoder.spatial.bins,5
frame_04_Ta_encoder.spatial.same_label_normalized_distance,0.19887989378443655
frame_04_Ta_encoder.nonbulk_spatial.auc,0.5050884101964289
frame_04_Ta_encoder.nonbulk_spatial.pairs,1875
frame_04_Ta_encoder.nonbulk_spatial.changed_pairs,1031
frame_04_Ta_encoder.nonbulk_spatial.bins,5
frame_04_Ta_encoder.nonbulk_spatial.same_label_normalized_distance,0.35349206063994315
frame_04_Ta_encoder.shuffled_spatial.auc,0.47520112018364685
frame_04_Ta_encoder.shuffled_spatial.pairs,1875
frame_04_Ta_encoder.shuffled_spatial.changed_pairs,1031
frame_04_Ta_encoder.shuffled_spatial.bins,5
frame_04_Ta_encoder.shuffled_spatial.same_label_normalized_distance,0.5089424871582726
frame_04_Ta_encoder.collapsed_spatial.auc,0.5
frame_04_Ta_encoder.collapsed_spatial.pairs,1875
frame_04_Ta_encoder.collapsed_spatial.changed_pairs,1031
frame_04_Ta_encoder.collapsed_spatial.bins,5
frame_04_Ta_encoder.collapsed_spatial.same_label_normalized_distance,
frame_04_Ta_encoder.liquid_topology.train_count,431
frame_04_Ta_encoder.liquid_topology.test_count,475
frame_04_Ta_encoder.liquid_topology.conditional_r2_gain,-2.846143960952759
frame_04_Ta_encoder.liquid_topology.mean_r2,-3.049595355987549
frame_04_Ta_encoder.nonbulk_cluster_ami,0.10167832966277199
frame_04_Ta_encoder.continuity_fixed_candidates_center_fixed.0.0001.pair_rms,5.038776310881267
frame_04_Ta_encoder.continuity_fixed_candidates_center_fixed.0.0001.normalized_median,2.1539575409634537e-05
frame_04_Ta_encoder.continuity_fixed_candidates_center_fixed.0.0001.normalized_p95,0.006633134464384128
frame_04_Ta_encoder.continuity_fixed_candidates_center_fixed.0.01.pair_rms,5.038776310881267
frame_04_Ta_encoder.continuity_fixed_candidates_center_fixed.0.01.normalized_median,0.025288141767123355
frame_04_Ta_encoder.continuity_fixed_candidates_center_fixed.0.01.normalized_p95,0.12895807886199773
frame_04_Ta_encoder.continuity_fixed_candidates_center_fixed.0.1.pair_rms,5.038776310881267
frame_04_Ta_encoder.continuity_fixed_candidates_center_fixed.0.1.normalized_median,0.059046397940711086
frame_04_Ta_encoder.continuity_fixed_candidates_center_fixed.0.1.normalized_p95,0.6330202019159547
frame_04_Ta_projector.collapse.effective_rank,1.3451140611081709
frame_04_Ta_projector.collapse.variance,10.497711247299593
frame_04_Ta_projector.collapse.pair_rms,4.58207622095041
frame_04_Ta_projector.liquid_collapse.effective_rank,1.2823550307038407
frame_04_Ta_projector.liquid_collapse.variance,0.5818945070575868
frame_04_Ta_projector.liquid_collapse.pair_rms,1.0787905330114709
frame_04_Ta_projector.reference_coverage.liquid_fraction,0.927001953125
frame_04_Ta_projector.reference_coverage.cutoff_stable_fraction,0.99365234375
frame_04_Ta_projector.context.counts.0.train,667
frame_04_Ta_projector.context.counts.0.test,749
frame_04_Ta_projector.context.counts.1.train,168
frame_04_Ta_projector.context.counts.1.test,58
frame_04_Ta_projector.context.counts.2.train,32
frame_04_Ta_projector.context.counts.2.test,40
frame_04_Ta_projector.context.counts.3.train,0
frame_04_Ta_projector.context.counts.3.test,0
frame_04_Ta_projector.context.counts.4.train,0
frame_04_Ta_projector.context.counts.4.test,0
frame_04_Ta_projector.context.counts.5.train,725
frame_04_Ta_projector.context.counts.5.test,759
frame_04_Ta_projector.context.counts.6.train,381
frame_04_Ta_projector.context.counts.6.test,364
frame_04_Ta_projector.context.test_coverage,1.0
frame_04_Ta_projector.context.balanced_accuracy,0.6098181802970998
frame_04_Ta_projector.context.ap.0,0.6879983607378704
frame_04_Ta_projector.context.ap.1,0.9489078297041093
frame_04_Ta_projector.context.ap.2,0.6232340656272152
frame_04_Ta_projector.context.ap.3,
frame_04_Ta_projector.context.ap.4,
frame_04_Ta_projector.context.ap.5,0.7026566744305682
frame_04_Ta_projector.context.ap.6,0.31860147358484625
frame_04_Ta_projector.ptm.counts.0.train,1692
frame_04_Ta_projector.ptm.counts.0.test,1809
frame_04_Ta_projector.ptm.counts.1.train,0
frame_04_Ta_projector.ptm.counts.1.test,0
frame_04_Ta_projector.ptm.counts.2.train,0
frame_04_Ta_projector.ptm.counts.2.test,0
frame_04_Ta_projector.ptm.counts.3.train,188
frame_04_Ta_projector.ptm.counts.3.test,73
frame_04_Ta_projector.ptm.counts.4.train,93
frame_04_Ta_projector.ptm.counts.4.test,88
frame_04_Ta_projector.ptm.test_coverage,1.0
frame_04_Ta_projector.ptm.balanced_accuracy,0.8540573388763942
frame_04_Ta_projector.ptm.ap.0,0.9901967185282643
frame_04_Ta_projector.ptm.ap.1,
frame_04_Ta_projector.ptm.ap.2,
frame_04_Ta_projector.ptm.ap.3,0.9932644869249416
frame_04_Ta_projector.ptm.ap.4,0.30475495229580984
frame_04_Ta_projector.liquid_order.train_count,1773
frame_04_Ta_projector.liquid_order.test_count,1872
frame_04_Ta_projector.liquid_order.conditional_r2_gain,0.09855753183364868
frame_04_Ta_projector.liquid_order.mean_r2,0.19227083027362823
frame_04_Ta_projector.context_cutoff_008.counts.0.train,667
frame_04_Ta_projector.context_cutoff_008.counts.0.test,749
frame_04_Ta_projector.context_cutoff_008.counts.1.train,167
frame_04_Ta_projector.context_cutoff_008.counts.1.test,58
frame_04_Ta_projector.context_cutoff_008.counts.2.train,31
frame_04_Ta_projector.context_cutoff_008.counts.2.test,32
frame_04_Ta_projector.context_cutoff_008.counts.3.train,0
frame_04_Ta_projector.context_cutoff_008.counts.3.test,0
frame_04_Ta_projector.context_cutoff_008.counts.4.train,0
frame_04_Ta_projector.context_cutoff_008.counts.4.test,0
frame_04_Ta_projector.context_cutoff_008.counts.5.train,726
frame_04_Ta_projector.context_cutoff_008.counts.5.test,760
frame_04_Ta_projector.context_cutoff_008.counts.6.train,382
frame_04_Ta_projector.context_cutoff_008.counts.6.test,371
frame_04_Ta_projector.context_cutoff_008.test_coverage,1.0
frame_04_Ta_projector.context_cutoff_008.balanced_accuracy,0.6201774139538034
frame_04_Ta_projector.context_cutoff_008.ap.0,0.6924880581935405
frame_04_Ta_projector.context_cutoff_008.ap.1,0.9528321826891756
frame_04_Ta_projector.context_cutoff_008.ap.2,0.7151590507530857
frame_04_Ta_projector.context_cutoff_008.ap.3,
frame_04_Ta_projector.context_cutoff_008.ap.4,
frame_04_Ta_projector.context_cutoff_008.ap.5,0.7039135906749833
frame_04_Ta_projector.context_cutoff_008.ap.6,0.33671511695008505
frame_04_Ta_projector.context_cutoff_010.counts.0.train,667
frame_04_Ta_projector.context_cutoff_010.counts.0.test,749
frame_04_Ta_projector.context_cutoff_010.counts.1.train,168
frame_04_Ta_projector.context_cutoff_010.counts.1.test,58
frame_04_Ta_projector.context_cutoff_010.counts.2.train,32
frame_04_Ta_projector.context_cutoff_010.counts.2.test,40
frame_04_Ta_projector.context_cutoff_010.counts.3.train,0
frame_04_Ta_projector.context_cutoff_010.counts.3.test,0
frame_04_Ta_projector.context_cutoff_010.counts.4.train,0
frame_04_Ta_projector.context_cutoff_010.counts.4.test,0
frame_04_Ta_projector.context_cutoff_010.counts.5.train,725
frame_04_Ta_projector.context_cutoff_010.counts.5.test,759
frame_04_Ta_projector.context_cutoff_010.counts.6.train,381
frame_04_Ta_projector.context_cutoff_010.counts.6.test,364
frame_04_Ta_projector.context_cutoff_010.test_coverage,1.0
frame_04_Ta_projector.context_cutoff_010.balanced_accuracy,0.6098181802970998
frame_04_Ta_projector.context_cutoff_010.ap.0,0.6879983607378704
frame_04_Ta_projector.context_cutoff_010.ap.1,0.9489078297041093
frame_04_Ta_projector.context_cutoff_010.ap.2,0.6232340656272152
frame_04_Ta_projector.context_cutoff_010.ap.3,
frame_04_Ta_projector.context_cutoff_010.ap.4,
frame_04_Ta_projector.context_cutoff_010.ap.5,0.7026566744305682
frame_04_Ta_projector.context_cutoff_010.ap.6,0.31860147358484625
frame_04_Ta_projector.context_cutoff_012.counts.0.train,667
frame_04_Ta_projector.context_cutoff_012.counts.0.test,749
frame_04_Ta_projector.context_cutoff_012.counts.1.train,171
frame_04_Ta_projector.context_cutoff_012.counts.1.test,59
frame_04_Ta_projector.context_cutoff_012.counts.2.train,34
frame_04_Ta_projector.context_cutoff_012.counts.2.test,44
frame_04_Ta_projector.context_cutoff_012.counts.3.train,0
frame_04_Ta_projector.context_cutoff_012.counts.3.test,0
frame_04_Ta_projector.context_cutoff_012.counts.4.train,0
frame_04_Ta_projector.context_cutoff_012.counts.4.test,0
frame_04_Ta_projector.context_cutoff_012.counts.5.train,725
frame_04_Ta_projector.context_cutoff_012.counts.5.test,759
frame_04_Ta_projector.context_cutoff_012.counts.6.train,376
frame_04_Ta_projector.context_cutoff_012.counts.6.test,359
frame_04_Ta_projector.context_cutoff_012.test_coverage,1.0
frame_04_Ta_projector.context_cutoff_012.balanced_accuracy,0.5953689686493744
frame_04_Ta_projector.context_cutoff_012.ap.0,0.6890861312203814
frame_04_Ta_projector.context_cutoff_012.ap.1,0.9562810518813324
frame_04_Ta_projector.context_cutoff_012.ap.2,0.5212854446473295
frame_04_Ta_projector.context_cutoff_012.ap.3,
frame_04_Ta_projector.context_cutoff_012.ap.4,
frame_04_Ta_projector.context_cutoff_012.ap.5,0.7042159395819096
frame_04_Ta_projector.context_cutoff_012.ap.6,0.29613362902311857
frame_04_Ta_projector.spatial.auc,0.5109669713856636
frame_04_Ta_projector.spatial.pairs,1936
frame_04_Ta_projector.spatial.changed_pairs,1040
frame_04_Ta_projector.spatial.bins,5
frame_04_Ta_projector.spatial.same_label_normalized_distance,0.19887989378443655
frame_04_Ta_projector.nonbulk_spatial.auc,0.5050884101964289
frame_04_Ta_projector.nonbulk_spatial.pairs,1875
frame_04_Ta_projector.nonbulk_spatial.changed_pairs,1031
frame_04_Ta_projector.nonbulk_spatial.bins,5
frame_04_Ta_projector.nonbulk_spatial.same_label_normalized_distance,0.35349206063994315
frame_04_Ta_projector.shuffled_spatial.auc,0.47520112018364685
frame_04_Ta_projector.shuffled_spatial.pairs,1875
frame_04_Ta_projector.shuffled_spatial.changed_pairs,1031
frame_04_Ta_projector.shuffled_spatial.bins,5
frame_04_Ta_projector.shuffled_spatial.same_label_normalized_distance,0.5089424871582726
frame_04_Ta_projector.collapsed_spatial.auc,0.5
frame_04_Ta_projector.collapsed_spatial.pairs,1875
frame_04_Ta_projector.collapsed_spatial.changed_pairs,1031
frame_04_Ta_projector.collapsed_spatial.bins,5
frame_04_Ta_projector.collapsed_spatial.same_label_normalized_distance,
frame_04_Ta_projector.liquid_topology.train_count,431
frame_04_Ta_projector.liquid_topology.test_count,475
frame_04_Ta_projector.liquid_topology.conditional_r2_gain,-2.846143960952759
frame_04_Ta_projector.liquid_topology.mean_r2,-3.049595355987549
frame_04_Ta_projector.nonbulk_cluster_ami,0.10167832966277199
frame_04_Ta_projector.continuity_fixed_candidates_center_fixed.0.0001.pair_rms,5.038776310881267
frame_04_Ta_projector.continuity_fixed_candidates_center_fixed.0.0001.normalized_median,2.1539575409634537e-05
frame_04_Ta_projector.continuity_fixed_candidates_center_fixed.0.0001.normalized_p95,0.006633134464384128
frame_04_Ta_projector.continuity_fixed_candidates_center_fixed.0.01.pair_rms,5.038776310881267
frame_04_Ta_projector.continuity_fixed_candidates_center_fixed.0.01.normalized_median,0.025288141767123355
frame_04_Ta_projector.continuity_fixed_candidates_center_fixed.0.01.normalized_p95,0.12895807886199773
frame_04_Ta_projector.continuity_fixed_candidates_center_fixed.0.1.pair_rms,5.038776310881267
frame_04_Ta_projector.continuity_fixed_candidates_center_fixed.0.1.normalized_median,0.059046397940711086
frame_04_Ta_projector.continuity_fixed_candidates_center_fixed.0.1.normalized_p95,0.6330202019159547
frame_05_Ta_encoder.collapse.effective_rank,1.2641925182582558
frame_05_Ta_encoder.collapse.variance,27.15200441654337
frame_05_Ta_encoder.collapse.pair_rms,7.369125377755948
frame_05_Ta_encoder.liquid_collapse.effective_rank,1.3137371977526666
frame_05_Ta_encoder.liquid_collapse.variance,0.8968221961575759
frame_05_Ta_encoder.liquid_collapse.pair_rms,1.3392700968494562
frame_05_Ta_encoder.reference_coverage.liquid_fraction,0.7783203125
frame_05_Ta_encoder.reference_coverage.cutoff_stable_fraction,0.990478515625
frame_05_Ta_encoder.context.counts.0.train,515
frame_05_Ta_encoder.context.counts.0.test,612
frame_05_Ta_encoder.context.counts.1.train,465
frame_05_Ta_encoder.context.counts.1.test,276
frame_05_Ta_encoder.context.counts.2.train,91
frame_05_Ta_encoder.context.counts.2.test,72
frame_05_Ta_encoder.context.counts.3.train,0
frame_05_Ta_encoder.context.counts.3.test,0
frame_05_Ta_encoder.context.counts.4.train,0
frame_05_Ta_encoder.context.counts.4.test,0
frame_05_Ta_encoder.context.counts.5.train,644
frame_05_Ta_encoder.context.counts.5.test,702
frame_05_Ta_encoder.context.counts.6.train,270
frame_05_Ta_encoder.context.counts.6.test,284
frame_05_Ta_encoder.context.test_coverage,1.0
frame_05_Ta_encoder.context.balanced_accuracy,0.6424884322438444
frame_05_Ta_encoder.context.ap.0,0.6514458887148022
frame_05_Ta_encoder.context.ap.1,0.9867563775569972
frame_05_Ta_encoder.context.ap.2,0.7983955889097486
frame_05_Ta_encoder.context.ap.3,
frame_05_Ta_encoder.context.ap.4,
frame_05_Ta_encoder.context.ap.5,0.6803785123875749
frame_05_Ta_encoder.context.ap.6,0.2542499923800463
frame_05_Ta_encoder.ptm.counts.0.train,1378
frame_05_Ta_encoder.ptm.counts.0.test,1535
frame_05_Ta_encoder.ptm.counts.1.train,0
frame_05_Ta_encoder.ptm.counts.1.test,0
frame_05_Ta_encoder.ptm.counts.2.train,0
frame_05_Ta_encoder.ptm.counts.2.test,0
frame_05_Ta_encoder.ptm.counts.3.train,502
frame_05_Ta_encoder.ptm.counts.3.test,314
frame_05_Ta_encoder.ptm.counts.4.train,105
frame_05_Ta_encoder.ptm.counts.4.test,97
frame_05_Ta_encoder.ptm.test_coverage,1.0
frame_05_Ta_encoder.ptm.balanced_accuracy,0.8624920210162493
frame_05_Ta_encoder.ptm.ap.0,0.9881860831208396
frame_05_Ta_encoder.ptm.ap.1,
frame_05_Ta_encoder.ptm.ap.2,
frame_05_Ta_encoder.ptm.ap.3,0.9990217767691735
frame_05_Ta_encoder.ptm.ap.4,0.44465379020682555
frame_05_Ta_encoder.liquid_order.train_count,1429
frame_05_Ta_encoder.liquid_order.test_count,1598
frame_05_Ta_encoder.liquid_order.conditional_r2_gain,0.08974844217300415
frame_05_Ta_encoder.liquid_order.mean_r2,0.17883773148059845
frame_05_Ta_encoder.context_cutoff_008.counts.0.train,515
frame_05_Ta_encoder.context_cutoff_008.counts.0.test,612
frame_05_Ta_encoder.context_cutoff_008.counts.1.train,463
frame_05_Ta_encoder.context_cutoff_008.counts.1.test,273
frame_05_Ta_encoder.context_cutoff_008.counts.2.train,89
frame_05_Ta_encoder.context_cutoff_008.counts.2.test,73
frame_05_Ta_encoder.context_cutoff_008.counts.3.train,0
frame_05_Ta_encoder.context_cutoff_008.counts.3.test,0
frame_05_Ta_encoder.context_cutoff_008.counts.4.train,0
frame_05_Ta_encoder.context_cutoff_008.counts.4.test,0
frame_05_Ta_encoder.context_cutoff_008.counts.5.train,645
frame_05_Ta_encoder.context_cutoff_008.counts.5.test,702
frame_05_Ta_encoder.context_cutoff_008.counts.6.train,273
frame_05_Ta_encoder.context_cutoff_008.counts.6.test,286
frame_05_Ta_encoder.context_cutoff_008.test_coverage,1.0
frame_05_Ta_encoder.context_cutoff_008.balanced_accuracy,0.6365162384098725
frame_05_Ta_encoder.context_cutoff_008.ap.0,0.6536926467029465
frame_05_Ta_encoder.context_cutoff_008.ap.1,0.9865767602505608
frame_05_Ta_encoder.context_cutoff_008.ap.2,0.8077532558312616
frame_05_Ta_encoder.context_cutoff_008.ap.3,
frame_05_Ta_encoder.context_cutoff_008.ap.4,
frame_05_Ta_encoder.context_cutoff_008.ap.5,0.6798379730450363
frame_05_Ta_encoder.context_cutoff_008.ap.6,0.25552157479523124
frame_05_Ta_encoder.context_cutoff_010.counts.0.train,515
frame_05_Ta_encoder.context_cutoff_010.counts.0.test,612
frame_05_Ta_encoder.context_cutoff_010.counts.1.train,465
frame_05_Ta_encoder.context_cutoff_010.counts.1.test,276
frame_05_Ta_encoder.context_cutoff_010.counts.2.train,91
frame_05_Ta_encoder.context_cutoff_010.counts.2.test,72
frame_05_Ta_encoder.context_cutoff_010.counts.3.train,0
frame_05_Ta_encoder.context_cutoff_010.counts.3.test,0
frame_05_Ta_encoder.context_cutoff_010.counts.4.train,0
frame_05_Ta_encoder.context_cutoff_010.counts.4.test,0
frame_05_Ta_encoder.context_cutoff_010.counts.5.train,644
frame_05_Ta_encoder.context_cutoff_010.counts.5.test,702
frame_05_Ta_encoder.context_cutoff_010.counts.6.train,270
frame_05_Ta_encoder.context_cutoff_010.counts.6.test,284
frame_05_Ta_encoder.context_cutoff_010.test_coverage,1.0
frame_05_Ta_encoder.context_cutoff_010.balanced_accuracy,0.6424884322438444
frame_05_Ta_encoder.context_cutoff_010.ap.0,0.6514458887148022
frame_05_Ta_encoder.context_cutoff_010.ap.1,0.9867563775569972
frame_05_Ta_encoder.context_cutoff_010.ap.2,0.7983955889097486
frame_05_Ta_encoder.context_cutoff_010.ap.3,
frame_05_Ta_encoder.context_cutoff_010.ap.4,
frame_05_Ta_encoder.context_cutoff_010.ap.5,0.6803785123875749
frame_05_Ta_encoder.context_cutoff_010.ap.6,0.2542499923800463
frame_05_Ta_encoder.context_cutoff_012.counts.0.train,515
frame_05_Ta_encoder.context_cutoff_012.counts.0.test,612
frame_05_Ta_encoder.context_cutoff_012.counts.1.train,469
frame_05_Ta_encoder.context_cutoff_012.counts.1.test,277
frame_05_Ta_encoder.context_cutoff_012.counts.2.train,98
frame_05_Ta_encoder.context_cutoff_012.counts.2.test,82
frame_05_Ta_encoder.context_cutoff_012.counts.3.train,0
frame_05_Ta_encoder.context_cutoff_012.counts.3.test,0
frame_05_Ta_encoder.context_cutoff_012.counts.4.train,0
frame_05_Ta_encoder.context_cutoff_012.counts.4.test,0
frame_05_Ta_encoder.context_cutoff_012.counts.5.train,641
frame_05_Ta_encoder.context_cutoff_012.counts.5.test,702
frame_05_Ta_encoder.context_cutoff_012.counts.6.train,262
frame_05_Ta_encoder.context_cutoff_012.counts.6.test,273
frame_05_Ta_encoder.context_cutoff_012.test_coverage,1.0
frame_05_Ta_encoder.context_cutoff_012.balanced_accuracy,0.6294992199694665
frame_05_Ta_encoder.context_cutoff_012.ap.0,0.6510656408429631
frame_05_Ta_encoder.context_cutoff_012.ap.1,0.98528904130004
frame_05_Ta_encoder.context_cutoff_012.ap.2,0.7119951703898831
frame_05_Ta_encoder.context_cutoff_012.ap.3,
frame_05_Ta_encoder.context_cutoff_012.ap.4,
frame_05_Ta_encoder.context_cutoff_012.ap.5,0.680761384111789
frame_05_Ta_encoder.context_cutoff_012.ap.6,0.25193916731040344
frame_05_Ta_encoder.spatial.auc,0.4904237057594973
frame_05_Ta_encoder.spatial.pairs,1907
frame_05_Ta_encoder.spatial.changed_pairs,885
frame_05_Ta_encoder.spatial.bins,5
frame_05_Ta_encoder.spatial.same_label_normalized_distance,0.1360369775870319
frame_05_Ta_encoder.nonbulk_spatial.auc,0.4569283832174761
frame_05_Ta_encoder.nonbulk_spatial.pairs,1626
frame_05_Ta_encoder.nonbulk_spatial.changed_pairs,853
frame_05_Ta_encoder.nonbulk_spatial.bins,5
frame_05_Ta_encoder.nonbulk_spatial.same_label_normalized_distance,0.34189240029707535
frame_05_Ta_encoder.shuffled_spatial.auc,0.5000047747002402
frame_05_Ta_encoder.shuffled_spatial.pairs,1626
frame_05_Ta_encoder.shuffled_spatial.changed_pairs,853
frame_05_Ta_encoder.shuffled_spatial.bins,5
frame_05_Ta_encoder.shuffled_spatial.same_label_normalized_distance,0.6727168201879646
frame_05_Ta_encoder.collapsed_spatial.auc,0.5
frame_05_Ta_encoder.collapsed_spatial.pairs,1626
frame_05_Ta_encoder.collapsed_spatial.changed_pairs,853
frame_05_Ta_encoder.collapsed_spatial.bins,5
frame_05_Ta_encoder.collapsed_spatial.same_label_normalized_distance,
frame_05_Ta_encoder.liquid_topology.train_count,366
frame_05_Ta_encoder.liquid_topology.test_count,379
frame_05_Ta_encoder.liquid_topology.conditional_r2_gain,-0.3470397889614105
frame_05_Ta_encoder.liquid_topology.mean_r2,-0.35972103476524353
frame_05_Ta_encoder.nonbulk_cluster_ami,0.1736084180244398
frame_05_Ta_encoder.continuity_fixed_candidates_center_fixed.0.0001.pair_rms,6.576705615844338
frame_05_Ta_encoder.continuity_fixed_candidates_center_fixed.0.0001.normalized_median,1.883294175116191e-05
frame_05_Ta_encoder.continuity_fixed_candidates_center_fixed.0.0001.normalized_p95,0.01812844954621274
frame_05_Ta_encoder.continuity_fixed_candidates_center_fixed.0.01.pair_rms,6.576705615844338
frame_05_Ta_encoder.continuity_fixed_candidates_center_fixed.0.01.normalized_median,0.02093601730569464
frame_05_Ta_encoder.continuity_fixed_candidates_center_fixed.0.01.normalized_p95,0.10042425852848921
frame_05_Ta_encoder.continuity_fixed_candidates_center_fixed.0.1.pair_rms,6.576705615844338
frame_05_Ta_encoder.continuity_fixed_candidates_center_fixed.0.1.normalized_median,0.045254384825983984
frame_05_Ta_encoder.continuity_fixed_candidates_center_fixed.0.1.normalized_p95,0.6700102669292204
frame_05_Ta_projector.collapse.effective_rank,1.2641925182582558
frame_05_Ta_projector.collapse.variance,27.15200441654337
frame_05_Ta_projector.collapse.pair_rms,7.369125377755948
frame_05_Ta_projector.liquid_collapse.effective_rank,1.3137371977526666
frame_05_Ta_projector.liquid_collapse.variance,0.8968221961575759
frame_05_Ta_projector.liquid_collapse.pair_rms,1.3392700968494562
frame_05_Ta_projector.reference_coverage.liquid_fraction,0.7783203125
frame_05_Ta_projector.reference_coverage.cutoff_stable_fraction,0.990478515625
frame_05_Ta_projector.context.counts.0.train,515
frame_05_Ta_projector.context.counts.0.test,612
frame_05_Ta_projector.context.counts.1.train,465
frame_05_Ta_projector.context.counts.1.test,276
frame_05_Ta_projector.context.counts.2.train,91
frame_05_Ta_projector.context.counts.2.test,72
frame_05_Ta_projector.context.counts.3.train,0
frame_05_Ta_projector.context.counts.3.test,0
frame_05_Ta_projector.context.counts.4.train,0
frame_05_Ta_projector.context.counts.4.test,0
frame_05_Ta_projector.context.counts.5.train,644
frame_05_Ta_projector.context.counts.5.test,702
frame_05_Ta_projector.context.counts.6.train,270
frame_05_Ta_projector.context.counts.6.test,284
frame_05_Ta_projector.context.test_coverage,1.0
frame_05_Ta_projector.context.balanced_accuracy,0.6424884322438444
frame_05_Ta_projector.context.ap.0,0.6514458887148022
frame_05_Ta_projector.context.ap.1,0.9867563775569972
frame_05_Ta_projector.context.ap.2,0.7983955889097486
frame_05_Ta_projector.context.ap.3,
frame_05_Ta_projector.context.ap.4,
frame_05_Ta_projector.context.ap.5,0.6803785123875749
frame_05_Ta_projector.context.ap.6,0.2542499923800463
frame_05_Ta_projector.ptm.counts.0.train,1378
frame_05_Ta_projector.ptm.counts.0.test,1535
frame_05_Ta_projector.ptm.counts.1.train,0
frame_05_Ta_projector.ptm.counts.1.test,0
frame_05_Ta_projector.ptm.counts.2.train,0
frame_05_Ta_projector.ptm.counts.2.test,0
frame_05_Ta_projector.ptm.counts.3.train,502
frame_05_Ta_projector.ptm.counts.3.test,314
frame_05_Ta_projector.ptm.counts.4.train,105
frame_05_Ta_projector.ptm.counts.4.test,97
frame_05_Ta_projector.ptm.test_coverage,1.0
frame_05_Ta_projector.ptm.balanced_accuracy,0.8624920210162493
frame_05_Ta_projector.ptm.ap.0,0.9881860831208396
frame_05_Ta_projector.ptm.ap.1,
frame_05_Ta_projector.ptm.ap.2,
frame_05_Ta_projector.ptm.ap.3,0.9990217767691735
frame_05_Ta_projector.ptm.ap.4,0.44465379020682555
frame_05_Ta_projector.liquid_order.train_count,1429
frame_05_Ta_projector.liquid_order.test_count,1598
frame_05_Ta_projector.liquid_order.conditional_r2_gain,0.08974844217300415
frame_05_Ta_projector.liquid_order.mean_r2,0.17883773148059845
frame_05_Ta_projector.context_cutoff_008.counts.0.train,515
frame_05_Ta_projector.context_cutoff_008.counts.0.test,612
frame_05_Ta_projector.context_cutoff_008.counts.1.train,463
frame_05_Ta_projector.context_cutoff_008.counts.1.test,273
frame_05_Ta_projector.context_cutoff_008.counts.2.train,89
frame_05_Ta_projector.context_cutoff_008.counts.2.test,73
frame_05_Ta_projector.context_cutoff_008.counts.3.train,0
frame_05_Ta_projector.context_cutoff_008.counts.3.test,0
frame_05_Ta_projector.context_cutoff_008.counts.4.train,0
frame_05_Ta_projector.context_cutoff_008.counts.4.test,0
frame_05_Ta_projector.context_cutoff_008.counts.5.train,645
frame_05_Ta_projector.context_cutoff_008.counts.5.test,702
frame_05_Ta_projector.context_cutoff_008.counts.6.train,273
frame_05_Ta_projector.context_cutoff_008.counts.6.test,286
frame_05_Ta_projector.context_cutoff_008.test_coverage,1.0
frame_05_Ta_projector.context_cutoff_008.balanced_accuracy,0.6365162384098725
frame_05_Ta_projector.context_cutoff_008.ap.0,0.6536926467029465
frame_05_Ta_projector.context_cutoff_008.ap.1,0.9865767602505608
frame_05_Ta_projector.context_cutoff_008.ap.2,0.8077532558312616
frame_05_Ta_projector.context_cutoff_008.ap.3,
frame_05_Ta_projector.context_cutoff_008.ap.4,
frame_05_Ta_projector.context_cutoff_008.ap.5,0.6798379730450363
frame_05_Ta_projector.context_cutoff_008.ap.6,0.25552157479523124
frame_05_Ta_projector.context_cutoff_010.counts.0.train,515
frame_05_Ta_projector.context_cutoff_010.counts.0.test,612
frame_05_Ta_projector.context_cutoff_010.counts.1.train,465
frame_05_Ta_projector.context_cutoff_010.counts.1.test,276
frame_05_Ta_projector.context_cutoff_010.counts.2.train,91
frame_05_Ta_projector.context_cutoff_010.counts.2.test,72
frame_05_Ta_projector.context_cutoff_010.counts.3.train,0
frame_05_Ta_projector.context_cutoff_010.counts.3.test,0
frame_05_Ta_projector.context_cutoff_010.counts.4.train,0
frame_05_Ta_projector.context_cutoff_010.counts.4.test,0
frame_05_Ta_projector.context_cutoff_010.counts.5.train,644
frame_05_Ta_projector.context_cutoff_010.counts.5.test,702
frame_05_Ta_projector.context_cutoff_010.counts.6.train,270
frame_05_Ta_projector.context_cutoff_010.counts.6.test,284
frame_05_Ta_projector.context_cutoff_010.test_coverage,1.0
frame_05_Ta_projector.context_cutoff_010.balanced_accuracy,0.6424884322438444
frame_05_Ta_projector.context_cutoff_010.ap.0,0.6514458887148022
frame_05_Ta_projector.context_cutoff_010.ap.1,0.9867563775569972
frame_05_Ta_projector.context_cutoff_010.ap.2,0.7983955889097486
frame_05_Ta_projector.context_cutoff_010.ap.3,
frame_05_Ta_projector.context_cutoff_010.ap.4,
frame_05_Ta_projector.context_cutoff_010.ap.5,0.6803785123875749
frame_05_Ta_projector.context_cutoff_010.ap.6,0.2542499923800463
frame_05_Ta_projector.context_cutoff_012.counts.0.train,515
frame_05_Ta_projector.context_cutoff_012.counts.0.test,612
frame_05_Ta_projector.context_cutoff_012.counts.1.train,469
frame_05_Ta_projector.context_cutoff_012.counts.1.test,277
frame_05_Ta_projector.context_cutoff_012.counts.2.train,98
frame_05_Ta_projector.context_cutoff_012.counts.2.test,82
frame_05_Ta_projector.context_cutoff_012.counts.3.train,0
frame_05_Ta_projector.context_cutoff_012.counts.3.test,0
frame_05_Ta_projector.context_cutoff_012.counts.4.train,0
frame_05_Ta_projector.context_cutoff_012.counts.4.test,0
frame_05_Ta_projector.context_cutoff_012.counts.5.train,641
frame_05_Ta_projector.context_cutoff_012.counts.5.test,702
frame_05_Ta_projector.context_cutoff_012.counts.6.train,262
frame_05_Ta_projector.context_cutoff_012.counts.6.test,273
frame_05_Ta_projector.context_cutoff_012.test_coverage,1.0
frame_05_Ta_projector.context_cutoff_012.balanced_accuracy,0.6294992199694665
frame_05_Ta_projector.context_cutoff_012.ap.0,0.6510656408429631
frame_05_Ta_projector.context_cutoff_012.ap.1,0.98528904130004
frame_05_Ta_projector.context_cutoff_012.ap.2,0.7119951703898831
frame_05_Ta_projector.context_cutoff_012.ap.3,
frame_05_Ta_projector.context_cutoff_012.ap.4,
frame_05_Ta_projector.context_cutoff_012.ap.5,0.680761384111789
frame_05_Ta_projector.context_cutoff_012.ap.6,0.25193916731040344
frame_05_Ta_projector.spatial.auc,0.4904237057594973
frame_05_Ta_projector.spatial.pairs,1907
frame_05_Ta_projector.spatial.changed_pairs,885
frame_05_Ta_projector.spatial.bins,5
frame_05_Ta_projector.spatial.same_label_normalized_distance,0.1360369775870319
frame_05_Ta_projector.nonbulk_spatial.auc,0.4569283832174761
frame_05_Ta_projector.nonbulk_spatial.pairs,1626
frame_05_Ta_projector.nonbulk_spatial.changed_pairs,853
frame_05_Ta_projector.nonbulk_spatial.bins,5
frame_05_Ta_projector.nonbulk_spatial.same_label_normalized_distance,0.34189240029707535
frame_05_Ta_projector.shuffled_spatial.auc,0.5000047747002402
frame_05_Ta_projector.shuffled_spatial.pairs,1626
frame_05_Ta_projector.shuffled_spatial.changed_pairs,853
frame_05_Ta_projector.shuffled_spatial.bins,5
frame_05_Ta_projector.shuffled_spatial.same_label_normalized_distance,0.6727168201879646
frame_05_Ta_projector.collapsed_spatial.auc,0.5
frame_05_Ta_projector.collapsed_spatial.pairs,1626
frame_05_Ta_projector.collapsed_spatial.changed_pairs,853
frame_05_Ta_projector.collapsed_spatial.bins,5
frame_05_Ta_projector.collapsed_spatial.same_label_normalized_distance,
frame_05_Ta_projector.liquid_topology.train_count,366
frame_05_Ta_projector.liquid_topology.test_count,379
frame_05_Ta_projector.liquid_topology.conditional_r2_gain,-0.3470397889614105
frame_05_Ta_projector.liquid_topology.mean_r2,-0.35972103476524353
frame_05_Ta_projector.nonbulk_cluster_ami,0.1736084180244398
frame_05_Ta_projector.continuity_fixed_candidates_center_fixed.0.0001.pair_rms,6.576705615844338
frame_05_Ta_projector.continuity_fixed_candidates_center_fixed.0.0001.normalized_median,1.883294175116191e-05
frame_05_Ta_projector.continuity_fixed_candidates_center_fixed.0.0001.normalized_p95,0.01812844954621274
frame_05_Ta_projector.continuity_fixed_candidates_center_fixed.0.01.pair_rms,6.576705615844338
frame_05_Ta_projector.continuity_fixed_candidates_center_fixed.0.01.normalized_median,0.02093601730569464
frame_05_Ta_projector.continuity_fixed_candidates_center_fixed.0.01.normalized_p95,0.10042425852848921
frame_05_Ta_projector.continuity_fixed_candidates_center_fixed.0.1.pair_rms,6.576705615844338
frame_05_Ta_projector.continuity_fixed_candidates_center_fixed.0.1.normalized_median,0.045254384825983984
frame_05_Ta_projector.continuity_fixed_candidates_center_fixed.0.1.normalized_p95,0.6700102669292204
frame_06_Zr_encoder.collapse.effective_rank,2.1169201777539794
frame_06_Zr_encoder.collapse.variance,3.615602990770101
frame_06_Zr_encoder.collapse.pair_rms,2.6890901772793345
frame_06_Zr_encoder.liquid_collapse.effective_rank,1.222270312265493
frame_06_Zr_encoder.liquid_collapse.variance,1.2311280650450664
frame_06_Zr_encoder.liquid_collapse.pair_rms,1.5691577773092587
frame_06_Zr_encoder.reference_coverage.liquid_fraction,0.9765625
frame_06_Zr_encoder.reference_coverage.cutoff_stable_fraction,0.956298828125
frame_06_Zr_encoder.context.counts.0.train,968
frame_06_Zr_encoder.context.counts.0.test,920
frame_06_Zr_encoder.context.counts.1.train,16
frame_06_Zr_encoder.context.counts.1.test,0
frame_06_Zr_encoder.context.counts.2.train,53
frame_06_Zr_encoder.context.counts.2.test,20
frame_06_Zr_encoder.context.counts.3.train,0
frame_06_Zr_encoder.context.counts.3.test,0
frame_06_Zr_encoder.context.counts.4.train,0
frame_06_Zr_encoder.context.counts.4.test,0
frame_06_Zr_encoder.context.counts.5.train,489
frame_06_Zr_encoder.context.counts.5.test,492
frame_06_Zr_encoder.context.counts.6.train,390
frame_06_Zr_encoder.context.counts.6.test,399
frame_06_Zr_encoder.context.test_coverage,1.0
frame_06_Zr_encoder.context.balanced_accuracy,0.5437980389733613
frame_06_Zr_encoder.context.ap.0,0.6734071009488103
frame_06_Zr_encoder.context.ap.1,
frame_06_Zr_encoder.context.ap.2,0.5710579507971867
frame_06_Zr_encoder.context.ap.3,
frame_06_Zr_encoder.context.ap.4,
frame_06_Zr_encoder.context.ap.5,0.4657410112161444
frame_06_Zr_encoder.context.ap.6,0.3160121802269279
frame_06_Zr_encoder.ptm.counts.0.train,1854
frame_06_Zr_encoder.ptm.counts.0.test,1809
frame_06_Zr_encoder.ptm.counts.1.train,0
frame_06_Zr_encoder.ptm.counts.1.test,0
frame_06_Zr_encoder.ptm.counts.2.train,1
frame_06_Zr_encoder.ptm.counts.2.test,0
frame_06_Zr_encoder.ptm.counts.3.train,41
frame_06_Zr_encoder.ptm.counts.3.test,10
frame_06_Zr_encoder.ptm.counts.4.train,20
frame_06_Zr_encoder.ptm.counts.4.test,12
frame_06_Zr_encoder.ptm.test_coverage,1.0
frame_06_Zr_encoder.ptm.balanced_accuracy,0.7625667956513729
frame_06_Zr_encoder.ptm.ap.0,0.9971815581550438
frame_06_Zr_encoder.ptm.ap.1,
frame_06_Zr_encoder.ptm.ap.2,
frame_06_Zr_encoder.ptm.ap.3,
frame_06_Zr_encoder.ptm.ap.4,
frame_06_Zr_encoder.liquid_order.train_count,1847
frame_06_Zr_encoder.liquid_order.test_count,1811
frame_06_Zr_encoder.liquid_order.conditional_r2_gain,0.09323953837156296
frame_06_Zr_encoder.liquid_order.mean_r2,0.1296897679567337
frame_06_Zr_encoder.context_cutoff_008.counts.0.train,968
frame_06_Zr_encoder.context_cutoff_008.counts.0.test,920
frame_06_Zr_encoder.context_cutoff_008.counts.1.train,15
frame_06_Zr_encoder.context_cutoff_008.counts.1.test,0
frame_06_Zr_encoder.context_cutoff_008.counts.2.train,31
frame_06_Zr_encoder.context_cutoff_008.counts.2.test,9
frame_06_Zr_encoder.context_cutoff_008.counts.3.train,0
frame_06_Zr_encoder.context_cutoff_008.counts.3.test,0
frame_06_Zr_encoder.context_cutoff_008.counts.4.train,0
frame_06_Zr_encoder.context_cutoff_008.counts.4.test,0
frame_06_Zr_encoder.context_cutoff_008.counts.5.train,489
frame_06_Zr_encoder.context_cutoff_008.counts.5.test,493
frame_06_Zr_encoder.context_cutoff_008.counts.6.train,413
frame_06_Zr_encoder.context_cutoff_008.counts.6.test,409
frame_06_Zr_encoder.context_cutoff_008.test_coverage,1.0
frame_06_Zr_encoder.context_cutoff_008.balanced_accuracy,0.5671336315458455
frame_06_Zr_encoder.context_cutoff_008.ap.0,0.6771562514169771
frame_06_Zr_encoder.context_cutoff_008.ap.1,
frame_06_Zr_encoder.context_cutoff_008.ap.2,
frame_06_Zr_encoder.context_cutoff_008.ap.3,
frame_06_Zr_encoder.context_cutoff_008.ap.4,
frame_06_Zr_encoder.context_cutoff_008.ap.5,0.47206689439587585
frame_06_Zr_encoder.context_cutoff_008.ap.6,0.3812566931982648
frame_06_Zr_encoder.context_cutoff_010.counts.0.train,968
frame_06_Zr_encoder.context_cutoff_010.counts.0.test,920
frame_06_Zr_encoder.context_cutoff_010.counts.1.train,16
frame_06_Zr_encoder.context_cutoff_010.counts.1.test,0
frame_06_Zr_encoder.context_cutoff_010.counts.2.train,53
frame_06_Zr_encoder.context_cutoff_010.counts.2.test,20
frame_06_Zr_encoder.context_cutoff_010.counts.3.train,0
frame_06_Zr_encoder.context_cutoff_010.counts.3.test,0
frame_06_Zr_encoder.context_cutoff_010.counts.4.train,0
frame_06_Zr_encoder.context_cutoff_010.counts.4.test,0
frame_06_Zr_encoder.context_cutoff_010.counts.5.train,489
frame_06_Zr_encoder.context_cutoff_010.counts.5.test,492
frame_06_Zr_encoder.context_cutoff_010.counts.6.train,390
frame_06_Zr_encoder.context_cutoff_010.counts.6.test,399
frame_06_Zr_encoder.context_cutoff_010.test_coverage,1.0
frame_06_Zr_encoder.context_cutoff_010.balanced_accuracy,0.5437980389733613
frame_06_Zr_encoder.context_cutoff_010.ap.0,0.6734071009488103
frame_06_Zr_encoder.context_cutoff_010.ap.1,
frame_06_Zr_encoder.context_cutoff_010.ap.2,0.5710579507971867
frame_06_Zr_encoder.context_cutoff_010.ap.3,
frame_06_Zr_encoder.context_cutoff_010.ap.4,
frame_06_Zr_encoder.context_cutoff_010.ap.5,0.4657410112161444
frame_06_Zr_encoder.context_cutoff_010.ap.6,0.3160121802269279
frame_06_Zr_encoder.context_cutoff_012.counts.0.train,964
frame_06_Zr_encoder.context_cutoff_012.counts.0.test,918
frame_06_Zr_encoder.context_cutoff_012.counts.1.train,17
frame_06_Zr_encoder.context_cutoff_012.counts.1.test,1
frame_06_Zr_encoder.context_cutoff_012.counts.2.train,110
frame_06_Zr_encoder.context_cutoff_012.counts.2.test,90
frame_06_Zr_encoder.context_cutoff_012.counts.3.train,0
frame_06_Zr_encoder.context_cutoff_012.counts.3.test,0
frame_06_Zr_encoder.context_cutoff_012.counts.4.train,0
frame_06_Zr_encoder.context_cutoff_012.counts.4.test,0
frame_06_Zr_encoder.context_cutoff_012.counts.5.train,486
frame_06_Zr_encoder.context_cutoff_012.counts.5.test,490
frame_06_Zr_encoder.context_cutoff_012.counts.6.train,339
frame_06_Zr_encoder.context_cutoff_012.counts.6.test,332
frame_06_Zr_encoder.context_cutoff_012.test_coverage,0.9994538503549972
frame_06_Zr_encoder.context_cutoff_012.balanced_accuracy,0.4316460519950952
frame_06_Zr_encoder.context_cutoff_012.ap.0,0.6648168747722749
frame_06_Zr_encoder.context_cutoff_012.ap.1,
frame_06_Zr_encoder.context_cutoff_012.ap.2,0.35994166324717036
frame_06_Zr_encoder.context_cutoff_012.ap.3,
frame_06_Zr_encoder.context_cutoff_012.ap.4,
frame_06_Zr_encoder.context_cutoff_012.ap.5,0.45550452696336285
frame_06_Zr_encoder.context_cutoff_012.ap.6,0.25738813594330173
frame_06_Zr_encoder.spatial.auc,0.4838409625293753
frame_06_Zr_encoder.spatial.pairs,1687
frame_06_Zr_encoder.spatial.changed_pairs,863
frame_06_Zr_encoder.spatial.bins,5
frame_06_Zr_encoder.spatial.same_label_normalized_distance,0.4152875973748717
frame_06_Zr_encoder.nonbulk_spatial.auc,0.4838409625293753
frame_06_Zr_encoder.nonbulk_spatial.pairs,1687
frame_06_Zr_encoder.nonbulk_spatial.changed_pairs,863
frame_06_Zr_encoder.nonbulk_spatial.bins,5
frame_06_Zr_encoder.nonbulk_spatial.same_label_normalized_distance,0.4152875973748717
frame_06_Zr_encoder.shuffled_spatial.auc,0.5143361456708405
frame_06_Zr_encoder.shuffled_spatial.pairs,1687
frame_06_Zr_encoder.shuffled_spatial.changed_pairs,863
frame_06_Zr_encoder.shuffled_spatial.bins,5
frame_06_Zr_encoder.shuffled_spatial.same_label_normalized_distance,0.46484895573040713
frame_06_Zr_encoder.collapsed_spatial.auc,0.5
frame_06_Zr_encoder.collapsed_spatial.pairs,1687
frame_06_Zr_encoder.collapsed_spatial.changed_pairs,863
frame_06_Zr_encoder.collapsed_spatial.bins,5
frame_06_Zr_encoder.collapsed_spatial.same_label_normalized_distance,
frame_06_Zr_encoder.liquid_topology.train_count,444
frame_06_Zr_encoder.liquid_topology.test_count,470
frame_06_Zr_encoder.liquid_topology.conditional_r2_gain,-0.10316596180200577
frame_06_Zr_encoder.liquid_topology.mean_r2,-0.10494976490736008
frame_06_Zr_encoder.nonbulk_cluster_ami,0.06605914890531904
frame_06_Zr_encoder.continuity_fixed_candidates_center_fixed.0.0001.pair_rms,2.724180498912416
frame_06_Zr_encoder.continuity_fixed_candidates_center_fixed.0.0001.normalized_median,3.398641437812112e-05
frame_06_Zr_encoder.continuity_fixed_candidates_center_fixed.0.0001.normalized_p95,0.004777064152008646
frame_06_Zr_encoder.continuity_fixed_candidates_center_fixed.0.01.pair_rms,2.724180498912416
frame_06_Zr_encoder.continuity_fixed_candidates_center_fixed.0.01.normalized_median,0.03774070728755062
frame_06_Zr_encoder.continuity_fixed_candidates_center_fixed.0.01.normalized_p95,0.2108298734504192
frame_06_Zr_encoder.continuity_fixed_candidates_center_fixed.0.1.pair_rms,2.724180498912416
frame_06_Zr_encoder.continuity_fixed_candidates_center_fixed.0.1.normalized_median,0.09632870512792019
frame_06_Zr_encoder.continuity_fixed_candidates_center_fixed.0.1.normalized_p95,0.644510237163057
frame_06_Zr_projector.collapse.effective_rank,2.1169201777539794
frame_06_Zr_projector.collapse.variance,3.615602990770101
frame_06_Zr_projector.collapse.pair_rms,2.6890901772793345
frame_06_Zr_projector.liquid_collapse.effective_rank,1.222270312265493
frame_06_Zr_projector.liquid_collapse.variance,1.2311280650450664
frame_06_Zr_projector.liquid_collapse.pair_rms,1.5691577773092587
frame_06_Zr_projector.reference_coverage.liquid_fraction,0.9765625
frame_06_Zr_projector.reference_coverage.cutoff_stable_fraction,0.956298828125
frame_06_Zr_projector.context.counts.0.train,968
frame_06_Zr_projector.context.counts.0.test,920
frame_06_Zr_projector.context.counts.1.train,16
frame_06_Zr_projector.context.counts.1.test,0
frame_06_Zr_projector.context.counts.2.train,53
frame_06_Zr_projector.context.counts.2.test,20
frame_06_Zr_projector.context.counts.3.train,0
frame_06_Zr_projector.context.counts.3.test,0
frame_06_Zr_projector.context.counts.4.train,0
frame_06_Zr_projector.context.counts.4.test,0
frame_06_Zr_projector.context.counts.5.train,489
frame_06_Zr_projector.context.counts.5.test,492
frame_06_Zr_projector.context.counts.6.train,390
frame_06_Zr_projector.context.counts.6.test,399
frame_06_Zr_projector.context.test_coverage,1.0
frame_06_Zr_projector.context.balanced_accuracy,0.5437980389733613
frame_06_Zr_projector.context.ap.0,0.6734071009488103
frame_06_Zr_projector.context.ap.1,
frame_06_Zr_projector.context.ap.2,0.5710579507971867
frame_06_Zr_projector.context.ap.3,
frame_06_Zr_projector.context.ap.4,
frame_06_Zr_projector.context.ap.5,0.4657410112161444
frame_06_Zr_projector.context.ap.6,0.3160121802269279
frame_06_Zr_projector.ptm.counts.0.train,1854
frame_06_Zr_projector.ptm.counts.0.test,1809
frame_06_Zr_projector.ptm.counts.1.train,0
frame_06_Zr_projector.ptm.counts.1.test,0
frame_06_Zr_projector.ptm.counts.2.train,1
frame_06_Zr_projector.ptm.counts.2.test,0
frame_06_Zr_projector.ptm.counts.3.train,41
frame_06_Zr_projector.ptm.counts.3.test,10
frame_06_Zr_projector.ptm.counts.4.train,20
frame_06_Zr_projector.ptm.counts.4.test,12
frame_06_Zr_projector.ptm.test_coverage,1.0
frame_06_Zr_projector.ptm.balanced_accuracy,0.7625667956513729
frame_06_Zr_projector.ptm.ap.0,0.9971815581550438
frame_06_Zr_projector.ptm.ap.1,
frame_06_Zr_projector.ptm.ap.2,
frame_06_Zr_projector.ptm.ap.3,
frame_06_Zr_projector.ptm.ap.4,
frame_06_Zr_projector.liquid_order.train_count,1847
frame_06_Zr_projector.liquid_order.test_count,1811
frame_06_Zr_projector.liquid_order.conditional_r2_gain,0.09323953837156296
frame_06_Zr_projector.liquid_order.mean_r2,0.1296897679567337
frame_06_Zr_projector.context_cutoff_008.counts.0.train,968
frame_06_Zr_projector.context_cutoff_008.counts.0.test,920
frame_06_Zr_projector.context_cutoff_008.counts.1.train,15
frame_06_Zr_projector.context_cutoff_008.counts.1.test,0
frame_06_Zr_projector.context_cutoff_008.counts.2.train,31
frame_06_Zr_projector.context_cutoff_008.counts.2.test,9
frame_06_Zr_projector.context_cutoff_008.counts.3.train,0
frame_06_Zr_projector.context_cutoff_008.counts.3.test,0
frame_06_Zr_projector.context_cutoff_008.counts.4.train,0
frame_06_Zr_projector.context_cutoff_008.counts.4.test,0
frame_06_Zr_projector.context_cutoff_008.counts.5.train,489
frame_06_Zr_projector.context_cutoff_008.counts.5.test,493
frame_06_Zr_projector.context_cutoff_008.counts.6.train,413
frame_06_Zr_projector.context_cutoff_008.counts.6.test,409
frame_06_Zr_projector.context_cutoff_008.test_coverage,1.0
frame_06_Zr_projector.context_cutoff_008.balanced_accuracy,0.5671336315458455
frame_06_Zr_projector.context_cutoff_008.ap.0,0.6771562514169771
frame_06_Zr_projector.context_cutoff_008.ap.1,
frame_06_Zr_projector.context_cutoff_008.ap.2,
frame_06_Zr_projector.context_cutoff_008.ap.3,
frame_06_Zr_projector.context_cutoff_008.ap.4,
frame_06_Zr_projector.context_cutoff_008.ap.5,0.47206689439587585
frame_06_Zr_projector.context_cutoff_008.ap.6,0.3812566931982648
frame_06_Zr_projector.context_cutoff_010.counts.0.train,968
frame_06_Zr_projector.context_cutoff_010.counts.0.test,920
frame_06_Zr_projector.context_cutoff_010.counts.1.train,16
frame_06_Zr_projector.context_cutoff_010.counts.1.test,0
frame_06_Zr_projector.context_cutoff_010.counts.2.train,53
frame_06_Zr_projector.context_cutoff_010.counts.2.test,20
frame_06_Zr_projector.context_cutoff_010.counts.3.train,0
frame_06_Zr_projector.context_cutoff_010.counts.3.test,0
frame_06_Zr_projector.context_cutoff_010.counts.4.train,0
frame_06_Zr_projector.context_cutoff_010.counts.4.test,0
frame_06_Zr_projector.context_cutoff_010.counts.5.train,489
frame_06_Zr_projector.context_cutoff_010.counts.5.test,492
frame_06_Zr_projector.context_cutoff_010.counts.6.train,390
frame_06_Zr_projector.context_cutoff_010.counts.6.test,399
frame_06_Zr_projector.context_cutoff_010.test_coverage,1.0
frame_06_Zr_projector.context_cutoff_010.balanced_accuracy,0.5437980389733613
frame_06_Zr_projector.context_cutoff_010.ap.0,0.6734071009488103
frame_06_Zr_projector.context_cutoff_010.ap.1,
frame_06_Zr_projector.context_cutoff_010.ap.2,0.5710579507971867
frame_06_Zr_projector.context_cutoff_010.ap.3,
frame_06_Zr_projector.context_cutoff_010.ap.4,
frame_06_Zr_projector.context_cutoff_010.ap.5,0.4657410112161444
frame_06_Zr_projector.context_cutoff_010.ap.6,0.3160121802269279
frame_06_Zr_projector.context_cutoff_012.counts.0.train,964
frame_06_Zr_projector.context_cutoff_012.counts.0.test,918
frame_06_Zr_projector.context_cutoff_012.counts.1.train,17
frame_06_Zr_projector.context_cutoff_012.counts.1.test,1
frame_06_Zr_projector.context_cutoff_012.counts.2.train,110
frame_06_Zr_projector.context_cutoff_012.counts.2.test,90
frame_06_Zr_projector.context_cutoff_012.counts.3.train,0
frame_06_Zr_projector.context_cutoff_012.counts.3.test,0
frame_06_Zr_projector.context_cutoff_012.counts.4.train,0
frame_06_Zr_projector.context_cutoff_012.counts.4.test,0
frame_06_Zr_projector.context_cutoff_012.counts.5.train,486
frame_06_Zr_projector.context_cutoff_012.counts.5.test,490
frame_06_Zr_projector.context_cutoff_012.counts.6.train,339
frame_06_Zr_projector.context_cutoff_012.counts.6.test,332
frame_06_Zr_projector.context_cutoff_012.test_coverage,0.9994538503549972
frame_06_Zr_projector.context_cutoff_012.balanced_accuracy,0.4316460519950952
frame_06_Zr_projector.context_cutoff_012.ap.0,0.6648168747722749
frame_06_Zr_projector.context_cutoff_012.ap.1,
frame_06_Zr_projector.context_cutoff_012.ap.2,0.35994166324717036
frame_06_Zr_projector.context_cutoff_012.ap.3,
frame_06_Zr_projector.context_cutoff_012.ap.4,
frame_06_Zr_projector.context_cutoff_012.ap.5,0.45550452696336285
frame_06_Zr_projector.context_cutoff_012.ap.6,0.25738813594330173
frame_06_Zr_projector.spatial.auc,0.4838409625293753
frame_06_Zr_projector.spatial.pairs,1687
frame_06_Zr_projector.spatial.changed_pairs,863
frame_06_Zr_projector.spatial.bins,5
frame_06_Zr_projector.spatial.same_label_normalized_distance,0.4152875973748717
frame_06_Zr_projector.nonbulk_spatial.auc,0.4838409625293753
frame_06_Zr_projector.nonbulk_spatial.pairs,1687
frame_06_Zr_projector.nonbulk_spatial.changed_pairs,863
frame_06_Zr_projector.nonbulk_spatial.bins,5
frame_06_Zr_projector.nonbulk_spatial.same_label_normalized_distance,0.4152875973748717
frame_06_Zr_projector.shuffled_spatial.auc,0.5143361456708405
frame_06_Zr_projector.shuffled_spatial.pairs,1687
frame_06_Zr_projector.shuffled_spatial.changed_pairs,863
frame_06_Zr_projector.shuffled_spatial.bins,5
frame_06_Zr_projector.shuffled_spatial.same_label_normalized_distance,0.46484895573040713
frame_06_Zr_projector.collapsed_spatial.auc,0.5
frame_06_Zr_projector.collapsed_spatial.pairs,1687
frame_06_Zr_projector.collapsed_spatial.changed_pairs,863
frame_06_Zr_projector.collapsed_spatial.bins,5
frame_06_Zr_projector.collapsed_spatial.same_label_normalized_distance,
frame_06_Zr_projector.liquid_topology.train_count,444
frame_06_Zr_projector.liquid_topology.test_count,470
frame_06_Zr_projector.liquid_topology.conditional_r2_gain,-0.10316596180200577
frame_06_Zr_projector.liquid_topology.mean_r2,-0.10494976490736008
frame_06_Zr_projector.nonbulk_cluster_ami,0.06605914890531904
frame_06_Zr_projector.continuity_fixed_candidates_center_fixed.0.0001.pair_rms,2.724180498912416
frame_06_Zr_projector.continuity_fixed_candidates_center_fixed.0.0001.normalized_median,3.398641437812112e-05
frame_06_Zr_projector.continuity_fixed_candidates_center_fixed.0.0001.normalized_p95,0.004777064152008646
frame_06_Zr_projector.continuity_fixed_candidates_center_fixed.0.01.pair_rms,2.724180498912416
frame_06_Zr_projector.continuity_fixed_candidates_center_fixed.0.01.normalized_median,0.03774070728755062
frame_06_Zr_projector.continuity_fixed_candidates_center_fixed.0.01.normalized_p95,0.2108298734504192
frame_06_Zr_projector.continuity_fixed_candidates_center_fixed.0.1.pair_rms,2.724180498912416
frame_06_Zr_projector.continuity_fixed_candidates_center_fixed.0.1.normalized_median,0.09632870512792019
frame_06_Zr_projector.continuity_fixed_candidates_center_fixed.0.1.normalized_p95,0.644510237163057
frame_07_Zr_encoder.collapse.effective_rank,2.071216866279735
frame_07_Zr_encoder.collapse.variance,10.861024723207066
frame_07_Zr_encoder.collapse.pair_rms,4.66069194931548
frame_07_Zr_encoder.liquid_collapse.effective_rank,1.201001806749581
frame_07_Zr_encoder.liquid_collapse.variance,1.1766274184716325
frame_07_Zr_encoder.liquid_collapse.pair_rms,1.534032215093042
frame_07_Zr_encoder.reference_coverage.liquid_fraction,0.91943359375
frame_07_Zr_encoder.reference_coverage.cutoff_stable_fraction,0.94775390625
frame_07_Zr_encoder.context.counts.0.train,797
frame_07_Zr_encoder.context.counts.0.test,925
frame_07_Zr_encoder.context.counts.1.train,128
frame_07_Zr_encoder.context.counts.1.test,13
frame_07_Zr_encoder.context.counts.2.train,114
frame_07_Zr_encoder.context.counts.2.test,40
frame_07_Zr_encoder.context.counts.3.train,0
frame_07_Zr_encoder.context.counts.3.test,0
frame_07_Zr_encoder.context.counts.4.train,0
frame_07_Zr_encoder.context.counts.4.test,0
frame_07_Zr_encoder.context.counts.5.train,408
frame_07_Zr_encoder.context.counts.5.test,507
frame_07_Zr_encoder.context.counts.6.train,381
frame_07_Zr_encoder.context.counts.6.test,423
frame_07_Zr_encoder.context.test_coverage,1.0
frame_07_Zr_encoder.context.balanced_accuracy,0.5960745276309924
frame_07_Zr_encoder.context.ap.0,0.6582675115975856
frame_07_Zr_encoder.context.ap.1,
frame_07_Zr_encoder.context.ap.2,0.6549412823830093
frame_07_Zr_encoder.context.ap.3,
frame_07_Zr_encoder.context.ap.4,
frame_07_Zr_encoder.context.ap.5,0.47885357620463
frame_07_Zr_encoder.context.ap.6,0.3690750642372135
frame_07_Zr_encoder.ptm.counts.0.train,1637
frame_07_Zr_encoder.ptm.counts.0.test,1868
frame_07_Zr_encoder.ptm.counts.1.train,2
frame_07_Zr_encoder.ptm.counts.1.test,1
frame_07_Zr_encoder.ptm.counts.2.train,0
frame_07_Zr_encoder.ptm.counts.2.test,1
frame_07_Zr_encoder.ptm.counts.3.train,180
frame_07_Zr_encoder.ptm.counts.3.test,28
frame_07_Zr_encoder.ptm.counts.4.train,9
frame_07_Zr_encoder.ptm.counts.4.test,10
frame_07_Zr_encoder.ptm.test_coverage,0.9937106918238994
frame_07_Zr_encoder.ptm.balanced_accuracy,0.9245564392780667
frame_07_Zr_encoder.ptm.ap.0,0.986456157860998
frame_07_Zr_encoder.ptm.ap.1,
frame_07_Zr_encoder.ptm.ap.2,
frame_07_Zr_encoder.ptm.ap.3,0.9123499073745093
frame_07_Zr_encoder.ptm.ap.4,
frame_07_Zr_encoder.liquid_order.train_count,1586
frame_07_Zr_encoder.liquid_order.test_count,1855
frame_07_Zr_encoder.liquid_order.conditional_r2_gain,0.07549789547920227
frame_07_Zr_encoder.liquid_order.mean_r2,0.11632826924324036
frame_07_Zr_encoder.context_cutoff_008.counts.0.train,797
frame_07_Zr_encoder.context_cutoff_008.counts.0.test,925
frame_07_Zr_encoder.context_cutoff_008.counts.1.train,123
frame_07_Zr_encoder.context_cutoff_008.counts.1.test,13
frame_07_Zr_encoder.context_cutoff_008.counts.2.train,95
frame_07_Zr_encoder.context_cutoff_008.counts.2.test,25
frame_07_Zr_encoder.context_cutoff_008.counts.3.train,0
frame_07_Zr_encoder.context_cutoff_008.counts.3.test,0
frame_07_Zr_encoder.context_cutoff_008.counts.4.train,0
frame_07_Zr_encoder.context_cutoff_008.counts.4.test,0
frame_07_Zr_encoder.context_cutoff_008.counts.5.train,409
frame_07_Zr_encoder.context_cutoff_008.counts.5.test,508
frame_07_Zr_encoder.context_cutoff_008.counts.6.train,404
frame_07_Zr_encoder.context_cutoff_008.counts.6.test,437
frame_07_Zr_encoder.context_cutoff_008.test_coverage,1.0
frame_07_Zr_encoder.context_cutoff_008.balanced_accuracy,0.600736091478339
frame_07_Zr_encoder.context_cutoff_008.ap.0,0.657793391061853
frame_07_Zr_encoder.context_cutoff_008.ap.1,
frame_07_Zr_encoder.context_cutoff_008.ap.2,0.6797050188972467
frame_07_Zr_encoder.context_cutoff_008.ap.3,
frame_07_Zr_encoder.context_cutoff_008.ap.4,
frame_07_Zr_encoder.context_cutoff_008.ap.5,0.4787052825436262
frame_07_Zr_encoder.context_cutoff_008.ap.6,0.38131822652801295
frame_07_Zr_encoder.context_cutoff_010.counts.0.train,797
frame_07_Zr_encoder.context_cutoff_010.counts.0.test,925
frame_07_Zr_encoder.context_cutoff_010.counts.1.train,128
frame_07_Zr_encoder.context_cutoff_010.counts.1.test,13
frame_07_Zr_encoder.context_cutoff_010.counts.2.train,114
frame_07_Zr_encoder.context_cutoff_010.counts.2.test,40
frame_07_Zr_encoder.context_cutoff_010.counts.3.train,0
frame_07_Zr_encoder.context_cutoff_010.counts.3.test,0
frame_07_Zr_encoder.context_cutoff_010.counts.4.train,0
frame_07_Zr_encoder.context_cutoff_010.counts.4.test,0
frame_07_Zr_encoder.context_cutoff_010.counts.5.train,408
frame_07_Zr_encoder.context_cutoff_010.counts.5.test,507
frame_07_Zr_encoder.context_cutoff_010.counts.6.train,381
frame_07_Zr_encoder.context_cutoff_010.counts.6.test,423
frame_07_Zr_encoder.context_cutoff_010.test_coverage,1.0
frame_07_Zr_encoder.context_cutoff_010.balanced_accuracy,0.5960745276309924
frame_07_Zr_encoder.context_cutoff_010.ap.0,0.6582675115975856
frame_07_Zr_encoder.context_cutoff_010.ap.1,
frame_07_Zr_encoder.context_cutoff_010.ap.2,0.6549412823830093
frame_07_Zr_encoder.context_cutoff_010.ap.3,
frame_07_Zr_encoder.context_cutoff_010.ap.4,
frame_07_Zr_encoder.context_cutoff_010.ap.5,0.47885357620463
frame_07_Zr_encoder.context_cutoff_010.ap.6,0.3690750642372135
frame_07_Zr_encoder.context_cutoff_012.counts.0.train,792
frame_07_Zr_encoder.context_cutoff_012.counts.0.test,919
frame_07_Zr_encoder.context_cutoff_012.counts.1.train,140
frame_07_Zr_encoder.context_cutoff_012.counts.1.test,14
frame_07_Zr_encoder.context_cutoff_012.counts.2.train,165
frame_07_Zr_encoder.context_cutoff_012.counts.2.test,108
frame_07_Zr_encoder.context_cutoff_012.counts.3.train,0
frame_07_Zr_encoder.context_cutoff_012.counts.3.test,0
frame_07_Zr_encoder.context_cutoff_012.counts.4.train,0
frame_07_Zr_encoder.context_cutoff_012.counts.4.test,0
frame_07_Zr_encoder.context_cutoff_012.counts.5.train,406
frame_07_Zr_encoder.context_cutoff_012.counts.5.test,506
frame_07_Zr_encoder.context_cutoff_012.counts.6.train,325
frame_07_Zr_encoder.context_cutoff_012.counts.6.test,361
frame_07_Zr_encoder.context_cutoff_012.test_coverage,1.0
frame_07_Zr_encoder.context_cutoff_012.balanced_accuracy,0.5386550633973953
frame_07_Zr_encoder.context_cutoff_012.ap.0,0.6541290665296478
frame_07_Zr_encoder.context_cutoff_012.ap.1,
frame_07_Zr_encoder.context_cutoff_012.ap.2,0.44409882384028937
frame_07_Zr_encoder.context_cutoff_012.ap.3,
frame_07_Zr_encoder.context_cutoff_012.ap.4,
frame_07_Zr_encoder.context_cutoff_012.ap.5,0.4810054552405505
frame_07_Zr_encoder.context_cutoff_012.ap.6,0.24812608004438735
frame_07_Zr_encoder.spatial.auc,0.5067900091928362
frame_07_Zr_encoder.spatial.pairs,1768
frame_07_Zr_encoder.spatial.changed_pairs,850
frame_07_Zr_encoder.spatial.bins,5
frame_07_Zr_encoder.spatial.same_label_normalized_distance,0.32289855558911834
frame_07_Zr_encoder.nonbulk_spatial.auc,0.5088697002882404
frame_07_Zr_encoder.nonbulk_spatial.pairs,1758
frame_07_Zr_encoder.nonbulk_spatial.changed_pairs,849
frame_07_Zr_encoder.nonbulk_spatial.bins,5
frame_07_Zr_encoder.nonbulk_spatial.same_label_normalized_distance,0.3767997975608482
frame_07_Zr_encoder.shuffled_spatial.auc,0.5048366784144757
frame_07_Zr_encoder.shuffled_spatial.pairs,1758
frame_07_Zr_encoder.shuffled_spatial.changed_pairs,849
frame_07_Zr_encoder.shuffled_spatial.bins,5
frame_07_Zr_encoder.shuffled_spatial.same_label_normalized_distance,0.5204091636715124
frame_07_Zr_encoder.collapsed_spatial.auc,0.5
frame_07_Zr_encoder.collapsed_spatial.pairs,1758
frame_07_Zr_encoder.collapsed_spatial.changed_pairs,849
frame_07_Zr_encoder.collapsed_spatial.bins,5
frame_07_Zr_encoder.collapsed_spatial.same_label_normalized_distance,
frame_07_Zr_encoder.liquid_topology.train_count,378
frame_07_Zr_encoder.liquid_topology.test_count,465
frame_07_Zr_encoder.liquid_topology.conditional_r2_gain,-6.828954696655273
frame_07_Zr_encoder.liquid_topology.mean_r2,-7.025540351867676
frame_07_Zr_encoder.nonbulk_cluster_ami,0.1004222041774092
frame_07_Zr_encoder.continuity_fixed_candidates_center_fixed.0.0001.pair_rms,4.413954634171807
frame_07_Zr_encoder.continuity_fixed_candidates_center_fixed.0.0001.normalized_median,2.3301825073666492e-05
frame_07_Zr_encoder.continuity_fixed_candidates_center_fixed.0.0001.normalized_p95,0.005820168772048582
frame_07_Zr_encoder.continuity_fixed_candidates_center_fixed.0.01.pair_rms,4.413954634171807
frame_07_Zr_encoder.continuity_fixed_candidates_center_fixed.0.01.normalized_median,0.025532993644239395
frame_07_Zr_encoder.continuity_fixed_candidates_center_fixed.0.01.normalized_p95,0.19414358344115137
frame_07_Zr_encoder.continuity_fixed_candidates_center_fixed.0.1.pair_rms,4.413954634171807
frame_07_Zr_encoder.continuity_fixed_candidates_center_fixed.0.1.normalized_median,0.06571717291096152
frame_07_Zr_encoder.continuity_fixed_candidates_center_fixed.0.1.normalized_p95,0.6537303829797326
frame_07_Zr_projector.collapse.effective_rank,2.071216866279735
frame_07_Zr_projector.collapse.variance,10.861024723207066
frame_07_Zr_projector.collapse.pair_rms,4.66069194931548
frame_07_Zr_projector.liquid_collapse.effective_rank,1.201001806749581
frame_07_Zr_projector.liquid_collapse.variance,1.1766274184716325
frame_07_Zr_projector.liquid_collapse.pair_rms,1.534032215093042
frame_07_Zr_projector.reference_coverage.liquid_fraction,0.91943359375
frame_07_Zr_projector.reference_coverage.cutoff_stable_fraction,0.94775390625
frame_07_Zr_projector.context.counts.0.train,797
frame_07_Zr_projector.context.counts.0.test,925
frame_07_Zr_projector.context.counts.1.train,128
frame_07_Zr_projector.context.counts.1.test,13
frame_07_Zr_projector.context.counts.2.train,114
frame_07_Zr_projector.context.counts.2.test,40
frame_07_Zr_projector.context.counts.3.train,0
frame_07_Zr_projector.context.counts.3.test,0
frame_07_Zr_projector.context.counts.4.train,0
frame_07_Zr_projector.context.counts.4.test,0
frame_07_Zr_projector.context.counts.5.train,408
frame_07_Zr_projector.context.counts.5.test,507
frame_07_Zr_projector.context.counts.6.train,381
frame_07_Zr_projector.context.counts.6.test,423
frame_07_Zr_projector.context.test_coverage,1.0
frame_07_Zr_projector.context.balanced_accuracy,0.5960745276309924
frame_07_Zr_projector.context.ap.0,0.6582675115975856
frame_07_Zr_projector.context.ap.1,
frame_07_Zr_projector.context.ap.2,0.6549412823830093
frame_07_Zr_projector.context.ap.3,
frame_07_Zr_projector.context.ap.4,
frame_07_Zr_projector.context.ap.5,0.47885357620463
frame_07_Zr_projector.context.ap.6,0.3690750642372135
frame_07_Zr_projector.ptm.counts.0.train,1637
frame_07_Zr_projector.ptm.counts.0.test,1868
frame_07_Zr_projector.ptm.counts.1.train,2
frame_07_Zr_projector.ptm.counts.1.test,1
frame_07_Zr_projector.ptm.counts.2.train,0
frame_07_Zr_projector.ptm.counts.2.test,1
frame_07_Zr_projector.ptm.counts.3.train,180
frame_07_Zr_projector.ptm.counts.3.test,28
frame_07_Zr_projector.ptm.counts.4.train,9
frame_07_Zr_projector.ptm.counts.4.test,10
frame_07_Zr_projector.ptm.test_coverage,0.9937106918238994
frame_07_Zr_projector.ptm.balanced_accuracy,0.9245564392780667
frame_07_Zr_projector.ptm.ap.0,0.986456157860998
frame_07_Zr_projector.ptm.ap.1,
frame_07_Zr_projector.ptm.ap.2,
frame_07_Zr_projector.ptm.ap.3,0.9123499073745093
frame_07_Zr_projector.ptm.ap.4,
frame_07_Zr_projector.liquid_order.train_count,1586
frame_07_Zr_projector.liquid_order.test_count,1855
frame_07_Zr_projector.liquid_order.conditional_r2_gain,0.07549789547920227
frame_07_Zr_projector.liquid_order.mean_r2,0.11632826924324036
frame_07_Zr_projector.context_cutoff_008.counts.0.train,797
frame_07_Zr_projector.context_cutoff_008.counts.0.test,925
frame_07_Zr_projector.context_cutoff_008.counts.1.train,123
frame_07_Zr_projector.context_cutoff_008.counts.1.test,13
frame_07_Zr_projector.context_cutoff_008.counts.2.train,95
frame_07_Zr_projector.context_cutoff_008.counts.2.test,25
frame_07_Zr_projector.context_cutoff_008.counts.3.train,0
frame_07_Zr_projector.context_cutoff_008.counts.3.test,0
frame_07_Zr_projector.context_cutoff_008.counts.4.train,0
frame_07_Zr_projector.context_cutoff_008.counts.4.test,0
frame_07_Zr_projector.context_cutoff_008.counts.5.train,409
frame_07_Zr_projector.context_cutoff_008.counts.5.test,508
frame_07_Zr_projector.context_cutoff_008.counts.6.train,404
frame_07_Zr_projector.context_cutoff_008.counts.6.test,437
frame_07_Zr_projector.context_cutoff_008.test_coverage,1.0
frame_07_Zr_projector.context_cutoff_008.balanced_accuracy,0.600736091478339
frame_07_Zr_projector.context_cutoff_008.ap.0,0.657793391061853
frame_07_Zr_projector.context_cutoff_008.ap.1,
frame_07_Zr_projector.context_cutoff_008.ap.2,0.6797050188972467
frame_07_Zr_projector.context_cutoff_008.ap.3,
frame_07_Zr_projector.context_cutoff_008.ap.4,
frame_07_Zr_projector.context_cutoff_008.ap.5,0.4787052825436262
frame_07_Zr_projector.context_cutoff_008.ap.6,0.38131822652801295
frame_07_Zr_projector.context_cutoff_010.counts.0.train,797
frame_07_Zr_projector.context_cutoff_010.counts.0.test,925
frame_07_Zr_projector.context_cutoff_010.counts.1.train,128
frame_07_Zr_projector.context_cutoff_010.counts.1.test,13
frame_07_Zr_projector.context_cutoff_010.counts.2.train,114
frame_07_Zr_projector.context_cutoff_010.counts.2.test,40
frame_07_Zr_projector.context_cutoff_010.counts.3.train,0
frame_07_Zr_projector.context_cutoff_010.counts.3.test,0
frame_07_Zr_projector.context_cutoff_010.counts.4.train,0
frame_07_Zr_projector.context_cutoff_010.counts.4.test,0
frame_07_Zr_projector.context_cutoff_010.counts.5.train,408
frame_07_Zr_projector.context_cutoff_010.counts.5.test,507
frame_07_Zr_projector.context_cutoff_010.counts.6.train,381
frame_07_Zr_projector.context_cutoff_010.counts.6.test,423
frame_07_Zr_projector.context_cutoff_010.test_coverage,1.0
frame_07_Zr_projector.context_cutoff_010.balanced_accuracy,0.5960745276309924
frame_07_Zr_projector.context_cutoff_010.ap.0,0.6582675115975856
frame_07_Zr_projector.context_cutoff_010.ap.1,
frame_07_Zr_projector.context_cutoff_010.ap.2,0.6549412823830093
frame_07_Zr_projector.context_cutoff_010.ap.3,
frame_07_Zr_projector.context_cutoff_010.ap.4,
frame_07_Zr_projector.context_cutoff_010.ap.5,0.47885357620463
frame_07_Zr_projector.context_cutoff_010.ap.6,0.3690750642372135
frame_07_Zr_projector.context_cutoff_012.counts.0.train,792
frame_07_Zr_projector.context_cutoff_012.counts.0.test,919
frame_07_Zr_projector.context_cutoff_012.counts.1.train,140
frame_07_Zr_projector.context_cutoff_012.counts.1.test,14
frame_07_Zr_projector.context_cutoff_012.counts.2.train,165
frame_07_Zr_projector.context_cutoff_012.counts.2.test,108
frame_07_Zr_projector.context_cutoff_012.counts.3.train,0
frame_07_Zr_projector.context_cutoff_012.counts.3.test,0
frame_07_Zr_projector.context_cutoff_012.counts.4.train,0
frame_07_Zr_projector.context_cutoff_012.counts.4.test,0
frame_07_Zr_projector.context_cutoff_012.counts.5.train,406
frame_07_Zr_projector.context_cutoff_012.counts.5.test,506
frame_07_Zr_projector.context_cutoff_012.counts.6.train,325
frame_07_Zr_projector.context_cutoff_012.counts.6.test,361
frame_07_Zr_projector.context_cutoff_012.test_coverage,1.0
frame_07_Zr_projector.context_cutoff_012.balanced_accuracy,0.5386550633973953
frame_07_Zr_projector.context_cutoff_012.ap.0,0.6541290665296478
frame_07_Zr_projector.context_cutoff_012.ap.1,
frame_07_Zr_projector.context_cutoff_012.ap.2,0.44409882384028937
frame_07_Zr_projector.context_cutoff_012.ap.3,
frame_07_Zr_projector.context_cutoff_012.ap.4,
frame_07_Zr_projector.context_cutoff_012.ap.5,0.4810054552405505
frame_07_Zr_projector.context_cutoff_012.ap.6,0.24812608004438735
frame_07_Zr_projector.spatial.auc,0.5067900091928362
frame_07_Zr_projector.spatial.pairs,1768
frame_07_Zr_projector.spatial.changed_pairs,850
frame_07_Zr_projector.spatial.bins,5
frame_07_Zr_projector.spatial.same_label_normalized_distance,0.32289855558911834
frame_07_Zr_projector.nonbulk_spatial.auc,0.5088697002882404
frame_07_Zr_projector.nonbulk_spatial.pairs,1758
frame_07_Zr_projector.nonbulk_spatial.changed_pairs,849
frame_07_Zr_projector.nonbulk_spatial.bins,5
frame_07_Zr_projector.nonbulk_spatial.same_label_normalized_distance,0.3767997975608482
frame_07_Zr_projector.shuffled_spatial.auc,0.5048366784144757
frame_07_Zr_projector.shuffled_spatial.pairs,1758
frame_07_Zr_projector.shuffled_spatial.changed_pairs,849
frame_07_Zr_projector.shuffled_spatial.bins,5
frame_07_Zr_projector.shuffled_spatial.same_label_normalized_distance,0.5204091636715124
frame_07_Zr_projector.collapsed_spatial.auc,0.5
frame_07_Zr_projector.collapsed_spatial.pairs,1758
frame_07_Zr_projector.collapsed_spatial.changed_pairs,849
frame_07_Zr_projector.collapsed_spatial.bins,5
frame_07_Zr_projector.collapsed_spatial.same_label_normalized_distance,
frame_07_Zr_projector.liquid_topology.train_count,378
frame_07_Zr_projector.liquid_topology.test_count,465
frame_07_Zr_projector.liquid_topology.conditional_r2_gain,-6.828954696655273
frame_07_Zr_projector.liquid_topology.mean_r2,-7.025540351867676
frame_07_Zr_projector.nonbulk_cluster_ami,0.1004222041774092
frame_07_Zr_projector.continuity_fixed_candidates_center_fixed.0.0001.pair_rms,4.413954634171807
frame_07_Zr_projector.continuity_fixed_candidates_center_fixed.0.0001.normalized_median,2.3301825073666492e-05
frame_07_Zr_projector.continuity_fixed_candidates_center_fixed.0.0001.normalized_p95,0.005820168772048582
frame_07_Zr_projector.continuity_fixed_candidates_center_fixed.0.01.pair_rms,4.413954634171807
frame_07_Zr_projector.continuity_fixed_candidates_center_fixed.0.01.normalized_median,0.025532993644239395
frame_07_Zr_projector.continuity_fixed_candidates_center_fixed.0.01.normalized_p95,0.19414358344115137
frame_07_Zr_projector.continuity_fixed_candidates_center_fixed.0.1.pair_rms,4.413954634171807
frame_07_Zr_projector.continuity_fixed_candidates_center_fixed.0.1.normalized_median,0.06571717291096152
frame_07_Zr_projector.continuity_fixed_candidates_center_fixed.0.1.normalized_p95,0.6537303829797326
frame_08_Zr_encoder.collapse.effective_rank,1.8111076792259506
frame_08_Zr_encoder.collapse.variance,30.800019307169762
frame_08_Zr_encoder.collapse.pair_rms,7.848569208100259
frame_08_Zr_encoder.liquid_collapse.effective_rank,1.1800129392447263
frame_08_Zr_encoder.liquid_collapse.variance,1.6628241013131522
frame_08_Zr_encoder.liquid_collapse.pair_rms,1.8236359841334302
frame_08_Zr_encoder.reference_coverage.liquid_fraction,0.739990234375
frame_08_Zr_encoder.reference_coverage.cutoff_stable_fraction,0.935791015625
frame_08_Zr_encoder.context.counts.0.train,576
frame_08_Zr_encoder.context.counts.0.test,733
frame_08_Zr_encoder.context.counts.1.train,446
frame_08_Zr_encoder.context.counts.1.test,156
frame_08_Zr_encoder.context.counts.2.train,211
frame_08_Zr_encoder.context.counts.2.test,150
frame_08_Zr_encoder.context.counts.3.train,0
frame_08_Zr_encoder.context.counts.3.test,0
frame_08_Zr_encoder.context.counts.4.train,0
frame_08_Zr_encoder.context.counts.4.test,0
frame_08_Zr_encoder.context.counts.5.train,321
frame_08_Zr_encoder.context.counts.5.test,392
frame_08_Zr_encoder.context.counts.6.train,331
frame_08_Zr_encoder.context.counts.6.test,386
frame_08_Zr_encoder.context.test_coverage,1.0
frame_08_Zr_encoder.context.balanced_accuracy,0.6428604793770074
frame_08_Zr_encoder.context.ap.0,0.639086197712314
frame_08_Zr_encoder.context.ap.1,0.993370016078445
frame_08_Zr_encoder.context.ap.2,0.8221214204097206
frame_08_Zr_encoder.context.ap.3,
frame_08_Zr_encoder.context.ap.4,
frame_08_Zr_encoder.context.ap.5,0.4357655082431933
frame_08_Zr_encoder.context.ap.6,0.3996978896660155
frame_08_Zr_encoder.ptm.counts.0.train,1351
frame_08_Zr_encoder.ptm.counts.0.test,1587
frame_08_Zr_encoder.ptm.counts.1.train,0
frame_08_Zr_encoder.ptm.counts.1.test,1
frame_08_Zr_encoder.ptm.counts.2.train,1
frame_08_Zr_encoder.ptm.counts.2.test,2
frame_08_Zr_encoder.ptm.counts.3.train,525
frame_08_Zr_encoder.ptm.counts.3.test,213
frame_08_Zr_encoder.ptm.counts.4.train,8
frame_08_Zr_encoder.ptm.counts.4.test,14
frame_08_Zr_encoder.ptm.test_coverage,0.9906439185470556
frame_08_Zr_encoder.ptm.balanced_accuracy,0.9750925211001358
frame_08_Zr_encoder.ptm.ap.0,0.9896567357696671
frame_08_Zr_encoder.ptm.ap.1,
frame_08_Zr_encoder.ptm.ap.2,
frame_08_Zr_encoder.ptm.ap.3,0.9945083266400169
frame_08_Zr_encoder.ptm.ap.4,
frame_08_Zr_encoder.liquid_order.train_count,1228
frame_08_Zr_encoder.liquid_order.test_count,1511
frame_08_Zr_encoder.liquid_order.conditional_r2_gain,0.08647438138723373
frame_08_Zr_encoder.liquid_order.mean_r2,0.12095963954925537
frame_08_Zr_encoder.context_cutoff_008.counts.0.train,577
frame_08_Zr_encoder.context_cutoff_008.counts.0.test,733
frame_08_Zr_encoder.context_cutoff_008.counts.1.train,432
frame_08_Zr_encoder.context_cutoff_008.counts.1.test,150
frame_08_Zr_encoder.context_cutoff_008.counts.2.train,195
frame_08_Zr_encoder.context_cutoff_008.counts.2.test,121
frame_08_Zr_encoder.context_cutoff_008.counts.3.train,0
frame_08_Zr_encoder.context_cutoff_008.counts.3.test,0
frame_08_Zr_encoder.context_cutoff_008.counts.4.train,0
frame_08_Zr_encoder.context_cutoff_008.counts.4.test,0
frame_08_Zr_encoder.context_cutoff_008.counts.5.train,321
frame_08_Zr_encoder.context_cutoff_008.counts.5.test,392
frame_08_Zr_encoder.context_cutoff_008.counts.6.train,360
frame_08_Zr_encoder.context_cutoff_008.counts.6.test,421
frame_08_Zr_encoder.context_cutoff_008.test_coverage,1.0
frame_08_Zr_encoder.context_cutoff_008.balanced_accuracy,0.6599579259642654
frame_08_Zr_encoder.context_cutoff_008.ap.0,0.6396812862055232
frame_08_Zr_encoder.context_cutoff_008.ap.1,0.992855732784605
frame_08_Zr_encoder.context_cutoff_008.ap.2,0.8918471436022865
frame_08_Zr_encoder.context_cutoff_008.ap.3,
frame_08_Zr_encoder.context_cutoff_008.ap.4,
frame_08_Zr_encoder.context_cutoff_008.ap.5,0.43805318499405344
frame_08_Zr_encoder.context_cutoff_008.ap.6,0.44819396862321204
frame_08_Zr_encoder.context_cutoff_010.counts.0.train,576
frame_08_Zr_encoder.context_cutoff_010.counts.0.test,733
frame_08_Zr_encoder.context_cutoff_010.counts.1.train,446
frame_08_Zr_encoder.context_cutoff_010.counts.1.test,156
frame_08_Zr_encoder.context_cutoff_010.counts.2.train,211
frame_08_Zr_encoder.context_cutoff_010.counts.2.test,150
frame_08_Zr_encoder.context_cutoff_010.counts.3.train,0
frame_08_Zr_encoder.context_cutoff_010.counts.3.test,0
frame_08_Zr_encoder.context_cutoff_010.counts.4.train,0
frame_08_Zr_encoder.context_cutoff_010.counts.4.test,0
frame_08_Zr_encoder.context_cutoff_010.counts.5.train,321
frame_08_Zr_encoder.context_cutoff_010.counts.5.test,392
frame_08_Zr_encoder.context_cutoff_010.counts.6.train,331
frame_08_Zr_encoder.context_cutoff_010.counts.6.test,386
frame_08_Zr_encoder.context_cutoff_010.test_coverage,1.0
frame_08_Zr_encoder.context_cutoff_010.balanced_accuracy,0.6428604793770074
frame_08_Zr_encoder.context_cutoff_010.ap.0,0.639086197712314
frame_08_Zr_encoder.context_cutoff_010.ap.1,0.993370016078445
frame_08_Zr_encoder.context_cutoff_010.ap.2,0.8221214204097206
frame_08_Zr_encoder.context_cutoff_010.ap.3,
frame_08_Zr_encoder.context_cutoff_010.ap.4,
frame_08_Zr_encoder.context_cutoff_010.ap.5,0.4357655082431933
frame_08_Zr_encoder.context_cutoff_010.ap.6,0.3996978896660155
frame_08_Zr_encoder.context_cutoff_012.counts.0.train,573
frame_08_Zr_encoder.context_cutoff_012.counts.0.test,726
frame_08_Zr_encoder.context_cutoff_012.counts.1.train,456
frame_08_Zr_encoder.context_cutoff_012.counts.1.test,163
frame_08_Zr_encoder.context_cutoff_012.counts.2.train,264
frame_08_Zr_encoder.context_cutoff_012.counts.2.test,220
frame_08_Zr_encoder.context_cutoff_012.counts.3.train,0
frame_08_Zr_encoder.context_cutoff_012.counts.3.test,0
frame_08_Zr_encoder.context_cutoff_012.counts.4.train,2
frame_08_Zr_encoder.context_cutoff_012.counts.4.test,0
frame_08_Zr_encoder.context_cutoff_012.counts.5.train,319
frame_08_Zr_encoder.context_cutoff_012.counts.5.test,390
frame_08_Zr_encoder.context_cutoff_012.counts.6.train,271
frame_08_Zr_encoder.context_cutoff_012.counts.6.test,318
frame_08_Zr_encoder.context_cutoff_012.test_coverage,1.0
frame_08_Zr_encoder.context_cutoff_012.balanced_accuracy,0.5818728492180807
frame_08_Zr_encoder.context_cutoff_012.ap.0,0.6381173905250256
frame_08_Zr_encoder.context_cutoff_012.ap.1,0.9897982373393828
frame_08_Zr_encoder.context_cutoff_012.ap.2,0.7069409839309532
frame_08_Zr_encoder.context_cutoff_012.ap.3,
frame_08_Zr_encoder.context_cutoff_012.ap.4,
frame_08_Zr_encoder.context_cutoff_012.ap.5,0.4292083180524062
frame_08_Zr_encoder.context_cutoff_012.ap.6,0.29600621228781343
frame_08_Zr_encoder.spatial.auc,0.4972248942808817
frame_08_Zr_encoder.spatial.pairs,1617
frame_08_Zr_encoder.spatial.changed_pairs,725
frame_08_Zr_encoder.spatial.bins,5
frame_08_Zr_encoder.spatial.same_label_normalized_distance,0.21034445040542793
frame_08_Zr_encoder.nonbulk_spatial.auc,0.48540138674006905
frame_08_Zr_encoder.nonbulk_spatial.pairs,1472
frame_08_Zr_encoder.nonbulk_spatial.changed_pairs,708
frame_08_Zr_encoder.nonbulk_spatial.bins,5
frame_08_Zr_encoder.nonbulk_spatial.same_label_normalized_distance,0.3479906235215988
frame_08_Zr_encoder.shuffled_spatial.auc,0.4972177427305599
frame_08_Zr_encoder.shuffled_spatial.pairs,1472
frame_08_Zr_encoder.shuffled_spatial.changed_pairs,708
frame_08_Zr_encoder.shuffled_spatial.bins,5
frame_08_Zr_encoder.shuffled_spatial.same_label_normalized_distance,0.6829661760839745
frame_08_Zr_encoder.collapsed_spatial.auc,0.5
frame_08_Zr_encoder.collapsed_spatial.pairs,1472
frame_08_Zr_encoder.collapsed_spatial.changed_pairs,708
frame_08_Zr_encoder.collapsed_spatial.bins,5
frame_08_Zr_encoder.collapsed_spatial.same_label_normalized_distance,
frame_08_Zr_encoder.liquid_topology.train_count,308
frame_08_Zr_encoder.liquid_topology.test_count,389
frame_08_Zr_encoder.liquid_topology.conditional_r2_gain,-1.299494981765747
frame_08_Zr_encoder.liquid_topology.mean_r2,-1.3788888454437256
frame_08_Zr_encoder.nonbulk_cluster_ami,0.23474260444103492
frame_08_Zr_encoder.continuity_fixed_candidates_center_fixed.0.0001.pair_rms,7.879246490338098
frame_08_Zr_encoder.continuity_fixed_candidates_center_fixed.0.0001.normalized_median,1.5924211744423494e-05
frame_08_Zr_encoder.continuity_fixed_candidates_center_fixed.0.0001.normalized_p95,0.004135443978350812
frame_08_Zr_encoder.continuity_fixed_candidates_center_fixed.0.01.pair_rms,7.879246490338098
frame_08_Zr_encoder.continuity_fixed_candidates_center_fixed.0.01.normalized_median,0.017460195305674713
frame_08_Zr_encoder.continuity_fixed_candidates_center_fixed.0.01.normalized_p95,0.2471340278801487
frame_08_Zr_encoder.continuity_fixed_candidates_center_fixed.0.1.pair_rms,7.879246490338098
frame_08_Zr_encoder.continuity_fixed_candidates_center_fixed.0.1.normalized_median,0.05325368078590941
frame_08_Zr_encoder.continuity_fixed_candidates_center_fixed.0.1.normalized_p95,1.0188485165645789
frame_08_Zr_projector.collapse.effective_rank,1.8111076792259506
frame_08_Zr_projector.collapse.variance,30.800019307169762
frame_08_Zr_projector.collapse.pair_rms,7.848569208100259
frame_08_Zr_projector.liquid_collapse.effective_rank,1.1800129392447263
frame_08_Zr_projector.liquid_collapse.variance,1.6628241013131522
frame_08_Zr_projector.liquid_collapse.pair_rms,1.8236359841334302
frame_08_Zr_projector.reference_coverage.liquid_fraction,0.739990234375
frame_08_Zr_projector.reference_coverage.cutoff_stable_fraction,0.935791015625
frame_08_Zr_projector.context.counts.0.train,576
frame_08_Zr_projector.context.counts.0.test,733
frame_08_Zr_projector.context.counts.1.train,446
frame_08_Zr_projector.context.counts.1.test,156
frame_08_Zr_projector.context.counts.2.train,211
frame_08_Zr_projector.context.counts.2.test,150
frame_08_Zr_projector.context.counts.3.train,0
frame_08_Zr_projector.context.counts.3.test,0
frame_08_Zr_projector.context.counts.4.train,0
frame_08_Zr_projector.context.counts.4.test,0
frame_08_Zr_projector.context.counts.5.train,321
frame_08_Zr_projector.context.counts.5.test,392
frame_08_Zr_projector.context.counts.6.train,331
frame_08_Zr_projector.context.counts.6.test,386
frame_08_Zr_projector.context.test_coverage,1.0
frame_08_Zr_projector.context.balanced_accuracy,0.6428604793770074
frame_08_Zr_projector.context.ap.0,0.639086197712314
frame_08_Zr_projector.context.ap.1,0.993370016078445
frame_08_Zr_projector.context.ap.2,0.8221214204097206
frame_08_Zr_projector.context.ap.3,
frame_08_Zr_projector.context.ap.4,
frame_08_Zr_projector.context.ap.5,0.4357655082431933
frame_08_Zr_projector.context.ap.6,0.3996978896660155
frame_08_Zr_projector.ptm.counts.0.train,1351
frame_08_Zr_projector.ptm.counts.0.test,1587
frame_08_Zr_projector.ptm.counts.1.train,0
frame_08_Zr_projector.ptm.counts.1.test,1
frame_08_Zr_projector.ptm.counts.2.train,1
frame_08_Zr_projector.ptm.counts.2.test,2
frame_08_Zr_projector.ptm.counts.3.train,525
frame_08_Zr_projector.ptm.counts.3.test,213
frame_08_Zr_projector.ptm.counts.4.train,8
frame_08_Zr_projector.ptm.counts.4.test,14
frame_08_Zr_projector.ptm.test_coverage,0.9906439185470556
frame_08_Zr_projector.ptm.balanced_accuracy,0.9750925211001358
frame_08_Zr_projector.ptm.ap.0,0.9896567357696671
frame_08_Zr_projector.ptm.ap.1,
frame_08_Zr_projector.ptm.ap.2,
frame_08_Zr_projector.ptm.ap.3,0.9945083266400169
frame_08_Zr_projector.ptm.ap.4,
frame_08_Zr_projector.liquid_order.train_count,1228
frame_08_Zr_projector.liquid_order.test_count,1511
frame_08_Zr_projector.liquid_order.conditional_r2_gain,0.08647438138723373
frame_08_Zr_projector.liquid_order.mean_r2,0.12095963954925537
frame_08_Zr_projector.context_cutoff_008.counts.0.train,577
frame_08_Zr_projector.context_cutoff_008.counts.0.test,733
frame_08_Zr_projector.context_cutoff_008.counts.1.train,432
frame_08_Zr_projector.context_cutoff_008.counts.1.test,150
frame_08_Zr_projector.context_cutoff_008.counts.2.train,195
frame_08_Zr_projector.context_cutoff_008.counts.2.test,121
frame_08_Zr_projector.context_cutoff_008.counts.3.train,0
frame_08_Zr_projector.context_cutoff_008.counts.3.test,0
frame_08_Zr_projector.context_cutoff_008.counts.4.train,0
frame_08_Zr_projector.context_cutoff_008.counts.4.test,0
frame_08_Zr_projector.context_cutoff_008.counts.5.train,321
frame_08_Zr_projector.context_cutoff_008.counts.5.test,392
frame_08_Zr_projector.context_cutoff_008.counts.6.train,360
frame_08_Zr_projector.context_cutoff_008.counts.6.test,421
frame_08_Zr_projector.context_cutoff_008.test_coverage,1.0
frame_08_Zr_projector.context_cutoff_008.balanced_accuracy,0.6599579259642654
frame_08_Zr_projector.context_cutoff_008.ap.0,0.6396812862055232
frame_08_Zr_projector.context_cutoff_008.ap.1,0.992855732784605
frame_08_Zr_projector.context_cutoff_008.ap.2,0.8918471436022865
frame_08_Zr_projector.context_cutoff_008.ap.3,
frame_08_Zr_projector.context_cutoff_008.ap.4,
frame_08_Zr_projector.context_cutoff_008.ap.5,0.43805318499405344
frame_08_Zr_projector.context_cutoff_008.ap.6,0.44819396862321204
frame_08_Zr_projector.context_cutoff_010.counts.0.train,576
frame_08_Zr_projector.context_cutoff_010.counts.0.test,733
frame_08_Zr_projector.context_cutoff_010.counts.1.train,446
frame_08_Zr_projector.context_cutoff_010.counts.1.test,156
frame_08_Zr_projector.context_cutoff_010.counts.2.train,211
frame_08_Zr_projector.context_cutoff_010.counts.2.test,150
frame_08_Zr_projector.context_cutoff_010.counts.3.train,0
frame_08_Zr_projector.context_cutoff_010.counts.3.test,0
frame_08_Zr_projector.context_cutoff_010.counts.4.train,0
frame_08_Zr_projector.context_cutoff_010.counts.4.test,0
frame_08_Zr_projector.context_cutoff_010.counts.5.train,321
frame_08_Zr_projector.context_cutoff_010.counts.5.test,392
frame_08_Zr_projector.context_cutoff_010.counts.6.train,331
frame_08_Zr_projector.context_cutoff_010.counts.6.test,386
frame_08_Zr_projector.context_cutoff_010.test_coverage,1.0
frame_08_Zr_projector.context_cutoff_010.balanced_accuracy,0.6428604793770074
frame_08_Zr_projector.context_cutoff_010.ap.0,0.639086197712314
frame_08_Zr_projector.context_cutoff_010.ap.1,0.993370016078445
frame_08_Zr_projector.context_cutoff_010.ap.2,0.8221214204097206
frame_08_Zr_projector.context_cutoff_010.ap.3,
frame_08_Zr_projector.context_cutoff_010.ap.4,
frame_08_Zr_projector.context_cutoff_010.ap.5,0.4357655082431933
frame_08_Zr_projector.context_cutoff_010.ap.6,0.3996978896660155
frame_08_Zr_projector.context_cutoff_012.counts.0.train,573
frame_08_Zr_projector.context_cutoff_012.counts.0.test,726
frame_08_Zr_projector.context_cutoff_012.counts.1.train,456
frame_08_Zr_projector.context_cutoff_012.counts.1.test,163
frame_08_Zr_projector.context_cutoff_012.counts.2.train,264
frame_08_Zr_projector.context_cutoff_012.counts.2.test,220
frame_08_Zr_projector.context_cutoff_012.counts.3.train,0
frame_08_Zr_projector.context_cutoff_012.counts.3.test,0
frame_08_Zr_projector.context_cutoff_012.counts.4.train,2
frame_08_Zr_projector.context_cutoff_012.counts.4.test,0
frame_08_Zr_projector.context_cutoff_012.counts.5.train,319
frame_08_Zr_projector.context_cutoff_012.counts.5.test,390
frame_08_Zr_projector.context_cutoff_012.counts.6.train,271
frame_08_Zr_projector.context_cutoff_012.counts.6.test,318
frame_08_Zr_projector.context_cutoff_012.test_coverage,1.0
frame_08_Zr_projector.context_cutoff_012.balanced_accuracy,0.5818728492180807
frame_08_Zr_projector.context_cutoff_012.ap.0,0.6381173905250256
frame_08_Zr_projector.context_cutoff_012.ap.1,0.9897982373393828
frame_08_Zr_projector.context_cutoff_012.ap.2,0.7069409839309532
frame_08_Zr_projector.context_cutoff_012.ap.3,
frame_08_Zr_projector.context_cutoff_012.ap.4,
frame_08_Zr_projector.context_cutoff_012.ap.5,0.4292083180524062
frame_08_Zr_projector.context_cutoff_012.ap.6,0.29600621228781343
frame_08_Zr_projector.spatial.auc,0.4972248942808817
frame_08_Zr_projector.spatial.pairs,1617
frame_08_Zr_projector.spatial.changed_pairs,725
frame_08_Zr_projector.spatial.bins,5
frame_08_Zr_projector.spatial.same_label_normalized_distance,0.21034445040542793
frame_08_Zr_projector.nonbulk_spatial.auc,0.48540138674006905
frame_08_Zr_projector.nonbulk_spatial.pairs,1472
frame_08_Zr_projector.nonbulk_spatial.changed_pairs,708
frame_08_Zr_projector.nonbulk_spatial.bins,5
frame_08_Zr_projector.nonbulk_spatial.same_label_normalized_distance,0.3479906235215988
frame_08_Zr_projector.shuffled_spatial.auc,0.4972177427305599
frame_08_Zr_projector.shuffled_spatial.pairs,1472
frame_08_Zr_projector.shuffled_spatial.changed_pairs,708
frame_08_Zr_projector.shuffled_spatial.bins,5
frame_08_Zr_projector.shuffled_spatial.same_label_normalized_distance,0.6829661760839745
frame_08_Zr_projector.collapsed_spatial.auc,0.5
frame_08_Zr_projector.collapsed_spatial.pairs,1472
frame_08_Zr_projector.collapsed_spatial.changed_pairs,708
frame_08_Zr_projector.collapsed_spatial.bins,5
frame_08_Zr_projector.collapsed_spatial.same_label_normalized_distance,
frame_08_Zr_projector.liquid_topology.train_count,308
frame_08_Zr_projector.liquid_topology.test_count,389
frame_08_Zr_projector.liquid_topology.conditional_r2_gain,-1.299494981765747
frame_08_Zr_projector.liquid_topology.mean_r2,-1.3788888454437256
frame_08_Zr_projector.nonbulk_cluster_ami,0.23474260444103492
frame_08_Zr_projector.continuity_fixed_candidates_center_fixed.0.0001.pair_rms,7.879246490338098
frame_08_Zr_projector.continuity_fixed_candidates_center_fixed.0.0001.normalized_median,1.5924211744423494e-05
frame_08_Zr_projector.continuity_fixed_candidates_center_fixed.0.0001.normalized_p95,0.004135443978350812
frame_08_Zr_projector.continuity_fixed_candidates_center_fixed.0.01.pair_rms,7.879246490338098
frame_08_Zr_projector.continuity_fixed_candidates_center_fixed.0.01.normalized_median,0.017460195305674713
frame_08_Zr_projector.continuity_fixed_candidates_center_fixed.0.01.normalized_p95,0.2471340278801487
frame_08_Zr_projector.continuity_fixed_candidates_center_fixed.0.1.pair_rms,7.879246490338098
frame_08_Zr_projector.continuity_fixed_candidates_center_fixed.0.1.normalized_median,0.05325368078590941
frame_08_Zr_projector.continuity_fixed_candidates_center_fixed.0.1.normalized_p95,1.0188485165645789
prediction_encoder.future_residual_9ps.groups.all.rows,960
prediction_encoder.future_residual_9ps.groups.all.sources,15
prediction_encoder.future_residual_9ps.groups.all.mse,1.3853093433737134
prediction_encoder.future_residual_9ps.groups.PTM_other.rows,686
prediction_encoder.future_residual_9ps.groups.PTM_other.sources,15
prediction_encoder.future_residual_9ps.groups.PTM_other.mse,1.770158172071587
prediction_encoder.future_residual_9ps.groups.PTM_crystalline.rows,274
prediction_encoder.future_residual_9ps.groups.PTM_crystalline.sources,13
prediction_encoder.future_residual_9ps.groups.PTM_crystalline.mse,0.6711480255710762
prediction_encoder.future_residual_9ps.groups.T400.rows,192
prediction_encoder.future_residual_9ps.groups.T400.sources,3
prediction_encoder.future_residual_9ps.groups.T400.mse,1.5393398207767555
prediction_encoder.future_residual_9ps.groups.T450.rows,192
prediction_encoder.future_residual_9ps.groups.T450.sources,3
prediction_encoder.future_residual_9ps.groups.T450.mse,1.3192377042626806
prediction_encoder.future_residual_9ps.groups.T500.rows,192
prediction_encoder.future_residual_9ps.groups.T500.sources,3
prediction_encoder.future_residual_9ps.groups.T500.mse,1.2425376792089082
prediction_encoder.future_residual_9ps.groups.T510.rows,192
prediction_encoder.future_residual_9ps.groups.T510.sources,3
prediction_encoder.future_residual_9ps.groups.T510.mse,1.2646028370654676
prediction_encoder.future_residual_9ps.groups.T520.rows,192
prediction_encoder.future_residual_9ps.groups.T520.sources,3
prediction_encoder.future_residual_9ps.groups.T520.mse,1.5608286755547547
prediction_encoder.future_residual_9ps.per_source.876,1.3492889404296875
prediction_encoder.future_residual_9ps.per_source.878,1.8956449031829834
prediction_encoder.future_residual_9ps.per_source.879,1.4375519752502441
prediction_encoder.future_residual_9ps.per_source.902,1.5410912036895752
prediction_encoder.future_residual_9ps.per_source.903,1.4787436723709106
prediction_encoder.future_residual_9ps.per_source.906,1.5981844663619995
prediction_encoder.future_residual_9ps.per_source.935,1.624245524406433
prediction_encoder.future_residual_9ps.per_source.936,1.3399372100830078
prediction_encoder.future_residual_9ps.per_source.937,0.9935303926467896
prediction_encoder.future_residual_9ps.per_source.963,0.6814372539520264
prediction_encoder.future_residual_9ps.per_source.965,1.576112985610962
prediction_encoder.future_residual_9ps.per_source.967,1.4700627326965332
prediction_encoder.future_residual_9ps.per_source.992,0.7709460258483887
prediction_encoder.future_residual_9ps.per_source.994,1.2677793502807617
prediction_encoder.future_residual_9ps.per_source.997,1.7550830841064453
prediction_encoder.residual_constant.groups.all.rows,960
prediction_encoder.residual_constant.groups.all.sources,15
prediction_encoder.residual_constant.groups.all.mse,1.332023421890335
prediction_encoder.residual_constant.groups.PTM_other.rows,686
prediction_encoder.residual_constant.groups.PTM_other.sources,15
prediction_encoder.residual_constant.groups.PTM_other.mse,1.7201624557924204
prediction_encoder.residual_constant.groups.PTM_crystalline.rows,274
prediction_encoder.residual_constant.groups.PTM_crystalline.sources,13
prediction_encoder.residual_constant.groups.PTM_crystalline.mse,0.6290717859534679
prediction_encoder.residual_constant.groups.T400.rows,192
prediction_encoder.residual_constant.groups.T400.sources,3
prediction_encoder.residual_constant.groups.T400.mse,1.4719453435391188
prediction_encoder.residual_constant.groups.T450.rows,192
prediction_encoder.residual_constant.groups.T450.sources,3
prediction_encoder.residual_constant.groups.T450.mse,1.296212443509527
prediction_encoder.residual_constant.groups.T500.rows,192
prediction_encoder.residual_constant.groups.T500.sources,3
prediction_encoder.residual_constant.groups.T500.mse,1.1845963720988948
prediction_encoder.residual_constant.groups.T510.rows,192
prediction_encoder.residual_constant.groups.T510.sources,3
prediction_encoder.residual_constant.groups.T510.mse,1.227402587159304
prediction_encoder.residual_constant.groups.T520.rows,192
prediction_encoder.residual_constant.groups.T520.sources,3
prediction_encoder.residual_constant.groups.T520.mse,1.479960363144831
prediction_encoder.residual_constant.per_source.876,1.2510082721710205
prediction_encoder.residual_constant.per_source.878,1.784614086151123
prediction_encoder.residual_constant.per_source.879,1.4042587280273438
prediction_encoder.residual_constant.per_source.902,1.5010030269622803
prediction_encoder.residual_constant.per_source.903,1.3775594234466553
prediction_encoder.residual_constant.per_source.906,1.537273645401001
prediction_encoder.residual_constant.per_source.935,1.6242361068725586
prediction_encoder.residual_constant.per_source.936,1.31929349899292
prediction_encoder.residual_constant.per_source.937,0.9451076984405518
prediction_encoder.residual_constant.per_source.963,0.6611502170562744
prediction_encoder.residual_constant.per_source.965,1.5156984329223633
prediction_encoder.residual_constant.per_source.967,1.3769402503967285
prediction_encoder.residual_constant.per_source.992,0.6967796087265015
prediction_encoder.residual_constant.per_source.994,1.2939176559448242
prediction_encoder.residual_constant.per_source.997,1.6915104389190674
prediction_encoder.conditional_hazard.rows,643
prediction_encoder.conditional_hazard.events_12ps,18
prediction_encoder.conditional_hazard.nll,0.20270773990935786
prediction_encoder.conditional_hazard.best_step,128
prediction_encoder.conditional_hazard.tuning_nll,0.2662294478480438
prediction_encoder.conditional_hazard.per_source.876,0.03414420783519745
prediction_encoder.conditional_hazard.per_source.878,0.09656298160552979
prediction_encoder.conditional_hazard.per_source.879,0.02628290094435215
prediction_encoder.conditional_hazard.per_source.902,0.027743805199861526
prediction_encoder.conditional_hazard.per_source.903,0.03245203569531441
prediction_encoder.conditional_hazard.per_source.906,0.08303789049386978
prediction_encoder.conditional_hazard.per_source.935,0.4990662932395935
prediction_encoder.conditional_hazard.per_source.936,0.29915866255760193
prediction_encoder.conditional_hazard.per_source.937,0.14611849188804626
prediction_encoder.conditional_hazard.per_source.963,0.2649044096469879
prediction_encoder.conditional_hazard.per_source.965,0.6715326905250549
prediction_encoder.conditional_hazard.per_source.967,0.25552433729171753
prediction_encoder.conditional_hazard.per_source.992,0.1430230736732483
prediction_encoder.conditional_hazard.per_source.994,0.17054899036884308
prediction_encoder.conditional_hazard.per_source.997,0.29051533341407776
prediction_encoder.conditional_hazard.horizons.0.75.n,643
prediction_encoder.conditional_hazard.horizons.0.75.sources,15
prediction_encoder.conditional_hazard.horizons.0.75.prevalence,0.0
prediction_encoder.conditional_hazard.horizons.0.75.log_loss,0.00297082915428197
prediction_encoder.conditional_hazard.horizons.0.75.brier,0.00012567914394742263
prediction_encoder.conditional_hazard.horizons.0.75.average_precision,
prediction_encoder.conditional_hazard.horizons.0.75.threshold,0.006141214165836573
prediction_encoder.conditional_hazard.horizons.0.75.recall,
prediction_encoder.conditional_hazard.horizons.0.75.false_positive_rate,0.06752613779485021
prediction_encoder.conditional_hazard.horizons.0.75.precision,0.0
prediction_encoder.conditional_hazard.horizons.0.75.events,0
prediction_encoder.conditional_hazard.horizons.0.75.missed,0
prediction_encoder.conditional_hazard.horizons.0.75.detected_timing_mae_ps,
prediction_encoder.conditional_hazard.horizons.0.75.timed_within_3ps_recall,
prediction_encoder.conditional_hazard.horizons.3.0.n,643
prediction_encoder.conditional_hazard.horizons.3.0.sources,15
prediction_encoder.conditional_hazard.horizons.3.0.prevalence,0.004964157706093189
prediction_encoder.conditional_hazard.horizons.3.0.log_loss,0.03466157468252447
prediction_encoder.conditional_hazard.horizons.3.0.brier,0.005946061662301296
prediction_encoder.conditional_hazard.horizons.3.0.average_precision,0.019307663296934396
prediction_encoder.conditional_hazard.horizons.3.0.threshold,0.03735319897532463
prediction_encoder.conditional_hazard.horizons.3.0.recall,0.21660649819494587
prediction_encoder.conditional_hazard.horizons.3.0.false_positive_rate,0.060610800399557525
prediction_encoder.conditional_hazard.horizons.3.0.precision,0.01751674725545754
prediction_encoder.conditional_hazard.horizons.3.0.events,3
prediction_encoder.conditional_hazard.horizons.3.0.missed,2
prediction_encoder.conditional_hazard.horizons.3.0.detected_timing_mae_ps,0.5857665346383918
prediction_encoder.conditional_hazard.horizons.3.0.timed_within_3ps_recall,0.3333333333333333
prediction_encoder.conditional_hazard.horizons.6.0.n,643
prediction_encoder.conditional_hazard.horizons.6.0.sources,15
prediction_encoder.conditional_hazard.horizons.6.0.prevalence,0.012423636212083323
prediction_encoder.conditional_hazard.horizons.6.0.log_loss,0.06741898689091985
prediction_encoder.conditional_hazard.horizons.6.0.brier,0.01369415815258551
prediction_encoder.conditional_hazard.horizons.6.0.average_precision,0.05317842674204898
prediction_encoder.conditional_hazard.horizons.6.0.threshold,0.04873951897025108
prediction_encoder.conditional_hazard.horizons.6.0.recall,0.24915980994321477
prediction_encoder.conditional_hazard.horizons.6.0.false_positive_rate,0.0644779486954372
prediction_encoder.conditional_hazard.horizons.6.0.precision,0.04635855947410396
prediction_encoder.conditional_hazard.horizons.6.0.events,7
prediction_encoder.conditional_hazard.horizons.6.0.missed,5
prediction_encoder.conditional_hazard.horizons.6.0.detected_timing_mae_ps,0.37377832309197045
prediction_encoder.conditional_hazard.horizons.6.0.timed_within_3ps_recall,0.2857142857142857
prediction_encoder.conditional_hazard.horizons.9.0.n,643
prediction_encoder.conditional_hazard.horizons.9.0.sources,15
prediction_encoder.conditional_hazard.horizons.9.0.prevalence,0.02264552139352361
prediction_encoder.conditional_hazard.horizons.9.0.log_loss,0.10379763890434648
prediction_encoder.conditional_hazard.horizons.9.0.brier,0.023233606606211373
prediction_encoder.conditional_hazard.horizons.9.0.average_precision,0.07285740051529523
prediction_encoder.conditional_hazard.horizons.9.0.threshold,0.0738755464553833
prediction_encoder.conditional_hazard.horizons.9.0.recall,0.22613642340180418
prediction_encoder.conditional_hazard.horizons.9.0.false_positive_rate,0.06329677294494405
prediction_encoder.conditional_hazard.horizons.9.0.precision,0.0764503397734338
prediction_encoder.conditional_hazard.horizons.9.0.events,13
prediction_encoder.conditional_hazard.horizons.9.0.missed,10
prediction_encoder.conditional_hazard.horizons.9.0.detected_timing_mae_ps,2.397584540805816
prediction_encoder.conditional_hazard.horizons.9.0.timed_within_3ps_recall,0.15384615384615385
prediction_encoder.conditional_hazard.horizons.12.0.n,643
prediction_encoder.conditional_hazard.horizons.12.0.sources,15
prediction_encoder.conditional_hazard.horizons.12.0.prevalence,0.032479084681539046
prediction_encoder.conditional_hazard.horizons.12.0.log_loss,0.14203921197247119
prediction_encoder.conditional_hazard.horizons.12.0.brier,0.03438475901376764
prediction_encoder.conditional_hazard.horizons.12.0.average_precision,0.0834190276394131
prediction_encoder.conditional_hazard.horizons.12.0.threshold,0.08915209770202637
prediction_encoder.conditional_hazard.horizons.12.0.recall,0.15766999791441808
prediction_encoder.conditional_hazard.horizons.12.0.false_positive_rate,0.06377782506939365
prediction_encoder.conditional_hazard.horizons.12.0.precision,0.07662995293226806
prediction_encoder.conditional_hazard.horizons.12.0.events,18
prediction_encoder.conditional_hazard.horizons.12.0.missed,15
prediction_encoder.conditional_hazard.horizons.12.0.detected_timing_mae_ps,2.0193318283371755
prediction_encoder.conditional_hazard.horizons.12.0.timed_within_3ps_recall,0.1111111111111111
prediction_encoder.temporal_response.low_change_threshold,1.2580139935016632
prediction_encoder.temporal_response.high_change_threshold,4.198172450065613
prediction_encoder.temporal_response.domains.all.pairs,720
prediction_encoder.temporal_response.domains.all.quiet,103
prediction_encoder.temporal_response.domains.all.changed,176
prediction_encoder.temporal_response.domains.all.change_distance_spearman,0.04050625097656438
prediction_encoder.temporal_response.domains.all.response_auc,0.4192409532215357
prediction_encoder.temporal_response.domains.all.quiet_normalized_distance,0.9301960403333378
prediction_encoder.temporal_response.domains.all.changed_normalized_distance,0.8138737235584601
prediction_encoder.temporal_response.domains.both_PTM_other.pairs,437
prediction_encoder.temporal_response.domains.both_PTM_other.quiet,15
prediction_encoder.temporal_response.domains.both_PTM_other.changed,67
prediction_encoder.temporal_response.domains.both_PTM_other.change_distance_spearman,0.016280154572244576
prediction_encoder.temporal_response.domains.both_PTM_other.response_auc,0.3661691542288557
prediction_encoder.temporal_response.domains.both_PTM_other.quiet_normalized_distance,0.5987315690365544
prediction_encoder.temporal_response.domains.both_PTM_other.changed_normalized_distance,0.33651001081842974
prediction_projector.future_residual_9ps.groups.all.rows,960
prediction_projector.future_residual_9ps.groups.all.sources,15
prediction_projector.future_residual_9ps.groups.all.mse,1.3853093433737134
prediction_projector.future_residual_9ps.groups.PTM_other.rows,686
prediction_projector.future_residual_9ps.groups.PTM_other.sources,15
prediction_projector.future_residual_9ps.groups.PTM_other.mse,1.770158172071587
prediction_projector.future_residual_9ps.groups.PTM_crystalline.rows,274
prediction_projector.future_residual_9ps.groups.PTM_crystalline.sources,13
prediction_projector.future_residual_9ps.groups.PTM_crystalline.mse,0.6711480255710762
prediction_projector.future_residual_9ps.groups.T400.rows,192
prediction_projector.future_residual_9ps.groups.T400.sources,3
prediction_projector.future_residual_9ps.groups.T400.mse,1.5393398207767555
prediction_projector.future_residual_9ps.groups.T450.rows,192
prediction_projector.future_residual_9ps.groups.T450.sources,3
prediction_projector.future_residual_9ps.groups.T450.mse,1.3192377042626806
prediction_projector.future_residual_9ps.groups.T500.rows,192
prediction_projector.future_residual_9ps.groups.T500.sources,3
prediction_projector.future_residual_9ps.groups.T500.mse,1.2425376792089082
prediction_projector.future_residual_9ps.groups.T510.rows,192
prediction_projector.future_residual_9ps.groups.T510.sources,3
prediction_projector.future_residual_9ps.groups.T510.mse,1.2646028370654676
prediction_projector.future_residual_9ps.groups.T520.rows,192
prediction_projector.future_residual_9ps.groups.T520.sources,3
prediction_projector.future_residual_9ps.groups.T520.mse,1.5608286755547547
prediction_projector.future_residual_9ps.per_source.876,1.3492889404296875
prediction_projector.future_residual_9ps.per_source.878,1.8956449031829834
prediction_projector.future_residual_9ps.per_source.879,1.4375519752502441
prediction_projector.future_residual_9ps.per_source.902,1.5410912036895752
prediction_projector.future_residual_9ps.per_source.903,1.4787436723709106
prediction_projector.future_residual_9ps.per_source.906,1.5981844663619995
prediction_projector.future_residual_9ps.per_source.935,1.624245524406433
prediction_projector.future_residual_9ps.per_source.936,1.3399372100830078
prediction_projector.future_residual_9ps.per_source.937,0.9935303926467896
prediction_projector.future_residual_9ps.per_source.963,0.6814372539520264
prediction_projector.future_residual_9ps.per_source.965,1.576112985610962
prediction_projector.future_residual_9ps.per_source.967,1.4700627326965332
prediction_projector.future_residual_9ps.per_source.992,0.7709460258483887
prediction_projector.future_residual_9ps.per_source.994,1.2677793502807617
prediction_projector.future_residual_9ps.per_source.997,1.7550830841064453
prediction_projector.residual_constant.groups.all.rows,960
prediction_projector.residual_constant.groups.all.sources,15
prediction_projector.residual_constant.groups.all.mse,1.332023421890335
prediction_projector.residual_constant.groups.PTM_other.rows,686
prediction_projector.residual_constant.groups.PTM_other.sources,15
prediction_projector.residual_constant.groups.PTM_other.mse,1.7201624557924204
prediction_projector.residual_constant.groups.PTM_crystalline.rows,274
prediction_projector.residual_constant.groups.PTM_crystalline.sources,13
prediction_projector.residual_constant.groups.PTM_crystalline.mse,0.6290717859534679
prediction_projector.residual_constant.groups.T400.rows,192
prediction_projector.residual_constant.groups.T400.sources,3
prediction_projector.residual_constant.groups.T400.mse,1.4719453435391188
prediction_projector.residual_constant.groups.T450.rows,192
prediction_projector.residual_constant.groups.T450.sources,3
prediction_projector.residual_constant.groups.T450.mse,1.296212443509527
prediction_projector.residual_constant.groups.T500.rows,192
prediction_projector.residual_constant.groups.T500.sources,3
prediction_projector.residual_constant.groups.T500.mse,1.1845963720988948
prediction_projector.residual_constant.groups.T510.rows,192
prediction_projector.residual_constant.groups.T510.sources,3
prediction_projector.residual_constant.groups.T510.mse,1.227402587159304
prediction_projector.residual_constant.groups.T520.rows,192
prediction_projector.residual_constant.groups.T520.sources,3
prediction_projector.residual_constant.groups.T520.mse,1.479960363144831
prediction_projector.residual_constant.per_source.876,1.2510082721710205
prediction_projector.residual_constant.per_source.878,1.784614086151123
prediction_projector.residual_constant.per_source.879,1.4042587280273438
prediction_projector.residual_constant.per_source.902,1.5010030269622803
prediction_projector.residual_constant.per_source.903,1.3775594234466553
prediction_projector.residual_constant.per_source.906,1.537273645401001
prediction_projector.residual_constant.per_source.935,1.6242361068725586
prediction_projector.residual_constant.per_source.936,1.31929349899292
prediction_projector.residual_constant.per_source.937,0.9451076984405518
prediction_projector.residual_constant.per_source.963,0.6611502170562744
prediction_projector.residual_constant.per_source.965,1.5156984329223633
prediction_projector.residual_constant.per_source.967,1.3769402503967285
prediction_projector.residual_constant.per_source.992,0.6967796087265015
prediction_projector.residual_constant.per_source.994,1.2939176559448242
prediction_projector.residual_constant.per_source.997,1.6915104389190674
prediction_projector.conditional_hazard.rows,643
prediction_projector.conditional_hazard.events_12ps,18
prediction_projector.conditional_hazard.nll,0.20270773990935786
prediction_projector.conditional_hazard.best_step,128
prediction_projector.conditional_hazard.tuning_nll,0.2662294478480438
prediction_projector.conditional_hazard.per_source.876,0.03414420783519745
prediction_projector.conditional_hazard.per_source.878,0.09656298160552979
prediction_projector.conditional_hazard.per_source.879,0.02628290094435215
prediction_projector.conditional_hazard.per_source.902,0.027743805199861526
prediction_projector.conditional_hazard.per_source.903,0.03245203569531441
prediction_projector.conditional_hazard.per_source.906,0.08303789049386978
prediction_projector.conditional_hazard.per_source.935,0.4990662932395935
prediction_projector.conditional_hazard.per_source.936,0.29915866255760193
prediction_projector.conditional_hazard.per_source.937,0.14611849188804626
prediction_projector.conditional_hazard.per_source.963,0.2649044096469879
prediction_projector.conditional_hazard.per_source.965,0.6715326905250549
prediction_projector.conditional_hazard.per_source.967,0.25552433729171753
prediction_projector.conditional_hazard.per_source.992,0.1430230736732483
prediction_projector.conditional_hazard.per_source.994,0.17054899036884308
prediction_projector.conditional_hazard.per_source.997,0.29051533341407776
prediction_projector.conditional_hazard.horizons.0.75.n,643
prediction_projector.conditional_hazard.horizons.0.75.sources,15
prediction_projector.conditional_hazard.horizons.0.75.prevalence,0.0
prediction_projector.conditional_hazard.horizons.0.75.log_loss,0.00297082915428197
prediction_projector.conditional_hazard.horizons.0.75.brier,0.00012567914394742263
prediction_projector.conditional_hazard.horizons.0.75.average_precision,
prediction_projector.conditional_hazard.horizons.0.75.threshold,0.006141214165836573
prediction_projector.conditional_hazard.horizons.0.75.recall,
prediction_projector.conditional_hazard.horizons.0.75.false_positive_rate,0.06752613779485021
prediction_projector.conditional_hazard.horizons.0.75.precision,0.0
prediction_projector.conditional_hazard.horizons.0.75.events,0
prediction_projector.conditional_hazard.horizons.0.75.missed,0
prediction_projector.conditional_hazard.horizons.0.75.detected_timing_mae_ps,
prediction_projector.conditional_hazard.horizons.0.75.timed_within_3ps_recall,
prediction_projector.conditional_hazard.horizons.3.0.n,643
prediction_projector.conditional_hazard.horizons.3.0.sources,15
prediction_projector.conditional_hazard.horizons.3.0.prevalence,0.004964157706093189
prediction_projector.conditional_hazard.horizons.3.0.log_loss,0.03466157468252447
prediction_projector.conditional_hazard.horizons.3.0.brier,0.005946061662301296
prediction_projector.conditional_hazard.horizons.3.0.average_precision,0.019307663296934396
prediction_projector.conditional_hazard.horizons.3.0.threshold,0.03735319897532463
prediction_projector.conditional_hazard.horizons.3.0.recall,0.21660649819494587
prediction_projector.conditional_hazard.horizons.3.0.false_positive_rate,0.060610800399557525
prediction_projector.conditional_hazard.horizons.3.0.precision,0.01751674725545754
prediction_projector.conditional_hazard.horizons.3.0.events,3
prediction_projector.conditional_hazard.horizons.3.0.missed,2
prediction_projector.conditional_hazard.horizons.3.0.detected_timing_mae_ps,0.5857665346383918
prediction_projector.conditional_hazard.horizons.3.0.timed_within_3ps_recall,0.3333333333333333
prediction_projector.conditional_hazard.horizons.6.0.n,643
prediction_projector.conditional_hazard.horizons.6.0.sources,15
prediction_projector.conditional_hazard.horizons.6.0.prevalence,0.012423636212083323
prediction_projector.conditional_hazard.horizons.6.0.log_loss,0.06741898689091985
prediction_projector.conditional_hazard.horizons.6.0.brier,0.01369415815258551
prediction_projector.conditional_hazard.horizons.6.0.average_precision,0.05317842674204898
prediction_projector.conditional_hazard.horizons.6.0.threshold,0.04873951897025108
prediction_projector.conditional_hazard.horizons.6.0.recall,0.24915980994321477
prediction_projector.conditional_hazard.horizons.6.0.false_positive_rate,0.0644779486954372
prediction_projector.conditional_hazard.horizons.6.0.precision,0.04635855947410396
prediction_projector.conditional_hazard.horizons.6.0.events,7
prediction_projector.conditional_hazard.horizons.6.0.missed,5
prediction_projector.conditional_hazard.horizons.6.0.detected_timing_mae_ps,0.37377832309197045
prediction_projector.conditional_hazard.horizons.6.0.timed_within_3ps_recall,0.2857142857142857
prediction_projector.conditional_hazard.horizons.9.0.n,643
prediction_projector.conditional_hazard.horizons.9.0.sources,15
prediction_projector.conditional_hazard.horizons.9.0.prevalence,0.02264552139352361
prediction_projector.conditional_hazard.horizons.9.0.log_loss,0.10379763890434648
prediction_projector.conditional_hazard.horizons.9.0.brier,0.023233606606211373
prediction_projector.conditional_hazard.horizons.9.0.average_precision,0.07285740051529523
prediction_projector.conditional_hazard.horizons.9.0.threshold,0.0738755464553833
prediction_projector.conditional_hazard.horizons.9.0.recall,0.22613642340180418
prediction_projector.conditional_hazard.horizons.9.0.false_positive_rate,0.06329677294494405
prediction_projector.conditional_hazard.horizons.9.0.precision,0.0764503397734338
prediction_projector.conditional_hazard.horizons.9.0.events,13
prediction_projector.conditional_hazard.horizons.9.0.missed,10
prediction_projector.conditional_hazard.horizons.9.0.detected_timing_mae_ps,2.397584540805816
prediction_projector.conditional_hazard.horizons.9.0.timed_within_3ps_recall,0.15384615384615385
prediction_projector.conditional_hazard.horizons.12.0.n,643
prediction_projector.conditional_hazard.horizons.12.0.sources,15
prediction_projector.conditional_hazard.horizons.12.0.prevalence,0.032479084681539046
prediction_projector.conditional_hazard.horizons.12.0.log_loss,0.14203921197247119
prediction_projector.conditional_hazard.horizons.12.0.brier,0.03438475901376764
prediction_projector.conditional_hazard.horizons.12.0.average_precision,0.0834190276394131
prediction_projector.conditional_hazard.horizons.12.0.threshold,0.08915209770202637
prediction_projector.conditional_hazard.horizons.12.0.recall,0.15766999791441808
prediction_projector.conditional_hazard.horizons.12.0.false_positive_rate,0.06377782506939365
prediction_projector.conditional_hazard.horizons.12.0.precision,0.07662995293226806
prediction_projector.conditional_hazard.horizons.12.0.events,18
prediction_projector.conditional_hazard.horizons.12.0.missed,15
prediction_projector.conditional_hazard.horizons.12.0.detected_timing_mae_ps,2.0193318283371755
prediction_projector.conditional_hazard.horizons.12.0.timed_within_3ps_recall,0.1111111111111111
prediction_projector.temporal_response.low_change_threshold,1.2580139935016632
prediction_projector.temporal_response.high_change_threshold,4.198172450065613
prediction_projector.temporal_response.domains.all.pairs,720
prediction_projector.temporal_response.domains.all.quiet,103
prediction_projector.temporal_response.domains.all.changed,176
prediction_projector.temporal_response.domains.all.change_distance_spearman,0.04050625097656438
prediction_projector.temporal_response.domains.all.response_auc,0.4192409532215357
prediction_projector.temporal_response.domains.all.quiet_normalized_distance,0.9301960403333378
prediction_projector.temporal_response.domains.all.changed_normalized_distance,0.8138737235584601
prediction_projector.temporal_response.domains.both_PTM_other.pairs,437
prediction_projector.temporal_response.domains.both_PTM_other.quiet,15
prediction_projector.temporal_response.domains.both_PTM_other.changed,67
prediction_projector.temporal_response.domains.both_PTM_other.change_distance_spearman,0.016280154572244576
prediction_projector.temporal_response.domains.both_PTM_other.response_auc,0.3661691542288557
prediction_projector.temporal_response.domains.both_PTM_other.quiet_normalized_distance,0.5987315690365544
prediction_projector.temporal_response.domains.both_PTM_other.changed_normalized_distance,0.33651001081842974
