metric,value
frame_00_Al_encoder.collapse.effective_rank,3.0872260550217057
frame_00_Al_encoder.collapse.variance,1.1204802920781547
frame_00_Al_encoder.collapse.pair_rms,1.4969838289561812
frame_00_Al_encoder.liquid_collapse.effective_rank,1.8120212511249196
frame_00_Al_encoder.liquid_collapse.variance,0.23789712972466273
frame_00_Al_encoder.liquid_collapse.pair_rms,0.6897784132961291
frame_00_Al_encoder.reference_coverage.liquid_fraction,0.9658203125
frame_00_Al_encoder.reference_coverage.cutoff_stable_fraction,0.939453125
frame_00_Al_encoder.context.counts.0.train,583
frame_00_Al_encoder.context.counts.0.test,579
frame_00_Al_encoder.context.counts.1.train,0
frame_00_Al_encoder.context.counts.1.test,0
frame_00_Al_encoder.context.counts.2.train,58
frame_00_Al_encoder.context.counts.2.test,55
frame_00_Al_encoder.context.counts.3.train,0
frame_00_Al_encoder.context.counts.3.test,4
frame_00_Al_encoder.context.counts.4.train,0
frame_00_Al_encoder.context.counts.4.test,0
frame_00_Al_encoder.context.counts.5.train,851
frame_00_Al_encoder.context.counts.5.test,871
frame_00_Al_encoder.context.counts.6.train,379
frame_00_Al_encoder.context.counts.6.test,376
frame_00_Al_encoder.context.test_coverage,0.9978779840848806
frame_00_Al_encoder.context.balanced_accuracy,0.4564719767528929
frame_00_Al_encoder.context.ap.0,0.5133280556315227
frame_00_Al_encoder.context.ap.1,
frame_00_Al_encoder.context.ap.2,0.20351425471843518
frame_00_Al_encoder.context.ap.3,
frame_00_Al_encoder.context.ap.4,
frame_00_Al_encoder.context.ap.5,0.7076205268230564
frame_00_Al_encoder.context.ap.6,0.34606245241769007
frame_00_Al_encoder.ptm.counts.0.train,1828
frame_00_Al_encoder.ptm.counts.0.test,1838
frame_00_Al_encoder.ptm.counts.1.train,9
frame_00_Al_encoder.ptm.counts.1.test,7
frame_00_Al_encoder.ptm.counts.2.train,9
frame_00_Al_encoder.ptm.counts.2.test,16
frame_00_Al_encoder.ptm.counts.3.train,0
frame_00_Al_encoder.ptm.counts.3.test,0
frame_00_Al_encoder.ptm.counts.4.train,25
frame_00_Al_encoder.ptm.counts.4.test,24
frame_00_Al_encoder.ptm.test_coverage,0.9877984084880637
frame_00_Al_encoder.ptm.balanced_accuracy,0.7479824084149438
frame_00_Al_encoder.ptm.ap.0,0.976885417465114
frame_00_Al_encoder.ptm.ap.1,
frame_00_Al_encoder.ptm.ap.2,
frame_00_Al_encoder.ptm.ap.3,
frame_00_Al_encoder.ptm.ap.4,0.10177212997493384
frame_00_Al_encoder.liquid_order.train_count,1813
frame_00_Al_encoder.liquid_order.test_count,1826
frame_00_Al_encoder.liquid_order.conditional_r2_gain,0.16842563450336456
frame_00_Al_encoder.liquid_order.mean_r2,0.20047761499881744
frame_00_Al_encoder.context_cutoff_008.counts.0.train,583
frame_00_Al_encoder.context_cutoff_008.counts.0.test,580
frame_00_Al_encoder.context_cutoff_008.counts.1.train,0
frame_00_Al_encoder.context_cutoff_008.counts.1.test,0
frame_00_Al_encoder.context_cutoff_008.counts.2.train,20
frame_00_Al_encoder.context_cutoff_008.counts.2.test,19
frame_00_Al_encoder.context_cutoff_008.counts.3.train,0
frame_00_Al_encoder.context_cutoff_008.counts.3.test,4
frame_00_Al_encoder.context_cutoff_008.counts.4.train,0
frame_00_Al_encoder.context_cutoff_008.counts.4.test,0
frame_00_Al_encoder.context_cutoff_008.counts.5.train,854
frame_00_Al_encoder.context_cutoff_008.counts.5.test,874
frame_00_Al_encoder.context_cutoff_008.counts.6.train,414
frame_00_Al_encoder.context_cutoff_008.counts.6.test,408
frame_00_Al_encoder.context_cutoff_008.test_coverage,0.9978779840848806
frame_00_Al_encoder.context_cutoff_008.balanced_accuracy,0.45582579259905653
frame_00_Al_encoder.context_cutoff_008.ap.0,0.5188333464821333
frame_00_Al_encoder.context_cutoff_008.ap.1,
frame_00_Al_encoder.context_cutoff_008.ap.2,
frame_00_Al_encoder.context_cutoff_008.ap.3,
frame_00_Al_encoder.context_cutoff_008.ap.4,
frame_00_Al_encoder.context_cutoff_008.ap.5,0.711033025424582
frame_00_Al_encoder.context_cutoff_008.ap.6,0.42039862724771626
frame_00_Al_encoder.context_cutoff_010.counts.0.train,583
frame_00_Al_encoder.context_cutoff_010.counts.0.test,579
frame_00_Al_encoder.context_cutoff_010.counts.1.train,0
frame_00_Al_encoder.context_cutoff_010.counts.1.test,0
frame_00_Al_encoder.context_cutoff_010.counts.2.train,58
frame_00_Al_encoder.context_cutoff_010.counts.2.test,55
frame_00_Al_encoder.context_cutoff_010.counts.3.train,0
frame_00_Al_encoder.context_cutoff_010.counts.3.test,4
frame_00_Al_encoder.context_cutoff_010.counts.4.train,0
frame_00_Al_encoder.context_cutoff_010.counts.4.test,0
frame_00_Al_encoder.context_cutoff_010.counts.5.train,851
frame_00_Al_encoder.context_cutoff_010.counts.5.test,871
frame_00_Al_encoder.context_cutoff_010.counts.6.train,379
frame_00_Al_encoder.context_cutoff_010.counts.6.test,376
frame_00_Al_encoder.context_cutoff_010.test_coverage,0.9978779840848806
frame_00_Al_encoder.context_cutoff_010.balanced_accuracy,0.4564719767528929
frame_00_Al_encoder.context_cutoff_010.ap.0,0.5133280556315227
frame_00_Al_encoder.context_cutoff_010.ap.1,
frame_00_Al_encoder.context_cutoff_010.ap.2,0.20351425471843518
frame_00_Al_encoder.context_cutoff_010.ap.3,
frame_00_Al_encoder.context_cutoff_010.ap.4,
frame_00_Al_encoder.context_cutoff_010.ap.5,0.7076205268230564
frame_00_Al_encoder.context_cutoff_010.ap.6,0.34606245241769007
frame_00_Al_encoder.context_cutoff_012.counts.0.train,574
frame_00_Al_encoder.context_cutoff_012.counts.0.test,576
frame_00_Al_encoder.context_cutoff_012.counts.1.train,1
frame_00_Al_encoder.context_cutoff_012.counts.1.test,0
frame_00_Al_encoder.context_cutoff_012.counts.2.train,140
frame_00_Al_encoder.context_cutoff_012.counts.2.test,124
frame_00_Al_encoder.context_cutoff_012.counts.3.train,0
frame_00_Al_encoder.context_cutoff_012.counts.3.test,4
frame_00_Al_encoder.context_cutoff_012.counts.4.train,0
frame_00_Al_encoder.context_cutoff_012.counts.4.test,0
frame_00_Al_encoder.context_cutoff_012.counts.5.train,840
frame_00_Al_encoder.context_cutoff_012.counts.5.test,861
frame_00_Al_encoder.context_cutoff_012.counts.6.train,316
frame_00_Al_encoder.context_cutoff_012.counts.6.test,320
frame_00_Al_encoder.context_cutoff_012.test_coverage,0.9978779840848806
frame_00_Al_encoder.context_cutoff_012.balanced_accuracy,0.4594299401015324
frame_00_Al_encoder.context_cutoff_012.ap.0,0.5043834565050027
frame_00_Al_encoder.context_cutoff_012.ap.1,
frame_00_Al_encoder.context_cutoff_012.ap.2,0.3333721671012465
frame_00_Al_encoder.context_cutoff_012.ap.3,
frame_00_Al_encoder.context_cutoff_012.ap.4,
frame_00_Al_encoder.context_cutoff_012.ap.5,0.68375700732654
frame_00_Al_encoder.context_cutoff_012.ap.6,0.2552577074741572
frame_00_Al_encoder.planar_fault.counts.0.train,1862
frame_00_Al_encoder.planar_fault.counts.0.test,1869
frame_00_Al_encoder.planar_fault.counts.1.train,9
frame_00_Al_encoder.planar_fault.counts.1.test,12
frame_00_Al_encoder.planar_fault.counts.2.train,0
frame_00_Al_encoder.planar_fault.counts.2.test,1
frame_00_Al_encoder.planar_fault.counts.3.train,0
frame_00_Al_encoder.planar_fault.counts.3.test,2
frame_00_Al_encoder.planar_fault.counts.4.train,0
frame_00_Al_encoder.planar_fault.counts.4.test,1
frame_00_Al_encoder.planar_fault.test_coverage,0.9915119363395225
frame_00_Al_encoder.planar_fault.balanced_accuracy,
frame_00_Al_encoder.spatial.auc,0.5174676455812687
frame_00_Al_encoder.spatial.pairs,1709
frame_00_Al_encoder.spatial.changed_pairs,927
frame_00_Al_encoder.spatial.bins,5
frame_00_Al_encoder.spatial.same_label_normalized_distance,0.579870030573126
frame_00_Al_encoder.nonbulk_spatial.auc,0.5174676455812687
frame_00_Al_encoder.nonbulk_spatial.pairs,1709
frame_00_Al_encoder.nonbulk_spatial.changed_pairs,927
frame_00_Al_encoder.nonbulk_spatial.bins,5
frame_00_Al_encoder.nonbulk_spatial.same_label_normalized_distance,0.579870030573126
frame_00_Al_encoder.shuffled_spatial.auc,0.4959020392048654
frame_00_Al_encoder.shuffled_spatial.pairs,1709
frame_00_Al_encoder.shuffled_spatial.changed_pairs,927
frame_00_Al_encoder.shuffled_spatial.bins,5
frame_00_Al_encoder.shuffled_spatial.same_label_normalized_distance,0.46318846264488567
frame_00_Al_encoder.collapsed_spatial.auc,0.5
frame_00_Al_encoder.collapsed_spatial.pairs,1709
frame_00_Al_encoder.collapsed_spatial.changed_pairs,927
frame_00_Al_encoder.collapsed_spatial.bins,5
frame_00_Al_encoder.collapsed_spatial.same_label_normalized_distance,
frame_00_Al_encoder.liquid_topology.train_count,444
frame_00_Al_encoder.liquid_topology.test_count,461
frame_00_Al_encoder.liquid_topology.conditional_r2_gain,-0.3384968638420105
frame_00_Al_encoder.liquid_topology.mean_r2,-0.34607523679733276
frame_00_Al_encoder.nonbulk_cluster_ami,0.051140616540371296
frame_00_Al_encoder.continuity_fixed_candidates_center_fixed.0.0001.pair_rms,2.2117256945664607
frame_00_Al_encoder.continuity_fixed_candidates_center_fixed.0.0001.normalized_median,8.790368587298448e-05
frame_00_Al_encoder.continuity_fixed_candidates_center_fixed.0.0001.normalized_p95,0.016686067265143066
frame_00_Al_encoder.continuity_fixed_candidates_center_fixed.0.01.pair_rms,2.2117256945664607
frame_00_Al_encoder.continuity_fixed_candidates_center_fixed.0.01.normalized_median,0.07015827427765987
frame_00_Al_encoder.continuity_fixed_candidates_center_fixed.0.01.normalized_p95,0.26224049969333874
frame_00_Al_encoder.continuity_fixed_candidates_center_fixed.0.1.pair_rms,2.2117256945664607
frame_00_Al_encoder.continuity_fixed_candidates_center_fixed.0.1.normalized_median,0.15523366584223453
frame_00_Al_encoder.continuity_fixed_candidates_center_fixed.0.1.normalized_p95,0.5115181436210494
frame_00_Al_projector.collapse.effective_rank,3.0872260550217057
frame_00_Al_projector.collapse.variance,1.1204802920781547
frame_00_Al_projector.collapse.pair_rms,1.4969838289561812
frame_00_Al_projector.liquid_collapse.effective_rank,1.8120212511249196
frame_00_Al_projector.liquid_collapse.variance,0.23789712972466273
frame_00_Al_projector.liquid_collapse.pair_rms,0.6897784132961291
frame_00_Al_projector.reference_coverage.liquid_fraction,0.9658203125
frame_00_Al_projector.reference_coverage.cutoff_stable_fraction,0.939453125
frame_00_Al_projector.context.counts.0.train,583
frame_00_Al_projector.context.counts.0.test,579
frame_00_Al_projector.context.counts.1.train,0
frame_00_Al_projector.context.counts.1.test,0
frame_00_Al_projector.context.counts.2.train,58
frame_00_Al_projector.context.counts.2.test,55
frame_00_Al_projector.context.counts.3.train,0
frame_00_Al_projector.context.counts.3.test,4
frame_00_Al_projector.context.counts.4.train,0
frame_00_Al_projector.context.counts.4.test,0
frame_00_Al_projector.context.counts.5.train,851
frame_00_Al_projector.context.counts.5.test,871
frame_00_Al_projector.context.counts.6.train,379
frame_00_Al_projector.context.counts.6.test,376
frame_00_Al_projector.context.test_coverage,0.9978779840848806
frame_00_Al_projector.context.balanced_accuracy,0.4564719767528929
frame_00_Al_projector.context.ap.0,0.5133280556315227
frame_00_Al_projector.context.ap.1,
frame_00_Al_projector.context.ap.2,0.20351425471843518
frame_00_Al_projector.context.ap.3,
frame_00_Al_projector.context.ap.4,
frame_00_Al_projector.context.ap.5,0.7076205268230564
frame_00_Al_projector.context.ap.6,0.34606245241769007
frame_00_Al_projector.ptm.counts.0.train,1828
frame_00_Al_projector.ptm.counts.0.test,1838
frame_00_Al_projector.ptm.counts.1.train,9
frame_00_Al_projector.ptm.counts.1.test,7
frame_00_Al_projector.ptm.counts.2.train,9
frame_00_Al_projector.ptm.counts.2.test,16
frame_00_Al_projector.ptm.counts.3.train,0
frame_00_Al_projector.ptm.counts.3.test,0
frame_00_Al_projector.ptm.counts.4.train,25
frame_00_Al_projector.ptm.counts.4.test,24
frame_00_Al_projector.ptm.test_coverage,0.9877984084880637
frame_00_Al_projector.ptm.balanced_accuracy,0.7479824084149438
frame_00_Al_projector.ptm.ap.0,0.976885417465114
frame_00_Al_projector.ptm.ap.1,
frame_00_Al_projector.ptm.ap.2,
frame_00_Al_projector.ptm.ap.3,
frame_00_Al_projector.ptm.ap.4,0.10177212997493384
frame_00_Al_projector.liquid_order.train_count,1813
frame_00_Al_projector.liquid_order.test_count,1826
frame_00_Al_projector.liquid_order.conditional_r2_gain,0.16842563450336456
frame_00_Al_projector.liquid_order.mean_r2,0.20047761499881744
frame_00_Al_projector.context_cutoff_008.counts.0.train,583
frame_00_Al_projector.context_cutoff_008.counts.0.test,580
frame_00_Al_projector.context_cutoff_008.counts.1.train,0
frame_00_Al_projector.context_cutoff_008.counts.1.test,0
frame_00_Al_projector.context_cutoff_008.counts.2.train,20
frame_00_Al_projector.context_cutoff_008.counts.2.test,19
frame_00_Al_projector.context_cutoff_008.counts.3.train,0
frame_00_Al_projector.context_cutoff_008.counts.3.test,4
frame_00_Al_projector.context_cutoff_008.counts.4.train,0
frame_00_Al_projector.context_cutoff_008.counts.4.test,0
frame_00_Al_projector.context_cutoff_008.counts.5.train,854
frame_00_Al_projector.context_cutoff_008.counts.5.test,874
frame_00_Al_projector.context_cutoff_008.counts.6.train,414
frame_00_Al_projector.context_cutoff_008.counts.6.test,408
frame_00_Al_projector.context_cutoff_008.test_coverage,0.9978779840848806
frame_00_Al_projector.context_cutoff_008.balanced_accuracy,0.45582579259905653
frame_00_Al_projector.context_cutoff_008.ap.0,0.5188333464821333
frame_00_Al_projector.context_cutoff_008.ap.1,
frame_00_Al_projector.context_cutoff_008.ap.2,
frame_00_Al_projector.context_cutoff_008.ap.3,
frame_00_Al_projector.context_cutoff_008.ap.4,
frame_00_Al_projector.context_cutoff_008.ap.5,0.711033025424582
frame_00_Al_projector.context_cutoff_008.ap.6,0.42039862724771626
frame_00_Al_projector.context_cutoff_010.counts.0.train,583
frame_00_Al_projector.context_cutoff_010.counts.0.test,579
frame_00_Al_projector.context_cutoff_010.counts.1.train,0
frame_00_Al_projector.context_cutoff_010.counts.1.test,0
frame_00_Al_projector.context_cutoff_010.counts.2.train,58
frame_00_Al_projector.context_cutoff_010.counts.2.test,55
frame_00_Al_projector.context_cutoff_010.counts.3.train,0
frame_00_Al_projector.context_cutoff_010.counts.3.test,4
frame_00_Al_projector.context_cutoff_010.counts.4.train,0
frame_00_Al_projector.context_cutoff_010.counts.4.test,0
frame_00_Al_projector.context_cutoff_010.counts.5.train,851
frame_00_Al_projector.context_cutoff_010.counts.5.test,871
frame_00_Al_projector.context_cutoff_010.counts.6.train,379
frame_00_Al_projector.context_cutoff_010.counts.6.test,376
frame_00_Al_projector.context_cutoff_010.test_coverage,0.9978779840848806
frame_00_Al_projector.context_cutoff_010.balanced_accuracy,0.4564719767528929
frame_00_Al_projector.context_cutoff_010.ap.0,0.5133280556315227
frame_00_Al_projector.context_cutoff_010.ap.1,
frame_00_Al_projector.context_cutoff_010.ap.2,0.20351425471843518
frame_00_Al_projector.context_cutoff_010.ap.3,
frame_00_Al_projector.context_cutoff_010.ap.4,
frame_00_Al_projector.context_cutoff_010.ap.5,0.7076205268230564
frame_00_Al_projector.context_cutoff_010.ap.6,0.34606245241769007
frame_00_Al_projector.context_cutoff_012.counts.0.train,574
frame_00_Al_projector.context_cutoff_012.counts.0.test,576
frame_00_Al_projector.context_cutoff_012.counts.1.train,1
frame_00_Al_projector.context_cutoff_012.counts.1.test,0
frame_00_Al_projector.context_cutoff_012.counts.2.train,140
frame_00_Al_projector.context_cutoff_012.counts.2.test,124
frame_00_Al_projector.context_cutoff_012.counts.3.train,0
frame_00_Al_projector.context_cutoff_012.counts.3.test,4
frame_00_Al_projector.context_cutoff_012.counts.4.train,0
frame_00_Al_projector.context_cutoff_012.counts.4.test,0
frame_00_Al_projector.context_cutoff_012.counts.5.train,840
frame_00_Al_projector.context_cutoff_012.counts.5.test,861
frame_00_Al_projector.context_cutoff_012.counts.6.train,316
frame_00_Al_projector.context_cutoff_012.counts.6.test,320
frame_00_Al_projector.context_cutoff_012.test_coverage,0.9978779840848806
frame_00_Al_projector.context_cutoff_012.balanced_accuracy,0.4594299401015324
frame_00_Al_projector.context_cutoff_012.ap.0,0.5043834565050027
frame_00_Al_projector.context_cutoff_012.ap.1,
frame_00_Al_projector.context_cutoff_012.ap.2,0.3333721671012465
frame_00_Al_projector.context_cutoff_012.ap.3,
frame_00_Al_projector.context_cutoff_012.ap.4,
frame_00_Al_projector.context_cutoff_012.ap.5,0.68375700732654
frame_00_Al_projector.context_cutoff_012.ap.6,0.2552577074741572
frame_00_Al_projector.planar_fault.counts.0.train,1862
frame_00_Al_projector.planar_fault.counts.0.test,1869
frame_00_Al_projector.planar_fault.counts.1.train,9
frame_00_Al_projector.planar_fault.counts.1.test,12
frame_00_Al_projector.planar_fault.counts.2.train,0
frame_00_Al_projector.planar_fault.counts.2.test,1
frame_00_Al_projector.planar_fault.counts.3.train,0
frame_00_Al_projector.planar_fault.counts.3.test,2
frame_00_Al_projector.planar_fault.counts.4.train,0
frame_00_Al_projector.planar_fault.counts.4.test,1
frame_00_Al_projector.planar_fault.test_coverage,0.9915119363395225
frame_00_Al_projector.planar_fault.balanced_accuracy,
frame_00_Al_projector.spatial.auc,0.5174676455812687
frame_00_Al_projector.spatial.pairs,1709
frame_00_Al_projector.spatial.changed_pairs,927
frame_00_Al_projector.spatial.bins,5
frame_00_Al_projector.spatial.same_label_normalized_distance,0.579870030573126
frame_00_Al_projector.nonbulk_spatial.auc,0.5174676455812687
frame_00_Al_projector.nonbulk_spatial.pairs,1709
frame_00_Al_projector.nonbulk_spatial.changed_pairs,927
frame_00_Al_projector.nonbulk_spatial.bins,5
frame_00_Al_projector.nonbulk_spatial.same_label_normalized_distance,0.579870030573126
frame_00_Al_projector.shuffled_spatial.auc,0.4959020392048654
frame_00_Al_projector.shuffled_spatial.pairs,1709
frame_00_Al_projector.shuffled_spatial.changed_pairs,927
frame_00_Al_projector.shuffled_spatial.bins,5
frame_00_Al_projector.shuffled_spatial.same_label_normalized_distance,0.46318846264488567
frame_00_Al_projector.collapsed_spatial.auc,0.5
frame_00_Al_projector.collapsed_spatial.pairs,1709
frame_00_Al_projector.collapsed_spatial.changed_pairs,927
frame_00_Al_projector.collapsed_spatial.bins,5
frame_00_Al_projector.collapsed_spatial.same_label_normalized_distance,
frame_00_Al_projector.liquid_topology.train_count,444
frame_00_Al_projector.liquid_topology.test_count,461
frame_00_Al_projector.liquid_topology.conditional_r2_gain,-0.3384968638420105
frame_00_Al_projector.liquid_topology.mean_r2,-0.34607523679733276
frame_00_Al_projector.nonbulk_cluster_ami,0.051140616540371296
frame_00_Al_projector.continuity_fixed_candidates_center_fixed.0.0001.pair_rms,2.2117256945664607
frame_00_Al_projector.continuity_fixed_candidates_center_fixed.0.0001.normalized_median,8.790368587298448e-05
frame_00_Al_projector.continuity_fixed_candidates_center_fixed.0.0001.normalized_p95,0.016686067265143066
frame_00_Al_projector.continuity_fixed_candidates_center_fixed.0.01.pair_rms,2.2117256945664607
frame_00_Al_projector.continuity_fixed_candidates_center_fixed.0.01.normalized_median,0.07015827427765987
frame_00_Al_projector.continuity_fixed_candidates_center_fixed.0.01.normalized_p95,0.26224049969333874
frame_00_Al_projector.continuity_fixed_candidates_center_fixed.0.1.pair_rms,2.2117256945664607
frame_00_Al_projector.continuity_fixed_candidates_center_fixed.0.1.normalized_median,0.15523366584223453
frame_00_Al_projector.continuity_fixed_candidates_center_fixed.0.1.normalized_p95,0.5115181436210494
frame_01_Al_encoder.collapse.effective_rank,2.1542231037819426
frame_01_Al_encoder.collapse.variance,40.25411400239389
frame_01_Al_encoder.collapse.pair_rms,8.9726377395272
frame_01_Al_encoder.liquid_collapse.effective_rank,1.7793411044604632
frame_01_Al_encoder.liquid_collapse.variance,0.27925520940396864
frame_01_Al_encoder.liquid_collapse.pair_rms,0.7473355463297174
frame_01_Al_encoder.reference_coverage.liquid_fraction,0.7822265625
frame_01_Al_encoder.reference_coverage.cutoff_stable_fraction,0.9384765625
frame_01_Al_encoder.context.counts.0.train,498
frame_01_Al_encoder.context.counts.0.test,514
frame_01_Al_encoder.context.counts.1.train,238
frame_01_Al_encoder.context.counts.1.test,201
frame_01_Al_encoder.context.counts.2.train,124
frame_01_Al_encoder.context.counts.2.test,124
frame_01_Al_encoder.context.counts.3.train,25
frame_01_Al_encoder.context.counts.3.test,26
frame_01_Al_encoder.context.counts.4.train,0
frame_01_Al_encoder.context.counts.4.test,0
frame_01_Al_encoder.context.counts.5.train,654
frame_01_Al_encoder.context.counts.5.test,683
frame_01_Al_encoder.context.counts.6.train,323
frame_01_Al_encoder.context.counts.6.test,310
frame_01_Al_encoder.context.test_coverage,1.0
frame_01_Al_encoder.context.balanced_accuracy,0.6006124451759808
frame_01_Al_encoder.context.ap.0,0.5059934929743806
frame_01_Al_encoder.context.ap.1,0.9952815089470064
frame_01_Al_encoder.context.ap.2,0.5267365297120042
frame_01_Al_encoder.context.ap.3,0.6055725675907085
frame_01_Al_encoder.context.ap.4,
frame_01_Al_encoder.context.ap.5,0.6882009366210616
frame_01_Al_encoder.context.ap.6,0.3221883956424833
frame_01_Al_encoder.ptm.counts.0.train,1527
frame_01_Al_encoder.ptm.counts.0.test,1561
frame_01_Al_encoder.ptm.counts.1.train,274
frame_01_Al_encoder.ptm.counts.1.test,237
frame_01_Al_encoder.ptm.counts.2.train,37
frame_01_Al_encoder.ptm.counts.2.test,38
frame_01_Al_encoder.ptm.counts.3.train,0
frame_01_Al_encoder.ptm.counts.3.test,0
frame_01_Al_encoder.ptm.counts.4.train,24
frame_01_Al_encoder.ptm.counts.4.test,22
frame_01_Al_encoder.ptm.test_coverage,1.0
frame_01_Al_encoder.ptm.balanced_accuracy,0.8477744982466797
frame_01_Al_encoder.ptm.ap.0,0.9763805770144264
frame_01_Al_encoder.ptm.ap.1,0.9880954394530861
frame_01_Al_encoder.ptm.ap.2,0.40525614041879543
frame_01_Al_encoder.ptm.ap.3,
frame_01_Al_encoder.ptm.ap.4,0.35032953802454103
frame_01_Al_encoder.liquid_order.train_count,1475
frame_01_Al_encoder.liquid_order.test_count,1507
frame_01_Al_encoder.liquid_order.conditional_r2_gain,0.12607605755329132
frame_01_Al_encoder.liquid_order.mean_r2,0.1627882421016693
frame_01_Al_encoder.context_cutoff_008.counts.0.train,499
frame_01_Al_encoder.context_cutoff_008.counts.0.test,517
frame_01_Al_encoder.context_cutoff_008.counts.1.train,237
frame_01_Al_encoder.context_cutoff_008.counts.1.test,199
frame_01_Al_encoder.context_cutoff_008.counts.2.train,93
frame_01_Al_encoder.context_cutoff_008.counts.2.test,83
frame_01_Al_encoder.context_cutoff_008.counts.3.train,25
frame_01_Al_encoder.context_cutoff_008.counts.3.test,26
frame_01_Al_encoder.context_cutoff_008.counts.4.train,0
frame_01_Al_encoder.context_cutoff_008.counts.4.test,0
frame_01_Al_encoder.context_cutoff_008.counts.5.train,657
frame_01_Al_encoder.context_cutoff_008.counts.5.test,686
frame_01_Al_encoder.context_cutoff_008.counts.6.train,351
frame_01_Al_encoder.context_cutoff_008.counts.6.test,347
frame_01_Al_encoder.context_cutoff_008.test_coverage,1.0
frame_01_Al_encoder.context_cutoff_008.balanced_accuracy,0.6337246612837175
frame_01_Al_encoder.context_cutoff_008.ap.0,0.5078585852692195
frame_01_Al_encoder.context_cutoff_008.ap.1,0.9966578095884756
frame_01_Al_encoder.context_cutoff_008.ap.2,0.5976305794305354
frame_01_Al_encoder.context_cutoff_008.ap.3,0.5904152542582364
frame_01_Al_encoder.context_cutoff_008.ap.4,
frame_01_Al_encoder.context_cutoff_008.ap.5,0.6868730582395574
frame_01_Al_encoder.context_cutoff_008.ap.6,0.4146664077721945
frame_01_Al_encoder.context_cutoff_010.counts.0.train,498
frame_01_Al_encoder.context_cutoff_010.counts.0.test,514
frame_01_Al_encoder.context_cutoff_010.counts.1.train,238
frame_01_Al_encoder.context_cutoff_010.counts.1.test,201
frame_01_Al_encoder.context_cutoff_010.counts.2.train,124
frame_01_Al_encoder.context_cutoff_010.counts.2.test,124
frame_01_Al_encoder.context_cutoff_010.counts.3.train,25
frame_01_Al_encoder.context_cutoff_010.counts.3.test,26
frame_01_Al_encoder.context_cutoff_010.counts.4.train,0
frame_01_Al_encoder.context_cutoff_010.counts.4.test,0
frame_01_Al_encoder.context_cutoff_010.counts.5.train,654
frame_01_Al_encoder.context_cutoff_010.counts.5.test,683
frame_01_Al_encoder.context_cutoff_010.counts.6.train,323
frame_01_Al_encoder.context_cutoff_010.counts.6.test,310
frame_01_Al_encoder.context_cutoff_010.test_coverage,1.0
frame_01_Al_encoder.context_cutoff_010.balanced_accuracy,0.6006124451759808
frame_01_Al_encoder.context_cutoff_010.ap.0,0.5059934929743806
frame_01_Al_encoder.context_cutoff_010.ap.1,0.9952815089470064
frame_01_Al_encoder.context_cutoff_010.ap.2,0.5267365297120042
frame_01_Al_encoder.context_cutoff_010.ap.3,0.6055725675907085
frame_01_Al_encoder.context_cutoff_010.ap.4,
frame_01_Al_encoder.context_cutoff_010.ap.5,0.6882009366210616
frame_01_Al_encoder.context_cutoff_010.ap.6,0.3221883956424833
frame_01_Al_encoder.context_cutoff_012.counts.0.train,493
frame_01_Al_encoder.context_cutoff_012.counts.0.test,512
frame_01_Al_encoder.context_cutoff_012.counts.1.train,242
frame_01_Al_encoder.context_cutoff_012.counts.1.test,207
frame_01_Al_encoder.context_cutoff_012.counts.2.train,192
frame_01_Al_encoder.context_cutoff_012.counts.2.test,192
frame_01_Al_encoder.context_cutoff_012.counts.3.train,25
frame_01_Al_encoder.context_cutoff_012.counts.3.test,26
frame_01_Al_encoder.context_cutoff_012.counts.4.train,0
frame_01_Al_encoder.context_cutoff_012.counts.4.test,0
frame_01_Al_encoder.context_cutoff_012.counts.5.train,643
frame_01_Al_encoder.context_cutoff_012.counts.5.test,674
frame_01_Al_encoder.context_cutoff_012.counts.6.train,267
frame_01_Al_encoder.context_cutoff_012.counts.6.test,247
frame_01_Al_encoder.context_cutoff_012.test_coverage,1.0
frame_01_Al_encoder.context_cutoff_012.balanced_accuracy,0.5968408001520161
frame_01_Al_encoder.context_cutoff_012.ap.0,0.5025951452707911
frame_01_Al_encoder.context_cutoff_012.ap.1,0.9942970584410863
frame_01_Al_encoder.context_cutoff_012.ap.2,0.530119183239747
frame_01_Al_encoder.context_cutoff_012.ap.3,0.6141654767177186
frame_01_Al_encoder.context_cutoff_012.ap.4,
frame_01_Al_encoder.context_cutoff_012.ap.5,0.6858819992966793
frame_01_Al_encoder.context_cutoff_012.ap.6,0.2568228578455149
frame_01_Al_encoder.planar_fault.counts.0.train,1825
frame_01_Al_encoder.planar_fault.counts.0.test,1820
frame_01_Al_encoder.planar_fault.counts.1.train,12
frame_01_Al_encoder.planar_fault.counts.1.test,12
frame_01_Al_encoder.planar_fault.counts.2.train,2
frame_01_Al_encoder.planar_fault.counts.2.test,2
frame_01_Al_encoder.planar_fault.counts.3.train,23
frame_01_Al_encoder.planar_fault.counts.3.test,24
frame_01_Al_encoder.planar_fault.counts.4.train,0
frame_01_Al_encoder.planar_fault.counts.4.test,0
frame_01_Al_encoder.planar_fault.test_coverage,0.9924650161463939
frame_01_Al_encoder.planar_fault.balanced_accuracy,0.9478937728937729
frame_01_Al_encoder.planar_fault.ap.0,0.9992074553820066
frame_01_Al_encoder.planar_fault.ap.1,
frame_01_Al_encoder.planar_fault.ap.2,
frame_01_Al_encoder.planar_fault.ap.3,0.7888682544562358
frame_01_Al_encoder.planar_fault.ap.4,
frame_01_Al_encoder.spatial.auc,0.5034965382564793
frame_01_Al_encoder.spatial.pairs,1656
frame_01_Al_encoder.spatial.changed_pairs,798
frame_01_Al_encoder.spatial.bins,5
frame_01_Al_encoder.spatial.same_label_normalized_distance,0.1883523192771726
frame_01_Al_encoder.nonbulk_spatial.auc,0.4886441714306677
frame_01_Al_encoder.nonbulk_spatial.pairs,1457
frame_01_Al_encoder.nonbulk_spatial.changed_pairs,781
frame_01_Al_encoder.nonbulk_spatial.bins,5
frame_01_Al_encoder.nonbulk_spatial.same_label_normalized_distance,0.2572641508338038
frame_01_Al_encoder.shuffled_spatial.auc,0.5078079724845617
frame_01_Al_encoder.shuffled_spatial.pairs,1457
frame_01_Al_encoder.shuffled_spatial.changed_pairs,781
frame_01_Al_encoder.shuffled_spatial.bins,5
frame_01_Al_encoder.shuffled_spatial.same_label_normalized_distance,0.5721786407088783
frame_01_Al_encoder.collapsed_spatial.auc,0.5
frame_01_Al_encoder.collapsed_spatial.pairs,1457
frame_01_Al_encoder.collapsed_spatial.changed_pairs,781
frame_01_Al_encoder.collapsed_spatial.bins,5
frame_01_Al_encoder.collapsed_spatial.same_label_normalized_distance,
frame_01_Al_encoder.liquid_topology.train_count,393
frame_01_Al_encoder.liquid_topology.test_count,357
frame_01_Al_encoder.liquid_topology.conditional_r2_gain,-2542.931640625
frame_01_Al_encoder.liquid_topology.mean_r2,-2620.480712890625
frame_01_Al_encoder.nonbulk_cluster_ami,0.14868783718248663
frame_01_Al_encoder.continuity_fixed_candidates_center_fixed.0.0001.pair_rms,9.150912842461834
frame_01_Al_encoder.continuity_fixed_candidates_center_fixed.0.0001.normalized_median,2.2692903050763456e-05
frame_01_Al_encoder.continuity_fixed_candidates_center_fixed.0.0001.normalized_p95,0.015234903580079721
frame_01_Al_encoder.continuity_fixed_candidates_center_fixed.0.01.pair_rms,9.150912842461834
frame_01_Al_encoder.continuity_fixed_candidates_center_fixed.0.01.normalized_median,0.019362853581564695
frame_01_Al_encoder.continuity_fixed_candidates_center_fixed.0.01.normalized_p95,0.16710583161579762
frame_01_Al_encoder.continuity_fixed_candidates_center_fixed.0.1.pair_rms,9.150912842461834
frame_01_Al_encoder.continuity_fixed_candidates_center_fixed.0.1.normalized_median,0.04276665853374237
frame_01_Al_encoder.continuity_fixed_candidates_center_fixed.0.1.normalized_p95,0.31036654294066673
frame_01_Al_projector.collapse.effective_rank,2.1542231037819426
frame_01_Al_projector.collapse.variance,40.25411400239389
frame_01_Al_projector.collapse.pair_rms,8.9726377395272
frame_01_Al_projector.liquid_collapse.effective_rank,1.7793411044604632
frame_01_Al_projector.liquid_collapse.variance,0.27925520940396864
frame_01_Al_projector.liquid_collapse.pair_rms,0.7473355463297174
frame_01_Al_projector.reference_coverage.liquid_fraction,0.7822265625
frame_01_Al_projector.reference_coverage.cutoff_stable_fraction,0.9384765625
frame_01_Al_projector.context.counts.0.train,498
frame_01_Al_projector.context.counts.0.test,514
frame_01_Al_projector.context.counts.1.train,238
frame_01_Al_projector.context.counts.1.test,201
frame_01_Al_projector.context.counts.2.train,124
frame_01_Al_projector.context.counts.2.test,124
frame_01_Al_projector.context.counts.3.train,25
frame_01_Al_projector.context.counts.3.test,26
frame_01_Al_projector.context.counts.4.train,0
frame_01_Al_projector.context.counts.4.test,0
frame_01_Al_projector.context.counts.5.train,654
frame_01_Al_projector.context.counts.5.test,683
frame_01_Al_projector.context.counts.6.train,323
frame_01_Al_projector.context.counts.6.test,310
frame_01_Al_projector.context.test_coverage,1.0
frame_01_Al_projector.context.balanced_accuracy,0.6006124451759808
frame_01_Al_projector.context.ap.0,0.5059934929743806
frame_01_Al_projector.context.ap.1,0.9952815089470064
frame_01_Al_projector.context.ap.2,0.5267365297120042
frame_01_Al_projector.context.ap.3,0.6055725675907085
frame_01_Al_projector.context.ap.4,
frame_01_Al_projector.context.ap.5,0.6882009366210616
frame_01_Al_projector.context.ap.6,0.3221883956424833
frame_01_Al_projector.ptm.counts.0.train,1527
frame_01_Al_projector.ptm.counts.0.test,1561
frame_01_Al_projector.ptm.counts.1.train,274
frame_01_Al_projector.ptm.counts.1.test,237
frame_01_Al_projector.ptm.counts.2.train,37
frame_01_Al_projector.ptm.counts.2.test,38
frame_01_Al_projector.ptm.counts.3.train,0
frame_01_Al_projector.ptm.counts.3.test,0
frame_01_Al_projector.ptm.counts.4.train,24
frame_01_Al_projector.ptm.counts.4.test,22
frame_01_Al_projector.ptm.test_coverage,1.0
frame_01_Al_projector.ptm.balanced_accuracy,0.8477744982466797
frame_01_Al_projector.ptm.ap.0,0.9763805770144264
frame_01_Al_projector.ptm.ap.1,0.9880954394530861
frame_01_Al_projector.ptm.ap.2,0.40525614041879543
frame_01_Al_projector.ptm.ap.3,
frame_01_Al_projector.ptm.ap.4,0.35032953802454103
frame_01_Al_projector.liquid_order.train_count,1475
frame_01_Al_projector.liquid_order.test_count,1507
frame_01_Al_projector.liquid_order.conditional_r2_gain,0.12607605755329132
frame_01_Al_projector.liquid_order.mean_r2,0.1627882421016693
frame_01_Al_projector.context_cutoff_008.counts.0.train,499
frame_01_Al_projector.context_cutoff_008.counts.0.test,517
frame_01_Al_projector.context_cutoff_008.counts.1.train,237
frame_01_Al_projector.context_cutoff_008.counts.1.test,199
frame_01_Al_projector.context_cutoff_008.counts.2.train,93
frame_01_Al_projector.context_cutoff_008.counts.2.test,83
frame_01_Al_projector.context_cutoff_008.counts.3.train,25
frame_01_Al_projector.context_cutoff_008.counts.3.test,26
frame_01_Al_projector.context_cutoff_008.counts.4.train,0
frame_01_Al_projector.context_cutoff_008.counts.4.test,0
frame_01_Al_projector.context_cutoff_008.counts.5.train,657
frame_01_Al_projector.context_cutoff_008.counts.5.test,686
frame_01_Al_projector.context_cutoff_008.counts.6.train,351
frame_01_Al_projector.context_cutoff_008.counts.6.test,347
frame_01_Al_projector.context_cutoff_008.test_coverage,1.0
frame_01_Al_projector.context_cutoff_008.balanced_accuracy,0.6337246612837175
frame_01_Al_projector.context_cutoff_008.ap.0,0.5078585852692195
frame_01_Al_projector.context_cutoff_008.ap.1,0.9966578095884756
frame_01_Al_projector.context_cutoff_008.ap.2,0.5976305794305354
frame_01_Al_projector.context_cutoff_008.ap.3,0.5904152542582364
frame_01_Al_projector.context_cutoff_008.ap.4,
frame_01_Al_projector.context_cutoff_008.ap.5,0.6868730582395574
frame_01_Al_projector.context_cutoff_008.ap.6,0.4146664077721945
frame_01_Al_projector.context_cutoff_010.counts.0.train,498
frame_01_Al_projector.context_cutoff_010.counts.0.test,514
frame_01_Al_projector.context_cutoff_010.counts.1.train,238
frame_01_Al_projector.context_cutoff_010.counts.1.test,201
frame_01_Al_projector.context_cutoff_010.counts.2.train,124
frame_01_Al_projector.context_cutoff_010.counts.2.test,124
frame_01_Al_projector.context_cutoff_010.counts.3.train,25
frame_01_Al_projector.context_cutoff_010.counts.3.test,26
frame_01_Al_projector.context_cutoff_010.counts.4.train,0
frame_01_Al_projector.context_cutoff_010.counts.4.test,0
frame_01_Al_projector.context_cutoff_010.counts.5.train,654
frame_01_Al_projector.context_cutoff_010.counts.5.test,683
frame_01_Al_projector.context_cutoff_010.counts.6.train,323
frame_01_Al_projector.context_cutoff_010.counts.6.test,310
frame_01_Al_projector.context_cutoff_010.test_coverage,1.0
frame_01_Al_projector.context_cutoff_010.balanced_accuracy,0.6006124451759808
frame_01_Al_projector.context_cutoff_010.ap.0,0.5059934929743806
frame_01_Al_projector.context_cutoff_010.ap.1,0.9952815089470064
frame_01_Al_projector.context_cutoff_010.ap.2,0.5267365297120042
frame_01_Al_projector.context_cutoff_010.ap.3,0.6055725675907085
frame_01_Al_projector.context_cutoff_010.ap.4,
frame_01_Al_projector.context_cutoff_010.ap.5,0.6882009366210616
frame_01_Al_projector.context_cutoff_010.ap.6,0.3221883956424833
frame_01_Al_projector.context_cutoff_012.counts.0.train,493
frame_01_Al_projector.context_cutoff_012.counts.0.test,512
frame_01_Al_projector.context_cutoff_012.counts.1.train,242
frame_01_Al_projector.context_cutoff_012.counts.1.test,207
frame_01_Al_projector.context_cutoff_012.counts.2.train,192
frame_01_Al_projector.context_cutoff_012.counts.2.test,192
frame_01_Al_projector.context_cutoff_012.counts.3.train,25
frame_01_Al_projector.context_cutoff_012.counts.3.test,26
frame_01_Al_projector.context_cutoff_012.counts.4.train,0
frame_01_Al_projector.context_cutoff_012.counts.4.test,0
frame_01_Al_projector.context_cutoff_012.counts.5.train,643
frame_01_Al_projector.context_cutoff_012.counts.5.test,674
frame_01_Al_projector.context_cutoff_012.counts.6.train,267
frame_01_Al_projector.context_cutoff_012.counts.6.test,247
frame_01_Al_projector.context_cutoff_012.test_coverage,1.0
frame_01_Al_projector.context_cutoff_012.balanced_accuracy,0.5968408001520161
frame_01_Al_projector.context_cutoff_012.ap.0,0.5025951452707911
frame_01_Al_projector.context_cutoff_012.ap.1,0.9942970584410863
frame_01_Al_projector.context_cutoff_012.ap.2,0.530119183239747
frame_01_Al_projector.context_cutoff_012.ap.3,0.6141654767177186
frame_01_Al_projector.context_cutoff_012.ap.4,
frame_01_Al_projector.context_cutoff_012.ap.5,0.6858819992966793
frame_01_Al_projector.context_cutoff_012.ap.6,0.2568228578455149
frame_01_Al_projector.planar_fault.counts.0.train,1825
frame_01_Al_projector.planar_fault.counts.0.test,1820
frame_01_Al_projector.planar_fault.counts.1.train,12
frame_01_Al_projector.planar_fault.counts.1.test,12
frame_01_Al_projector.planar_fault.counts.2.train,2
frame_01_Al_projector.planar_fault.counts.2.test,2
frame_01_Al_projector.planar_fault.counts.3.train,23
frame_01_Al_projector.planar_fault.counts.3.test,24
frame_01_Al_projector.planar_fault.counts.4.train,0
frame_01_Al_projector.planar_fault.counts.4.test,0
frame_01_Al_projector.planar_fault.test_coverage,0.9924650161463939
frame_01_Al_projector.planar_fault.balanced_accuracy,0.9478937728937729
frame_01_Al_projector.planar_fault.ap.0,0.9992074553820066
frame_01_Al_projector.planar_fault.ap.1,
frame_01_Al_projector.planar_fault.ap.2,
frame_01_Al_projector.planar_fault.ap.3,0.7888682544562358
frame_01_Al_projector.planar_fault.ap.4,
frame_01_Al_projector.spatial.auc,0.5034965382564793
frame_01_Al_projector.spatial.pairs,1656
frame_01_Al_projector.spatial.changed_pairs,798
frame_01_Al_projector.spatial.bins,5
frame_01_Al_projector.spatial.same_label_normalized_distance,0.1883523192771726
frame_01_Al_projector.nonbulk_spatial.auc,0.4886441714306677
frame_01_Al_projector.nonbulk_spatial.pairs,1457
frame_01_Al_projector.nonbulk_spatial.changed_pairs,781
frame_01_Al_projector.nonbulk_spatial.bins,5
frame_01_Al_projector.nonbulk_spatial.same_label_normalized_distance,0.2572641508338038
frame_01_Al_projector.shuffled_spatial.auc,0.5078079724845617
frame_01_Al_projector.shuffled_spatial.pairs,1457
frame_01_Al_projector.shuffled_spatial.changed_pairs,781
frame_01_Al_projector.shuffled_spatial.bins,5
frame_01_Al_projector.shuffled_spatial.same_label_normalized_distance,0.5721786407088783
frame_01_Al_projector.collapsed_spatial.auc,0.5
frame_01_Al_projector.collapsed_spatial.pairs,1457
frame_01_Al_projector.collapsed_spatial.changed_pairs,781
frame_01_Al_projector.collapsed_spatial.bins,5
frame_01_Al_projector.collapsed_spatial.same_label_normalized_distance,
frame_01_Al_projector.liquid_topology.train_count,393
frame_01_Al_projector.liquid_topology.test_count,357
frame_01_Al_projector.liquid_topology.conditional_r2_gain,-2542.931640625
frame_01_Al_projector.liquid_topology.mean_r2,-2620.480712890625
frame_01_Al_projector.nonbulk_cluster_ami,0.14868783718248663
frame_01_Al_projector.continuity_fixed_candidates_center_fixed.0.0001.pair_rms,9.150912842461834
frame_01_Al_projector.continuity_fixed_candidates_center_fixed.0.0001.normalized_median,2.2692903050763456e-05
frame_01_Al_projector.continuity_fixed_candidates_center_fixed.0.0001.normalized_p95,0.015234903580079721
frame_01_Al_projector.continuity_fixed_candidates_center_fixed.0.01.pair_rms,9.150912842461834
frame_01_Al_projector.continuity_fixed_candidates_center_fixed.0.01.normalized_median,0.019362853581564695
frame_01_Al_projector.continuity_fixed_candidates_center_fixed.0.01.normalized_p95,0.16710583161579762
frame_01_Al_projector.continuity_fixed_candidates_center_fixed.0.1.pair_rms,9.150912842461834
frame_01_Al_projector.continuity_fixed_candidates_center_fixed.0.1.normalized_median,0.04276665853374237
frame_01_Al_projector.continuity_fixed_candidates_center_fixed.0.1.normalized_p95,0.31036654294066673
frame_02_Al_encoder.collapse.effective_rank,2.1121076701379122
frame_02_Al_encoder.collapse.variance,79.55701642504096
frame_02_Al_encoder.collapse.pair_rms,12.61404109911181
frame_02_Al_encoder.liquid_collapse.effective_rank,1.7249721340918527
frame_02_Al_encoder.liquid_collapse.variance,0.3233313648608068
frame_02_Al_encoder.liquid_collapse.pair_rms,0.80415342424292
frame_02_Al_encoder.reference_coverage.liquid_fraction,0.509033203125
frame_02_Al_encoder.reference_coverage.cutoff_stable_fraction,0.951904296875
frame_02_Al_encoder.context.counts.0.train,263
frame_02_Al_encoder.context.counts.0.test,337
frame_02_Al_encoder.context.counts.1.train,652
frame_02_Al_encoder.context.counts.1.test,563
frame_02_Al_encoder.context.counts.2.train,240
frame_02_Al_encoder.context.counts.2.test,211
frame_02_Al_encoder.context.counts.3.train,41
frame_02_Al_encoder.context.counts.3.test,50
frame_02_Al_encoder.context.counts.4.train,0
frame_02_Al_encoder.context.counts.4.test,0
frame_02_Al_encoder.context.counts.5.train,429
frame_02_Al_encoder.context.counts.5.test,525
frame_02_Al_encoder.context.counts.6.train,201
frame_02_Al_encoder.context.counts.6.test,224
frame_02_Al_encoder.context.test_coverage,1.0
frame_02_Al_encoder.context.balanced_accuracy,0.6511344687147435
frame_02_Al_encoder.context.ap.0,0.46469980537790345
frame_02_Al_encoder.context.ap.1,0.9845073901879671
frame_02_Al_encoder.context.ap.2,0.721251777653562
frame_02_Al_encoder.context.ap.3,0.7475970747417721
frame_02_Al_encoder.context.ap.4,
frame_02_Al_encoder.context.ap.5,0.7183718375369217
frame_02_Al_encoder.context.ap.6,0.4117373472452513
frame_02_Al_encoder.ptm.counts.0.train,1032
frame_02_Al_encoder.ptm.counts.0.test,1196
frame_02_Al_encoder.ptm.counts.1.train,734
frame_02_Al_encoder.ptm.counts.1.test,639
frame_02_Al_encoder.ptm.counts.2.train,52
frame_02_Al_encoder.ptm.counts.2.test,59
frame_02_Al_encoder.ptm.counts.3.train,0
frame_02_Al_encoder.ptm.counts.3.test,0
frame_02_Al_encoder.ptm.counts.4.train,8
frame_02_Al_encoder.ptm.counts.4.test,16
frame_02_Al_encoder.ptm.test_coverage,0.9916230366492147
frame_02_Al_encoder.ptm.balanced_accuracy,0.908925609494906
frame_02_Al_encoder.ptm.ap.0,0.9761454748926182
frame_02_Al_encoder.ptm.ap.1,0.9942645462618922
frame_02_Al_encoder.ptm.ap.2,0.6616875926193194
frame_02_Al_encoder.ptm.ap.3,
frame_02_Al_encoder.ptm.ap.4,
frame_02_Al_encoder.liquid_order.train_count,893
frame_02_Al_encoder.liquid_order.test_count,1086
frame_02_Al_encoder.liquid_order.conditional_r2_gain,0.12100794166326523
frame_02_Al_encoder.liquid_order.mean_r2,0.15901322662830353
frame_02_Al_encoder.context_cutoff_008.counts.0.train,263
frame_02_Al_encoder.context_cutoff_008.counts.0.test,338
frame_02_Al_encoder.context_cutoff_008.counts.1.train,652
frame_02_Al_encoder.context_cutoff_008.counts.1.test,562
frame_02_Al_encoder.context_cutoff_008.counts.2.train,209
frame_02_Al_encoder.context_cutoff_008.counts.2.test,188
frame_02_Al_encoder.context_cutoff_008.counts.3.train,41
frame_02_Al_encoder.context_cutoff_008.counts.3.test,50
frame_02_Al_encoder.context_cutoff_008.counts.4.train,0
frame_02_Al_encoder.context_cutoff_008.counts.4.test,0
frame_02_Al_encoder.context_cutoff_008.counts.5.train,433
frame_02_Al_encoder.context_cutoff_008.counts.5.test,530
frame_02_Al_encoder.context_cutoff_008.counts.6.train,228
frame_02_Al_encoder.context_cutoff_008.counts.6.test,242
frame_02_Al_encoder.context_cutoff_008.test_coverage,1.0
frame_02_Al_encoder.context_cutoff_008.balanced_accuracy,0.6690408958946269
frame_02_Al_encoder.context_cutoff_008.ap.0,0.46072249912337115
frame_02_Al_encoder.context_cutoff_008.ap.1,0.9848898660873131
frame_02_Al_encoder.context_cutoff_008.ap.2,0.7429716785323538
frame_02_Al_encoder.context_cutoff_008.ap.3,0.7365253492245247
frame_02_Al_encoder.context_cutoff_008.ap.4,
frame_02_Al_encoder.context_cutoff_008.ap.5,0.7204390831107463
frame_02_Al_encoder.context_cutoff_008.ap.6,0.45066660539023085
frame_02_Al_encoder.context_cutoff_010.counts.0.train,263
frame_02_Al_encoder.context_cutoff_010.counts.0.test,337
frame_02_Al_encoder.context_cutoff_010.counts.1.train,652
frame_02_Al_encoder.context_cutoff_010.counts.1.test,563
frame_02_Al_encoder.context_cutoff_010.counts.2.train,240
frame_02_Al_encoder.context_cutoff_010.counts.2.test,211
frame_02_Al_encoder.context_cutoff_010.counts.3.train,41
frame_02_Al_encoder.context_cutoff_010.counts.3.test,50
frame_02_Al_encoder.context_cutoff_010.counts.4.train,0
frame_02_Al_encoder.context_cutoff_010.counts.4.test,0
frame_02_Al_encoder.context_cutoff_010.counts.5.train,429
frame_02_Al_encoder.context_cutoff_010.counts.5.test,525
frame_02_Al_encoder.context_cutoff_010.counts.6.train,201
frame_02_Al_encoder.context_cutoff_010.counts.6.test,224
frame_02_Al_encoder.context_cutoff_010.test_coverage,1.0
frame_02_Al_encoder.context_cutoff_010.balanced_accuracy,0.6511344687147435
frame_02_Al_encoder.context_cutoff_010.ap.0,0.46469980537790345
frame_02_Al_encoder.context_cutoff_010.ap.1,0.9845073901879671
frame_02_Al_encoder.context_cutoff_010.ap.2,0.721251777653562
frame_02_Al_encoder.context_cutoff_010.ap.3,0.7475970747417721
frame_02_Al_encoder.context_cutoff_010.ap.4,
frame_02_Al_encoder.context_cutoff_010.ap.5,0.7183718375369217
frame_02_Al_encoder.context_cutoff_010.ap.6,0.4117373472452513
frame_02_Al_encoder.context_cutoff_012.counts.0.train,261
frame_02_Al_encoder.context_cutoff_012.counts.0.test,334
frame_02_Al_encoder.context_cutoff_012.counts.1.train,661
frame_02_Al_encoder.context_cutoff_012.counts.1.test,571
frame_02_Al_encoder.context_cutoff_012.counts.2.train,276
frame_02_Al_encoder.context_cutoff_012.counts.2.test,264
frame_02_Al_encoder.context_cutoff_012.counts.3.train,41
frame_02_Al_encoder.context_cutoff_012.counts.3.test,50
frame_02_Al_encoder.context_cutoff_012.counts.4.train,0
frame_02_Al_encoder.context_cutoff_012.counts.4.test,0
frame_02_Al_encoder.context_cutoff_012.counts.5.train,421
frame_02_Al_encoder.context_cutoff_012.counts.5.test,514
frame_02_Al_encoder.context_cutoff_012.counts.6.train,166
frame_02_Al_encoder.context_cutoff_012.counts.6.test,177
frame_02_Al_encoder.context_cutoff_012.test_coverage,1.0
frame_02_Al_encoder.context_cutoff_012.balanced_accuracy,0.6253452070755866
frame_02_Al_encoder.context_cutoff_012.ap.0,0.4615240986542886
frame_02_Al_encoder.context_cutoff_012.ap.1,0.9840382911856475
frame_02_Al_encoder.context_cutoff_012.ap.2,0.6441541640181286
frame_02_Al_encoder.context_cutoff_012.ap.3,0.7443371225694194
frame_02_Al_encoder.context_cutoff_012.ap.4,
frame_02_Al_encoder.context_cutoff_012.ap.5,0.7138411219611805
frame_02_Al_encoder.context_cutoff_012.ap.6,0.28963362227410705
frame_02_Al_encoder.planar_fault.counts.0.train,1774
frame_02_Al_encoder.planar_fault.counts.0.test,1851
frame_02_Al_encoder.planar_fault.counts.1.train,11
frame_02_Al_encoder.planar_fault.counts.1.test,9
frame_02_Al_encoder.planar_fault.counts.2.train,7
frame_02_Al_encoder.planar_fault.counts.2.test,3
frame_02_Al_encoder.planar_fault.counts.3.train,34
frame_02_Al_encoder.planar_fault.counts.3.test,47
frame_02_Al_encoder.planar_fault.counts.4.train,0
frame_02_Al_encoder.planar_fault.counts.4.test,0
frame_02_Al_encoder.planar_fault.test_coverage,0.993717277486911
frame_02_Al_encoder.planar_fault.balanced_accuracy,0.91715806292171
frame_02_Al_encoder.planar_fault.ap.0,0.9841276754983721
frame_02_Al_encoder.planar_fault.ap.1,
frame_02_Al_encoder.planar_fault.ap.2,
frame_02_Al_encoder.planar_fault.ap.3,0.7999298613866841
frame_02_Al_encoder.planar_fault.ap.4,
frame_02_Al_encoder.spatial.auc,0.5394327016930492
frame_02_Al_encoder.spatial.pairs,1740
frame_02_Al_encoder.spatial.changed_pairs,639
frame_02_Al_encoder.spatial.bins,5
frame_02_Al_encoder.spatial.same_label_normalized_distance,0.1840813698191528
frame_02_Al_encoder.nonbulk_spatial.auc,0.4459331644808946
frame_02_Al_encoder.nonbulk_spatial.pairs,1169
frame_02_Al_encoder.nonbulk_spatial.changed_pairs,574
frame_02_Al_encoder.nonbulk_spatial.bins,5
frame_02_Al_encoder.nonbulk_spatial.same_label_normalized_distance,0.2775346431216162
frame_02_Al_encoder.shuffled_spatial.auc,0.5168123010590314
frame_02_Al_encoder.shuffled_spatial.pairs,1169
frame_02_Al_encoder.shuffled_spatial.changed_pairs,574
frame_02_Al_encoder.shuffled_spatial.bins,5
frame_02_Al_encoder.shuffled_spatial.same_label_normalized_distance,0.7657736046079924
frame_02_Al_encoder.collapsed_spatial.auc,0.5
frame_02_Al_encoder.collapsed_spatial.pairs,1169
frame_02_Al_encoder.collapsed_spatial.changed_pairs,574
frame_02_Al_encoder.collapsed_spatial.bins,5
frame_02_Al_encoder.collapsed_spatial.same_label_normalized_distance,
frame_02_Al_encoder.liquid_topology.train_count,218
frame_02_Al_encoder.liquid_topology.test_count,269
frame_02_Al_encoder.liquid_topology.conditional_r2_gain,-0.32146477699279785
frame_02_Al_encoder.liquid_topology.mean_r2,-0.335267037153244
frame_02_Al_encoder.nonbulk_cluster_ami,0.3086264209302029
frame_02_Al_encoder.continuity_fixed_candidates_center_fixed.0.0001.pair_rms,12.438952016016684
frame_02_Al_encoder.continuity_fixed_candidates_center_fixed.0.0001.normalized_median,3.4000307317787374e-05
frame_02_Al_encoder.continuity_fixed_candidates_center_fixed.0.0001.normalized_p95,0.014986904576649498
frame_02_Al_encoder.continuity_fixed_candidates_center_fixed.0.01.pair_rms,12.438952016016684
frame_02_Al_encoder.continuity_fixed_candidates_center_fixed.0.01.normalized_median,0.021740292253855004
frame_02_Al_encoder.continuity_fixed_candidates_center_fixed.0.01.normalized_p95,0.25041373518602905
frame_02_Al_encoder.continuity_fixed_candidates_center_fixed.0.1.pair_rms,12.438952016016684
frame_02_Al_encoder.continuity_fixed_candidates_center_fixed.0.1.normalized_median,0.051264988810862624
frame_02_Al_encoder.continuity_fixed_candidates_center_fixed.0.1.normalized_p95,0.5008046423615196
frame_02_Al_projector.collapse.effective_rank,2.1121076701379122
frame_02_Al_projector.collapse.variance,79.55701642504096
frame_02_Al_projector.collapse.pair_rms,12.61404109911181
frame_02_Al_projector.liquid_collapse.effective_rank,1.7249721340918527
frame_02_Al_projector.liquid_collapse.variance,0.3233313648608068
frame_02_Al_projector.liquid_collapse.pair_rms,0.80415342424292
frame_02_Al_projector.reference_coverage.liquid_fraction,0.509033203125
frame_02_Al_projector.reference_coverage.cutoff_stable_fraction,0.951904296875
frame_02_Al_projector.context.counts.0.train,263
frame_02_Al_projector.context.counts.0.test,337
frame_02_Al_projector.context.counts.1.train,652
frame_02_Al_projector.context.counts.1.test,563
frame_02_Al_projector.context.counts.2.train,240
frame_02_Al_projector.context.counts.2.test,211
frame_02_Al_projector.context.counts.3.train,41
frame_02_Al_projector.context.counts.3.test,50
frame_02_Al_projector.context.counts.4.train,0
frame_02_Al_projector.context.counts.4.test,0
frame_02_Al_projector.context.counts.5.train,429
frame_02_Al_projector.context.counts.5.test,525
frame_02_Al_projector.context.counts.6.train,201
frame_02_Al_projector.context.counts.6.test,224
frame_02_Al_projector.context.test_coverage,1.0
frame_02_Al_projector.context.balanced_accuracy,0.6511344687147435
frame_02_Al_projector.context.ap.0,0.46469980537790345
frame_02_Al_projector.context.ap.1,0.9845073901879671
frame_02_Al_projector.context.ap.2,0.721251777653562
frame_02_Al_projector.context.ap.3,0.7475970747417721
frame_02_Al_projector.context.ap.4,
frame_02_Al_projector.context.ap.5,0.7183718375369217
frame_02_Al_projector.context.ap.6,0.4117373472452513
frame_02_Al_projector.ptm.counts.0.train,1032
frame_02_Al_projector.ptm.counts.0.test,1196
frame_02_Al_projector.ptm.counts.1.train,734
frame_02_Al_projector.ptm.counts.1.test,639
frame_02_Al_projector.ptm.counts.2.train,52
frame_02_Al_projector.ptm.counts.2.test,59
frame_02_Al_projector.ptm.counts.3.train,0
frame_02_Al_projector.ptm.counts.3.test,0
frame_02_Al_projector.ptm.counts.4.train,8
frame_02_Al_projector.ptm.counts.4.test,16
frame_02_Al_projector.ptm.test_coverage,0.9916230366492147
frame_02_Al_projector.ptm.balanced_accuracy,0.908925609494906
frame_02_Al_projector.ptm.ap.0,0.9761454748926182
frame_02_Al_projector.ptm.ap.1,0.9942645462618922
frame_02_Al_projector.ptm.ap.2,0.6616875926193194
frame_02_Al_projector.ptm.ap.3,
frame_02_Al_projector.ptm.ap.4,
frame_02_Al_projector.liquid_order.train_count,893
frame_02_Al_projector.liquid_order.test_count,1086
frame_02_Al_projector.liquid_order.conditional_r2_gain,0.12100794166326523
frame_02_Al_projector.liquid_order.mean_r2,0.15901322662830353
frame_02_Al_projector.context_cutoff_008.counts.0.train,263
frame_02_Al_projector.context_cutoff_008.counts.0.test,338
frame_02_Al_projector.context_cutoff_008.counts.1.train,652
frame_02_Al_projector.context_cutoff_008.counts.1.test,562
frame_02_Al_projector.context_cutoff_008.counts.2.train,209
frame_02_Al_projector.context_cutoff_008.counts.2.test,188
frame_02_Al_projector.context_cutoff_008.counts.3.train,41
frame_02_Al_projector.context_cutoff_008.counts.3.test,50
frame_02_Al_projector.context_cutoff_008.counts.4.train,0
frame_02_Al_projector.context_cutoff_008.counts.4.test,0
frame_02_Al_projector.context_cutoff_008.counts.5.train,433
frame_02_Al_projector.context_cutoff_008.counts.5.test,530
frame_02_Al_projector.context_cutoff_008.counts.6.train,228
frame_02_Al_projector.context_cutoff_008.counts.6.test,242
frame_02_Al_projector.context_cutoff_008.test_coverage,1.0
frame_02_Al_projector.context_cutoff_008.balanced_accuracy,0.6690408958946269
frame_02_Al_projector.context_cutoff_008.ap.0,0.46072249912337115
frame_02_Al_projector.context_cutoff_008.ap.1,0.9848898660873131
frame_02_Al_projector.context_cutoff_008.ap.2,0.7429716785323538
frame_02_Al_projector.context_cutoff_008.ap.3,0.7365253492245247
frame_02_Al_projector.context_cutoff_008.ap.4,
frame_02_Al_projector.context_cutoff_008.ap.5,0.7204390831107463
frame_02_Al_projector.context_cutoff_008.ap.6,0.45066660539023085
frame_02_Al_projector.context_cutoff_010.counts.0.train,263
frame_02_Al_projector.context_cutoff_010.counts.0.test,337
frame_02_Al_projector.context_cutoff_010.counts.1.train,652
frame_02_Al_projector.context_cutoff_010.counts.1.test,563
frame_02_Al_projector.context_cutoff_010.counts.2.train,240
frame_02_Al_projector.context_cutoff_010.counts.2.test,211
frame_02_Al_projector.context_cutoff_010.counts.3.train,41
frame_02_Al_projector.context_cutoff_010.counts.3.test,50
frame_02_Al_projector.context_cutoff_010.counts.4.train,0
frame_02_Al_projector.context_cutoff_010.counts.4.test,0
frame_02_Al_projector.context_cutoff_010.counts.5.train,429
frame_02_Al_projector.context_cutoff_010.counts.5.test,525
frame_02_Al_projector.context_cutoff_010.counts.6.train,201
frame_02_Al_projector.context_cutoff_010.counts.6.test,224
frame_02_Al_projector.context_cutoff_010.test_coverage,1.0
frame_02_Al_projector.context_cutoff_010.balanced_accuracy,0.6511344687147435
frame_02_Al_projector.context_cutoff_010.ap.0,0.46469980537790345
frame_02_Al_projector.context_cutoff_010.ap.1,0.9845073901879671
frame_02_Al_projector.context_cutoff_010.ap.2,0.721251777653562
frame_02_Al_projector.context_cutoff_010.ap.3,0.7475970747417721
frame_02_Al_projector.context_cutoff_010.ap.4,
frame_02_Al_projector.context_cutoff_010.ap.5,0.7183718375369217
frame_02_Al_projector.context_cutoff_010.ap.6,0.4117373472452513
frame_02_Al_projector.context_cutoff_012.counts.0.train,261
frame_02_Al_projector.context_cutoff_012.counts.0.test,334
frame_02_Al_projector.context_cutoff_012.counts.1.train,661
frame_02_Al_projector.context_cutoff_012.counts.1.test,571
frame_02_Al_projector.context_cutoff_012.counts.2.train,276
frame_02_Al_projector.context_cutoff_012.counts.2.test,264
frame_02_Al_projector.context_cutoff_012.counts.3.train,41
frame_02_Al_projector.context_cutoff_012.counts.3.test,50
frame_02_Al_projector.context_cutoff_012.counts.4.train,0
frame_02_Al_projector.context_cutoff_012.counts.4.test,0
frame_02_Al_projector.context_cutoff_012.counts.5.train,421
frame_02_Al_projector.context_cutoff_012.counts.5.test,514
frame_02_Al_projector.context_cutoff_012.counts.6.train,166
frame_02_Al_projector.context_cutoff_012.counts.6.test,177
frame_02_Al_projector.context_cutoff_012.test_coverage,1.0
frame_02_Al_projector.context_cutoff_012.balanced_accuracy,0.6253452070755866
frame_02_Al_projector.context_cutoff_012.ap.0,0.4615240986542886
frame_02_Al_projector.context_cutoff_012.ap.1,0.9840382911856475
frame_02_Al_projector.context_cutoff_012.ap.2,0.6441541640181286
frame_02_Al_projector.context_cutoff_012.ap.3,0.7443371225694194
frame_02_Al_projector.context_cutoff_012.ap.4,
frame_02_Al_projector.context_cutoff_012.ap.5,0.7138411219611805
frame_02_Al_projector.context_cutoff_012.ap.6,0.28963362227410705
frame_02_Al_projector.planar_fault.counts.0.train,1774
frame_02_Al_projector.planar_fault.counts.0.test,1851
frame_02_Al_projector.planar_fault.counts.1.train,11
frame_02_Al_projector.planar_fault.counts.1.test,9
frame_02_Al_projector.planar_fault.counts.2.train,7
frame_02_Al_projector.planar_fault.counts.2.test,3
frame_02_Al_projector.planar_fault.counts.3.train,34
frame_02_Al_projector.planar_fault.counts.3.test,47
frame_02_Al_projector.planar_fault.counts.4.train,0
frame_02_Al_projector.planar_fault.counts.4.test,0
frame_02_Al_projector.planar_fault.test_coverage,0.993717277486911
frame_02_Al_projector.planar_fault.balanced_accuracy,0.91715806292171
frame_02_Al_projector.planar_fault.ap.0,0.9841276754983721
frame_02_Al_projector.planar_fault.ap.1,
frame_02_Al_projector.planar_fault.ap.2,
frame_02_Al_projector.planar_fault.ap.3,0.7999298613866841
frame_02_Al_projector.planar_fault.ap.4,
frame_02_Al_projector.spatial.auc,0.5394327016930492
frame_02_Al_projector.spatial.pairs,1740
frame_02_Al_projector.spatial.changed_pairs,639
frame_02_Al_projector.spatial.bins,5
frame_02_Al_projector.spatial.same_label_normalized_distance,0.1840813698191528
frame_02_Al_projector.nonbulk_spatial.auc,0.4459331644808946
frame_02_Al_projector.nonbulk_spatial.pairs,1169
frame_02_Al_projector.nonbulk_spatial.changed_pairs,574
frame_02_Al_projector.nonbulk_spatial.bins,5
frame_02_Al_projector.nonbulk_spatial.same_label_normalized_distance,0.2775346431216162
frame_02_Al_projector.shuffled_spatial.auc,0.5168123010590314
frame_02_Al_projector.shuffled_spatial.pairs,1169
frame_02_Al_projector.shuffled_spatial.changed_pairs,574
frame_02_Al_projector.shuffled_spatial.bins,5
frame_02_Al_projector.shuffled_spatial.same_label_normalized_distance,0.7657736046079924
frame_02_Al_projector.collapsed_spatial.auc,0.5
frame_02_Al_projector.collapsed_spatial.pairs,1169
frame_02_Al_projector.collapsed_spatial.changed_pairs,574
frame_02_Al_projector.collapsed_spatial.bins,5
frame_02_Al_projector.collapsed_spatial.same_label_normalized_distance,
frame_02_Al_projector.liquid_topology.train_count,218
frame_02_Al_projector.liquid_topology.test_count,269
frame_02_Al_projector.liquid_topology.conditional_r2_gain,-0.32146477699279785
frame_02_Al_projector.liquid_topology.mean_r2,-0.335267037153244
frame_02_Al_projector.nonbulk_cluster_ami,0.3086264209302029
frame_02_Al_projector.continuity_fixed_candidates_center_fixed.0.0001.pair_rms,12.438952016016684
frame_02_Al_projector.continuity_fixed_candidates_center_fixed.0.0001.normalized_median,3.4000307317787374e-05
frame_02_Al_projector.continuity_fixed_candidates_center_fixed.0.0001.normalized_p95,0.014986904576649498
frame_02_Al_projector.continuity_fixed_candidates_center_fixed.0.01.pair_rms,12.438952016016684
frame_02_Al_projector.continuity_fixed_candidates_center_fixed.0.01.normalized_median,0.021740292253855004
frame_02_Al_projector.continuity_fixed_candidates_center_fixed.0.01.normalized_p95,0.25041373518602905
frame_02_Al_projector.continuity_fixed_candidates_center_fixed.0.1.pair_rms,12.438952016016684
frame_02_Al_projector.continuity_fixed_candidates_center_fixed.0.1.normalized_median,0.051264988810862624
frame_02_Al_projector.continuity_fixed_candidates_center_fixed.0.1.normalized_p95,0.5008046423615196
frame_03_Ta_encoder.collapse.effective_rank,2.618752485713235
frame_03_Ta_encoder.collapse.variance,0.3022162012056254
frame_03_Ta_encoder.collapse.pair_rms,0.7774525081387614
frame_03_Ta_encoder.liquid_collapse.effective_rank,1.768868574578356
frame_03_Ta_encoder.liquid_collapse.variance,0.2294970209043396
frame_03_Ta_encoder.liquid_collapse.pair_rms,0.6774909902047991
frame_03_Ta_encoder.reference_coverage.liquid_fraction,0.9990234375
frame_03_Ta_encoder.reference_coverage.cutoff_stable_fraction,0.996826171875
frame_03_Ta_encoder.context.counts.0.train,798
frame_03_Ta_encoder.context.counts.0.test,743
frame_03_Ta_encoder.context.counts.1.train,0
frame_03_Ta_encoder.context.counts.1.test,0
frame_03_Ta_encoder.context.counts.2.train,3
frame_03_Ta_encoder.context.counts.2.test,0
frame_03_Ta_encoder.context.counts.3.train,0
frame_03_Ta_encoder.context.counts.3.test,0
frame_03_Ta_encoder.context.counts.4.train,0
frame_03_Ta_encoder.context.counts.4.test,0
frame_03_Ta_encoder.context.counts.5.train,800
frame_03_Ta_encoder.context.counts.5.test,785
frame_03_Ta_encoder.context.counts.6.train,424
frame_03_Ta_encoder.context.counts.6.test,370
frame_03_Ta_encoder.context.test_coverage,1.0
frame_03_Ta_encoder.context.balanced_accuracy,0.5792217580414852
frame_03_Ta_encoder.context.ap.0,0.6993852383997734
frame_03_Ta_encoder.context.ap.1,
frame_03_Ta_encoder.context.ap.2,
frame_03_Ta_encoder.context.ap.3,
frame_03_Ta_encoder.context.ap.4,
frame_03_Ta_encoder.context.ap.5,0.73300369185991
frame_03_Ta_encoder.context.ap.6,0.3904594619650673
frame_03_Ta_encoder.ptm.counts.0.train,1905
frame_03_Ta_encoder.ptm.counts.0.test,1792
frame_03_Ta_encoder.ptm.counts.1.train,0
frame_03_Ta_encoder.ptm.counts.1.test,0
frame_03_Ta_encoder.ptm.counts.2.train,0
frame_03_Ta_encoder.ptm.counts.2.test,0
frame_03_Ta_encoder.ptm.counts.3.train,3
frame_03_Ta_encoder.ptm.counts.3.test,0
frame_03_Ta_encoder.ptm.counts.4.train,117
frame_03_Ta_encoder.ptm.counts.4.test,106
frame_03_Ta_encoder.ptm.test_coverage,1.0
frame_03_Ta_encoder.ptm.balanced_accuracy,0.7424559888814016
frame_03_Ta_encoder.ptm.ap.0,0.9892609551235546
frame_03_Ta_encoder.ptm.ap.1,
frame_03_Ta_encoder.ptm.ap.2,
frame_03_Ta_encoder.ptm.ap.3,
frame_03_Ta_encoder.ptm.ap.4,0.2900648244692261
frame_03_Ta_encoder.liquid_order.train_count,2022
frame_03_Ta_encoder.liquid_order.test_count,1898
frame_03_Ta_encoder.liquid_order.conditional_r2_gain,0.10793457180261612
frame_03_Ta_encoder.liquid_order.mean_r2,0.20258300006389618
frame_03_Ta_encoder.context_cutoff_008.counts.0.train,798
frame_03_Ta_encoder.context_cutoff_008.counts.0.test,743
frame_03_Ta_encoder.context_cutoff_008.counts.1.train,0
frame_03_Ta_encoder.context_cutoff_008.counts.1.test,0
frame_03_Ta_encoder.context_cutoff_008.counts.2.train,2
frame_03_Ta_encoder.context_cutoff_008.counts.2.test,0
frame_03_Ta_encoder.context_cutoff_008.counts.3.train,0
frame_03_Ta_encoder.context_cutoff_008.counts.3.test,0
frame_03_Ta_encoder.context_cutoff_008.counts.4.train,0
frame_03_Ta_encoder.context_cutoff_008.counts.4.test,0
frame_03_Ta_encoder.context_cutoff_008.counts.5.train,800
frame_03_Ta_encoder.context_cutoff_008.counts.5.test,785
frame_03_Ta_encoder.context_cutoff_008.counts.6.train,425
frame_03_Ta_encoder.context_cutoff_008.counts.6.test,370
frame_03_Ta_encoder.context_cutoff_008.test_coverage,1.0
frame_03_Ta_encoder.context_cutoff_008.balanced_accuracy,0.5809922815117798
frame_03_Ta_encoder.context_cutoff_008.ap.0,0.6994169276871065
frame_03_Ta_encoder.context_cutoff_008.ap.1,
frame_03_Ta_encoder.context_cutoff_008.ap.2,
frame_03_Ta_encoder.context_cutoff_008.ap.3,
frame_03_Ta_encoder.context_cutoff_008.ap.4,
frame_03_Ta_encoder.context_cutoff_008.ap.5,0.7330776116808541
frame_03_Ta_encoder.context_cutoff_008.ap.6,0.39067132223194684
frame_03_Ta_encoder.context_cutoff_010.counts.0.train,798
frame_03_Ta_encoder.context_cutoff_010.counts.0.test,743
frame_03_Ta_encoder.context_cutoff_010.counts.1.train,0
frame_03_Ta_encoder.context_cutoff_010.counts.1.test,0
frame_03_Ta_encoder.context_cutoff_010.counts.2.train,3
frame_03_Ta_encoder.context_cutoff_010.counts.2.test,0
frame_03_Ta_encoder.context_cutoff_010.counts.3.train,0
frame_03_Ta_encoder.context_cutoff_010.counts.3.test,0
frame_03_Ta_encoder.context_cutoff_010.counts.4.train,0
frame_03_Ta_encoder.context_cutoff_010.counts.4.test,0
frame_03_Ta_encoder.context_cutoff_010.counts.5.train,800
frame_03_Ta_encoder.context_cutoff_010.counts.5.test,785
frame_03_Ta_encoder.context_cutoff_010.counts.6.train,424
frame_03_Ta_encoder.context_cutoff_010.counts.6.test,370
frame_03_Ta_encoder.context_cutoff_010.test_coverage,1.0
frame_03_Ta_encoder.context_cutoff_010.balanced_accuracy,0.5792217580414852
frame_03_Ta_encoder.context_cutoff_010.ap.0,0.6993852383997734
frame_03_Ta_encoder.context_cutoff_010.ap.1,
frame_03_Ta_encoder.context_cutoff_010.ap.2,
frame_03_Ta_encoder.context_cutoff_010.ap.3,
frame_03_Ta_encoder.context_cutoff_010.ap.4,
frame_03_Ta_encoder.context_cutoff_010.ap.5,0.73300369185991
frame_03_Ta_encoder.context_cutoff_010.ap.6,0.3904594619650673
frame_03_Ta_encoder.context_cutoff_012.counts.0.train,798
frame_03_Ta_encoder.context_cutoff_012.counts.0.test,743
frame_03_Ta_encoder.context_cutoff_012.counts.1.train,0
frame_03_Ta_encoder.context_cutoff_012.counts.1.test,0
frame_03_Ta_encoder.context_cutoff_012.counts.2.train,6
frame_03_Ta_encoder.context_cutoff_012.counts.2.test,7
frame_03_Ta_encoder.context_cutoff_012.counts.3.train,0
frame_03_Ta_encoder.context_cutoff_012.counts.3.test,0
frame_03_Ta_encoder.context_cutoff_012.counts.4.train,0
frame_03_Ta_encoder.context_cutoff_012.counts.4.test,0
frame_03_Ta_encoder.context_cutoff_012.counts.5.train,800
frame_03_Ta_encoder.context_cutoff_012.counts.5.test,784
frame_03_Ta_encoder.context_cutoff_012.counts.6.train,421
frame_03_Ta_encoder.context_cutoff_012.counts.6.test,364
frame_03_Ta_encoder.context_cutoff_012.test_coverage,0.9963119072708114
frame_03_Ta_encoder.context_cutoff_012.balanced_accuracy,0.5747043925759557
frame_03_Ta_encoder.context_cutoff_012.ap.0,0.6999014415932578
frame_03_Ta_encoder.context_cutoff_012.ap.1,
frame_03_Ta_encoder.context_cutoff_012.ap.2,
frame_03_Ta_encoder.context_cutoff_012.ap.3,
frame_03_Ta_encoder.context_cutoff_012.ap.4,
frame_03_Ta_encoder.context_cutoff_012.ap.5,0.7330750609474722
frame_03_Ta_encoder.context_cutoff_012.ap.6,0.36896230472643277
frame_03_Ta_encoder.spatial.auc,0.4989406089252513
frame_03_Ta_encoder.spatial.pairs,1884
frame_03_Ta_encoder.spatial.changed_pairs,1030
frame_03_Ta_encoder.spatial.bins,5
frame_03_Ta_encoder.spatial.same_label_normalized_distance,0.7895486637000049
frame_03_Ta_encoder.nonbulk_spatial.auc,0.4989406089252513
frame_03_Ta_encoder.nonbulk_spatial.pairs,1884
frame_03_Ta_encoder.nonbulk_spatial.changed_pairs,1030
frame_03_Ta_encoder.nonbulk_spatial.bins,5
frame_03_Ta_encoder.nonbulk_spatial.same_label_normalized_distance,0.7895486637000049
frame_03_Ta_encoder.shuffled_spatial.auc,0.509852517937891
frame_03_Ta_encoder.shuffled_spatial.pairs,1884
frame_03_Ta_encoder.shuffled_spatial.changed_pairs,1030
frame_03_Ta_encoder.shuffled_spatial.bins,5
frame_03_Ta_encoder.shuffled_spatial.same_label_normalized_distance,0.6095777816822909
frame_03_Ta_encoder.collapsed_spatial.auc,0.5
frame_03_Ta_encoder.collapsed_spatial.pairs,1884
frame_03_Ta_encoder.collapsed_spatial.changed_pairs,1030
frame_03_Ta_encoder.collapsed_spatial.bins,5
frame_03_Ta_encoder.collapsed_spatial.same_label_normalized_distance,
frame_03_Ta_encoder.liquid_topology.train_count,521
frame_03_Ta_encoder.liquid_topology.test_count,465
frame_03_Ta_encoder.liquid_topology.conditional_r2_gain,-0.9686570763587952
frame_03_Ta_encoder.liquid_topology.mean_r2,-0.9726234674453735
frame_03_Ta_encoder.nonbulk_cluster_ami,0.01125754506244945
frame_03_Ta_encoder.continuity_fixed_candidates_center_fixed.0.0001.pair_rms,1.2562484698845422
frame_03_Ta_encoder.continuity_fixed_candidates_center_fixed.0.0001.normalized_median,0.00014226222177611187
frame_03_Ta_encoder.continuity_fixed_candidates_center_fixed.0.0001.normalized_p95,0.020645486121954614
frame_03_Ta_encoder.continuity_fixed_candidates_center_fixed.0.01.pair_rms,1.2562484698845422
frame_03_Ta_encoder.continuity_fixed_candidates_center_fixed.0.01.normalized_median,0.10553092904791488
frame_03_Ta_encoder.continuity_fixed_candidates_center_fixed.0.01.normalized_p95,0.30440202705079833
frame_03_Ta_encoder.continuity_fixed_candidates_center_fixed.0.1.pair_rms,1.2562484698845422
frame_03_Ta_encoder.continuity_fixed_candidates_center_fixed.0.1.normalized_median,0.25072593292335327
frame_03_Ta_encoder.continuity_fixed_candidates_center_fixed.0.1.normalized_p95,0.7068440757793729
frame_03_Ta_projector.collapse.effective_rank,2.618752485713235
frame_03_Ta_projector.collapse.variance,0.3022162012056254
frame_03_Ta_projector.collapse.pair_rms,0.7774525081387614
frame_03_Ta_projector.liquid_collapse.effective_rank,1.768868574578356
frame_03_Ta_projector.liquid_collapse.variance,0.2294970209043396
frame_03_Ta_projector.liquid_collapse.pair_rms,0.6774909902047991
frame_03_Ta_projector.reference_coverage.liquid_fraction,0.9990234375
frame_03_Ta_projector.reference_coverage.cutoff_stable_fraction,0.996826171875
frame_03_Ta_projector.context.counts.0.train,798
frame_03_Ta_projector.context.counts.0.test,743
frame_03_Ta_projector.context.counts.1.train,0
frame_03_Ta_projector.context.counts.1.test,0
frame_03_Ta_projector.context.counts.2.train,3
frame_03_Ta_projector.context.counts.2.test,0
frame_03_Ta_projector.context.counts.3.train,0
frame_03_Ta_projector.context.counts.3.test,0
frame_03_Ta_projector.context.counts.4.train,0
frame_03_Ta_projector.context.counts.4.test,0
frame_03_Ta_projector.context.counts.5.train,800
frame_03_Ta_projector.context.counts.5.test,785
frame_03_Ta_projector.context.counts.6.train,424
frame_03_Ta_projector.context.counts.6.test,370
frame_03_Ta_projector.context.test_coverage,1.0
frame_03_Ta_projector.context.balanced_accuracy,0.5792217580414852
frame_03_Ta_projector.context.ap.0,0.6993852383997734
frame_03_Ta_projector.context.ap.1,
frame_03_Ta_projector.context.ap.2,
frame_03_Ta_projector.context.ap.3,
frame_03_Ta_projector.context.ap.4,
frame_03_Ta_projector.context.ap.5,0.73300369185991
frame_03_Ta_projector.context.ap.6,0.3904594619650673
frame_03_Ta_projector.ptm.counts.0.train,1905
frame_03_Ta_projector.ptm.counts.0.test,1792
frame_03_Ta_projector.ptm.counts.1.train,0
frame_03_Ta_projector.ptm.counts.1.test,0
frame_03_Ta_projector.ptm.counts.2.train,0
frame_03_Ta_projector.ptm.counts.2.test,0
frame_03_Ta_projector.ptm.counts.3.train,3
frame_03_Ta_projector.ptm.counts.3.test,0
frame_03_Ta_projector.ptm.counts.4.train,117
frame_03_Ta_projector.ptm.counts.4.test,106
frame_03_Ta_projector.ptm.test_coverage,1.0
frame_03_Ta_projector.ptm.balanced_accuracy,0.7424559888814016
frame_03_Ta_projector.ptm.ap.0,0.9892609551235546
frame_03_Ta_projector.ptm.ap.1,
frame_03_Ta_projector.ptm.ap.2,
frame_03_Ta_projector.ptm.ap.3,
frame_03_Ta_projector.ptm.ap.4,0.2900648244692261
frame_03_Ta_projector.liquid_order.train_count,2022
frame_03_Ta_projector.liquid_order.test_count,1898
frame_03_Ta_projector.liquid_order.conditional_r2_gain,0.10793457180261612
frame_03_Ta_projector.liquid_order.mean_r2,0.20258300006389618
frame_03_Ta_projector.context_cutoff_008.counts.0.train,798
frame_03_Ta_projector.context_cutoff_008.counts.0.test,743
frame_03_Ta_projector.context_cutoff_008.counts.1.train,0
frame_03_Ta_projector.context_cutoff_008.counts.1.test,0
frame_03_Ta_projector.context_cutoff_008.counts.2.train,2
frame_03_Ta_projector.context_cutoff_008.counts.2.test,0
frame_03_Ta_projector.context_cutoff_008.counts.3.train,0
frame_03_Ta_projector.context_cutoff_008.counts.3.test,0
frame_03_Ta_projector.context_cutoff_008.counts.4.train,0
frame_03_Ta_projector.context_cutoff_008.counts.4.test,0
frame_03_Ta_projector.context_cutoff_008.counts.5.train,800
frame_03_Ta_projector.context_cutoff_008.counts.5.test,785
frame_03_Ta_projector.context_cutoff_008.counts.6.train,425
frame_03_Ta_projector.context_cutoff_008.counts.6.test,370
frame_03_Ta_projector.context_cutoff_008.test_coverage,1.0
frame_03_Ta_projector.context_cutoff_008.balanced_accuracy,0.5809922815117798
frame_03_Ta_projector.context_cutoff_008.ap.0,0.6994169276871065
frame_03_Ta_projector.context_cutoff_008.ap.1,
frame_03_Ta_projector.context_cutoff_008.ap.2,
frame_03_Ta_projector.context_cutoff_008.ap.3,
frame_03_Ta_projector.context_cutoff_008.ap.4,
frame_03_Ta_projector.context_cutoff_008.ap.5,0.7330776116808541
frame_03_Ta_projector.context_cutoff_008.ap.6,0.39067132223194684
frame_03_Ta_projector.context_cutoff_010.counts.0.train,798
frame_03_Ta_projector.context_cutoff_010.counts.0.test,743
frame_03_Ta_projector.context_cutoff_010.counts.1.train,0
frame_03_Ta_projector.context_cutoff_010.counts.1.test,0
frame_03_Ta_projector.context_cutoff_010.counts.2.train,3
frame_03_Ta_projector.context_cutoff_010.counts.2.test,0
frame_03_Ta_projector.context_cutoff_010.counts.3.train,0
frame_03_Ta_projector.context_cutoff_010.counts.3.test,0
frame_03_Ta_projector.context_cutoff_010.counts.4.train,0
frame_03_Ta_projector.context_cutoff_010.counts.4.test,0
frame_03_Ta_projector.context_cutoff_010.counts.5.train,800
frame_03_Ta_projector.context_cutoff_010.counts.5.test,785
frame_03_Ta_projector.context_cutoff_010.counts.6.train,424
frame_03_Ta_projector.context_cutoff_010.counts.6.test,370
frame_03_Ta_projector.context_cutoff_010.test_coverage,1.0
frame_03_Ta_projector.context_cutoff_010.balanced_accuracy,0.5792217580414852
frame_03_Ta_projector.context_cutoff_010.ap.0,0.6993852383997734
frame_03_Ta_projector.context_cutoff_010.ap.1,
frame_03_Ta_projector.context_cutoff_010.ap.2,
frame_03_Ta_projector.context_cutoff_010.ap.3,
frame_03_Ta_projector.context_cutoff_010.ap.4,
frame_03_Ta_projector.context_cutoff_010.ap.5,0.73300369185991
frame_03_Ta_projector.context_cutoff_010.ap.6,0.3904594619650673
frame_03_Ta_projector.context_cutoff_012.counts.0.train,798
frame_03_Ta_projector.context_cutoff_012.counts.0.test,743
frame_03_Ta_projector.context_cutoff_012.counts.1.train,0
frame_03_Ta_projector.context_cutoff_012.counts.1.test,0
frame_03_Ta_projector.context_cutoff_012.counts.2.train,6
frame_03_Ta_projector.context_cutoff_012.counts.2.test,7
frame_03_Ta_projector.context_cutoff_012.counts.3.train,0
frame_03_Ta_projector.context_cutoff_012.counts.3.test,0
frame_03_Ta_projector.context_cutoff_012.counts.4.train,0
frame_03_Ta_projector.context_cutoff_012.counts.4.test,0
frame_03_Ta_projector.context_cutoff_012.counts.5.train,800
frame_03_Ta_projector.context_cutoff_012.counts.5.test,784
frame_03_Ta_projector.context_cutoff_012.counts.6.train,421
frame_03_Ta_projector.context_cutoff_012.counts.6.test,364
frame_03_Ta_projector.context_cutoff_012.test_coverage,0.9963119072708114
frame_03_Ta_projector.context_cutoff_012.balanced_accuracy,0.5747043925759557
frame_03_Ta_projector.context_cutoff_012.ap.0,0.6999014415932578
frame_03_Ta_projector.context_cutoff_012.ap.1,
frame_03_Ta_projector.context_cutoff_012.ap.2,
frame_03_Ta_projector.context_cutoff_012.ap.3,
frame_03_Ta_projector.context_cutoff_012.ap.4,
frame_03_Ta_projector.context_cutoff_012.ap.5,0.7330750609474722
frame_03_Ta_projector.context_cutoff_012.ap.6,0.36896230472643277
frame_03_Ta_projector.spatial.auc,0.4989406089252513
frame_03_Ta_projector.spatial.pairs,1884
frame_03_Ta_projector.spatial.changed_pairs,1030
frame_03_Ta_projector.spatial.bins,5
frame_03_Ta_projector.spatial.same_label_normalized_distance,0.7895486637000049
frame_03_Ta_projector.nonbulk_spatial.auc,0.4989406089252513
frame_03_Ta_projector.nonbulk_spatial.pairs,1884
frame_03_Ta_projector.nonbulk_spatial.changed_pairs,1030
frame_03_Ta_projector.nonbulk_spatial.bins,5
frame_03_Ta_projector.nonbulk_spatial.same_label_normalized_distance,0.7895486637000049
frame_03_Ta_projector.shuffled_spatial.auc,0.509852517937891
frame_03_Ta_projector.shuffled_spatial.pairs,1884
frame_03_Ta_projector.shuffled_spatial.changed_pairs,1030
frame_03_Ta_projector.shuffled_spatial.bins,5
frame_03_Ta_projector.shuffled_spatial.same_label_normalized_distance,0.6095777816822909
frame_03_Ta_projector.collapsed_spatial.auc,0.5
frame_03_Ta_projector.collapsed_spatial.pairs,1884
frame_03_Ta_projector.collapsed_spatial.changed_pairs,1030
frame_03_Ta_projector.collapsed_spatial.bins,5
frame_03_Ta_projector.collapsed_spatial.same_label_normalized_distance,
frame_03_Ta_projector.liquid_topology.train_count,521
frame_03_Ta_projector.liquid_topology.test_count,465
frame_03_Ta_projector.liquid_topology.conditional_r2_gain,-0.9686570763587952
frame_03_Ta_projector.liquid_topology.mean_r2,-0.9726234674453735
frame_03_Ta_projector.nonbulk_cluster_ami,0.01125754506244945
frame_03_Ta_projector.continuity_fixed_candidates_center_fixed.0.0001.pair_rms,1.2562484698845422
frame_03_Ta_projector.continuity_fixed_candidates_center_fixed.0.0001.normalized_median,0.00014226222177611187
frame_03_Ta_projector.continuity_fixed_candidates_center_fixed.0.0001.normalized_p95,0.020645486121954614
frame_03_Ta_projector.continuity_fixed_candidates_center_fixed.0.01.pair_rms,1.2562484698845422
frame_03_Ta_projector.continuity_fixed_candidates_center_fixed.0.01.normalized_median,0.10553092904791488
frame_03_Ta_projector.continuity_fixed_candidates_center_fixed.0.01.normalized_p95,0.30440202705079833
frame_03_Ta_projector.continuity_fixed_candidates_center_fixed.0.1.pair_rms,1.2562484698845422
frame_03_Ta_projector.continuity_fixed_candidates_center_fixed.0.1.normalized_median,0.25072593292335327
frame_03_Ta_projector.continuity_fixed_candidates_center_fixed.0.1.normalized_p95,0.7068440757793729
frame_04_Ta_encoder.collapse.effective_rank,1.5719013952811562
frame_04_Ta_encoder.collapse.variance,8.771415852266363
frame_04_Ta_encoder.collapse.pair_rms,4.188416371915849
frame_04_Ta_encoder.liquid_collapse.effective_rank,1.7658911497470213
frame_04_Ta_encoder.liquid_collapse.variance,0.23775827748321343
frame_04_Ta_encoder.liquid_collapse.pair_rms,0.6895770841366662
frame_04_Ta_encoder.reference_coverage.liquid_fraction,0.927001953125
frame_04_Ta_encoder.reference_coverage.cutoff_stable_fraction,0.99365234375
frame_04_Ta_encoder.context.counts.0.train,667
frame_04_Ta_encoder.context.counts.0.test,749
frame_04_Ta_encoder.context.counts.1.train,168
frame_04_Ta_encoder.context.counts.1.test,58
frame_04_Ta_encoder.context.counts.2.train,32
frame_04_Ta_encoder.context.counts.2.test,40
frame_04_Ta_encoder.context.counts.3.train,0
frame_04_Ta_encoder.context.counts.3.test,0
frame_04_Ta_encoder.context.counts.4.train,0
frame_04_Ta_encoder.context.counts.4.test,0
frame_04_Ta_encoder.context.counts.5.train,725
frame_04_Ta_encoder.context.counts.5.test,759
frame_04_Ta_encoder.context.counts.6.train,381
frame_04_Ta_encoder.context.counts.6.test,364
frame_04_Ta_encoder.context.test_coverage,1.0
frame_04_Ta_encoder.context.balanced_accuracy,0.6627936121102621
frame_04_Ta_encoder.context.ap.0,0.7095573192789815
frame_04_Ta_encoder.context.ap.1,0.9714304099259828
frame_04_Ta_encoder.context.ap.2,0.8055472197457151
frame_04_Ta_encoder.context.ap.3,
frame_04_Ta_encoder.context.ap.4,
frame_04_Ta_encoder.context.ap.5,0.7260531043807463
frame_04_Ta_encoder.context.ap.6,0.39435915062213567
frame_04_Ta_encoder.ptm.counts.0.train,1692
frame_04_Ta_encoder.ptm.counts.0.test,1809
frame_04_Ta_encoder.ptm.counts.1.train,0
frame_04_Ta_encoder.ptm.counts.1.test,0
frame_04_Ta_encoder.ptm.counts.2.train,0
frame_04_Ta_encoder.ptm.counts.2.test,0
frame_04_Ta_encoder.ptm.counts.3.train,188
frame_04_Ta_encoder.ptm.counts.3.test,73
frame_04_Ta_encoder.ptm.counts.4.train,93
frame_04_Ta_encoder.ptm.counts.4.test,88
frame_04_Ta_encoder.ptm.test_coverage,1.0
frame_04_Ta_encoder.ptm.balanced_accuracy,0.867345276293685
frame_04_Ta_encoder.ptm.ap.0,0.9860527881180206
frame_04_Ta_encoder.ptm.ap.1,
frame_04_Ta_encoder.ptm.ap.2,
frame_04_Ta_encoder.ptm.ap.3,0.9808829444535327
frame_04_Ta_encoder.ptm.ap.4,0.28076479158189177
frame_04_Ta_encoder.liquid_order.train_count,1773
frame_04_Ta_encoder.liquid_order.test_count,1872
frame_04_Ta_encoder.liquid_order.conditional_r2_gain,0.1299406737089157
frame_04_Ta_encoder.liquid_order.mean_r2,0.21813608705997467
frame_04_Ta_encoder.context_cutoff_008.counts.0.train,667
frame_04_Ta_encoder.context_cutoff_008.counts.0.test,749
frame_04_Ta_encoder.context_cutoff_008.counts.1.train,167
frame_04_Ta_encoder.context_cutoff_008.counts.1.test,58
frame_04_Ta_encoder.context_cutoff_008.counts.2.train,31
frame_04_Ta_encoder.context_cutoff_008.counts.2.test,32
frame_04_Ta_encoder.context_cutoff_008.counts.3.train,0
frame_04_Ta_encoder.context_cutoff_008.counts.3.test,0
frame_04_Ta_encoder.context_cutoff_008.counts.4.train,0
frame_04_Ta_encoder.context_cutoff_008.counts.4.test,0
frame_04_Ta_encoder.context_cutoff_008.counts.5.train,726
frame_04_Ta_encoder.context_cutoff_008.counts.5.test,760
frame_04_Ta_encoder.context_cutoff_008.counts.6.train,382
frame_04_Ta_encoder.context_cutoff_008.counts.6.test,371
frame_04_Ta_encoder.context_cutoff_008.test_coverage,1.0
frame_04_Ta_encoder.context_cutoff_008.balanced_accuracy,0.6850104983087175
frame_04_Ta_encoder.context_cutoff_008.ap.0,0.7100810197746728
frame_04_Ta_encoder.context_cutoff_008.ap.1,0.9579328481444348
frame_04_Ta_encoder.context_cutoff_008.ap.2,0.7980883206402077
frame_04_Ta_encoder.context_cutoff_008.ap.3,
frame_04_Ta_encoder.context_cutoff_008.ap.4,
frame_04_Ta_encoder.context_cutoff_008.ap.5,0.723540392553589
frame_04_Ta_encoder.context_cutoff_008.ap.6,0.4277369772751508
frame_04_Ta_encoder.context_cutoff_010.counts.0.train,667
frame_04_Ta_encoder.context_cutoff_010.counts.0.test,749
frame_04_Ta_encoder.context_cutoff_010.counts.1.train,168
frame_04_Ta_encoder.context_cutoff_010.counts.1.test,58
frame_04_Ta_encoder.context_cutoff_010.counts.2.train,32
frame_04_Ta_encoder.context_cutoff_010.counts.2.test,40
frame_04_Ta_encoder.context_cutoff_010.counts.3.train,0
frame_04_Ta_encoder.context_cutoff_010.counts.3.test,0
frame_04_Ta_encoder.context_cutoff_010.counts.4.train,0
frame_04_Ta_encoder.context_cutoff_010.counts.4.test,0
frame_04_Ta_encoder.context_cutoff_010.counts.5.train,725
frame_04_Ta_encoder.context_cutoff_010.counts.5.test,759
frame_04_Ta_encoder.context_cutoff_010.counts.6.train,381
frame_04_Ta_encoder.context_cutoff_010.counts.6.test,364
frame_04_Ta_encoder.context_cutoff_010.test_coverage,1.0
frame_04_Ta_encoder.context_cutoff_010.balanced_accuracy,0.6627936121102621
frame_04_Ta_encoder.context_cutoff_010.ap.0,0.7095573192789815
frame_04_Ta_encoder.context_cutoff_010.ap.1,0.9714304099259828
frame_04_Ta_encoder.context_cutoff_010.ap.2,0.8055472197457151
frame_04_Ta_encoder.context_cutoff_010.ap.3,
frame_04_Ta_encoder.context_cutoff_010.ap.4,
frame_04_Ta_encoder.context_cutoff_010.ap.5,0.7260531043807463
frame_04_Ta_encoder.context_cutoff_010.ap.6,0.39435915062213567
frame_04_Ta_encoder.context_cutoff_012.counts.0.train,667
frame_04_Ta_encoder.context_cutoff_012.counts.0.test,749
frame_04_Ta_encoder.context_cutoff_012.counts.1.train,171
frame_04_Ta_encoder.context_cutoff_012.counts.1.test,59
frame_04_Ta_encoder.context_cutoff_012.counts.2.train,34
frame_04_Ta_encoder.context_cutoff_012.counts.2.test,44
frame_04_Ta_encoder.context_cutoff_012.counts.3.train,0
frame_04_Ta_encoder.context_cutoff_012.counts.3.test,0
frame_04_Ta_encoder.context_cutoff_012.counts.4.train,0
frame_04_Ta_encoder.context_cutoff_012.counts.4.test,0
frame_04_Ta_encoder.context_cutoff_012.counts.5.train,725
frame_04_Ta_encoder.context_cutoff_012.counts.5.test,759
frame_04_Ta_encoder.context_cutoff_012.counts.6.train,376
frame_04_Ta_encoder.context_cutoff_012.counts.6.test,359
frame_04_Ta_encoder.context_cutoff_012.test_coverage,1.0
frame_04_Ta_encoder.context_cutoff_012.balanced_accuracy,0.6592456466861704
frame_04_Ta_encoder.context_cutoff_012.ap.0,0.7091916831752958
frame_04_Ta_encoder.context_cutoff_012.ap.1,0.9564233178390757
frame_04_Ta_encoder.context_cutoff_012.ap.2,0.7280973192150417
frame_04_Ta_encoder.context_cutoff_012.ap.3,
frame_04_Ta_encoder.context_cutoff_012.ap.4,
frame_04_Ta_encoder.context_cutoff_012.ap.5,0.7241071537844419
frame_04_Ta_encoder.context_cutoff_012.ap.6,0.381770062936725
frame_04_Ta_encoder.spatial.auc,0.48032840421839657
frame_04_Ta_encoder.spatial.pairs,1936
frame_04_Ta_encoder.spatial.changed_pairs,1040
frame_04_Ta_encoder.spatial.bins,5
frame_04_Ta_encoder.spatial.same_label_normalized_distance,0.20859656184830558
frame_04_Ta_encoder.nonbulk_spatial.auc,0.47775249256215774
frame_04_Ta_encoder.nonbulk_spatial.pairs,1875
frame_04_Ta_encoder.nonbulk_spatial.changed_pairs,1031
frame_04_Ta_encoder.nonbulk_spatial.bins,5
frame_04_Ta_encoder.nonbulk_spatial.same_label_normalized_distance,0.3430028419498832
frame_04_Ta_encoder.shuffled_spatial.auc,0.48658146086718357
frame_04_Ta_encoder.shuffled_spatial.pairs,1875
frame_04_Ta_encoder.shuffled_spatial.changed_pairs,1031
frame_04_Ta_encoder.shuffled_spatial.bins,5
frame_04_Ta_encoder.shuffled_spatial.same_label_normalized_distance,0.5024724303782974
frame_04_Ta_encoder.collapsed_spatial.auc,0.5
frame_04_Ta_encoder.collapsed_spatial.pairs,1875
frame_04_Ta_encoder.collapsed_spatial.changed_pairs,1031
frame_04_Ta_encoder.collapsed_spatial.bins,5
frame_04_Ta_encoder.collapsed_spatial.same_label_normalized_distance,
frame_04_Ta_encoder.liquid_topology.train_count,431
frame_04_Ta_encoder.liquid_topology.test_count,475
frame_04_Ta_encoder.liquid_topology.conditional_r2_gain,-6.787846088409424
frame_04_Ta_encoder.liquid_topology.mean_r2,-6.86407470703125
frame_04_Ta_encoder.nonbulk_cluster_ami,0.1292971069525646
frame_04_Ta_encoder.continuity_fixed_candidates_center_fixed.0.0001.pair_rms,4.633555753995587
frame_04_Ta_encoder.continuity_fixed_candidates_center_fixed.0.0001.normalized_median,3.715384145159161e-05
frame_04_Ta_encoder.continuity_fixed_candidates_center_fixed.0.0001.normalized_p95,0.010459780579909395
frame_04_Ta_encoder.continuity_fixed_candidates_center_fixed.0.01.pair_rms,4.633555753995587
frame_04_Ta_encoder.continuity_fixed_candidates_center_fixed.0.01.normalized_median,0.03315756778798734
frame_04_Ta_encoder.continuity_fixed_candidates_center_fixed.0.01.normalized_p95,0.1626466309155636
frame_04_Ta_encoder.continuity_fixed_candidates_center_fixed.0.1.pair_rms,4.633555753995587
frame_04_Ta_encoder.continuity_fixed_candidates_center_fixed.0.1.normalized_median,0.07368874665357626
frame_04_Ta_encoder.continuity_fixed_candidates_center_fixed.0.1.normalized_p95,0.8750349375850449
frame_04_Ta_projector.collapse.effective_rank,1.5719013952811562
frame_04_Ta_projector.collapse.variance,8.771415852266363
frame_04_Ta_projector.collapse.pair_rms,4.188416371915849
frame_04_Ta_projector.liquid_collapse.effective_rank,1.7658911497470213
frame_04_Ta_projector.liquid_collapse.variance,0.23775827748321343
frame_04_Ta_projector.liquid_collapse.pair_rms,0.6895770841366662
frame_04_Ta_projector.reference_coverage.liquid_fraction,0.927001953125
frame_04_Ta_projector.reference_coverage.cutoff_stable_fraction,0.99365234375
frame_04_Ta_projector.context.counts.0.train,667
frame_04_Ta_projector.context.counts.0.test,749
frame_04_Ta_projector.context.counts.1.train,168
frame_04_Ta_projector.context.counts.1.test,58
frame_04_Ta_projector.context.counts.2.train,32
frame_04_Ta_projector.context.counts.2.test,40
frame_04_Ta_projector.context.counts.3.train,0
frame_04_Ta_projector.context.counts.3.test,0
frame_04_Ta_projector.context.counts.4.train,0
frame_04_Ta_projector.context.counts.4.test,0
frame_04_Ta_projector.context.counts.5.train,725
frame_04_Ta_projector.context.counts.5.test,759
frame_04_Ta_projector.context.counts.6.train,381
frame_04_Ta_projector.context.counts.6.test,364
frame_04_Ta_projector.context.test_coverage,1.0
frame_04_Ta_projector.context.balanced_accuracy,0.6627936121102621
frame_04_Ta_projector.context.ap.0,0.7095573192789815
frame_04_Ta_projector.context.ap.1,0.9714304099259828
frame_04_Ta_projector.context.ap.2,0.8055472197457151
frame_04_Ta_projector.context.ap.3,
frame_04_Ta_projector.context.ap.4,
frame_04_Ta_projector.context.ap.5,0.7260531043807463
frame_04_Ta_projector.context.ap.6,0.39435915062213567
frame_04_Ta_projector.ptm.counts.0.train,1692
frame_04_Ta_projector.ptm.counts.0.test,1809
frame_04_Ta_projector.ptm.counts.1.train,0
frame_04_Ta_projector.ptm.counts.1.test,0
frame_04_Ta_projector.ptm.counts.2.train,0
frame_04_Ta_projector.ptm.counts.2.test,0
frame_04_Ta_projector.ptm.counts.3.train,188
frame_04_Ta_projector.ptm.counts.3.test,73
frame_04_Ta_projector.ptm.counts.4.train,93
frame_04_Ta_projector.ptm.counts.4.test,88
frame_04_Ta_projector.ptm.test_coverage,1.0
frame_04_Ta_projector.ptm.balanced_accuracy,0.867345276293685
frame_04_Ta_projector.ptm.ap.0,0.9860527881180206
frame_04_Ta_projector.ptm.ap.1,
frame_04_Ta_projector.ptm.ap.2,
frame_04_Ta_projector.ptm.ap.3,0.9808829444535327
frame_04_Ta_projector.ptm.ap.4,0.28076479158189177
frame_04_Ta_projector.liquid_order.train_count,1773
frame_04_Ta_projector.liquid_order.test_count,1872
frame_04_Ta_projector.liquid_order.conditional_r2_gain,0.1299406737089157
frame_04_Ta_projector.liquid_order.mean_r2,0.21813608705997467
frame_04_Ta_projector.context_cutoff_008.counts.0.train,667
frame_04_Ta_projector.context_cutoff_008.counts.0.test,749
frame_04_Ta_projector.context_cutoff_008.counts.1.train,167
frame_04_Ta_projector.context_cutoff_008.counts.1.test,58
frame_04_Ta_projector.context_cutoff_008.counts.2.train,31
frame_04_Ta_projector.context_cutoff_008.counts.2.test,32
frame_04_Ta_projector.context_cutoff_008.counts.3.train,0
frame_04_Ta_projector.context_cutoff_008.counts.3.test,0
frame_04_Ta_projector.context_cutoff_008.counts.4.train,0
frame_04_Ta_projector.context_cutoff_008.counts.4.test,0
frame_04_Ta_projector.context_cutoff_008.counts.5.train,726
frame_04_Ta_projector.context_cutoff_008.counts.5.test,760
frame_04_Ta_projector.context_cutoff_008.counts.6.train,382
frame_04_Ta_projector.context_cutoff_008.counts.6.test,371
frame_04_Ta_projector.context_cutoff_008.test_coverage,1.0
frame_04_Ta_projector.context_cutoff_008.balanced_accuracy,0.6850104983087175
frame_04_Ta_projector.context_cutoff_008.ap.0,0.7100810197746728
frame_04_Ta_projector.context_cutoff_008.ap.1,0.9579328481444348
frame_04_Ta_projector.context_cutoff_008.ap.2,0.7980883206402077
frame_04_Ta_projector.context_cutoff_008.ap.3,
frame_04_Ta_projector.context_cutoff_008.ap.4,
frame_04_Ta_projector.context_cutoff_008.ap.5,0.723540392553589
frame_04_Ta_projector.context_cutoff_008.ap.6,0.4277369772751508
frame_04_Ta_projector.context_cutoff_010.counts.0.train,667
frame_04_Ta_projector.context_cutoff_010.counts.0.test,749
frame_04_Ta_projector.context_cutoff_010.counts.1.train,168
frame_04_Ta_projector.context_cutoff_010.counts.1.test,58
frame_04_Ta_projector.context_cutoff_010.counts.2.train,32
frame_04_Ta_projector.context_cutoff_010.counts.2.test,40
frame_04_Ta_projector.context_cutoff_010.counts.3.train,0
frame_04_Ta_projector.context_cutoff_010.counts.3.test,0
frame_04_Ta_projector.context_cutoff_010.counts.4.train,0
frame_04_Ta_projector.context_cutoff_010.counts.4.test,0
frame_04_Ta_projector.context_cutoff_010.counts.5.train,725
frame_04_Ta_projector.context_cutoff_010.counts.5.test,759
frame_04_Ta_projector.context_cutoff_010.counts.6.train,381
frame_04_Ta_projector.context_cutoff_010.counts.6.test,364
frame_04_Ta_projector.context_cutoff_010.test_coverage,1.0
frame_04_Ta_projector.context_cutoff_010.balanced_accuracy,0.6627936121102621
frame_04_Ta_projector.context_cutoff_010.ap.0,0.7095573192789815
frame_04_Ta_projector.context_cutoff_010.ap.1,0.9714304099259828
frame_04_Ta_projector.context_cutoff_010.ap.2,0.8055472197457151
frame_04_Ta_projector.context_cutoff_010.ap.3,
frame_04_Ta_projector.context_cutoff_010.ap.4,
frame_04_Ta_projector.context_cutoff_010.ap.5,0.7260531043807463
frame_04_Ta_projector.context_cutoff_010.ap.6,0.39435915062213567
frame_04_Ta_projector.context_cutoff_012.counts.0.train,667
frame_04_Ta_projector.context_cutoff_012.counts.0.test,749
frame_04_Ta_projector.context_cutoff_012.counts.1.train,171
frame_04_Ta_projector.context_cutoff_012.counts.1.test,59
frame_04_Ta_projector.context_cutoff_012.counts.2.train,34
frame_04_Ta_projector.context_cutoff_012.counts.2.test,44
frame_04_Ta_projector.context_cutoff_012.counts.3.train,0
frame_04_Ta_projector.context_cutoff_012.counts.3.test,0
frame_04_Ta_projector.context_cutoff_012.counts.4.train,0
frame_04_Ta_projector.context_cutoff_012.counts.4.test,0
frame_04_Ta_projector.context_cutoff_012.counts.5.train,725
frame_04_Ta_projector.context_cutoff_012.counts.5.test,759
frame_04_Ta_projector.context_cutoff_012.counts.6.train,376
frame_04_Ta_projector.context_cutoff_012.counts.6.test,359
frame_04_Ta_projector.context_cutoff_012.test_coverage,1.0
frame_04_Ta_projector.context_cutoff_012.balanced_accuracy,0.6592456466861704
frame_04_Ta_projector.context_cutoff_012.ap.0,0.7091916831752958
frame_04_Ta_projector.context_cutoff_012.ap.1,0.9564233178390757
frame_04_Ta_projector.context_cutoff_012.ap.2,0.7280973192150417
frame_04_Ta_projector.context_cutoff_012.ap.3,
frame_04_Ta_projector.context_cutoff_012.ap.4,
frame_04_Ta_projector.context_cutoff_012.ap.5,0.7241071537844419
frame_04_Ta_projector.context_cutoff_012.ap.6,0.381770062936725
frame_04_Ta_projector.spatial.auc,0.48032840421839657
frame_04_Ta_projector.spatial.pairs,1936
frame_04_Ta_projector.spatial.changed_pairs,1040
frame_04_Ta_projector.spatial.bins,5
frame_04_Ta_projector.spatial.same_label_normalized_distance,0.20859656184830558
frame_04_Ta_projector.nonbulk_spatial.auc,0.47775249256215774
frame_04_Ta_projector.nonbulk_spatial.pairs,1875
frame_04_Ta_projector.nonbulk_spatial.changed_pairs,1031
frame_04_Ta_projector.nonbulk_spatial.bins,5
frame_04_Ta_projector.nonbulk_spatial.same_label_normalized_distance,0.3430028419498832
frame_04_Ta_projector.shuffled_spatial.auc,0.48658146086718357
frame_04_Ta_projector.shuffled_spatial.pairs,1875
frame_04_Ta_projector.shuffled_spatial.changed_pairs,1031
frame_04_Ta_projector.shuffled_spatial.bins,5
frame_04_Ta_projector.shuffled_spatial.same_label_normalized_distance,0.5024724303782974
frame_04_Ta_projector.collapsed_spatial.auc,0.5
frame_04_Ta_projector.collapsed_spatial.pairs,1875
frame_04_Ta_projector.collapsed_spatial.changed_pairs,1031
frame_04_Ta_projector.collapsed_spatial.bins,5
frame_04_Ta_projector.collapsed_spatial.same_label_normalized_distance,
frame_04_Ta_projector.liquid_topology.train_count,431
frame_04_Ta_projector.liquid_topology.test_count,475
frame_04_Ta_projector.liquid_topology.conditional_r2_gain,-6.787846088409424
frame_04_Ta_projector.liquid_topology.mean_r2,-6.86407470703125
frame_04_Ta_projector.nonbulk_cluster_ami,0.1292971069525646
frame_04_Ta_projector.continuity_fixed_candidates_center_fixed.0.0001.pair_rms,4.633555753995587
frame_04_Ta_projector.continuity_fixed_candidates_center_fixed.0.0001.normalized_median,3.715384145159161e-05
frame_04_Ta_projector.continuity_fixed_candidates_center_fixed.0.0001.normalized_p95,0.010459780579909395
frame_04_Ta_projector.continuity_fixed_candidates_center_fixed.0.01.pair_rms,4.633555753995587
frame_04_Ta_projector.continuity_fixed_candidates_center_fixed.0.01.normalized_median,0.03315756778798734
frame_04_Ta_projector.continuity_fixed_candidates_center_fixed.0.01.normalized_p95,0.1626466309155636
frame_04_Ta_projector.continuity_fixed_candidates_center_fixed.0.1.pair_rms,4.633555753995587
frame_04_Ta_projector.continuity_fixed_candidates_center_fixed.0.1.normalized_median,0.07368874665357626
frame_04_Ta_projector.continuity_fixed_candidates_center_fixed.0.1.normalized_p95,0.8750349375850449
frame_05_Ta_encoder.collapse.effective_rank,1.5302265486515654
frame_05_Ta_encoder.collapse.variance,23.51217489299647
frame_05_Ta_encoder.collapse.pair_rms,6.857430261110421
frame_05_Ta_encoder.liquid_collapse.effective_rank,1.4396790233991676
frame_05_Ta_encoder.liquid_collapse.variance,0.5006576248866966
frame_05_Ta_encoder.liquid_collapse.pair_rms,1.0006574087935358
frame_05_Ta_encoder.reference_coverage.liquid_fraction,0.7783203125
frame_05_Ta_encoder.reference_coverage.cutoff_stable_fraction,0.990478515625
frame_05_Ta_encoder.context.counts.0.train,515
frame_05_Ta_encoder.context.counts.0.test,612
frame_05_Ta_encoder.context.counts.1.train,465
frame_05_Ta_encoder.context.counts.1.test,276
frame_05_Ta_encoder.context.counts.2.train,91
frame_05_Ta_encoder.context.counts.2.test,72
frame_05_Ta_encoder.context.counts.3.train,0
frame_05_Ta_encoder.context.counts.3.test,0
frame_05_Ta_encoder.context.counts.4.train,0
frame_05_Ta_encoder.context.counts.4.test,0
frame_05_Ta_encoder.context.counts.5.train,644
frame_05_Ta_encoder.context.counts.5.test,702
frame_05_Ta_encoder.context.counts.6.train,270
frame_05_Ta_encoder.context.counts.6.test,284
frame_05_Ta_encoder.context.test_coverage,1.0
frame_05_Ta_encoder.context.balanced_accuracy,0.666887710433512
frame_05_Ta_encoder.context.ap.0,0.651357741353041
frame_05_Ta_encoder.context.ap.1,0.9860767011668127
frame_05_Ta_encoder.context.ap.2,0.8368242374724029
frame_05_Ta_encoder.context.ap.3,
frame_05_Ta_encoder.context.ap.4,
frame_05_Ta_encoder.context.ap.5,0.7264022503379787
frame_05_Ta_encoder.context.ap.6,0.37773520453587883
frame_05_Ta_encoder.ptm.counts.0.train,1378
frame_05_Ta_encoder.ptm.counts.0.test,1535
frame_05_Ta_encoder.ptm.counts.1.train,0
frame_05_Ta_encoder.ptm.counts.1.test,0
frame_05_Ta_encoder.ptm.counts.2.train,0
frame_05_Ta_encoder.ptm.counts.2.test,0
frame_05_Ta_encoder.ptm.counts.3.train,502
frame_05_Ta_encoder.ptm.counts.3.test,314
frame_05_Ta_encoder.ptm.counts.4.train,105
frame_05_Ta_encoder.ptm.counts.4.test,97
frame_05_Ta_encoder.ptm.test_coverage,1.0
frame_05_Ta_encoder.ptm.balanced_accuracy,0.8536240538848499
frame_05_Ta_encoder.ptm.ap.0,0.9839715620128184
frame_05_Ta_encoder.ptm.ap.1,
frame_05_Ta_encoder.ptm.ap.2,
frame_05_Ta_encoder.ptm.ap.3,0.9992320560053214
frame_05_Ta_encoder.ptm.ap.4,0.3797261988143548
frame_05_Ta_encoder.liquid_order.train_count,1429
frame_05_Ta_encoder.liquid_order.test_count,1598
frame_05_Ta_encoder.liquid_order.conditional_r2_gain,0.12680968642234802
frame_05_Ta_encoder.liquid_order.mean_r2,0.21478694677352905
frame_05_Ta_encoder.context_cutoff_008.counts.0.train,515
frame_05_Ta_encoder.context_cutoff_008.counts.0.test,612
frame_05_Ta_encoder.context_cutoff_008.counts.1.train,463
frame_05_Ta_encoder.context_cutoff_008.counts.1.test,273
frame_05_Ta_encoder.context_cutoff_008.counts.2.train,89
frame_05_Ta_encoder.context_cutoff_008.counts.2.test,73
frame_05_Ta_encoder.context_cutoff_008.counts.3.train,0
frame_05_Ta_encoder.context_cutoff_008.counts.3.test,0
frame_05_Ta_encoder.context_cutoff_008.counts.4.train,0
frame_05_Ta_encoder.context_cutoff_008.counts.4.test,0
frame_05_Ta_encoder.context_cutoff_008.counts.5.train,645
frame_05_Ta_encoder.context_cutoff_008.counts.5.test,702
frame_05_Ta_encoder.context_cutoff_008.counts.6.train,273
frame_05_Ta_encoder.context_cutoff_008.counts.6.test,286
frame_05_Ta_encoder.context_cutoff_008.test_coverage,1.0
frame_05_Ta_encoder.context_cutoff_008.balanced_accuracy,0.6713353781444031
frame_05_Ta_encoder.context_cutoff_008.ap.0,0.6517691931051144
frame_05_Ta_encoder.context_cutoff_008.ap.1,0.9855575709398062
frame_05_Ta_encoder.context_cutoff_008.ap.2,0.8602508824272733
frame_05_Ta_encoder.context_cutoff_008.ap.3,
frame_05_Ta_encoder.context_cutoff_008.ap.4,
frame_05_Ta_encoder.context_cutoff_008.ap.5,0.7238537857066746
frame_05_Ta_encoder.context_cutoff_008.ap.6,0.38974162904036097
frame_05_Ta_encoder.context_cutoff_010.counts.0.train,515
frame_05_Ta_encoder.context_cutoff_010.counts.0.test,612
frame_05_Ta_encoder.context_cutoff_010.counts.1.train,465
frame_05_Ta_encoder.context_cutoff_010.counts.1.test,276
frame_05_Ta_encoder.context_cutoff_010.counts.2.train,91
frame_05_Ta_encoder.context_cutoff_010.counts.2.test,72
frame_05_Ta_encoder.context_cutoff_010.counts.3.train,0
frame_05_Ta_encoder.context_cutoff_010.counts.3.test,0
frame_05_Ta_encoder.context_cutoff_010.counts.4.train,0
frame_05_Ta_encoder.context_cutoff_010.counts.4.test,0
frame_05_Ta_encoder.context_cutoff_010.counts.5.train,644
frame_05_Ta_encoder.context_cutoff_010.counts.5.test,702
frame_05_Ta_encoder.context_cutoff_010.counts.6.train,270
frame_05_Ta_encoder.context_cutoff_010.counts.6.test,284
frame_05_Ta_encoder.context_cutoff_010.test_coverage,1.0
frame_05_Ta_encoder.context_cutoff_010.balanced_accuracy,0.666887710433512
frame_05_Ta_encoder.context_cutoff_010.ap.0,0.651357741353041
frame_05_Ta_encoder.context_cutoff_010.ap.1,0.9860767011668127
frame_05_Ta_encoder.context_cutoff_010.ap.2,0.8368242374724029
frame_05_Ta_encoder.context_cutoff_010.ap.3,
frame_05_Ta_encoder.context_cutoff_010.ap.4,
frame_05_Ta_encoder.context_cutoff_010.ap.5,0.7264022503379787
frame_05_Ta_encoder.context_cutoff_010.ap.6,0.37773520453587883
frame_05_Ta_encoder.context_cutoff_012.counts.0.train,515
frame_05_Ta_encoder.context_cutoff_012.counts.0.test,612
frame_05_Ta_encoder.context_cutoff_012.counts.1.train,469
frame_05_Ta_encoder.context_cutoff_012.counts.1.test,277
frame_05_Ta_encoder.context_cutoff_012.counts.2.train,98
frame_05_Ta_encoder.context_cutoff_012.counts.2.test,82
frame_05_Ta_encoder.context_cutoff_012.counts.3.train,0
frame_05_Ta_encoder.context_cutoff_012.counts.3.test,0
frame_05_Ta_encoder.context_cutoff_012.counts.4.train,0
frame_05_Ta_encoder.context_cutoff_012.counts.4.test,0
frame_05_Ta_encoder.context_cutoff_012.counts.5.train,641
frame_05_Ta_encoder.context_cutoff_012.counts.5.test,702
frame_05_Ta_encoder.context_cutoff_012.counts.6.train,262
frame_05_Ta_encoder.context_cutoff_012.counts.6.test,273
frame_05_Ta_encoder.context_cutoff_012.test_coverage,1.0
frame_05_Ta_encoder.context_cutoff_012.balanced_accuracy,0.6592206629537842
frame_05_Ta_encoder.context_cutoff_012.ap.0,0.6523872450401477
frame_05_Ta_encoder.context_cutoff_012.ap.1,0.9879292440637198
frame_05_Ta_encoder.context_cutoff_012.ap.2,0.81997669227888
frame_05_Ta_encoder.context_cutoff_012.ap.3,
frame_05_Ta_encoder.context_cutoff_012.ap.4,
frame_05_Ta_encoder.context_cutoff_012.ap.5,0.7241215207682258
frame_05_Ta_encoder.context_cutoff_012.ap.6,0.3573116244086403
frame_05_Ta_encoder.spatial.auc,0.4684055822844829
frame_05_Ta_encoder.spatial.pairs,1907
frame_05_Ta_encoder.spatial.changed_pairs,885
frame_05_Ta_encoder.spatial.bins,5
frame_05_Ta_encoder.spatial.same_label_normalized_distance,0.15547456365679974
frame_05_Ta_encoder.nonbulk_spatial.auc,0.4407944647330109
frame_05_Ta_encoder.nonbulk_spatial.pairs,1626
frame_05_Ta_encoder.nonbulk_spatial.changed_pairs,853
frame_05_Ta_encoder.nonbulk_spatial.bins,5
frame_05_Ta_encoder.nonbulk_spatial.same_label_normalized_distance,0.3515628719817553
frame_05_Ta_encoder.shuffled_spatial.auc,0.4984972713523306
frame_05_Ta_encoder.shuffled_spatial.pairs,1626
frame_05_Ta_encoder.shuffled_spatial.changed_pairs,853
frame_05_Ta_encoder.shuffled_spatial.bins,5
frame_05_Ta_encoder.shuffled_spatial.same_label_normalized_distance,0.6751303949641391
frame_05_Ta_encoder.collapsed_spatial.auc,0.5
frame_05_Ta_encoder.collapsed_spatial.pairs,1626
frame_05_Ta_encoder.collapsed_spatial.changed_pairs,853
frame_05_Ta_encoder.collapsed_spatial.bins,5
frame_05_Ta_encoder.collapsed_spatial.same_label_normalized_distance,
frame_05_Ta_encoder.liquid_topology.train_count,366
frame_05_Ta_encoder.liquid_topology.test_count,379
frame_05_Ta_encoder.liquid_topology.conditional_r2_gain,-0.6055504083633423
frame_05_Ta_encoder.liquid_topology.mean_r2,-0.6156320571899414
frame_05_Ta_encoder.nonbulk_cluster_ami,0.23524300783615015
frame_05_Ta_encoder.continuity_fixed_candidates_center_fixed.0.0001.pair_rms,6.173330310628645
frame_05_Ta_encoder.continuity_fixed_candidates_center_fixed.0.0001.normalized_median,3.0703298980485376e-05
frame_05_Ta_encoder.continuity_fixed_candidates_center_fixed.0.0001.normalized_p95,0.021710209155640998
frame_05_Ta_encoder.continuity_fixed_candidates_center_fixed.0.01.pair_rms,6.173330310628645
frame_05_Ta_encoder.continuity_fixed_candidates_center_fixed.0.01.normalized_median,0.02632334540257652
frame_05_Ta_encoder.continuity_fixed_candidates_center_fixed.0.01.normalized_p95,0.12034686466303617
frame_05_Ta_encoder.continuity_fixed_candidates_center_fixed.0.1.pair_rms,6.173330310628645
frame_05_Ta_encoder.continuity_fixed_candidates_center_fixed.0.1.normalized_median,0.060259572269312875
frame_05_Ta_encoder.continuity_fixed_candidates_center_fixed.0.1.normalized_p95,0.9664346378486535
frame_05_Ta_projector.collapse.effective_rank,1.5302265486515654
frame_05_Ta_projector.collapse.variance,23.51217489299647
frame_05_Ta_projector.collapse.pair_rms,6.857430261110421
frame_05_Ta_projector.liquid_collapse.effective_rank,1.4396790233991676
frame_05_Ta_projector.liquid_collapse.variance,0.5006576248866966
frame_05_Ta_projector.liquid_collapse.pair_rms,1.0006574087935358
frame_05_Ta_projector.reference_coverage.liquid_fraction,0.7783203125
frame_05_Ta_projector.reference_coverage.cutoff_stable_fraction,0.990478515625
frame_05_Ta_projector.context.counts.0.train,515
frame_05_Ta_projector.context.counts.0.test,612
frame_05_Ta_projector.context.counts.1.train,465
frame_05_Ta_projector.context.counts.1.test,276
frame_05_Ta_projector.context.counts.2.train,91
frame_05_Ta_projector.context.counts.2.test,72
frame_05_Ta_projector.context.counts.3.train,0
frame_05_Ta_projector.context.counts.3.test,0
frame_05_Ta_projector.context.counts.4.train,0
frame_05_Ta_projector.context.counts.4.test,0
frame_05_Ta_projector.context.counts.5.train,644
frame_05_Ta_projector.context.counts.5.test,702
frame_05_Ta_projector.context.counts.6.train,270
frame_05_Ta_projector.context.counts.6.test,284
frame_05_Ta_projector.context.test_coverage,1.0
frame_05_Ta_projector.context.balanced_accuracy,0.666887710433512
frame_05_Ta_projector.context.ap.0,0.651357741353041
frame_05_Ta_projector.context.ap.1,0.9860767011668127
frame_05_Ta_projector.context.ap.2,0.8368242374724029
frame_05_Ta_projector.context.ap.3,
frame_05_Ta_projector.context.ap.4,
frame_05_Ta_projector.context.ap.5,0.7264022503379787
frame_05_Ta_projector.context.ap.6,0.37773520453587883
frame_05_Ta_projector.ptm.counts.0.train,1378
frame_05_Ta_projector.ptm.counts.0.test,1535
frame_05_Ta_projector.ptm.counts.1.train,0
frame_05_Ta_projector.ptm.counts.1.test,0
frame_05_Ta_projector.ptm.counts.2.train,0
frame_05_Ta_projector.ptm.counts.2.test,0
frame_05_Ta_projector.ptm.counts.3.train,502
frame_05_Ta_projector.ptm.counts.3.test,314
frame_05_Ta_projector.ptm.counts.4.train,105
frame_05_Ta_projector.ptm.counts.4.test,97
frame_05_Ta_projector.ptm.test_coverage,1.0
frame_05_Ta_projector.ptm.balanced_accuracy,0.8536240538848499
frame_05_Ta_projector.ptm.ap.0,0.9839715620128184
frame_05_Ta_projector.ptm.ap.1,
frame_05_Ta_projector.ptm.ap.2,
frame_05_Ta_projector.ptm.ap.3,0.9992320560053214
frame_05_Ta_projector.ptm.ap.4,0.3797261988143548
frame_05_Ta_projector.liquid_order.train_count,1429
frame_05_Ta_projector.liquid_order.test_count,1598
frame_05_Ta_projector.liquid_order.conditional_r2_gain,0.12680968642234802
frame_05_Ta_projector.liquid_order.mean_r2,0.21478694677352905
frame_05_Ta_projector.context_cutoff_008.counts.0.train,515
frame_05_Ta_projector.context_cutoff_008.counts.0.test,612
frame_05_Ta_projector.context_cutoff_008.counts.1.train,463
frame_05_Ta_projector.context_cutoff_008.counts.1.test,273
frame_05_Ta_projector.context_cutoff_008.counts.2.train,89
frame_05_Ta_projector.context_cutoff_008.counts.2.test,73
frame_05_Ta_projector.context_cutoff_008.counts.3.train,0
frame_05_Ta_projector.context_cutoff_008.counts.3.test,0
frame_05_Ta_projector.context_cutoff_008.counts.4.train,0
frame_05_Ta_projector.context_cutoff_008.counts.4.test,0
frame_05_Ta_projector.context_cutoff_008.counts.5.train,645
frame_05_Ta_projector.context_cutoff_008.counts.5.test,702
frame_05_Ta_projector.context_cutoff_008.counts.6.train,273
frame_05_Ta_projector.context_cutoff_008.counts.6.test,286
frame_05_Ta_projector.context_cutoff_008.test_coverage,1.0
frame_05_Ta_projector.context_cutoff_008.balanced_accuracy,0.6713353781444031
frame_05_Ta_projector.context_cutoff_008.ap.0,0.6517691931051144
frame_05_Ta_projector.context_cutoff_008.ap.1,0.9855575709398062
frame_05_Ta_projector.context_cutoff_008.ap.2,0.8602508824272733
frame_05_Ta_projector.context_cutoff_008.ap.3,
frame_05_Ta_projector.context_cutoff_008.ap.4,
frame_05_Ta_projector.context_cutoff_008.ap.5,0.7238537857066746
frame_05_Ta_projector.context_cutoff_008.ap.6,0.38974162904036097
frame_05_Ta_projector.context_cutoff_010.counts.0.train,515
frame_05_Ta_projector.context_cutoff_010.counts.0.test,612
frame_05_Ta_projector.context_cutoff_010.counts.1.train,465
frame_05_Ta_projector.context_cutoff_010.counts.1.test,276
frame_05_Ta_projector.context_cutoff_010.counts.2.train,91
frame_05_Ta_projector.context_cutoff_010.counts.2.test,72
frame_05_Ta_projector.context_cutoff_010.counts.3.train,0
frame_05_Ta_projector.context_cutoff_010.counts.3.test,0
frame_05_Ta_projector.context_cutoff_010.counts.4.train,0
frame_05_Ta_projector.context_cutoff_010.counts.4.test,0
frame_05_Ta_projector.context_cutoff_010.counts.5.train,644
frame_05_Ta_projector.context_cutoff_010.counts.5.test,702
frame_05_Ta_projector.context_cutoff_010.counts.6.train,270
frame_05_Ta_projector.context_cutoff_010.counts.6.test,284
frame_05_Ta_projector.context_cutoff_010.test_coverage,1.0
frame_05_Ta_projector.context_cutoff_010.balanced_accuracy,0.666887710433512
frame_05_Ta_projector.context_cutoff_010.ap.0,0.651357741353041
frame_05_Ta_projector.context_cutoff_010.ap.1,0.9860767011668127
frame_05_Ta_projector.context_cutoff_010.ap.2,0.8368242374724029
frame_05_Ta_projector.context_cutoff_010.ap.3,
frame_05_Ta_projector.context_cutoff_010.ap.4,
frame_05_Ta_projector.context_cutoff_010.ap.5,0.7264022503379787
frame_05_Ta_projector.context_cutoff_010.ap.6,0.37773520453587883
frame_05_Ta_projector.context_cutoff_012.counts.0.train,515
frame_05_Ta_projector.context_cutoff_012.counts.0.test,612
frame_05_Ta_projector.context_cutoff_012.counts.1.train,469
frame_05_Ta_projector.context_cutoff_012.counts.1.test,277
frame_05_Ta_projector.context_cutoff_012.counts.2.train,98
frame_05_Ta_projector.context_cutoff_012.counts.2.test,82
frame_05_Ta_projector.context_cutoff_012.counts.3.train,0
frame_05_Ta_projector.context_cutoff_012.counts.3.test,0
frame_05_Ta_projector.context_cutoff_012.counts.4.train,0
frame_05_Ta_projector.context_cutoff_012.counts.4.test,0
frame_05_Ta_projector.context_cutoff_012.counts.5.train,641
frame_05_Ta_projector.context_cutoff_012.counts.5.test,702
frame_05_Ta_projector.context_cutoff_012.counts.6.train,262
frame_05_Ta_projector.context_cutoff_012.counts.6.test,273
frame_05_Ta_projector.context_cutoff_012.test_coverage,1.0
frame_05_Ta_projector.context_cutoff_012.balanced_accuracy,0.6592206629537842
frame_05_Ta_projector.context_cutoff_012.ap.0,0.6523872450401477
frame_05_Ta_projector.context_cutoff_012.ap.1,0.9879292440637198
frame_05_Ta_projector.context_cutoff_012.ap.2,0.81997669227888
frame_05_Ta_projector.context_cutoff_012.ap.3,
frame_05_Ta_projector.context_cutoff_012.ap.4,
frame_05_Ta_projector.context_cutoff_012.ap.5,0.7241215207682258
frame_05_Ta_projector.context_cutoff_012.ap.6,0.3573116244086403
frame_05_Ta_projector.spatial.auc,0.4684055822844829
frame_05_Ta_projector.spatial.pairs,1907
frame_05_Ta_projector.spatial.changed_pairs,885
frame_05_Ta_projector.spatial.bins,5
frame_05_Ta_projector.spatial.same_label_normalized_distance,0.15547456365679974
frame_05_Ta_projector.nonbulk_spatial.auc,0.4407944647330109
frame_05_Ta_projector.nonbulk_spatial.pairs,1626
frame_05_Ta_projector.nonbulk_spatial.changed_pairs,853
frame_05_Ta_projector.nonbulk_spatial.bins,5
frame_05_Ta_projector.nonbulk_spatial.same_label_normalized_distance,0.3515628719817553
frame_05_Ta_projector.shuffled_spatial.auc,0.4984972713523306
frame_05_Ta_projector.shuffled_spatial.pairs,1626
frame_05_Ta_projector.shuffled_spatial.changed_pairs,853
frame_05_Ta_projector.shuffled_spatial.bins,5
frame_05_Ta_projector.shuffled_spatial.same_label_normalized_distance,0.6751303949641391
frame_05_Ta_projector.collapsed_spatial.auc,0.5
frame_05_Ta_projector.collapsed_spatial.pairs,1626
frame_05_Ta_projector.collapsed_spatial.changed_pairs,853
frame_05_Ta_projector.collapsed_spatial.bins,5
frame_05_Ta_projector.collapsed_spatial.same_label_normalized_distance,
frame_05_Ta_projector.liquid_topology.train_count,366
frame_05_Ta_projector.liquid_topology.test_count,379
frame_05_Ta_projector.liquid_topology.conditional_r2_gain,-0.6055504083633423
frame_05_Ta_projector.liquid_topology.mean_r2,-0.6156320571899414
frame_05_Ta_projector.nonbulk_cluster_ami,0.23524300783615015
frame_05_Ta_projector.continuity_fixed_candidates_center_fixed.0.0001.pair_rms,6.173330310628645
frame_05_Ta_projector.continuity_fixed_candidates_center_fixed.0.0001.normalized_median,3.0703298980485376e-05
frame_05_Ta_projector.continuity_fixed_candidates_center_fixed.0.0001.normalized_p95,0.021710209155640998
frame_05_Ta_projector.continuity_fixed_candidates_center_fixed.0.01.pair_rms,6.173330310628645
frame_05_Ta_projector.continuity_fixed_candidates_center_fixed.0.01.normalized_median,0.02632334540257652
frame_05_Ta_projector.continuity_fixed_candidates_center_fixed.0.01.normalized_p95,0.12034686466303617
frame_05_Ta_projector.continuity_fixed_candidates_center_fixed.0.1.pair_rms,6.173330310628645
frame_05_Ta_projector.continuity_fixed_candidates_center_fixed.0.1.normalized_median,0.060259572269312875
frame_05_Ta_projector.continuity_fixed_candidates_center_fixed.0.1.normalized_p95,0.9664346378486535
frame_06_Zr_encoder.collapse.effective_rank,2.9086907069878696
frame_06_Zr_encoder.collapse.variance,2.8281149474756564
frame_06_Zr_encoder.collapse.pair_rms,2.3782829720097043
frame_06_Zr_encoder.liquid_collapse.effective_rank,1.309956313919392
frame_06_Zr_encoder.liquid_collapse.variance,0.6819244993714626
frame_06_Zr_encoder.liquid_collapse.pair_rms,1.1678394576066204
frame_06_Zr_encoder.reference_coverage.liquid_fraction,0.9765625
frame_06_Zr_encoder.reference_coverage.cutoff_stable_fraction,0.956298828125
frame_06_Zr_encoder.context.counts.0.train,968
frame_06_Zr_encoder.context.counts.0.test,920
frame_06_Zr_encoder.context.counts.1.train,16
frame_06_Zr_encoder.context.counts.1.test,0
frame_06_Zr_encoder.context.counts.2.train,53
frame_06_Zr_encoder.context.counts.2.test,20
frame_06_Zr_encoder.context.counts.3.train,0
frame_06_Zr_encoder.context.counts.3.test,0
frame_06_Zr_encoder.context.counts.4.train,0
frame_06_Zr_encoder.context.counts.4.test,0
frame_06_Zr_encoder.context.counts.5.train,489
frame_06_Zr_encoder.context.counts.5.test,492
frame_06_Zr_encoder.context.counts.6.train,390
frame_06_Zr_encoder.context.counts.6.test,399
frame_06_Zr_encoder.context.test_coverage,1.0
frame_06_Zr_encoder.context.balanced_accuracy,0.6177843036807288
frame_06_Zr_encoder.context.ap.0,0.6857021409552343
frame_06_Zr_encoder.context.ap.1,
frame_06_Zr_encoder.context.ap.2,0.7632124476344035
frame_06_Zr_encoder.context.ap.3,
frame_06_Zr_encoder.context.ap.4,
frame_06_Zr_encoder.context.ap.5,0.47162531842043554
frame_06_Zr_encoder.context.ap.6,0.4365362544190249
frame_06_Zr_encoder.ptm.counts.0.train,1854
frame_06_Zr_encoder.ptm.counts.0.test,1809
frame_06_Zr_encoder.ptm.counts.1.train,0
frame_06_Zr_encoder.ptm.counts.1.test,0
frame_06_Zr_encoder.ptm.counts.2.train,1
frame_06_Zr_encoder.ptm.counts.2.test,0
frame_06_Zr_encoder.ptm.counts.3.train,41
frame_06_Zr_encoder.ptm.counts.3.test,10
frame_06_Zr_encoder.ptm.counts.4.train,20
frame_06_Zr_encoder.ptm.counts.4.test,12
frame_06_Zr_encoder.ptm.test_coverage,1.0
frame_06_Zr_encoder.ptm.balanced_accuracy,0.7254652662612862
frame_06_Zr_encoder.ptm.ap.0,0.998024823272079
frame_06_Zr_encoder.ptm.ap.1,
frame_06_Zr_encoder.ptm.ap.2,
frame_06_Zr_encoder.ptm.ap.3,
frame_06_Zr_encoder.ptm.ap.4,
frame_06_Zr_encoder.liquid_order.train_count,1847
frame_06_Zr_encoder.liquid_order.test_count,1811
frame_06_Zr_encoder.liquid_order.conditional_r2_gain,0.14531807601451874
frame_06_Zr_encoder.liquid_order.mean_r2,0.18038053810596466
frame_06_Zr_encoder.context_cutoff_008.counts.0.train,968
frame_06_Zr_encoder.context_cutoff_008.counts.0.test,920
frame_06_Zr_encoder.context_cutoff_008.counts.1.train,15
frame_06_Zr_encoder.context_cutoff_008.counts.1.test,0
frame_06_Zr_encoder.context_cutoff_008.counts.2.train,31
frame_06_Zr_encoder.context_cutoff_008.counts.2.test,9
frame_06_Zr_encoder.context_cutoff_008.counts.3.train,0
frame_06_Zr_encoder.context_cutoff_008.counts.3.test,0
frame_06_Zr_encoder.context_cutoff_008.counts.4.train,0
frame_06_Zr_encoder.context_cutoff_008.counts.4.test,0
frame_06_Zr_encoder.context_cutoff_008.counts.5.train,489
frame_06_Zr_encoder.context_cutoff_008.counts.5.test,493
frame_06_Zr_encoder.context_cutoff_008.counts.6.train,413
frame_06_Zr_encoder.context_cutoff_008.counts.6.test,409
frame_06_Zr_encoder.context_cutoff_008.test_coverage,1.0
frame_06_Zr_encoder.context_cutoff_008.balanced_accuracy,0.532098258244194
frame_06_Zr_encoder.context_cutoff_008.ap.0,0.686363673338964
frame_06_Zr_encoder.context_cutoff_008.ap.1,
frame_06_Zr_encoder.context_cutoff_008.ap.2,
frame_06_Zr_encoder.context_cutoff_008.ap.3,
frame_06_Zr_encoder.context_cutoff_008.ap.4,
frame_06_Zr_encoder.context_cutoff_008.ap.5,0.46926300312774716
frame_06_Zr_encoder.context_cutoff_008.ap.6,0.5027123098356235
frame_06_Zr_encoder.context_cutoff_010.counts.0.train,968
frame_06_Zr_encoder.context_cutoff_010.counts.0.test,920
frame_06_Zr_encoder.context_cutoff_010.counts.1.train,16
frame_06_Zr_encoder.context_cutoff_010.counts.1.test,0
frame_06_Zr_encoder.context_cutoff_010.counts.2.train,53
frame_06_Zr_encoder.context_cutoff_010.counts.2.test,20
frame_06_Zr_encoder.context_cutoff_010.counts.3.train,0
frame_06_Zr_encoder.context_cutoff_010.counts.3.test,0
frame_06_Zr_encoder.context_cutoff_010.counts.4.train,0
frame_06_Zr_encoder.context_cutoff_010.counts.4.test,0
frame_06_Zr_encoder.context_cutoff_010.counts.5.train,489
frame_06_Zr_encoder.context_cutoff_010.counts.5.test,492
frame_06_Zr_encoder.context_cutoff_010.counts.6.train,390
frame_06_Zr_encoder.context_cutoff_010.counts.6.test,399
frame_06_Zr_encoder.context_cutoff_010.test_coverage,1.0
frame_06_Zr_encoder.context_cutoff_010.balanced_accuracy,0.6177843036807288
frame_06_Zr_encoder.context_cutoff_010.ap.0,0.6857021409552343
frame_06_Zr_encoder.context_cutoff_010.ap.1,
frame_06_Zr_encoder.context_cutoff_010.ap.2,0.7632124476344035
frame_06_Zr_encoder.context_cutoff_010.ap.3,
frame_06_Zr_encoder.context_cutoff_010.ap.4,
frame_06_Zr_encoder.context_cutoff_010.ap.5,0.47162531842043554
frame_06_Zr_encoder.context_cutoff_010.ap.6,0.4365362544190249
frame_06_Zr_encoder.context_cutoff_012.counts.0.train,964
frame_06_Zr_encoder.context_cutoff_012.counts.0.test,918
frame_06_Zr_encoder.context_cutoff_012.counts.1.train,17
frame_06_Zr_encoder.context_cutoff_012.counts.1.test,1
frame_06_Zr_encoder.context_cutoff_012.counts.2.train,110
frame_06_Zr_encoder.context_cutoff_012.counts.2.test,90
frame_06_Zr_encoder.context_cutoff_012.counts.3.train,0
frame_06_Zr_encoder.context_cutoff_012.counts.3.test,0
frame_06_Zr_encoder.context_cutoff_012.counts.4.train,0
frame_06_Zr_encoder.context_cutoff_012.counts.4.test,0
frame_06_Zr_encoder.context_cutoff_012.counts.5.train,486
frame_06_Zr_encoder.context_cutoff_012.counts.5.test,490
frame_06_Zr_encoder.context_cutoff_012.counts.6.train,339
frame_06_Zr_encoder.context_cutoff_012.counts.6.test,332
frame_06_Zr_encoder.context_cutoff_012.test_coverage,0.9994538503549972
frame_06_Zr_encoder.context_cutoff_012.balanced_accuracy,0.46920191771487707
frame_06_Zr_encoder.context_cutoff_012.ap.0,0.6720092313336525
frame_06_Zr_encoder.context_cutoff_012.ap.1,
frame_06_Zr_encoder.context_cutoff_012.ap.2,0.4150305670595998
frame_06_Zr_encoder.context_cutoff_012.ap.3,
frame_06_Zr_encoder.context_cutoff_012.ap.4,
frame_06_Zr_encoder.context_cutoff_012.ap.5,0.4665757726885643
frame_06_Zr_encoder.context_cutoff_012.ap.6,0.26513262391317705
frame_06_Zr_encoder.spatial.auc,0.5139179799131295
frame_06_Zr_encoder.spatial.pairs,1687
frame_06_Zr_encoder.spatial.changed_pairs,863
frame_06_Zr_encoder.spatial.bins,5
frame_06_Zr_encoder.spatial.same_label_normalized_distance,0.5127457015777339
frame_06_Zr_encoder.nonbulk_spatial.auc,0.5139179799131295
frame_06_Zr_encoder.nonbulk_spatial.pairs,1687
frame_06_Zr_encoder.nonbulk_spatial.changed_pairs,863
frame_06_Zr_encoder.nonbulk_spatial.bins,5
frame_06_Zr_encoder.nonbulk_spatial.same_label_normalized_distance,0.5127457015777339
frame_06_Zr_encoder.shuffled_spatial.auc,0.5029015426280404
frame_06_Zr_encoder.shuffled_spatial.pairs,1687
frame_06_Zr_encoder.shuffled_spatial.changed_pairs,863
frame_06_Zr_encoder.shuffled_spatial.bins,5
frame_06_Zr_encoder.shuffled_spatial.same_label_normalized_distance,0.502490168930156
frame_06_Zr_encoder.collapsed_spatial.auc,0.5
frame_06_Zr_encoder.collapsed_spatial.pairs,1687
frame_06_Zr_encoder.collapsed_spatial.changed_pairs,863
frame_06_Zr_encoder.collapsed_spatial.bins,5
frame_06_Zr_encoder.collapsed_spatial.same_label_normalized_distance,
frame_06_Zr_encoder.liquid_topology.train_count,444
frame_06_Zr_encoder.liquid_topology.test_count,470
frame_06_Zr_encoder.liquid_topology.conditional_r2_gain,-0.20387010276317596
frame_06_Zr_encoder.liquid_topology.mean_r2,-0.20497485995292664
frame_06_Zr_encoder.nonbulk_cluster_ami,0.10134022805738054
frame_06_Zr_encoder.continuity_fixed_candidates_center_fixed.0.0001.pair_rms,2.6557984064168716
frame_06_Zr_encoder.continuity_fixed_candidates_center_fixed.0.0001.normalized_median,6.858970840222965e-05
frame_06_Zr_encoder.continuity_fixed_candidates_center_fixed.0.0001.normalized_p95,0.011256620210033942
frame_06_Zr_encoder.continuity_fixed_candidates_center_fixed.0.01.pair_rms,2.6557984064168716
frame_06_Zr_encoder.continuity_fixed_candidates_center_fixed.0.01.normalized_median,0.05649333327313926
frame_06_Zr_encoder.continuity_fixed_candidates_center_fixed.0.01.normalized_p95,0.29086695836215287
frame_06_Zr_encoder.continuity_fixed_candidates_center_fixed.0.1.pair_rms,2.6557984064168716
frame_06_Zr_encoder.continuity_fixed_candidates_center_fixed.0.1.normalized_median,0.13214531386287212
frame_06_Zr_encoder.continuity_fixed_candidates_center_fixed.0.1.normalized_p95,0.6718919322712182
frame_06_Zr_projector.collapse.effective_rank,2.9086907069878696
frame_06_Zr_projector.collapse.variance,2.8281149474756564
frame_06_Zr_projector.collapse.pair_rms,2.3782829720097043
frame_06_Zr_projector.liquid_collapse.effective_rank,1.309956313919392
frame_06_Zr_projector.liquid_collapse.variance,0.6819244993714626
frame_06_Zr_projector.liquid_collapse.pair_rms,1.1678394576066204
frame_06_Zr_projector.reference_coverage.liquid_fraction,0.9765625
frame_06_Zr_projector.reference_coverage.cutoff_stable_fraction,0.956298828125
frame_06_Zr_projector.context.counts.0.train,968
frame_06_Zr_projector.context.counts.0.test,920
frame_06_Zr_projector.context.counts.1.train,16
frame_06_Zr_projector.context.counts.1.test,0
frame_06_Zr_projector.context.counts.2.train,53
frame_06_Zr_projector.context.counts.2.test,20
frame_06_Zr_projector.context.counts.3.train,0
frame_06_Zr_projector.context.counts.3.test,0
frame_06_Zr_projector.context.counts.4.train,0
frame_06_Zr_projector.context.counts.4.test,0
frame_06_Zr_projector.context.counts.5.train,489
frame_06_Zr_projector.context.counts.5.test,492
frame_06_Zr_projector.context.counts.6.train,390
frame_06_Zr_projector.context.counts.6.test,399
frame_06_Zr_projector.context.test_coverage,1.0
frame_06_Zr_projector.context.balanced_accuracy,0.6177843036807288
frame_06_Zr_projector.context.ap.0,0.6857021409552343
frame_06_Zr_projector.context.ap.1,
frame_06_Zr_projector.context.ap.2,0.7632124476344035
frame_06_Zr_projector.context.ap.3,
frame_06_Zr_projector.context.ap.4,
frame_06_Zr_projector.context.ap.5,0.47162531842043554
frame_06_Zr_projector.context.ap.6,0.4365362544190249
frame_06_Zr_projector.ptm.counts.0.train,1854
frame_06_Zr_projector.ptm.counts.0.test,1809
frame_06_Zr_projector.ptm.counts.1.train,0
frame_06_Zr_projector.ptm.counts.1.test,0
frame_06_Zr_projector.ptm.counts.2.train,1
frame_06_Zr_projector.ptm.counts.2.test,0
frame_06_Zr_projector.ptm.counts.3.train,41
frame_06_Zr_projector.ptm.counts.3.test,10
frame_06_Zr_projector.ptm.counts.4.train,20
frame_06_Zr_projector.ptm.counts.4.test,12
frame_06_Zr_projector.ptm.test_coverage,1.0
frame_06_Zr_projector.ptm.balanced_accuracy,0.7254652662612862
frame_06_Zr_projector.ptm.ap.0,0.998024823272079
frame_06_Zr_projector.ptm.ap.1,
frame_06_Zr_projector.ptm.ap.2,
frame_06_Zr_projector.ptm.ap.3,
frame_06_Zr_projector.ptm.ap.4,
frame_06_Zr_projector.liquid_order.train_count,1847
frame_06_Zr_projector.liquid_order.test_count,1811
frame_06_Zr_projector.liquid_order.conditional_r2_gain,0.14531807601451874
frame_06_Zr_projector.liquid_order.mean_r2,0.18038053810596466
frame_06_Zr_projector.context_cutoff_008.counts.0.train,968
frame_06_Zr_projector.context_cutoff_008.counts.0.test,920
frame_06_Zr_projector.context_cutoff_008.counts.1.train,15
frame_06_Zr_projector.context_cutoff_008.counts.1.test,0
frame_06_Zr_projector.context_cutoff_008.counts.2.train,31
frame_06_Zr_projector.context_cutoff_008.counts.2.test,9
frame_06_Zr_projector.context_cutoff_008.counts.3.train,0
frame_06_Zr_projector.context_cutoff_008.counts.3.test,0
frame_06_Zr_projector.context_cutoff_008.counts.4.train,0
frame_06_Zr_projector.context_cutoff_008.counts.4.test,0
frame_06_Zr_projector.context_cutoff_008.counts.5.train,489
frame_06_Zr_projector.context_cutoff_008.counts.5.test,493
frame_06_Zr_projector.context_cutoff_008.counts.6.train,413
frame_06_Zr_projector.context_cutoff_008.counts.6.test,409
frame_06_Zr_projector.context_cutoff_008.test_coverage,1.0
frame_06_Zr_projector.context_cutoff_008.balanced_accuracy,0.532098258244194
frame_06_Zr_projector.context_cutoff_008.ap.0,0.686363673338964
frame_06_Zr_projector.context_cutoff_008.ap.1,
frame_06_Zr_projector.context_cutoff_008.ap.2,
frame_06_Zr_projector.context_cutoff_008.ap.3,
frame_06_Zr_projector.context_cutoff_008.ap.4,
frame_06_Zr_projector.context_cutoff_008.ap.5,0.46926300312774716
frame_06_Zr_projector.context_cutoff_008.ap.6,0.5027123098356235
frame_06_Zr_projector.context_cutoff_010.counts.0.train,968
frame_06_Zr_projector.context_cutoff_010.counts.0.test,920
frame_06_Zr_projector.context_cutoff_010.counts.1.train,16
frame_06_Zr_projector.context_cutoff_010.counts.1.test,0
frame_06_Zr_projector.context_cutoff_010.counts.2.train,53
frame_06_Zr_projector.context_cutoff_010.counts.2.test,20
frame_06_Zr_projector.context_cutoff_010.counts.3.train,0
frame_06_Zr_projector.context_cutoff_010.counts.3.test,0
frame_06_Zr_projector.context_cutoff_010.counts.4.train,0
frame_06_Zr_projector.context_cutoff_010.counts.4.test,0
frame_06_Zr_projector.context_cutoff_010.counts.5.train,489
frame_06_Zr_projector.context_cutoff_010.counts.5.test,492
frame_06_Zr_projector.context_cutoff_010.counts.6.train,390
frame_06_Zr_projector.context_cutoff_010.counts.6.test,399
frame_06_Zr_projector.context_cutoff_010.test_coverage,1.0
frame_06_Zr_projector.context_cutoff_010.balanced_accuracy,0.6177843036807288
frame_06_Zr_projector.context_cutoff_010.ap.0,0.6857021409552343
frame_06_Zr_projector.context_cutoff_010.ap.1,
frame_06_Zr_projector.context_cutoff_010.ap.2,0.7632124476344035
frame_06_Zr_projector.context_cutoff_010.ap.3,
frame_06_Zr_projector.context_cutoff_010.ap.4,
frame_06_Zr_projector.context_cutoff_010.ap.5,0.47162531842043554
frame_06_Zr_projector.context_cutoff_010.ap.6,0.4365362544190249
frame_06_Zr_projector.context_cutoff_012.counts.0.train,964
frame_06_Zr_projector.context_cutoff_012.counts.0.test,918
frame_06_Zr_projector.context_cutoff_012.counts.1.train,17
frame_06_Zr_projector.context_cutoff_012.counts.1.test,1
frame_06_Zr_projector.context_cutoff_012.counts.2.train,110
frame_06_Zr_projector.context_cutoff_012.counts.2.test,90
frame_06_Zr_projector.context_cutoff_012.counts.3.train,0
frame_06_Zr_projector.context_cutoff_012.counts.3.test,0
frame_06_Zr_projector.context_cutoff_012.counts.4.train,0
frame_06_Zr_projector.context_cutoff_012.counts.4.test,0
frame_06_Zr_projector.context_cutoff_012.counts.5.train,486
frame_06_Zr_projector.context_cutoff_012.counts.5.test,490
frame_06_Zr_projector.context_cutoff_012.counts.6.train,339
frame_06_Zr_projector.context_cutoff_012.counts.6.test,332
frame_06_Zr_projector.context_cutoff_012.test_coverage,0.9994538503549972
frame_06_Zr_projector.context_cutoff_012.balanced_accuracy,0.46920191771487707
frame_06_Zr_projector.context_cutoff_012.ap.0,0.6720092313336525
frame_06_Zr_projector.context_cutoff_012.ap.1,
frame_06_Zr_projector.context_cutoff_012.ap.2,0.4150305670595998
frame_06_Zr_projector.context_cutoff_012.ap.3,
frame_06_Zr_projector.context_cutoff_012.ap.4,
frame_06_Zr_projector.context_cutoff_012.ap.5,0.4665757726885643
frame_06_Zr_projector.context_cutoff_012.ap.6,0.26513262391317705
frame_06_Zr_projector.spatial.auc,0.5139179799131295
frame_06_Zr_projector.spatial.pairs,1687
frame_06_Zr_projector.spatial.changed_pairs,863
frame_06_Zr_projector.spatial.bins,5
frame_06_Zr_projector.spatial.same_label_normalized_distance,0.5127457015777339
frame_06_Zr_projector.nonbulk_spatial.auc,0.5139179799131295
frame_06_Zr_projector.nonbulk_spatial.pairs,1687
frame_06_Zr_projector.nonbulk_spatial.changed_pairs,863
frame_06_Zr_projector.nonbulk_spatial.bins,5
frame_06_Zr_projector.nonbulk_spatial.same_label_normalized_distance,0.5127457015777339
frame_06_Zr_projector.shuffled_spatial.auc,0.5029015426280404
frame_06_Zr_projector.shuffled_spatial.pairs,1687
frame_06_Zr_projector.shuffled_spatial.changed_pairs,863
frame_06_Zr_projector.shuffled_spatial.bins,5
frame_06_Zr_projector.shuffled_spatial.same_label_normalized_distance,0.502490168930156
frame_06_Zr_projector.collapsed_spatial.auc,0.5
frame_06_Zr_projector.collapsed_spatial.pairs,1687
frame_06_Zr_projector.collapsed_spatial.changed_pairs,863
frame_06_Zr_projector.collapsed_spatial.bins,5
frame_06_Zr_projector.collapsed_spatial.same_label_normalized_distance,
frame_06_Zr_projector.liquid_topology.train_count,444
frame_06_Zr_projector.liquid_topology.test_count,470
frame_06_Zr_projector.liquid_topology.conditional_r2_gain,-0.20387010276317596
frame_06_Zr_projector.liquid_topology.mean_r2,-0.20497485995292664
frame_06_Zr_projector.nonbulk_cluster_ami,0.10134022805738054
frame_06_Zr_projector.continuity_fixed_candidates_center_fixed.0.0001.pair_rms,2.6557984064168716
frame_06_Zr_projector.continuity_fixed_candidates_center_fixed.0.0001.normalized_median,6.858970840222965e-05
frame_06_Zr_projector.continuity_fixed_candidates_center_fixed.0.0001.normalized_p95,0.011256620210033942
frame_06_Zr_projector.continuity_fixed_candidates_center_fixed.0.01.pair_rms,2.6557984064168716
frame_06_Zr_projector.continuity_fixed_candidates_center_fixed.0.01.normalized_median,0.05649333327313926
frame_06_Zr_projector.continuity_fixed_candidates_center_fixed.0.01.normalized_p95,0.29086695836215287
frame_06_Zr_projector.continuity_fixed_candidates_center_fixed.0.1.pair_rms,2.6557984064168716
frame_06_Zr_projector.continuity_fixed_candidates_center_fixed.0.1.normalized_median,0.13214531386287212
frame_06_Zr_projector.continuity_fixed_candidates_center_fixed.0.1.normalized_p95,0.6718919322712182
frame_07_Zr_encoder.collapse.effective_rank,2.8807814080755474
frame_07_Zr_encoder.collapse.variance,9.667419714778521
frame_07_Zr_encoder.collapse.pair_rms,4.397139914712408
frame_07_Zr_encoder.liquid_collapse.effective_rank,1.3023120016678609
frame_07_Zr_encoder.liquid_collapse.variance,0.8716749718267179
frame_07_Zr_encoder.liquid_collapse.pair_rms,1.3203597781110403
frame_07_Zr_encoder.reference_coverage.liquid_fraction,0.91943359375
frame_07_Zr_encoder.reference_coverage.cutoff_stable_fraction,0.94775390625
frame_07_Zr_encoder.context.counts.0.train,797
frame_07_Zr_encoder.context.counts.0.test,925
frame_07_Zr_encoder.context.counts.1.train,128
frame_07_Zr_encoder.context.counts.1.test,13
frame_07_Zr_encoder.context.counts.2.train,114
frame_07_Zr_encoder.context.counts.2.test,40
frame_07_Zr_encoder.context.counts.3.train,0
frame_07_Zr_encoder.context.counts.3.test,0
frame_07_Zr_encoder.context.counts.4.train,0
frame_07_Zr_encoder.context.counts.4.test,0
frame_07_Zr_encoder.context.counts.5.train,408
frame_07_Zr_encoder.context.counts.5.test,507
frame_07_Zr_encoder.context.counts.6.train,381
frame_07_Zr_encoder.context.counts.6.test,423
frame_07_Zr_encoder.context.test_coverage,1.0
frame_07_Zr_encoder.context.balanced_accuracy,0.6225616333946938
frame_07_Zr_encoder.context.ap.0,0.7073449432338811
frame_07_Zr_encoder.context.ap.1,
frame_07_Zr_encoder.context.ap.2,0.7225281889234783
frame_07_Zr_encoder.context.ap.3,
frame_07_Zr_encoder.context.ap.4,
frame_07_Zr_encoder.context.ap.5,0.5268653984556559
frame_07_Zr_encoder.context.ap.6,0.45598801805377365
frame_07_Zr_encoder.ptm.counts.0.train,1637
frame_07_Zr_encoder.ptm.counts.0.test,1868
frame_07_Zr_encoder.ptm.counts.1.train,2
frame_07_Zr_encoder.ptm.counts.1.test,1
frame_07_Zr_encoder.ptm.counts.2.train,0
frame_07_Zr_encoder.ptm.counts.2.test,1
frame_07_Zr_encoder.ptm.counts.3.train,180
frame_07_Zr_encoder.ptm.counts.3.test,28
frame_07_Zr_encoder.ptm.counts.4.train,9
frame_07_Zr_encoder.ptm.counts.4.test,10
frame_07_Zr_encoder.ptm.test_coverage,0.9937106918238994
frame_07_Zr_encoder.ptm.balanced_accuracy,0.8915188130926889
frame_07_Zr_encoder.ptm.ap.0,0.9894276934475512
frame_07_Zr_encoder.ptm.ap.1,
frame_07_Zr_encoder.ptm.ap.2,
frame_07_Zr_encoder.ptm.ap.3,0.9334966670048329
frame_07_Zr_encoder.ptm.ap.4,
frame_07_Zr_encoder.liquid_order.train_count,1586
frame_07_Zr_encoder.liquid_order.test_count,1855
frame_07_Zr_encoder.liquid_order.conditional_r2_gain,0.1418011635541916
frame_07_Zr_encoder.liquid_order.mean_r2,0.1786058396100998
frame_07_Zr_encoder.context_cutoff_008.counts.0.train,797
frame_07_Zr_encoder.context_cutoff_008.counts.0.test,925
frame_07_Zr_encoder.context_cutoff_008.counts.1.train,123
frame_07_Zr_encoder.context_cutoff_008.counts.1.test,13
frame_07_Zr_encoder.context_cutoff_008.counts.2.train,95
frame_07_Zr_encoder.context_cutoff_008.counts.2.test,25
frame_07_Zr_encoder.context_cutoff_008.counts.3.train,0
frame_07_Zr_encoder.context_cutoff_008.counts.3.test,0
frame_07_Zr_encoder.context_cutoff_008.counts.4.train,0
frame_07_Zr_encoder.context_cutoff_008.counts.4.test,0
frame_07_Zr_encoder.context_cutoff_008.counts.5.train,409
frame_07_Zr_encoder.context_cutoff_008.counts.5.test,508
frame_07_Zr_encoder.context_cutoff_008.counts.6.train,404
frame_07_Zr_encoder.context_cutoff_008.counts.6.test,437
frame_07_Zr_encoder.context_cutoff_008.test_coverage,1.0
frame_07_Zr_encoder.context_cutoff_008.balanced_accuracy,0.6400862954995462
frame_07_Zr_encoder.context_cutoff_008.ap.0,0.7060401719277922
frame_07_Zr_encoder.context_cutoff_008.ap.1,
frame_07_Zr_encoder.context_cutoff_008.ap.2,0.8423312751103034
frame_07_Zr_encoder.context_cutoff_008.ap.3,
frame_07_Zr_encoder.context_cutoff_008.ap.4,
frame_07_Zr_encoder.context_cutoff_008.ap.5,0.5297581698996567
frame_07_Zr_encoder.context_cutoff_008.ap.6,0.5404725574342487
frame_07_Zr_encoder.context_cutoff_010.counts.0.train,797
frame_07_Zr_encoder.context_cutoff_010.counts.0.test,925
frame_07_Zr_encoder.context_cutoff_010.counts.1.train,128
frame_07_Zr_encoder.context_cutoff_010.counts.1.test,13
frame_07_Zr_encoder.context_cutoff_010.counts.2.train,114
frame_07_Zr_encoder.context_cutoff_010.counts.2.test,40
frame_07_Zr_encoder.context_cutoff_010.counts.3.train,0
frame_07_Zr_encoder.context_cutoff_010.counts.3.test,0
frame_07_Zr_encoder.context_cutoff_010.counts.4.train,0
frame_07_Zr_encoder.context_cutoff_010.counts.4.test,0
frame_07_Zr_encoder.context_cutoff_010.counts.5.train,408
frame_07_Zr_encoder.context_cutoff_010.counts.5.test,507
frame_07_Zr_encoder.context_cutoff_010.counts.6.train,381
frame_07_Zr_encoder.context_cutoff_010.counts.6.test,423
frame_07_Zr_encoder.context_cutoff_010.test_coverage,1.0
frame_07_Zr_encoder.context_cutoff_010.balanced_accuracy,0.6225616333946938
frame_07_Zr_encoder.context_cutoff_010.ap.0,0.7073449432338811
frame_07_Zr_encoder.context_cutoff_010.ap.1,
frame_07_Zr_encoder.context_cutoff_010.ap.2,0.7225281889234783
frame_07_Zr_encoder.context_cutoff_010.ap.3,
frame_07_Zr_encoder.context_cutoff_010.ap.4,
frame_07_Zr_encoder.context_cutoff_010.ap.5,0.5268653984556559
frame_07_Zr_encoder.context_cutoff_010.ap.6,0.45598801805377365
frame_07_Zr_encoder.context_cutoff_012.counts.0.train,792
frame_07_Zr_encoder.context_cutoff_012.counts.0.test,919
frame_07_Zr_encoder.context_cutoff_012.counts.1.train,140
frame_07_Zr_encoder.context_cutoff_012.counts.1.test,14
frame_07_Zr_encoder.context_cutoff_012.counts.2.train,165
frame_07_Zr_encoder.context_cutoff_012.counts.2.test,108
frame_07_Zr_encoder.context_cutoff_012.counts.3.train,0
frame_07_Zr_encoder.context_cutoff_012.counts.3.test,0
frame_07_Zr_encoder.context_cutoff_012.counts.4.train,0
frame_07_Zr_encoder.context_cutoff_012.counts.4.test,0
frame_07_Zr_encoder.context_cutoff_012.counts.5.train,406
frame_07_Zr_encoder.context_cutoff_012.counts.5.test,506
frame_07_Zr_encoder.context_cutoff_012.counts.6.train,325
frame_07_Zr_encoder.context_cutoff_012.counts.6.test,361
frame_07_Zr_encoder.context_cutoff_012.test_coverage,1.0
frame_07_Zr_encoder.context_cutoff_012.balanced_accuracy,0.6073659396182804
frame_07_Zr_encoder.context_cutoff_012.ap.0,0.7047992444429518
frame_07_Zr_encoder.context_cutoff_012.ap.1,
frame_07_Zr_encoder.context_cutoff_012.ap.2,0.5790424665584719
frame_07_Zr_encoder.context_cutoff_012.ap.3,
frame_07_Zr_encoder.context_cutoff_012.ap.4,
frame_07_Zr_encoder.context_cutoff_012.ap.5,0.5273679841323483
frame_07_Zr_encoder.context_cutoff_012.ap.6,0.3154030824802627
frame_07_Zr_encoder.spatial.auc,0.5075409962682449
frame_07_Zr_encoder.spatial.pairs,1768
frame_07_Zr_encoder.spatial.changed_pairs,850
frame_07_Zr_encoder.spatial.bins,5
frame_07_Zr_encoder.spatial.same_label_normalized_distance,0.35388647869198514
frame_07_Zr_encoder.nonbulk_spatial.auc,0.509363688087204
frame_07_Zr_encoder.nonbulk_spatial.pairs,1758
frame_07_Zr_encoder.nonbulk_spatial.changed_pairs,849
frame_07_Zr_encoder.nonbulk_spatial.bins,5
frame_07_Zr_encoder.nonbulk_spatial.same_label_normalized_distance,0.39711691000674854
frame_07_Zr_encoder.shuffled_spatial.auc,0.514673356135781
frame_07_Zr_encoder.shuffled_spatial.pairs,1758
frame_07_Zr_encoder.shuffled_spatial.changed_pairs,849
frame_07_Zr_encoder.shuffled_spatial.bins,5
frame_07_Zr_encoder.shuffled_spatial.same_label_normalized_distance,0.517358160475906
frame_07_Zr_encoder.collapsed_spatial.auc,0.5
frame_07_Zr_encoder.collapsed_spatial.pairs,1758
frame_07_Zr_encoder.collapsed_spatial.changed_pairs,849
frame_07_Zr_encoder.collapsed_spatial.bins,5
frame_07_Zr_encoder.collapsed_spatial.same_label_normalized_distance,
frame_07_Zr_encoder.liquid_topology.train_count,378
frame_07_Zr_encoder.liquid_topology.test_count,465
frame_07_Zr_encoder.liquid_topology.conditional_r2_gain,-15.700161933898926
frame_07_Zr_encoder.liquid_topology.mean_r2,-16.539892196655273
frame_07_Zr_encoder.nonbulk_cluster_ami,0.1303154897807912
frame_07_Zr_encoder.continuity_fixed_candidates_center_fixed.0.0001.pair_rms,4.194918433338234
frame_07_Zr_encoder.continuity_fixed_candidates_center_fixed.0.0001.normalized_median,4.163316254454779e-05
frame_07_Zr_encoder.continuity_fixed_candidates_center_fixed.0.0001.normalized_p95,0.012652184813722303
frame_07_Zr_encoder.continuity_fixed_candidates_center_fixed.0.01.pair_rms,4.194918433338234
frame_07_Zr_encoder.continuity_fixed_candidates_center_fixed.0.01.normalized_median,0.03587920559619992
frame_07_Zr_encoder.continuity_fixed_candidates_center_fixed.0.01.normalized_p95,0.2699527527343915
frame_07_Zr_encoder.continuity_fixed_candidates_center_fixed.0.1.pair_rms,4.194918433338234
frame_07_Zr_encoder.continuity_fixed_candidates_center_fixed.0.1.normalized_median,0.08382771971409454
frame_07_Zr_encoder.continuity_fixed_candidates_center_fixed.0.1.normalized_p95,0.6217912766223708
frame_07_Zr_projector.collapse.effective_rank,2.8807814080755474
frame_07_Zr_projector.collapse.variance,9.667419714778521
frame_07_Zr_projector.collapse.pair_rms,4.397139914712408
frame_07_Zr_projector.liquid_collapse.effective_rank,1.3023120016678609
frame_07_Zr_projector.liquid_collapse.variance,0.8716749718267179
frame_07_Zr_projector.liquid_collapse.pair_rms,1.3203597781110403
frame_07_Zr_projector.reference_coverage.liquid_fraction,0.91943359375
frame_07_Zr_projector.reference_coverage.cutoff_stable_fraction,0.94775390625
frame_07_Zr_projector.context.counts.0.train,797
frame_07_Zr_projector.context.counts.0.test,925
frame_07_Zr_projector.context.counts.1.train,128
frame_07_Zr_projector.context.counts.1.test,13
frame_07_Zr_projector.context.counts.2.train,114
frame_07_Zr_projector.context.counts.2.test,40
frame_07_Zr_projector.context.counts.3.train,0
frame_07_Zr_projector.context.counts.3.test,0
frame_07_Zr_projector.context.counts.4.train,0
frame_07_Zr_projector.context.counts.4.test,0
frame_07_Zr_projector.context.counts.5.train,408
frame_07_Zr_projector.context.counts.5.test,507
frame_07_Zr_projector.context.counts.6.train,381
frame_07_Zr_projector.context.counts.6.test,423
frame_07_Zr_projector.context.test_coverage,1.0
frame_07_Zr_projector.context.balanced_accuracy,0.6225616333946938
frame_07_Zr_projector.context.ap.0,0.7073449432338811
frame_07_Zr_projector.context.ap.1,
frame_07_Zr_projector.context.ap.2,0.7225281889234783
frame_07_Zr_projector.context.ap.3,
frame_07_Zr_projector.context.ap.4,
frame_07_Zr_projector.context.ap.5,0.5268653984556559
frame_07_Zr_projector.context.ap.6,0.45598801805377365
frame_07_Zr_projector.ptm.counts.0.train,1637
frame_07_Zr_projector.ptm.counts.0.test,1868
frame_07_Zr_projector.ptm.counts.1.train,2
frame_07_Zr_projector.ptm.counts.1.test,1
frame_07_Zr_projector.ptm.counts.2.train,0
frame_07_Zr_projector.ptm.counts.2.test,1
frame_07_Zr_projector.ptm.counts.3.train,180
frame_07_Zr_projector.ptm.counts.3.test,28
frame_07_Zr_projector.ptm.counts.4.train,9
frame_07_Zr_projector.ptm.counts.4.test,10
frame_07_Zr_projector.ptm.test_coverage,0.9937106918238994
frame_07_Zr_projector.ptm.balanced_accuracy,0.8915188130926889
frame_07_Zr_projector.ptm.ap.0,0.9894276934475512
frame_07_Zr_projector.ptm.ap.1,
frame_07_Zr_projector.ptm.ap.2,
frame_07_Zr_projector.ptm.ap.3,0.9334966670048329
frame_07_Zr_projector.ptm.ap.4,
frame_07_Zr_projector.liquid_order.train_count,1586
frame_07_Zr_projector.liquid_order.test_count,1855
frame_07_Zr_projector.liquid_order.conditional_r2_gain,0.1418011635541916
frame_07_Zr_projector.liquid_order.mean_r2,0.1786058396100998
frame_07_Zr_projector.context_cutoff_008.counts.0.train,797
frame_07_Zr_projector.context_cutoff_008.counts.0.test,925
frame_07_Zr_projector.context_cutoff_008.counts.1.train,123
frame_07_Zr_projector.context_cutoff_008.counts.1.test,13
frame_07_Zr_projector.context_cutoff_008.counts.2.train,95
frame_07_Zr_projector.context_cutoff_008.counts.2.test,25
frame_07_Zr_projector.context_cutoff_008.counts.3.train,0
frame_07_Zr_projector.context_cutoff_008.counts.3.test,0
frame_07_Zr_projector.context_cutoff_008.counts.4.train,0
frame_07_Zr_projector.context_cutoff_008.counts.4.test,0
frame_07_Zr_projector.context_cutoff_008.counts.5.train,409
frame_07_Zr_projector.context_cutoff_008.counts.5.test,508
frame_07_Zr_projector.context_cutoff_008.counts.6.train,404
frame_07_Zr_projector.context_cutoff_008.counts.6.test,437
frame_07_Zr_projector.context_cutoff_008.test_coverage,1.0
frame_07_Zr_projector.context_cutoff_008.balanced_accuracy,0.6400862954995462
frame_07_Zr_projector.context_cutoff_008.ap.0,0.7060401719277922
frame_07_Zr_projector.context_cutoff_008.ap.1,
frame_07_Zr_projector.context_cutoff_008.ap.2,0.8423312751103034
frame_07_Zr_projector.context_cutoff_008.ap.3,
frame_07_Zr_projector.context_cutoff_008.ap.4,
frame_07_Zr_projector.context_cutoff_008.ap.5,0.5297581698996567
frame_07_Zr_projector.context_cutoff_008.ap.6,0.5404725574342487
frame_07_Zr_projector.context_cutoff_010.counts.0.train,797
frame_07_Zr_projector.context_cutoff_010.counts.0.test,925
frame_07_Zr_projector.context_cutoff_010.counts.1.train,128
frame_07_Zr_projector.context_cutoff_010.counts.1.test,13
frame_07_Zr_projector.context_cutoff_010.counts.2.train,114
frame_07_Zr_projector.context_cutoff_010.counts.2.test,40
frame_07_Zr_projector.context_cutoff_010.counts.3.train,0
frame_07_Zr_projector.context_cutoff_010.counts.3.test,0
frame_07_Zr_projector.context_cutoff_010.counts.4.train,0
frame_07_Zr_projector.context_cutoff_010.counts.4.test,0
frame_07_Zr_projector.context_cutoff_010.counts.5.train,408
frame_07_Zr_projector.context_cutoff_010.counts.5.test,507
frame_07_Zr_projector.context_cutoff_010.counts.6.train,381
frame_07_Zr_projector.context_cutoff_010.counts.6.test,423
frame_07_Zr_projector.context_cutoff_010.test_coverage,1.0
frame_07_Zr_projector.context_cutoff_010.balanced_accuracy,0.6225616333946938
frame_07_Zr_projector.context_cutoff_010.ap.0,0.7073449432338811
frame_07_Zr_projector.context_cutoff_010.ap.1,
frame_07_Zr_projector.context_cutoff_010.ap.2,0.7225281889234783
frame_07_Zr_projector.context_cutoff_010.ap.3,
frame_07_Zr_projector.context_cutoff_010.ap.4,
frame_07_Zr_projector.context_cutoff_010.ap.5,0.5268653984556559
frame_07_Zr_projector.context_cutoff_010.ap.6,0.45598801805377365
frame_07_Zr_projector.context_cutoff_012.counts.0.train,792
frame_07_Zr_projector.context_cutoff_012.counts.0.test,919
frame_07_Zr_projector.context_cutoff_012.counts.1.train,140
frame_07_Zr_projector.context_cutoff_012.counts.1.test,14
frame_07_Zr_projector.context_cutoff_012.counts.2.train,165
frame_07_Zr_projector.context_cutoff_012.counts.2.test,108
frame_07_Zr_projector.context_cutoff_012.counts.3.train,0
frame_07_Zr_projector.context_cutoff_012.counts.3.test,0
frame_07_Zr_projector.context_cutoff_012.counts.4.train,0
frame_07_Zr_projector.context_cutoff_012.counts.4.test,0
frame_07_Zr_projector.context_cutoff_012.counts.5.train,406
frame_07_Zr_projector.context_cutoff_012.counts.5.test,506
frame_07_Zr_projector.context_cutoff_012.counts.6.train,325
frame_07_Zr_projector.context_cutoff_012.counts.6.test,361
frame_07_Zr_projector.context_cutoff_012.test_coverage,1.0
frame_07_Zr_projector.context_cutoff_012.balanced_accuracy,0.6073659396182804
frame_07_Zr_projector.context_cutoff_012.ap.0,0.7047992444429518
frame_07_Zr_projector.context_cutoff_012.ap.1,
frame_07_Zr_projector.context_cutoff_012.ap.2,0.5790424665584719
frame_07_Zr_projector.context_cutoff_012.ap.3,
frame_07_Zr_projector.context_cutoff_012.ap.4,
frame_07_Zr_projector.context_cutoff_012.ap.5,0.5273679841323483
frame_07_Zr_projector.context_cutoff_012.ap.6,0.3154030824802627
frame_07_Zr_projector.spatial.auc,0.5075409962682449
frame_07_Zr_projector.spatial.pairs,1768
frame_07_Zr_projector.spatial.changed_pairs,850
frame_07_Zr_projector.spatial.bins,5
frame_07_Zr_projector.spatial.same_label_normalized_distance,0.35388647869198514
frame_07_Zr_projector.nonbulk_spatial.auc,0.509363688087204
frame_07_Zr_projector.nonbulk_spatial.pairs,1758
frame_07_Zr_projector.nonbulk_spatial.changed_pairs,849
frame_07_Zr_projector.nonbulk_spatial.bins,5
frame_07_Zr_projector.nonbulk_spatial.same_label_normalized_distance,0.39711691000674854
frame_07_Zr_projector.shuffled_spatial.auc,0.514673356135781
frame_07_Zr_projector.shuffled_spatial.pairs,1758
frame_07_Zr_projector.shuffled_spatial.changed_pairs,849
frame_07_Zr_projector.shuffled_spatial.bins,5
frame_07_Zr_projector.shuffled_spatial.same_label_normalized_distance,0.517358160475906
frame_07_Zr_projector.collapsed_spatial.auc,0.5
frame_07_Zr_projector.collapsed_spatial.pairs,1758
frame_07_Zr_projector.collapsed_spatial.changed_pairs,849
frame_07_Zr_projector.collapsed_spatial.bins,5
frame_07_Zr_projector.collapsed_spatial.same_label_normalized_distance,
frame_07_Zr_projector.liquid_topology.train_count,378
frame_07_Zr_projector.liquid_topology.test_count,465
frame_07_Zr_projector.liquid_topology.conditional_r2_gain,-15.700161933898926
frame_07_Zr_projector.liquid_topology.mean_r2,-16.539892196655273
frame_07_Zr_projector.nonbulk_cluster_ami,0.1303154897807912
frame_07_Zr_projector.continuity_fixed_candidates_center_fixed.0.0001.pair_rms,4.194918433338234
frame_07_Zr_projector.continuity_fixed_candidates_center_fixed.0.0001.normalized_median,4.163316254454779e-05
frame_07_Zr_projector.continuity_fixed_candidates_center_fixed.0.0001.normalized_p95,0.012652184813722303
frame_07_Zr_projector.continuity_fixed_candidates_center_fixed.0.01.pair_rms,4.194918433338234
frame_07_Zr_projector.continuity_fixed_candidates_center_fixed.0.01.normalized_median,0.03587920559619992
frame_07_Zr_projector.continuity_fixed_candidates_center_fixed.0.01.normalized_p95,0.2699527527343915
frame_07_Zr_projector.continuity_fixed_candidates_center_fixed.0.1.pair_rms,4.194918433338234
frame_07_Zr_projector.continuity_fixed_candidates_center_fixed.0.1.normalized_median,0.08382771971409454
frame_07_Zr_projector.continuity_fixed_candidates_center_fixed.0.1.normalized_p95,0.6217912766223708
frame_08_Zr_encoder.collapse.effective_rank,2.482367020243091
frame_08_Zr_encoder.collapse.variance,28.43012829643586
frame_08_Zr_encoder.collapse.pair_rms,7.540574022769866
frame_08_Zr_encoder.liquid_collapse.effective_rank,1.259539107811551
frame_08_Zr_encoder.liquid_collapse.variance,1.2303603032311152
frame_08_Zr_encoder.liquid_collapse.pair_rms,1.568668418265068
frame_08_Zr_encoder.reference_coverage.liquid_fraction,0.739990234375
frame_08_Zr_encoder.reference_coverage.cutoff_stable_fraction,0.935791015625
frame_08_Zr_encoder.context.counts.0.train,576
frame_08_Zr_encoder.context.counts.0.test,733
frame_08_Zr_encoder.context.counts.1.train,446
frame_08_Zr_encoder.context.counts.1.test,156
frame_08_Zr_encoder.context.counts.2.train,211
frame_08_Zr_encoder.context.counts.2.test,150
frame_08_Zr_encoder.context.counts.3.train,0
frame_08_Zr_encoder.context.counts.3.test,0
frame_08_Zr_encoder.context.counts.4.train,0
frame_08_Zr_encoder.context.counts.4.test,0
frame_08_Zr_encoder.context.counts.5.train,321
frame_08_Zr_encoder.context.counts.5.test,392
frame_08_Zr_encoder.context.counts.6.train,331
frame_08_Zr_encoder.context.counts.6.test,386
frame_08_Zr_encoder.context.test_coverage,1.0
frame_08_Zr_encoder.context.balanced_accuracy,0.6814135884322023
frame_08_Zr_encoder.context.ap.0,0.7003783215578964
frame_08_Zr_encoder.context.ap.1,0.9981803871641219
frame_08_Zr_encoder.context.ap.2,0.8920414433813346
frame_08_Zr_encoder.context.ap.3,
frame_08_Zr_encoder.context.ap.4,
frame_08_Zr_encoder.context.ap.5,0.4844951313635032
frame_08_Zr_encoder.context.ap.6,0.5071166585367766
frame_08_Zr_encoder.ptm.counts.0.train,1351
frame_08_Zr_encoder.ptm.counts.0.test,1587
frame_08_Zr_encoder.ptm.counts.1.train,0
frame_08_Zr_encoder.ptm.counts.1.test,1
frame_08_Zr_encoder.ptm.counts.2.train,1
frame_08_Zr_encoder.ptm.counts.2.test,2
frame_08_Zr_encoder.ptm.counts.3.train,525
frame_08_Zr_encoder.ptm.counts.3.test,213
frame_08_Zr_encoder.ptm.counts.4.train,8
frame_08_Zr_encoder.ptm.counts.4.test,14
frame_08_Zr_encoder.ptm.test_coverage,0.9906439185470556
frame_08_Zr_encoder.ptm.balanced_accuracy,0.9619531936420032
frame_08_Zr_encoder.ptm.ap.0,0.9854014295877014
frame_08_Zr_encoder.ptm.ap.1,
frame_08_Zr_encoder.ptm.ap.2,
frame_08_Zr_encoder.ptm.ap.3,0.9881399847256787
frame_08_Zr_encoder.ptm.ap.4,
frame_08_Zr_encoder.liquid_order.train_count,1228
frame_08_Zr_encoder.liquid_order.test_count,1511
frame_08_Zr_encoder.liquid_order.conditional_r2_gain,0.1065201386809349
frame_08_Zr_encoder.liquid_order.mean_r2,0.13886931538581848
frame_08_Zr_encoder.context_cutoff_008.counts.0.train,577
frame_08_Zr_encoder.context_cutoff_008.counts.0.test,733
frame_08_Zr_encoder.context_cutoff_008.counts.1.train,432
frame_08_Zr_encoder.context_cutoff_008.counts.1.test,150
frame_08_Zr_encoder.context_cutoff_008.counts.2.train,195
frame_08_Zr_encoder.context_cutoff_008.counts.2.test,121
frame_08_Zr_encoder.context_cutoff_008.counts.3.train,0
frame_08_Zr_encoder.context_cutoff_008.counts.3.test,0
frame_08_Zr_encoder.context_cutoff_008.counts.4.train,0
frame_08_Zr_encoder.context_cutoff_008.counts.4.test,0
frame_08_Zr_encoder.context_cutoff_008.counts.5.train,321
frame_08_Zr_encoder.context_cutoff_008.counts.5.test,392
frame_08_Zr_encoder.context_cutoff_008.counts.6.train,360
frame_08_Zr_encoder.context_cutoff_008.counts.6.test,421
frame_08_Zr_encoder.context_cutoff_008.test_coverage,1.0
frame_08_Zr_encoder.context_cutoff_008.balanced_accuracy,0.6965426234655829
frame_08_Zr_encoder.context_cutoff_008.ap.0,0.6973085336835625
frame_08_Zr_encoder.context_cutoff_008.ap.1,0.9945250181776094
frame_08_Zr_encoder.context_cutoff_008.ap.2,0.9413616350375442
frame_08_Zr_encoder.context_cutoff_008.ap.3,
frame_08_Zr_encoder.context_cutoff_008.ap.4,
frame_08_Zr_encoder.context_cutoff_008.ap.5,0.47961529538314474
frame_08_Zr_encoder.context_cutoff_008.ap.6,0.5848579430575759
frame_08_Zr_encoder.context_cutoff_010.counts.0.train,576
frame_08_Zr_encoder.context_cutoff_010.counts.0.test,733
frame_08_Zr_encoder.context_cutoff_010.counts.1.train,446
frame_08_Zr_encoder.context_cutoff_010.counts.1.test,156
frame_08_Zr_encoder.context_cutoff_010.counts.2.train,211
frame_08_Zr_encoder.context_cutoff_010.counts.2.test,150
frame_08_Zr_encoder.context_cutoff_010.counts.3.train,0
frame_08_Zr_encoder.context_cutoff_010.counts.3.test,0
frame_08_Zr_encoder.context_cutoff_010.counts.4.train,0
frame_08_Zr_encoder.context_cutoff_010.counts.4.test,0
frame_08_Zr_encoder.context_cutoff_010.counts.5.train,321
frame_08_Zr_encoder.context_cutoff_010.counts.5.test,392
frame_08_Zr_encoder.context_cutoff_010.counts.6.train,331
frame_08_Zr_encoder.context_cutoff_010.counts.6.test,386
frame_08_Zr_encoder.context_cutoff_010.test_coverage,1.0
frame_08_Zr_encoder.context_cutoff_010.balanced_accuracy,0.6814135884322023
frame_08_Zr_encoder.context_cutoff_010.ap.0,0.7003783215578964
frame_08_Zr_encoder.context_cutoff_010.ap.1,0.9981803871641219
frame_08_Zr_encoder.context_cutoff_010.ap.2,0.8920414433813346
frame_08_Zr_encoder.context_cutoff_010.ap.3,
frame_08_Zr_encoder.context_cutoff_010.ap.4,
frame_08_Zr_encoder.context_cutoff_010.ap.5,0.4844951313635032
frame_08_Zr_encoder.context_cutoff_010.ap.6,0.5071166585367766
frame_08_Zr_encoder.context_cutoff_012.counts.0.train,573
frame_08_Zr_encoder.context_cutoff_012.counts.0.test,726
frame_08_Zr_encoder.context_cutoff_012.counts.1.train,456
frame_08_Zr_encoder.context_cutoff_012.counts.1.test,163
frame_08_Zr_encoder.context_cutoff_012.counts.2.train,264
frame_08_Zr_encoder.context_cutoff_012.counts.2.test,220
frame_08_Zr_encoder.context_cutoff_012.counts.3.train,0
frame_08_Zr_encoder.context_cutoff_012.counts.3.test,0
frame_08_Zr_encoder.context_cutoff_012.counts.4.train,2
frame_08_Zr_encoder.context_cutoff_012.counts.4.test,0
frame_08_Zr_encoder.context_cutoff_012.counts.5.train,319
frame_08_Zr_encoder.context_cutoff_012.counts.5.test,390
frame_08_Zr_encoder.context_cutoff_012.counts.6.train,271
frame_08_Zr_encoder.context_cutoff_012.counts.6.test,318
frame_08_Zr_encoder.context_cutoff_012.test_coverage,1.0
frame_08_Zr_encoder.context_cutoff_012.balanced_accuracy,0.6333618080173343
frame_08_Zr_encoder.context_cutoff_012.ap.0,0.6949678660967555
frame_08_Zr_encoder.context_cutoff_012.ap.1,0.9796931213754735
frame_08_Zr_encoder.context_cutoff_012.ap.2,0.7756393919630584
frame_08_Zr_encoder.context_cutoff_012.ap.3,
frame_08_Zr_encoder.context_cutoff_012.ap.4,
frame_08_Zr_encoder.context_cutoff_012.ap.5,0.47921138240352307
frame_08_Zr_encoder.context_cutoff_012.ap.6,0.386478022999435
frame_08_Zr_encoder.spatial.auc,0.5128749231447027
frame_08_Zr_encoder.spatial.pairs,1617
frame_08_Zr_encoder.spatial.changed_pairs,725
frame_08_Zr_encoder.spatial.bins,5
frame_08_Zr_encoder.spatial.same_label_normalized_distance,0.2438749265069432
frame_08_Zr_encoder.nonbulk_spatial.auc,0.49269086957484304
frame_08_Zr_encoder.nonbulk_spatial.pairs,1472
frame_08_Zr_encoder.nonbulk_spatial.changed_pairs,708
frame_08_Zr_encoder.nonbulk_spatial.bins,5
frame_08_Zr_encoder.nonbulk_spatial.same_label_normalized_distance,0.3435898782459617
frame_08_Zr_encoder.shuffled_spatial.auc,0.49454725727816856
frame_08_Zr_encoder.shuffled_spatial.pairs,1472
frame_08_Zr_encoder.shuffled_spatial.changed_pairs,708
frame_08_Zr_encoder.shuffled_spatial.bins,5
frame_08_Zr_encoder.shuffled_spatial.same_label_normalized_distance,0.7047093753359911
frame_08_Zr_encoder.collapsed_spatial.auc,0.5
frame_08_Zr_encoder.collapsed_spatial.pairs,1472
frame_08_Zr_encoder.collapsed_spatial.changed_pairs,708
frame_08_Zr_encoder.collapsed_spatial.bins,5
frame_08_Zr_encoder.collapsed_spatial.same_label_normalized_distance,
frame_08_Zr_encoder.liquid_topology.train_count,308
frame_08_Zr_encoder.liquid_topology.test_count,389
frame_08_Zr_encoder.liquid_topology.conditional_r2_gain,-0.9321963787078857
frame_08_Zr_encoder.liquid_topology.mean_r2,-0.9811097979545593
frame_08_Zr_encoder.nonbulk_cluster_ami,0.26580283877422706
frame_08_Zr_encoder.continuity_fixed_candidates_center_fixed.0.0001.pair_rms,7.567807137328608
frame_08_Zr_encoder.continuity_fixed_candidates_center_fixed.0.0001.normalized_median,2.62178739324354e-05
frame_08_Zr_encoder.continuity_fixed_candidates_center_fixed.0.0001.normalized_p95,0.005475786384587826
frame_08_Zr_encoder.continuity_fixed_candidates_center_fixed.0.01.pair_rms,7.567807137328608
frame_08_Zr_encoder.continuity_fixed_candidates_center_fixed.0.01.normalized_median,0.027106426736813686
frame_08_Zr_encoder.continuity_fixed_candidates_center_fixed.0.01.normalized_p95,0.2471930817362835
frame_08_Zr_encoder.continuity_fixed_candidates_center_fixed.0.1.pair_rms,7.567807137328608
frame_08_Zr_encoder.continuity_fixed_candidates_center_fixed.0.1.normalized_median,0.06438397428026064
frame_08_Zr_encoder.continuity_fixed_candidates_center_fixed.0.1.normalized_p95,0.8609839577997286
frame_08_Zr_projector.collapse.effective_rank,2.482367020243091
frame_08_Zr_projector.collapse.variance,28.43012829643586
frame_08_Zr_projector.collapse.pair_rms,7.540574022769866
frame_08_Zr_projector.liquid_collapse.effective_rank,1.259539107811551
frame_08_Zr_projector.liquid_collapse.variance,1.2303603032311152
frame_08_Zr_projector.liquid_collapse.pair_rms,1.568668418265068
frame_08_Zr_projector.reference_coverage.liquid_fraction,0.739990234375
frame_08_Zr_projector.reference_coverage.cutoff_stable_fraction,0.935791015625
frame_08_Zr_projector.context.counts.0.train,576
frame_08_Zr_projector.context.counts.0.test,733
frame_08_Zr_projector.context.counts.1.train,446
frame_08_Zr_projector.context.counts.1.test,156
frame_08_Zr_projector.context.counts.2.train,211
frame_08_Zr_projector.context.counts.2.test,150
frame_08_Zr_projector.context.counts.3.train,0
frame_08_Zr_projector.context.counts.3.test,0
frame_08_Zr_projector.context.counts.4.train,0
frame_08_Zr_projector.context.counts.4.test,0
frame_08_Zr_projector.context.counts.5.train,321
frame_08_Zr_projector.context.counts.5.test,392
frame_08_Zr_projector.context.counts.6.train,331
frame_08_Zr_projector.context.counts.6.test,386
frame_08_Zr_projector.context.test_coverage,1.0
frame_08_Zr_projector.context.balanced_accuracy,0.6814135884322023
frame_08_Zr_projector.context.ap.0,0.7003783215578964
frame_08_Zr_projector.context.ap.1,0.9981803871641219
frame_08_Zr_projector.context.ap.2,0.8920414433813346
frame_08_Zr_projector.context.ap.3,
frame_08_Zr_projector.context.ap.4,
frame_08_Zr_projector.context.ap.5,0.4844951313635032
frame_08_Zr_projector.context.ap.6,0.5071166585367766
frame_08_Zr_projector.ptm.counts.0.train,1351
frame_08_Zr_projector.ptm.counts.0.test,1587
frame_08_Zr_projector.ptm.counts.1.train,0
frame_08_Zr_projector.ptm.counts.1.test,1
frame_08_Zr_projector.ptm.counts.2.train,1
frame_08_Zr_projector.ptm.counts.2.test,2
frame_08_Zr_projector.ptm.counts.3.train,525
frame_08_Zr_projector.ptm.counts.3.test,213
frame_08_Zr_projector.ptm.counts.4.train,8
frame_08_Zr_projector.ptm.counts.4.test,14
frame_08_Zr_projector.ptm.test_coverage,0.9906439185470556
frame_08_Zr_projector.ptm.balanced_accuracy,0.9619531936420032
frame_08_Zr_projector.ptm.ap.0,0.9854014295877014
frame_08_Zr_projector.ptm.ap.1,
frame_08_Zr_projector.ptm.ap.2,
frame_08_Zr_projector.ptm.ap.3,0.9881399847256787
frame_08_Zr_projector.ptm.ap.4,
frame_08_Zr_projector.liquid_order.train_count,1228
frame_08_Zr_projector.liquid_order.test_count,1511
frame_08_Zr_projector.liquid_order.conditional_r2_gain,0.1065201386809349
frame_08_Zr_projector.liquid_order.mean_r2,0.13886931538581848
frame_08_Zr_projector.context_cutoff_008.counts.0.train,577
frame_08_Zr_projector.context_cutoff_008.counts.0.test,733
frame_08_Zr_projector.context_cutoff_008.counts.1.train,432
frame_08_Zr_projector.context_cutoff_008.counts.1.test,150
frame_08_Zr_projector.context_cutoff_008.counts.2.train,195
frame_08_Zr_projector.context_cutoff_008.counts.2.test,121
frame_08_Zr_projector.context_cutoff_008.counts.3.train,0
frame_08_Zr_projector.context_cutoff_008.counts.3.test,0
frame_08_Zr_projector.context_cutoff_008.counts.4.train,0
frame_08_Zr_projector.context_cutoff_008.counts.4.test,0
frame_08_Zr_projector.context_cutoff_008.counts.5.train,321
frame_08_Zr_projector.context_cutoff_008.counts.5.test,392
frame_08_Zr_projector.context_cutoff_008.counts.6.train,360
frame_08_Zr_projector.context_cutoff_008.counts.6.test,421
frame_08_Zr_projector.context_cutoff_008.test_coverage,1.0
frame_08_Zr_projector.context_cutoff_008.balanced_accuracy,0.6965426234655829
frame_08_Zr_projector.context_cutoff_008.ap.0,0.6973085336835625
frame_08_Zr_projector.context_cutoff_008.ap.1,0.9945250181776094
frame_08_Zr_projector.context_cutoff_008.ap.2,0.9413616350375442
frame_08_Zr_projector.context_cutoff_008.ap.3,
frame_08_Zr_projector.context_cutoff_008.ap.4,
frame_08_Zr_projector.context_cutoff_008.ap.5,0.47961529538314474
frame_08_Zr_projector.context_cutoff_008.ap.6,0.5848579430575759
frame_08_Zr_projector.context_cutoff_010.counts.0.train,576
frame_08_Zr_projector.context_cutoff_010.counts.0.test,733
frame_08_Zr_projector.context_cutoff_010.counts.1.train,446
frame_08_Zr_projector.context_cutoff_010.counts.1.test,156
frame_08_Zr_projector.context_cutoff_010.counts.2.train,211
frame_08_Zr_projector.context_cutoff_010.counts.2.test,150
frame_08_Zr_projector.context_cutoff_010.counts.3.train,0
frame_08_Zr_projector.context_cutoff_010.counts.3.test,0
frame_08_Zr_projector.context_cutoff_010.counts.4.train,0
frame_08_Zr_projector.context_cutoff_010.counts.4.test,0
frame_08_Zr_projector.context_cutoff_010.counts.5.train,321
frame_08_Zr_projector.context_cutoff_010.counts.5.test,392
frame_08_Zr_projector.context_cutoff_010.counts.6.train,331
frame_08_Zr_projector.context_cutoff_010.counts.6.test,386
frame_08_Zr_projector.context_cutoff_010.test_coverage,1.0
frame_08_Zr_projector.context_cutoff_010.balanced_accuracy,0.6814135884322023
frame_08_Zr_projector.context_cutoff_010.ap.0,0.7003783215578964
frame_08_Zr_projector.context_cutoff_010.ap.1,0.9981803871641219
frame_08_Zr_projector.context_cutoff_010.ap.2,0.8920414433813346
frame_08_Zr_projector.context_cutoff_010.ap.3,
frame_08_Zr_projector.context_cutoff_010.ap.4,
frame_08_Zr_projector.context_cutoff_010.ap.5,0.4844951313635032
frame_08_Zr_projector.context_cutoff_010.ap.6,0.5071166585367766
frame_08_Zr_projector.context_cutoff_012.counts.0.train,573
frame_08_Zr_projector.context_cutoff_012.counts.0.test,726
frame_08_Zr_projector.context_cutoff_012.counts.1.train,456
frame_08_Zr_projector.context_cutoff_012.counts.1.test,163
frame_08_Zr_projector.context_cutoff_012.counts.2.train,264
frame_08_Zr_projector.context_cutoff_012.counts.2.test,220
frame_08_Zr_projector.context_cutoff_012.counts.3.train,0
frame_08_Zr_projector.context_cutoff_012.counts.3.test,0
frame_08_Zr_projector.context_cutoff_012.counts.4.train,2
frame_08_Zr_projector.context_cutoff_012.counts.4.test,0
frame_08_Zr_projector.context_cutoff_012.counts.5.train,319
frame_08_Zr_projector.context_cutoff_012.counts.5.test,390
frame_08_Zr_projector.context_cutoff_012.counts.6.train,271
frame_08_Zr_projector.context_cutoff_012.counts.6.test,318
frame_08_Zr_projector.context_cutoff_012.test_coverage,1.0
frame_08_Zr_projector.context_cutoff_012.balanced_accuracy,0.6333618080173343
frame_08_Zr_projector.context_cutoff_012.ap.0,0.6949678660967555
frame_08_Zr_projector.context_cutoff_012.ap.1,0.9796931213754735
frame_08_Zr_projector.context_cutoff_012.ap.2,0.7756393919630584
frame_08_Zr_projector.context_cutoff_012.ap.3,
frame_08_Zr_projector.context_cutoff_012.ap.4,
frame_08_Zr_projector.context_cutoff_012.ap.5,0.47921138240352307
frame_08_Zr_projector.context_cutoff_012.ap.6,0.386478022999435
frame_08_Zr_projector.spatial.auc,0.5128749231447027
frame_08_Zr_projector.spatial.pairs,1617
frame_08_Zr_projector.spatial.changed_pairs,725
frame_08_Zr_projector.spatial.bins,5
frame_08_Zr_projector.spatial.same_label_normalized_distance,0.2438749265069432
frame_08_Zr_projector.nonbulk_spatial.auc,0.49269086957484304
frame_08_Zr_projector.nonbulk_spatial.pairs,1472
frame_08_Zr_projector.nonbulk_spatial.changed_pairs,708
frame_08_Zr_projector.nonbulk_spatial.bins,5
frame_08_Zr_projector.nonbulk_spatial.same_label_normalized_distance,0.3435898782459617
frame_08_Zr_projector.shuffled_spatial.auc,0.49454725727816856
frame_08_Zr_projector.shuffled_spatial.pairs,1472
frame_08_Zr_projector.shuffled_spatial.changed_pairs,708
frame_08_Zr_projector.shuffled_spatial.bins,5
frame_08_Zr_projector.shuffled_spatial.same_label_normalized_distance,0.7047093753359911
frame_08_Zr_projector.collapsed_spatial.auc,0.5
frame_08_Zr_projector.collapsed_spatial.pairs,1472
frame_08_Zr_projector.collapsed_spatial.changed_pairs,708
frame_08_Zr_projector.collapsed_spatial.bins,5
frame_08_Zr_projector.collapsed_spatial.same_label_normalized_distance,
frame_08_Zr_projector.liquid_topology.train_count,308
frame_08_Zr_projector.liquid_topology.test_count,389
frame_08_Zr_projector.liquid_topology.conditional_r2_gain,-0.9321963787078857
frame_08_Zr_projector.liquid_topology.mean_r2,-0.9811097979545593
frame_08_Zr_projector.nonbulk_cluster_ami,0.26580283877422706
frame_08_Zr_projector.continuity_fixed_candidates_center_fixed.0.0001.pair_rms,7.567807137328608
frame_08_Zr_projector.continuity_fixed_candidates_center_fixed.0.0001.normalized_median,2.62178739324354e-05
frame_08_Zr_projector.continuity_fixed_candidates_center_fixed.0.0001.normalized_p95,0.005475786384587826
frame_08_Zr_projector.continuity_fixed_candidates_center_fixed.0.01.pair_rms,7.567807137328608
frame_08_Zr_projector.continuity_fixed_candidates_center_fixed.0.01.normalized_median,0.027106426736813686
frame_08_Zr_projector.continuity_fixed_candidates_center_fixed.0.01.normalized_p95,0.2471930817362835
frame_08_Zr_projector.continuity_fixed_candidates_center_fixed.0.1.pair_rms,7.567807137328608
frame_08_Zr_projector.continuity_fixed_candidates_center_fixed.0.1.normalized_median,0.06438397428026064
frame_08_Zr_projector.continuity_fixed_candidates_center_fixed.0.1.normalized_p95,0.8609839577997286
prediction_encoder.future_residual_9ps.groups.all.rows,960
prediction_encoder.future_residual_9ps.groups.all.sources,15
prediction_encoder.future_residual_9ps.groups.all.mse,1.3369581770365282
prediction_encoder.future_residual_9ps.groups.PTM_other.rows,686
prediction_encoder.future_residual_9ps.groups.PTM_other.sources,15
prediction_encoder.future_residual_9ps.groups.PTM_other.mse,1.726407083255162
prediction_encoder.future_residual_9ps.groups.PTM_crystalline.rows,274
prediction_encoder.future_residual_9ps.groups.PTM_crystalline.sources,13
prediction_encoder.future_residual_9ps.groups.PTM_crystalline.mse,0.6235737749810232
prediction_encoder.future_residual_9ps.groups.T400.rows,192
prediction_encoder.future_residual_9ps.groups.T400.sources,3
prediction_encoder.future_residual_9ps.groups.T400.mse,1.4760003738726177
prediction_encoder.future_residual_9ps.groups.T450.rows,192
prediction_encoder.future_residual_9ps.groups.T450.sources,3
prediction_encoder.future_residual_9ps.groups.T450.mse,1.3111423789329515
prediction_encoder.future_residual_9ps.groups.T500.rows,192
prediction_encoder.future_residual_9ps.groups.T500.sources,3
prediction_encoder.future_residual_9ps.groups.T500.mse,1.196342883980833
prediction_encoder.future_residual_9ps.groups.T510.rows,192
prediction_encoder.future_residual_9ps.groups.T510.sources,3
prediction_encoder.future_residual_9ps.groups.T510.mse,1.208626729232492
prediction_encoder.future_residual_9ps.groups.T520.rows,192
prediction_encoder.future_residual_9ps.groups.T520.sources,3
prediction_encoder.future_residual_9ps.groups.T520.mse,1.4926785191637464
prediction_encoder.future_residual_9ps.per_source.876,1.306037425994873
prediction_encoder.future_residual_9ps.per_source.878,1.7744086980819702
prediction_encoder.future_residual_9ps.per_source.879,1.3975893259048462
prediction_encoder.future_residual_9ps.per_source.902,1.513782024383545
prediction_encoder.future_residual_9ps.per_source.903,1.3777854442596436
prediction_encoder.future_residual_9ps.per_source.906,1.5364336967468262
prediction_encoder.future_residual_9ps.per_source.935,1.6249971389770508
prediction_encoder.future_residual_9ps.per_source.936,1.364332675933838
prediction_encoder.future_residual_9ps.per_source.937,0.9440971612930298
prediction_encoder.future_residual_9ps.per_source.963,0.6712480783462524
prediction_encoder.future_residual_9ps.per_source.965,1.5140259265899658
prediction_encoder.future_residual_9ps.per_source.967,1.403754711151123
prediction_encoder.future_residual_9ps.per_source.992,0.6781549453735352
prediction_encoder.future_residual_9ps.per_source.994,1.2757121324539185
prediction_encoder.future_residual_9ps.per_source.997,1.6720130443572998
prediction_encoder.residual_constant.groups.all.rows,960
prediction_encoder.residual_constant.groups.all.sources,15
prediction_encoder.residual_constant.groups.all.mse,1.332023421890335
prediction_encoder.residual_constant.groups.PTM_other.rows,686
prediction_encoder.residual_constant.groups.PTM_other.sources,15
prediction_encoder.residual_constant.groups.PTM_other.mse,1.7201624557924204
prediction_encoder.residual_constant.groups.PTM_crystalline.rows,274
prediction_encoder.residual_constant.groups.PTM_crystalline.sources,13
prediction_encoder.residual_constant.groups.PTM_crystalline.mse,0.6290717859534679
prediction_encoder.residual_constant.groups.T400.rows,192
prediction_encoder.residual_constant.groups.T400.sources,3
prediction_encoder.residual_constant.groups.T400.mse,1.4719453435391188
prediction_encoder.residual_constant.groups.T450.rows,192
prediction_encoder.residual_constant.groups.T450.sources,3
prediction_encoder.residual_constant.groups.T450.mse,1.296212443509527
prediction_encoder.residual_constant.groups.T500.rows,192
prediction_encoder.residual_constant.groups.T500.sources,3
prediction_encoder.residual_constant.groups.T500.mse,1.1845963720988948
prediction_encoder.residual_constant.groups.T510.rows,192
prediction_encoder.residual_constant.groups.T510.sources,3
prediction_encoder.residual_constant.groups.T510.mse,1.227402587159304
prediction_encoder.residual_constant.groups.T520.rows,192
prediction_encoder.residual_constant.groups.T520.sources,3
prediction_encoder.residual_constant.groups.T520.mse,1.479960363144831
prediction_encoder.residual_constant.per_source.876,1.2510082721710205
prediction_encoder.residual_constant.per_source.878,1.784614086151123
prediction_encoder.residual_constant.per_source.879,1.4042587280273438
prediction_encoder.residual_constant.per_source.902,1.5010030269622803
prediction_encoder.residual_constant.per_source.903,1.3775594234466553
prediction_encoder.residual_constant.per_source.906,1.537273645401001
prediction_encoder.residual_constant.per_source.935,1.6242361068725586
prediction_encoder.residual_constant.per_source.936,1.31929349899292
prediction_encoder.residual_constant.per_source.937,0.9451076984405518
prediction_encoder.residual_constant.per_source.963,0.6611502170562744
prediction_encoder.residual_constant.per_source.965,1.5156984329223633
prediction_encoder.residual_constant.per_source.967,1.3769402503967285
prediction_encoder.residual_constant.per_source.992,0.6967796087265015
prediction_encoder.residual_constant.per_source.994,1.2939176559448242
prediction_encoder.residual_constant.per_source.997,1.6915104389190674
prediction_encoder.conditional_hazard.rows,643
prediction_encoder.conditional_hazard.events_12ps,18
prediction_encoder.conditional_hazard.nll,0.18935501657032067
prediction_encoder.conditional_hazard.best_step,128
prediction_encoder.conditional_hazard.tuning_nll,0.24653936231163176
prediction_encoder.conditional_hazard.per_source.876,0.04161146655678749
prediction_encoder.conditional_hazard.per_source.878,0.11204654723405838
prediction_encoder.conditional_hazard.per_source.879,0.02199559099972248
prediction_encoder.conditional_hazard.per_source.902,0.022810937836766243
prediction_encoder.conditional_hazard.per_source.903,0.02406718209385872
prediction_encoder.conditional_hazard.per_source.906,0.052552927285432816
prediction_encoder.conditional_hazard.per_source.935,0.489144891500473
prediction_encoder.conditional_hazard.per_source.936,0.2894318997859955
prediction_encoder.conditional_hazard.per_source.937,0.15756015479564667
prediction_encoder.conditional_hazard.per_source.963,0.163767471909523
prediction_encoder.conditional_hazard.per_source.965,0.6200267672538757
prediction_encoder.conditional_hazard.per_source.967,0.28621920943260193
prediction_encoder.conditional_hazard.per_source.992,0.08297210186719894
prediction_encoder.conditional_hazard.per_source.994,0.17813710868358612
prediction_encoder.conditional_hazard.per_source.997,0.2979809641838074
prediction_encoder.conditional_hazard.horizons.0.75.n,643
prediction_encoder.conditional_hazard.horizons.0.75.sources,15
prediction_encoder.conditional_hazard.horizons.0.75.prevalence,0.0
prediction_encoder.conditional_hazard.horizons.0.75.log_loss,0.003337796607220301
prediction_encoder.conditional_hazard.horizons.0.75.brier,0.0003031576831576099
prediction_encoder.conditional_hazard.horizons.0.75.average_precision,
prediction_encoder.conditional_hazard.horizons.0.75.threshold,0.006176905240863562
prediction_encoder.conditional_hazard.horizons.0.75.recall,
prediction_encoder.conditional_hazard.horizons.0.75.false_positive_rate,0.04523197578143574
prediction_encoder.conditional_hazard.horizons.0.75.precision,0.0
prediction_encoder.conditional_hazard.horizons.0.75.events,0
prediction_encoder.conditional_hazard.horizons.0.75.missed,0
prediction_encoder.conditional_hazard.horizons.0.75.detected_timing_mae_ps,
prediction_encoder.conditional_hazard.horizons.0.75.timed_within_3ps_recall,
prediction_encoder.conditional_hazard.horizons.3.0.n,643
prediction_encoder.conditional_hazard.horizons.3.0.sources,15
prediction_encoder.conditional_hazard.horizons.3.0.prevalence,0.004964157706093189
prediction_encoder.conditional_hazard.horizons.3.0.log_loss,0.03469001525826916
prediction_encoder.conditional_hazard.horizons.3.0.brier,0.006763145421514647
prediction_encoder.conditional_hazard.horizons.3.0.average_precision,0.02735345231329788
prediction_encoder.conditional_hazard.horizons.3.0.threshold,0.01648767851293087
prediction_encoder.conditional_hazard.horizons.3.0.recall,0.21660649819494587
prediction_encoder.conditional_hazard.horizons.3.0.false_positive_rate,0.08814455542544389
prediction_encoder.conditional_hazard.horizons.3.0.precision,0.012111302504529194
prediction_encoder.conditional_hazard.horizons.3.0.events,3
prediction_encoder.conditional_hazard.horizons.3.0.missed,2
prediction_encoder.conditional_hazard.horizons.3.0.detected_timing_mae_ps,0.3804392475011191
prediction_encoder.conditional_hazard.horizons.3.0.timed_within_3ps_recall,0.3333333333333333
prediction_encoder.conditional_hazard.horizons.6.0.n,643
prediction_encoder.conditional_hazard.horizons.6.0.sources,15
prediction_encoder.conditional_hazard.horizons.6.0.prevalence,0.012423636212083323
prediction_encoder.conditional_hazard.horizons.6.0.log_loss,0.06691392811070304
prediction_encoder.conditional_hazard.horizons.6.0.brier,0.014396993280974026
prediction_encoder.conditional_hazard.horizons.6.0.average_precision,0.05819726738083733
prediction_encoder.conditional_hazard.horizons.6.0.threshold,0.03112143836915493
prediction_encoder.conditional_hazard.horizons.6.0.recall,0.24915980994321477
prediction_encoder.conditional_hazard.horizons.6.0.false_positive_rate,0.07284745073719182
prediction_encoder.conditional_hazard.horizons.6.0.precision,0.041252103194965174
prediction_encoder.conditional_hazard.horizons.6.0.events,7
prediction_encoder.conditional_hazard.horizons.6.0.missed,5
prediction_encoder.conditional_hazard.horizons.6.0.detected_timing_mae_ps,0.17213202129503724
prediction_encoder.conditional_hazard.horizons.6.0.timed_within_3ps_recall,0.2857142857142857
prediction_encoder.conditional_hazard.horizons.9.0.n,643
prediction_encoder.conditional_hazard.horizons.9.0.sources,15
prediction_encoder.conditional_hazard.horizons.9.0.prevalence,0.02264552139352361
prediction_encoder.conditional_hazard.horizons.9.0.log_loss,0.10873387895048854
prediction_encoder.conditional_hazard.horizons.9.0.brier,0.024182851390619556
prediction_encoder.conditional_hazard.horizons.9.0.average_precision,0.06465256939740821
prediction_encoder.conditional_hazard.horizons.9.0.threshold,0.06455665826797485
prediction_encoder.conditional_hazard.horizons.9.0.recall,0.3032864881835739
prediction_encoder.conditional_hazard.horizons.9.0.false_positive_rate,0.06034734957292707
prediction_encoder.conditional_hazard.horizons.9.0.precision,0.10430071939190091
prediction_encoder.conditional_hazard.horizons.9.0.events,13
prediction_encoder.conditional_hazard.horizons.9.0.missed,9
prediction_encoder.conditional_hazard.horizons.9.0.detected_timing_mae_ps,1.6316701657462431
prediction_encoder.conditional_hazard.horizons.9.0.timed_within_3ps_recall,0.23076923076923078
prediction_encoder.conditional_hazard.horizons.12.0.n,643
prediction_encoder.conditional_hazard.horizons.12.0.sources,15
prediction_encoder.conditional_hazard.horizons.12.0.prevalence,0.032479084681539046
prediction_encoder.conditional_hazard.horizons.12.0.log_loss,0.14000262396481233
prediction_encoder.conditional_hazard.horizons.12.0.brier,0.03347309680941965
prediction_encoder.conditional_hazard.horizons.12.0.average_precision,0.10175396726587249
prediction_encoder.conditional_hazard.horizons.12.0.threshold,0.08074497431516647
prediction_encoder.conditional_hazard.horizons.12.0.recall,0.33220299739886244
prediction_encoder.conditional_hazard.horizons.12.0.false_positive_rate,0.05176263334152753
prediction_encoder.conditional_hazard.horizons.12.0.precision,0.17725411380555595
prediction_encoder.conditional_hazard.horizons.12.0.events,18
prediction_encoder.conditional_hazard.horizons.12.0.missed,13
prediction_encoder.conditional_hazard.horizons.12.0.detected_timing_mae_ps,2.845486772763137
prediction_encoder.conditional_hazard.horizons.12.0.timed_within_3ps_recall,0.16666666666666666
prediction_encoder.temporal_response.low_change_threshold,1.2580139935016632
prediction_encoder.temporal_response.high_change_threshold,4.198172450065613
prediction_encoder.temporal_response.domains.all.pairs,720
prediction_encoder.temporal_response.domains.all.quiet,103
prediction_encoder.temporal_response.domains.all.changed,176
prediction_encoder.temporal_response.domains.all.change_distance_spearman,0.3154439598327414
prediction_encoder.temporal_response.domains.all.response_auc,0.7187775816416593
prediction_encoder.temporal_response.domains.all.quiet_normalized_distance,0.27495709060096735
prediction_encoder.temporal_response.domains.all.changed_normalized_distance,0.8964499007010508
prediction_encoder.temporal_response.domains.both_PTM_other.pairs,437
prediction_encoder.temporal_response.domains.both_PTM_other.quiet,15
prediction_encoder.temporal_response.domains.both_PTM_other.changed,67
prediction_encoder.temporal_response.domains.both_PTM_other.change_distance_spearman,0.08809407199854827
prediction_encoder.temporal_response.domains.both_PTM_other.response_auc,0.4786069651741294
prediction_encoder.temporal_response.domains.both_PTM_other.quiet_normalized_distance,0.09121258805130272
prediction_encoder.temporal_response.domains.both_PTM_other.changed_normalized_distance,0.23600795297661228
prediction_projector.future_residual_9ps.groups.all.rows,960
prediction_projector.future_residual_9ps.groups.all.sources,15
prediction_projector.future_residual_9ps.groups.all.mse,1.3369581770365282
prediction_projector.future_residual_9ps.groups.PTM_other.rows,686
prediction_projector.future_residual_9ps.groups.PTM_other.sources,15
prediction_projector.future_residual_9ps.groups.PTM_other.mse,1.726407083255162
prediction_projector.future_residual_9ps.groups.PTM_crystalline.rows,274
prediction_projector.future_residual_9ps.groups.PTM_crystalline.sources,13
prediction_projector.future_residual_9ps.groups.PTM_crystalline.mse,0.6235737749810232
prediction_projector.future_residual_9ps.groups.T400.rows,192
prediction_projector.future_residual_9ps.groups.T400.sources,3
prediction_projector.future_residual_9ps.groups.T400.mse,1.4760003738726177
prediction_projector.future_residual_9ps.groups.T450.rows,192
prediction_projector.future_residual_9ps.groups.T450.sources,3
prediction_projector.future_residual_9ps.groups.T450.mse,1.3111423789329515
prediction_projector.future_residual_9ps.groups.T500.rows,192
prediction_projector.future_residual_9ps.groups.T500.sources,3
prediction_projector.future_residual_9ps.groups.T500.mse,1.196342883980833
prediction_projector.future_residual_9ps.groups.T510.rows,192
prediction_projector.future_residual_9ps.groups.T510.sources,3
prediction_projector.future_residual_9ps.groups.T510.mse,1.208626729232492
prediction_projector.future_residual_9ps.groups.T520.rows,192
prediction_projector.future_residual_9ps.groups.T520.sources,3
prediction_projector.future_residual_9ps.groups.T520.mse,1.4926785191637464
prediction_projector.future_residual_9ps.per_source.876,1.306037425994873
prediction_projector.future_residual_9ps.per_source.878,1.7744086980819702
prediction_projector.future_residual_9ps.per_source.879,1.3975893259048462
prediction_projector.future_residual_9ps.per_source.902,1.513782024383545
prediction_projector.future_residual_9ps.per_source.903,1.3777854442596436
prediction_projector.future_residual_9ps.per_source.906,1.5364336967468262
prediction_projector.future_residual_9ps.per_source.935,1.6249971389770508
prediction_projector.future_residual_9ps.per_source.936,1.364332675933838
prediction_projector.future_residual_9ps.per_source.937,0.9440971612930298
prediction_projector.future_residual_9ps.per_source.963,0.6712480783462524
prediction_projector.future_residual_9ps.per_source.965,1.5140259265899658
prediction_projector.future_residual_9ps.per_source.967,1.403754711151123
prediction_projector.future_residual_9ps.per_source.992,0.6781549453735352
prediction_projector.future_residual_9ps.per_source.994,1.2757121324539185
prediction_projector.future_residual_9ps.per_source.997,1.6720130443572998
prediction_projector.residual_constant.groups.all.rows,960
prediction_projector.residual_constant.groups.all.sources,15
prediction_projector.residual_constant.groups.all.mse,1.332023421890335
prediction_projector.residual_constant.groups.PTM_other.rows,686
prediction_projector.residual_constant.groups.PTM_other.sources,15
prediction_projector.residual_constant.groups.PTM_other.mse,1.7201624557924204
prediction_projector.residual_constant.groups.PTM_crystalline.rows,274
prediction_projector.residual_constant.groups.PTM_crystalline.sources,13
prediction_projector.residual_constant.groups.PTM_crystalline.mse,0.6290717859534679
prediction_projector.residual_constant.groups.T400.rows,192
prediction_projector.residual_constant.groups.T400.sources,3
prediction_projector.residual_constant.groups.T400.mse,1.4719453435391188
prediction_projector.residual_constant.groups.T450.rows,192
prediction_projector.residual_constant.groups.T450.sources,3
prediction_projector.residual_constant.groups.T450.mse,1.296212443509527
prediction_projector.residual_constant.groups.T500.rows,192
prediction_projector.residual_constant.groups.T500.sources,3
prediction_projector.residual_constant.groups.T500.mse,1.1845963720988948
prediction_projector.residual_constant.groups.T510.rows,192
prediction_projector.residual_constant.groups.T510.sources,3
prediction_projector.residual_constant.groups.T510.mse,1.227402587159304
prediction_projector.residual_constant.groups.T520.rows,192
prediction_projector.residual_constant.groups.T520.sources,3
prediction_projector.residual_constant.groups.T520.mse,1.479960363144831
prediction_projector.residual_constant.per_source.876,1.2510082721710205
prediction_projector.residual_constant.per_source.878,1.784614086151123
prediction_projector.residual_constant.per_source.879,1.4042587280273438
prediction_projector.residual_constant.per_source.902,1.5010030269622803
prediction_projector.residual_constant.per_source.903,1.3775594234466553
prediction_projector.residual_constant.per_source.906,1.537273645401001
prediction_projector.residual_constant.per_source.935,1.6242361068725586
prediction_projector.residual_constant.per_source.936,1.31929349899292
prediction_projector.residual_constant.per_source.937,0.9451076984405518
prediction_projector.residual_constant.per_source.963,0.6611502170562744
prediction_projector.residual_constant.per_source.965,1.5156984329223633
prediction_projector.residual_constant.per_source.967,1.3769402503967285
prediction_projector.residual_constant.per_source.992,0.6967796087265015
prediction_projector.residual_constant.per_source.994,1.2939176559448242
prediction_projector.residual_constant.per_source.997,1.6915104389190674
prediction_projector.conditional_hazard.rows,643
prediction_projector.conditional_hazard.events_12ps,18
prediction_projector.conditional_hazard.nll,0.18935501657032067
prediction_projector.conditional_hazard.best_step,128
prediction_projector.conditional_hazard.tuning_nll,0.24653936231163176
prediction_projector.conditional_hazard.per_source.876,0.04161146655678749
prediction_projector.conditional_hazard.per_source.878,0.11204654723405838
prediction_projector.conditional_hazard.per_source.879,0.02199559099972248
prediction_projector.conditional_hazard.per_source.902,0.022810937836766243
prediction_projector.conditional_hazard.per_source.903,0.02406718209385872
prediction_projector.conditional_hazard.per_source.906,0.052552927285432816
prediction_projector.conditional_hazard.per_source.935,0.489144891500473
prediction_projector.conditional_hazard.per_source.936,0.2894318997859955
prediction_projector.conditional_hazard.per_source.937,0.15756015479564667
prediction_projector.conditional_hazard.per_source.963,0.163767471909523
prediction_projector.conditional_hazard.per_source.965,0.6200267672538757
prediction_projector.conditional_hazard.per_source.967,0.28621920943260193
prediction_projector.conditional_hazard.per_source.992,0.08297210186719894
prediction_projector.conditional_hazard.per_source.994,0.17813710868358612
prediction_projector.conditional_hazard.per_source.997,0.2979809641838074
prediction_projector.conditional_hazard.horizons.0.75.n,643
prediction_projector.conditional_hazard.horizons.0.75.sources,15
prediction_projector.conditional_hazard.horizons.0.75.prevalence,0.0
prediction_projector.conditional_hazard.horizons.0.75.log_loss,0.003337796607220301
prediction_projector.conditional_hazard.horizons.0.75.brier,0.0003031576831576099
prediction_projector.conditional_hazard.horizons.0.75.average_precision,
prediction_projector.conditional_hazard.horizons.0.75.threshold,0.006176905240863562
prediction_projector.conditional_hazard.horizons.0.75.recall,
prediction_projector.conditional_hazard.horizons.0.75.false_positive_rate,0.04523197578143574
prediction_projector.conditional_hazard.horizons.0.75.precision,0.0
prediction_projector.conditional_hazard.horizons.0.75.events,0
prediction_projector.conditional_hazard.horizons.0.75.missed,0
prediction_projector.conditional_hazard.horizons.0.75.detected_timing_mae_ps,
prediction_projector.conditional_hazard.horizons.0.75.timed_within_3ps_recall,
prediction_projector.conditional_hazard.horizons.3.0.n,643
prediction_projector.conditional_hazard.horizons.3.0.sources,15
prediction_projector.conditional_hazard.horizons.3.0.prevalence,0.004964157706093189
prediction_projector.conditional_hazard.horizons.3.0.log_loss,0.03469001525826916
prediction_projector.conditional_hazard.horizons.3.0.brier,0.006763145421514647
prediction_projector.conditional_hazard.horizons.3.0.average_precision,0.02735345231329788
prediction_projector.conditional_hazard.horizons.3.0.threshold,0.01648767851293087
prediction_projector.conditional_hazard.horizons.3.0.recall,0.21660649819494587
prediction_projector.conditional_hazard.horizons.3.0.false_positive_rate,0.08814455542544389
prediction_projector.conditional_hazard.horizons.3.0.precision,0.012111302504529194
prediction_projector.conditional_hazard.horizons.3.0.events,3
prediction_projector.conditional_hazard.horizons.3.0.missed,2
prediction_projector.conditional_hazard.horizons.3.0.detected_timing_mae_ps,0.3804392475011191
prediction_projector.conditional_hazard.horizons.3.0.timed_within_3ps_recall,0.3333333333333333
prediction_projector.conditional_hazard.horizons.6.0.n,643
prediction_projector.conditional_hazard.horizons.6.0.sources,15
prediction_projector.conditional_hazard.horizons.6.0.prevalence,0.012423636212083323
prediction_projector.conditional_hazard.horizons.6.0.log_loss,0.06691392811070304
prediction_projector.conditional_hazard.horizons.6.0.brier,0.014396993280974026
prediction_projector.conditional_hazard.horizons.6.0.average_precision,0.05819726738083733
prediction_projector.conditional_hazard.horizons.6.0.threshold,0.03112143836915493
prediction_projector.conditional_hazard.horizons.6.0.recall,0.24915980994321477
prediction_projector.conditional_hazard.horizons.6.0.false_positive_rate,0.07284745073719182
prediction_projector.conditional_hazard.horizons.6.0.precision,0.041252103194965174
prediction_projector.conditional_hazard.horizons.6.0.events,7
prediction_projector.conditional_hazard.horizons.6.0.missed,5
prediction_projector.conditional_hazard.horizons.6.0.detected_timing_mae_ps,0.17213202129503724
prediction_projector.conditional_hazard.horizons.6.0.timed_within_3ps_recall,0.2857142857142857
prediction_projector.conditional_hazard.horizons.9.0.n,643
prediction_projector.conditional_hazard.horizons.9.0.sources,15
prediction_projector.conditional_hazard.horizons.9.0.prevalence,0.02264552139352361
prediction_projector.conditional_hazard.horizons.9.0.log_loss,0.10873387895048854
prediction_projector.conditional_hazard.horizons.9.0.brier,0.024182851390619556
prediction_projector.conditional_hazard.horizons.9.0.average_precision,0.06465256939740821
prediction_projector.conditional_hazard.horizons.9.0.threshold,0.06455665826797485
prediction_projector.conditional_hazard.horizons.9.0.recall,0.3032864881835739
prediction_projector.conditional_hazard.horizons.9.0.false_positive_rate,0.06034734957292707
prediction_projector.conditional_hazard.horizons.9.0.precision,0.10430071939190091
prediction_projector.conditional_hazard.horizons.9.0.events,13
prediction_projector.conditional_hazard.horizons.9.0.missed,9
prediction_projector.conditional_hazard.horizons.9.0.detected_timing_mae_ps,1.6316701657462431
prediction_projector.conditional_hazard.horizons.9.0.timed_within_3ps_recall,0.23076923076923078
prediction_projector.conditional_hazard.horizons.12.0.n,643
prediction_projector.conditional_hazard.horizons.12.0.sources,15
prediction_projector.conditional_hazard.horizons.12.0.prevalence,0.032479084681539046
prediction_projector.conditional_hazard.horizons.12.0.log_loss,0.14000262396481233
prediction_projector.conditional_hazard.horizons.12.0.brier,0.03347309680941965
prediction_projector.conditional_hazard.horizons.12.0.average_precision,0.10175396726587249
prediction_projector.conditional_hazard.horizons.12.0.threshold,0.08074497431516647
prediction_projector.conditional_hazard.horizons.12.0.recall,0.33220299739886244
prediction_projector.conditional_hazard.horizons.12.0.false_positive_rate,0.05176263334152753
prediction_projector.conditional_hazard.horizons.12.0.precision,0.17725411380555595
prediction_projector.conditional_hazard.horizons.12.0.events,18
prediction_projector.conditional_hazard.horizons.12.0.missed,13
prediction_projector.conditional_hazard.horizons.12.0.detected_timing_mae_ps,2.845486772763137
prediction_projector.conditional_hazard.horizons.12.0.timed_within_3ps_recall,0.16666666666666666
prediction_projector.temporal_response.low_change_threshold,1.2580139935016632
prediction_projector.temporal_response.high_change_threshold,4.198172450065613
prediction_projector.temporal_response.domains.all.pairs,720
prediction_projector.temporal_response.domains.all.quiet,103
prediction_projector.temporal_response.domains.all.changed,176
prediction_projector.temporal_response.domains.all.change_distance_spearman,0.3154439598327414
prediction_projector.temporal_response.domains.all.response_auc,0.7187775816416593
prediction_projector.temporal_response.domains.all.quiet_normalized_distance,0.27495709060096735
prediction_projector.temporal_response.domains.all.changed_normalized_distance,0.8964499007010508
prediction_projector.temporal_response.domains.both_PTM_other.pairs,437
prediction_projector.temporal_response.domains.both_PTM_other.quiet,15
prediction_projector.temporal_response.domains.both_PTM_other.changed,67
prediction_projector.temporal_response.domains.both_PTM_other.change_distance_spearman,0.08809407199854827
prediction_projector.temporal_response.domains.both_PTM_other.response_auc,0.4786069651741294
prediction_projector.temporal_response.domains.both_PTM_other.quiet_normalized_distance,0.09121258805130272
prediction_projector.temporal_response.domains.both_PTM_other.changed_normalized_distance,0.23600795297661228
