metric,value
frame_00_Al_encoder.collapse.effective_rank,6.650577863455721
frame_00_Al_encoder.collapse.variance,0.6870885798374587
frame_00_Al_encoder.collapse.pair_rms,1.1722530271553653
frame_00_Al_encoder.liquid_collapse.effective_rank,6.6404818245205
frame_00_Al_encoder.liquid_collapse.variance,0.6883015561256965
frame_00_Al_encoder.liquid_collapse.pair_rms,1.1732873101893642
frame_00_Al_encoder.reference_coverage.liquid_fraction,0.9658203125
frame_00_Al_encoder.reference_coverage.cutoff_stable_fraction,0.939453125
frame_00_Al_encoder.context.counts.0.train,583
frame_00_Al_encoder.context.counts.0.test,579
frame_00_Al_encoder.context.counts.1.train,0
frame_00_Al_encoder.context.counts.1.test,0
frame_00_Al_encoder.context.counts.2.train,58
frame_00_Al_encoder.context.counts.2.test,55
frame_00_Al_encoder.context.counts.3.train,0
frame_00_Al_encoder.context.counts.3.test,4
frame_00_Al_encoder.context.counts.4.train,0
frame_00_Al_encoder.context.counts.4.test,0
frame_00_Al_encoder.context.counts.5.train,851
frame_00_Al_encoder.context.counts.5.test,871
frame_00_Al_encoder.context.counts.6.train,379
frame_00_Al_encoder.context.counts.6.test,376
frame_00_Al_encoder.context.test_coverage,0.9978779840848806
frame_00_Al_encoder.context.balanced_accuracy,0.28673569850080366
frame_00_Al_encoder.context.ap.0,0.3248591736494049
frame_00_Al_encoder.context.ap.1,
frame_00_Al_encoder.context.ap.2,0.06066509822860559
frame_00_Al_encoder.context.ap.3,
frame_00_Al_encoder.context.ap.4,
frame_00_Al_encoder.context.ap.5,0.5098273524887615
frame_00_Al_encoder.context.ap.6,0.2079033641592326
frame_00_Al_encoder.ptm.counts.0.train,1828
frame_00_Al_encoder.ptm.counts.0.test,1838
frame_00_Al_encoder.ptm.counts.1.train,9
frame_00_Al_encoder.ptm.counts.1.test,7
frame_00_Al_encoder.ptm.counts.2.train,9
frame_00_Al_encoder.ptm.counts.2.test,16
frame_00_Al_encoder.ptm.counts.3.train,0
frame_00_Al_encoder.ptm.counts.3.test,0
frame_00_Al_encoder.ptm.counts.4.train,25
frame_00_Al_encoder.ptm.counts.4.test,24
frame_00_Al_encoder.ptm.test_coverage,0.9877984084880637
frame_00_Al_encoder.ptm.balanced_accuracy,0.6107408414943779
frame_00_Al_encoder.ptm.ap.0,0.9818310612944283
frame_00_Al_encoder.ptm.ap.1,
frame_00_Al_encoder.ptm.ap.2,
frame_00_Al_encoder.ptm.ap.3,
frame_00_Al_encoder.ptm.ap.4,0.04197920001832191
frame_00_Al_encoder.liquid_order.train_count,1813
frame_00_Al_encoder.liquid_order.test_count,1826
frame_00_Al_encoder.liquid_order.conditional_r2_gain,-0.005963633302599192
frame_00_Al_encoder.liquid_order.mean_r2,-0.009086509235203266
frame_00_Al_encoder.context_cutoff_008.counts.0.train,583
frame_00_Al_encoder.context_cutoff_008.counts.0.test,580
frame_00_Al_encoder.context_cutoff_008.counts.1.train,0
frame_00_Al_encoder.context_cutoff_008.counts.1.test,0
frame_00_Al_encoder.context_cutoff_008.counts.2.train,20
frame_00_Al_encoder.context_cutoff_008.counts.2.test,19
frame_00_Al_encoder.context_cutoff_008.counts.3.train,0
frame_00_Al_encoder.context_cutoff_008.counts.3.test,4
frame_00_Al_encoder.context_cutoff_008.counts.4.train,0
frame_00_Al_encoder.context_cutoff_008.counts.4.test,0
frame_00_Al_encoder.context_cutoff_008.counts.5.train,854
frame_00_Al_encoder.context_cutoff_008.counts.5.test,874
frame_00_Al_encoder.context_cutoff_008.counts.6.train,414
frame_00_Al_encoder.context_cutoff_008.counts.6.test,408
frame_00_Al_encoder.context_cutoff_008.test_coverage,0.9978779840848806
frame_00_Al_encoder.context_cutoff_008.balanced_accuracy,0.26142010264217735
frame_00_Al_encoder.context_cutoff_008.ap.0,0.3312576850196097
frame_00_Al_encoder.context_cutoff_008.ap.1,
frame_00_Al_encoder.context_cutoff_008.ap.2,
frame_00_Al_encoder.context_cutoff_008.ap.3,
frame_00_Al_encoder.context_cutoff_008.ap.4,
frame_00_Al_encoder.context_cutoff_008.ap.5,0.5101744643029573
frame_00_Al_encoder.context_cutoff_008.ap.6,0.22830265458977406
frame_00_Al_encoder.context_cutoff_010.counts.0.train,583
frame_00_Al_encoder.context_cutoff_010.counts.0.test,579
frame_00_Al_encoder.context_cutoff_010.counts.1.train,0
frame_00_Al_encoder.context_cutoff_010.counts.1.test,0
frame_00_Al_encoder.context_cutoff_010.counts.2.train,58
frame_00_Al_encoder.context_cutoff_010.counts.2.test,55
frame_00_Al_encoder.context_cutoff_010.counts.3.train,0
frame_00_Al_encoder.context_cutoff_010.counts.3.test,4
frame_00_Al_encoder.context_cutoff_010.counts.4.train,0
frame_00_Al_encoder.context_cutoff_010.counts.4.test,0
frame_00_Al_encoder.context_cutoff_010.counts.5.train,851
frame_00_Al_encoder.context_cutoff_010.counts.5.test,871
frame_00_Al_encoder.context_cutoff_010.counts.6.train,379
frame_00_Al_encoder.context_cutoff_010.counts.6.test,376
frame_00_Al_encoder.context_cutoff_010.test_coverage,0.9978779840848806
frame_00_Al_encoder.context_cutoff_010.balanced_accuracy,0.28673569850080366
frame_00_Al_encoder.context_cutoff_010.ap.0,0.3248591736494049
frame_00_Al_encoder.context_cutoff_010.ap.1,
frame_00_Al_encoder.context_cutoff_010.ap.2,0.06066509822860559
frame_00_Al_encoder.context_cutoff_010.ap.3,
frame_00_Al_encoder.context_cutoff_010.ap.4,
frame_00_Al_encoder.context_cutoff_010.ap.5,0.5098273524887615
frame_00_Al_encoder.context_cutoff_010.ap.6,0.2079033641592326
frame_00_Al_encoder.context_cutoff_012.counts.0.train,574
frame_00_Al_encoder.context_cutoff_012.counts.0.test,576
frame_00_Al_encoder.context_cutoff_012.counts.1.train,1
frame_00_Al_encoder.context_cutoff_012.counts.1.test,0
frame_00_Al_encoder.context_cutoff_012.counts.2.train,140
frame_00_Al_encoder.context_cutoff_012.counts.2.test,124
frame_00_Al_encoder.context_cutoff_012.counts.3.train,0
frame_00_Al_encoder.context_cutoff_012.counts.3.test,4
frame_00_Al_encoder.context_cutoff_012.counts.4.train,0
frame_00_Al_encoder.context_cutoff_012.counts.4.test,0
frame_00_Al_encoder.context_cutoff_012.counts.5.train,840
frame_00_Al_encoder.context_cutoff_012.counts.5.test,861
frame_00_Al_encoder.context_cutoff_012.counts.6.train,316
frame_00_Al_encoder.context_cutoff_012.counts.6.test,320
frame_00_Al_encoder.context_cutoff_012.test_coverage,0.9978779840848806
frame_00_Al_encoder.context_cutoff_012.balanced_accuracy,0.27739422152286036
frame_00_Al_encoder.context_cutoff_012.ap.0,0.324552262641335
frame_00_Al_encoder.context_cutoff_012.ap.1,
frame_00_Al_encoder.context_cutoff_012.ap.2,0.0782032782769906
frame_00_Al_encoder.context_cutoff_012.ap.3,
frame_00_Al_encoder.context_cutoff_012.ap.4,
frame_00_Al_encoder.context_cutoff_012.ap.5,0.5060950692720889
frame_00_Al_encoder.context_cutoff_012.ap.6,0.17683753468743782
frame_00_Al_encoder.planar_fault.counts.0.train,1862
frame_00_Al_encoder.planar_fault.counts.0.test,1869
frame_00_Al_encoder.planar_fault.counts.1.train,9
frame_00_Al_encoder.planar_fault.counts.1.test,12
frame_00_Al_encoder.planar_fault.counts.2.train,0
frame_00_Al_encoder.planar_fault.counts.2.test,1
frame_00_Al_encoder.planar_fault.counts.3.train,0
frame_00_Al_encoder.planar_fault.counts.3.test,2
frame_00_Al_encoder.planar_fault.counts.4.train,0
frame_00_Al_encoder.planar_fault.counts.4.test,1
frame_00_Al_encoder.planar_fault.test_coverage,0.9915119363395225
frame_00_Al_encoder.planar_fault.balanced_accuracy,
frame_00_Al_encoder.spatial.auc,0.4958154658639051
frame_00_Al_encoder.spatial.pairs,1709
frame_00_Al_encoder.spatial.changed_pairs,927
frame_00_Al_encoder.spatial.bins,5
frame_00_Al_encoder.spatial.same_label_normalized_distance,0.9520813991310807
frame_00_Al_encoder.nonbulk_spatial.auc,0.4958154658639051
frame_00_Al_encoder.nonbulk_spatial.pairs,1709
frame_00_Al_encoder.nonbulk_spatial.changed_pairs,927
frame_00_Al_encoder.nonbulk_spatial.bins,5
frame_00_Al_encoder.nonbulk_spatial.same_label_normalized_distance,0.9520813991310807
frame_00_Al_encoder.shuffled_spatial.auc,0.4884359171823773
frame_00_Al_encoder.shuffled_spatial.pairs,1709
frame_00_Al_encoder.shuffled_spatial.changed_pairs,927
frame_00_Al_encoder.shuffled_spatial.bins,5
frame_00_Al_encoder.shuffled_spatial.same_label_normalized_distance,0.9735141247685537
frame_00_Al_encoder.collapsed_spatial.auc,0.5
frame_00_Al_encoder.collapsed_spatial.pairs,1709
frame_00_Al_encoder.collapsed_spatial.changed_pairs,927
frame_00_Al_encoder.collapsed_spatial.bins,5
frame_00_Al_encoder.collapsed_spatial.same_label_normalized_distance,
frame_00_Al_encoder.liquid_topology.train_count,444
frame_00_Al_encoder.liquid_topology.test_count,461
frame_00_Al_encoder.liquid_topology.conditional_r2_gain,-0.27141138911247253
frame_00_Al_encoder.liquid_topology.mean_r2,-0.2855711579322815
frame_00_Al_encoder.nonbulk_cluster_ami,-0.0014460548843804372
frame_00_Al_encoder.continuity_fixed_candidates_center_fixed.0.0001.pair_rms,1.1686208971523218
frame_00_Al_encoder.continuity_fixed_candidates_center_fixed.0.0001.normalized_median,7.937235466379909e-05
frame_00_Al_encoder.continuity_fixed_candidates_center_fixed.0.0001.normalized_p95,0.13154534989799793
frame_00_Al_encoder.continuity_fixed_candidates_center_fixed.0.01.pair_rms,1.1686208971523218
frame_00_Al_encoder.continuity_fixed_candidates_center_fixed.0.01.normalized_median,0.35485133018807924
frame_00_Al_encoder.continuity_fixed_candidates_center_fixed.0.01.normalized_p95,0.7625937470857199
frame_00_Al_encoder.continuity_fixed_candidates_center_fixed.0.1.pair_rms,1.1686208971523218
frame_00_Al_encoder.continuity_fixed_candidates_center_fixed.0.1.normalized_median,0.8195622163957855
frame_00_Al_encoder.continuity_fixed_candidates_center_fixed.0.1.normalized_p95,1.2566925486866203
frame_00_Al_projector.collapse.effective_rank,5.357497603757702
frame_00_Al_projector.collapse.variance,0.007990570366393439
frame_00_Al_projector.collapse.pair_rms,0.12641653662708402
frame_00_Al_projector.liquid_collapse.effective_rank,5.345243935052483
frame_00_Al_projector.liquid_collapse.variance,0.008016190974017297
frame_00_Al_projector.liquid_collapse.pair_rms,0.12661904259642226
frame_00_Al_projector.reference_coverage.liquid_fraction,0.9658203125
frame_00_Al_projector.reference_coverage.cutoff_stable_fraction,0.939453125
frame_00_Al_projector.context.counts.0.train,583
frame_00_Al_projector.context.counts.0.test,579
frame_00_Al_projector.context.counts.1.train,0
frame_00_Al_projector.context.counts.1.test,0
frame_00_Al_projector.context.counts.2.train,58
frame_00_Al_projector.context.counts.2.test,55
frame_00_Al_projector.context.counts.3.train,0
frame_00_Al_projector.context.counts.3.test,4
frame_00_Al_projector.context.counts.4.train,0
frame_00_Al_projector.context.counts.4.test,0
frame_00_Al_projector.context.counts.5.train,851
frame_00_Al_projector.context.counts.5.test,871
frame_00_Al_projector.context.counts.6.train,379
frame_00_Al_projector.context.counts.6.test,376
frame_00_Al_projector.context.test_coverage,0.9978779840848806
frame_00_Al_projector.context.balanced_accuracy,0.2820971680371901
frame_00_Al_projector.context.ap.0,0.35431375521378405
frame_00_Al_projector.context.ap.1,
frame_00_Al_projector.context.ap.2,0.035943096251039044
frame_00_Al_projector.context.ap.3,
frame_00_Al_projector.context.ap.4,
frame_00_Al_projector.context.ap.5,0.5159903018063257
frame_00_Al_projector.context.ap.6,0.21058226322805107
frame_00_Al_projector.ptm.counts.0.train,1828
frame_00_Al_projector.ptm.counts.0.test,1838
frame_00_Al_projector.ptm.counts.1.train,9
frame_00_Al_projector.ptm.counts.1.test,7
frame_00_Al_projector.ptm.counts.2.train,9
frame_00_Al_projector.ptm.counts.2.test,16
frame_00_Al_projector.ptm.counts.3.train,0
frame_00_Al_projector.ptm.counts.3.test,0
frame_00_Al_projector.ptm.counts.4.train,25
frame_00_Al_projector.ptm.counts.4.test,24
frame_00_Al_projector.ptm.test_coverage,0.9877984084880637
frame_00_Al_projector.ptm.balanced_accuracy,0.6735582154515778
frame_00_Al_projector.ptm.ap.0,0.9813441721388921
frame_00_Al_projector.ptm.ap.1,
frame_00_Al_projector.ptm.ap.2,
frame_00_Al_projector.ptm.ap.3,
frame_00_Al_projector.ptm.ap.4,0.036773069748351095
frame_00_Al_projector.liquid_order.train_count,1813
frame_00_Al_projector.liquid_order.test_count,1826
frame_00_Al_projector.liquid_order.conditional_r2_gain,0.009227593429386616
frame_00_Al_projector.liquid_order.mean_r2,0.012016762979328632
frame_00_Al_projector.context_cutoff_008.counts.0.train,583
frame_00_Al_projector.context_cutoff_008.counts.0.test,580
frame_00_Al_projector.context_cutoff_008.counts.1.train,0
frame_00_Al_projector.context_cutoff_008.counts.1.test,0
frame_00_Al_projector.context_cutoff_008.counts.2.train,20
frame_00_Al_projector.context_cutoff_008.counts.2.test,19
frame_00_Al_projector.context_cutoff_008.counts.3.train,0
frame_00_Al_projector.context_cutoff_008.counts.3.test,4
frame_00_Al_projector.context_cutoff_008.counts.4.train,0
frame_00_Al_projector.context_cutoff_008.counts.4.test,0
frame_00_Al_projector.context_cutoff_008.counts.5.train,854
frame_00_Al_projector.context_cutoff_008.counts.5.test,874
frame_00_Al_projector.context_cutoff_008.counts.6.train,414
frame_00_Al_projector.context_cutoff_008.counts.6.test,408
frame_00_Al_projector.context_cutoff_008.test_coverage,0.9978779840848806
frame_00_Al_projector.context_cutoff_008.balanced_accuracy,0.2985312877616919
frame_00_Al_projector.context_cutoff_008.ap.0,0.35468849746022035
frame_00_Al_projector.context_cutoff_008.ap.1,
frame_00_Al_projector.context_cutoff_008.ap.2,
frame_00_Al_projector.context_cutoff_008.ap.3,
frame_00_Al_projector.context_cutoff_008.ap.4,
frame_00_Al_projector.context_cutoff_008.ap.5,0.5174033553089676
frame_00_Al_projector.context_cutoff_008.ap.6,0.23642794276561768
frame_00_Al_projector.context_cutoff_010.counts.0.train,583
frame_00_Al_projector.context_cutoff_010.counts.0.test,579
frame_00_Al_projector.context_cutoff_010.counts.1.train,0
frame_00_Al_projector.context_cutoff_010.counts.1.test,0
frame_00_Al_projector.context_cutoff_010.counts.2.train,58
frame_00_Al_projector.context_cutoff_010.counts.2.test,55
frame_00_Al_projector.context_cutoff_010.counts.3.train,0
frame_00_Al_projector.context_cutoff_010.counts.3.test,4
frame_00_Al_projector.context_cutoff_010.counts.4.train,0
frame_00_Al_projector.context_cutoff_010.counts.4.test,0
frame_00_Al_projector.context_cutoff_010.counts.5.train,851
frame_00_Al_projector.context_cutoff_010.counts.5.test,871
frame_00_Al_projector.context_cutoff_010.counts.6.train,379
frame_00_Al_projector.context_cutoff_010.counts.6.test,376
frame_00_Al_projector.context_cutoff_010.test_coverage,0.9978779840848806
frame_00_Al_projector.context_cutoff_010.balanced_accuracy,0.2820971680371901
frame_00_Al_projector.context_cutoff_010.ap.0,0.35431375521378405
frame_00_Al_projector.context_cutoff_010.ap.1,
frame_00_Al_projector.context_cutoff_010.ap.2,0.035943096251039044
frame_00_Al_projector.context_cutoff_010.ap.3,
frame_00_Al_projector.context_cutoff_010.ap.4,
frame_00_Al_projector.context_cutoff_010.ap.5,0.5159903018063257
frame_00_Al_projector.context_cutoff_010.ap.6,0.21058226322805107
frame_00_Al_projector.context_cutoff_012.counts.0.train,574
frame_00_Al_projector.context_cutoff_012.counts.0.test,576
frame_00_Al_projector.context_cutoff_012.counts.1.train,1
frame_00_Al_projector.context_cutoff_012.counts.1.test,0
frame_00_Al_projector.context_cutoff_012.counts.2.train,140
frame_00_Al_projector.context_cutoff_012.counts.2.test,124
frame_00_Al_projector.context_cutoff_012.counts.3.train,0
frame_00_Al_projector.context_cutoff_012.counts.3.test,4
frame_00_Al_projector.context_cutoff_012.counts.4.train,0
frame_00_Al_projector.context_cutoff_012.counts.4.test,0
frame_00_Al_projector.context_cutoff_012.counts.5.train,840
frame_00_Al_projector.context_cutoff_012.counts.5.test,861
frame_00_Al_projector.context_cutoff_012.counts.6.train,316
frame_00_Al_projector.context_cutoff_012.counts.6.test,320
frame_00_Al_projector.context_cutoff_012.test_coverage,0.9978779840848806
frame_00_Al_projector.context_cutoff_012.balanced_accuracy,0.27627209116993245
frame_00_Al_projector.context_cutoff_012.ap.0,0.35679502249943396
frame_00_Al_projector.context_cutoff_012.ap.1,
frame_00_Al_projector.context_cutoff_012.ap.2,0.06788232692230498
frame_00_Al_projector.context_cutoff_012.ap.3,
frame_00_Al_projector.context_cutoff_012.ap.4,
frame_00_Al_projector.context_cutoff_012.ap.5,0.5144424115201677
frame_00_Al_projector.context_cutoff_012.ap.6,0.170609801756711
frame_00_Al_projector.planar_fault.counts.0.train,1862
frame_00_Al_projector.planar_fault.counts.0.test,1869
frame_00_Al_projector.planar_fault.counts.1.train,9
frame_00_Al_projector.planar_fault.counts.1.test,12
frame_00_Al_projector.planar_fault.counts.2.train,0
frame_00_Al_projector.planar_fault.counts.2.test,1
frame_00_Al_projector.planar_fault.counts.3.train,0
frame_00_Al_projector.planar_fault.counts.3.test,2
frame_00_Al_projector.planar_fault.counts.4.train,0
frame_00_Al_projector.planar_fault.counts.4.test,1
frame_00_Al_projector.planar_fault.test_coverage,0.9915119363395225
frame_00_Al_projector.planar_fault.balanced_accuracy,
frame_00_Al_projector.spatial.auc,0.4982061769510078
frame_00_Al_projector.spatial.pairs,1709
frame_00_Al_projector.spatial.changed_pairs,927
frame_00_Al_projector.spatial.bins,5
frame_00_Al_projector.spatial.same_label_normalized_distance,0.940858381324252
frame_00_Al_projector.nonbulk_spatial.auc,0.4982061769510078
frame_00_Al_projector.nonbulk_spatial.pairs,1709
frame_00_Al_projector.nonbulk_spatial.changed_pairs,927
frame_00_Al_projector.nonbulk_spatial.bins,5
frame_00_Al_projector.nonbulk_spatial.same_label_normalized_distance,0.940858381324252
frame_00_Al_projector.shuffled_spatial.auc,0.48974805027038504
frame_00_Al_projector.shuffled_spatial.pairs,1709
frame_00_Al_projector.shuffled_spatial.changed_pairs,927
frame_00_Al_projector.shuffled_spatial.bins,5
frame_00_Al_projector.shuffled_spatial.same_label_normalized_distance,0.9637565775527651
frame_00_Al_projector.collapsed_spatial.auc,0.5
frame_00_Al_projector.collapsed_spatial.pairs,1709
frame_00_Al_projector.collapsed_spatial.changed_pairs,927
frame_00_Al_projector.collapsed_spatial.bins,5
frame_00_Al_projector.collapsed_spatial.same_label_normalized_distance,
frame_00_Al_projector.liquid_topology.train_count,444
frame_00_Al_projector.liquid_topology.test_count,461
frame_00_Al_projector.liquid_topology.conditional_r2_gain,-0.11615666002035141
frame_00_Al_projector.liquid_topology.mean_r2,-0.122190460562706
frame_00_Al_projector.nonbulk_cluster_ami,0.0010993273125483405
frame_00_Al_projector.continuity_fixed_candidates_center_fixed.0.0001.pair_rms,0.12735473645791348
frame_00_Al_projector.continuity_fixed_candidates_center_fixed.0.0001.normalized_median,7.765576131078918e-05
frame_00_Al_projector.continuity_fixed_candidates_center_fixed.0.0001.normalized_p95,0.12784686073384868
frame_00_Al_projector.continuity_fixed_candidates_center_fixed.0.01.pair_rms,0.12735473645791348
frame_00_Al_projector.continuity_fixed_candidates_center_fixed.0.01.normalized_median,0.3468182095544836
frame_00_Al_projector.continuity_fixed_candidates_center_fixed.0.01.normalized_p95,0.7591686978357857
frame_00_Al_projector.continuity_fixed_candidates_center_fixed.0.1.pair_rms,0.12735473645791348
frame_00_Al_projector.continuity_fixed_candidates_center_fixed.0.1.normalized_median,0.7969341897577523
frame_00_Al_projector.continuity_fixed_candidates_center_fixed.0.1.normalized_p95,1.2611991065718897
frame_01_Al_encoder.collapse.effective_rank,6.643490888145327
frame_01_Al_encoder.collapse.variance,0.6952087237020375
frame_01_Al_encoder.collapse.pair_rms,1.1791596360985543
frame_01_Al_encoder.liquid_collapse.effective_rank,6.701856131100992
frame_01_Al_encoder.liquid_collapse.variance,0.6859205646434389
frame_01_Al_encoder.liquid_collapse.pair_rms,1.1712562184624156
frame_01_Al_encoder.reference_coverage.liquid_fraction,0.7822265625
frame_01_Al_encoder.reference_coverage.cutoff_stable_fraction,0.9384765625
frame_01_Al_encoder.context.counts.0.train,498
frame_01_Al_encoder.context.counts.0.test,514
frame_01_Al_encoder.context.counts.1.train,238
frame_01_Al_encoder.context.counts.1.test,201
frame_01_Al_encoder.context.counts.2.train,124
frame_01_Al_encoder.context.counts.2.test,124
frame_01_Al_encoder.context.counts.3.train,25
frame_01_Al_encoder.context.counts.3.test,26
frame_01_Al_encoder.context.counts.4.train,0
frame_01_Al_encoder.context.counts.4.test,0
frame_01_Al_encoder.context.counts.5.train,654
frame_01_Al_encoder.context.counts.5.test,683
frame_01_Al_encoder.context.counts.6.train,323
frame_01_Al_encoder.context.counts.6.test,310
frame_01_Al_encoder.context.test_coverage,1.0
frame_01_Al_encoder.context.balanced_accuracy,0.39779874277128596
frame_01_Al_encoder.context.ap.0,0.3367323555110476
frame_01_Al_encoder.context.ap.1,0.9464741302645717
frame_01_Al_encoder.context.ap.2,0.14296660789831517
frame_01_Al_encoder.context.ap.3,0.0810598684892966
frame_01_Al_encoder.context.ap.4,
frame_01_Al_encoder.context.ap.5,0.5074583871746577
frame_01_Al_encoder.context.ap.6,0.20219425154911239
frame_01_Al_encoder.ptm.counts.0.train,1527
frame_01_Al_encoder.ptm.counts.0.test,1561
frame_01_Al_encoder.ptm.counts.1.train,274
frame_01_Al_encoder.ptm.counts.1.test,237
frame_01_Al_encoder.ptm.counts.2.train,37
frame_01_Al_encoder.ptm.counts.2.test,38
frame_01_Al_encoder.ptm.counts.3.train,0
frame_01_Al_encoder.ptm.counts.3.test,0
frame_01_Al_encoder.ptm.counts.4.train,24
frame_01_Al_encoder.ptm.counts.4.test,22
frame_01_Al_encoder.ptm.test_coverage,1.0
frame_01_Al_encoder.ptm.balanced_accuracy,0.5178337727546327
frame_01_Al_encoder.ptm.ap.0,0.9693216890420181
frame_01_Al_encoder.ptm.ap.1,0.8763188196942394
frame_01_Al_encoder.ptm.ap.2,0.03920145796832071
frame_01_Al_encoder.ptm.ap.3,
frame_01_Al_encoder.ptm.ap.4,0.08758035981634277
frame_01_Al_encoder.liquid_order.train_count,1475
frame_01_Al_encoder.liquid_order.test_count,1507
frame_01_Al_encoder.liquid_order.conditional_r2_gain,-0.02240648865699768
frame_01_Al_encoder.liquid_order.mean_r2,-0.01195316482335329
frame_01_Al_encoder.context_cutoff_008.counts.0.train,499
frame_01_Al_encoder.context_cutoff_008.counts.0.test,517
frame_01_Al_encoder.context_cutoff_008.counts.1.train,237
frame_01_Al_encoder.context_cutoff_008.counts.1.test,199
frame_01_Al_encoder.context_cutoff_008.counts.2.train,93
frame_01_Al_encoder.context_cutoff_008.counts.2.test,83
frame_01_Al_encoder.context_cutoff_008.counts.3.train,25
frame_01_Al_encoder.context_cutoff_008.counts.3.test,26
frame_01_Al_encoder.context_cutoff_008.counts.4.train,0
frame_01_Al_encoder.context_cutoff_008.counts.4.test,0
frame_01_Al_encoder.context_cutoff_008.counts.5.train,657
frame_01_Al_encoder.context_cutoff_008.counts.5.test,686
frame_01_Al_encoder.context_cutoff_008.counts.6.train,351
frame_01_Al_encoder.context_cutoff_008.counts.6.test,347
frame_01_Al_encoder.context_cutoff_008.test_coverage,1.0
frame_01_Al_encoder.context_cutoff_008.balanced_accuracy,0.3883682363977908
frame_01_Al_encoder.context_cutoff_008.ap.0,0.33668921945717944
frame_01_Al_encoder.context_cutoff_008.ap.1,0.9479822411075705
frame_01_Al_encoder.context_cutoff_008.ap.2,0.10165825907516435
frame_01_Al_encoder.context_cutoff_008.ap.3,0.08035582802996273
frame_01_Al_encoder.context_cutoff_008.ap.4,
frame_01_Al_encoder.context_cutoff_008.ap.5,0.5109921461068433
frame_01_Al_encoder.context_cutoff_008.ap.6,0.21691300688723159
frame_01_Al_encoder.context_cutoff_010.counts.0.train,498
frame_01_Al_encoder.context_cutoff_010.counts.0.test,514
frame_01_Al_encoder.context_cutoff_010.counts.1.train,238
frame_01_Al_encoder.context_cutoff_010.counts.1.test,201
frame_01_Al_encoder.context_cutoff_010.counts.2.train,124
frame_01_Al_encoder.context_cutoff_010.counts.2.test,124
frame_01_Al_encoder.context_cutoff_010.counts.3.train,25
frame_01_Al_encoder.context_cutoff_010.counts.3.test,26
frame_01_Al_encoder.context_cutoff_010.counts.4.train,0
frame_01_Al_encoder.context_cutoff_010.counts.4.test,0
frame_01_Al_encoder.context_cutoff_010.counts.5.train,654
frame_01_Al_encoder.context_cutoff_010.counts.5.test,683
frame_01_Al_encoder.context_cutoff_010.counts.6.train,323
frame_01_Al_encoder.context_cutoff_010.counts.6.test,310
frame_01_Al_encoder.context_cutoff_010.test_coverage,1.0
frame_01_Al_encoder.context_cutoff_010.balanced_accuracy,0.39779874277128596
frame_01_Al_encoder.context_cutoff_010.ap.0,0.3367323555110476
frame_01_Al_encoder.context_cutoff_010.ap.1,0.9464741302645717
frame_01_Al_encoder.context_cutoff_010.ap.2,0.14296660789831517
frame_01_Al_encoder.context_cutoff_010.ap.3,0.0810598684892966
frame_01_Al_encoder.context_cutoff_010.ap.4,
frame_01_Al_encoder.context_cutoff_010.ap.5,0.5074583871746577
frame_01_Al_encoder.context_cutoff_010.ap.6,0.20219425154911239
frame_01_Al_encoder.context_cutoff_012.counts.0.train,493
frame_01_Al_encoder.context_cutoff_012.counts.0.test,512
frame_01_Al_encoder.context_cutoff_012.counts.1.train,242
frame_01_Al_encoder.context_cutoff_012.counts.1.test,207
frame_01_Al_encoder.context_cutoff_012.counts.2.train,192
frame_01_Al_encoder.context_cutoff_012.counts.2.test,192
frame_01_Al_encoder.context_cutoff_012.counts.3.train,25
frame_01_Al_encoder.context_cutoff_012.counts.3.test,26
frame_01_Al_encoder.context_cutoff_012.counts.4.train,0
frame_01_Al_encoder.context_cutoff_012.counts.4.test,0
frame_01_Al_encoder.context_cutoff_012.counts.5.train,643
frame_01_Al_encoder.context_cutoff_012.counts.5.test,674
frame_01_Al_encoder.context_cutoff_012.counts.6.train,267
frame_01_Al_encoder.context_cutoff_012.counts.6.test,247
frame_01_Al_encoder.context_cutoff_012.test_coverage,1.0
frame_01_Al_encoder.context_cutoff_012.balanced_accuracy,0.4050387940530021
frame_01_Al_encoder.context_cutoff_012.ap.0,0.3391537891179737
frame_01_Al_encoder.context_cutoff_012.ap.1,0.9474724520340515
frame_01_Al_encoder.context_cutoff_012.ap.2,0.15625209356893682
frame_01_Al_encoder.context_cutoff_012.ap.3,0.09308871618088754
frame_01_Al_encoder.context_cutoff_012.ap.4,
frame_01_Al_encoder.context_cutoff_012.ap.5,0.5026892034418446
frame_01_Al_encoder.context_cutoff_012.ap.6,0.16160537242169865
frame_01_Al_encoder.planar_fault.counts.0.train,1825
frame_01_Al_encoder.planar_fault.counts.0.test,1820
frame_01_Al_encoder.planar_fault.counts.1.train,12
frame_01_Al_encoder.planar_fault.counts.1.test,12
frame_01_Al_encoder.planar_fault.counts.2.train,2
frame_01_Al_encoder.planar_fault.counts.2.test,2
frame_01_Al_encoder.planar_fault.counts.3.train,23
frame_01_Al_encoder.planar_fault.counts.3.test,24
frame_01_Al_encoder.planar_fault.counts.4.train,0
frame_01_Al_encoder.planar_fault.counts.4.test,0
frame_01_Al_encoder.planar_fault.test_coverage,0.9924650161463939
frame_01_Al_encoder.planar_fault.balanced_accuracy,0.6076923076923078
frame_01_Al_encoder.planar_fault.ap.0,0.9894549923474099
frame_01_Al_encoder.planar_fault.ap.1,
frame_01_Al_encoder.planar_fault.ap.2,
frame_01_Al_encoder.planar_fault.ap.3,0.06719637164812164
frame_01_Al_encoder.planar_fault.ap.4,
frame_01_Al_encoder.spatial.auc,0.5426605888713046
frame_01_Al_encoder.spatial.pairs,1656
frame_01_Al_encoder.spatial.changed_pairs,798
frame_01_Al_encoder.spatial.bins,5
frame_01_Al_encoder.spatial.same_label_normalized_distance,0.9032209508178544
frame_01_Al_encoder.nonbulk_spatial.auc,0.5189686247583177
frame_01_Al_encoder.nonbulk_spatial.pairs,1457
frame_01_Al_encoder.nonbulk_spatial.changed_pairs,781
frame_01_Al_encoder.nonbulk_spatial.bins,5
frame_01_Al_encoder.nonbulk_spatial.same_label_normalized_distance,0.945071927236238
frame_01_Al_encoder.shuffled_spatial.auc,0.534841904702627
frame_01_Al_encoder.shuffled_spatial.pairs,1457
frame_01_Al_encoder.shuffled_spatial.changed_pairs,781
frame_01_Al_encoder.shuffled_spatial.bins,5
frame_01_Al_encoder.shuffled_spatial.same_label_normalized_distance,0.9307905033756461
frame_01_Al_encoder.collapsed_spatial.auc,0.5
frame_01_Al_encoder.collapsed_spatial.pairs,1457
frame_01_Al_encoder.collapsed_spatial.changed_pairs,781
frame_01_Al_encoder.collapsed_spatial.bins,5
frame_01_Al_encoder.collapsed_spatial.same_label_normalized_distance,
frame_01_Al_encoder.liquid_topology.train_count,393
frame_01_Al_encoder.liquid_topology.test_count,357
frame_01_Al_encoder.liquid_topology.conditional_r2_gain,-1423.9542236328125
frame_01_Al_encoder.liquid_topology.mean_r2,-1552.216064453125
frame_01_Al_encoder.nonbulk_cluster_ami,0.002608762988108039
frame_01_Al_encoder.continuity_fixed_candidates_center_fixed.0.0001.pair_rms,1.2275042152493425
frame_01_Al_encoder.continuity_fixed_candidates_center_fixed.0.0001.normalized_median,8.041734169790245e-05
frame_01_Al_encoder.continuity_fixed_candidates_center_fixed.0.0001.normalized_p95,0.2011411071198046
frame_01_Al_encoder.continuity_fixed_candidates_center_fixed.0.01.pair_rms,1.2275042152493425
frame_01_Al_encoder.continuity_fixed_candidates_center_fixed.0.01.normalized_median,0.4373948135771109
frame_01_Al_encoder.continuity_fixed_candidates_center_fixed.0.01.normalized_p95,0.9307801687104663
frame_01_Al_encoder.continuity_fixed_candidates_center_fixed.0.1.pair_rms,1.2275042152493425
frame_01_Al_encoder.continuity_fixed_candidates_center_fixed.0.1.normalized_median,0.8139059859452391
frame_01_Al_encoder.continuity_fixed_candidates_center_fixed.0.1.normalized_p95,1.1624064462220478
frame_01_Al_projector.collapse.effective_rank,5.379164970733914
frame_01_Al_projector.collapse.variance,0.008140913059795642
frame_01_Al_projector.collapse.pair_rms,0.12760025908904452
frame_01_Al_projector.liquid_collapse.effective_rank,5.3929698004689515
frame_01_Al_projector.liquid_collapse.variance,0.008003595713730691
frame_01_Al_projector.liquid_collapse.pair_rms,0.1265195298262738
frame_01_Al_projector.reference_coverage.liquid_fraction,0.7822265625
frame_01_Al_projector.reference_coverage.cutoff_stable_fraction,0.9384765625
frame_01_Al_projector.context.counts.0.train,498
frame_01_Al_projector.context.counts.0.test,514
frame_01_Al_projector.context.counts.1.train,238
frame_01_Al_projector.context.counts.1.test,201
frame_01_Al_projector.context.counts.2.train,124
frame_01_Al_projector.context.counts.2.test,124
frame_01_Al_projector.context.counts.3.train,25
frame_01_Al_projector.context.counts.3.test,26
frame_01_Al_projector.context.counts.4.train,0
frame_01_Al_projector.context.counts.4.test,0
frame_01_Al_projector.context.counts.5.train,654
frame_01_Al_projector.context.counts.5.test,683
frame_01_Al_projector.context.counts.6.train,323
frame_01_Al_projector.context.counts.6.test,310
frame_01_Al_projector.context.test_coverage,1.0
frame_01_Al_projector.context.balanced_accuracy,0.37977479565655825
frame_01_Al_projector.context.ap.0,0.3451386199812638
frame_01_Al_projector.context.ap.1,0.8859606677060669
frame_01_Al_projector.context.ap.2,0.13274476776321528
frame_01_Al_projector.context.ap.3,0.1014734286974617
frame_01_Al_projector.context.ap.4,
frame_01_Al_projector.context.ap.5,0.5156220928436909
frame_01_Al_projector.context.ap.6,0.1925461336090926
frame_01_Al_projector.ptm.counts.0.train,1527
frame_01_Al_projector.ptm.counts.0.test,1561
frame_01_Al_projector.ptm.counts.1.train,274
frame_01_Al_projector.ptm.counts.1.test,237
frame_01_Al_projector.ptm.counts.2.train,37
frame_01_Al_projector.ptm.counts.2.test,38
frame_01_Al_projector.ptm.counts.3.train,0
frame_01_Al_projector.ptm.counts.3.test,0
frame_01_Al_projector.ptm.counts.4.train,24
frame_01_Al_projector.ptm.counts.4.test,22
frame_01_Al_projector.ptm.test_coverage,1.0
frame_01_Al_projector.ptm.balanced_accuracy,0.5179660298165002
frame_01_Al_projector.ptm.ap.0,0.962809076629829
frame_01_Al_projector.ptm.ap.1,0.8139959759011303
frame_01_Al_projector.ptm.ap.2,0.03444955619096246
frame_01_Al_projector.ptm.ap.3,
frame_01_Al_projector.ptm.ap.4,0.06652825666929793
frame_01_Al_projector.liquid_order.train_count,1475
frame_01_Al_projector.liquid_order.test_count,1507
frame_01_Al_projector.liquid_order.conditional_r2_gain,-0.002244114875793457
frame_01_Al_projector.liquid_order.mean_r2,0.003548751352354884
frame_01_Al_projector.context_cutoff_008.counts.0.train,499
frame_01_Al_projector.context_cutoff_008.counts.0.test,517
frame_01_Al_projector.context_cutoff_008.counts.1.train,237
frame_01_Al_projector.context_cutoff_008.counts.1.test,199
frame_01_Al_projector.context_cutoff_008.counts.2.train,93
frame_01_Al_projector.context_cutoff_008.counts.2.test,83
frame_01_Al_projector.context_cutoff_008.counts.3.train,25
frame_01_Al_projector.context_cutoff_008.counts.3.test,26
frame_01_Al_projector.context_cutoff_008.counts.4.train,0
frame_01_Al_projector.context_cutoff_008.counts.4.test,0
frame_01_Al_projector.context_cutoff_008.counts.5.train,657
frame_01_Al_projector.context_cutoff_008.counts.5.test,686
frame_01_Al_projector.context_cutoff_008.counts.6.train,351
frame_01_Al_projector.context_cutoff_008.counts.6.test,347
frame_01_Al_projector.context_cutoff_008.test_coverage,1.0
frame_01_Al_projector.context_cutoff_008.balanced_accuracy,0.3910229779030876
frame_01_Al_projector.context_cutoff_008.ap.0,0.34993469888201556
frame_01_Al_projector.context_cutoff_008.ap.1,0.8869092481278334
frame_01_Al_projector.context_cutoff_008.ap.2,0.11590650547532064
frame_01_Al_projector.context_cutoff_008.ap.3,0.09432481750381595
frame_01_Al_projector.context_cutoff_008.ap.4,
frame_01_Al_projector.context_cutoff_008.ap.5,0.5184042758440315
frame_01_Al_projector.context_cutoff_008.ap.6,0.22594989241499497
frame_01_Al_projector.context_cutoff_010.counts.0.train,498
frame_01_Al_projector.context_cutoff_010.counts.0.test,514
frame_01_Al_projector.context_cutoff_010.counts.1.train,238
frame_01_Al_projector.context_cutoff_010.counts.1.test,201
frame_01_Al_projector.context_cutoff_010.counts.2.train,124
frame_01_Al_projector.context_cutoff_010.counts.2.test,124
frame_01_Al_projector.context_cutoff_010.counts.3.train,25
frame_01_Al_projector.context_cutoff_010.counts.3.test,26
frame_01_Al_projector.context_cutoff_010.counts.4.train,0
frame_01_Al_projector.context_cutoff_010.counts.4.test,0
frame_01_Al_projector.context_cutoff_010.counts.5.train,654
frame_01_Al_projector.context_cutoff_010.counts.5.test,683
frame_01_Al_projector.context_cutoff_010.counts.6.train,323
frame_01_Al_projector.context_cutoff_010.counts.6.test,310
frame_01_Al_projector.context_cutoff_010.test_coverage,1.0
frame_01_Al_projector.context_cutoff_010.balanced_accuracy,0.37977479565655825
frame_01_Al_projector.context_cutoff_010.ap.0,0.3451386199812638
frame_01_Al_projector.context_cutoff_010.ap.1,0.8859606677060669
frame_01_Al_projector.context_cutoff_010.ap.2,0.13274476776321528
frame_01_Al_projector.context_cutoff_010.ap.3,0.1014734286974617
frame_01_Al_projector.context_cutoff_010.ap.4,
frame_01_Al_projector.context_cutoff_010.ap.5,0.5156220928436909
frame_01_Al_projector.context_cutoff_010.ap.6,0.1925461336090926
frame_01_Al_projector.context_cutoff_012.counts.0.train,493
frame_01_Al_projector.context_cutoff_012.counts.0.test,512
frame_01_Al_projector.context_cutoff_012.counts.1.train,242
frame_01_Al_projector.context_cutoff_012.counts.1.test,207
frame_01_Al_projector.context_cutoff_012.counts.2.train,192
frame_01_Al_projector.context_cutoff_012.counts.2.test,192
frame_01_Al_projector.context_cutoff_012.counts.3.train,25
frame_01_Al_projector.context_cutoff_012.counts.3.test,26
frame_01_Al_projector.context_cutoff_012.counts.4.train,0
frame_01_Al_projector.context_cutoff_012.counts.4.test,0
frame_01_Al_projector.context_cutoff_012.counts.5.train,643
frame_01_Al_projector.context_cutoff_012.counts.5.test,674
frame_01_Al_projector.context_cutoff_012.counts.6.train,267
frame_01_Al_projector.context_cutoff_012.counts.6.test,247
frame_01_Al_projector.context_cutoff_012.test_coverage,1.0
frame_01_Al_projector.context_cutoff_012.balanced_accuracy,0.3729110939558822
frame_01_Al_projector.context_cutoff_012.ap.0,0.3428806263444098
frame_01_Al_projector.context_cutoff_012.ap.1,0.8864880911287468
frame_01_Al_projector.context_cutoff_012.ap.2,0.1307336700698173
frame_01_Al_projector.context_cutoff_012.ap.3,0.10648672468727251
frame_01_Al_projector.context_cutoff_012.ap.4,
frame_01_Al_projector.context_cutoff_012.ap.5,0.5040432708062232
frame_01_Al_projector.context_cutoff_012.ap.6,0.14609686470738278
frame_01_Al_projector.planar_fault.counts.0.train,1825
frame_01_Al_projector.planar_fault.counts.0.test,1820
frame_01_Al_projector.planar_fault.counts.1.train,12
frame_01_Al_projector.planar_fault.counts.1.test,12
frame_01_Al_projector.planar_fault.counts.2.train,2
frame_01_Al_projector.planar_fault.counts.2.test,2
frame_01_Al_projector.planar_fault.counts.3.train,23
frame_01_Al_projector.planar_fault.counts.3.test,24
frame_01_Al_projector.planar_fault.counts.4.train,0
frame_01_Al_projector.planar_fault.counts.4.test,0
frame_01_Al_projector.planar_fault.test_coverage,0.9924650161463939
frame_01_Al_projector.planar_fault.balanced_accuracy,0.7290750915750915
frame_01_Al_projector.planar_fault.ap.0,0.9872526239680507
frame_01_Al_projector.planar_fault.ap.1,
frame_01_Al_projector.planar_fault.ap.2,
frame_01_Al_projector.planar_fault.ap.3,0.09334727463478106
frame_01_Al_projector.planar_fault.ap.4,
frame_01_Al_projector.spatial.auc,0.5410410738820242
frame_01_Al_projector.spatial.pairs,1656
frame_01_Al_projector.spatial.changed_pairs,798
frame_01_Al_projector.spatial.bins,5
frame_01_Al_projector.spatial.same_label_normalized_distance,0.8915734467333188
frame_01_Al_projector.nonbulk_spatial.auc,0.5161638882454535
frame_01_Al_projector.nonbulk_spatial.pairs,1457
frame_01_Al_projector.nonbulk_spatial.changed_pairs,781
frame_01_Al_projector.nonbulk_spatial.bins,5
frame_01_Al_projector.nonbulk_spatial.same_label_normalized_distance,0.9386414103352759
frame_01_Al_projector.shuffled_spatial.auc,0.5372141701533575
frame_01_Al_projector.shuffled_spatial.pairs,1457
frame_01_Al_projector.shuffled_spatial.changed_pairs,781
frame_01_Al_projector.shuffled_spatial.bins,5
frame_01_Al_projector.shuffled_spatial.same_label_normalized_distance,0.91605212311077
frame_01_Al_projector.collapsed_spatial.auc,0.5
frame_01_Al_projector.collapsed_spatial.pairs,1457
frame_01_Al_projector.collapsed_spatial.changed_pairs,781
frame_01_Al_projector.collapsed_spatial.bins,5
frame_01_Al_projector.collapsed_spatial.same_label_normalized_distance,
frame_01_Al_projector.liquid_topology.train_count,393
frame_01_Al_projector.liquid_topology.test_count,357
frame_01_Al_projector.liquid_topology.conditional_r2_gain,-1030.4183349609375
frame_01_Al_projector.liquid_topology.mean_r2,-1160.5556640625
frame_01_Al_projector.nonbulk_cluster_ami,0.002194068885235955
frame_01_Al_projector.continuity_fixed_candidates_center_fixed.0.0001.pair_rms,0.13477805709277346
frame_01_Al_projector.continuity_fixed_candidates_center_fixed.0.0001.normalized_median,7.815579188947732e-05
frame_01_Al_projector.continuity_fixed_candidates_center_fixed.0.0001.normalized_p95,0.1984263933862952
frame_01_Al_projector.continuity_fixed_candidates_center_fixed.0.01.pair_rms,0.13477805709277346
frame_01_Al_projector.continuity_fixed_candidates_center_fixed.0.01.normalized_median,0.41483316871359244
frame_01_Al_projector.continuity_fixed_candidates_center_fixed.0.01.normalized_p95,0.9486777833234431
frame_01_Al_projector.continuity_fixed_candidates_center_fixed.0.1.pair_rms,0.13477805709277346
frame_01_Al_projector.continuity_fixed_candidates_center_fixed.0.1.normalized_median,0.8090099987115053
frame_01_Al_projector.continuity_fixed_candidates_center_fixed.0.1.normalized_p95,1.1590391805247755
frame_02_Al_encoder.collapse.effective_rank,6.505472845338599
frame_02_Al_encoder.collapse.variance,0.7022135748964149
frame_02_Al_encoder.collapse.pair_rms,1.1850852922017174
frame_02_Al_encoder.liquid_collapse.effective_rank,6.7901992042496175
frame_02_Al_encoder.liquid_collapse.variance,0.6848245819186896
frame_02_Al_encoder.liquid_collapse.pair_rms,1.1703201116948214
frame_02_Al_encoder.reference_coverage.liquid_fraction,0.509033203125
frame_02_Al_encoder.reference_coverage.cutoff_stable_fraction,0.951904296875
frame_02_Al_encoder.context.counts.0.train,263
frame_02_Al_encoder.context.counts.0.test,337
frame_02_Al_encoder.context.counts.1.train,652
frame_02_Al_encoder.context.counts.1.test,563
frame_02_Al_encoder.context.counts.2.train,240
frame_02_Al_encoder.context.counts.2.test,211
frame_02_Al_encoder.context.counts.3.train,41
frame_02_Al_encoder.context.counts.3.test,50
frame_02_Al_encoder.context.counts.4.train,0
frame_02_Al_encoder.context.counts.4.test,0
frame_02_Al_encoder.context.counts.5.train,429
frame_02_Al_encoder.context.counts.5.test,525
frame_02_Al_encoder.context.counts.6.train,201
frame_02_Al_encoder.context.counts.6.test,224
frame_02_Al_encoder.context.test_coverage,1.0
frame_02_Al_encoder.context.balanced_accuracy,0.4403984868878607
frame_02_Al_encoder.context.ap.0,0.2875004314014575
frame_02_Al_encoder.context.ap.1,0.9600111662351856
frame_02_Al_encoder.context.ap.2,0.3203762868822314
frame_02_Al_encoder.context.ap.3,0.25174735308086094
frame_02_Al_encoder.context.ap.4,
frame_02_Al_encoder.context.ap.5,0.4751676143866131
frame_02_Al_encoder.context.ap.6,0.18502774864416283
frame_02_Al_encoder.ptm.counts.0.train,1032
frame_02_Al_encoder.ptm.counts.0.test,1196
frame_02_Al_encoder.ptm.counts.1.train,734
frame_02_Al_encoder.ptm.counts.1.test,639
frame_02_Al_encoder.ptm.counts.2.train,52
frame_02_Al_encoder.ptm.counts.2.test,59
frame_02_Al_encoder.ptm.counts.3.train,0
frame_02_Al_encoder.ptm.counts.3.test,0
frame_02_Al_encoder.ptm.counts.4.train,8
frame_02_Al_encoder.ptm.counts.4.test,16
frame_02_Al_encoder.ptm.test_coverage,0.9916230366492147
frame_02_Al_encoder.ptm.balanced_accuracy,0.6846279785758961
frame_02_Al_encoder.ptm.ap.0,0.956239028234434
frame_02_Al_encoder.ptm.ap.1,0.9443074355815952
frame_02_Al_encoder.ptm.ap.2,0.1256204681412782
frame_02_Al_encoder.ptm.ap.3,
frame_02_Al_encoder.ptm.ap.4,
frame_02_Al_encoder.liquid_order.train_count,893
frame_02_Al_encoder.liquid_order.test_count,1086
frame_02_Al_encoder.liquid_order.conditional_r2_gain,-0.03910775110125542
frame_02_Al_encoder.liquid_order.mean_r2,-0.03325267508625984
frame_02_Al_encoder.context_cutoff_008.counts.0.train,263
frame_02_Al_encoder.context_cutoff_008.counts.0.test,338
frame_02_Al_encoder.context_cutoff_008.counts.1.train,652
frame_02_Al_encoder.context_cutoff_008.counts.1.test,562
frame_02_Al_encoder.context_cutoff_008.counts.2.train,209
frame_02_Al_encoder.context_cutoff_008.counts.2.test,188
frame_02_Al_encoder.context_cutoff_008.counts.3.train,41
frame_02_Al_encoder.context_cutoff_008.counts.3.test,50
frame_02_Al_encoder.context_cutoff_008.counts.4.train,0
frame_02_Al_encoder.context_cutoff_008.counts.4.test,0
frame_02_Al_encoder.context_cutoff_008.counts.5.train,433
frame_02_Al_encoder.context_cutoff_008.counts.5.test,530
frame_02_Al_encoder.context_cutoff_008.counts.6.train,228
frame_02_Al_encoder.context_cutoff_008.counts.6.test,242
frame_02_Al_encoder.context_cutoff_008.test_coverage,1.0
frame_02_Al_encoder.context_cutoff_008.balanced_accuracy,0.4418521501624675
frame_02_Al_encoder.context_cutoff_008.ap.0,0.2894991600249877
frame_02_Al_encoder.context_cutoff_008.ap.1,0.9606106611377102
frame_02_Al_encoder.context_cutoff_008.ap.2,0.3205979655630889
frame_02_Al_encoder.context_cutoff_008.ap.3,0.24288669114653755
frame_02_Al_encoder.context_cutoff_008.ap.4,
frame_02_Al_encoder.context_cutoff_008.ap.5,0.4802327704691227
frame_02_Al_encoder.context_cutoff_008.ap.6,0.20630135058825058
frame_02_Al_encoder.context_cutoff_010.counts.0.train,263
frame_02_Al_encoder.context_cutoff_010.counts.0.test,337
frame_02_Al_encoder.context_cutoff_010.counts.1.train,652
frame_02_Al_encoder.context_cutoff_010.counts.1.test,563
frame_02_Al_encoder.context_cutoff_010.counts.2.train,240
frame_02_Al_encoder.context_cutoff_010.counts.2.test,211
frame_02_Al_encoder.context_cutoff_010.counts.3.train,41
frame_02_Al_encoder.context_cutoff_010.counts.3.test,50
frame_02_Al_encoder.context_cutoff_010.counts.4.train,0
frame_02_Al_encoder.context_cutoff_010.counts.4.test,0
frame_02_Al_encoder.context_cutoff_010.counts.5.train,429
frame_02_Al_encoder.context_cutoff_010.counts.5.test,525
frame_02_Al_encoder.context_cutoff_010.counts.6.train,201
frame_02_Al_encoder.context_cutoff_010.counts.6.test,224
frame_02_Al_encoder.context_cutoff_010.test_coverage,1.0
frame_02_Al_encoder.context_cutoff_010.balanced_accuracy,0.4403984868878607
frame_02_Al_encoder.context_cutoff_010.ap.0,0.2875004314014575
frame_02_Al_encoder.context_cutoff_010.ap.1,0.9600111662351856
frame_02_Al_encoder.context_cutoff_010.ap.2,0.3203762868822314
frame_02_Al_encoder.context_cutoff_010.ap.3,0.25174735308086094
frame_02_Al_encoder.context_cutoff_010.ap.4,
frame_02_Al_encoder.context_cutoff_010.ap.5,0.4751676143866131
frame_02_Al_encoder.context_cutoff_010.ap.6,0.18502774864416283
frame_02_Al_encoder.context_cutoff_012.counts.0.train,261
frame_02_Al_encoder.context_cutoff_012.counts.0.test,334
frame_02_Al_encoder.context_cutoff_012.counts.1.train,661
frame_02_Al_encoder.context_cutoff_012.counts.1.test,571
frame_02_Al_encoder.context_cutoff_012.counts.2.train,276
frame_02_Al_encoder.context_cutoff_012.counts.2.test,264
frame_02_Al_encoder.context_cutoff_012.counts.3.train,41
frame_02_Al_encoder.context_cutoff_012.counts.3.test,50
frame_02_Al_encoder.context_cutoff_012.counts.4.train,0
frame_02_Al_encoder.context_cutoff_012.counts.4.test,0
frame_02_Al_encoder.context_cutoff_012.counts.5.train,421
frame_02_Al_encoder.context_cutoff_012.counts.5.test,514
frame_02_Al_encoder.context_cutoff_012.counts.6.train,166
frame_02_Al_encoder.context_cutoff_012.counts.6.test,177
frame_02_Al_encoder.context_cutoff_012.test_coverage,1.0
frame_02_Al_encoder.context_cutoff_012.balanced_accuracy,0.42387207114319136
frame_02_Al_encoder.context_cutoff_012.ap.0,0.2843858797519426
frame_02_Al_encoder.context_cutoff_012.ap.1,0.9573231946781747
frame_02_Al_encoder.context_cutoff_012.ap.2,0.31013032763480347
frame_02_Al_encoder.context_cutoff_012.ap.3,0.25049228644238936
frame_02_Al_encoder.context_cutoff_012.ap.4,
frame_02_Al_encoder.context_cutoff_012.ap.5,0.46188877351503216
frame_02_Al_encoder.context_cutoff_012.ap.6,0.14958084158790616
frame_02_Al_encoder.planar_fault.counts.0.train,1774
frame_02_Al_encoder.planar_fault.counts.0.test,1851
frame_02_Al_encoder.planar_fault.counts.1.train,11
frame_02_Al_encoder.planar_fault.counts.1.test,9
frame_02_Al_encoder.planar_fault.counts.2.train,7
frame_02_Al_encoder.planar_fault.counts.2.test,3
frame_02_Al_encoder.planar_fault.counts.3.train,34
frame_02_Al_encoder.planar_fault.counts.3.test,47
frame_02_Al_encoder.planar_fault.counts.4.train,0
frame_02_Al_encoder.planar_fault.counts.4.test,0
frame_02_Al_encoder.planar_fault.test_coverage,0.993717277486911
frame_02_Al_encoder.planar_fault.balanced_accuracy,0.651033943699208
frame_02_Al_encoder.planar_fault.ap.0,0.9873955079369608
frame_02_Al_encoder.planar_fault.ap.1,
frame_02_Al_encoder.planar_fault.ap.2,
frame_02_Al_encoder.planar_fault.ap.3,0.1678537544509057
frame_02_Al_encoder.planar_fault.ap.4,
frame_02_Al_encoder.spatial.auc,0.5042567204686493
frame_02_Al_encoder.spatial.pairs,1740
frame_02_Al_encoder.spatial.changed_pairs,639
frame_02_Al_encoder.spatial.bins,5
frame_02_Al_encoder.spatial.same_label_normalized_distance,0.8803752242782472
frame_02_Al_encoder.nonbulk_spatial.auc,0.4859287665004273
frame_02_Al_encoder.nonbulk_spatial.pairs,1169
frame_02_Al_encoder.nonbulk_spatial.changed_pairs,574
frame_02_Al_encoder.nonbulk_spatial.bins,5
frame_02_Al_encoder.nonbulk_spatial.same_label_normalized_distance,0.9653207509982398
frame_02_Al_encoder.shuffled_spatial.auc,0.4951092191919009
frame_02_Al_encoder.shuffled_spatial.pairs,1169
frame_02_Al_encoder.shuffled_spatial.changed_pairs,574
frame_02_Al_encoder.shuffled_spatial.bins,5
frame_02_Al_encoder.shuffled_spatial.same_label_normalized_distance,0.9707402969386653
frame_02_Al_encoder.collapsed_spatial.auc,0.5
frame_02_Al_encoder.collapsed_spatial.pairs,1169
frame_02_Al_encoder.collapsed_spatial.changed_pairs,574
frame_02_Al_encoder.collapsed_spatial.bins,5
frame_02_Al_encoder.collapsed_spatial.same_label_normalized_distance,
frame_02_Al_encoder.liquid_topology.train_count,218
frame_02_Al_encoder.liquid_topology.test_count,269
frame_02_Al_encoder.liquid_topology.conditional_r2_gain,-0.3582952320575714
frame_02_Al_encoder.liquid_topology.mean_r2,-0.35245999693870544
frame_02_Al_encoder.nonbulk_cluster_ami,0.006821065874645996
frame_02_Al_encoder.continuity_fixed_candidates_center_fixed.0.0001.pair_rms,1.1783895689417
frame_02_Al_encoder.continuity_fixed_candidates_center_fixed.0.0001.normalized_median,9.029847112691355e-05
frame_02_Al_encoder.continuity_fixed_candidates_center_fixed.0.0001.normalized_p95,0.31310943794029394
frame_02_Al_encoder.continuity_fixed_candidates_center_fixed.0.01.pair_rms,1.1783895689417
frame_02_Al_encoder.continuity_fixed_candidates_center_fixed.0.01.normalized_median,0.5369631903988141
frame_02_Al_encoder.continuity_fixed_candidates_center_fixed.0.01.normalized_p95,1.0687727387365151
frame_02_Al_encoder.continuity_fixed_candidates_center_fixed.0.1.pair_rms,1.1783895689417
frame_02_Al_encoder.continuity_fixed_candidates_center_fixed.0.1.normalized_median,0.867587376078077
frame_02_Al_encoder.continuity_fixed_candidates_center_fixed.0.1.normalized_p95,1.2148274646094084
frame_02_Al_projector.collapse.effective_rank,5.267807378175273
frame_02_Al_projector.collapse.variance,0.00821758630720416
frame_02_Al_projector.collapse.pair_rms,0.1281997371854105
frame_02_Al_projector.liquid_collapse.effective_rank,5.471377695097665
frame_02_Al_projector.liquid_collapse.variance,0.007969939134420411
frame_02_Al_projector.liquid_collapse.pair_rms,0.12625323072634942
frame_02_Al_projector.reference_coverage.liquid_fraction,0.509033203125
frame_02_Al_projector.reference_coverage.cutoff_stable_fraction,0.951904296875
frame_02_Al_projector.context.counts.0.train,263
frame_02_Al_projector.context.counts.0.test,337
frame_02_Al_projector.context.counts.1.train,652
frame_02_Al_projector.context.counts.1.test,563
frame_02_Al_projector.context.counts.2.train,240
frame_02_Al_projector.context.counts.2.test,211
frame_02_Al_projector.context.counts.3.train,41
frame_02_Al_projector.context.counts.3.test,50
frame_02_Al_projector.context.counts.4.train,0
frame_02_Al_projector.context.counts.4.test,0
frame_02_Al_projector.context.counts.5.train,429
frame_02_Al_projector.context.counts.5.test,525
frame_02_Al_projector.context.counts.6.train,201
frame_02_Al_projector.context.counts.6.test,224
frame_02_Al_projector.context.test_coverage,1.0
frame_02_Al_projector.context.balanced_accuracy,0.38839895058525453
frame_02_Al_projector.context.ap.0,0.3105277594048585
frame_02_Al_projector.context.ap.1,0.9250309321852228
frame_02_Al_projector.context.ap.2,0.2354433842079895
frame_02_Al_projector.context.ap.3,0.1044727379194666
frame_02_Al_projector.context.ap.4,
frame_02_Al_projector.context.ap.5,0.4902873999409281
frame_02_Al_projector.context.ap.6,0.1826319023517191
frame_02_Al_projector.ptm.counts.0.train,1032
frame_02_Al_projector.ptm.counts.0.test,1196
frame_02_Al_projector.ptm.counts.1.train,734
frame_02_Al_projector.ptm.counts.1.test,639
frame_02_Al_projector.ptm.counts.2.train,52
frame_02_Al_projector.ptm.counts.2.test,59
frame_02_Al_projector.ptm.counts.3.train,0
frame_02_Al_projector.ptm.counts.3.test,0
frame_02_Al_projector.ptm.counts.4.train,8
frame_02_Al_projector.ptm.counts.4.test,16
frame_02_Al_projector.ptm.test_coverage,0.9916230366492147
frame_02_Al_projector.ptm.balanced_accuracy,0.6868697272031055
frame_02_Al_projector.ptm.ap.0,0.9508909307159727
frame_02_Al_projector.ptm.ap.1,0.8907948240458485
frame_02_Al_projector.ptm.ap.2,0.09060286032854734
frame_02_Al_projector.ptm.ap.3,
frame_02_Al_projector.ptm.ap.4,
frame_02_Al_projector.liquid_order.train_count,893
frame_02_Al_projector.liquid_order.test_count,1086
frame_02_Al_projector.liquid_order.conditional_r2_gain,-0.01559863518923521
frame_02_Al_projector.liquid_order.mean_r2,-0.011128176935017109
frame_02_Al_projector.context_cutoff_008.counts.0.train,263
frame_02_Al_projector.context_cutoff_008.counts.0.test,338
frame_02_Al_projector.context_cutoff_008.counts.1.train,652
frame_02_Al_projector.context_cutoff_008.counts.1.test,562
frame_02_Al_projector.context_cutoff_008.counts.2.train,209
frame_02_Al_projector.context_cutoff_008.counts.2.test,188
frame_02_Al_projector.context_cutoff_008.counts.3.train,41
frame_02_Al_projector.context_cutoff_008.counts.3.test,50
frame_02_Al_projector.context_cutoff_008.counts.4.train,0
frame_02_Al_projector.context_cutoff_008.counts.4.test,0
frame_02_Al_projector.context_cutoff_008.counts.5.train,433
frame_02_Al_projector.context_cutoff_008.counts.5.test,530
frame_02_Al_projector.context_cutoff_008.counts.6.train,228
frame_02_Al_projector.context_cutoff_008.counts.6.test,242
frame_02_Al_projector.context_cutoff_008.test_coverage,1.0
frame_02_Al_projector.context_cutoff_008.balanced_accuracy,0.39865268269661885
frame_02_Al_projector.context_cutoff_008.ap.0,0.30869083540547526
frame_02_Al_projector.context_cutoff_008.ap.1,0.9263362216941184
frame_02_Al_projector.context_cutoff_008.ap.2,0.24271501379339133
frame_02_Al_projector.context_cutoff_008.ap.3,0.10498891895228325
frame_02_Al_projector.context_cutoff_008.ap.4,
frame_02_Al_projector.context_cutoff_008.ap.5,0.4911751328680143
frame_02_Al_projector.context_cutoff_008.ap.6,0.20043916876805482
frame_02_Al_projector.context_cutoff_010.counts.0.train,263
frame_02_Al_projector.context_cutoff_010.counts.0.test,337
frame_02_Al_projector.context_cutoff_010.counts.1.train,652
frame_02_Al_projector.context_cutoff_010.counts.1.test,563
frame_02_Al_projector.context_cutoff_010.counts.2.train,240
frame_02_Al_projector.context_cutoff_010.counts.2.test,211
frame_02_Al_projector.context_cutoff_010.counts.3.train,41
frame_02_Al_projector.context_cutoff_010.counts.3.test,50
frame_02_Al_projector.context_cutoff_010.counts.4.train,0
frame_02_Al_projector.context_cutoff_010.counts.4.test,0
frame_02_Al_projector.context_cutoff_010.counts.5.train,429
frame_02_Al_projector.context_cutoff_010.counts.5.test,525
frame_02_Al_projector.context_cutoff_010.counts.6.train,201
frame_02_Al_projector.context_cutoff_010.counts.6.test,224
frame_02_Al_projector.context_cutoff_010.test_coverage,1.0
frame_02_Al_projector.context_cutoff_010.balanced_accuracy,0.38839895058525453
frame_02_Al_projector.context_cutoff_010.ap.0,0.3105277594048585
frame_02_Al_projector.context_cutoff_010.ap.1,0.9250309321852228
frame_02_Al_projector.context_cutoff_010.ap.2,0.2354433842079895
frame_02_Al_projector.context_cutoff_010.ap.3,0.1044727379194666
frame_02_Al_projector.context_cutoff_010.ap.4,
frame_02_Al_projector.context_cutoff_010.ap.5,0.4902873999409281
frame_02_Al_projector.context_cutoff_010.ap.6,0.1826319023517191
frame_02_Al_projector.context_cutoff_012.counts.0.train,261
frame_02_Al_projector.context_cutoff_012.counts.0.test,334
frame_02_Al_projector.context_cutoff_012.counts.1.train,661
frame_02_Al_projector.context_cutoff_012.counts.1.test,571
frame_02_Al_projector.context_cutoff_012.counts.2.train,276
frame_02_Al_projector.context_cutoff_012.counts.2.test,264
frame_02_Al_projector.context_cutoff_012.counts.3.train,41
frame_02_Al_projector.context_cutoff_012.counts.3.test,50
frame_02_Al_projector.context_cutoff_012.counts.4.train,0
frame_02_Al_projector.context_cutoff_012.counts.4.test,0
frame_02_Al_projector.context_cutoff_012.counts.5.train,421
frame_02_Al_projector.context_cutoff_012.counts.5.test,514
frame_02_Al_projector.context_cutoff_012.counts.6.train,166
frame_02_Al_projector.context_cutoff_012.counts.6.test,177
frame_02_Al_projector.context_cutoff_012.test_coverage,1.0
frame_02_Al_projector.context_cutoff_012.balanced_accuracy,0.38762215455673193
frame_02_Al_projector.context_cutoff_012.ap.0,0.3019066612386452
frame_02_Al_projector.context_cutoff_012.ap.1,0.9257272915359944
frame_02_Al_projector.context_cutoff_012.ap.2,0.24198191858636656
frame_02_Al_projector.context_cutoff_012.ap.3,0.10267715406336854
frame_02_Al_projector.context_cutoff_012.ap.4,
frame_02_Al_projector.context_cutoff_012.ap.5,0.4805364087841431
frame_02_Al_projector.context_cutoff_012.ap.6,0.15054906773759413
frame_02_Al_projector.planar_fault.counts.0.train,1774
frame_02_Al_projector.planar_fault.counts.0.test,1851
frame_02_Al_projector.planar_fault.counts.1.train,11
frame_02_Al_projector.planar_fault.counts.1.test,9
frame_02_Al_projector.planar_fault.counts.2.train,7
frame_02_Al_projector.planar_fault.counts.2.test,3
frame_02_Al_projector.planar_fault.counts.3.train,34
frame_02_Al_projector.planar_fault.counts.3.test,47
frame_02_Al_projector.planar_fault.counts.4.train,0
frame_02_Al_projector.planar_fault.counts.4.test,0
frame_02_Al_projector.planar_fault.test_coverage,0.993717277486911
frame_02_Al_projector.planar_fault.balanced_accuracy,0.6456716898283849
frame_02_Al_projector.planar_fault.ap.0,0.9844418667390021
frame_02_Al_projector.planar_fault.ap.1,
frame_02_Al_projector.planar_fault.ap.2,
frame_02_Al_projector.planar_fault.ap.3,0.07099704220734496
frame_02_Al_projector.planar_fault.ap.4,
frame_02_Al_projector.spatial.auc,0.5003747850942262
frame_02_Al_projector.spatial.pairs,1740
frame_02_Al_projector.spatial.changed_pairs,639
frame_02_Al_projector.spatial.bins,5
frame_02_Al_projector.spatial.same_label_normalized_distance,0.8673227332478513
frame_02_Al_projector.nonbulk_spatial.auc,0.4795794033611391
frame_02_Al_projector.nonbulk_spatial.pairs,1169
frame_02_Al_projector.nonbulk_spatial.changed_pairs,574
frame_02_Al_projector.nonbulk_spatial.bins,5
frame_02_Al_projector.nonbulk_spatial.same_label_normalized_distance,0.9610044389381099
frame_02_Al_projector.shuffled_spatial.auc,0.49524709013225743
frame_02_Al_projector.shuffled_spatial.pairs,1169
frame_02_Al_projector.shuffled_spatial.changed_pairs,574
frame_02_Al_projector.shuffled_spatial.bins,5
frame_02_Al_projector.shuffled_spatial.same_label_normalized_distance,0.9589726488687508
frame_02_Al_projector.collapsed_spatial.auc,0.5
frame_02_Al_projector.collapsed_spatial.pairs,1169
frame_02_Al_projector.collapsed_spatial.changed_pairs,574
frame_02_Al_projector.collapsed_spatial.bins,5
frame_02_Al_projector.collapsed_spatial.same_label_normalized_distance,
frame_02_Al_projector.liquid_topology.train_count,218
frame_02_Al_projector.liquid_topology.test_count,269
frame_02_Al_projector.liquid_topology.conditional_r2_gain,-0.27204757928848267
frame_02_Al_projector.liquid_topology.mean_r2,-0.2660663425922394
frame_02_Al_projector.nonbulk_cluster_ami,0.006282484850540464
frame_02_Al_projector.continuity_fixed_candidates_center_fixed.0.0001.pair_rms,0.12778864243681226
frame_02_Al_projector.continuity_fixed_candidates_center_fixed.0.0001.normalized_median,8.945155838411158e-05
frame_02_Al_projector.continuity_fixed_candidates_center_fixed.0.0001.normalized_p95,0.3399525959452189
frame_02_Al_projector.continuity_fixed_candidates_center_fixed.0.01.pair_rms,0.12778864243681226
frame_02_Al_projector.continuity_fixed_candidates_center_fixed.0.01.normalized_median,0.5089913630123016
frame_02_Al_projector.continuity_fixed_candidates_center_fixed.0.01.normalized_p95,1.1034964649355166
frame_02_Al_projector.continuity_fixed_candidates_center_fixed.0.1.pair_rms,0.12778864243681226
frame_02_Al_projector.continuity_fixed_candidates_center_fixed.0.1.normalized_median,0.8512214636742158
frame_02_Al_projector.continuity_fixed_candidates_center_fixed.0.1.normalized_p95,1.2743594090551018
frame_03_Ta_encoder.collapse.effective_rank,6.688714641687123
frame_03_Ta_encoder.collapse.variance,0.7024072587960015
frame_03_Ta_encoder.collapse.pair_rms,1.1852487154989888
frame_03_Ta_encoder.liquid_collapse.effective_rank,6.6902441661019125
frame_03_Ta_encoder.liquid_collapse.variance,0.702422132968144
frame_03_Ta_encoder.liquid_collapse.pair_rms,1.1852612648426035
frame_03_Ta_encoder.reference_coverage.liquid_fraction,0.9990234375
frame_03_Ta_encoder.reference_coverage.cutoff_stable_fraction,0.996826171875
frame_03_Ta_encoder.context.counts.0.train,798
frame_03_Ta_encoder.context.counts.0.test,743
frame_03_Ta_encoder.context.counts.1.train,0
frame_03_Ta_encoder.context.counts.1.test,0
frame_03_Ta_encoder.context.counts.2.train,3
frame_03_Ta_encoder.context.counts.2.test,0
frame_03_Ta_encoder.context.counts.3.train,0
frame_03_Ta_encoder.context.counts.3.test,0
frame_03_Ta_encoder.context.counts.4.train,0
frame_03_Ta_encoder.context.counts.4.test,0
frame_03_Ta_encoder.context.counts.5.train,800
frame_03_Ta_encoder.context.counts.5.test,785
frame_03_Ta_encoder.context.counts.6.train,424
frame_03_Ta_encoder.context.counts.6.test,370
frame_03_Ta_encoder.context.test_coverage,1.0
frame_03_Ta_encoder.context.balanced_accuracy,0.4032465904108668
frame_03_Ta_encoder.context.ap.0,0.5134201900573361
frame_03_Ta_encoder.context.ap.1,
frame_03_Ta_encoder.context.ap.2,
frame_03_Ta_encoder.context.ap.3,
frame_03_Ta_encoder.context.ap.4,
frame_03_Ta_encoder.context.ap.5,0.5364091547638579
frame_03_Ta_encoder.context.ap.6,0.2044502448116833
frame_03_Ta_encoder.ptm.counts.0.train,1905
frame_03_Ta_encoder.ptm.counts.0.test,1792
frame_03_Ta_encoder.ptm.counts.1.train,0
frame_03_Ta_encoder.ptm.counts.1.test,0
frame_03_Ta_encoder.ptm.counts.2.train,0
frame_03_Ta_encoder.ptm.counts.2.test,0
frame_03_Ta_encoder.ptm.counts.3.train,3
frame_03_Ta_encoder.ptm.counts.3.test,0
frame_03_Ta_encoder.ptm.counts.4.train,117
frame_03_Ta_encoder.ptm.counts.4.test,106
frame_03_Ta_encoder.ptm.test_coverage,1.0
frame_03_Ta_encoder.ptm.balanced_accuracy,0.6703746209568733
frame_03_Ta_encoder.ptm.ap.0,0.9780202424799102
frame_03_Ta_encoder.ptm.ap.1,
frame_03_Ta_encoder.ptm.ap.2,
frame_03_Ta_encoder.ptm.ap.3,
frame_03_Ta_encoder.ptm.ap.4,0.15993108728493136
frame_03_Ta_encoder.liquid_order.train_count,2022
frame_03_Ta_encoder.liquid_order.test_count,1898
frame_03_Ta_encoder.liquid_order.conditional_r2_gain,-0.029167016968131065
frame_03_Ta_encoder.liquid_order.mean_r2,0.005972126964479685
frame_03_Ta_encoder.context_cutoff_008.counts.0.train,798
frame_03_Ta_encoder.context_cutoff_008.counts.0.test,743
frame_03_Ta_encoder.context_cutoff_008.counts.1.train,0
frame_03_Ta_encoder.context_cutoff_008.counts.1.test,0
frame_03_Ta_encoder.context_cutoff_008.counts.2.train,2
frame_03_Ta_encoder.context_cutoff_008.counts.2.test,0
frame_03_Ta_encoder.context_cutoff_008.counts.3.train,0
frame_03_Ta_encoder.context_cutoff_008.counts.3.test,0
frame_03_Ta_encoder.context_cutoff_008.counts.4.train,0
frame_03_Ta_encoder.context_cutoff_008.counts.4.test,0
frame_03_Ta_encoder.context_cutoff_008.counts.5.train,800
frame_03_Ta_encoder.context_cutoff_008.counts.5.test,785
frame_03_Ta_encoder.context_cutoff_008.counts.6.train,425
frame_03_Ta_encoder.context_cutoff_008.counts.6.test,370
frame_03_Ta_encoder.context_cutoff_008.test_coverage,1.0
frame_03_Ta_encoder.context_cutoff_008.balanced_accuracy,0.4023936959565459
frame_03_Ta_encoder.context_cutoff_008.ap.0,0.5132422029538408
frame_03_Ta_encoder.context_cutoff_008.ap.1,
frame_03_Ta_encoder.context_cutoff_008.ap.2,
frame_03_Ta_encoder.context_cutoff_008.ap.3,
frame_03_Ta_encoder.context_cutoff_008.ap.4,
frame_03_Ta_encoder.context_cutoff_008.ap.5,0.5369133774736431
frame_03_Ta_encoder.context_cutoff_008.ap.6,0.2042118337225765
frame_03_Ta_encoder.context_cutoff_010.counts.0.train,798
frame_03_Ta_encoder.context_cutoff_010.counts.0.test,743
frame_03_Ta_encoder.context_cutoff_010.counts.1.train,0
frame_03_Ta_encoder.context_cutoff_010.counts.1.test,0
frame_03_Ta_encoder.context_cutoff_010.counts.2.train,3
frame_03_Ta_encoder.context_cutoff_010.counts.2.test,0
frame_03_Ta_encoder.context_cutoff_010.counts.3.train,0
frame_03_Ta_encoder.context_cutoff_010.counts.3.test,0
frame_03_Ta_encoder.context_cutoff_010.counts.4.train,0
frame_03_Ta_encoder.context_cutoff_010.counts.4.test,0
frame_03_Ta_encoder.context_cutoff_010.counts.5.train,800
frame_03_Ta_encoder.context_cutoff_010.counts.5.test,785
frame_03_Ta_encoder.context_cutoff_010.counts.6.train,424
frame_03_Ta_encoder.context_cutoff_010.counts.6.test,370
frame_03_Ta_encoder.context_cutoff_010.test_coverage,1.0
frame_03_Ta_encoder.context_cutoff_010.balanced_accuracy,0.4032465904108668
frame_03_Ta_encoder.context_cutoff_010.ap.0,0.5134201900573361
frame_03_Ta_encoder.context_cutoff_010.ap.1,
frame_03_Ta_encoder.context_cutoff_010.ap.2,
frame_03_Ta_encoder.context_cutoff_010.ap.3,
frame_03_Ta_encoder.context_cutoff_010.ap.4,
frame_03_Ta_encoder.context_cutoff_010.ap.5,0.5364091547638579
frame_03_Ta_encoder.context_cutoff_010.ap.6,0.2044502448116833
frame_03_Ta_encoder.context_cutoff_012.counts.0.train,798
frame_03_Ta_encoder.context_cutoff_012.counts.0.test,743
frame_03_Ta_encoder.context_cutoff_012.counts.1.train,0
frame_03_Ta_encoder.context_cutoff_012.counts.1.test,0
frame_03_Ta_encoder.context_cutoff_012.counts.2.train,6
frame_03_Ta_encoder.context_cutoff_012.counts.2.test,7
frame_03_Ta_encoder.context_cutoff_012.counts.3.train,0
frame_03_Ta_encoder.context_cutoff_012.counts.3.test,0
frame_03_Ta_encoder.context_cutoff_012.counts.4.train,0
frame_03_Ta_encoder.context_cutoff_012.counts.4.test,0
frame_03_Ta_encoder.context_cutoff_012.counts.5.train,800
frame_03_Ta_encoder.context_cutoff_012.counts.5.test,784
frame_03_Ta_encoder.context_cutoff_012.counts.6.train,421
frame_03_Ta_encoder.context_cutoff_012.counts.6.test,364
frame_03_Ta_encoder.context_cutoff_012.test_coverage,0.9963119072708114
frame_03_Ta_encoder.context_cutoff_012.balanced_accuracy,0.40682912309762914
frame_03_Ta_encoder.context_cutoff_012.ap.0,0.5131662940799896
frame_03_Ta_encoder.context_cutoff_012.ap.1,
frame_03_Ta_encoder.context_cutoff_012.ap.2,
frame_03_Ta_encoder.context_cutoff_012.ap.3,
frame_03_Ta_encoder.context_cutoff_012.ap.4,
frame_03_Ta_encoder.context_cutoff_012.ap.5,0.535780754260553
frame_03_Ta_encoder.context_cutoff_012.ap.6,0.2018995822475573
frame_03_Ta_encoder.spatial.auc,0.5031973483601689
frame_03_Ta_encoder.spatial.pairs,1884
frame_03_Ta_encoder.spatial.changed_pairs,1030
frame_03_Ta_encoder.spatial.bins,5
frame_03_Ta_encoder.spatial.same_label_normalized_distance,0.9518217914175122
frame_03_Ta_encoder.nonbulk_spatial.auc,0.5031973483601689
frame_03_Ta_encoder.nonbulk_spatial.pairs,1884
frame_03_Ta_encoder.nonbulk_spatial.changed_pairs,1030
frame_03_Ta_encoder.nonbulk_spatial.bins,5
frame_03_Ta_encoder.nonbulk_spatial.same_label_normalized_distance,0.9518217914175122
frame_03_Ta_encoder.shuffled_spatial.auc,0.5038207974693555
frame_03_Ta_encoder.shuffled_spatial.pairs,1884
frame_03_Ta_encoder.shuffled_spatial.changed_pairs,1030
frame_03_Ta_encoder.shuffled_spatial.bins,5
frame_03_Ta_encoder.shuffled_spatial.same_label_normalized_distance,0.959866238060096
frame_03_Ta_encoder.collapsed_spatial.auc,0.5
frame_03_Ta_encoder.collapsed_spatial.pairs,1884
frame_03_Ta_encoder.collapsed_spatial.changed_pairs,1030
frame_03_Ta_encoder.collapsed_spatial.bins,5
frame_03_Ta_encoder.collapsed_spatial.same_label_normalized_distance,
frame_03_Ta_encoder.liquid_topology.train_count,521
frame_03_Ta_encoder.liquid_topology.test_count,465
frame_03_Ta_encoder.liquid_topology.conditional_r2_gain,-0.6696970462799072
frame_03_Ta_encoder.liquid_topology.mean_r2,-0.6832303404808044
frame_03_Ta_encoder.nonbulk_cluster_ami,0.006639449483109936
frame_03_Ta_encoder.continuity_fixed_candidates_center_fixed.0.0001.pair_rms,1.1870553958279353
frame_03_Ta_encoder.continuity_fixed_candidates_center_fixed.0.0001.normalized_median,7.788162377770665e-05
frame_03_Ta_encoder.continuity_fixed_candidates_center_fixed.0.0001.normalized_p95,0.0058440747648518775
frame_03_Ta_encoder.continuity_fixed_candidates_center_fixed.0.01.pair_rms,1.1870553958279353
frame_03_Ta_encoder.continuity_fixed_candidates_center_fixed.0.01.normalized_median,0.3295131437958165
frame_03_Ta_encoder.continuity_fixed_candidates_center_fixed.0.01.normalized_p95,0.7381999565952427
frame_03_Ta_encoder.continuity_fixed_candidates_center_fixed.0.1.pair_rms,1.1870553958279353
frame_03_Ta_encoder.continuity_fixed_candidates_center_fixed.0.1.normalized_median,0.8346998922609876
frame_03_Ta_encoder.continuity_fixed_candidates_center_fixed.0.1.normalized_p95,1.3833899754217842
frame_03_Ta_projector.collapse.effective_rank,5.31875895227242
frame_03_Ta_projector.collapse.variance,0.008302376930450188
frame_03_Ta_projector.collapse.pair_rms,0.1288594345048137
frame_03_Ta_projector.liquid_collapse.effective_rank,5.319518997714948
frame_03_Ta_projector.liquid_collapse.variance,0.00830165834097155
frame_03_Ta_projector.liquid_collapse.pair_rms,0.12885385784656622
frame_03_Ta_projector.reference_coverage.liquid_fraction,0.9990234375
frame_03_Ta_projector.reference_coverage.cutoff_stable_fraction,0.996826171875
frame_03_Ta_projector.context.counts.0.train,798
frame_03_Ta_projector.context.counts.0.test,743
frame_03_Ta_projector.context.counts.1.train,0
frame_03_Ta_projector.context.counts.1.test,0
frame_03_Ta_projector.context.counts.2.train,3
frame_03_Ta_projector.context.counts.2.test,0
frame_03_Ta_projector.context.counts.3.train,0
frame_03_Ta_projector.context.counts.3.test,0
frame_03_Ta_projector.context.counts.4.train,0
frame_03_Ta_projector.context.counts.4.test,0
frame_03_Ta_projector.context.counts.5.train,800
frame_03_Ta_projector.context.counts.5.test,785
frame_03_Ta_projector.context.counts.6.train,424
frame_03_Ta_projector.context.counts.6.test,370
frame_03_Ta_projector.context.test_coverage,1.0
frame_03_Ta_projector.context.balanced_accuracy,0.40867599903956214
frame_03_Ta_projector.context.ap.0,0.5057559123039329
frame_03_Ta_projector.context.ap.1,
frame_03_Ta_projector.context.ap.2,
frame_03_Ta_projector.context.ap.3,
frame_03_Ta_projector.context.ap.4,
frame_03_Ta_projector.context.ap.5,0.5362158167026918
frame_03_Ta_projector.context.ap.6,0.21284260344226036
frame_03_Ta_projector.ptm.counts.0.train,1905
frame_03_Ta_projector.ptm.counts.0.test,1792
frame_03_Ta_projector.ptm.counts.1.train,0
frame_03_Ta_projector.ptm.counts.1.test,0
frame_03_Ta_projector.ptm.counts.2.train,0
frame_03_Ta_projector.ptm.counts.2.test,0
frame_03_Ta_projector.ptm.counts.3.train,3
frame_03_Ta_projector.ptm.counts.3.test,0
frame_03_Ta_projector.ptm.counts.4.train,117
frame_03_Ta_projector.ptm.counts.4.test,106
frame_03_Ta_projector.ptm.test_coverage,1.0
frame_03_Ta_projector.ptm.balanced_accuracy,0.6635202577493262
frame_03_Ta_projector.ptm.ap.0,0.9749446005409645
frame_03_Ta_projector.ptm.ap.1,
frame_03_Ta_projector.ptm.ap.2,
frame_03_Ta_projector.ptm.ap.3,
frame_03_Ta_projector.ptm.ap.4,0.15000592817803213
frame_03_Ta_projector.liquid_order.train_count,2022
frame_03_Ta_projector.liquid_order.test_count,1898
frame_03_Ta_projector.liquid_order.conditional_r2_gain,-0.012618551962077618
frame_03_Ta_projector.liquid_order.mean_r2,0.01608675718307495
frame_03_Ta_projector.context_cutoff_008.counts.0.train,798
frame_03_Ta_projector.context_cutoff_008.counts.0.test,743
frame_03_Ta_projector.context_cutoff_008.counts.1.train,0
frame_03_Ta_projector.context_cutoff_008.counts.1.test,0
frame_03_Ta_projector.context_cutoff_008.counts.2.train,2
frame_03_Ta_projector.context_cutoff_008.counts.2.test,0
frame_03_Ta_projector.context_cutoff_008.counts.3.train,0
frame_03_Ta_projector.context_cutoff_008.counts.3.test,0
frame_03_Ta_projector.context_cutoff_008.counts.4.train,0
frame_03_Ta_projector.context_cutoff_008.counts.4.test,0
frame_03_Ta_projector.context_cutoff_008.counts.5.train,800
frame_03_Ta_projector.context_cutoff_008.counts.5.test,785
frame_03_Ta_projector.context_cutoff_008.counts.6.train,425
frame_03_Ta_projector.context_cutoff_008.counts.6.test,370
frame_03_Ta_projector.context_cutoff_008.test_coverage,1.0
frame_03_Ta_projector.context_cutoff_008.balanced_accuracy,0.4091799122677555
frame_03_Ta_projector.context_cutoff_008.ap.0,0.5059309592844463
frame_03_Ta_projector.context_cutoff_008.ap.1,
frame_03_Ta_projector.context_cutoff_008.ap.2,
frame_03_Ta_projector.context_cutoff_008.ap.3,
frame_03_Ta_projector.context_cutoff_008.ap.4,
frame_03_Ta_projector.context_cutoff_008.ap.5,0.5366055934439173
frame_03_Ta_projector.context_cutoff_008.ap.6,0.21276923287512756
frame_03_Ta_projector.context_cutoff_010.counts.0.train,798
frame_03_Ta_projector.context_cutoff_010.counts.0.test,743
frame_03_Ta_projector.context_cutoff_010.counts.1.train,0
frame_03_Ta_projector.context_cutoff_010.counts.1.test,0
frame_03_Ta_projector.context_cutoff_010.counts.2.train,3
frame_03_Ta_projector.context_cutoff_010.counts.2.test,0
frame_03_Ta_projector.context_cutoff_010.counts.3.train,0
frame_03_Ta_projector.context_cutoff_010.counts.3.test,0
frame_03_Ta_projector.context_cutoff_010.counts.4.train,0
frame_03_Ta_projector.context_cutoff_010.counts.4.test,0
frame_03_Ta_projector.context_cutoff_010.counts.5.train,800
frame_03_Ta_projector.context_cutoff_010.counts.5.test,785
frame_03_Ta_projector.context_cutoff_010.counts.6.train,424
frame_03_Ta_projector.context_cutoff_010.counts.6.test,370
frame_03_Ta_projector.context_cutoff_010.test_coverage,1.0
frame_03_Ta_projector.context_cutoff_010.balanced_accuracy,0.40867599903956214
frame_03_Ta_projector.context_cutoff_010.ap.0,0.5057559123039329
frame_03_Ta_projector.context_cutoff_010.ap.1,
frame_03_Ta_projector.context_cutoff_010.ap.2,
frame_03_Ta_projector.context_cutoff_010.ap.3,
frame_03_Ta_projector.context_cutoff_010.ap.4,
frame_03_Ta_projector.context_cutoff_010.ap.5,0.5362158167026918
frame_03_Ta_projector.context_cutoff_010.ap.6,0.21284260344226036
frame_03_Ta_projector.context_cutoff_012.counts.0.train,798
frame_03_Ta_projector.context_cutoff_012.counts.0.test,743
frame_03_Ta_projector.context_cutoff_012.counts.1.train,0
frame_03_Ta_projector.context_cutoff_012.counts.1.test,0
frame_03_Ta_projector.context_cutoff_012.counts.2.train,6
frame_03_Ta_projector.context_cutoff_012.counts.2.test,7
frame_03_Ta_projector.context_cutoff_012.counts.3.train,0
frame_03_Ta_projector.context_cutoff_012.counts.3.test,0
frame_03_Ta_projector.context_cutoff_012.counts.4.train,0
frame_03_Ta_projector.context_cutoff_012.counts.4.test,0
frame_03_Ta_projector.context_cutoff_012.counts.5.train,800
frame_03_Ta_projector.context_cutoff_012.counts.5.test,784
frame_03_Ta_projector.context_cutoff_012.counts.6.train,421
frame_03_Ta_projector.context_cutoff_012.counts.6.test,364
frame_03_Ta_projector.context_cutoff_012.test_coverage,0.9963119072708114
frame_03_Ta_projector.context_cutoff_012.balanced_accuracy,0.4082304808246935
frame_03_Ta_projector.context_cutoff_012.ap.0,0.5061471756222449
frame_03_Ta_projector.context_cutoff_012.ap.1,
frame_03_Ta_projector.context_cutoff_012.ap.2,
frame_03_Ta_projector.context_cutoff_012.ap.3,
frame_03_Ta_projector.context_cutoff_012.ap.4,
frame_03_Ta_projector.context_cutoff_012.ap.5,0.5353099088291078
frame_03_Ta_projector.context_cutoff_012.ap.6,0.20879300192533382
frame_03_Ta_projector.spatial.auc,0.5081537157938858
frame_03_Ta_projector.spatial.pairs,1884
frame_03_Ta_projector.spatial.changed_pairs,1030
frame_03_Ta_projector.spatial.bins,5
frame_03_Ta_projector.spatial.same_label_normalized_distance,0.9442385453705673
frame_03_Ta_projector.nonbulk_spatial.auc,0.5081537157938858
frame_03_Ta_projector.nonbulk_spatial.pairs,1884
frame_03_Ta_projector.nonbulk_spatial.changed_pairs,1030
frame_03_Ta_projector.nonbulk_spatial.bins,5
frame_03_Ta_projector.nonbulk_spatial.same_label_normalized_distance,0.9442385453705673
frame_03_Ta_projector.shuffled_spatial.auc,0.5001413917667544
frame_03_Ta_projector.shuffled_spatial.pairs,1884
frame_03_Ta_projector.shuffled_spatial.changed_pairs,1030
frame_03_Ta_projector.shuffled_spatial.bins,5
frame_03_Ta_projector.shuffled_spatial.same_label_normalized_distance,0.9540675778922924
frame_03_Ta_projector.collapsed_spatial.auc,0.5
frame_03_Ta_projector.collapsed_spatial.pairs,1884
frame_03_Ta_projector.collapsed_spatial.changed_pairs,1030
frame_03_Ta_projector.collapsed_spatial.bins,5
frame_03_Ta_projector.collapsed_spatial.same_label_normalized_distance,
frame_03_Ta_projector.liquid_topology.train_count,521
frame_03_Ta_projector.liquid_topology.test_count,465
frame_03_Ta_projector.liquid_topology.conditional_r2_gain,-0.3863614797592163
frame_03_Ta_projector.liquid_topology.mean_r2,-0.40356385707855225
frame_03_Ta_projector.nonbulk_cluster_ami,0.006925524772556573
frame_03_Ta_projector.continuity_fixed_candidates_center_fixed.0.0001.pair_rms,0.1279157545641786
frame_03_Ta_projector.continuity_fixed_candidates_center_fixed.0.0001.normalized_median,7.868014542330801e-05
frame_03_Ta_projector.continuity_fixed_candidates_center_fixed.0.0001.normalized_p95,0.004470145429771786
frame_03_Ta_projector.continuity_fixed_candidates_center_fixed.0.01.pair_rms,0.1279157545641786
frame_03_Ta_projector.continuity_fixed_candidates_center_fixed.0.01.normalized_median,0.334458326545712
frame_03_Ta_projector.continuity_fixed_candidates_center_fixed.0.01.normalized_p95,0.7554546376976157
frame_03_Ta_projector.continuity_fixed_candidates_center_fixed.0.1.pair_rms,0.1279157545641786
frame_03_Ta_projector.continuity_fixed_candidates_center_fixed.0.1.normalized_median,0.8364248583721728
frame_03_Ta_projector.continuity_fixed_candidates_center_fixed.0.1.normalized_p95,1.418355105491593
frame_04_Ta_encoder.collapse.effective_rank,6.600706363899473
frame_04_Ta_encoder.collapse.variance,0.714737236445471
frame_04_Ta_encoder.collapse.pair_rms,1.1956063201952982
frame_04_Ta_encoder.liquid_collapse.effective_rank,6.776874740383575
frame_04_Ta_encoder.liquid_collapse.variance,0.6899962294008907
frame_04_Ta_encoder.liquid_collapse.pair_rms,1.1747308026955714
frame_04_Ta_encoder.reference_coverage.liquid_fraction,0.927001953125
frame_04_Ta_encoder.reference_coverage.cutoff_stable_fraction,0.99365234375
frame_04_Ta_encoder.context.counts.0.train,667
frame_04_Ta_encoder.context.counts.0.test,749
frame_04_Ta_encoder.context.counts.1.train,168
frame_04_Ta_encoder.context.counts.1.test,58
frame_04_Ta_encoder.context.counts.2.train,32
frame_04_Ta_encoder.context.counts.2.test,40
frame_04_Ta_encoder.context.counts.3.train,0
frame_04_Ta_encoder.context.counts.3.test,0
frame_04_Ta_encoder.context.counts.4.train,0
frame_04_Ta_encoder.context.counts.4.test,0
frame_04_Ta_encoder.context.counts.5.train,725
frame_04_Ta_encoder.context.counts.5.test,759
frame_04_Ta_encoder.context.counts.6.train,381
frame_04_Ta_encoder.context.counts.6.test,364
frame_04_Ta_encoder.context.test_coverage,1.0
frame_04_Ta_encoder.context.balanced_accuracy,0.4399921142391262
frame_04_Ta_encoder.context.ap.0,0.48649613470353353
frame_04_Ta_encoder.context.ap.1,0.8927368618207137
frame_04_Ta_encoder.context.ap.2,0.08077255275439114
frame_04_Ta_encoder.context.ap.3,
frame_04_Ta_encoder.context.ap.4,
frame_04_Ta_encoder.context.ap.5,0.5147261386606059
frame_04_Ta_encoder.context.ap.6,0.22049004343421505
frame_04_Ta_encoder.ptm.counts.0.train,1692
frame_04_Ta_encoder.ptm.counts.0.test,1809
frame_04_Ta_encoder.ptm.counts.1.train,0
frame_04_Ta_encoder.ptm.counts.1.test,0
frame_04_Ta_encoder.ptm.counts.2.train,0
frame_04_Ta_encoder.ptm.counts.2.test,0
frame_04_Ta_encoder.ptm.counts.3.train,188
frame_04_Ta_encoder.ptm.counts.3.test,73
frame_04_Ta_encoder.ptm.counts.4.train,93
frame_04_Ta_encoder.ptm.counts.4.test,88
frame_04_Ta_encoder.ptm.test_coverage,1.0
frame_04_Ta_encoder.ptm.balanced_accuracy,0.696848594534821
frame_04_Ta_encoder.ptm.ap.0,0.9691486126495077
frame_04_Ta_encoder.ptm.ap.1,
frame_04_Ta_encoder.ptm.ap.2,
frame_04_Ta_encoder.ptm.ap.3,0.8897967806839285
frame_04_Ta_encoder.ptm.ap.4,0.09707626105549451
frame_04_Ta_encoder.liquid_order.train_count,1773
frame_04_Ta_encoder.liquid_order.test_count,1872
frame_04_Ta_encoder.liquid_order.conditional_r2_gain,-0.02643674612045288
frame_04_Ta_encoder.liquid_order.mean_r2,-0.0017519593238830566
frame_04_Ta_encoder.context_cutoff_008.counts.0.train,667
frame_04_Ta_encoder.context_cutoff_008.counts.0.test,749
frame_04_Ta_encoder.context_cutoff_008.counts.1.train,167
frame_04_Ta_encoder.context_cutoff_008.counts.1.test,58
frame_04_Ta_encoder.context_cutoff_008.counts.2.train,31
frame_04_Ta_encoder.context_cutoff_008.counts.2.test,32
frame_04_Ta_encoder.context_cutoff_008.counts.3.train,0
frame_04_Ta_encoder.context_cutoff_008.counts.3.test,0
frame_04_Ta_encoder.context_cutoff_008.counts.4.train,0
frame_04_Ta_encoder.context_cutoff_008.counts.4.test,0
frame_04_Ta_encoder.context_cutoff_008.counts.5.train,726
frame_04_Ta_encoder.context_cutoff_008.counts.5.test,760
frame_04_Ta_encoder.context_cutoff_008.counts.6.train,382
frame_04_Ta_encoder.context_cutoff_008.counts.6.test,371
frame_04_Ta_encoder.context_cutoff_008.test_coverage,1.0
frame_04_Ta_encoder.context_cutoff_008.balanced_accuracy,0.4440716827198332
frame_04_Ta_encoder.context_cutoff_008.ap.0,0.48601766661827395
frame_04_Ta_encoder.context_cutoff_008.ap.1,0.8940103623480989
frame_04_Ta_encoder.context_cutoff_008.ap.2,0.09358992208633592
frame_04_Ta_encoder.context_cutoff_008.ap.3,
frame_04_Ta_encoder.context_cutoff_008.ap.4,
frame_04_Ta_encoder.context_cutoff_008.ap.5,0.514048847204158
frame_04_Ta_encoder.context_cutoff_008.ap.6,0.22752374424895822
frame_04_Ta_encoder.context_cutoff_010.counts.0.train,667
frame_04_Ta_encoder.context_cutoff_010.counts.0.test,749
frame_04_Ta_encoder.context_cutoff_010.counts.1.train,168
frame_04_Ta_encoder.context_cutoff_010.counts.1.test,58
frame_04_Ta_encoder.context_cutoff_010.counts.2.train,32
frame_04_Ta_encoder.context_cutoff_010.counts.2.test,40
frame_04_Ta_encoder.context_cutoff_010.counts.3.train,0
frame_04_Ta_encoder.context_cutoff_010.counts.3.test,0
frame_04_Ta_encoder.context_cutoff_010.counts.4.train,0
frame_04_Ta_encoder.context_cutoff_010.counts.4.test,0
frame_04_Ta_encoder.context_cutoff_010.counts.5.train,725
frame_04_Ta_encoder.context_cutoff_010.counts.5.test,759
frame_04_Ta_encoder.context_cutoff_010.counts.6.train,381
frame_04_Ta_encoder.context_cutoff_010.counts.6.test,364
frame_04_Ta_encoder.context_cutoff_010.test_coverage,1.0
frame_04_Ta_encoder.context_cutoff_010.balanced_accuracy,0.4399921142391262
frame_04_Ta_encoder.context_cutoff_010.ap.0,0.48649613470353353
frame_04_Ta_encoder.context_cutoff_010.ap.1,0.8927368618207137
frame_04_Ta_encoder.context_cutoff_010.ap.2,0.08077255275439114
frame_04_Ta_encoder.context_cutoff_010.ap.3,
frame_04_Ta_encoder.context_cutoff_010.ap.4,
frame_04_Ta_encoder.context_cutoff_010.ap.5,0.5147261386606059
frame_04_Ta_encoder.context_cutoff_010.ap.6,0.22049004343421505
frame_04_Ta_encoder.context_cutoff_012.counts.0.train,667
frame_04_Ta_encoder.context_cutoff_012.counts.0.test,749
frame_04_Ta_encoder.context_cutoff_012.counts.1.train,171
frame_04_Ta_encoder.context_cutoff_012.counts.1.test,59
frame_04_Ta_encoder.context_cutoff_012.counts.2.train,34
frame_04_Ta_encoder.context_cutoff_012.counts.2.test,44
frame_04_Ta_encoder.context_cutoff_012.counts.3.train,0
frame_04_Ta_encoder.context_cutoff_012.counts.3.test,0
frame_04_Ta_encoder.context_cutoff_012.counts.4.train,0
frame_04_Ta_encoder.context_cutoff_012.counts.4.test,0
frame_04_Ta_encoder.context_cutoff_012.counts.5.train,725
frame_04_Ta_encoder.context_cutoff_012.counts.5.test,759
frame_04_Ta_encoder.context_cutoff_012.counts.6.train,376
frame_04_Ta_encoder.context_cutoff_012.counts.6.test,359
frame_04_Ta_encoder.context_cutoff_012.test_coverage,1.0
frame_04_Ta_encoder.context_cutoff_012.balanced_accuracy,0.44510235246897184
frame_04_Ta_encoder.context_cutoff_012.ap.0,0.48952976023502637
frame_04_Ta_encoder.context_cutoff_012.ap.1,0.8857927702107513
frame_04_Ta_encoder.context_cutoff_012.ap.2,0.055161865373526714
frame_04_Ta_encoder.context_cutoff_012.ap.3,
frame_04_Ta_encoder.context_cutoff_012.ap.4,
frame_04_Ta_encoder.context_cutoff_012.ap.5,0.5090046446823787
frame_04_Ta_encoder.context_cutoff_012.ap.6,0.21103116427053403
frame_04_Ta_encoder.spatial.auc,0.5036001682600378
frame_04_Ta_encoder.spatial.pairs,1936
frame_04_Ta_encoder.spatial.changed_pairs,1040
frame_04_Ta_encoder.spatial.bins,5
frame_04_Ta_encoder.spatial.same_label_normalized_distance,0.9455762858480976
frame_04_Ta_encoder.nonbulk_spatial.auc,0.4966566465732929
frame_04_Ta_encoder.nonbulk_spatial.pairs,1875
frame_04_Ta_encoder.nonbulk_spatial.changed_pairs,1031
frame_04_Ta_encoder.nonbulk_spatial.bins,5
frame_04_Ta_encoder.nonbulk_spatial.same_label_normalized_distance,0.9588862856000598
frame_04_Ta_encoder.shuffled_spatial.auc,0.4986065922672381
frame_04_Ta_encoder.shuffled_spatial.pairs,1875
frame_04_Ta_encoder.shuffled_spatial.changed_pairs,1031
frame_04_Ta_encoder.shuffled_spatial.bins,5
frame_04_Ta_encoder.shuffled_spatial.same_label_normalized_distance,0.9625323419742065
frame_04_Ta_encoder.collapsed_spatial.auc,0.5
frame_04_Ta_encoder.collapsed_spatial.pairs,1875
frame_04_Ta_encoder.collapsed_spatial.changed_pairs,1031
frame_04_Ta_encoder.collapsed_spatial.bins,5
frame_04_Ta_encoder.collapsed_spatial.same_label_normalized_distance,
frame_04_Ta_encoder.liquid_topology.train_count,431
frame_04_Ta_encoder.liquid_topology.test_count,475
frame_04_Ta_encoder.liquid_topology.conditional_r2_gain,-6.226551055908203
frame_04_Ta_encoder.liquid_topology.mean_r2,-6.401627063751221
frame_04_Ta_encoder.nonbulk_cluster_ami,0.008025554812328669
frame_04_Ta_encoder.continuity_fixed_candidates_center_fixed.0.0001.pair_rms,1.1862799721865376
frame_04_Ta_encoder.continuity_fixed_candidates_center_fixed.0.0001.normalized_median,7.557402194922844e-05
frame_04_Ta_encoder.continuity_fixed_candidates_center_fixed.0.0001.normalized_p95,0.14486509917568566
frame_04_Ta_encoder.continuity_fixed_candidates_center_fixed.0.01.pair_rms,1.1862799721865376
frame_04_Ta_encoder.continuity_fixed_candidates_center_fixed.0.01.normalized_median,0.3915298409295752
frame_04_Ta_encoder.continuity_fixed_candidates_center_fixed.0.01.normalized_p95,0.9155181553057393
frame_04_Ta_encoder.continuity_fixed_candidates_center_fixed.0.1.pair_rms,1.1862799721865376
frame_04_Ta_encoder.continuity_fixed_candidates_center_fixed.0.1.normalized_median,0.8386427177210758
frame_04_Ta_encoder.continuity_fixed_candidates_center_fixed.0.1.normalized_p95,1.291887821684187
frame_04_Ta_projector.collapse.effective_rank,5.380687011075766
frame_04_Ta_projector.collapse.variance,0.008333337817504102
frame_04_Ta_projector.collapse.pair_rms,0.12909947960781332
frame_04_Ta_projector.liquid_collapse.effective_rank,5.395580437927836
frame_04_Ta_projector.liquid_collapse.variance,0.008048520036528683
frame_04_Ta_projector.liquid_collapse.pair_rms,0.1268741111222355
frame_04_Ta_projector.reference_coverage.liquid_fraction,0.927001953125
frame_04_Ta_projector.reference_coverage.cutoff_stable_fraction,0.99365234375
frame_04_Ta_projector.context.counts.0.train,667
frame_04_Ta_projector.context.counts.0.test,749
frame_04_Ta_projector.context.counts.1.train,168
frame_04_Ta_projector.context.counts.1.test,58
frame_04_Ta_projector.context.counts.2.train,32
frame_04_Ta_projector.context.counts.2.test,40
frame_04_Ta_projector.context.counts.3.train,0
frame_04_Ta_projector.context.counts.3.test,0
frame_04_Ta_projector.context.counts.4.train,0
frame_04_Ta_projector.context.counts.4.test,0
frame_04_Ta_projector.context.counts.5.train,725
frame_04_Ta_projector.context.counts.5.test,759
frame_04_Ta_projector.context.counts.6.train,381
frame_04_Ta_projector.context.counts.6.test,364
frame_04_Ta_projector.context.test_coverage,1.0
frame_04_Ta_projector.context.balanced_accuracy,0.4529502742816646
frame_04_Ta_projector.context.ap.0,0.4811206442463244
frame_04_Ta_projector.context.ap.1,0.8788283032733478
frame_04_Ta_projector.context.ap.2,0.08935883534980044
frame_04_Ta_projector.context.ap.3,
frame_04_Ta_projector.context.ap.4,
frame_04_Ta_projector.context.ap.5,0.487741644208547
frame_04_Ta_projector.context.ap.6,0.23502114067542793
frame_04_Ta_projector.ptm.counts.0.train,1692
frame_04_Ta_projector.ptm.counts.0.test,1809
frame_04_Ta_projector.ptm.counts.1.train,0
frame_04_Ta_projector.ptm.counts.1.test,0
frame_04_Ta_projector.ptm.counts.2.train,0
frame_04_Ta_projector.ptm.counts.2.test,0
frame_04_Ta_projector.ptm.counts.3.train,188
frame_04_Ta_projector.ptm.counts.3.test,73
frame_04_Ta_projector.ptm.counts.4.train,93
frame_04_Ta_projector.ptm.counts.4.test,88
frame_04_Ta_projector.ptm.test_coverage,1.0
frame_04_Ta_projector.ptm.balanced_accuracy,0.6958671542430829
frame_04_Ta_projector.ptm.ap.0,0.969729867927782
frame_04_Ta_projector.ptm.ap.1,
frame_04_Ta_projector.ptm.ap.2,
frame_04_Ta_projector.ptm.ap.3,0.8582626158698115
frame_04_Ta_projector.ptm.ap.4,0.10951273663818606
frame_04_Ta_projector.liquid_order.train_count,1773
frame_04_Ta_projector.liquid_order.test_count,1872
frame_04_Ta_projector.liquid_order.conditional_r2_gain,-0.009111921302974224
frame_04_Ta_projector.liquid_order.mean_r2,0.009438197128474712
frame_04_Ta_projector.context_cutoff_008.counts.0.train,667
frame_04_Ta_projector.context_cutoff_008.counts.0.test,749
frame_04_Ta_projector.context_cutoff_008.counts.1.train,167
frame_04_Ta_projector.context_cutoff_008.counts.1.test,58
frame_04_Ta_projector.context_cutoff_008.counts.2.train,31
frame_04_Ta_projector.context_cutoff_008.counts.2.test,32
frame_04_Ta_projector.context_cutoff_008.counts.3.train,0
frame_04_Ta_projector.context_cutoff_008.counts.3.test,0
frame_04_Ta_projector.context_cutoff_008.counts.4.train,0
frame_04_Ta_projector.context_cutoff_008.counts.4.test,0
frame_04_Ta_projector.context_cutoff_008.counts.5.train,726
frame_04_Ta_projector.context_cutoff_008.counts.5.test,760
frame_04_Ta_projector.context_cutoff_008.counts.6.train,382
frame_04_Ta_projector.context_cutoff_008.counts.6.test,371
frame_04_Ta_projector.context_cutoff_008.test_coverage,1.0
frame_04_Ta_projector.context_cutoff_008.balanced_accuracy,0.45421686962497726
frame_04_Ta_projector.context_cutoff_008.ap.0,0.48424816916561564
frame_04_Ta_projector.context_cutoff_008.ap.1,0.8869829507050269
frame_04_Ta_projector.context_cutoff_008.ap.2,0.09807893007913107
frame_04_Ta_projector.context_cutoff_008.ap.3,
frame_04_Ta_projector.context_cutoff_008.ap.4,
frame_04_Ta_projector.context_cutoff_008.ap.5,0.48831637734293076
frame_04_Ta_projector.context_cutoff_008.ap.6,0.23861107619396674
frame_04_Ta_projector.context_cutoff_010.counts.0.train,667
frame_04_Ta_projector.context_cutoff_010.counts.0.test,749
frame_04_Ta_projector.context_cutoff_010.counts.1.train,168
frame_04_Ta_projector.context_cutoff_010.counts.1.test,58
frame_04_Ta_projector.context_cutoff_010.counts.2.train,32
frame_04_Ta_projector.context_cutoff_010.counts.2.test,40
frame_04_Ta_projector.context_cutoff_010.counts.3.train,0
frame_04_Ta_projector.context_cutoff_010.counts.3.test,0
frame_04_Ta_projector.context_cutoff_010.counts.4.train,0
frame_04_Ta_projector.context_cutoff_010.counts.4.test,0
frame_04_Ta_projector.context_cutoff_010.counts.5.train,725
frame_04_Ta_projector.context_cutoff_010.counts.5.test,759
frame_04_Ta_projector.context_cutoff_010.counts.6.train,381
frame_04_Ta_projector.context_cutoff_010.counts.6.test,364
frame_04_Ta_projector.context_cutoff_010.test_coverage,1.0
frame_04_Ta_projector.context_cutoff_010.balanced_accuracy,0.4529502742816646
frame_04_Ta_projector.context_cutoff_010.ap.0,0.4811206442463244
frame_04_Ta_projector.context_cutoff_010.ap.1,0.8788283032733478
frame_04_Ta_projector.context_cutoff_010.ap.2,0.08935883534980044
frame_04_Ta_projector.context_cutoff_010.ap.3,
frame_04_Ta_projector.context_cutoff_010.ap.4,
frame_04_Ta_projector.context_cutoff_010.ap.5,0.487741644208547
frame_04_Ta_projector.context_cutoff_010.ap.6,0.23502114067542793
frame_04_Ta_projector.context_cutoff_012.counts.0.train,667
frame_04_Ta_projector.context_cutoff_012.counts.0.test,749
frame_04_Ta_projector.context_cutoff_012.counts.1.train,171
frame_04_Ta_projector.context_cutoff_012.counts.1.test,59
frame_04_Ta_projector.context_cutoff_012.counts.2.train,34
frame_04_Ta_projector.context_cutoff_012.counts.2.test,44
frame_04_Ta_projector.context_cutoff_012.counts.3.train,0
frame_04_Ta_projector.context_cutoff_012.counts.3.test,0
frame_04_Ta_projector.context_cutoff_012.counts.4.train,0
frame_04_Ta_projector.context_cutoff_012.counts.4.test,0
frame_04_Ta_projector.context_cutoff_012.counts.5.train,725
frame_04_Ta_projector.context_cutoff_012.counts.5.test,759
frame_04_Ta_projector.context_cutoff_012.counts.6.train,376
frame_04_Ta_projector.context_cutoff_012.counts.6.test,359
frame_04_Ta_projector.context_cutoff_012.test_coverage,1.0
frame_04_Ta_projector.context_cutoff_012.balanced_accuracy,0.4583729422189293
frame_04_Ta_projector.context_cutoff_012.ap.0,0.4786372885702682
frame_04_Ta_projector.context_cutoff_012.ap.1,0.8753945693819165
frame_04_Ta_projector.context_cutoff_012.ap.2,0.07490380315403876
frame_04_Ta_projector.context_cutoff_012.ap.3,
frame_04_Ta_projector.context_cutoff_012.ap.4,
frame_04_Ta_projector.context_cutoff_012.ap.5,0.48231005378492203
frame_04_Ta_projector.context_cutoff_012.ap.6,0.2246174957878752
frame_04_Ta_projector.spatial.auc,0.5087747294104361
frame_04_Ta_projector.spatial.pairs,1936
frame_04_Ta_projector.spatial.changed_pairs,1040
frame_04_Ta_projector.spatial.bins,5
frame_04_Ta_projector.spatial.same_label_normalized_distance,0.9368020054731928
frame_04_Ta_projector.nonbulk_spatial.auc,0.5040215804819961
frame_04_Ta_projector.nonbulk_spatial.pairs,1875
frame_04_Ta_projector.nonbulk_spatial.changed_pairs,1031
frame_04_Ta_projector.nonbulk_spatial.bins,5
frame_04_Ta_projector.nonbulk_spatial.same_label_normalized_distance,0.9483716293702298
frame_04_Ta_projector.shuffled_spatial.auc,0.4995148205252604
frame_04_Ta_projector.shuffled_spatial.pairs,1875
frame_04_Ta_projector.shuffled_spatial.changed_pairs,1031
frame_04_Ta_projector.shuffled_spatial.bins,5
frame_04_Ta_projector.shuffled_spatial.same_label_normalized_distance,0.9536410365114262
frame_04_Ta_projector.collapsed_spatial.auc,0.5
frame_04_Ta_projector.collapsed_spatial.pairs,1875
frame_04_Ta_projector.collapsed_spatial.changed_pairs,1031
frame_04_Ta_projector.collapsed_spatial.bins,5
frame_04_Ta_projector.collapsed_spatial.same_label_normalized_distance,
frame_04_Ta_projector.liquid_topology.train_count,431
frame_04_Ta_projector.liquid_topology.test_count,475
frame_04_Ta_projector.liquid_topology.conditional_r2_gain,-4.1170759201049805
frame_04_Ta_projector.liquid_topology.mean_r2,-4.283689022064209
frame_04_Ta_projector.nonbulk_cluster_ami,0.007698426996482307
frame_04_Ta_projector.continuity_fixed_candidates_center_fixed.0.0001.pair_rms,0.1273370441169837
frame_04_Ta_projector.continuity_fixed_candidates_center_fixed.0.0001.normalized_median,7.73185507335532e-05
frame_04_Ta_projector.continuity_fixed_candidates_center_fixed.0.0001.normalized_p95,0.14742057005441417
frame_04_Ta_projector.continuity_fixed_candidates_center_fixed.0.01.pair_rms,0.1273370441169837
frame_04_Ta_projector.continuity_fixed_candidates_center_fixed.0.01.normalized_median,0.38634763797026955
frame_04_Ta_projector.continuity_fixed_candidates_center_fixed.0.01.normalized_p95,0.9499970268347543
frame_04_Ta_projector.continuity_fixed_candidates_center_fixed.0.1.pair_rms,0.1273370441169837
frame_04_Ta_projector.continuity_fixed_candidates_center_fixed.0.1.normalized_median,0.8348703339754492
frame_04_Ta_projector.continuity_fixed_candidates_center_fixed.0.1.normalized_p95,1.3251542578706916
frame_05_Ta_encoder.collapse.effective_rank,6.041920645252513
frame_05_Ta_encoder.collapse.variance,0.7690419192474136
frame_05_Ta_encoder.collapse.pair_rms,1.2401950808218951
frame_05_Ta_encoder.liquid_collapse.effective_rank,6.735800269181772
frame_05_Ta_encoder.liquid_collapse.variance,0.6996498264452499
frame_05_Ta_encoder.liquid_collapse.pair_rms,1.1829199689287944
frame_05_Ta_encoder.reference_coverage.liquid_fraction,0.7783203125
frame_05_Ta_encoder.reference_coverage.cutoff_stable_fraction,0.990478515625
frame_05_Ta_encoder.context.counts.0.train,515
frame_05_Ta_encoder.context.counts.0.test,612
frame_05_Ta_encoder.context.counts.1.train,465
frame_05_Ta_encoder.context.counts.1.test,276
frame_05_Ta_encoder.context.counts.2.train,91
frame_05_Ta_encoder.context.counts.2.test,72
frame_05_Ta_encoder.context.counts.3.train,0
frame_05_Ta_encoder.context.counts.3.test,0
frame_05_Ta_encoder.context.counts.4.train,0
frame_05_Ta_encoder.context.counts.4.test,0
frame_05_Ta_encoder.context.counts.5.train,644
frame_05_Ta_encoder.context.counts.5.test,702
frame_05_Ta_encoder.context.counts.6.train,270
frame_05_Ta_encoder.context.counts.6.test,284
frame_05_Ta_encoder.context.test_coverage,1.0
frame_05_Ta_encoder.context.balanced_accuracy,0.5039961906222128
frame_05_Ta_encoder.context.ap.0,0.4387658128476658
frame_05_Ta_encoder.context.ap.1,0.9808147552452084
frame_05_Ta_encoder.context.ap.2,0.18652576476651042
frame_05_Ta_encoder.context.ap.3,
frame_05_Ta_encoder.context.ap.4,
frame_05_Ta_encoder.context.ap.5,0.5281481486106216
frame_05_Ta_encoder.context.ap.6,0.21354316872259171
frame_05_Ta_encoder.ptm.counts.0.train,1378
frame_05_Ta_encoder.ptm.counts.0.test,1535
frame_05_Ta_encoder.ptm.counts.1.train,0
frame_05_Ta_encoder.ptm.counts.1.test,0
frame_05_Ta_encoder.ptm.counts.2.train,0
frame_05_Ta_encoder.ptm.counts.2.test,0
frame_05_Ta_encoder.ptm.counts.3.train,502
frame_05_Ta_encoder.ptm.counts.3.test,314
frame_05_Ta_encoder.ptm.counts.4.train,105
frame_05_Ta_encoder.ptm.counts.4.test,97
frame_05_Ta_encoder.ptm.test_coverage,1.0
frame_05_Ta_encoder.ptm.balanced_accuracy,0.7011312350593463
frame_05_Ta_encoder.ptm.ap.0,0.9630072604020553
frame_05_Ta_encoder.ptm.ap.1,
frame_05_Ta_encoder.ptm.ap.2,
frame_05_Ta_encoder.ptm.ap.3,0.9829258323433768
frame_05_Ta_encoder.ptm.ap.4,0.1151759045726948
frame_05_Ta_encoder.liquid_order.train_count,1429
frame_05_Ta_encoder.liquid_order.test_count,1598
frame_05_Ta_encoder.liquid_order.conditional_r2_gain,-0.043555229902267456
frame_05_Ta_encoder.liquid_order.mean_r2,-0.02102806232869625
frame_05_Ta_encoder.context_cutoff_008.counts.0.train,515
frame_05_Ta_encoder.context_cutoff_008.counts.0.test,612
frame_05_Ta_encoder.context_cutoff_008.counts.1.train,463
frame_05_Ta_encoder.context_cutoff_008.counts.1.test,273
frame_05_Ta_encoder.context_cutoff_008.counts.2.train,89
frame_05_Ta_encoder.context_cutoff_008.counts.2.test,73
frame_05_Ta_encoder.context_cutoff_008.counts.3.train,0
frame_05_Ta_encoder.context_cutoff_008.counts.3.test,0
frame_05_Ta_encoder.context_cutoff_008.counts.4.train,0
frame_05_Ta_encoder.context_cutoff_008.counts.4.test,0
frame_05_Ta_encoder.context_cutoff_008.counts.5.train,645
frame_05_Ta_encoder.context_cutoff_008.counts.5.test,702
frame_05_Ta_encoder.context_cutoff_008.counts.6.train,273
frame_05_Ta_encoder.context_cutoff_008.counts.6.test,286
frame_05_Ta_encoder.context_cutoff_008.test_coverage,1.0
frame_05_Ta_encoder.context_cutoff_008.balanced_accuracy,0.517220207792327
frame_05_Ta_encoder.context_cutoff_008.ap.0,0.43949070141305036
frame_05_Ta_encoder.context_cutoff_008.ap.1,0.9823717760632535
frame_05_Ta_encoder.context_cutoff_008.ap.2,0.21944963851779198
frame_05_Ta_encoder.context_cutoff_008.ap.3,
frame_05_Ta_encoder.context_cutoff_008.ap.4,
frame_05_Ta_encoder.context_cutoff_008.ap.5,0.5318113454266307
frame_05_Ta_encoder.context_cutoff_008.ap.6,0.21237095877894585
frame_05_Ta_encoder.context_cutoff_010.counts.0.train,515
frame_05_Ta_encoder.context_cutoff_010.counts.0.test,612
frame_05_Ta_encoder.context_cutoff_010.counts.1.train,465
frame_05_Ta_encoder.context_cutoff_010.counts.1.test,276
frame_05_Ta_encoder.context_cutoff_010.counts.2.train,91
frame_05_Ta_encoder.context_cutoff_010.counts.2.test,72
frame_05_Ta_encoder.context_cutoff_010.counts.3.train,0
frame_05_Ta_encoder.context_cutoff_010.counts.3.test,0
frame_05_Ta_encoder.context_cutoff_010.counts.4.train,0
frame_05_Ta_encoder.context_cutoff_010.counts.4.test,0
frame_05_Ta_encoder.context_cutoff_010.counts.5.train,644
frame_05_Ta_encoder.context_cutoff_010.counts.5.test,702
frame_05_Ta_encoder.context_cutoff_010.counts.6.train,270
frame_05_Ta_encoder.context_cutoff_010.counts.6.test,284
frame_05_Ta_encoder.context_cutoff_010.test_coverage,1.0
frame_05_Ta_encoder.context_cutoff_010.balanced_accuracy,0.5039961906222128
frame_05_Ta_encoder.context_cutoff_010.ap.0,0.4387658128476658
frame_05_Ta_encoder.context_cutoff_010.ap.1,0.9808147552452084
frame_05_Ta_encoder.context_cutoff_010.ap.2,0.18652576476651042
frame_05_Ta_encoder.context_cutoff_010.ap.3,
frame_05_Ta_encoder.context_cutoff_010.ap.4,
frame_05_Ta_encoder.context_cutoff_010.ap.5,0.5281481486106216
frame_05_Ta_encoder.context_cutoff_010.ap.6,0.21354316872259171
frame_05_Ta_encoder.context_cutoff_012.counts.0.train,515
frame_05_Ta_encoder.context_cutoff_012.counts.0.test,612
frame_05_Ta_encoder.context_cutoff_012.counts.1.train,469
frame_05_Ta_encoder.context_cutoff_012.counts.1.test,277
frame_05_Ta_encoder.context_cutoff_012.counts.2.train,98
frame_05_Ta_encoder.context_cutoff_012.counts.2.test,82
frame_05_Ta_encoder.context_cutoff_012.counts.3.train,0
frame_05_Ta_encoder.context_cutoff_012.counts.3.test,0
frame_05_Ta_encoder.context_cutoff_012.counts.4.train,0
frame_05_Ta_encoder.context_cutoff_012.counts.4.test,0
frame_05_Ta_encoder.context_cutoff_012.counts.5.train,641
frame_05_Ta_encoder.context_cutoff_012.counts.5.test,702
frame_05_Ta_encoder.context_cutoff_012.counts.6.train,262
frame_05_Ta_encoder.context_cutoff_012.counts.6.test,273
frame_05_Ta_encoder.context_cutoff_012.test_coverage,1.0
frame_05_Ta_encoder.context_cutoff_012.balanced_accuracy,0.4730002268079329
frame_05_Ta_encoder.context_cutoff_012.ap.0,0.4387870029466727
frame_05_Ta_encoder.context_cutoff_012.ap.1,0.9797404289859251
frame_05_Ta_encoder.context_cutoff_012.ap.2,0.17072266444057066
frame_05_Ta_encoder.context_cutoff_012.ap.3,
frame_05_Ta_encoder.context_cutoff_012.ap.4,
frame_05_Ta_encoder.context_cutoff_012.ap.5,0.5334287237087356
frame_05_Ta_encoder.context_cutoff_012.ap.6,0.2007947541756756
frame_05_Ta_encoder.spatial.auc,0.5202912709513191
frame_05_Ta_encoder.spatial.pairs,1907
frame_05_Ta_encoder.spatial.changed_pairs,885
frame_05_Ta_encoder.spatial.bins,5
frame_05_Ta_encoder.spatial.same_label_normalized_distance,0.8940008499022325
frame_05_Ta_encoder.nonbulk_spatial.auc,0.4924894480355812
frame_05_Ta_encoder.nonbulk_spatial.pairs,1626
frame_05_Ta_encoder.nonbulk_spatial.changed_pairs,853
frame_05_Ta_encoder.nonbulk_spatial.bins,5
frame_05_Ta_encoder.nonbulk_spatial.same_label_normalized_distance,0.9640609047778937
frame_05_Ta_encoder.shuffled_spatial.auc,0.5091160566420897
frame_05_Ta_encoder.shuffled_spatial.pairs,1626
frame_05_Ta_encoder.shuffled_spatial.changed_pairs,853
frame_05_Ta_encoder.shuffled_spatial.bins,5
frame_05_Ta_encoder.shuffled_spatial.same_label_normalized_distance,0.9694781393399305
frame_05_Ta_encoder.collapsed_spatial.auc,0.5
frame_05_Ta_encoder.collapsed_spatial.pairs,1626
frame_05_Ta_encoder.collapsed_spatial.changed_pairs,853
frame_05_Ta_encoder.collapsed_spatial.bins,5
frame_05_Ta_encoder.collapsed_spatial.same_label_normalized_distance,
frame_05_Ta_encoder.liquid_topology.train_count,366
frame_05_Ta_encoder.liquid_topology.test_count,379
frame_05_Ta_encoder.liquid_topology.conditional_r2_gain,-0.6683255434036255
frame_05_Ta_encoder.liquid_topology.mean_r2,-0.685421884059906
frame_05_Ta_encoder.nonbulk_cluster_ami,0.009201578833027078
frame_05_Ta_encoder.continuity_fixed_candidates_center_fixed.0.0001.pair_rms,1.2337606427289127
frame_05_Ta_encoder.continuity_fixed_candidates_center_fixed.0.0001.normalized_median,7.578408128489707e-05
frame_05_Ta_encoder.continuity_fixed_candidates_center_fixed.0.0001.normalized_p95,0.25004015524407247
frame_05_Ta_encoder.continuity_fixed_candidates_center_fixed.0.01.pair_rms,1.2337606427289127
frame_05_Ta_encoder.continuity_fixed_candidates_center_fixed.0.01.normalized_median,0.369241924627673
frame_05_Ta_encoder.continuity_fixed_candidates_center_fixed.0.01.normalized_p95,0.9521183872975058
frame_05_Ta_encoder.continuity_fixed_candidates_center_fixed.0.1.pair_rms,1.2337606427289127
frame_05_Ta_encoder.continuity_fixed_candidates_center_fixed.0.1.normalized_median,0.8076818897160336
frame_05_Ta_encoder.continuity_fixed_candidates_center_fixed.0.1.normalized_p95,1.2329463828691005
frame_05_Ta_projector.collapse.effective_rank,5.172850760931344
frame_05_Ta_projector.collapse.variance,0.009036832634743513
frame_05_Ta_projector.collapse.pair_rms,0.13443833258965623
frame_05_Ta_projector.liquid_collapse.effective_rank,5.36417563464439
frame_05_Ta_projector.liquid_collapse.variance,0.008215447782529143
frame_05_Ta_projector.liquid_collapse.pair_rms,0.12818305490609236
frame_05_Ta_projector.reference_coverage.liquid_fraction,0.7783203125
frame_05_Ta_projector.reference_coverage.cutoff_stable_fraction,0.990478515625
frame_05_Ta_projector.context.counts.0.train,515
frame_05_Ta_projector.context.counts.0.test,612
frame_05_Ta_projector.context.counts.1.train,465
frame_05_Ta_projector.context.counts.1.test,276
frame_05_Ta_projector.context.counts.2.train,91
frame_05_Ta_projector.context.counts.2.test,72
frame_05_Ta_projector.context.counts.3.train,0
frame_05_Ta_projector.context.counts.3.test,0
frame_05_Ta_projector.context.counts.4.train,0
frame_05_Ta_projector.context.counts.4.test,0
frame_05_Ta_projector.context.counts.5.train,644
frame_05_Ta_projector.context.counts.5.test,702
frame_05_Ta_projector.context.counts.6.train,270
frame_05_Ta_projector.context.counts.6.test,284
frame_05_Ta_projector.context.test_coverage,1.0
frame_05_Ta_projector.context.balanced_accuracy,0.4747239717404696
frame_05_Ta_projector.context.ap.0,0.4420445559130527
frame_05_Ta_projector.context.ap.1,0.9650069506735832
frame_05_Ta_projector.context.ap.2,0.17030159234798556
frame_05_Ta_projector.context.ap.3,
frame_05_Ta_projector.context.ap.4,
frame_05_Ta_projector.context.ap.5,0.513499741809432
frame_05_Ta_projector.context.ap.6,0.1961794136271937
frame_05_Ta_projector.ptm.counts.0.train,1378
frame_05_Ta_projector.ptm.counts.0.test,1535
frame_05_Ta_projector.ptm.counts.1.train,0
frame_05_Ta_projector.ptm.counts.1.test,0
frame_05_Ta_projector.ptm.counts.2.train,0
frame_05_Ta_projector.ptm.counts.2.test,0
frame_05_Ta_projector.ptm.counts.3.train,502
frame_05_Ta_projector.ptm.counts.3.test,314
frame_05_Ta_projector.ptm.counts.4.train,105
frame_05_Ta_projector.ptm.counts.4.test,97
frame_05_Ta_projector.ptm.test_coverage,1.0
frame_05_Ta_projector.ptm.balanced_accuracy,0.7395895481711738
frame_05_Ta_projector.ptm.ap.0,0.9654364967561903
frame_05_Ta_projector.ptm.ap.1,
frame_05_Ta_projector.ptm.ap.2,
frame_05_Ta_projector.ptm.ap.3,0.9732892767618911
frame_05_Ta_projector.ptm.ap.4,0.1291238863142865
frame_05_Ta_projector.liquid_order.train_count,1429
frame_05_Ta_projector.liquid_order.test_count,1598
frame_05_Ta_projector.liquid_order.conditional_r2_gain,-0.013901174068450928
frame_05_Ta_projector.liquid_order.mean_r2,0.008539468050003052
frame_05_Ta_projector.context_cutoff_008.counts.0.train,515
frame_05_Ta_projector.context_cutoff_008.counts.0.test,612
frame_05_Ta_projector.context_cutoff_008.counts.1.train,463
frame_05_Ta_projector.context_cutoff_008.counts.1.test,273
frame_05_Ta_projector.context_cutoff_008.counts.2.train,89
frame_05_Ta_projector.context_cutoff_008.counts.2.test,73
frame_05_Ta_projector.context_cutoff_008.counts.3.train,0
frame_05_Ta_projector.context_cutoff_008.counts.3.test,0
frame_05_Ta_projector.context_cutoff_008.counts.4.train,0
frame_05_Ta_projector.context_cutoff_008.counts.4.test,0
frame_05_Ta_projector.context_cutoff_008.counts.5.train,645
frame_05_Ta_projector.context_cutoff_008.counts.5.test,702
frame_05_Ta_projector.context_cutoff_008.counts.6.train,273
frame_05_Ta_projector.context_cutoff_008.counts.6.test,286
frame_05_Ta_projector.context_cutoff_008.test_coverage,1.0
frame_05_Ta_projector.context_cutoff_008.balanced_accuracy,0.46957395277298586
frame_05_Ta_projector.context_cutoff_008.ap.0,0.44291563923241667
frame_05_Ta_projector.context_cutoff_008.ap.1,0.9665060231225316
frame_05_Ta_projector.context_cutoff_008.ap.2,0.19141257192289982
frame_05_Ta_projector.context_cutoff_008.ap.3,
frame_05_Ta_projector.context_cutoff_008.ap.4,
frame_05_Ta_projector.context_cutoff_008.ap.5,0.5140297762947563
frame_05_Ta_projector.context_cutoff_008.ap.6,0.19321448456903853
frame_05_Ta_projector.context_cutoff_010.counts.0.train,515
frame_05_Ta_projector.context_cutoff_010.counts.0.test,612
frame_05_Ta_projector.context_cutoff_010.counts.1.train,465
frame_05_Ta_projector.context_cutoff_010.counts.1.test,276
frame_05_Ta_projector.context_cutoff_010.counts.2.train,91
frame_05_Ta_projector.context_cutoff_010.counts.2.test,72
frame_05_Ta_projector.context_cutoff_010.counts.3.train,0
frame_05_Ta_projector.context_cutoff_010.counts.3.test,0
frame_05_Ta_projector.context_cutoff_010.counts.4.train,0
frame_05_Ta_projector.context_cutoff_010.counts.4.test,0
frame_05_Ta_projector.context_cutoff_010.counts.5.train,644
frame_05_Ta_projector.context_cutoff_010.counts.5.test,702
frame_05_Ta_projector.context_cutoff_010.counts.6.train,270
frame_05_Ta_projector.context_cutoff_010.counts.6.test,284
frame_05_Ta_projector.context_cutoff_010.test_coverage,1.0
frame_05_Ta_projector.context_cutoff_010.balanced_accuracy,0.4747239717404696
frame_05_Ta_projector.context_cutoff_010.ap.0,0.4420445559130527
frame_05_Ta_projector.context_cutoff_010.ap.1,0.9650069506735832
frame_05_Ta_projector.context_cutoff_010.ap.2,0.17030159234798556
frame_05_Ta_projector.context_cutoff_010.ap.3,
frame_05_Ta_projector.context_cutoff_010.ap.4,
frame_05_Ta_projector.context_cutoff_010.ap.5,0.513499741809432
frame_05_Ta_projector.context_cutoff_010.ap.6,0.1961794136271937
frame_05_Ta_projector.context_cutoff_012.counts.0.train,515
frame_05_Ta_projector.context_cutoff_012.counts.0.test,612
frame_05_Ta_projector.context_cutoff_012.counts.1.train,469
frame_05_Ta_projector.context_cutoff_012.counts.1.test,277
frame_05_Ta_projector.context_cutoff_012.counts.2.train,98
frame_05_Ta_projector.context_cutoff_012.counts.2.test,82
frame_05_Ta_projector.context_cutoff_012.counts.3.train,0
frame_05_Ta_projector.context_cutoff_012.counts.3.test,0
frame_05_Ta_projector.context_cutoff_012.counts.4.train,0
frame_05_Ta_projector.context_cutoff_012.counts.4.test,0
frame_05_Ta_projector.context_cutoff_012.counts.5.train,641
frame_05_Ta_projector.context_cutoff_012.counts.5.test,702
frame_05_Ta_projector.context_cutoff_012.counts.6.train,262
frame_05_Ta_projector.context_cutoff_012.counts.6.test,273
frame_05_Ta_projector.context_cutoff_012.test_coverage,1.0
frame_05_Ta_projector.context_cutoff_012.balanced_accuracy,0.44878156291381616
frame_05_Ta_projector.context_cutoff_012.ap.0,0.44655793807626
frame_05_Ta_projector.context_cutoff_012.ap.1,0.9643134169361613
frame_05_Ta_projector.context_cutoff_012.ap.2,0.13752093316232136
frame_05_Ta_projector.context_cutoff_012.ap.3,
frame_05_Ta_projector.context_cutoff_012.ap.4,
frame_05_Ta_projector.context_cutoff_012.ap.5,0.5152241664461471
frame_05_Ta_projector.context_cutoff_012.ap.6,0.18814092964252646
frame_05_Ta_projector.spatial.auc,0.5153478665612814
frame_05_Ta_projector.spatial.pairs,1907
frame_05_Ta_projector.spatial.changed_pairs,885
frame_05_Ta_projector.spatial.bins,5
frame_05_Ta_projector.spatial.same_label_normalized_distance,0.8866559936451813
frame_05_Ta_projector.nonbulk_spatial.auc,0.497949345155521
frame_05_Ta_projector.nonbulk_spatial.pairs,1626
frame_05_Ta_projector.nonbulk_spatial.changed_pairs,853
frame_05_Ta_projector.nonbulk_spatial.bins,5
frame_05_Ta_projector.nonbulk_spatial.same_label_normalized_distance,0.9478022989140201
frame_05_Ta_projector.shuffled_spatial.auc,0.5030427139665485
frame_05_Ta_projector.shuffled_spatial.pairs,1626
frame_05_Ta_projector.shuffled_spatial.changed_pairs,853
frame_05_Ta_projector.shuffled_spatial.bins,5
frame_05_Ta_projector.shuffled_spatial.same_label_normalized_distance,0.9675917840980538
frame_05_Ta_projector.collapsed_spatial.auc,0.5
frame_05_Ta_projector.collapsed_spatial.pairs,1626
frame_05_Ta_projector.collapsed_spatial.changed_pairs,853
frame_05_Ta_projector.collapsed_spatial.bins,5
frame_05_Ta_projector.collapsed_spatial.same_label_normalized_distance,
frame_05_Ta_projector.liquid_topology.train_count,366
frame_05_Ta_projector.liquid_topology.test_count,379
frame_05_Ta_projector.liquid_topology.conditional_r2_gain,-0.4584689140319824
frame_05_Ta_projector.liquid_topology.mean_r2,-0.4875272214412689
frame_05_Ta_projector.nonbulk_cluster_ami,0.008710649961047328
frame_05_Ta_projector.continuity_fixed_candidates_center_fixed.0.0001.pair_rms,0.13234180804861162
frame_05_Ta_projector.continuity_fixed_candidates_center_fixed.0.0001.normalized_median,7.743948134739304e-05
frame_05_Ta_projector.continuity_fixed_candidates_center_fixed.0.0001.normalized_p95,0.2607326627753403
frame_05_Ta_projector.continuity_fixed_candidates_center_fixed.0.01.pair_rms,0.13234180804861162
frame_05_Ta_projector.continuity_fixed_candidates_center_fixed.0.01.normalized_median,0.3651291402948712
frame_05_Ta_projector.continuity_fixed_candidates_center_fixed.0.01.normalized_p95,1.0123252788044312
frame_05_Ta_projector.continuity_fixed_candidates_center_fixed.0.1.pair_rms,0.13234180804861162
frame_05_Ta_projector.continuity_fixed_candidates_center_fixed.0.1.normalized_median,0.7889310545389323
frame_05_Ta_projector.continuity_fixed_candidates_center_fixed.0.1.normalized_p95,1.262280201047398
frame_06_Zr_encoder.collapse.effective_rank,6.70803604144668
frame_06_Zr_encoder.collapse.variance,0.6914359291601718
frame_06_Zr_encoder.collapse.pair_rms,1.175955721241384
frame_06_Zr_encoder.liquid_collapse.effective_rank,6.696259559977322
frame_06_Zr_encoder.liquid_collapse.variance,0.6900736002697991
frame_06_Zr_encoder.liquid_collapse.pair_rms,1.1747966634867493
frame_06_Zr_encoder.reference_coverage.liquid_fraction,0.9765625
frame_06_Zr_encoder.reference_coverage.cutoff_stable_fraction,0.956298828125
frame_06_Zr_encoder.context.counts.0.train,968
frame_06_Zr_encoder.context.counts.0.test,920
frame_06_Zr_encoder.context.counts.1.train,16
frame_06_Zr_encoder.context.counts.1.test,0
frame_06_Zr_encoder.context.counts.2.train,53
frame_06_Zr_encoder.context.counts.2.test,20
frame_06_Zr_encoder.context.counts.3.train,0
frame_06_Zr_encoder.context.counts.3.test,0
frame_06_Zr_encoder.context.counts.4.train,0
frame_06_Zr_encoder.context.counts.4.test,0
frame_06_Zr_encoder.context.counts.5.train,489
frame_06_Zr_encoder.context.counts.5.test,492
frame_06_Zr_encoder.context.counts.6.train,390
frame_06_Zr_encoder.context.counts.6.test,399
frame_06_Zr_encoder.context.test_coverage,1.0
frame_06_Zr_encoder.context.balanced_accuracy,0.325127755098244
frame_06_Zr_encoder.context.ap.0,0.5462950779042618
frame_06_Zr_encoder.context.ap.1,
frame_06_Zr_encoder.context.ap.2,0.019410764698677207
frame_06_Zr_encoder.context.ap.3,
frame_06_Zr_encoder.context.ap.4,
frame_06_Zr_encoder.context.ap.5,0.3059250450529097
frame_06_Zr_encoder.context.ap.6,0.23528679412400066
frame_06_Zr_encoder.ptm.counts.0.train,1854
frame_06_Zr_encoder.ptm.counts.0.test,1809
frame_06_Zr_encoder.ptm.counts.1.train,0
frame_06_Zr_encoder.ptm.counts.1.test,0
frame_06_Zr_encoder.ptm.counts.2.train,1
frame_06_Zr_encoder.ptm.counts.2.test,0
frame_06_Zr_encoder.ptm.counts.3.train,41
frame_06_Zr_encoder.ptm.counts.3.test,10
frame_06_Zr_encoder.ptm.counts.4.train,20
frame_06_Zr_encoder.ptm.counts.4.test,12
frame_06_Zr_encoder.ptm.test_coverage,1.0
frame_06_Zr_encoder.ptm.balanced_accuracy,0.36533075363921136
frame_06_Zr_encoder.ptm.ap.0,0.9903356165303074
frame_06_Zr_encoder.ptm.ap.1,
frame_06_Zr_encoder.ptm.ap.2,
frame_06_Zr_encoder.ptm.ap.3,
frame_06_Zr_encoder.ptm.ap.4,
frame_06_Zr_encoder.liquid_order.train_count,1847
frame_06_Zr_encoder.liquid_order.test_count,1811
frame_06_Zr_encoder.liquid_order.conditional_r2_gain,-0.015031307935714722
frame_06_Zr_encoder.liquid_order.mean_r2,-0.01027005910873413
frame_06_Zr_encoder.context_cutoff_008.counts.0.train,968
frame_06_Zr_encoder.context_cutoff_008.counts.0.test,920
frame_06_Zr_encoder.context_cutoff_008.counts.1.train,15
frame_06_Zr_encoder.context_cutoff_008.counts.1.test,0
frame_06_Zr_encoder.context_cutoff_008.counts.2.train,31
frame_06_Zr_encoder.context_cutoff_008.counts.2.test,9
frame_06_Zr_encoder.context_cutoff_008.counts.3.train,0
frame_06_Zr_encoder.context_cutoff_008.counts.3.test,0
frame_06_Zr_encoder.context_cutoff_008.counts.4.train,0
frame_06_Zr_encoder.context_cutoff_008.counts.4.test,0
frame_06_Zr_encoder.context_cutoff_008.counts.5.train,489
frame_06_Zr_encoder.context_cutoff_008.counts.5.test,493
frame_06_Zr_encoder.context_cutoff_008.counts.6.train,413
frame_06_Zr_encoder.context_cutoff_008.counts.6.test,409
frame_06_Zr_encoder.context_cutoff_008.test_coverage,1.0
frame_06_Zr_encoder.context_cutoff_008.balanced_accuracy,0.345919823778604
frame_06_Zr_encoder.context_cutoff_008.ap.0,0.5505230169365898
frame_06_Zr_encoder.context_cutoff_008.ap.1,
frame_06_Zr_encoder.context_cutoff_008.ap.2,
frame_06_Zr_encoder.context_cutoff_008.ap.3,
frame_06_Zr_encoder.context_cutoff_008.ap.4,
frame_06_Zr_encoder.context_cutoff_008.ap.5,0.3086610970193472
frame_06_Zr_encoder.context_cutoff_008.ap.6,0.23124386178005962
frame_06_Zr_encoder.context_cutoff_010.counts.0.train,968
frame_06_Zr_encoder.context_cutoff_010.counts.0.test,920
frame_06_Zr_encoder.context_cutoff_010.counts.1.train,16
frame_06_Zr_encoder.context_cutoff_010.counts.1.test,0
frame_06_Zr_encoder.context_cutoff_010.counts.2.train,53
frame_06_Zr_encoder.context_cutoff_010.counts.2.test,20
frame_06_Zr_encoder.context_cutoff_010.counts.3.train,0
frame_06_Zr_encoder.context_cutoff_010.counts.3.test,0
frame_06_Zr_encoder.context_cutoff_010.counts.4.train,0
frame_06_Zr_encoder.context_cutoff_010.counts.4.test,0
frame_06_Zr_encoder.context_cutoff_010.counts.5.train,489
frame_06_Zr_encoder.context_cutoff_010.counts.5.test,492
frame_06_Zr_encoder.context_cutoff_010.counts.6.train,390
frame_06_Zr_encoder.context_cutoff_010.counts.6.test,399
frame_06_Zr_encoder.context_cutoff_010.test_coverage,1.0
frame_06_Zr_encoder.context_cutoff_010.balanced_accuracy,0.325127755098244
frame_06_Zr_encoder.context_cutoff_010.ap.0,0.5462950779042618
frame_06_Zr_encoder.context_cutoff_010.ap.1,
frame_06_Zr_encoder.context_cutoff_010.ap.2,0.019410764698677207
frame_06_Zr_encoder.context_cutoff_010.ap.3,
frame_06_Zr_encoder.context_cutoff_010.ap.4,
frame_06_Zr_encoder.context_cutoff_010.ap.5,0.3059250450529097
frame_06_Zr_encoder.context_cutoff_010.ap.6,0.23528679412400066
frame_06_Zr_encoder.context_cutoff_012.counts.0.train,964
frame_06_Zr_encoder.context_cutoff_012.counts.0.test,918
frame_06_Zr_encoder.context_cutoff_012.counts.1.train,17
frame_06_Zr_encoder.context_cutoff_012.counts.1.test,1
frame_06_Zr_encoder.context_cutoff_012.counts.2.train,110
frame_06_Zr_encoder.context_cutoff_012.counts.2.test,90
frame_06_Zr_encoder.context_cutoff_012.counts.3.train,0
frame_06_Zr_encoder.context_cutoff_012.counts.3.test,0
frame_06_Zr_encoder.context_cutoff_012.counts.4.train,0
frame_06_Zr_encoder.context_cutoff_012.counts.4.test,0
frame_06_Zr_encoder.context_cutoff_012.counts.5.train,486
frame_06_Zr_encoder.context_cutoff_012.counts.5.test,490
frame_06_Zr_encoder.context_cutoff_012.counts.6.train,339
frame_06_Zr_encoder.context_cutoff_012.counts.6.test,332
frame_06_Zr_encoder.context_cutoff_012.test_coverage,0.9994538503549972
frame_06_Zr_encoder.context_cutoff_012.balanced_accuracy,0.29992411958089793
frame_06_Zr_encoder.context_cutoff_012.ap.0,0.5362577846887776
frame_06_Zr_encoder.context_cutoff_012.ap.1,
frame_06_Zr_encoder.context_cutoff_012.ap.2,0.061781628995170104
frame_06_Zr_encoder.context_cutoff_012.ap.3,
frame_06_Zr_encoder.context_cutoff_012.ap.4,
frame_06_Zr_encoder.context_cutoff_012.ap.5,0.3093663297875235
frame_06_Zr_encoder.context_cutoff_012.ap.6,0.19430943466394646
frame_06_Zr_encoder.spatial.auc,0.5009621693260429
frame_06_Zr_encoder.spatial.pairs,1687
frame_06_Zr_encoder.spatial.changed_pairs,863
frame_06_Zr_encoder.spatial.bins,5
frame_06_Zr_encoder.spatial.same_label_normalized_distance,0.9594991629651471
frame_06_Zr_encoder.nonbulk_spatial.auc,0.5009621693260429
frame_06_Zr_encoder.nonbulk_spatial.pairs,1687
frame_06_Zr_encoder.nonbulk_spatial.changed_pairs,863
frame_06_Zr_encoder.nonbulk_spatial.bins,5
frame_06_Zr_encoder.nonbulk_spatial.same_label_normalized_distance,0.9594991629651471
frame_06_Zr_encoder.shuffled_spatial.auc,0.5152772516633768
frame_06_Zr_encoder.shuffled_spatial.pairs,1687
frame_06_Zr_encoder.shuffled_spatial.changed_pairs,863
frame_06_Zr_encoder.shuffled_spatial.bins,5
frame_06_Zr_encoder.shuffled_spatial.same_label_normalized_distance,0.9642732982662912
frame_06_Zr_encoder.collapsed_spatial.auc,0.5
frame_06_Zr_encoder.collapsed_spatial.pairs,1687
frame_06_Zr_encoder.collapsed_spatial.changed_pairs,863
frame_06_Zr_encoder.collapsed_spatial.bins,5
frame_06_Zr_encoder.collapsed_spatial.same_label_normalized_distance,
frame_06_Zr_encoder.liquid_topology.train_count,444
frame_06_Zr_encoder.liquid_topology.test_count,470
frame_06_Zr_encoder.liquid_topology.conditional_r2_gain,-0.18678615987300873
frame_06_Zr_encoder.liquid_topology.mean_r2,-0.19361048936843872
frame_06_Zr_encoder.nonbulk_cluster_ami,-0.00010016339512221149
frame_06_Zr_encoder.continuity_fixed_candidates_center_fixed.0.0001.pair_rms,1.1701975349981673
frame_06_Zr_encoder.continuity_fixed_candidates_center_fixed.0.0001.normalized_median,7.070270951467053e-05
frame_06_Zr_encoder.continuity_fixed_candidates_center_fixed.0.0001.normalized_p95,0.02992017599246328
frame_06_Zr_encoder.continuity_fixed_candidates_center_fixed.0.01.pair_rms,1.1701975349981673
frame_06_Zr_encoder.continuity_fixed_candidates_center_fixed.0.01.normalized_median,0.34046079782252425
frame_06_Zr_encoder.continuity_fixed_candidates_center_fixed.0.01.normalized_p95,0.8113735652961224
frame_06_Zr_encoder.continuity_fixed_candidates_center_fixed.0.1.pair_rms,1.1701975349981673
frame_06_Zr_encoder.continuity_fixed_candidates_center_fixed.0.1.normalized_median,0.8055669263313223
frame_06_Zr_encoder.continuity_fixed_candidates_center_fixed.0.1.normalized_p95,1.276542102576796
frame_06_Zr_projector.collapse.effective_rank,5.441397277521924
frame_06_Zr_projector.collapse.variance,0.008047153853623581
frame_06_Zr_projector.collapse.pair_rms,0.1268633426457271
frame_06_Zr_projector.liquid_collapse.effective_rank,5.435099782722388
frame_06_Zr_projector.liquid_collapse.variance,0.00802739065788165
frame_06_Zr_projector.liquid_collapse.pair_rms,0.12670746353614415
frame_06_Zr_projector.reference_coverage.liquid_fraction,0.9765625
frame_06_Zr_projector.reference_coverage.cutoff_stable_fraction,0.956298828125
frame_06_Zr_projector.context.counts.0.train,968
frame_06_Zr_projector.context.counts.0.test,920
frame_06_Zr_projector.context.counts.1.train,16
frame_06_Zr_projector.context.counts.1.test,0
frame_06_Zr_projector.context.counts.2.train,53
frame_06_Zr_projector.context.counts.2.test,20
frame_06_Zr_projector.context.counts.3.train,0
frame_06_Zr_projector.context.counts.3.test,0
frame_06_Zr_projector.context.counts.4.train,0
frame_06_Zr_projector.context.counts.4.test,0
frame_06_Zr_projector.context.counts.5.train,489
frame_06_Zr_projector.context.counts.5.test,492
frame_06_Zr_projector.context.counts.6.train,390
frame_06_Zr_projector.context.counts.6.test,399
frame_06_Zr_projector.context.test_coverage,1.0
frame_06_Zr_projector.context.balanced_accuracy,0.32787356780073196
frame_06_Zr_projector.context.ap.0,0.5388003356028694
frame_06_Zr_projector.context.ap.1,
frame_06_Zr_projector.context.ap.2,0.02884055745995197
frame_06_Zr_projector.context.ap.3,
frame_06_Zr_projector.context.ap.4,
frame_06_Zr_projector.context.ap.5,0.2966915428379939
frame_06_Zr_projector.context.ap.6,0.2408453873656213
frame_06_Zr_projector.ptm.counts.0.train,1854
frame_06_Zr_projector.ptm.counts.0.test,1809
frame_06_Zr_projector.ptm.counts.1.train,0
frame_06_Zr_projector.ptm.counts.1.test,0
frame_06_Zr_projector.ptm.counts.2.train,1
frame_06_Zr_projector.ptm.counts.2.test,0
frame_06_Zr_projector.ptm.counts.3.train,41
frame_06_Zr_projector.ptm.counts.3.test,10
frame_06_Zr_projector.ptm.counts.4.train,20
frame_06_Zr_projector.ptm.counts.4.test,12
frame_06_Zr_projector.ptm.test_coverage,1.0
frame_06_Zr_projector.ptm.balanced_accuracy,0.3547816473189607
frame_06_Zr_projector.ptm.ap.0,0.9911637854125916
frame_06_Zr_projector.ptm.ap.1,
frame_06_Zr_projector.ptm.ap.2,
frame_06_Zr_projector.ptm.ap.3,
frame_06_Zr_projector.ptm.ap.4,
frame_06_Zr_projector.liquid_order.train_count,1847
frame_06_Zr_projector.liquid_order.test_count,1811
frame_06_Zr_projector.liquid_order.conditional_r2_gain,-0.0070608556270599365
frame_06_Zr_projector.liquid_order.mean_r2,-0.003292461158707738
frame_06_Zr_projector.context_cutoff_008.counts.0.train,968
frame_06_Zr_projector.context_cutoff_008.counts.0.test,920
frame_06_Zr_projector.context_cutoff_008.counts.1.train,15
frame_06_Zr_projector.context_cutoff_008.counts.1.test,0
frame_06_Zr_projector.context_cutoff_008.counts.2.train,31
frame_06_Zr_projector.context_cutoff_008.counts.2.test,9
frame_06_Zr_projector.context_cutoff_008.counts.3.train,0
frame_06_Zr_projector.context_cutoff_008.counts.3.test,0
frame_06_Zr_projector.context_cutoff_008.counts.4.train,0
frame_06_Zr_projector.context_cutoff_008.counts.4.test,0
frame_06_Zr_projector.context_cutoff_008.counts.5.train,489
frame_06_Zr_projector.context_cutoff_008.counts.5.test,493
frame_06_Zr_projector.context_cutoff_008.counts.6.train,413
frame_06_Zr_projector.context_cutoff_008.counts.6.test,409
frame_06_Zr_projector.context_cutoff_008.test_coverage,1.0
frame_06_Zr_projector.context_cutoff_008.balanced_accuracy,0.32005034939383464
frame_06_Zr_projector.context_cutoff_008.ap.0,0.5426300031554531
frame_06_Zr_projector.context_cutoff_008.ap.1,
frame_06_Zr_projector.context_cutoff_008.ap.2,
frame_06_Zr_projector.context_cutoff_008.ap.3,
frame_06_Zr_projector.context_cutoff_008.ap.4,
frame_06_Zr_projector.context_cutoff_008.ap.5,0.29368688809442756
frame_06_Zr_projector.context_cutoff_008.ap.6,0.24588062204816838
frame_06_Zr_projector.context_cutoff_010.counts.0.train,968
frame_06_Zr_projector.context_cutoff_010.counts.0.test,920
frame_06_Zr_projector.context_cutoff_010.counts.1.train,16
frame_06_Zr_projector.context_cutoff_010.counts.1.test,0
frame_06_Zr_projector.context_cutoff_010.counts.2.train,53
frame_06_Zr_projector.context_cutoff_010.counts.2.test,20
frame_06_Zr_projector.context_cutoff_010.counts.3.train,0
frame_06_Zr_projector.context_cutoff_010.counts.3.test,0
frame_06_Zr_projector.context_cutoff_010.counts.4.train,0
frame_06_Zr_projector.context_cutoff_010.counts.4.test,0
frame_06_Zr_projector.context_cutoff_010.counts.5.train,489
frame_06_Zr_projector.context_cutoff_010.counts.5.test,492
frame_06_Zr_projector.context_cutoff_010.counts.6.train,390
frame_06_Zr_projector.context_cutoff_010.counts.6.test,399
frame_06_Zr_projector.context_cutoff_010.test_coverage,1.0
frame_06_Zr_projector.context_cutoff_010.balanced_accuracy,0.32787356780073196
frame_06_Zr_projector.context_cutoff_010.ap.0,0.5388003356028694
frame_06_Zr_projector.context_cutoff_010.ap.1,
frame_06_Zr_projector.context_cutoff_010.ap.2,0.02884055745995197
frame_06_Zr_projector.context_cutoff_010.ap.3,
frame_06_Zr_projector.context_cutoff_010.ap.4,
frame_06_Zr_projector.context_cutoff_010.ap.5,0.2966915428379939
frame_06_Zr_projector.context_cutoff_010.ap.6,0.2408453873656213
frame_06_Zr_projector.context_cutoff_012.counts.0.train,964
frame_06_Zr_projector.context_cutoff_012.counts.0.test,918
frame_06_Zr_projector.context_cutoff_012.counts.1.train,17
frame_06_Zr_projector.context_cutoff_012.counts.1.test,1
frame_06_Zr_projector.context_cutoff_012.counts.2.train,110
frame_06_Zr_projector.context_cutoff_012.counts.2.test,90
frame_06_Zr_projector.context_cutoff_012.counts.3.train,0
frame_06_Zr_projector.context_cutoff_012.counts.3.test,0
frame_06_Zr_projector.context_cutoff_012.counts.4.train,0
frame_06_Zr_projector.context_cutoff_012.counts.4.test,0
frame_06_Zr_projector.context_cutoff_012.counts.5.train,486
frame_06_Zr_projector.context_cutoff_012.counts.5.test,490
frame_06_Zr_projector.context_cutoff_012.counts.6.train,339
frame_06_Zr_projector.context_cutoff_012.counts.6.test,332
frame_06_Zr_projector.context_cutoff_012.test_coverage,0.9994538503549972
frame_06_Zr_projector.context_cutoff_012.balanced_accuracy,0.2751325630653868
frame_06_Zr_projector.context_cutoff_012.ap.0,0.5282616145770496
frame_06_Zr_projector.context_cutoff_012.ap.1,
frame_06_Zr_projector.context_cutoff_012.ap.2,0.057194349707512894
frame_06_Zr_projector.context_cutoff_012.ap.3,
frame_06_Zr_projector.context_cutoff_012.ap.4,
frame_06_Zr_projector.context_cutoff_012.ap.5,0.30145841434922355
frame_06_Zr_projector.context_cutoff_012.ap.6,0.19457372762246009
frame_06_Zr_projector.spatial.auc,0.5007939819837489
frame_06_Zr_projector.spatial.pairs,1687
frame_06_Zr_projector.spatial.changed_pairs,863
frame_06_Zr_projector.spatial.bins,5
frame_06_Zr_projector.spatial.same_label_normalized_distance,0.9526021602786927
frame_06_Zr_projector.nonbulk_spatial.auc,0.5007939819837489
frame_06_Zr_projector.nonbulk_spatial.pairs,1687
frame_06_Zr_projector.nonbulk_spatial.changed_pairs,863
frame_06_Zr_projector.nonbulk_spatial.bins,5
frame_06_Zr_projector.nonbulk_spatial.same_label_normalized_distance,0.9526021602786927
frame_06_Zr_projector.shuffled_spatial.auc,0.5128818554607592
frame_06_Zr_projector.shuffled_spatial.pairs,1687
frame_06_Zr_projector.shuffled_spatial.changed_pairs,863
frame_06_Zr_projector.shuffled_spatial.bins,5
frame_06_Zr_projector.shuffled_spatial.same_label_normalized_distance,0.9554841221316371
frame_06_Zr_projector.collapsed_spatial.auc,0.5
frame_06_Zr_projector.collapsed_spatial.pairs,1687
frame_06_Zr_projector.collapsed_spatial.changed_pairs,863
frame_06_Zr_projector.collapsed_spatial.bins,5
frame_06_Zr_projector.collapsed_spatial.same_label_normalized_distance,
frame_06_Zr_projector.liquid_topology.train_count,444
frame_06_Zr_projector.liquid_topology.test_count,470
frame_06_Zr_projector.liquid_topology.conditional_r2_gain,-0.10342418402433395
frame_06_Zr_projector.liquid_topology.mean_r2,-0.1091814786195755
frame_06_Zr_projector.nonbulk_cluster_ami,0.0011788006003985905
frame_06_Zr_projector.continuity_fixed_candidates_center_fixed.0.0001.pair_rms,0.12636225298904638
frame_06_Zr_projector.continuity_fixed_candidates_center_fixed.0.0001.normalized_median,7.043513569801932e-05
frame_06_Zr_projector.continuity_fixed_candidates_center_fixed.0.0001.normalized_p95,0.03298542705667799
frame_06_Zr_projector.continuity_fixed_candidates_center_fixed.0.01.pair_rms,0.12636225298904638
frame_06_Zr_projector.continuity_fixed_candidates_center_fixed.0.01.normalized_median,0.32859405019139437
frame_06_Zr_projector.continuity_fixed_candidates_center_fixed.0.01.normalized_p95,0.7924811060653044
frame_06_Zr_projector.continuity_fixed_candidates_center_fixed.0.1.pair_rms,0.12636225298904638
frame_06_Zr_projector.continuity_fixed_candidates_center_fixed.0.1.normalized_median,0.8065456392885798
frame_06_Zr_projector.continuity_fixed_candidates_center_fixed.0.1.normalized_p95,1.2677959554045506
frame_07_Zr_encoder.collapse.effective_rank,6.6735140983289085
frame_07_Zr_encoder.collapse.variance,0.707176516153499
frame_07_Zr_encoder.collapse.pair_rms,1.1892657534407514
frame_07_Zr_encoder.liquid_collapse.effective_rank,6.72624401199385
frame_07_Zr_encoder.liquid_collapse.variance,0.6895339700440126
frame_07_Zr_encoder.liquid_collapse.pair_rms,1.1743372343956506
frame_07_Zr_encoder.reference_coverage.liquid_fraction,0.91943359375
frame_07_Zr_encoder.reference_coverage.cutoff_stable_fraction,0.94775390625
frame_07_Zr_encoder.context.counts.0.train,797
frame_07_Zr_encoder.context.counts.0.test,925
frame_07_Zr_encoder.context.counts.1.train,128
frame_07_Zr_encoder.context.counts.1.test,13
frame_07_Zr_encoder.context.counts.2.train,114
frame_07_Zr_encoder.context.counts.2.test,40
frame_07_Zr_encoder.context.counts.3.train,0
frame_07_Zr_encoder.context.counts.3.test,0
frame_07_Zr_encoder.context.counts.4.train,0
frame_07_Zr_encoder.context.counts.4.test,0
frame_07_Zr_encoder.context.counts.5.train,408
frame_07_Zr_encoder.context.counts.5.test,507
frame_07_Zr_encoder.context.counts.6.train,381
frame_07_Zr_encoder.context.counts.6.test,423
frame_07_Zr_encoder.context.test_coverage,1.0
frame_07_Zr_encoder.context.balanced_accuracy,0.3428028392234611
frame_07_Zr_encoder.context.ap.0,0.5394169379025177
frame_07_Zr_encoder.context.ap.1,
frame_07_Zr_encoder.context.ap.2,0.04034662589081424
frame_07_Zr_encoder.context.ap.3,
frame_07_Zr_encoder.context.ap.4,
frame_07_Zr_encoder.context.ap.5,0.33084377683190913
frame_07_Zr_encoder.context.ap.6,0.23897092142077175
frame_07_Zr_encoder.ptm.counts.0.train,1637
frame_07_Zr_encoder.ptm.counts.0.test,1868
frame_07_Zr_encoder.ptm.counts.1.train,2
frame_07_Zr_encoder.ptm.counts.1.test,1
frame_07_Zr_encoder.ptm.counts.2.train,0
frame_07_Zr_encoder.ptm.counts.2.test,1
frame_07_Zr_encoder.ptm.counts.3.train,180
frame_07_Zr_encoder.ptm.counts.3.test,28
frame_07_Zr_encoder.ptm.counts.4.train,9
frame_07_Zr_encoder.ptm.counts.4.test,10
frame_07_Zr_encoder.ptm.test_coverage,0.9937106918238994
frame_07_Zr_encoder.ptm.balanced_accuracy,0.7291220556745182
frame_07_Zr_encoder.ptm.ap.0,0.9886593266597735
frame_07_Zr_encoder.ptm.ap.1,
frame_07_Zr_encoder.ptm.ap.2,
frame_07_Zr_encoder.ptm.ap.3,0.41485552321281144
frame_07_Zr_encoder.ptm.ap.4,
frame_07_Zr_encoder.liquid_order.train_count,1586
frame_07_Zr_encoder.liquid_order.test_count,1855
frame_07_Zr_encoder.liquid_order.conditional_r2_gain,-0.03336833044886589
frame_07_Zr_encoder.liquid_order.mean_r2,-0.02563762664794922
frame_07_Zr_encoder.context_cutoff_008.counts.0.train,797
frame_07_Zr_encoder.context_cutoff_008.counts.0.test,925
frame_07_Zr_encoder.context_cutoff_008.counts.1.train,123
frame_07_Zr_encoder.context_cutoff_008.counts.1.test,13
frame_07_Zr_encoder.context_cutoff_008.counts.2.train,95
frame_07_Zr_encoder.context_cutoff_008.counts.2.test,25
frame_07_Zr_encoder.context_cutoff_008.counts.3.train,0
frame_07_Zr_encoder.context_cutoff_008.counts.3.test,0
frame_07_Zr_encoder.context_cutoff_008.counts.4.train,0
frame_07_Zr_encoder.context_cutoff_008.counts.4.test,0
frame_07_Zr_encoder.context_cutoff_008.counts.5.train,409
frame_07_Zr_encoder.context_cutoff_008.counts.5.test,508
frame_07_Zr_encoder.context_cutoff_008.counts.6.train,404
frame_07_Zr_encoder.context_cutoff_008.counts.6.test,437
frame_07_Zr_encoder.context_cutoff_008.test_coverage,1.0
frame_07_Zr_encoder.context_cutoff_008.balanced_accuracy,0.3541361910249998
frame_07_Zr_encoder.context_cutoff_008.ap.0,0.5448034640273807
frame_07_Zr_encoder.context_cutoff_008.ap.1,
frame_07_Zr_encoder.context_cutoff_008.ap.2,0.03621468557107038
frame_07_Zr_encoder.context_cutoff_008.ap.3,
frame_07_Zr_encoder.context_cutoff_008.ap.4,
frame_07_Zr_encoder.context_cutoff_008.ap.5,0.333501404482237
frame_07_Zr_encoder.context_cutoff_008.ap.6,0.24829912148349187
frame_07_Zr_encoder.context_cutoff_010.counts.0.train,797
frame_07_Zr_encoder.context_cutoff_010.counts.0.test,925
frame_07_Zr_encoder.context_cutoff_010.counts.1.train,128
frame_07_Zr_encoder.context_cutoff_010.counts.1.test,13
frame_07_Zr_encoder.context_cutoff_010.counts.2.train,114
frame_07_Zr_encoder.context_cutoff_010.counts.2.test,40
frame_07_Zr_encoder.context_cutoff_010.counts.3.train,0
frame_07_Zr_encoder.context_cutoff_010.counts.3.test,0
frame_07_Zr_encoder.context_cutoff_010.counts.4.train,0
frame_07_Zr_encoder.context_cutoff_010.counts.4.test,0
frame_07_Zr_encoder.context_cutoff_010.counts.5.train,408
frame_07_Zr_encoder.context_cutoff_010.counts.5.test,507
frame_07_Zr_encoder.context_cutoff_010.counts.6.train,381
frame_07_Zr_encoder.context_cutoff_010.counts.6.test,423
frame_07_Zr_encoder.context_cutoff_010.test_coverage,1.0
frame_07_Zr_encoder.context_cutoff_010.balanced_accuracy,0.3428028392234611
frame_07_Zr_encoder.context_cutoff_010.ap.0,0.5394169379025177
frame_07_Zr_encoder.context_cutoff_010.ap.1,
frame_07_Zr_encoder.context_cutoff_010.ap.2,0.04034662589081424
frame_07_Zr_encoder.context_cutoff_010.ap.3,
frame_07_Zr_encoder.context_cutoff_010.ap.4,
frame_07_Zr_encoder.context_cutoff_010.ap.5,0.33084377683190913
frame_07_Zr_encoder.context_cutoff_010.ap.6,0.23897092142077175
frame_07_Zr_encoder.context_cutoff_012.counts.0.train,792
frame_07_Zr_encoder.context_cutoff_012.counts.0.test,919
frame_07_Zr_encoder.context_cutoff_012.counts.1.train,140
frame_07_Zr_encoder.context_cutoff_012.counts.1.test,14
frame_07_Zr_encoder.context_cutoff_012.counts.2.train,165
frame_07_Zr_encoder.context_cutoff_012.counts.2.test,108
frame_07_Zr_encoder.context_cutoff_012.counts.3.train,0
frame_07_Zr_encoder.context_cutoff_012.counts.3.test,0
frame_07_Zr_encoder.context_cutoff_012.counts.4.train,0
frame_07_Zr_encoder.context_cutoff_012.counts.4.test,0
frame_07_Zr_encoder.context_cutoff_012.counts.5.train,406
frame_07_Zr_encoder.context_cutoff_012.counts.5.test,506
frame_07_Zr_encoder.context_cutoff_012.counts.6.train,325
frame_07_Zr_encoder.context_cutoff_012.counts.6.test,361
frame_07_Zr_encoder.context_cutoff_012.test_coverage,1.0
frame_07_Zr_encoder.context_cutoff_012.balanced_accuracy,0.3868761878677732
frame_07_Zr_encoder.context_cutoff_012.ap.0,0.5414516996700254
frame_07_Zr_encoder.context_cutoff_012.ap.1,
frame_07_Zr_encoder.context_cutoff_012.ap.2,0.09179608417363387
frame_07_Zr_encoder.context_cutoff_012.ap.3,
frame_07_Zr_encoder.context_cutoff_012.ap.4,
frame_07_Zr_encoder.context_cutoff_012.ap.5,0.3301516228421667
frame_07_Zr_encoder.context_cutoff_012.ap.6,0.21950064600333066
frame_07_Zr_encoder.spatial.auc,0.5070489826213023
frame_07_Zr_encoder.spatial.pairs,1768
frame_07_Zr_encoder.spatial.changed_pairs,850
frame_07_Zr_encoder.spatial.bins,5
frame_07_Zr_encoder.spatial.same_label_normalized_distance,0.9516612847034862
frame_07_Zr_encoder.nonbulk_spatial.auc,0.5046517919034824
frame_07_Zr_encoder.nonbulk_spatial.pairs,1758
frame_07_Zr_encoder.nonbulk_spatial.changed_pairs,849
frame_07_Zr_encoder.nonbulk_spatial.bins,5
frame_07_Zr_encoder.nonbulk_spatial.same_label_normalized_distance,0.954784745906352
frame_07_Zr_encoder.shuffled_spatial.auc,0.49557335057229
frame_07_Zr_encoder.shuffled_spatial.pairs,1758
frame_07_Zr_encoder.shuffled_spatial.changed_pairs,849
frame_07_Zr_encoder.shuffled_spatial.bins,5
frame_07_Zr_encoder.shuffled_spatial.same_label_normalized_distance,0.980162035678171
frame_07_Zr_encoder.collapsed_spatial.auc,0.5
frame_07_Zr_encoder.collapsed_spatial.pairs,1758
frame_07_Zr_encoder.collapsed_spatial.changed_pairs,849
frame_07_Zr_encoder.collapsed_spatial.bins,5
frame_07_Zr_encoder.collapsed_spatial.same_label_normalized_distance,
frame_07_Zr_encoder.liquid_topology.train_count,378
frame_07_Zr_encoder.liquid_topology.test_count,465
frame_07_Zr_encoder.liquid_topology.conditional_r2_gain,-15.334476470947266
frame_07_Zr_encoder.liquid_topology.mean_r2,-14.775336265563965
frame_07_Zr_encoder.nonbulk_cluster_ami,0.00209858070074924
frame_07_Zr_encoder.continuity_fixed_candidates_center_fixed.0.0001.pair_rms,1.1818337062611566
frame_07_Zr_encoder.continuity_fixed_candidates_center_fixed.0.0001.normalized_median,7.27130018440978e-05
frame_07_Zr_encoder.continuity_fixed_candidates_center_fixed.0.0001.normalized_p95,0.14148153835386854
frame_07_Zr_encoder.continuity_fixed_candidates_center_fixed.0.01.pair_rms,1.1818337062611566
frame_07_Zr_encoder.continuity_fixed_candidates_center_fixed.0.01.normalized_median,0.3548765538717819
frame_07_Zr_encoder.continuity_fixed_candidates_center_fixed.0.01.normalized_p95,0.7842128103040829
frame_07_Zr_encoder.continuity_fixed_candidates_center_fixed.0.1.pair_rms,1.1818337062611566
frame_07_Zr_encoder.continuity_fixed_candidates_center_fixed.0.1.normalized_median,0.8025110354093709
frame_07_Zr_encoder.continuity_fixed_candidates_center_fixed.0.1.normalized_p95,1.2534589070875402
frame_07_Zr_projector.collapse.effective_rank,5.3876612677944555
frame_07_Zr_projector.collapse.variance,0.00829236245758501
frame_07_Zr_projector.collapse.pair_rms,0.12878169479848456
frame_07_Zr_projector.liquid_collapse.effective_rank,5.392883661418019
frame_07_Zr_projector.liquid_collapse.variance,0.008082861755057435
frame_07_Zr_projector.liquid_collapse.pair_rms,0.12714449854443122
frame_07_Zr_projector.reference_coverage.liquid_fraction,0.91943359375
frame_07_Zr_projector.reference_coverage.cutoff_stable_fraction,0.94775390625
frame_07_Zr_projector.context.counts.0.train,797
frame_07_Zr_projector.context.counts.0.test,925
frame_07_Zr_projector.context.counts.1.train,128
frame_07_Zr_projector.context.counts.1.test,13
frame_07_Zr_projector.context.counts.2.train,114
frame_07_Zr_projector.context.counts.2.test,40
frame_07_Zr_projector.context.counts.3.train,0
frame_07_Zr_projector.context.counts.3.test,0
frame_07_Zr_projector.context.counts.4.train,0
frame_07_Zr_projector.context.counts.4.test,0
frame_07_Zr_projector.context.counts.5.train,408
frame_07_Zr_projector.context.counts.5.test,507
frame_07_Zr_projector.context.counts.6.train,381
frame_07_Zr_projector.context.counts.6.test,423
frame_07_Zr_projector.context.test_coverage,1.0
frame_07_Zr_projector.context.balanced_accuracy,0.3813792006787097
frame_07_Zr_projector.context.ap.0,0.5377648880903604
frame_07_Zr_projector.context.ap.1,
frame_07_Zr_projector.context.ap.2,0.02693018699725147
frame_07_Zr_projector.context.ap.3,
frame_07_Zr_projector.context.ap.4,
frame_07_Zr_projector.context.ap.5,0.3165717803370791
frame_07_Zr_projector.context.ap.6,0.2337602851868296
frame_07_Zr_projector.ptm.counts.0.train,1637
frame_07_Zr_projector.ptm.counts.0.test,1868
frame_07_Zr_projector.ptm.counts.1.train,2
frame_07_Zr_projector.ptm.counts.1.test,1
frame_07_Zr_projector.ptm.counts.2.train,0
frame_07_Zr_projector.ptm.counts.2.test,1
frame_07_Zr_projector.ptm.counts.3.train,180
frame_07_Zr_projector.ptm.counts.3.test,28
frame_07_Zr_projector.ptm.counts.4.train,9
frame_07_Zr_projector.ptm.counts.4.test,10
frame_07_Zr_projector.ptm.test_coverage,0.9937106918238994
frame_07_Zr_projector.ptm.balanced_accuracy,0.7386815539920465
frame_07_Zr_projector.ptm.ap.0,0.9883960004770136
frame_07_Zr_projector.ptm.ap.1,
frame_07_Zr_projector.ptm.ap.2,
frame_07_Zr_projector.ptm.ap.3,0.3805891916138297
frame_07_Zr_projector.ptm.ap.4,
frame_07_Zr_projector.liquid_order.train_count,1586
frame_07_Zr_projector.liquid_order.test_count,1855
frame_07_Zr_projector.liquid_order.conditional_r2_gain,-0.017977118492126465
frame_07_Zr_projector.liquid_order.mean_r2,-0.011767993681132793
frame_07_Zr_projector.context_cutoff_008.counts.0.train,797
frame_07_Zr_projector.context_cutoff_008.counts.0.test,925
frame_07_Zr_projector.context_cutoff_008.counts.1.train,123
frame_07_Zr_projector.context_cutoff_008.counts.1.test,13
frame_07_Zr_projector.context_cutoff_008.counts.2.train,95
frame_07_Zr_projector.context_cutoff_008.counts.2.test,25
frame_07_Zr_projector.context_cutoff_008.counts.3.train,0
frame_07_Zr_projector.context_cutoff_008.counts.3.test,0
frame_07_Zr_projector.context_cutoff_008.counts.4.train,0
frame_07_Zr_projector.context_cutoff_008.counts.4.test,0
frame_07_Zr_projector.context_cutoff_008.counts.5.train,409
frame_07_Zr_projector.context_cutoff_008.counts.5.test,508
frame_07_Zr_projector.context_cutoff_008.counts.6.train,404
frame_07_Zr_projector.context_cutoff_008.counts.6.test,437
frame_07_Zr_projector.context_cutoff_008.test_coverage,1.0
frame_07_Zr_projector.context_cutoff_008.balanced_accuracy,0.3582034466429861
frame_07_Zr_projector.context_cutoff_008.ap.0,0.537192425479839
frame_07_Zr_projector.context_cutoff_008.ap.1,
frame_07_Zr_projector.context_cutoff_008.ap.2,0.020194622292157537
frame_07_Zr_projector.context_cutoff_008.ap.3,
frame_07_Zr_projector.context_cutoff_008.ap.4,
frame_07_Zr_projector.context_cutoff_008.ap.5,0.32077473300003867
frame_07_Zr_projector.context_cutoff_008.ap.6,0.23845070827948786
frame_07_Zr_projector.context_cutoff_010.counts.0.train,797
frame_07_Zr_projector.context_cutoff_010.counts.0.test,925
frame_07_Zr_projector.context_cutoff_010.counts.1.train,128
frame_07_Zr_projector.context_cutoff_010.counts.1.test,13
frame_07_Zr_projector.context_cutoff_010.counts.2.train,114
frame_07_Zr_projector.context_cutoff_010.counts.2.test,40
frame_07_Zr_projector.context_cutoff_010.counts.3.train,0
frame_07_Zr_projector.context_cutoff_010.counts.3.test,0
frame_07_Zr_projector.context_cutoff_010.counts.4.train,0
frame_07_Zr_projector.context_cutoff_010.counts.4.test,0
frame_07_Zr_projector.context_cutoff_010.counts.5.train,408
frame_07_Zr_projector.context_cutoff_010.counts.5.test,507
frame_07_Zr_projector.context_cutoff_010.counts.6.train,381
frame_07_Zr_projector.context_cutoff_010.counts.6.test,423
frame_07_Zr_projector.context_cutoff_010.test_coverage,1.0
frame_07_Zr_projector.context_cutoff_010.balanced_accuracy,0.3813792006787097
frame_07_Zr_projector.context_cutoff_010.ap.0,0.5377648880903604
frame_07_Zr_projector.context_cutoff_010.ap.1,
frame_07_Zr_projector.context_cutoff_010.ap.2,0.02693018699725147
frame_07_Zr_projector.context_cutoff_010.ap.3,
frame_07_Zr_projector.context_cutoff_010.ap.4,
frame_07_Zr_projector.context_cutoff_010.ap.5,0.3165717803370791
frame_07_Zr_projector.context_cutoff_010.ap.6,0.2337602851868296
frame_07_Zr_projector.context_cutoff_012.counts.0.train,792
frame_07_Zr_projector.context_cutoff_012.counts.0.test,919
frame_07_Zr_projector.context_cutoff_012.counts.1.train,140
frame_07_Zr_projector.context_cutoff_012.counts.1.test,14
frame_07_Zr_projector.context_cutoff_012.counts.2.train,165
frame_07_Zr_projector.context_cutoff_012.counts.2.test,108
frame_07_Zr_projector.context_cutoff_012.counts.3.train,0
frame_07_Zr_projector.context_cutoff_012.counts.3.test,0
frame_07_Zr_projector.context_cutoff_012.counts.4.train,0
frame_07_Zr_projector.context_cutoff_012.counts.4.test,0
frame_07_Zr_projector.context_cutoff_012.counts.5.train,406
frame_07_Zr_projector.context_cutoff_012.counts.5.test,506
frame_07_Zr_projector.context_cutoff_012.counts.6.train,325
frame_07_Zr_projector.context_cutoff_012.counts.6.test,361
frame_07_Zr_projector.context_cutoff_012.test_coverage,1.0
frame_07_Zr_projector.context_cutoff_012.balanced_accuracy,0.4086944551406903
frame_07_Zr_projector.context_cutoff_012.ap.0,0.5434264610385218
frame_07_Zr_projector.context_cutoff_012.ap.1,
frame_07_Zr_projector.context_cutoff_012.ap.2,0.07580048839630982
frame_07_Zr_projector.context_cutoff_012.ap.3,
frame_07_Zr_projector.context_cutoff_012.ap.4,
frame_07_Zr_projector.context_cutoff_012.ap.5,0.3185553879971818
frame_07_Zr_projector.context_cutoff_012.ap.6,0.1983947973862522
frame_07_Zr_projector.spatial.auc,0.5065910440145913
frame_07_Zr_projector.spatial.pairs,1768
frame_07_Zr_projector.spatial.changed_pairs,850
frame_07_Zr_projector.spatial.bins,5
frame_07_Zr_projector.spatial.same_label_normalized_distance,0.9488698256375756
frame_07_Zr_projector.nonbulk_spatial.auc,0.5045204571332993
frame_07_Zr_projector.nonbulk_spatial.pairs,1758
frame_07_Zr_projector.nonbulk_spatial.changed_pairs,849
frame_07_Zr_projector.nonbulk_spatial.bins,5
frame_07_Zr_projector.nonbulk_spatial.same_label_normalized_distance,0.9515966839767996
frame_07_Zr_projector.shuffled_spatial.auc,0.4846059940369463
frame_07_Zr_projector.shuffled_spatial.pairs,1758
frame_07_Zr_projector.shuffled_spatial.changed_pairs,849
frame_07_Zr_projector.shuffled_spatial.bins,5
frame_07_Zr_projector.shuffled_spatial.same_label_normalized_distance,0.972126550829129
frame_07_Zr_projector.collapsed_spatial.auc,0.5
frame_07_Zr_projector.collapsed_spatial.pairs,1758
frame_07_Zr_projector.collapsed_spatial.changed_pairs,849
frame_07_Zr_projector.collapsed_spatial.bins,5
frame_07_Zr_projector.collapsed_spatial.same_label_normalized_distance,
frame_07_Zr_projector.liquid_topology.train_count,378
frame_07_Zr_projector.liquid_topology.test_count,465
frame_07_Zr_projector.liquid_topology.conditional_r2_gain,-9.673340797424316
frame_07_Zr_projector.liquid_topology.mean_r2,-9.943318367004395
frame_07_Zr_projector.nonbulk_cluster_ami,0.002626560982076374
frame_07_Zr_projector.continuity_fixed_candidates_center_fixed.0.0001.pair_rms,0.128103336818969
frame_07_Zr_projector.continuity_fixed_candidates_center_fixed.0.0001.normalized_median,7.034798741241839e-05
frame_07_Zr_projector.continuity_fixed_candidates_center_fixed.0.0001.normalized_p95,0.13577992837040717
frame_07_Zr_projector.continuity_fixed_candidates_center_fixed.0.01.pair_rms,0.128103336818969
frame_07_Zr_projector.continuity_fixed_candidates_center_fixed.0.01.normalized_median,0.34868943071597036
frame_07_Zr_projector.continuity_fixed_candidates_center_fixed.0.01.normalized_p95,0.7802499440487219
frame_07_Zr_projector.continuity_fixed_candidates_center_fixed.0.1.pair_rms,0.128103336818969
frame_07_Zr_projector.continuity_fixed_candidates_center_fixed.0.1.normalized_median,0.7781711786108909
frame_07_Zr_projector.continuity_fixed_candidates_center_fixed.0.1.normalized_p95,1.2694175904511684
frame_08_Zr_encoder.collapse.effective_rank,6.177858726447095
frame_08_Zr_encoder.collapse.variance,0.7527010043898879
frame_08_Zr_encoder.collapse.pair_rms,1.2269482502452072
frame_08_Zr_encoder.liquid_collapse.effective_rank,6.720892176191356
frame_08_Zr_encoder.liquid_collapse.variance,0.682562647491688
frame_08_Zr_encoder.liquid_collapse.pair_rms,1.1683857646271527
frame_08_Zr_encoder.reference_coverage.liquid_fraction,0.739990234375
frame_08_Zr_encoder.reference_coverage.cutoff_stable_fraction,0.935791015625
frame_08_Zr_encoder.context.counts.0.train,576
frame_08_Zr_encoder.context.counts.0.test,733
frame_08_Zr_encoder.context.counts.1.train,446
frame_08_Zr_encoder.context.counts.1.test,156
frame_08_Zr_encoder.context.counts.2.train,211
frame_08_Zr_encoder.context.counts.2.test,150
frame_08_Zr_encoder.context.counts.3.train,0
frame_08_Zr_encoder.context.counts.3.test,0
frame_08_Zr_encoder.context.counts.4.train,0
frame_08_Zr_encoder.context.counts.4.test,0
frame_08_Zr_encoder.context.counts.5.train,321
frame_08_Zr_encoder.context.counts.5.test,392
frame_08_Zr_encoder.context.counts.6.train,331
frame_08_Zr_encoder.context.counts.6.test,386
frame_08_Zr_encoder.context.test_coverage,1.0
frame_08_Zr_encoder.context.balanced_accuracy,0.4647280436011375
frame_08_Zr_encoder.context.ap.0,0.5175338883692921
frame_08_Zr_encoder.context.ap.1,0.948690188392829
frame_08_Zr_encoder.context.ap.2,0.230407983613947
frame_08_Zr_encoder.context.ap.3,
frame_08_Zr_encoder.context.ap.4,
frame_08_Zr_encoder.context.ap.5,0.2852916182738505
frame_08_Zr_encoder.context.ap.6,0.269201723559105
frame_08_Zr_encoder.ptm.counts.0.train,1351
frame_08_Zr_encoder.ptm.counts.0.test,1587
frame_08_Zr_encoder.ptm.counts.1.train,0
frame_08_Zr_encoder.ptm.counts.1.test,1
frame_08_Zr_encoder.ptm.counts.2.train,1
frame_08_Zr_encoder.ptm.counts.2.test,2
frame_08_Zr_encoder.ptm.counts.3.train,525
frame_08_Zr_encoder.ptm.counts.3.test,213
frame_08_Zr_encoder.ptm.counts.4.train,8
frame_08_Zr_encoder.ptm.counts.4.test,14
frame_08_Zr_encoder.ptm.test_coverage,0.9906439185470556
frame_08_Zr_encoder.ptm.balanced_accuracy,0.9103588132449391
frame_08_Zr_encoder.ptm.ap.0,0.9852784416626928
frame_08_Zr_encoder.ptm.ap.1,
frame_08_Zr_encoder.ptm.ap.2,
frame_08_Zr_encoder.ptm.ap.3,0.9033293315333584
frame_08_Zr_encoder.ptm.ap.4,
frame_08_Zr_encoder.liquid_order.train_count,1228
frame_08_Zr_encoder.liquid_order.test_count,1511
frame_08_Zr_encoder.liquid_order.conditional_r2_gain,-0.043942004442214966
frame_08_Zr_encoder.liquid_order.mean_r2,-0.040420472621917725
frame_08_Zr_encoder.context_cutoff_008.counts.0.train,577
frame_08_Zr_encoder.context_cutoff_008.counts.0.test,733
frame_08_Zr_encoder.context_cutoff_008.counts.1.train,432
frame_08_Zr_encoder.context_cutoff_008.counts.1.test,150
frame_08_Zr_encoder.context_cutoff_008.counts.2.train,195
frame_08_Zr_encoder.context_cutoff_008.counts.2.test,121
frame_08_Zr_encoder.context_cutoff_008.counts.3.train,0
frame_08_Zr_encoder.context_cutoff_008.counts.3.test,0
frame_08_Zr_encoder.context_cutoff_008.counts.4.train,0
frame_08_Zr_encoder.context_cutoff_008.counts.4.test,0
frame_08_Zr_encoder.context_cutoff_008.counts.5.train,321
frame_08_Zr_encoder.context_cutoff_008.counts.5.test,392
frame_08_Zr_encoder.context_cutoff_008.counts.6.train,360
frame_08_Zr_encoder.context_cutoff_008.counts.6.test,421
frame_08_Zr_encoder.context_cutoff_008.test_coverage,1.0
frame_08_Zr_encoder.context_cutoff_008.balanced_accuracy,0.46804613774384596
frame_08_Zr_encoder.context_cutoff_008.ap.0,0.5208777469704094
frame_08_Zr_encoder.context_cutoff_008.ap.1,0.9546816134026348
frame_08_Zr_encoder.context_cutoff_008.ap.2,0.27428433746287756
frame_08_Zr_encoder.context_cutoff_008.ap.3,
frame_08_Zr_encoder.context_cutoff_008.ap.4,
frame_08_Zr_encoder.context_cutoff_008.ap.5,0.28519211314975
frame_08_Zr_encoder.context_cutoff_008.ap.6,0.28779990181841025
frame_08_Zr_encoder.context_cutoff_010.counts.0.train,576
frame_08_Zr_encoder.context_cutoff_010.counts.0.test,733
frame_08_Zr_encoder.context_cutoff_010.counts.1.train,446
frame_08_Zr_encoder.context_cutoff_010.counts.1.test,156
frame_08_Zr_encoder.context_cutoff_010.counts.2.train,211
frame_08_Zr_encoder.context_cutoff_010.counts.2.test,150
frame_08_Zr_encoder.context_cutoff_010.counts.3.train,0
frame_08_Zr_encoder.context_cutoff_010.counts.3.test,0
frame_08_Zr_encoder.context_cutoff_010.counts.4.train,0
frame_08_Zr_encoder.context_cutoff_010.counts.4.test,0
frame_08_Zr_encoder.context_cutoff_010.counts.5.train,321
frame_08_Zr_encoder.context_cutoff_010.counts.5.test,392
frame_08_Zr_encoder.context_cutoff_010.counts.6.train,331
frame_08_Zr_encoder.context_cutoff_010.counts.6.test,386
frame_08_Zr_encoder.context_cutoff_010.test_coverage,1.0
frame_08_Zr_encoder.context_cutoff_010.balanced_accuracy,0.4647280436011375
frame_08_Zr_encoder.context_cutoff_010.ap.0,0.5175338883692921
frame_08_Zr_encoder.context_cutoff_010.ap.1,0.948690188392829
frame_08_Zr_encoder.context_cutoff_010.ap.2,0.230407983613947
frame_08_Zr_encoder.context_cutoff_010.ap.3,
frame_08_Zr_encoder.context_cutoff_010.ap.4,
frame_08_Zr_encoder.context_cutoff_010.ap.5,0.2852916182738505
frame_08_Zr_encoder.context_cutoff_010.ap.6,0.269201723559105
frame_08_Zr_encoder.context_cutoff_012.counts.0.train,573
frame_08_Zr_encoder.context_cutoff_012.counts.0.test,726
frame_08_Zr_encoder.context_cutoff_012.counts.1.train,456
frame_08_Zr_encoder.context_cutoff_012.counts.1.test,163
frame_08_Zr_encoder.context_cutoff_012.counts.2.train,264
frame_08_Zr_encoder.context_cutoff_012.counts.2.test,220
frame_08_Zr_encoder.context_cutoff_012.counts.3.train,0
frame_08_Zr_encoder.context_cutoff_012.counts.3.test,0
frame_08_Zr_encoder.context_cutoff_012.counts.4.train,2
frame_08_Zr_encoder.context_cutoff_012.counts.4.test,0
frame_08_Zr_encoder.context_cutoff_012.counts.5.train,319
frame_08_Zr_encoder.context_cutoff_012.counts.5.test,390
frame_08_Zr_encoder.context_cutoff_012.counts.6.train,271
frame_08_Zr_encoder.context_cutoff_012.counts.6.test,318
frame_08_Zr_encoder.context_cutoff_012.test_coverage,1.0
frame_08_Zr_encoder.context_cutoff_012.balanced_accuracy,0.4384933825010012
frame_08_Zr_encoder.context_cutoff_012.ap.0,0.5149966803529684
frame_08_Zr_encoder.context_cutoff_012.ap.1,0.9255870768769193
frame_08_Zr_encoder.context_cutoff_012.ap.2,0.22852416454690477
frame_08_Zr_encoder.context_cutoff_012.ap.3,
frame_08_Zr_encoder.context_cutoff_012.ap.4,
frame_08_Zr_encoder.context_cutoff_012.ap.5,0.27537210908833165
frame_08_Zr_encoder.context_cutoff_012.ap.6,0.21779144898625025
frame_08_Zr_encoder.spatial.auc,0.5284763618897755
frame_08_Zr_encoder.spatial.pairs,1617
frame_08_Zr_encoder.spatial.changed_pairs,725
frame_08_Zr_encoder.spatial.bins,5
frame_08_Zr_encoder.spatial.same_label_normalized_distance,0.909760252905071
frame_08_Zr_encoder.nonbulk_spatial.auc,0.515743036164163
frame_08_Zr_encoder.nonbulk_spatial.pairs,1472
frame_08_Zr_encoder.nonbulk_spatial.changed_pairs,708
frame_08_Zr_encoder.nonbulk_spatial.bins,5
frame_08_Zr_encoder.nonbulk_spatial.same_label_normalized_distance,0.9462043962193252
frame_08_Zr_encoder.shuffled_spatial.auc,0.497314449768588
frame_08_Zr_encoder.shuffled_spatial.pairs,1472
frame_08_Zr_encoder.shuffled_spatial.changed_pairs,708
frame_08_Zr_encoder.shuffled_spatial.bins,5
frame_08_Zr_encoder.shuffled_spatial.same_label_normalized_distance,0.9739931731744111
frame_08_Zr_encoder.collapsed_spatial.auc,0.5
frame_08_Zr_encoder.collapsed_spatial.pairs,1472
frame_08_Zr_encoder.collapsed_spatial.changed_pairs,708
frame_08_Zr_encoder.collapsed_spatial.bins,5
frame_08_Zr_encoder.collapsed_spatial.same_label_normalized_distance,
frame_08_Zr_encoder.liquid_topology.train_count,308
frame_08_Zr_encoder.liquid_topology.test_count,389
frame_08_Zr_encoder.liquid_topology.conditional_r2_gain,-1.3720009326934814
frame_08_Zr_encoder.liquid_topology.mean_r2,-1.4071009159088135
frame_08_Zr_encoder.nonbulk_cluster_ami,0.0026437047378861547
frame_08_Zr_encoder.continuity_fixed_candidates_center_fixed.0.0001.pair_rms,1.231960947237131
frame_08_Zr_encoder.continuity_fixed_candidates_center_fixed.0.0001.normalized_median,6.931935965044932e-05
frame_08_Zr_encoder.continuity_fixed_candidates_center_fixed.0.0001.normalized_p95,0.12360650727056088
frame_08_Zr_encoder.continuity_fixed_candidates_center_fixed.0.01.pair_rms,1.231960947237131
frame_08_Zr_encoder.continuity_fixed_candidates_center_fixed.0.01.normalized_median,0.3528301627380715
frame_08_Zr_encoder.continuity_fixed_candidates_center_fixed.0.01.normalized_p95,0.8353896170307165
frame_08_Zr_encoder.continuity_fixed_candidates_center_fixed.0.1.pair_rms,1.231960947237131
frame_08_Zr_encoder.continuity_fixed_candidates_center_fixed.0.1.normalized_median,0.7702191853784907
frame_08_Zr_encoder.continuity_fixed_candidates_center_fixed.0.1.normalized_p95,1.202044697727318
frame_08_Zr_projector.collapse.effective_rank,5.265394462516614
frame_08_Zr_projector.collapse.variance,0.008741919378535282
frame_08_Zr_projector.collapse.pair_rms,0.1322264676873377
frame_08_Zr_projector.liquid_collapse.effective_rank,5.472038637780953
frame_08_Zr_projector.liquid_collapse.variance,0.007884939314556182
frame_08_Zr_projector.liquid_collapse.pair_rms,0.12557817736021
frame_08_Zr_projector.reference_coverage.liquid_fraction,0.739990234375
frame_08_Zr_projector.reference_coverage.cutoff_stable_fraction,0.935791015625
frame_08_Zr_projector.context.counts.0.train,576
frame_08_Zr_projector.context.counts.0.test,733
frame_08_Zr_projector.context.counts.1.train,446
frame_08_Zr_projector.context.counts.1.test,156
frame_08_Zr_projector.context.counts.2.train,211
frame_08_Zr_projector.context.counts.2.test,150
frame_08_Zr_projector.context.counts.3.train,0
frame_08_Zr_projector.context.counts.3.test,0
frame_08_Zr_projector.context.counts.4.train,0
frame_08_Zr_projector.context.counts.4.test,0
frame_08_Zr_projector.context.counts.5.train,321
frame_08_Zr_projector.context.counts.5.test,392
frame_08_Zr_projector.context.counts.6.train,331
frame_08_Zr_projector.context.counts.6.test,386
frame_08_Zr_projector.context.test_coverage,1.0
frame_08_Zr_projector.context.balanced_accuracy,0.4498639326208223
frame_08_Zr_projector.context.ap.0,0.5092608676888961
frame_08_Zr_projector.context.ap.1,0.9373842590746344
frame_08_Zr_projector.context.ap.2,0.20098505017699034
frame_08_Zr_projector.context.ap.3,
frame_08_Zr_projector.context.ap.4,
frame_08_Zr_projector.context.ap.5,0.2813625468908936
frame_08_Zr_projector.context.ap.6,0.26188383626705214
frame_08_Zr_projector.ptm.counts.0.train,1351
frame_08_Zr_projector.ptm.counts.0.test,1587
frame_08_Zr_projector.ptm.counts.1.train,0
frame_08_Zr_projector.ptm.counts.1.test,1
frame_08_Zr_projector.ptm.counts.2.train,1
frame_08_Zr_projector.ptm.counts.2.test,2
frame_08_Zr_projector.ptm.counts.3.train,525
frame_08_Zr_projector.ptm.counts.3.test,213
frame_08_Zr_projector.ptm.counts.4.train,8
frame_08_Zr_projector.ptm.counts.4.test,14
frame_08_Zr_projector.ptm.test_coverage,0.9906439185470556
frame_08_Zr_projector.ptm.balanced_accuracy,0.8961012451520718
frame_08_Zr_projector.ptm.ap.0,0.982735019693484
frame_08_Zr_projector.ptm.ap.1,
frame_08_Zr_projector.ptm.ap.2,
frame_08_Zr_projector.ptm.ap.3,0.8746740472755319
frame_08_Zr_projector.ptm.ap.4,
frame_08_Zr_projector.liquid_order.train_count,1228
frame_08_Zr_projector.liquid_order.test_count,1511
frame_08_Zr_projector.liquid_order.conditional_r2_gain,-0.022678425535559654
frame_08_Zr_projector.liquid_order.mean_r2,-0.020782887935638428
frame_08_Zr_projector.context_cutoff_008.counts.0.train,577
frame_08_Zr_projector.context_cutoff_008.counts.0.test,733
frame_08_Zr_projector.context_cutoff_008.counts.1.train,432
frame_08_Zr_projector.context_cutoff_008.counts.1.test,150
frame_08_Zr_projector.context_cutoff_008.counts.2.train,195
frame_08_Zr_projector.context_cutoff_008.counts.2.test,121
frame_08_Zr_projector.context_cutoff_008.counts.3.train,0
frame_08_Zr_projector.context_cutoff_008.counts.3.test,0
frame_08_Zr_projector.context_cutoff_008.counts.4.train,0
frame_08_Zr_projector.context_cutoff_008.counts.4.test,0
frame_08_Zr_projector.context_cutoff_008.counts.5.train,321
frame_08_Zr_projector.context_cutoff_008.counts.5.test,392
frame_08_Zr_projector.context_cutoff_008.counts.6.train,360
frame_08_Zr_projector.context_cutoff_008.counts.6.test,421
frame_08_Zr_projector.context_cutoff_008.test_coverage,1.0
frame_08_Zr_projector.context_cutoff_008.balanced_accuracy,0.4741741949675249
frame_08_Zr_projector.context_cutoff_008.ap.0,0.5089096530595558
frame_08_Zr_projector.context_cutoff_008.ap.1,0.9422999290898516
frame_08_Zr_projector.context_cutoff_008.ap.2,0.22081132246206064
frame_08_Zr_projector.context_cutoff_008.ap.3,
frame_08_Zr_projector.context_cutoff_008.ap.4,
frame_08_Zr_projector.context_cutoff_008.ap.5,0.2812797508410131
frame_08_Zr_projector.context_cutoff_008.ap.6,0.2871307895081532
frame_08_Zr_projector.context_cutoff_010.counts.0.train,576
frame_08_Zr_projector.context_cutoff_010.counts.0.test,733
frame_08_Zr_projector.context_cutoff_010.counts.1.train,446
frame_08_Zr_projector.context_cutoff_010.counts.1.test,156
frame_08_Zr_projector.context_cutoff_010.counts.2.train,211
frame_08_Zr_projector.context_cutoff_010.counts.2.test,150
frame_08_Zr_projector.context_cutoff_010.counts.3.train,0
frame_08_Zr_projector.context_cutoff_010.counts.3.test,0
frame_08_Zr_projector.context_cutoff_010.counts.4.train,0
frame_08_Zr_projector.context_cutoff_010.counts.4.test,0
frame_08_Zr_projector.context_cutoff_010.counts.5.train,321
frame_08_Zr_projector.context_cutoff_010.counts.5.test,392
frame_08_Zr_projector.context_cutoff_010.counts.6.train,331
frame_08_Zr_projector.context_cutoff_010.counts.6.test,386
frame_08_Zr_projector.context_cutoff_010.test_coverage,1.0
frame_08_Zr_projector.context_cutoff_010.balanced_accuracy,0.4498639326208223
frame_08_Zr_projector.context_cutoff_010.ap.0,0.5092608676888961
frame_08_Zr_projector.context_cutoff_010.ap.1,0.9373842590746344
frame_08_Zr_projector.context_cutoff_010.ap.2,0.20098505017699034
frame_08_Zr_projector.context_cutoff_010.ap.3,
frame_08_Zr_projector.context_cutoff_010.ap.4,
frame_08_Zr_projector.context_cutoff_010.ap.5,0.2813625468908936
frame_08_Zr_projector.context_cutoff_010.ap.6,0.26188383626705214
frame_08_Zr_projector.context_cutoff_012.counts.0.train,573
frame_08_Zr_projector.context_cutoff_012.counts.0.test,726
frame_08_Zr_projector.context_cutoff_012.counts.1.train,456
frame_08_Zr_projector.context_cutoff_012.counts.1.test,163
frame_08_Zr_projector.context_cutoff_012.counts.2.train,264
frame_08_Zr_projector.context_cutoff_012.counts.2.test,220
frame_08_Zr_projector.context_cutoff_012.counts.3.train,0
frame_08_Zr_projector.context_cutoff_012.counts.3.test,0
frame_08_Zr_projector.context_cutoff_012.counts.4.train,2
frame_08_Zr_projector.context_cutoff_012.counts.4.test,0
frame_08_Zr_projector.context_cutoff_012.counts.5.train,319
frame_08_Zr_projector.context_cutoff_012.counts.5.test,390
frame_08_Zr_projector.context_cutoff_012.counts.6.train,271
frame_08_Zr_projector.context_cutoff_012.counts.6.test,318
frame_08_Zr_projector.context_cutoff_012.test_coverage,1.0
frame_08_Zr_projector.context_cutoff_012.balanced_accuracy,0.4323536142481938
frame_08_Zr_projector.context_cutoff_012.ap.0,0.5033631638368548
frame_08_Zr_projector.context_cutoff_012.ap.1,0.9249973948364988
frame_08_Zr_projector.context_cutoff_012.ap.2,0.2226703635632965
frame_08_Zr_projector.context_cutoff_012.ap.3,
frame_08_Zr_projector.context_cutoff_012.ap.4,
frame_08_Zr_projector.context_cutoff_012.ap.5,0.27726843305229043
frame_08_Zr_projector.context_cutoff_012.ap.6,0.21392194997844377
frame_08_Zr_projector.spatial.auc,0.5329183805282017
frame_08_Zr_projector.spatial.pairs,1617
frame_08_Zr_projector.spatial.changed_pairs,725
frame_08_Zr_projector.spatial.bins,5
frame_08_Zr_projector.spatial.same_label_normalized_distance,0.906941139982373
frame_08_Zr_projector.nonbulk_spatial.auc,0.523647006451617
frame_08_Zr_projector.nonbulk_spatial.pairs,1472
frame_08_Zr_projector.nonbulk_spatial.changed_pairs,708
frame_08_Zr_projector.nonbulk_spatial.bins,5
frame_08_Zr_projector.nonbulk_spatial.same_label_normalized_distance,0.9405895538030032
frame_08_Zr_projector.shuffled_spatial.auc,0.4987063762754469
frame_08_Zr_projector.shuffled_spatial.pairs,1472
frame_08_Zr_projector.shuffled_spatial.changed_pairs,708
frame_08_Zr_projector.shuffled_spatial.bins,5
frame_08_Zr_projector.shuffled_spatial.same_label_normalized_distance,0.969466329869209
frame_08_Zr_projector.collapsed_spatial.auc,0.5
frame_08_Zr_projector.collapsed_spatial.pairs,1472
frame_08_Zr_projector.collapsed_spatial.changed_pairs,708
frame_08_Zr_projector.collapsed_spatial.bins,5
frame_08_Zr_projector.collapsed_spatial.same_label_normalized_distance,
frame_08_Zr_projector.liquid_topology.train_count,308
frame_08_Zr_projector.liquid_topology.test_count,389
frame_08_Zr_projector.liquid_topology.conditional_r2_gain,-0.7975096702575684
frame_08_Zr_projector.liquid_topology.mean_r2,-0.8445565104484558
frame_08_Zr_projector.nonbulk_cluster_ami,0.0007865992216605103
frame_08_Zr_projector.continuity_fixed_candidates_center_fixed.0.0001.pair_rms,0.13144779145894428
frame_08_Zr_projector.continuity_fixed_candidates_center_fixed.0.0001.normalized_median,6.838952551309093e-05
frame_08_Zr_projector.continuity_fixed_candidates_center_fixed.0.0001.normalized_p95,0.11538242074723197
frame_08_Zr_projector.continuity_fixed_candidates_center_fixed.0.01.pair_rms,0.13144779145894428
frame_08_Zr_projector.continuity_fixed_candidates_center_fixed.0.01.normalized_median,0.3480830588332009
frame_08_Zr_projector.continuity_fixed_candidates_center_fixed.0.01.normalized_p95,0.8423290133704845
frame_08_Zr_projector.continuity_fixed_candidates_center_fixed.0.1.pair_rms,0.13144779145894428
frame_08_Zr_projector.continuity_fixed_candidates_center_fixed.0.1.normalized_median,0.7713608282716798
frame_08_Zr_projector.continuity_fixed_candidates_center_fixed.0.1.normalized_p95,1.231048657965604
prediction_encoder.future_residual_9ps.groups.all.rows,960
prediction_encoder.future_residual_9ps.groups.all.sources,15
prediction_encoder.future_residual_9ps.groups.all.mse,1.397100709118725
prediction_encoder.future_residual_9ps.groups.PTM_other.rows,686
prediction_encoder.future_residual_9ps.groups.PTM_other.sources,15
prediction_encoder.future_residual_9ps.groups.PTM_other.mse,1.7861135916263007
prediction_encoder.future_residual_9ps.groups.PTM_crystalline.rows,274
prediction_encoder.future_residual_9ps.groups.PTM_crystalline.sources,13
prediction_encoder.future_residual_9ps.groups.PTM_crystalline.mse,0.696133057446604
prediction_encoder.future_residual_9ps.groups.T400.rows,192
prediction_encoder.future_residual_9ps.groups.T400.sources,3
prediction_encoder.future_residual_9ps.groups.T400.mse,1.5572565568921466
prediction_encoder.future_residual_9ps.groups.T450.rows,192
prediction_encoder.future_residual_9ps.groups.T450.sources,3
prediction_encoder.future_residual_9ps.groups.T450.mse,1.335169438253312
prediction_encoder.future_residual_9ps.groups.T500.rows,192
prediction_encoder.future_residual_9ps.groups.T500.sources,3
prediction_encoder.future_residual_9ps.groups.T500.mse,1.2444202840561045
prediction_encoder.future_residual_9ps.groups.T510.rows,192
prediction_encoder.future_residual_9ps.groups.T510.sources,3
prediction_encoder.future_residual_9ps.groups.T510.mse,1.2806734017794952
prediction_encoder.future_residual_9ps.groups.T520.rows,192
prediction_encoder.future_residual_9ps.groups.T520.sources,3
prediction_encoder.future_residual_9ps.groups.T520.mse,1.5679838646125668
prediction_encoder.future_residual_9ps.per_source.876,1.3497084379196167
prediction_encoder.future_residual_9ps.per_source.878,1.8891291618347168
prediction_encoder.future_residual_9ps.per_source.879,1.465113878250122
prediction_encoder.future_residual_9ps.per_source.902,1.5773082971572876
prediction_encoder.future_residual_9ps.per_source.903,1.4940741062164307
prediction_encoder.future_residual_9ps.per_source.906,1.6003873348236084
prediction_encoder.future_residual_9ps.per_source.935,1.6415460109710693
prediction_encoder.future_residual_9ps.per_source.936,1.364121437072754
prediction_encoder.future_residual_9ps.per_source.937,0.9998409748077393
prediction_encoder.future_residual_9ps.per_source.963,0.7020758986473083
prediction_encoder.future_residual_9ps.per_source.965,1.616797924041748
prediction_encoder.future_residual_9ps.per_source.967,1.4143872261047363
prediction_encoder.future_residual_9ps.per_source.992,0.7757791876792908
prediction_encoder.future_residual_9ps.per_source.994,1.3335440158843994
prediction_encoder.future_residual_9ps.per_source.997,1.7326971292495728
prediction_encoder.residual_constant.groups.all.rows,960
prediction_encoder.residual_constant.groups.all.sources,15
prediction_encoder.residual_constant.groups.all.mse,1.332023421890335
prediction_encoder.residual_constant.groups.PTM_other.rows,686
prediction_encoder.residual_constant.groups.PTM_other.sources,15
prediction_encoder.residual_constant.groups.PTM_other.mse,1.7201624557924204
prediction_encoder.residual_constant.groups.PTM_crystalline.rows,274
prediction_encoder.residual_constant.groups.PTM_crystalline.sources,13
prediction_encoder.residual_constant.groups.PTM_crystalline.mse,0.6290717859534679
prediction_encoder.residual_constant.groups.T400.rows,192
prediction_encoder.residual_constant.groups.T400.sources,3
prediction_encoder.residual_constant.groups.T400.mse,1.4719453435391188
prediction_encoder.residual_constant.groups.T450.rows,192
prediction_encoder.residual_constant.groups.T450.sources,3
prediction_encoder.residual_constant.groups.T450.mse,1.296212443509527
prediction_encoder.residual_constant.groups.T500.rows,192
prediction_encoder.residual_constant.groups.T500.sources,3
prediction_encoder.residual_constant.groups.T500.mse,1.1845963720988948
prediction_encoder.residual_constant.groups.T510.rows,192
prediction_encoder.residual_constant.groups.T510.sources,3
prediction_encoder.residual_constant.groups.T510.mse,1.227402587159304
prediction_encoder.residual_constant.groups.T520.rows,192
prediction_encoder.residual_constant.groups.T520.sources,3
prediction_encoder.residual_constant.groups.T520.mse,1.479960363144831
prediction_encoder.residual_constant.per_source.876,1.2510082721710205
prediction_encoder.residual_constant.per_source.878,1.784614086151123
prediction_encoder.residual_constant.per_source.879,1.4042587280273438
prediction_encoder.residual_constant.per_source.902,1.5010030269622803
prediction_encoder.residual_constant.per_source.903,1.3775594234466553
prediction_encoder.residual_constant.per_source.906,1.537273645401001
prediction_encoder.residual_constant.per_source.935,1.6242361068725586
prediction_encoder.residual_constant.per_source.936,1.31929349899292
prediction_encoder.residual_constant.per_source.937,0.9451076984405518
prediction_encoder.residual_constant.per_source.963,0.6611502170562744
prediction_encoder.residual_constant.per_source.965,1.5156984329223633
prediction_encoder.residual_constant.per_source.967,1.3769402503967285
prediction_encoder.residual_constant.per_source.992,0.6967796087265015
prediction_encoder.residual_constant.per_source.994,1.2939176559448242
prediction_encoder.residual_constant.per_source.997,1.6915104389190674
prediction_encoder.conditional_hazard.rows,643
prediction_encoder.conditional_hazard.events_12ps,18
prediction_encoder.conditional_hazard.nll,0.2198581060943501
prediction_encoder.conditional_hazard.best_step,128
prediction_encoder.conditional_hazard.tuning_nll,0.24398728806469072
prediction_encoder.conditional_hazard.per_source.876,0.03976726531982422
prediction_encoder.conditional_hazard.per_source.878,0.11188381910324097
prediction_encoder.conditional_hazard.per_source.879,0.03236217424273491
prediction_encoder.conditional_hazard.per_source.902,0.031242679804563522
prediction_encoder.conditional_hazard.per_source.903,0.03533586859703064
prediction_encoder.conditional_hazard.per_source.906,0.11280562728643417
prediction_encoder.conditional_hazard.per_source.935,0.5390893220901489
prediction_encoder.conditional_hazard.per_source.936,0.3664386570453644
prediction_encoder.conditional_hazard.per_source.937,0.11935340613126755
prediction_encoder.conditional_hazard.per_source.963,0.23624899983406067
prediction_encoder.conditional_hazard.per_source.965,0.7563742995262146
prediction_encoder.conditional_hazard.per_source.967,0.3104046881198883
prediction_encoder.conditional_hazard.per_source.992,0.11848779022693634
prediction_encoder.conditional_hazard.per_source.994,0.1725788563489914
prediction_encoder.conditional_hazard.per_source.997,0.3154982626438141
prediction_encoder.conditional_hazard.horizons.0.75.n,643
prediction_encoder.conditional_hazard.horizons.0.75.sources,15
prediction_encoder.conditional_hazard.horizons.0.75.prevalence,0.0
prediction_encoder.conditional_hazard.horizons.0.75.log_loss,0.003155712158090341
prediction_encoder.conditional_hazard.horizons.0.75.brier,0.00023393370169785176
prediction_encoder.conditional_hazard.horizons.0.75.average_precision,
prediction_encoder.conditional_hazard.horizons.0.75.threshold,0.0143246715888381
prediction_encoder.conditional_hazard.horizons.0.75.recall,
prediction_encoder.conditional_hazard.horizons.0.75.false_positive_rate,0.038440893533457796
prediction_encoder.conditional_hazard.horizons.0.75.precision,0.0
prediction_encoder.conditional_hazard.horizons.0.75.events,0
prediction_encoder.conditional_hazard.horizons.0.75.missed,0
prediction_encoder.conditional_hazard.horizons.0.75.detected_timing_mae_ps,
prediction_encoder.conditional_hazard.horizons.0.75.timed_within_3ps_recall,
prediction_encoder.conditional_hazard.horizons.3.0.n,643
prediction_encoder.conditional_hazard.horizons.3.0.sources,15
prediction_encoder.conditional_hazard.horizons.3.0.prevalence,0.004964157706093189
prediction_encoder.conditional_hazard.horizons.3.0.log_loss,0.03779809220700468
prediction_encoder.conditional_hazard.horizons.3.0.brier,0.006162684334247285
prediction_encoder.conditional_hazard.horizons.3.0.average_precision,0.01142871562236399
prediction_encoder.conditional_hazard.horizons.3.0.threshold,0.04032132402062416
prediction_encoder.conditional_hazard.horizons.3.0.recall,0.0
prediction_encoder.conditional_hazard.horizons.3.0.false_positive_rate,0.07260984326104883
prediction_encoder.conditional_hazard.horizons.3.0.precision,0.0
prediction_encoder.conditional_hazard.horizons.3.0.events,3
prediction_encoder.conditional_hazard.horizons.3.0.missed,3
prediction_encoder.conditional_hazard.horizons.3.0.detected_timing_mae_ps,
prediction_encoder.conditional_hazard.horizons.3.0.timed_within_3ps_recall,0.0
prediction_encoder.conditional_hazard.horizons.6.0.n,643
prediction_encoder.conditional_hazard.horizons.6.0.sources,15
prediction_encoder.conditional_hazard.horizons.6.0.prevalence,0.012423636212083323
prediction_encoder.conditional_hazard.horizons.6.0.log_loss,0.06803580527042609
prediction_encoder.conditional_hazard.horizons.6.0.brier,0.013504658829718711
prediction_encoder.conditional_hazard.horizons.6.0.average_precision,0.05421535060833024
prediction_encoder.conditional_hazard.horizons.6.0.threshold,0.09637308865785599
prediction_encoder.conditional_hazard.horizons.6.0.recall,0.29676244731657636
prediction_encoder.conditional_hazard.horizons.6.0.false_positive_rate,0.04910338762645186
prediction_encoder.conditional_hazard.horizons.6.0.precision,0.07065645052483416
prediction_encoder.conditional_hazard.horizons.6.0.events,7
prediction_encoder.conditional_hazard.horizons.6.0.missed,5
prediction_encoder.conditional_hazard.horizons.6.0.detected_timing_mae_ps,1.4661218964794163
prediction_encoder.conditional_hazard.horizons.6.0.timed_within_3ps_recall,0.2857142857142857
prediction_encoder.conditional_hazard.horizons.9.0.n,643
prediction_encoder.conditional_hazard.horizons.9.0.sources,15
prediction_encoder.conditional_hazard.horizons.9.0.prevalence,0.02264552139352361
prediction_encoder.conditional_hazard.horizons.9.0.log_loss,0.11016298213813039
prediction_encoder.conditional_hazard.horizons.9.0.brier,0.023246871807279836
prediction_encoder.conditional_hazard.horizons.9.0.average_precision,0.06389253763174352
prediction_encoder.conditional_hazard.horizons.9.0.threshold,0.11282646656036377
prediction_encoder.conditional_hazard.horizons.9.0.recall,0.23127117246528553
prediction_encoder.conditional_hazard.horizons.9.0.false_positive_rate,0.05571733169440261
prediction_encoder.conditional_hazard.horizons.9.0.precision,0.08773675851310044
prediction_encoder.conditional_hazard.horizons.9.0.events,13
prediction_encoder.conditional_hazard.horizons.9.0.missed,10
prediction_encoder.conditional_hazard.horizons.9.0.detected_timing_mae_ps,1.8620866007355443
prediction_encoder.conditional_hazard.horizons.9.0.timed_within_3ps_recall,0.23076923076923078
prediction_encoder.conditional_hazard.horizons.12.0.n,643
prediction_encoder.conditional_hazard.horizons.12.0.sources,15
prediction_encoder.conditional_hazard.horizons.12.0.prevalence,0.032479084681539046
prediction_encoder.conditional_hazard.horizons.12.0.log_loss,0.14464138613011257
prediction_encoder.conditional_hazard.horizons.12.0.brier,0.03221396813177184
prediction_encoder.conditional_hazard.horizons.12.0.average_precision,0.11704133971752186
prediction_encoder.conditional_hazard.horizons.12.0.threshold,0.14812707901000977
prediction_encoder.conditional_hazard.horizons.12.0.recall,0.161250119426695
prediction_encoder.conditional_hazard.horizons.12.0.false_positive_rate,0.047748340094158015
prediction_encoder.conditional_hazard.horizons.12.0.precision,0.1018232584071161
prediction_encoder.conditional_hazard.horizons.12.0.events,18
prediction_encoder.conditional_hazard.horizons.12.0.missed,15
prediction_encoder.conditional_hazard.horizons.12.0.detected_timing_mae_ps,2.687304808273615
prediction_encoder.conditional_hazard.horizons.12.0.timed_within_3ps_recall,0.1111111111111111
prediction_encoder.temporal_response.low_change_threshold,1.2580139935016632
prediction_encoder.temporal_response.high_change_threshold,4.198172450065613
prediction_encoder.temporal_response.domains.all.pairs,720
prediction_encoder.temporal_response.domains.all.quiet,103
prediction_encoder.temporal_response.domains.all.changed,176
prediction_encoder.temporal_response.domains.all.change_distance_spearman,0.0627184530319953
prediction_encoder.temporal_response.domains.all.response_auc,0.5535635481023831
prediction_encoder.temporal_response.domains.all.quiet_normalized_distance,0.9283357332197814
prediction_encoder.temporal_response.domains.all.changed_normalized_distance,0.9911206774181203
prediction_encoder.temporal_response.domains.both_PTM_other.pairs,437
prediction_encoder.temporal_response.domains.both_PTM_other.quiet,15
prediction_encoder.temporal_response.domains.both_PTM_other.changed,67
prediction_encoder.temporal_response.domains.both_PTM_other.change_distance_spearman,-0.016177054643537386
prediction_encoder.temporal_response.domains.both_PTM_other.response_auc,0.45870646766169154
prediction_encoder.temporal_response.domains.both_PTM_other.quiet_normalized_distance,1.011665218426148
prediction_encoder.temporal_response.domains.both_PTM_other.changed_normalized_distance,1.0058960178652343
prediction_projector.future_residual_9ps.groups.all.rows,960
prediction_projector.future_residual_9ps.groups.all.sources,15
prediction_projector.future_residual_9ps.groups.all.mse,1.367752078817769
prediction_projector.future_residual_9ps.groups.PTM_other.rows,686
prediction_projector.future_residual_9ps.groups.PTM_other.sources,15
prediction_projector.future_residual_9ps.groups.PTM_other.mse,1.7563499294528608
prediction_projector.future_residual_9ps.groups.PTM_crystalline.rows,274
prediction_projector.future_residual_9ps.groups.PTM_crystalline.sources,13
prediction_projector.future_residual_9ps.groups.PTM_crystalline.mse,0.6487163246145594
prediction_projector.future_residual_9ps.groups.T400.rows,192
prediction_projector.future_residual_9ps.groups.T400.sources,3
prediction_projector.future_residual_9ps.groups.T400.mse,1.5272288542861738
prediction_projector.future_residual_9ps.groups.T450.rows,192
prediction_projector.future_residual_9ps.groups.T450.sources,3
prediction_projector.future_residual_9ps.groups.T450.mse,1.3285185311397072
prediction_projector.future_residual_9ps.groups.T500.rows,192
prediction_projector.future_residual_9ps.groups.T500.sources,3
prediction_projector.future_residual_9ps.groups.T500.mse,1.20685759029584
prediction_projector.future_residual_9ps.groups.T510.rows,192
prediction_projector.future_residual_9ps.groups.T510.sources,3
prediction_projector.future_residual_9ps.groups.T510.mse,1.266719268693123
prediction_projector.future_residual_9ps.groups.T520.rows,192
prediction_projector.future_residual_9ps.groups.T520.sources,3
prediction_projector.future_residual_9ps.groups.T520.mse,1.509436149674002
prediction_projector.future_residual_9ps.per_source.876,1.2795050144195557
prediction_projector.future_residual_9ps.per_source.878,1.8305014371871948
prediction_projector.future_residual_9ps.per_source.879,1.4183018207550049
prediction_projector.future_residual_9ps.per_source.902,1.5853254795074463
prediction_projector.future_residual_9ps.per_source.903,1.4197498559951782
prediction_projector.future_residual_9ps.per_source.906,1.5766112804412842
prediction_projector.future_residual_9ps.per_source.935,1.6232497692108154
prediction_projector.future_residual_9ps.per_source.936,1.398432731628418
prediction_projector.future_residual_9ps.per_source.937,0.9638731479644775
prediction_projector.future_residual_9ps.per_source.963,0.6720324158668518
prediction_projector.future_residual_9ps.per_source.965,1.556373953819275
prediction_projector.future_residual_9ps.per_source.967,1.3921666145324707
prediction_projector.future_residual_9ps.per_source.992,0.7439635992050171
prediction_projector.future_residual_9ps.per_source.994,1.3006632328033447
prediction_projector.future_residual_9ps.per_source.997,1.755530834197998
prediction_projector.residual_constant.groups.all.rows,960
prediction_projector.residual_constant.groups.all.sources,15
prediction_projector.residual_constant.groups.all.mse,1.332023421890335
prediction_projector.residual_constant.groups.PTM_other.rows,686
prediction_projector.residual_constant.groups.PTM_other.sources,15
prediction_projector.residual_constant.groups.PTM_other.mse,1.7201624557924204
prediction_projector.residual_constant.groups.PTM_crystalline.rows,274
prediction_projector.residual_constant.groups.PTM_crystalline.sources,13
prediction_projector.residual_constant.groups.PTM_crystalline.mse,0.6290717859534679
prediction_projector.residual_constant.groups.T400.rows,192
prediction_projector.residual_constant.groups.T400.sources,3
prediction_projector.residual_constant.groups.T400.mse,1.4719453435391188
prediction_projector.residual_constant.groups.T450.rows,192
prediction_projector.residual_constant.groups.T450.sources,3
prediction_projector.residual_constant.groups.T450.mse,1.296212443509527
prediction_projector.residual_constant.groups.T500.rows,192
prediction_projector.residual_constant.groups.T500.sources,3
prediction_projector.residual_constant.groups.T500.mse,1.1845963720988948
prediction_projector.residual_constant.groups.T510.rows,192
prediction_projector.residual_constant.groups.T510.sources,3
prediction_projector.residual_constant.groups.T510.mse,1.227402587159304
prediction_projector.residual_constant.groups.T520.rows,192
prediction_projector.residual_constant.groups.T520.sources,3
prediction_projector.residual_constant.groups.T520.mse,1.479960363144831
prediction_projector.residual_constant.per_source.876,1.2510082721710205
prediction_projector.residual_constant.per_source.878,1.784614086151123
prediction_projector.residual_constant.per_source.879,1.4042587280273438
prediction_projector.residual_constant.per_source.902,1.5010030269622803
prediction_projector.residual_constant.per_source.903,1.3775594234466553
prediction_projector.residual_constant.per_source.906,1.537273645401001
prediction_projector.residual_constant.per_source.935,1.6242361068725586
prediction_projector.residual_constant.per_source.936,1.31929349899292
prediction_projector.residual_constant.per_source.937,0.9451076984405518
prediction_projector.residual_constant.per_source.963,0.6611502170562744
prediction_projector.residual_constant.per_source.965,1.5156984329223633
prediction_projector.residual_constant.per_source.967,1.3769402503967285
prediction_projector.residual_constant.per_source.992,0.6967796087265015
prediction_projector.residual_constant.per_source.994,1.2939176559448242
prediction_projector.residual_constant.per_source.997,1.6915104389190674
prediction_projector.conditional_hazard.rows,643
prediction_projector.conditional_hazard.events_12ps,18
prediction_projector.conditional_hazard.nll,0.22433952490205394
prediction_projector.conditional_hazard.best_step,256
prediction_projector.conditional_hazard.tuning_nll,0.2691963318062641
prediction_projector.conditional_hazard.per_source.876,0.030635740607976913
prediction_projector.conditional_hazard.per_source.878,0.09671355038881302
prediction_projector.conditional_hazard.per_source.879,0.022006722167134285
prediction_projector.conditional_hazard.per_source.902,0.02282598614692688
prediction_projector.conditional_hazard.per_source.903,0.026751700788736343
prediction_projector.conditional_hazard.per_source.906,0.12018442153930664
prediction_projector.conditional_hazard.per_source.935,0.576554536819458
prediction_projector.conditional_hazard.per_source.936,0.34628647565841675
prediction_projector.conditional_hazard.per_source.937,0.1190166175365448
prediction_projector.conditional_hazard.per_source.963,0.18366405367851257
prediction_projector.conditional_hazard.per_source.965,0.8350986242294312
prediction_projector.conditional_hazard.per_source.967,0.30245327949523926
prediction_projector.conditional_hazard.per_source.992,0.13714353740215302
prediction_projector.conditional_hazard.per_source.994,0.1765686720609665
prediction_projector.conditional_hazard.per_source.997,0.3691890239715576
prediction_projector.conditional_hazard.horizons.0.75.n,643
prediction_projector.conditional_hazard.horizons.0.75.sources,15
prediction_projector.conditional_hazard.horizons.0.75.prevalence,0.0
prediction_projector.conditional_hazard.horizons.0.75.log_loss,0.001845933358962485
prediction_projector.conditional_hazard.horizons.0.75.brier,0.0001376637153645516
prediction_projector.conditional_hazard.horizons.0.75.average_precision,
prediction_projector.conditional_hazard.horizons.0.75.threshold,0.013142912648618221
prediction_projector.conditional_hazard.horizons.0.75.recall,
prediction_projector.conditional_hazard.horizons.0.75.false_positive_rate,0.022717489219682203
prediction_projector.conditional_hazard.horizons.0.75.precision,0.0
prediction_projector.conditional_hazard.horizons.0.75.events,0
prediction_projector.conditional_hazard.horizons.0.75.missed,0
prediction_projector.conditional_hazard.horizons.0.75.detected_timing_mae_ps,
prediction_projector.conditional_hazard.horizons.0.75.timed_within_3ps_recall,
prediction_projector.conditional_hazard.horizons.3.0.n,643
prediction_projector.conditional_hazard.horizons.3.0.sources,15
prediction_projector.conditional_hazard.horizons.3.0.prevalence,0.004964157706093189
prediction_projector.conditional_hazard.horizons.3.0.log_loss,0.041540095921147505
prediction_projector.conditional_hazard.horizons.3.0.brier,0.007205409189613972
prediction_projector.conditional_hazard.horizons.3.0.average_precision,0.00913906220878271
prediction_projector.conditional_hazard.horizons.3.0.threshold,0.040294088423252106
prediction_projector.conditional_hazard.horizons.3.0.recall,0.0
prediction_projector.conditional_hazard.horizons.3.0.false_positive_rate,0.056001660049759955
prediction_projector.conditional_hazard.horizons.3.0.precision,0.0
prediction_projector.conditional_hazard.horizons.3.0.events,3
prediction_projector.conditional_hazard.horizons.3.0.missed,3
prediction_projector.conditional_hazard.horizons.3.0.detected_timing_mae_ps,
prediction_projector.conditional_hazard.horizons.3.0.timed_within_3ps_recall,0.0
prediction_projector.conditional_hazard.horizons.6.0.n,643
prediction_projector.conditional_hazard.horizons.6.0.sources,15
prediction_projector.conditional_hazard.horizons.6.0.prevalence,0.012423636212083323
prediction_projector.conditional_hazard.horizons.6.0.log_loss,0.07248817001119798
prediction_projector.conditional_hazard.horizons.6.0.brier,0.014611391245979884
prediction_projector.conditional_hazard.horizons.6.0.average_precision,0.04779564675751989
prediction_projector.conditional_hazard.horizons.6.0.threshold,0.07876817137002945
prediction_projector.conditional_hazard.horizons.6.0.recall,0.29676244731657636
prediction_projector.conditional_hazard.horizons.6.0.false_positive_rate,0.062329897027800195
prediction_projector.conditional_hazard.horizons.6.0.precision,0.056510315194415295
prediction_projector.conditional_hazard.horizons.6.0.events,7
prediction_projector.conditional_hazard.horizons.6.0.missed,5
prediction_projector.conditional_hazard.horizons.6.0.detected_timing_mae_ps,1.7305110063971516
prediction_projector.conditional_hazard.horizons.6.0.timed_within_3ps_recall,0.2857142857142857
prediction_projector.conditional_hazard.horizons.9.0.n,643
prediction_projector.conditional_hazard.horizons.9.0.sources,15
prediction_projector.conditional_hazard.horizons.9.0.prevalence,0.02264552139352361
prediction_projector.conditional_hazard.horizons.9.0.log_loss,0.1130595190248328
prediction_projector.conditional_hazard.horizons.9.0.brier,0.023346278979688054
prediction_projector.conditional_hazard.horizons.9.0.average_precision,0.09252687666914347
prediction_projector.conditional_hazard.horizons.9.0.threshold,0.09316622465848923
prediction_projector.conditional_hazard.horizons.9.0.recall,0.39786525319156874
prediction_projector.conditional_hazard.horizons.9.0.false_positive_rate,0.07559961496053248
prediction_projector.conditional_hazard.horizons.9.0.precision,0.108686840585149
prediction_projector.conditional_hazard.horizons.9.0.events,13
prediction_projector.conditional_hazard.horizons.9.0.missed,8
prediction_projector.conditional_hazard.horizons.9.0.detected_timing_mae_ps,2.6923028343582796
prediction_projector.conditional_hazard.horizons.9.0.timed_within_3ps_recall,0.3076923076923077
prediction_projector.conditional_hazard.horizons.12.0.n,643
prediction_projector.conditional_hazard.horizons.12.0.sources,15
prediction_projector.conditional_hazard.horizons.12.0.prevalence,0.032479084681539046
prediction_projector.conditional_hazard.horizons.12.0.log_loss,0.14470265164497287
prediction_projector.conditional_hazard.horizons.12.0.brier,0.032410065092385254
prediction_projector.conditional_hazard.horizons.12.0.average_precision,0.1025971071228688
prediction_projector.conditional_hazard.horizons.12.0.threshold,0.1267845779657364
prediction_projector.conditional_hazard.horizons.12.0.recall,0.2774051729361241
prediction_projector.conditional_hazard.horizons.12.0.false_positive_rate,0.06649066650472212
prediction_projector.conditional_hazard.horizons.12.0.precision,0.12284900635578112
prediction_projector.conditional_hazard.horizons.12.0.events,18
prediction_projector.conditional_hazard.horizons.12.0.missed,13
prediction_projector.conditional_hazard.horizons.12.0.detected_timing_mae_ps,2.9040894428585604
prediction_projector.conditional_hazard.horizons.12.0.timed_within_3ps_recall,0.16666666666666666
prediction_projector.temporal_response.low_change_threshold,1.2580139935016632
prediction_projector.temporal_response.high_change_threshold,4.198172450065613
prediction_projector.temporal_response.domains.all.pairs,720
prediction_projector.temporal_response.domains.all.quiet,103
prediction_projector.temporal_response.domains.all.changed,176
prediction_projector.temporal_response.domains.all.change_distance_spearman,0.042988733903164676
prediction_projector.temporal_response.domains.all.response_auc,0.5449029126213591
prediction_projector.temporal_response.domains.all.quiet_normalized_distance,0.9076900950991621
prediction_projector.temporal_response.domains.all.changed_normalized_distance,0.9657796685147761
prediction_projector.temporal_response.domains.both_PTM_other.pairs,437
prediction_projector.temporal_response.domains.both_PTM_other.quiet,15
prediction_projector.temporal_response.domains.both_PTM_other.changed,67
prediction_projector.temporal_response.domains.both_PTM_other.change_distance_spearman,-0.05737158738517012
prediction_projector.temporal_response.domains.both_PTM_other.response_auc,0.382089552238806
prediction_projector.temporal_response.domains.both_PTM_other.quiet_normalized_distance,1.0677830543329347
prediction_projector.temporal_response.domains.both_PTM_other.changed_normalized_distance,0.9643863911703559
