metric,value
frame_00_Al_encoder.collapse.effective_rank,7.684394917575136
frame_00_Al_encoder.collapse.variance,1.7884435475364917
frame_00_Al_encoder.collapse.pair_rms,1.89126600325628
frame_00_Al_encoder.liquid_collapse.effective_rank,7.865772519164321
frame_00_Al_encoder.liquid_collapse.variance,1.4852301577647755
frame_00_Al_encoder.liquid_collapse.pair_rms,1.7235023398677332
frame_00_Al_encoder.reference_coverage.liquid_fraction,0.9658203125
frame_00_Al_encoder.reference_coverage.cutoff_stable_fraction,0.939453125
frame_00_Al_encoder.context.counts.0.train,583
frame_00_Al_encoder.context.counts.0.test,579
frame_00_Al_encoder.context.counts.1.train,0
frame_00_Al_encoder.context.counts.1.test,0
frame_00_Al_encoder.context.counts.2.train,58
frame_00_Al_encoder.context.counts.2.test,55
frame_00_Al_encoder.context.counts.3.train,0
frame_00_Al_encoder.context.counts.3.test,4
frame_00_Al_encoder.context.counts.4.train,0
frame_00_Al_encoder.context.counts.4.test,0
frame_00_Al_encoder.context.counts.5.train,851
frame_00_Al_encoder.context.counts.5.test,871
frame_00_Al_encoder.context.counts.6.train,379
frame_00_Al_encoder.context.counts.6.test,376
frame_00_Al_encoder.context.test_coverage,0.9978779840848806
frame_00_Al_encoder.context.balanced_accuracy,0.4770368670486337
frame_00_Al_encoder.context.ap.0,0.48865349547705894
frame_00_Al_encoder.context.ap.1,
frame_00_Al_encoder.context.ap.2,0.2092388255750115
frame_00_Al_encoder.context.ap.3,
frame_00_Al_encoder.context.ap.4,
frame_00_Al_encoder.context.ap.5,0.7183485973256198
frame_00_Al_encoder.context.ap.6,0.3579081362987386
frame_00_Al_encoder.ptm.counts.0.train,1828
frame_00_Al_encoder.ptm.counts.0.test,1838
frame_00_Al_encoder.ptm.counts.1.train,9
frame_00_Al_encoder.ptm.counts.1.test,7
frame_00_Al_encoder.ptm.counts.2.train,9
frame_00_Al_encoder.ptm.counts.2.test,16
frame_00_Al_encoder.ptm.counts.3.train,0
frame_00_Al_encoder.ptm.counts.3.test,0
frame_00_Al_encoder.ptm.counts.4.train,25
frame_00_Al_encoder.ptm.counts.4.test,24
frame_00_Al_encoder.ptm.test_coverage,0.9877984084880637
frame_00_Al_encoder.ptm.balanced_accuracy,0.7325897714907508
frame_00_Al_encoder.ptm.ap.0,0.9693637626759073
frame_00_Al_encoder.ptm.ap.1,
frame_00_Al_encoder.ptm.ap.2,
frame_00_Al_encoder.ptm.ap.3,
frame_00_Al_encoder.ptm.ap.4,0.1927184106014395
frame_00_Al_encoder.liquid_order.train_count,1813
frame_00_Al_encoder.liquid_order.test_count,1826
frame_00_Al_encoder.liquid_order.conditional_r2_gain,0.1855107992887497
frame_00_Al_encoder.liquid_order.mean_r2,0.217739999294281
frame_00_Al_encoder.context_cutoff_008.counts.0.train,583
frame_00_Al_encoder.context_cutoff_008.counts.0.test,580
frame_00_Al_encoder.context_cutoff_008.counts.1.train,0
frame_00_Al_encoder.context_cutoff_008.counts.1.test,0
frame_00_Al_encoder.context_cutoff_008.counts.2.train,20
frame_00_Al_encoder.context_cutoff_008.counts.2.test,19
frame_00_Al_encoder.context_cutoff_008.counts.3.train,0
frame_00_Al_encoder.context_cutoff_008.counts.3.test,4
frame_00_Al_encoder.context_cutoff_008.counts.4.train,0
frame_00_Al_encoder.context_cutoff_008.counts.4.test,0
frame_00_Al_encoder.context_cutoff_008.counts.5.train,854
frame_00_Al_encoder.context_cutoff_008.counts.5.test,874
frame_00_Al_encoder.context_cutoff_008.counts.6.train,414
frame_00_Al_encoder.context_cutoff_008.counts.6.test,408
frame_00_Al_encoder.context_cutoff_008.test_coverage,0.9978779840848806
frame_00_Al_encoder.context_cutoff_008.balanced_accuracy,0.46570849637100953
frame_00_Al_encoder.context_cutoff_008.ap.0,0.49640623029060205
frame_00_Al_encoder.context_cutoff_008.ap.1,
frame_00_Al_encoder.context_cutoff_008.ap.2,
frame_00_Al_encoder.context_cutoff_008.ap.3,
frame_00_Al_encoder.context_cutoff_008.ap.4,
frame_00_Al_encoder.context_cutoff_008.ap.5,0.7193068240216881
frame_00_Al_encoder.context_cutoff_008.ap.6,0.47664514659840046
frame_00_Al_encoder.context_cutoff_010.counts.0.train,583
frame_00_Al_encoder.context_cutoff_010.counts.0.test,579
frame_00_Al_encoder.context_cutoff_010.counts.1.train,0
frame_00_Al_encoder.context_cutoff_010.counts.1.test,0
frame_00_Al_encoder.context_cutoff_010.counts.2.train,58
frame_00_Al_encoder.context_cutoff_010.counts.2.test,55
frame_00_Al_encoder.context_cutoff_010.counts.3.train,0
frame_00_Al_encoder.context_cutoff_010.counts.3.test,4
frame_00_Al_encoder.context_cutoff_010.counts.4.train,0
frame_00_Al_encoder.context_cutoff_010.counts.4.test,0
frame_00_Al_encoder.context_cutoff_010.counts.5.train,851
frame_00_Al_encoder.context_cutoff_010.counts.5.test,871
frame_00_Al_encoder.context_cutoff_010.counts.6.train,379
frame_00_Al_encoder.context_cutoff_010.counts.6.test,376
frame_00_Al_encoder.context_cutoff_010.test_coverage,0.9978779840848806
frame_00_Al_encoder.context_cutoff_010.balanced_accuracy,0.4770368670486337
frame_00_Al_encoder.context_cutoff_010.ap.0,0.48865349547705894
frame_00_Al_encoder.context_cutoff_010.ap.1,
frame_00_Al_encoder.context_cutoff_010.ap.2,0.2092388255750115
frame_00_Al_encoder.context_cutoff_010.ap.3,
frame_00_Al_encoder.context_cutoff_010.ap.4,
frame_00_Al_encoder.context_cutoff_010.ap.5,0.7183485973256198
frame_00_Al_encoder.context_cutoff_010.ap.6,0.3579081362987386
frame_00_Al_encoder.context_cutoff_012.counts.0.train,574
frame_00_Al_encoder.context_cutoff_012.counts.0.test,576
frame_00_Al_encoder.context_cutoff_012.counts.1.train,1
frame_00_Al_encoder.context_cutoff_012.counts.1.test,0
frame_00_Al_encoder.context_cutoff_012.counts.2.train,140
frame_00_Al_encoder.context_cutoff_012.counts.2.test,124
frame_00_Al_encoder.context_cutoff_012.counts.3.train,0
frame_00_Al_encoder.context_cutoff_012.counts.3.test,4
frame_00_Al_encoder.context_cutoff_012.counts.4.train,0
frame_00_Al_encoder.context_cutoff_012.counts.4.test,0
frame_00_Al_encoder.context_cutoff_012.counts.5.train,840
frame_00_Al_encoder.context_cutoff_012.counts.5.test,861
frame_00_Al_encoder.context_cutoff_012.counts.6.train,316
frame_00_Al_encoder.context_cutoff_012.counts.6.test,320
frame_00_Al_encoder.context_cutoff_012.test_coverage,0.9978779840848806
frame_00_Al_encoder.context_cutoff_012.balanced_accuracy,0.46286501848313416
frame_00_Al_encoder.context_cutoff_012.ap.0,0.4786141341387002
frame_00_Al_encoder.context_cutoff_012.ap.1,
frame_00_Al_encoder.context_cutoff_012.ap.2,0.3458315104088536
frame_00_Al_encoder.context_cutoff_012.ap.3,
frame_00_Al_encoder.context_cutoff_012.ap.4,
frame_00_Al_encoder.context_cutoff_012.ap.5,0.7165320795771738
frame_00_Al_encoder.context_cutoff_012.ap.6,0.27634900307223104
frame_00_Al_encoder.planar_fault.counts.0.train,1862
frame_00_Al_encoder.planar_fault.counts.0.test,1869
frame_00_Al_encoder.planar_fault.counts.1.train,9
frame_00_Al_encoder.planar_fault.counts.1.test,12
frame_00_Al_encoder.planar_fault.counts.2.train,0
frame_00_Al_encoder.planar_fault.counts.2.test,1
frame_00_Al_encoder.planar_fault.counts.3.train,0
frame_00_Al_encoder.planar_fault.counts.3.test,2
frame_00_Al_encoder.planar_fault.counts.4.train,0
frame_00_Al_encoder.planar_fault.counts.4.test,1
frame_00_Al_encoder.planar_fault.test_coverage,0.9915119363395225
frame_00_Al_encoder.planar_fault.balanced_accuracy,
frame_00_Al_encoder.spatial.auc,0.48802055972388125
frame_00_Al_encoder.spatial.pairs,1709
frame_00_Al_encoder.spatial.changed_pairs,927
frame_00_Al_encoder.spatial.bins,5
frame_00_Al_encoder.spatial.same_label_normalized_distance,0.9105664533849567
frame_00_Al_encoder.nonbulk_spatial.auc,0.48802055972388125
frame_00_Al_encoder.nonbulk_spatial.pairs,1709
frame_00_Al_encoder.nonbulk_spatial.changed_pairs,927
frame_00_Al_encoder.nonbulk_spatial.bins,5
frame_00_Al_encoder.nonbulk_spatial.same_label_normalized_distance,0.9105664533849567
frame_00_Al_encoder.shuffled_spatial.auc,0.47220819063887665
frame_00_Al_encoder.shuffled_spatial.pairs,1709
frame_00_Al_encoder.shuffled_spatial.changed_pairs,927
frame_00_Al_encoder.shuffled_spatial.bins,5
frame_00_Al_encoder.shuffled_spatial.same_label_normalized_distance,0.9356171337108712
frame_00_Al_encoder.collapsed_spatial.auc,0.5
frame_00_Al_encoder.collapsed_spatial.pairs,1709
frame_00_Al_encoder.collapsed_spatial.changed_pairs,927
frame_00_Al_encoder.collapsed_spatial.bins,5
frame_00_Al_encoder.collapsed_spatial.same_label_normalized_distance,
frame_00_Al_encoder.liquid_topology.train_count,444
frame_00_Al_encoder.liquid_topology.test_count,461
frame_00_Al_encoder.liquid_topology.conditional_r2_gain,-0.5050122737884521
frame_00_Al_encoder.liquid_topology.mean_r2,-0.510459840297699
frame_00_Al_encoder.nonbulk_cluster_ami,0.06456899799144451
frame_00_Al_encoder.continuity_fixed_candidates_center_fixed.0.0001.pair_rms,2.1202822173552875
frame_00_Al_encoder.continuity_fixed_candidates_center_fixed.0.0001.normalized_median,0.000359965200684072
frame_00_Al_encoder.continuity_fixed_candidates_center_fixed.0.0001.normalized_p95,0.06744419070048972
frame_00_Al_encoder.continuity_fixed_candidates_center_fixed.0.01.pair_rms,2.1202822173552875
frame_00_Al_encoder.continuity_fixed_candidates_center_fixed.0.01.normalized_median,0.23567699349987561
frame_00_Al_encoder.continuity_fixed_candidates_center_fixed.0.01.normalized_p95,0.4462670536296257
frame_00_Al_encoder.continuity_fixed_candidates_center_fixed.0.1.pair_rms,2.1202822173552875
frame_00_Al_encoder.continuity_fixed_candidates_center_fixed.0.1.normalized_median,0.5795152709905482
frame_00_Al_encoder.continuity_fixed_candidates_center_fixed.0.1.normalized_p95,0.8880476837087562
frame_00_Al_projector.collapse.effective_rank,3.71157500402838
frame_00_Al_projector.collapse.variance,6.101527533573663
frame_00_Al_projector.collapse.pair_rms,3.493287143529333
frame_00_Al_projector.liquid_collapse.effective_rank,2.5517045732879144
frame_00_Al_projector.liquid_collapse.variance,4.606682520657303
frame_00_Al_projector.liquid_collapse.pair_rms,3.0353525398731867
frame_00_Al_projector.reference_coverage.liquid_fraction,0.9658203125
frame_00_Al_projector.reference_coverage.cutoff_stable_fraction,0.939453125
frame_00_Al_projector.context.counts.0.train,583
frame_00_Al_projector.context.counts.0.test,579
frame_00_Al_projector.context.counts.1.train,0
frame_00_Al_projector.context.counts.1.test,0
frame_00_Al_projector.context.counts.2.train,58
frame_00_Al_projector.context.counts.2.test,55
frame_00_Al_projector.context.counts.3.train,0
frame_00_Al_projector.context.counts.3.test,4
frame_00_Al_projector.context.counts.4.train,0
frame_00_Al_projector.context.counts.4.test,0
frame_00_Al_projector.context.counts.5.train,851
frame_00_Al_projector.context.counts.5.test,871
frame_00_Al_projector.context.counts.6.train,379
frame_00_Al_projector.context.counts.6.test,376
frame_00_Al_projector.context.test_coverage,0.9978779840848806
frame_00_Al_projector.context.balanced_accuracy,0.44438526575362314
frame_00_Al_projector.context.ap.0,0.3931224381760929
frame_00_Al_projector.context.ap.1,
frame_00_Al_projector.context.ap.2,0.23724042816025262
frame_00_Al_projector.context.ap.3,
frame_00_Al_projector.context.ap.4,
frame_00_Al_projector.context.ap.5,0.6532536137978946
frame_00_Al_projector.context.ap.6,0.3194791356068109
frame_00_Al_projector.ptm.counts.0.train,1828
frame_00_Al_projector.ptm.counts.0.test,1838
frame_00_Al_projector.ptm.counts.1.train,9
frame_00_Al_projector.ptm.counts.1.test,7
frame_00_Al_projector.ptm.counts.2.train,9
frame_00_Al_projector.ptm.counts.2.test,16
frame_00_Al_projector.ptm.counts.3.train,0
frame_00_Al_projector.ptm.counts.3.test,0
frame_00_Al_projector.ptm.counts.4.train,25
frame_00_Al_projector.ptm.counts.4.test,24
frame_00_Al_projector.ptm.test_coverage,0.9877984084880637
frame_00_Al_projector.ptm.balanced_accuracy,0.7421563293434893
frame_00_Al_projector.ptm.ap.0,0.959620642872308
frame_00_Al_projector.ptm.ap.1,
frame_00_Al_projector.ptm.ap.2,
frame_00_Al_projector.ptm.ap.3,
frame_00_Al_projector.ptm.ap.4,0.08354937374159245
frame_00_Al_projector.liquid_order.train_count,1813
frame_00_Al_projector.liquid_order.test_count,1826
frame_00_Al_projector.liquid_order.conditional_r2_gain,0.12103695422410965
frame_00_Al_projector.liquid_order.mean_r2,0.152666836977005
frame_00_Al_projector.context_cutoff_008.counts.0.train,583
frame_00_Al_projector.context_cutoff_008.counts.0.test,580
frame_00_Al_projector.context_cutoff_008.counts.1.train,0
frame_00_Al_projector.context_cutoff_008.counts.1.test,0
frame_00_Al_projector.context_cutoff_008.counts.2.train,20
frame_00_Al_projector.context_cutoff_008.counts.2.test,19
frame_00_Al_projector.context_cutoff_008.counts.3.train,0
frame_00_Al_projector.context_cutoff_008.counts.3.test,4
frame_00_Al_projector.context_cutoff_008.counts.4.train,0
frame_00_Al_projector.context_cutoff_008.counts.4.test,0
frame_00_Al_projector.context_cutoff_008.counts.5.train,854
frame_00_Al_projector.context_cutoff_008.counts.5.test,874
frame_00_Al_projector.context_cutoff_008.counts.6.train,414
frame_00_Al_projector.context_cutoff_008.counts.6.test,408
frame_00_Al_projector.context_cutoff_008.test_coverage,0.9978779840848806
frame_00_Al_projector.context_cutoff_008.balanced_accuracy,0.5222093674524967
frame_00_Al_projector.context_cutoff_008.ap.0,0.3920515015185292
frame_00_Al_projector.context_cutoff_008.ap.1,
frame_00_Al_projector.context_cutoff_008.ap.2,
frame_00_Al_projector.context_cutoff_008.ap.3,
frame_00_Al_projector.context_cutoff_008.ap.4,
frame_00_Al_projector.context_cutoff_008.ap.5,0.6576739113298097
frame_00_Al_projector.context_cutoff_008.ap.6,0.43090947505991584
frame_00_Al_projector.context_cutoff_010.counts.0.train,583
frame_00_Al_projector.context_cutoff_010.counts.0.test,579
frame_00_Al_projector.context_cutoff_010.counts.1.train,0
frame_00_Al_projector.context_cutoff_010.counts.1.test,0
frame_00_Al_projector.context_cutoff_010.counts.2.train,58
frame_00_Al_projector.context_cutoff_010.counts.2.test,55
frame_00_Al_projector.context_cutoff_010.counts.3.train,0
frame_00_Al_projector.context_cutoff_010.counts.3.test,4
frame_00_Al_projector.context_cutoff_010.counts.4.train,0
frame_00_Al_projector.context_cutoff_010.counts.4.test,0
frame_00_Al_projector.context_cutoff_010.counts.5.train,851
frame_00_Al_projector.context_cutoff_010.counts.5.test,871
frame_00_Al_projector.context_cutoff_010.counts.6.train,379
frame_00_Al_projector.context_cutoff_010.counts.6.test,376
frame_00_Al_projector.context_cutoff_010.test_coverage,0.9978779840848806
frame_00_Al_projector.context_cutoff_010.balanced_accuracy,0.44438526575362314
frame_00_Al_projector.context_cutoff_010.ap.0,0.3931224381760929
frame_00_Al_projector.context_cutoff_010.ap.1,
frame_00_Al_projector.context_cutoff_010.ap.2,0.23724042816025262
frame_00_Al_projector.context_cutoff_010.ap.3,
frame_00_Al_projector.context_cutoff_010.ap.4,
frame_00_Al_projector.context_cutoff_010.ap.5,0.6532536137978946
frame_00_Al_projector.context_cutoff_010.ap.6,0.3194791356068109
frame_00_Al_projector.context_cutoff_012.counts.0.train,574
frame_00_Al_projector.context_cutoff_012.counts.0.test,576
frame_00_Al_projector.context_cutoff_012.counts.1.train,1
frame_00_Al_projector.context_cutoff_012.counts.1.test,0
frame_00_Al_projector.context_cutoff_012.counts.2.train,140
frame_00_Al_projector.context_cutoff_012.counts.2.test,124
frame_00_Al_projector.context_cutoff_012.counts.3.train,0
frame_00_Al_projector.context_cutoff_012.counts.3.test,4
frame_00_Al_projector.context_cutoff_012.counts.4.train,0
frame_00_Al_projector.context_cutoff_012.counts.4.test,0
frame_00_Al_projector.context_cutoff_012.counts.5.train,840
frame_00_Al_projector.context_cutoff_012.counts.5.test,861
frame_00_Al_projector.context_cutoff_012.counts.6.train,316
frame_00_Al_projector.context_cutoff_012.counts.6.test,320
frame_00_Al_projector.context_cutoff_012.test_coverage,0.9978779840848806
frame_00_Al_projector.context_cutoff_012.balanced_accuracy,0.41893565090604823
frame_00_Al_projector.context_cutoff_012.ap.0,0.3879601419207912
frame_00_Al_projector.context_cutoff_012.ap.1,
frame_00_Al_projector.context_cutoff_012.ap.2,0.36986089691998714
frame_00_Al_projector.context_cutoff_012.ap.3,
frame_00_Al_projector.context_cutoff_012.ap.4,
frame_00_Al_projector.context_cutoff_012.ap.5,0.6485683237043087
frame_00_Al_projector.context_cutoff_012.ap.6,0.2408706952316223
frame_00_Al_projector.planar_fault.counts.0.train,1862
frame_00_Al_projector.planar_fault.counts.0.test,1869
frame_00_Al_projector.planar_fault.counts.1.train,9
frame_00_Al_projector.planar_fault.counts.1.test,12
frame_00_Al_projector.planar_fault.counts.2.train,0
frame_00_Al_projector.planar_fault.counts.2.test,1
frame_00_Al_projector.planar_fault.counts.3.train,0
frame_00_Al_projector.planar_fault.counts.3.test,2
frame_00_Al_projector.planar_fault.counts.4.train,0
frame_00_Al_projector.planar_fault.counts.4.test,1
frame_00_Al_projector.planar_fault.test_coverage,0.9915119363395225
frame_00_Al_projector.planar_fault.balanced_accuracy,
frame_00_Al_projector.spatial.auc,0.48443889068219265
frame_00_Al_projector.spatial.pairs,1709
frame_00_Al_projector.spatial.changed_pairs,927
frame_00_Al_projector.spatial.bins,5
frame_00_Al_projector.spatial.same_label_normalized_distance,0.7797560050949011
frame_00_Al_projector.nonbulk_spatial.auc,0.48443889068219265
frame_00_Al_projector.nonbulk_spatial.pairs,1709
frame_00_Al_projector.nonbulk_spatial.changed_pairs,927
frame_00_Al_projector.nonbulk_spatial.bins,5
frame_00_Al_projector.nonbulk_spatial.same_label_normalized_distance,0.7797560050949011
frame_00_Al_projector.shuffled_spatial.auc,0.4763736123804702
frame_00_Al_projector.shuffled_spatial.pairs,1709
frame_00_Al_projector.shuffled_spatial.changed_pairs,927
frame_00_Al_projector.shuffled_spatial.bins,5
frame_00_Al_projector.shuffled_spatial.same_label_normalized_distance,0.8626438328752889
frame_00_Al_projector.collapsed_spatial.auc,0.5
frame_00_Al_projector.collapsed_spatial.pairs,1709
frame_00_Al_projector.collapsed_spatial.changed_pairs,927
frame_00_Al_projector.collapsed_spatial.bins,5
frame_00_Al_projector.collapsed_spatial.same_label_normalized_distance,
frame_00_Al_projector.liquid_topology.train_count,444
frame_00_Al_projector.liquid_topology.test_count,461
frame_00_Al_projector.liquid_topology.conditional_r2_gain,-0.03200915455818176
frame_00_Al_projector.liquid_topology.mean_r2,-0.038309432566165924
frame_00_Al_projector.nonbulk_cluster_ami,0.05749309836934404
frame_00_Al_projector.continuity_fixed_candidates_center_fixed.0.0001.pair_rms,3.99250029821684
frame_00_Al_projector.continuity_fixed_candidates_center_fixed.0.0001.normalized_median,0.0003032879146689127
frame_00_Al_projector.continuity_fixed_candidates_center_fixed.0.0001.normalized_p95,0.03646102624271585
frame_00_Al_projector.continuity_fixed_candidates_center_fixed.0.01.pair_rms,3.99250029821684
frame_00_Al_projector.continuity_fixed_candidates_center_fixed.0.01.normalized_median,0.17168990867009146
frame_00_Al_projector.continuity_fixed_candidates_center_fixed.0.01.normalized_p95,0.5257149729450634
frame_00_Al_projector.continuity_fixed_candidates_center_fixed.0.1.pair_rms,3.99250029821684
frame_00_Al_projector.continuity_fixed_candidates_center_fixed.0.1.normalized_median,0.4354987180463174
frame_00_Al_projector.continuity_fixed_candidates_center_fixed.0.1.normalized_p95,0.9760249477174003
frame_01_Al_encoder.collapse.effective_rank,1.6071967686977742
frame_01_Al_encoder.collapse.variance,15.810232521216527
frame_01_Al_encoder.collapse.pair_rms,5.623207718236367
frame_01_Al_encoder.liquid_collapse.effective_rank,7.612875849143231
frame_01_Al_encoder.liquid_collapse.variance,1.5619151951669126
frame_01_Al_encoder.liquid_collapse.pair_rms,1.7674361064360502
frame_01_Al_encoder.reference_coverage.liquid_fraction,0.7822265625
frame_01_Al_encoder.reference_coverage.cutoff_stable_fraction,0.9384765625
frame_01_Al_encoder.context.counts.0.train,498
frame_01_Al_encoder.context.counts.0.test,514
frame_01_Al_encoder.context.counts.1.train,238
frame_01_Al_encoder.context.counts.1.test,201
frame_01_Al_encoder.context.counts.2.train,124
frame_01_Al_encoder.context.counts.2.test,124
frame_01_Al_encoder.context.counts.3.train,25
frame_01_Al_encoder.context.counts.3.test,26
frame_01_Al_encoder.context.counts.4.train,0
frame_01_Al_encoder.context.counts.4.test,0
frame_01_Al_encoder.context.counts.5.train,654
frame_01_Al_encoder.context.counts.5.test,683
frame_01_Al_encoder.context.counts.6.train,323
frame_01_Al_encoder.context.counts.6.test,310
frame_01_Al_encoder.context.test_coverage,1.0
frame_01_Al_encoder.context.balanced_accuracy,0.6599088186598058
frame_01_Al_encoder.context.ap.0,0.5349782921015911
frame_01_Al_encoder.context.ap.1,0.9953454114666433
frame_01_Al_encoder.context.ap.2,0.6336271568248976
frame_01_Al_encoder.context.ap.3,0.8279626594032456
frame_01_Al_encoder.context.ap.4,
frame_01_Al_encoder.context.ap.5,0.7096597727816438
frame_01_Al_encoder.context.ap.6,0.37677058234720995
frame_01_Al_encoder.ptm.counts.0.train,1527
frame_01_Al_encoder.ptm.counts.0.test,1561
frame_01_Al_encoder.ptm.counts.1.train,274
frame_01_Al_encoder.ptm.counts.1.test,237
frame_01_Al_encoder.ptm.counts.2.train,37
frame_01_Al_encoder.ptm.counts.2.test,38
frame_01_Al_encoder.ptm.counts.3.train,0
frame_01_Al_encoder.ptm.counts.3.test,0
frame_01_Al_encoder.ptm.counts.4.train,24
frame_01_Al_encoder.ptm.counts.4.test,22
frame_01_Al_encoder.ptm.test_coverage,1.0
frame_01_Al_encoder.ptm.balanced_accuracy,0.8681401377268558
frame_01_Al_encoder.ptm.ap.0,0.9970958090538364
frame_01_Al_encoder.ptm.ap.1,0.9869148059866497
frame_01_Al_encoder.ptm.ap.2,0.783476930638968
frame_01_Al_encoder.ptm.ap.3,
frame_01_Al_encoder.ptm.ap.4,0.5304845473945357
frame_01_Al_encoder.liquid_order.train_count,1475
frame_01_Al_encoder.liquid_order.test_count,1507
frame_01_Al_encoder.liquid_order.conditional_r2_gain,0.16332648694515228
frame_01_Al_encoder.liquid_order.mean_r2,0.20192557573318481
frame_01_Al_encoder.context_cutoff_008.counts.0.train,499
frame_01_Al_encoder.context_cutoff_008.counts.0.test,517
frame_01_Al_encoder.context_cutoff_008.counts.1.train,237
frame_01_Al_encoder.context_cutoff_008.counts.1.test,199
frame_01_Al_encoder.context_cutoff_008.counts.2.train,93
frame_01_Al_encoder.context_cutoff_008.counts.2.test,83
frame_01_Al_encoder.context_cutoff_008.counts.3.train,25
frame_01_Al_encoder.context_cutoff_008.counts.3.test,26
frame_01_Al_encoder.context_cutoff_008.counts.4.train,0
frame_01_Al_encoder.context_cutoff_008.counts.4.test,0
frame_01_Al_encoder.context_cutoff_008.counts.5.train,657
frame_01_Al_encoder.context_cutoff_008.counts.5.test,686
frame_01_Al_encoder.context_cutoff_008.counts.6.train,351
frame_01_Al_encoder.context_cutoff_008.counts.6.test,347
frame_01_Al_encoder.context_cutoff_008.test_coverage,1.0
frame_01_Al_encoder.context_cutoff_008.balanced_accuracy,0.690764345088224
frame_01_Al_encoder.context_cutoff_008.ap.0,0.536252228129151
frame_01_Al_encoder.context_cutoff_008.ap.1,0.9948353070852999
frame_01_Al_encoder.context_cutoff_008.ap.2,0.6357695424510064
frame_01_Al_encoder.context_cutoff_008.ap.3,0.8228719064207857
frame_01_Al_encoder.context_cutoff_008.ap.4,
frame_01_Al_encoder.context_cutoff_008.ap.5,0.7109098087556783
frame_01_Al_encoder.context_cutoff_008.ap.6,0.464781158418899
frame_01_Al_encoder.context_cutoff_010.counts.0.train,498
frame_01_Al_encoder.context_cutoff_010.counts.0.test,514
frame_01_Al_encoder.context_cutoff_010.counts.1.train,238
frame_01_Al_encoder.context_cutoff_010.counts.1.test,201
frame_01_Al_encoder.context_cutoff_010.counts.2.train,124
frame_01_Al_encoder.context_cutoff_010.counts.2.test,124
frame_01_Al_encoder.context_cutoff_010.counts.3.train,25
frame_01_Al_encoder.context_cutoff_010.counts.3.test,26
frame_01_Al_encoder.context_cutoff_010.counts.4.train,0
frame_01_Al_encoder.context_cutoff_010.counts.4.test,0
frame_01_Al_encoder.context_cutoff_010.counts.5.train,654
frame_01_Al_encoder.context_cutoff_010.counts.5.test,683
frame_01_Al_encoder.context_cutoff_010.counts.6.train,323
frame_01_Al_encoder.context_cutoff_010.counts.6.test,310
frame_01_Al_encoder.context_cutoff_010.test_coverage,1.0
frame_01_Al_encoder.context_cutoff_010.balanced_accuracy,0.6599088186598058
frame_01_Al_encoder.context_cutoff_010.ap.0,0.5349782921015911
frame_01_Al_encoder.context_cutoff_010.ap.1,0.9953454114666433
frame_01_Al_encoder.context_cutoff_010.ap.2,0.6336271568248976
frame_01_Al_encoder.context_cutoff_010.ap.3,0.8279626594032456
frame_01_Al_encoder.context_cutoff_010.ap.4,
frame_01_Al_encoder.context_cutoff_010.ap.5,0.7096597727816438
frame_01_Al_encoder.context_cutoff_010.ap.6,0.37677058234720995
frame_01_Al_encoder.context_cutoff_012.counts.0.train,493
frame_01_Al_encoder.context_cutoff_012.counts.0.test,512
frame_01_Al_encoder.context_cutoff_012.counts.1.train,242
frame_01_Al_encoder.context_cutoff_012.counts.1.test,207
frame_01_Al_encoder.context_cutoff_012.counts.2.train,192
frame_01_Al_encoder.context_cutoff_012.counts.2.test,192
frame_01_Al_encoder.context_cutoff_012.counts.3.train,25
frame_01_Al_encoder.context_cutoff_012.counts.3.test,26
frame_01_Al_encoder.context_cutoff_012.counts.4.train,0
frame_01_Al_encoder.context_cutoff_012.counts.4.test,0
frame_01_Al_encoder.context_cutoff_012.counts.5.train,643
frame_01_Al_encoder.context_cutoff_012.counts.5.test,674
frame_01_Al_encoder.context_cutoff_012.counts.6.train,267
frame_01_Al_encoder.context_cutoff_012.counts.6.test,247
frame_01_Al_encoder.context_cutoff_012.test_coverage,1.0
frame_01_Al_encoder.context_cutoff_012.balanced_accuracy,0.6283803779729801
frame_01_Al_encoder.context_cutoff_012.ap.0,0.5295027638232166
frame_01_Al_encoder.context_cutoff_012.ap.1,0.9973731090059651
frame_01_Al_encoder.context_cutoff_012.ap.2,0.6030018793856315
frame_01_Al_encoder.context_cutoff_012.ap.3,0.8284960092625723
frame_01_Al_encoder.context_cutoff_012.ap.4,
frame_01_Al_encoder.context_cutoff_012.ap.5,0.7032638519077868
frame_01_Al_encoder.context_cutoff_012.ap.6,0.25071762482000304
frame_01_Al_encoder.planar_fault.counts.0.train,1825
frame_01_Al_encoder.planar_fault.counts.0.test,1820
frame_01_Al_encoder.planar_fault.counts.1.train,12
frame_01_Al_encoder.planar_fault.counts.1.test,12
frame_01_Al_encoder.planar_fault.counts.2.train,2
frame_01_Al_encoder.planar_fault.counts.2.test,2
frame_01_Al_encoder.planar_fault.counts.3.train,23
frame_01_Al_encoder.planar_fault.counts.3.test,24
frame_01_Al_encoder.planar_fault.counts.4.train,0
frame_01_Al_encoder.planar_fault.counts.4.test,0
frame_01_Al_encoder.planar_fault.test_coverage,0.9924650161463939
frame_01_Al_encoder.planar_fault.balanced_accuracy,0.9347527472527473
frame_01_Al_encoder.planar_fault.ap.0,0.9983544878371098
frame_01_Al_encoder.planar_fault.ap.1,
frame_01_Al_encoder.planar_fault.ap.2,
frame_01_Al_encoder.planar_fault.ap.3,0.895329764612219
frame_01_Al_encoder.planar_fault.ap.4,
frame_01_Al_encoder.spatial.auc,0.5460106662909558
frame_01_Al_encoder.spatial.pairs,1656
frame_01_Al_encoder.spatial.changed_pairs,798
frame_01_Al_encoder.spatial.bins,5
frame_01_Al_encoder.spatial.same_label_normalized_distance,0.31078801648102616
frame_01_Al_encoder.nonbulk_spatial.auc,0.4970921389999066
frame_01_Al_encoder.nonbulk_spatial.pairs,1457
frame_01_Al_encoder.nonbulk_spatial.changed_pairs,781
frame_01_Al_encoder.nonbulk_spatial.bins,5
frame_01_Al_encoder.nonbulk_spatial.same_label_normalized_distance,0.6189060240020992
frame_01_Al_encoder.shuffled_spatial.auc,0.5203741609190441
frame_01_Al_encoder.shuffled_spatial.pairs,1457
frame_01_Al_encoder.shuffled_spatial.changed_pairs,781
frame_01_Al_encoder.shuffled_spatial.bins,5
frame_01_Al_encoder.shuffled_spatial.same_label_normalized_distance,0.7228450798718498
frame_01_Al_encoder.collapsed_spatial.auc,0.5
frame_01_Al_encoder.collapsed_spatial.pairs,1457
frame_01_Al_encoder.collapsed_spatial.changed_pairs,781
frame_01_Al_encoder.collapsed_spatial.bins,5
frame_01_Al_encoder.collapsed_spatial.same_label_normalized_distance,
frame_01_Al_encoder.liquid_topology.train_count,393
frame_01_Al_encoder.liquid_topology.test_count,357
frame_01_Al_encoder.liquid_topology.conditional_r2_gain,-3265.759765625
frame_01_Al_encoder.liquid_topology.mean_r2,-3357.234619140625
frame_01_Al_encoder.nonbulk_cluster_ami,0.18719628376371408
frame_01_Al_encoder.continuity_fixed_candidates_center_fixed.0.0001.pair_rms,5.780509748833544
frame_01_Al_encoder.continuity_fixed_candidates_center_fixed.0.0001.normalized_median,0.00013762684547165987
frame_01_Al_encoder.continuity_fixed_candidates_center_fixed.0.0001.normalized_p95,0.057160555578264896
frame_01_Al_encoder.continuity_fixed_candidates_center_fixed.0.01.pair_rms,5.780509748833544
frame_01_Al_encoder.continuity_fixed_candidates_center_fixed.0.01.normalized_median,0.09234770593204639
frame_01_Al_encoder.continuity_fixed_candidates_center_fixed.0.01.normalized_p95,0.2193387732202457
frame_01_Al_encoder.continuity_fixed_candidates_center_fixed.0.1.pair_rms,5.780509748833544
frame_01_Al_encoder.continuity_fixed_candidates_center_fixed.0.1.normalized_median,0.23069630286743367
frame_01_Al_encoder.continuity_fixed_candidates_center_fixed.0.1.normalized_p95,0.4111535176557229
frame_01_Al_projector.collapse.effective_rank,3.2991643203644005
frame_01_Al_projector.collapse.variance,74.66861510135625
frame_01_Al_projector.collapse.pair_rms,12.220361295915621
frame_01_Al_projector.liquid_collapse.effective_rank,2.9769052136876124
frame_01_Al_projector.liquid_collapse.variance,5.601935642787157
frame_01_Al_projector.liquid_collapse.pair_rms,3.347218440074432
frame_01_Al_projector.reference_coverage.liquid_fraction,0.7822265625
frame_01_Al_projector.reference_coverage.cutoff_stable_fraction,0.9384765625
frame_01_Al_projector.context.counts.0.train,498
frame_01_Al_projector.context.counts.0.test,514
frame_01_Al_projector.context.counts.1.train,238
frame_01_Al_projector.context.counts.1.test,201
frame_01_Al_projector.context.counts.2.train,124
frame_01_Al_projector.context.counts.2.test,124
frame_01_Al_projector.context.counts.3.train,25
frame_01_Al_projector.context.counts.3.test,26
frame_01_Al_projector.context.counts.4.train,0
frame_01_Al_projector.context.counts.4.test,0
frame_01_Al_projector.context.counts.5.train,654
frame_01_Al_projector.context.counts.5.test,683
frame_01_Al_projector.context.counts.6.train,323
frame_01_Al_projector.context.counts.6.test,310
frame_01_Al_projector.context.test_coverage,1.0
frame_01_Al_projector.context.balanced_accuracy,0.6218359264910983
frame_01_Al_projector.context.ap.0,0.4330631198553638
frame_01_Al_projector.context.ap.1,0.9963950802437073
frame_01_Al_projector.context.ap.2,0.6106384458413555
frame_01_Al_projector.context.ap.3,0.671038808228616
frame_01_Al_projector.context.ap.4,
frame_01_Al_projector.context.ap.5,0.6365082911339848
frame_01_Al_projector.context.ap.6,0.37104501786696237
frame_01_Al_projector.ptm.counts.0.train,1527
frame_01_Al_projector.ptm.counts.0.test,1561
frame_01_Al_projector.ptm.counts.1.train,274
frame_01_Al_projector.ptm.counts.1.test,237
frame_01_Al_projector.ptm.counts.2.train,37
frame_01_Al_projector.ptm.counts.2.test,38
frame_01_Al_projector.ptm.counts.3.train,0
frame_01_Al_projector.ptm.counts.3.test,0
frame_01_Al_projector.ptm.counts.4.train,24
frame_01_Al_projector.ptm.counts.4.test,22
frame_01_Al_projector.ptm.test_coverage,1.0
frame_01_Al_projector.ptm.balanced_accuracy,0.8279552804099968
frame_01_Al_projector.ptm.ap.0,0.9916292924220937
frame_01_Al_projector.ptm.ap.1,0.9745952059434153
frame_01_Al_projector.ptm.ap.2,0.4410187820761329
frame_01_Al_projector.ptm.ap.3,
frame_01_Al_projector.ptm.ap.4,0.15406113043996006
frame_01_Al_projector.liquid_order.train_count,1475
frame_01_Al_projector.liquid_order.test_count,1507
frame_01_Al_projector.liquid_order.conditional_r2_gain,0.11002650111913681
frame_01_Al_projector.liquid_order.mean_r2,0.14553174376487732
frame_01_Al_projector.context_cutoff_008.counts.0.train,499
frame_01_Al_projector.context_cutoff_008.counts.0.test,517
frame_01_Al_projector.context_cutoff_008.counts.1.train,237
frame_01_Al_projector.context_cutoff_008.counts.1.test,199
frame_01_Al_projector.context_cutoff_008.counts.2.train,93
frame_01_Al_projector.context_cutoff_008.counts.2.test,83
frame_01_Al_projector.context_cutoff_008.counts.3.train,25
frame_01_Al_projector.context_cutoff_008.counts.3.test,26
frame_01_Al_projector.context_cutoff_008.counts.4.train,0
frame_01_Al_projector.context_cutoff_008.counts.4.test,0
frame_01_Al_projector.context_cutoff_008.counts.5.train,657
frame_01_Al_projector.context_cutoff_008.counts.5.test,686
frame_01_Al_projector.context_cutoff_008.counts.6.train,351
frame_01_Al_projector.context_cutoff_008.counts.6.test,347
frame_01_Al_projector.context_cutoff_008.test_coverage,1.0
frame_01_Al_projector.context_cutoff_008.balanced_accuracy,0.6454904905975504
frame_01_Al_projector.context_cutoff_008.ap.0,0.432492024236037
frame_01_Al_projector.context_cutoff_008.ap.1,0.9972737494176616
frame_01_Al_projector.context_cutoff_008.ap.2,0.6664429587517052
frame_01_Al_projector.context_cutoff_008.ap.3,0.6440914649971199
frame_01_Al_projector.context_cutoff_008.ap.4,
frame_01_Al_projector.context_cutoff_008.ap.5,0.6367766269604495
frame_01_Al_projector.context_cutoff_008.ap.6,0.4361587492139369
frame_01_Al_projector.context_cutoff_010.counts.0.train,498
frame_01_Al_projector.context_cutoff_010.counts.0.test,514
frame_01_Al_projector.context_cutoff_010.counts.1.train,238
frame_01_Al_projector.context_cutoff_010.counts.1.test,201
frame_01_Al_projector.context_cutoff_010.counts.2.train,124
frame_01_Al_projector.context_cutoff_010.counts.2.test,124
frame_01_Al_projector.context_cutoff_010.counts.3.train,25
frame_01_Al_projector.context_cutoff_010.counts.3.test,26
frame_01_Al_projector.context_cutoff_010.counts.4.train,0
frame_01_Al_projector.context_cutoff_010.counts.4.test,0
frame_01_Al_projector.context_cutoff_010.counts.5.train,654
frame_01_Al_projector.context_cutoff_010.counts.5.test,683
frame_01_Al_projector.context_cutoff_010.counts.6.train,323
frame_01_Al_projector.context_cutoff_010.counts.6.test,310
frame_01_Al_projector.context_cutoff_010.test_coverage,1.0
frame_01_Al_projector.context_cutoff_010.balanced_accuracy,0.6218359264910983
frame_01_Al_projector.context_cutoff_010.ap.0,0.4330631198553638
frame_01_Al_projector.context_cutoff_010.ap.1,0.9963950802437073
frame_01_Al_projector.context_cutoff_010.ap.2,0.6106384458413555
frame_01_Al_projector.context_cutoff_010.ap.3,0.671038808228616
frame_01_Al_projector.context_cutoff_010.ap.4,
frame_01_Al_projector.context_cutoff_010.ap.5,0.6365082911339848
frame_01_Al_projector.context_cutoff_010.ap.6,0.37104501786696237
frame_01_Al_projector.context_cutoff_012.counts.0.train,493
frame_01_Al_projector.context_cutoff_012.counts.0.test,512
frame_01_Al_projector.context_cutoff_012.counts.1.train,242
frame_01_Al_projector.context_cutoff_012.counts.1.test,207
frame_01_Al_projector.context_cutoff_012.counts.2.train,192
frame_01_Al_projector.context_cutoff_012.counts.2.test,192
frame_01_Al_projector.context_cutoff_012.counts.3.train,25
frame_01_Al_projector.context_cutoff_012.counts.3.test,26
frame_01_Al_projector.context_cutoff_012.counts.4.train,0
frame_01_Al_projector.context_cutoff_012.counts.4.test,0
frame_01_Al_projector.context_cutoff_012.counts.5.train,643
frame_01_Al_projector.context_cutoff_012.counts.5.test,674
frame_01_Al_projector.context_cutoff_012.counts.6.train,267
frame_01_Al_projector.context_cutoff_012.counts.6.test,247
frame_01_Al_projector.context_cutoff_012.test_coverage,1.0
frame_01_Al_projector.context_cutoff_012.balanced_accuracy,0.6011544110429987
frame_01_Al_projector.context_cutoff_012.ap.0,0.4280346758445183
frame_01_Al_projector.context_cutoff_012.ap.1,0.9948246237485922
frame_01_Al_projector.context_cutoff_012.ap.2,0.5576216330509698
frame_01_Al_projector.context_cutoff_012.ap.3,0.629201511370362
frame_01_Al_projector.context_cutoff_012.ap.4,
frame_01_Al_projector.context_cutoff_012.ap.5,0.6327279861275226
frame_01_Al_projector.context_cutoff_012.ap.6,0.2796146002119765
frame_01_Al_projector.planar_fault.counts.0.train,1825
frame_01_Al_projector.planar_fault.counts.0.test,1820
frame_01_Al_projector.planar_fault.counts.1.train,12
frame_01_Al_projector.planar_fault.counts.1.test,12
frame_01_Al_projector.planar_fault.counts.2.train,2
frame_01_Al_projector.planar_fault.counts.2.test,2
frame_01_Al_projector.planar_fault.counts.3.train,23
frame_01_Al_projector.planar_fault.counts.3.test,24
frame_01_Al_projector.planar_fault.counts.4.train,0
frame_01_Al_projector.planar_fault.counts.4.test,0
frame_01_Al_projector.planar_fault.test_coverage,0.9924650161463939
frame_01_Al_projector.planar_fault.balanced_accuracy,0.9506410256410256
frame_01_Al_projector.planar_fault.ap.0,0.998834783613358
frame_01_Al_projector.planar_fault.ap.1,
frame_01_Al_projector.planar_fault.ap.2,
frame_01_Al_projector.planar_fault.ap.3,0.7263064713748549
frame_01_Al_projector.planar_fault.ap.4,
frame_01_Al_projector.spatial.auc,0.5259679804226715
frame_01_Al_projector.spatial.pairs,1656
frame_01_Al_projector.spatial.changed_pairs,798
frame_01_Al_projector.spatial.bins,5
frame_01_Al_projector.spatial.same_label_normalized_distance,0.28791274677748496
frame_01_Al_projector.nonbulk_spatial.auc,0.47539262489981204
frame_01_Al_projector.nonbulk_spatial.pairs,1457
frame_01_Al_projector.nonbulk_spatial.changed_pairs,781
frame_01_Al_projector.nonbulk_spatial.bins,5
frame_01_Al_projector.nonbulk_spatial.same_label_normalized_distance,0.38339983023327984
frame_01_Al_projector.shuffled_spatial.auc,0.5199794705413338
frame_01_Al_projector.shuffled_spatial.pairs,1457
frame_01_Al_projector.shuffled_spatial.changed_pairs,781
frame_01_Al_projector.shuffled_spatial.bins,5
frame_01_Al_projector.shuffled_spatial.same_label_normalized_distance,0.688601511275474
frame_01_Al_projector.collapsed_spatial.auc,0.5
frame_01_Al_projector.collapsed_spatial.pairs,1457
frame_01_Al_projector.collapsed_spatial.changed_pairs,781
frame_01_Al_projector.collapsed_spatial.bins,5
frame_01_Al_projector.collapsed_spatial.same_label_normalized_distance,
frame_01_Al_projector.liquid_topology.train_count,393
frame_01_Al_projector.liquid_topology.test_count,357
frame_01_Al_projector.liquid_topology.conditional_r2_gain,-283.4517517089844
frame_01_Al_projector.liquid_topology.mean_r2,-312.107666015625
frame_01_Al_projector.nonbulk_cluster_ami,0.18183383999847907
frame_01_Al_projector.continuity_fixed_candidates_center_fixed.0.0001.pair_rms,11.911514044402226
frame_01_Al_projector.continuity_fixed_candidates_center_fixed.0.0001.normalized_median,0.0001119135824160418
frame_01_Al_projector.continuity_fixed_candidates_center_fixed.0.0001.normalized_p95,0.026492272440607537
frame_01_Al_projector.continuity_fixed_candidates_center_fixed.0.01.pair_rms,11.911514044402226
frame_01_Al_projector.continuity_fixed_candidates_center_fixed.0.01.normalized_median,0.056935316371325595
frame_01_Al_projector.continuity_fixed_candidates_center_fixed.0.01.normalized_p95,0.1972523009123818
frame_01_Al_projector.continuity_fixed_candidates_center_fixed.0.1.pair_rms,11.911514044402226
frame_01_Al_projector.continuity_fixed_candidates_center_fixed.0.1.normalized_median,0.14174075400563296
frame_01_Al_projector.continuity_fixed_candidates_center_fixed.0.1.normalized_p95,0.4462455457849052
frame_02_Al_encoder.collapse.effective_rank,1.5578601430631247
frame_02_Al_encoder.collapse.variance,26.568465845028815
frame_02_Al_encoder.collapse.pair_rms,7.2895083297886165
frame_02_Al_encoder.liquid_collapse.effective_rank,7.36723718880955
frame_02_Al_encoder.liquid_collapse.variance,1.6452377769994184
frame_02_Al_encoder.liquid_collapse.pair_rms,1.8139668006881595
frame_02_Al_encoder.reference_coverage.liquid_fraction,0.509033203125
frame_02_Al_encoder.reference_coverage.cutoff_stable_fraction,0.951904296875
frame_02_Al_encoder.context.counts.0.train,263
frame_02_Al_encoder.context.counts.0.test,337
frame_02_Al_encoder.context.counts.1.train,652
frame_02_Al_encoder.context.counts.1.test,563
frame_02_Al_encoder.context.counts.2.train,240
frame_02_Al_encoder.context.counts.2.test,211
frame_02_Al_encoder.context.counts.3.train,41
frame_02_Al_encoder.context.counts.3.test,50
frame_02_Al_encoder.context.counts.4.train,0
frame_02_Al_encoder.context.counts.4.test,0
frame_02_Al_encoder.context.counts.5.train,429
frame_02_Al_encoder.context.counts.5.test,525
frame_02_Al_encoder.context.counts.6.train,201
frame_02_Al_encoder.context.counts.6.test,224
frame_02_Al_encoder.context.test_coverage,1.0
frame_02_Al_encoder.context.balanced_accuracy,0.6914177661654556
frame_02_Al_encoder.context.ap.0,0.4694972627586295
frame_02_Al_encoder.context.ap.1,0.9970652523318879
frame_02_Al_encoder.context.ap.2,0.812239168375859
frame_02_Al_encoder.context.ap.3,0.9044700050661867
frame_02_Al_encoder.context.ap.4,
frame_02_Al_encoder.context.ap.5,0.7303343864358793
frame_02_Al_encoder.context.ap.6,0.3544063593439377
frame_02_Al_encoder.ptm.counts.0.train,1032
frame_02_Al_encoder.ptm.counts.0.test,1196
frame_02_Al_encoder.ptm.counts.1.train,734
frame_02_Al_encoder.ptm.counts.1.test,639
frame_02_Al_encoder.ptm.counts.2.train,52
frame_02_Al_encoder.ptm.counts.2.test,59
frame_02_Al_encoder.ptm.counts.3.train,0
frame_02_Al_encoder.ptm.counts.3.test,0
frame_02_Al_encoder.ptm.counts.4.train,8
frame_02_Al_encoder.ptm.counts.4.test,16
frame_02_Al_encoder.ptm.test_coverage,0.9916230366492147
frame_02_Al_encoder.ptm.balanced_accuracy,0.9276785977513556
frame_02_Al_encoder.ptm.ap.0,0.9737803196313979
frame_02_Al_encoder.ptm.ap.1,0.9947574702789715
frame_02_Al_encoder.ptm.ap.2,0.8489821194307968
frame_02_Al_encoder.ptm.ap.3,
frame_02_Al_encoder.ptm.ap.4,
frame_02_Al_encoder.liquid_order.train_count,893
frame_02_Al_encoder.liquid_order.test_count,1086
frame_02_Al_encoder.liquid_order.conditional_r2_gain,0.13684150576591492
frame_02_Al_encoder.liquid_order.mean_r2,0.17455585300922394
frame_02_Al_encoder.context_cutoff_008.counts.0.train,263
frame_02_Al_encoder.context_cutoff_008.counts.0.test,338
frame_02_Al_encoder.context_cutoff_008.counts.1.train,652
frame_02_Al_encoder.context_cutoff_008.counts.1.test,562
frame_02_Al_encoder.context_cutoff_008.counts.2.train,209
frame_02_Al_encoder.context_cutoff_008.counts.2.test,188
frame_02_Al_encoder.context_cutoff_008.counts.3.train,41
frame_02_Al_encoder.context_cutoff_008.counts.3.test,50
frame_02_Al_encoder.context_cutoff_008.counts.4.train,0
frame_02_Al_encoder.context_cutoff_008.counts.4.test,0
frame_02_Al_encoder.context_cutoff_008.counts.5.train,433
frame_02_Al_encoder.context_cutoff_008.counts.5.test,530
frame_02_Al_encoder.context_cutoff_008.counts.6.train,228
frame_02_Al_encoder.context_cutoff_008.counts.6.test,242
frame_02_Al_encoder.context_cutoff_008.test_coverage,1.0
frame_02_Al_encoder.context_cutoff_008.balanced_accuracy,0.7057353442983317
frame_02_Al_encoder.context_cutoff_008.ap.0,0.4733190552698355
frame_02_Al_encoder.context_cutoff_008.ap.1,0.9973616522703975
frame_02_Al_encoder.context_cutoff_008.ap.2,0.8274938476230458
frame_02_Al_encoder.context_cutoff_008.ap.3,0.9143342745482127
frame_02_Al_encoder.context_cutoff_008.ap.4,
frame_02_Al_encoder.context_cutoff_008.ap.5,0.7344775726344948
frame_02_Al_encoder.context_cutoff_008.ap.6,0.3860007018523019
frame_02_Al_encoder.context_cutoff_010.counts.0.train,263
frame_02_Al_encoder.context_cutoff_010.counts.0.test,337
frame_02_Al_encoder.context_cutoff_010.counts.1.train,652
frame_02_Al_encoder.context_cutoff_010.counts.1.test,563
frame_02_Al_encoder.context_cutoff_010.counts.2.train,240
frame_02_Al_encoder.context_cutoff_010.counts.2.test,211
frame_02_Al_encoder.context_cutoff_010.counts.3.train,41
frame_02_Al_encoder.context_cutoff_010.counts.3.test,50
frame_02_Al_encoder.context_cutoff_010.counts.4.train,0
frame_02_Al_encoder.context_cutoff_010.counts.4.test,0
frame_02_Al_encoder.context_cutoff_010.counts.5.train,429
frame_02_Al_encoder.context_cutoff_010.counts.5.test,525
frame_02_Al_encoder.context_cutoff_010.counts.6.train,201
frame_02_Al_encoder.context_cutoff_010.counts.6.test,224
frame_02_Al_encoder.context_cutoff_010.test_coverage,1.0
frame_02_Al_encoder.context_cutoff_010.balanced_accuracy,0.6914177661654556
frame_02_Al_encoder.context_cutoff_010.ap.0,0.4694972627586295
frame_02_Al_encoder.context_cutoff_010.ap.1,0.9970652523318879
frame_02_Al_encoder.context_cutoff_010.ap.2,0.812239168375859
frame_02_Al_encoder.context_cutoff_010.ap.3,0.9044700050661867
frame_02_Al_encoder.context_cutoff_010.ap.4,
frame_02_Al_encoder.context_cutoff_010.ap.5,0.7303343864358793
frame_02_Al_encoder.context_cutoff_010.ap.6,0.3544063593439377
frame_02_Al_encoder.context_cutoff_012.counts.0.train,261
frame_02_Al_encoder.context_cutoff_012.counts.0.test,334
frame_02_Al_encoder.context_cutoff_012.counts.1.train,661
frame_02_Al_encoder.context_cutoff_012.counts.1.test,571
frame_02_Al_encoder.context_cutoff_012.counts.2.train,276
frame_02_Al_encoder.context_cutoff_012.counts.2.test,264
frame_02_Al_encoder.context_cutoff_012.counts.3.train,41
frame_02_Al_encoder.context_cutoff_012.counts.3.test,50
frame_02_Al_encoder.context_cutoff_012.counts.4.train,0
frame_02_Al_encoder.context_cutoff_012.counts.4.test,0
frame_02_Al_encoder.context_cutoff_012.counts.5.train,421
frame_02_Al_encoder.context_cutoff_012.counts.5.test,514
frame_02_Al_encoder.context_cutoff_012.counts.6.train,166
frame_02_Al_encoder.context_cutoff_012.counts.6.test,177
frame_02_Al_encoder.context_cutoff_012.test_coverage,1.0
frame_02_Al_encoder.context_cutoff_012.balanced_accuracy,0.6555341089020196
frame_02_Al_encoder.context_cutoff_012.ap.0,0.47296921245830975
frame_02_Al_encoder.context_cutoff_012.ap.1,0.9965473027873133
frame_02_Al_encoder.context_cutoff_012.ap.2,0.7426874725130557
frame_02_Al_encoder.context_cutoff_012.ap.3,0.8916224225532994
frame_02_Al_encoder.context_cutoff_012.ap.4,
frame_02_Al_encoder.context_cutoff_012.ap.5,0.720547799629847
frame_02_Al_encoder.context_cutoff_012.ap.6,0.24482662857011026
frame_02_Al_encoder.planar_fault.counts.0.train,1774
frame_02_Al_encoder.planar_fault.counts.0.test,1851
frame_02_Al_encoder.planar_fault.counts.1.train,11
frame_02_Al_encoder.planar_fault.counts.1.test,9
frame_02_Al_encoder.planar_fault.counts.2.train,7
frame_02_Al_encoder.planar_fault.counts.2.test,3
frame_02_Al_encoder.planar_fault.counts.3.train,34
frame_02_Al_encoder.planar_fault.counts.3.test,47
frame_02_Al_encoder.planar_fault.counts.4.train,0
frame_02_Al_encoder.planar_fault.counts.4.test,0
frame_02_Al_encoder.planar_fault.test_coverage,0.993717277486911
frame_02_Al_encoder.planar_fault.balanced_accuracy,0.9132728714783268
frame_02_Al_encoder.planar_fault.ap.0,0.9971648776606092
frame_02_Al_encoder.planar_fault.ap.1,
frame_02_Al_encoder.planar_fault.ap.2,
frame_02_Al_encoder.planar_fault.ap.3,0.9199400017632453
frame_02_Al_encoder.planar_fault.ap.4,
frame_02_Al_encoder.spatial.auc,0.628876863820364
frame_02_Al_encoder.spatial.pairs,1740
frame_02_Al_encoder.spatial.changed_pairs,639
frame_02_Al_encoder.spatial.bins,5
frame_02_Al_encoder.spatial.same_label_normalized_distance,0.2194982364066445
frame_02_Al_encoder.nonbulk_spatial.auc,0.4922411972745523
frame_02_Al_encoder.nonbulk_spatial.pairs,1169
frame_02_Al_encoder.nonbulk_spatial.changed_pairs,574
frame_02_Al_encoder.nonbulk_spatial.bins,5
frame_02_Al_encoder.nonbulk_spatial.same_label_normalized_distance,0.44644166690605497
frame_02_Al_encoder.shuffled_spatial.auc,0.5102893988685722
frame_02_Al_encoder.shuffled_spatial.pairs,1169
frame_02_Al_encoder.shuffled_spatial.changed_pairs,574
frame_02_Al_encoder.shuffled_spatial.bins,5
frame_02_Al_encoder.shuffled_spatial.same_label_normalized_distance,0.8219251685766963
frame_02_Al_encoder.collapsed_spatial.auc,0.5
frame_02_Al_encoder.collapsed_spatial.pairs,1169
frame_02_Al_encoder.collapsed_spatial.changed_pairs,574
frame_02_Al_encoder.collapsed_spatial.bins,5
frame_02_Al_encoder.collapsed_spatial.same_label_normalized_distance,
frame_02_Al_encoder.liquid_topology.train_count,218
frame_02_Al_encoder.liquid_topology.test_count,269
frame_02_Al_encoder.liquid_topology.conditional_r2_gain,-0.5933598279953003
frame_02_Al_encoder.liquid_topology.mean_r2,-0.5916526913642883
frame_02_Al_encoder.nonbulk_cluster_ami,0.2850948190527195
frame_02_Al_encoder.continuity_fixed_candidates_center_fixed.0.0001.pair_rms,7.293976027725786
frame_02_Al_encoder.continuity_fixed_candidates_center_fixed.0.0001.normalized_median,0.000132606744427879
frame_02_Al_encoder.continuity_fixed_candidates_center_fixed.0.0001.normalized_p95,0.05025824045806726
frame_02_Al_encoder.continuity_fixed_candidates_center_fixed.0.01.pair_rms,7.293976027725786
frame_02_Al_encoder.continuity_fixed_candidates_center_fixed.0.01.normalized_median,0.102225856467988
frame_02_Al_encoder.continuity_fixed_candidates_center_fixed.0.01.normalized_p95,0.21043471021066443
frame_02_Al_encoder.continuity_fixed_candidates_center_fixed.0.1.pair_rms,7.293976027725786
frame_02_Al_encoder.continuity_fixed_candidates_center_fixed.0.1.normalized_median,0.20845509240734336
frame_02_Al_encoder.continuity_fixed_candidates_center_fixed.0.1.normalized_p95,0.3461403703368512
frame_02_Al_projector.collapse.effective_rank,3.0451177094719077
frame_02_Al_projector.collapse.variance,145.11629029900243
frame_02_Al_projector.collapse.pair_rms,17.036213798787713
frame_02_Al_projector.liquid_collapse.effective_rank,2.953088561009514
frame_02_Al_projector.liquid_collapse.variance,7.740684684760329
frame_02_Al_projector.liquid_collapse.pair_rms,3.9346371331446384
frame_02_Al_projector.reference_coverage.liquid_fraction,0.509033203125
frame_02_Al_projector.reference_coverage.cutoff_stable_fraction,0.951904296875
frame_02_Al_projector.context.counts.0.train,263
frame_02_Al_projector.context.counts.0.test,337
frame_02_Al_projector.context.counts.1.train,652
frame_02_Al_projector.context.counts.1.test,563
frame_02_Al_projector.context.counts.2.train,240
frame_02_Al_projector.context.counts.2.test,211
frame_02_Al_projector.context.counts.3.train,41
frame_02_Al_projector.context.counts.3.test,50
frame_02_Al_projector.context.counts.4.train,0
frame_02_Al_projector.context.counts.4.test,0
frame_02_Al_projector.context.counts.5.train,429
frame_02_Al_projector.context.counts.5.test,525
frame_02_Al_projector.context.counts.6.train,201
frame_02_Al_projector.context.counts.6.test,224
frame_02_Al_projector.context.test_coverage,1.0
frame_02_Al_projector.context.balanced_accuracy,0.6615726997039745
frame_02_Al_projector.context.ap.0,0.4147318557572632
frame_02_Al_projector.context.ap.1,0.9962104493623207
frame_02_Al_projector.context.ap.2,0.7892274247481703
frame_02_Al_projector.context.ap.3,0.8265585431172482
frame_02_Al_projector.context.ap.4,
frame_02_Al_projector.context.ap.5,0.6859779599174348
frame_02_Al_projector.context.ap.6,0.3673241688086329
frame_02_Al_projector.ptm.counts.0.train,1032
frame_02_Al_projector.ptm.counts.0.test,1196
frame_02_Al_projector.ptm.counts.1.train,734
frame_02_Al_projector.ptm.counts.1.test,639
frame_02_Al_projector.ptm.counts.2.train,52
frame_02_Al_projector.ptm.counts.2.test,59
frame_02_Al_projector.ptm.counts.3.train,0
frame_02_Al_projector.ptm.counts.3.test,0
frame_02_Al_projector.ptm.counts.4.train,8
frame_02_Al_projector.ptm.counts.4.test,16
frame_02_Al_projector.ptm.test_coverage,0.9916230366492147
frame_02_Al_projector.ptm.balanced_accuracy,0.9164607913401337
frame_02_Al_projector.ptm.ap.0,0.9753964359354225
frame_02_Al_projector.ptm.ap.1,0.9923527286914825
frame_02_Al_projector.ptm.ap.2,0.7940308077395672
frame_02_Al_projector.ptm.ap.3,
frame_02_Al_projector.ptm.ap.4,
frame_02_Al_projector.liquid_order.train_count,893
frame_02_Al_projector.liquid_order.test_count,1086
frame_02_Al_projector.liquid_order.conditional_r2_gain,0.11474435776472092
frame_02_Al_projector.liquid_order.mean_r2,0.15073691308498383
frame_02_Al_projector.context_cutoff_008.counts.0.train,263
frame_02_Al_projector.context_cutoff_008.counts.0.test,338
frame_02_Al_projector.context_cutoff_008.counts.1.train,652
frame_02_Al_projector.context_cutoff_008.counts.1.test,562
frame_02_Al_projector.context_cutoff_008.counts.2.train,209
frame_02_Al_projector.context_cutoff_008.counts.2.test,188
frame_02_Al_projector.context_cutoff_008.counts.3.train,41
frame_02_Al_projector.context_cutoff_008.counts.3.test,50
frame_02_Al_projector.context_cutoff_008.counts.4.train,0
frame_02_Al_projector.context_cutoff_008.counts.4.test,0
frame_02_Al_projector.context_cutoff_008.counts.5.train,433
frame_02_Al_projector.context_cutoff_008.counts.5.test,530
frame_02_Al_projector.context_cutoff_008.counts.6.train,228
frame_02_Al_projector.context_cutoff_008.counts.6.test,242
frame_02_Al_projector.context_cutoff_008.test_coverage,1.0
frame_02_Al_projector.context_cutoff_008.balanced_accuracy,0.6759423290075347
frame_02_Al_projector.context_cutoff_008.ap.0,0.4145196135602138
frame_02_Al_projector.context_cutoff_008.ap.1,0.9963548988233148
frame_02_Al_projector.context_cutoff_008.ap.2,0.8229885809946271
frame_02_Al_projector.context_cutoff_008.ap.3,0.820015783046195
frame_02_Al_projector.context_cutoff_008.ap.4,
frame_02_Al_projector.context_cutoff_008.ap.5,0.686698051809274
frame_02_Al_projector.context_cutoff_008.ap.6,0.4503176951383184
frame_02_Al_projector.context_cutoff_010.counts.0.train,263
frame_02_Al_projector.context_cutoff_010.counts.0.test,337
frame_02_Al_projector.context_cutoff_010.counts.1.train,652
frame_02_Al_projector.context_cutoff_010.counts.1.test,563
frame_02_Al_projector.context_cutoff_010.counts.2.train,240
frame_02_Al_projector.context_cutoff_010.counts.2.test,211
frame_02_Al_projector.context_cutoff_010.counts.3.train,41
frame_02_Al_projector.context_cutoff_010.counts.3.test,50
frame_02_Al_projector.context_cutoff_010.counts.4.train,0
frame_02_Al_projector.context_cutoff_010.counts.4.test,0
frame_02_Al_projector.context_cutoff_010.counts.5.train,429
frame_02_Al_projector.context_cutoff_010.counts.5.test,525
frame_02_Al_projector.context_cutoff_010.counts.6.train,201
frame_02_Al_projector.context_cutoff_010.counts.6.test,224
frame_02_Al_projector.context_cutoff_010.test_coverage,1.0
frame_02_Al_projector.context_cutoff_010.balanced_accuracy,0.6615726997039745
frame_02_Al_projector.context_cutoff_010.ap.0,0.4147318557572632
frame_02_Al_projector.context_cutoff_010.ap.1,0.9962104493623207
frame_02_Al_projector.context_cutoff_010.ap.2,0.7892274247481703
frame_02_Al_projector.context_cutoff_010.ap.3,0.8265585431172482
frame_02_Al_projector.context_cutoff_010.ap.4,
frame_02_Al_projector.context_cutoff_010.ap.5,0.6859779599174348
frame_02_Al_projector.context_cutoff_010.ap.6,0.3673241688086329
frame_02_Al_projector.context_cutoff_012.counts.0.train,261
frame_02_Al_projector.context_cutoff_012.counts.0.test,334
frame_02_Al_projector.context_cutoff_012.counts.1.train,661
frame_02_Al_projector.context_cutoff_012.counts.1.test,571
frame_02_Al_projector.context_cutoff_012.counts.2.train,276
frame_02_Al_projector.context_cutoff_012.counts.2.test,264
frame_02_Al_projector.context_cutoff_012.counts.3.train,41
frame_02_Al_projector.context_cutoff_012.counts.3.test,50
frame_02_Al_projector.context_cutoff_012.counts.4.train,0
frame_02_Al_projector.context_cutoff_012.counts.4.test,0
frame_02_Al_projector.context_cutoff_012.counts.5.train,421
frame_02_Al_projector.context_cutoff_012.counts.5.test,514
frame_02_Al_projector.context_cutoff_012.counts.6.train,166
frame_02_Al_projector.context_cutoff_012.counts.6.test,177
frame_02_Al_projector.context_cutoff_012.test_coverage,1.0
frame_02_Al_projector.context_cutoff_012.balanced_accuracy,0.6362081588110712
frame_02_Al_projector.context_cutoff_012.ap.0,0.4118236875859984
frame_02_Al_projector.context_cutoff_012.ap.1,0.9958037262531351
frame_02_Al_projector.context_cutoff_012.ap.2,0.7288875913265429
frame_02_Al_projector.context_cutoff_012.ap.3,0.8312916291682572
frame_02_Al_projector.context_cutoff_012.ap.4,
frame_02_Al_projector.context_cutoff_012.ap.5,0.6783892008421808
frame_02_Al_projector.context_cutoff_012.ap.6,0.2790441540084602
frame_02_Al_projector.planar_fault.counts.0.train,1774
frame_02_Al_projector.planar_fault.counts.0.test,1851
frame_02_Al_projector.planar_fault.counts.1.train,11
frame_02_Al_projector.planar_fault.counts.1.test,9
frame_02_Al_projector.planar_fault.counts.2.train,7
frame_02_Al_projector.planar_fault.counts.2.test,3
frame_02_Al_projector.planar_fault.counts.3.train,34
frame_02_Al_projector.planar_fault.counts.3.test,47
frame_02_Al_projector.planar_fault.counts.4.train,0
frame_02_Al_projector.planar_fault.counts.4.test,0
frame_02_Al_projector.planar_fault.test_coverage,0.993717277486911
frame_02_Al_projector.planar_fault.balanced_accuracy,0.9040886467349449
frame_02_Al_projector.planar_fault.ap.0,0.9956535909536495
frame_02_Al_projector.planar_fault.ap.1,
frame_02_Al_projector.planar_fault.ap.2,
frame_02_Al_projector.planar_fault.ap.3,0.7658891950397453
frame_02_Al_projector.planar_fault.ap.4,
frame_02_Al_projector.spatial.auc,0.6380616535409501
frame_02_Al_projector.spatial.pairs,1740
frame_02_Al_projector.spatial.changed_pairs,639
frame_02_Al_projector.spatial.bins,5
frame_02_Al_projector.spatial.same_label_normalized_distance,0.20036847070843464
frame_02_Al_projector.nonbulk_spatial.auc,0.5000495412003062
frame_02_Al_projector.nonbulk_spatial.pairs,1169
frame_02_Al_projector.nonbulk_spatial.changed_pairs,574
frame_02_Al_projector.nonbulk_spatial.bins,5
frame_02_Al_projector.nonbulk_spatial.same_label_normalized_distance,0.26158516363734646
frame_02_Al_projector.shuffled_spatial.auc,0.5085969413636287
frame_02_Al_projector.shuffled_spatial.pairs,1169
frame_02_Al_projector.shuffled_spatial.changed_pairs,574
frame_02_Al_projector.shuffled_spatial.bins,5
frame_02_Al_projector.shuffled_spatial.same_label_normalized_distance,0.7921033510103443
frame_02_Al_projector.collapsed_spatial.auc,0.5
frame_02_Al_projector.collapsed_spatial.pairs,1169
frame_02_Al_projector.collapsed_spatial.changed_pairs,574
frame_02_Al_projector.collapsed_spatial.bins,5
frame_02_Al_projector.collapsed_spatial.same_label_normalized_distance,
frame_02_Al_projector.liquid_topology.train_count,218
frame_02_Al_projector.liquid_topology.test_count,269
frame_02_Al_projector.liquid_topology.conditional_r2_gain,-0.06229742616415024
frame_02_Al_projector.liquid_topology.mean_r2,-0.06001555174589157
frame_02_Al_projector.nonbulk_cluster_ami,0.36549856471098446
frame_02_Al_projector.continuity_fixed_candidates_center_fixed.0.0001.pair_rms,16.323716023744794
frame_02_Al_projector.continuity_fixed_candidates_center_fixed.0.0001.normalized_median,0.00012113296277365131
frame_02_Al_projector.continuity_fixed_candidates_center_fixed.0.0001.normalized_p95,0.020710857023686823
frame_02_Al_projector.continuity_fixed_candidates_center_fixed.0.01.pair_rms,16.323716023744794
frame_02_Al_projector.continuity_fixed_candidates_center_fixed.0.01.normalized_median,0.048414280434648335
frame_02_Al_projector.continuity_fixed_candidates_center_fixed.0.01.normalized_p95,0.1777831691128859
frame_02_Al_projector.continuity_fixed_candidates_center_fixed.0.1.pair_rms,16.323716023744794
frame_02_Al_projector.continuity_fixed_candidates_center_fixed.0.1.normalized_median,0.11585513701620012
frame_02_Al_projector.continuity_fixed_candidates_center_fixed.0.1.normalized_p95,0.3793016244724746
frame_03_Ta_encoder.collapse.effective_rank,7.053622861888326
frame_03_Ta_encoder.collapse.variance,1.5156158828911213
frame_03_Ta_encoder.collapse.pair_rms,1.741043298077978
frame_03_Ta_encoder.liquid_collapse.effective_rank,6.987745593758272
frame_03_Ta_encoder.liquid_collapse.variance,1.5051164396393228
frame_03_Ta_encoder.liquid_collapse.pair_rms,1.7350022706840027
frame_03_Ta_encoder.reference_coverage.liquid_fraction,0.9990234375
frame_03_Ta_encoder.reference_coverage.cutoff_stable_fraction,0.996826171875
frame_03_Ta_encoder.context.counts.0.train,798
frame_03_Ta_encoder.context.counts.0.test,743
frame_03_Ta_encoder.context.counts.1.train,0
frame_03_Ta_encoder.context.counts.1.test,0
frame_03_Ta_encoder.context.counts.2.train,3
frame_03_Ta_encoder.context.counts.2.test,0
frame_03_Ta_encoder.context.counts.3.train,0
frame_03_Ta_encoder.context.counts.3.test,0
frame_03_Ta_encoder.context.counts.4.train,0
frame_03_Ta_encoder.context.counts.4.test,0
frame_03_Ta_encoder.context.counts.5.train,800
frame_03_Ta_encoder.context.counts.5.test,785
frame_03_Ta_encoder.context.counts.6.train,424
frame_03_Ta_encoder.context.counts.6.test,370
frame_03_Ta_encoder.context.test_coverage,1.0
frame_03_Ta_encoder.context.balanced_accuracy,0.5857426337019311
frame_03_Ta_encoder.context.ap.0,0.7223792256458182
frame_03_Ta_encoder.context.ap.1,
frame_03_Ta_encoder.context.ap.2,
frame_03_Ta_encoder.context.ap.3,
frame_03_Ta_encoder.context.ap.4,
frame_03_Ta_encoder.context.ap.5,0.7771426675273146
frame_03_Ta_encoder.context.ap.6,0.3777811042403659
frame_03_Ta_encoder.ptm.counts.0.train,1905
frame_03_Ta_encoder.ptm.counts.0.test,1792
frame_03_Ta_encoder.ptm.counts.1.train,0
frame_03_Ta_encoder.ptm.counts.1.test,0
frame_03_Ta_encoder.ptm.counts.2.train,0
frame_03_Ta_encoder.ptm.counts.2.test,0
frame_03_Ta_encoder.ptm.counts.3.train,3
frame_03_Ta_encoder.ptm.counts.3.test,0
frame_03_Ta_encoder.ptm.counts.4.train,117
frame_03_Ta_encoder.ptm.counts.4.test,106
frame_03_Ta_encoder.ptm.test_coverage,1.0
frame_03_Ta_encoder.ptm.balanced_accuracy,0.8530049696765498
frame_03_Ta_encoder.ptm.ap.0,0.9958183278862087
frame_03_Ta_encoder.ptm.ap.1,
frame_03_Ta_encoder.ptm.ap.2,
frame_03_Ta_encoder.ptm.ap.3,
frame_03_Ta_encoder.ptm.ap.4,0.5299226584831016
frame_03_Ta_encoder.liquid_order.train_count,2022
frame_03_Ta_encoder.liquid_order.test_count,1898
frame_03_Ta_encoder.liquid_order.conditional_r2_gain,0.16133077442646027
frame_03_Ta_encoder.liquid_order.mean_r2,0.27778372168540955
frame_03_Ta_encoder.context_cutoff_008.counts.0.train,798
frame_03_Ta_encoder.context_cutoff_008.counts.0.test,743
frame_03_Ta_encoder.context_cutoff_008.counts.1.train,0
frame_03_Ta_encoder.context_cutoff_008.counts.1.test,0
frame_03_Ta_encoder.context_cutoff_008.counts.2.train,2
frame_03_Ta_encoder.context_cutoff_008.counts.2.test,0
frame_03_Ta_encoder.context_cutoff_008.counts.3.train,0
frame_03_Ta_encoder.context_cutoff_008.counts.3.test,0
frame_03_Ta_encoder.context_cutoff_008.counts.4.train,0
frame_03_Ta_encoder.context_cutoff_008.counts.4.test,0
frame_03_Ta_encoder.context_cutoff_008.counts.5.train,800
frame_03_Ta_encoder.context_cutoff_008.counts.5.test,785
frame_03_Ta_encoder.context_cutoff_008.counts.6.train,425
frame_03_Ta_encoder.context_cutoff_008.counts.6.test,370
frame_03_Ta_encoder.context_cutoff_008.test_coverage,1.0
frame_03_Ta_encoder.context_cutoff_008.balanced_accuracy,0.585766636925221
frame_03_Ta_encoder.context_cutoff_008.ap.0,0.7223506385073499
frame_03_Ta_encoder.context_cutoff_008.ap.1,
frame_03_Ta_encoder.context_cutoff_008.ap.2,
frame_03_Ta_encoder.context_cutoff_008.ap.3,
frame_03_Ta_encoder.context_cutoff_008.ap.4,
frame_03_Ta_encoder.context_cutoff_008.ap.5,0.7770716868135914
frame_03_Ta_encoder.context_cutoff_008.ap.6,0.3777936357953095
frame_03_Ta_encoder.context_cutoff_010.counts.0.train,798
frame_03_Ta_encoder.context_cutoff_010.counts.0.test,743
frame_03_Ta_encoder.context_cutoff_010.counts.1.train,0
frame_03_Ta_encoder.context_cutoff_010.counts.1.test,0
frame_03_Ta_encoder.context_cutoff_010.counts.2.train,3
frame_03_Ta_encoder.context_cutoff_010.counts.2.test,0
frame_03_Ta_encoder.context_cutoff_010.counts.3.train,0
frame_03_Ta_encoder.context_cutoff_010.counts.3.test,0
frame_03_Ta_encoder.context_cutoff_010.counts.4.train,0
frame_03_Ta_encoder.context_cutoff_010.counts.4.test,0
frame_03_Ta_encoder.context_cutoff_010.counts.5.train,800
frame_03_Ta_encoder.context_cutoff_010.counts.5.test,785
frame_03_Ta_encoder.context_cutoff_010.counts.6.train,424
frame_03_Ta_encoder.context_cutoff_010.counts.6.test,370
frame_03_Ta_encoder.context_cutoff_010.test_coverage,1.0
frame_03_Ta_encoder.context_cutoff_010.balanced_accuracy,0.5857426337019311
frame_03_Ta_encoder.context_cutoff_010.ap.0,0.7223792256458182
frame_03_Ta_encoder.context_cutoff_010.ap.1,
frame_03_Ta_encoder.context_cutoff_010.ap.2,
frame_03_Ta_encoder.context_cutoff_010.ap.3,
frame_03_Ta_encoder.context_cutoff_010.ap.4,
frame_03_Ta_encoder.context_cutoff_010.ap.5,0.7771426675273146
frame_03_Ta_encoder.context_cutoff_010.ap.6,0.3777811042403659
frame_03_Ta_encoder.context_cutoff_012.counts.0.train,798
frame_03_Ta_encoder.context_cutoff_012.counts.0.test,743
frame_03_Ta_encoder.context_cutoff_012.counts.1.train,0
frame_03_Ta_encoder.context_cutoff_012.counts.1.test,0
frame_03_Ta_encoder.context_cutoff_012.counts.2.train,6
frame_03_Ta_encoder.context_cutoff_012.counts.2.test,7
frame_03_Ta_encoder.context_cutoff_012.counts.3.train,0
frame_03_Ta_encoder.context_cutoff_012.counts.3.test,0
frame_03_Ta_encoder.context_cutoff_012.counts.4.train,0
frame_03_Ta_encoder.context_cutoff_012.counts.4.test,0
frame_03_Ta_encoder.context_cutoff_012.counts.5.train,800
frame_03_Ta_encoder.context_cutoff_012.counts.5.test,784
frame_03_Ta_encoder.context_cutoff_012.counts.6.train,421
frame_03_Ta_encoder.context_cutoff_012.counts.6.test,364
frame_03_Ta_encoder.context_cutoff_012.test_coverage,0.9963119072708114
frame_03_Ta_encoder.context_cutoff_012.balanced_accuracy,0.5837808205381748
frame_03_Ta_encoder.context_cutoff_012.ap.0,0.7218209017444658
frame_03_Ta_encoder.context_cutoff_012.ap.1,
frame_03_Ta_encoder.context_cutoff_012.ap.2,
frame_03_Ta_encoder.context_cutoff_012.ap.3,
frame_03_Ta_encoder.context_cutoff_012.ap.4,
frame_03_Ta_encoder.context_cutoff_012.ap.5,0.7776906690284976
frame_03_Ta_encoder.context_cutoff_012.ap.6,0.3608531624214573
frame_03_Ta_encoder.spatial.auc,0.5071956794320746
frame_03_Ta_encoder.spatial.pairs,1884
frame_03_Ta_encoder.spatial.changed_pairs,1030
frame_03_Ta_encoder.spatial.bins,5
frame_03_Ta_encoder.spatial.same_label_normalized_distance,0.9011982784813088
frame_03_Ta_encoder.nonbulk_spatial.auc,0.5071956794320746
frame_03_Ta_encoder.nonbulk_spatial.pairs,1884
frame_03_Ta_encoder.nonbulk_spatial.changed_pairs,1030
frame_03_Ta_encoder.nonbulk_spatial.bins,5
frame_03_Ta_encoder.nonbulk_spatial.same_label_normalized_distance,0.9011982784813088
frame_03_Ta_encoder.shuffled_spatial.auc,0.503936813711092
frame_03_Ta_encoder.shuffled_spatial.pairs,1884
frame_03_Ta_encoder.shuffled_spatial.changed_pairs,1030
frame_03_Ta_encoder.shuffled_spatial.bins,5
frame_03_Ta_encoder.shuffled_spatial.same_label_normalized_distance,0.9642311692176174
frame_03_Ta_encoder.collapsed_spatial.auc,0.5
frame_03_Ta_encoder.collapsed_spatial.pairs,1884
frame_03_Ta_encoder.collapsed_spatial.changed_pairs,1030
frame_03_Ta_encoder.collapsed_spatial.bins,5
frame_03_Ta_encoder.collapsed_spatial.same_label_normalized_distance,
frame_03_Ta_encoder.liquid_topology.train_count,521
frame_03_Ta_encoder.liquid_topology.test_count,465
frame_03_Ta_encoder.liquid_topology.conditional_r2_gain,-0.6867138147354126
frame_03_Ta_encoder.liquid_topology.mean_r2,-0.6884976029396057
frame_03_Ta_encoder.nonbulk_cluster_ami,0.025460775280777635
frame_03_Ta_encoder.continuity_fixed_candidates_center_fixed.0.0001.pair_rms,1.7267327384930768
frame_03_Ta_encoder.continuity_fixed_candidates_center_fixed.0.0001.normalized_median,0.0004296972429050589
frame_03_Ta_encoder.continuity_fixed_candidates_center_fixed.0.0001.normalized_p95,0.044007867550693504
frame_03_Ta_encoder.continuity_fixed_candidates_center_fixed.0.01.pair_rms,1.7267327384930768
frame_03_Ta_encoder.continuity_fixed_candidates_center_fixed.0.01.normalized_median,0.253218181367407
frame_03_Ta_encoder.continuity_fixed_candidates_center_fixed.0.01.normalized_p95,0.6141230548139273
frame_03_Ta_encoder.continuity_fixed_candidates_center_fixed.0.1.pair_rms,1.7267327384930768
frame_03_Ta_encoder.continuity_fixed_candidates_center_fixed.0.1.normalized_median,0.705468124899079
frame_03_Ta_encoder.continuity_fixed_candidates_center_fixed.0.1.normalized_p95,1.1239895451065818
frame_03_Ta_projector.collapse.effective_rank,3.17452719046022
frame_03_Ta_projector.collapse.variance,4.07686196628838
frame_03_Ta_projector.collapse.pair_rms,2.8554726285812584
frame_03_Ta_projector.liquid_collapse.effective_rank,3.1038699841043056
frame_03_Ta_projector.liquid_collapse.variance,4.017247985478755
frame_03_Ta_projector.liquid_collapse.pair_rms,2.8345186488992287
frame_03_Ta_projector.reference_coverage.liquid_fraction,0.9990234375
frame_03_Ta_projector.reference_coverage.cutoff_stable_fraction,0.996826171875
frame_03_Ta_projector.context.counts.0.train,798
frame_03_Ta_projector.context.counts.0.test,743
frame_03_Ta_projector.context.counts.1.train,0
frame_03_Ta_projector.context.counts.1.test,0
frame_03_Ta_projector.context.counts.2.train,3
frame_03_Ta_projector.context.counts.2.test,0
frame_03_Ta_projector.context.counts.3.train,0
frame_03_Ta_projector.context.counts.3.test,0
frame_03_Ta_projector.context.counts.4.train,0
frame_03_Ta_projector.context.counts.4.test,0
frame_03_Ta_projector.context.counts.5.train,800
frame_03_Ta_projector.context.counts.5.test,785
frame_03_Ta_projector.context.counts.6.train,424
frame_03_Ta_projector.context.counts.6.test,370
frame_03_Ta_projector.context.test_coverage,1.0
frame_03_Ta_projector.context.balanced_accuracy,0.5413105512778897
frame_03_Ta_projector.context.ap.0,0.5746090873107387
frame_03_Ta_projector.context.ap.1,
frame_03_Ta_projector.context.ap.2,
frame_03_Ta_projector.context.ap.3,
frame_03_Ta_projector.context.ap.4,
frame_03_Ta_projector.context.ap.5,0.6885477575713584
frame_03_Ta_projector.context.ap.6,0.36517283790245514
frame_03_Ta_projector.ptm.counts.0.train,1905
frame_03_Ta_projector.ptm.counts.0.test,1792
frame_03_Ta_projector.ptm.counts.1.train,0
frame_03_Ta_projector.ptm.counts.1.test,0
frame_03_Ta_projector.ptm.counts.2.train,0
frame_03_Ta_projector.ptm.counts.2.test,0
frame_03_Ta_projector.ptm.counts.3.train,3
frame_03_Ta_projector.ptm.counts.3.test,0
frame_03_Ta_projector.ptm.counts.4.train,117
frame_03_Ta_projector.ptm.counts.4.test,106
frame_03_Ta_projector.ptm.test_coverage,1.0
frame_03_Ta_projector.ptm.balanced_accuracy,0.7569280660377358
frame_03_Ta_projector.ptm.ap.0,0.9858556882146937
frame_03_Ta_projector.ptm.ap.1,
frame_03_Ta_projector.ptm.ap.2,
frame_03_Ta_projector.ptm.ap.3,
frame_03_Ta_projector.ptm.ap.4,0.377013178441022
frame_03_Ta_projector.liquid_order.train_count,2022
frame_03_Ta_projector.liquid_order.test_count,1898
frame_03_Ta_projector.liquid_order.conditional_r2_gain,0.1021755039691925
frame_03_Ta_projector.liquid_order.mean_r2,0.15531393885612488
frame_03_Ta_projector.context_cutoff_008.counts.0.train,798
frame_03_Ta_projector.context_cutoff_008.counts.0.test,743
frame_03_Ta_projector.context_cutoff_008.counts.1.train,0
frame_03_Ta_projector.context_cutoff_008.counts.1.test,0
frame_03_Ta_projector.context_cutoff_008.counts.2.train,2
frame_03_Ta_projector.context_cutoff_008.counts.2.test,0
frame_03_Ta_projector.context_cutoff_008.counts.3.train,0
frame_03_Ta_projector.context_cutoff_008.counts.3.test,0
frame_03_Ta_projector.context_cutoff_008.counts.4.train,0
frame_03_Ta_projector.context_cutoff_008.counts.4.test,0
frame_03_Ta_projector.context_cutoff_008.counts.5.train,800
frame_03_Ta_projector.context_cutoff_008.counts.5.test,785
frame_03_Ta_projector.context_cutoff_008.counts.6.train,425
frame_03_Ta_projector.context_cutoff_008.counts.6.test,370
frame_03_Ta_projector.context_cutoff_008.test_coverage,1.0
frame_03_Ta_projector.context_cutoff_008.balanced_accuracy,0.540834278827095
frame_03_Ta_projector.context_cutoff_008.ap.0,0.5748241483955048
frame_03_Ta_projector.context_cutoff_008.ap.1,
frame_03_Ta_projector.context_cutoff_008.ap.2,
frame_03_Ta_projector.context_cutoff_008.ap.3,
frame_03_Ta_projector.context_cutoff_008.ap.4,
frame_03_Ta_projector.context_cutoff_008.ap.5,0.6884593631475207
frame_03_Ta_projector.context_cutoff_008.ap.6,0.36519544497025574
frame_03_Ta_projector.context_cutoff_010.counts.0.train,798
frame_03_Ta_projector.context_cutoff_010.counts.0.test,743
frame_03_Ta_projector.context_cutoff_010.counts.1.train,0
frame_03_Ta_projector.context_cutoff_010.counts.1.test,0
frame_03_Ta_projector.context_cutoff_010.counts.2.train,3
frame_03_Ta_projector.context_cutoff_010.counts.2.test,0
frame_03_Ta_projector.context_cutoff_010.counts.3.train,0
frame_03_Ta_projector.context_cutoff_010.counts.3.test,0
frame_03_Ta_projector.context_cutoff_010.counts.4.train,0
frame_03_Ta_projector.context_cutoff_010.counts.4.test,0
frame_03_Ta_projector.context_cutoff_010.counts.5.train,800
frame_03_Ta_projector.context_cutoff_010.counts.5.test,785
frame_03_Ta_projector.context_cutoff_010.counts.6.train,424
frame_03_Ta_projector.context_cutoff_010.counts.6.test,370
frame_03_Ta_projector.context_cutoff_010.test_coverage,1.0
frame_03_Ta_projector.context_cutoff_010.balanced_accuracy,0.5413105512778897
frame_03_Ta_projector.context_cutoff_010.ap.0,0.5746090873107387
frame_03_Ta_projector.context_cutoff_010.ap.1,
frame_03_Ta_projector.context_cutoff_010.ap.2,
frame_03_Ta_projector.context_cutoff_010.ap.3,
frame_03_Ta_projector.context_cutoff_010.ap.4,
frame_03_Ta_projector.context_cutoff_010.ap.5,0.6885477575713584
frame_03_Ta_projector.context_cutoff_010.ap.6,0.36517283790245514
frame_03_Ta_projector.context_cutoff_012.counts.0.train,798
frame_03_Ta_projector.context_cutoff_012.counts.0.test,743
frame_03_Ta_projector.context_cutoff_012.counts.1.train,0
frame_03_Ta_projector.context_cutoff_012.counts.1.test,0
frame_03_Ta_projector.context_cutoff_012.counts.2.train,6
frame_03_Ta_projector.context_cutoff_012.counts.2.test,7
frame_03_Ta_projector.context_cutoff_012.counts.3.train,0
frame_03_Ta_projector.context_cutoff_012.counts.3.test,0
frame_03_Ta_projector.context_cutoff_012.counts.4.train,0
frame_03_Ta_projector.context_cutoff_012.counts.4.test,0
frame_03_Ta_projector.context_cutoff_012.counts.5.train,800
frame_03_Ta_projector.context_cutoff_012.counts.5.test,784
frame_03_Ta_projector.context_cutoff_012.counts.6.train,421
frame_03_Ta_projector.context_cutoff_012.counts.6.test,364
frame_03_Ta_projector.context_cutoff_012.test_coverage,0.9963119072708114
frame_03_Ta_projector.context_cutoff_012.balanced_accuracy,0.5401533270933386
frame_03_Ta_projector.context_cutoff_012.ap.0,0.574692211503993
frame_03_Ta_projector.context_cutoff_012.ap.1,
frame_03_Ta_projector.context_cutoff_012.ap.2,
frame_03_Ta_projector.context_cutoff_012.ap.3,
frame_03_Ta_projector.context_cutoff_012.ap.4,
frame_03_Ta_projector.context_cutoff_012.ap.5,0.6887531573700962
frame_03_Ta_projector.context_cutoff_012.ap.6,0.3471904821892937
frame_03_Ta_projector.spatial.auc,0.523536990724034
frame_03_Ta_projector.spatial.pairs,1884
frame_03_Ta_projector.spatial.changed_pairs,1030
frame_03_Ta_projector.spatial.bins,5
frame_03_Ta_projector.spatial.same_label_normalized_distance,0.7988245245780813
frame_03_Ta_projector.nonbulk_spatial.auc,0.523536990724034
frame_03_Ta_projector.nonbulk_spatial.pairs,1884
frame_03_Ta_projector.nonbulk_spatial.changed_pairs,1030
frame_03_Ta_projector.nonbulk_spatial.bins,5
frame_03_Ta_projector.nonbulk_spatial.same_label_normalized_distance,0.7988245245780813
frame_03_Ta_projector.shuffled_spatial.auc,0.4914533685026802
frame_03_Ta_projector.shuffled_spatial.pairs,1884
frame_03_Ta_projector.shuffled_spatial.changed_pairs,1030
frame_03_Ta_projector.shuffled_spatial.bins,5
frame_03_Ta_projector.shuffled_spatial.same_label_normalized_distance,0.8810051673055332
frame_03_Ta_projector.collapsed_spatial.auc,0.5
frame_03_Ta_projector.collapsed_spatial.pairs,1884
frame_03_Ta_projector.collapsed_spatial.changed_pairs,1030
frame_03_Ta_projector.collapsed_spatial.bins,5
frame_03_Ta_projector.collapsed_spatial.same_label_normalized_distance,
frame_03_Ta_projector.liquid_topology.train_count,521
frame_03_Ta_projector.liquid_topology.test_count,465
frame_03_Ta_projector.liquid_topology.conditional_r2_gain,-0.10736636072397232
frame_03_Ta_projector.liquid_topology.mean_r2,-0.11013404279947281
frame_03_Ta_projector.nonbulk_cluster_ami,0.0265271668357972
frame_03_Ta_projector.continuity_fixed_candidates_center_fixed.0.0001.pair_rms,3.0338725061035663
frame_03_Ta_projector.continuity_fixed_candidates_center_fixed.0.0001.normalized_median,0.00039738723895739594
frame_03_Ta_projector.continuity_fixed_candidates_center_fixed.0.0001.normalized_p95,0.01852049171601331
frame_03_Ta_projector.continuity_fixed_candidates_center_fixed.0.01.pair_rms,3.0338725061035663
frame_03_Ta_projector.continuity_fixed_candidates_center_fixed.0.01.normalized_median,0.20209000524427956
frame_03_Ta_projector.continuity_fixed_candidates_center_fixed.0.01.normalized_p95,0.651131046087762
frame_03_Ta_projector.continuity_fixed_candidates_center_fixed.0.1.pair_rms,3.0338725061035663
frame_03_Ta_projector.continuity_fixed_candidates_center_fixed.0.1.normalized_median,0.5587398169058668
frame_03_Ta_projector.continuity_fixed_candidates_center_fixed.0.1.normalized_p95,1.334516063048398
frame_04_Ta_encoder.collapse.effective_rank,2.2341235104736072
frame_04_Ta_encoder.collapse.variance,4.632920193754028
frame_04_Ta_encoder.collapse.pair_rms,3.0439842948852505
frame_04_Ta_encoder.liquid_collapse.effective_rank,6.630938131676057
frame_04_Ta_encoder.liquid_collapse.variance,1.5445415614476188
frame_04_Ta_encoder.liquid_collapse.pair_rms,1.7575787671951542
frame_04_Ta_encoder.reference_coverage.liquid_fraction,0.927001953125
frame_04_Ta_encoder.reference_coverage.cutoff_stable_fraction,0.99365234375
frame_04_Ta_encoder.context.counts.0.train,667
frame_04_Ta_encoder.context.counts.0.test,749
frame_04_Ta_encoder.context.counts.1.train,168
frame_04_Ta_encoder.context.counts.1.test,58
frame_04_Ta_encoder.context.counts.2.train,32
frame_04_Ta_encoder.context.counts.2.test,40
frame_04_Ta_encoder.context.counts.3.train,0
frame_04_Ta_encoder.context.counts.3.test,0
frame_04_Ta_encoder.context.counts.4.train,0
frame_04_Ta_encoder.context.counts.4.test,0
frame_04_Ta_encoder.context.counts.5.train,725
frame_04_Ta_encoder.context.counts.5.test,759
frame_04_Ta_encoder.context.counts.6.train,381
frame_04_Ta_encoder.context.counts.6.test,364
frame_04_Ta_encoder.context.test_coverage,1.0
frame_04_Ta_encoder.context.balanced_accuracy,0.6722081397470572
frame_04_Ta_encoder.context.ap.0,0.7136610832598738
frame_04_Ta_encoder.context.ap.1,0.9814176699228535
frame_04_Ta_encoder.context.ap.2,0.8521695590821616
frame_04_Ta_encoder.context.ap.3,
frame_04_Ta_encoder.context.ap.4,
frame_04_Ta_encoder.context.ap.5,0.7723398539360535
frame_04_Ta_encoder.context.ap.6,0.3962253583647346
frame_04_Ta_encoder.ptm.counts.0.train,1692
frame_04_Ta_encoder.ptm.counts.0.test,1809
frame_04_Ta_encoder.ptm.counts.1.train,0
frame_04_Ta_encoder.ptm.counts.1.test,0
frame_04_Ta_encoder.ptm.counts.2.train,0
frame_04_Ta_encoder.ptm.counts.2.test,0
frame_04_Ta_encoder.ptm.counts.3.train,188
frame_04_Ta_encoder.ptm.counts.3.test,73
frame_04_Ta_encoder.ptm.counts.4.train,93
frame_04_Ta_encoder.ptm.counts.4.test,88
frame_04_Ta_encoder.ptm.test_coverage,1.0
frame_04_Ta_encoder.ptm.balanced_accuracy,0.8878802277987856
frame_04_Ta_encoder.ptm.ap.0,0.9962166839450721
frame_04_Ta_encoder.ptm.ap.1,
frame_04_Ta_encoder.ptm.ap.2,
frame_04_Ta_encoder.ptm.ap.3,0.9964499545468795
frame_04_Ta_encoder.ptm.ap.4,0.5015642937667002
frame_04_Ta_encoder.liquid_order.train_count,1773
frame_04_Ta_encoder.liquid_order.test_count,1872
frame_04_Ta_encoder.liquid_order.conditional_r2_gain,0.1526360660791397
frame_04_Ta_encoder.liquid_order.mean_r2,0.25940969586372375
frame_04_Ta_encoder.context_cutoff_008.counts.0.train,667
frame_04_Ta_encoder.context_cutoff_008.counts.0.test,749
frame_04_Ta_encoder.context_cutoff_008.counts.1.train,167
frame_04_Ta_encoder.context_cutoff_008.counts.1.test,58
frame_04_Ta_encoder.context_cutoff_008.counts.2.train,31
frame_04_Ta_encoder.context_cutoff_008.counts.2.test,32
frame_04_Ta_encoder.context_cutoff_008.counts.3.train,0
frame_04_Ta_encoder.context_cutoff_008.counts.3.test,0
frame_04_Ta_encoder.context_cutoff_008.counts.4.train,0
frame_04_Ta_encoder.context_cutoff_008.counts.4.test,0
frame_04_Ta_encoder.context_cutoff_008.counts.5.train,726
frame_04_Ta_encoder.context_cutoff_008.counts.5.test,760
frame_04_Ta_encoder.context_cutoff_008.counts.6.train,382
frame_04_Ta_encoder.context_cutoff_008.counts.6.test,371
frame_04_Ta_encoder.context_cutoff_008.test_coverage,1.0
frame_04_Ta_encoder.context_cutoff_008.balanced_accuracy,0.6882878267943191
frame_04_Ta_encoder.context_cutoff_008.ap.0,0.7132623546880845
frame_04_Ta_encoder.context_cutoff_008.ap.1,0.9778998618379683
frame_04_Ta_encoder.context_cutoff_008.ap.2,0.8244411818816815
frame_04_Ta_encoder.context_cutoff_008.ap.3,
frame_04_Ta_encoder.context_cutoff_008.ap.4,
frame_04_Ta_encoder.context_cutoff_008.ap.5,0.7714670374883595
frame_04_Ta_encoder.context_cutoff_008.ap.6,0.4091941655645873
frame_04_Ta_encoder.context_cutoff_010.counts.0.train,667
frame_04_Ta_encoder.context_cutoff_010.counts.0.test,749
frame_04_Ta_encoder.context_cutoff_010.counts.1.train,168
frame_04_Ta_encoder.context_cutoff_010.counts.1.test,58
frame_04_Ta_encoder.context_cutoff_010.counts.2.train,32
frame_04_Ta_encoder.context_cutoff_010.counts.2.test,40
frame_04_Ta_encoder.context_cutoff_010.counts.3.train,0
frame_04_Ta_encoder.context_cutoff_010.counts.3.test,0
frame_04_Ta_encoder.context_cutoff_010.counts.4.train,0
frame_04_Ta_encoder.context_cutoff_010.counts.4.test,0
frame_04_Ta_encoder.context_cutoff_010.counts.5.train,725
frame_04_Ta_encoder.context_cutoff_010.counts.5.test,759
frame_04_Ta_encoder.context_cutoff_010.counts.6.train,381
frame_04_Ta_encoder.context_cutoff_010.counts.6.test,364
frame_04_Ta_encoder.context_cutoff_010.test_coverage,1.0
frame_04_Ta_encoder.context_cutoff_010.balanced_accuracy,0.6722081397470572
frame_04_Ta_encoder.context_cutoff_010.ap.0,0.7136610832598738
frame_04_Ta_encoder.context_cutoff_010.ap.1,0.9814176699228535
frame_04_Ta_encoder.context_cutoff_010.ap.2,0.8521695590821616
frame_04_Ta_encoder.context_cutoff_010.ap.3,
frame_04_Ta_encoder.context_cutoff_010.ap.4,
frame_04_Ta_encoder.context_cutoff_010.ap.5,0.7723398539360535
frame_04_Ta_encoder.context_cutoff_010.ap.6,0.3962253583647346
frame_04_Ta_encoder.context_cutoff_012.counts.0.train,667
frame_04_Ta_encoder.context_cutoff_012.counts.0.test,749
frame_04_Ta_encoder.context_cutoff_012.counts.1.train,171
frame_04_Ta_encoder.context_cutoff_012.counts.1.test,59
frame_04_Ta_encoder.context_cutoff_012.counts.2.train,34
frame_04_Ta_encoder.context_cutoff_012.counts.2.test,44
frame_04_Ta_encoder.context_cutoff_012.counts.3.train,0
frame_04_Ta_encoder.context_cutoff_012.counts.3.test,0
frame_04_Ta_encoder.context_cutoff_012.counts.4.train,0
frame_04_Ta_encoder.context_cutoff_012.counts.4.test,0
frame_04_Ta_encoder.context_cutoff_012.counts.5.train,725
frame_04_Ta_encoder.context_cutoff_012.counts.5.test,759
frame_04_Ta_encoder.context_cutoff_012.counts.6.train,376
frame_04_Ta_encoder.context_cutoff_012.counts.6.test,359
frame_04_Ta_encoder.context_cutoff_012.test_coverage,1.0
frame_04_Ta_encoder.context_cutoff_012.balanced_accuracy,0.6658011957885249
frame_04_Ta_encoder.context_cutoff_012.ap.0,0.7123882045290462
frame_04_Ta_encoder.context_cutoff_012.ap.1,0.9549770560326504
frame_04_Ta_encoder.context_cutoff_012.ap.2,0.682690884366291
frame_04_Ta_encoder.context_cutoff_012.ap.3,
frame_04_Ta_encoder.context_cutoff_012.ap.4,
frame_04_Ta_encoder.context_cutoff_012.ap.5,0.7718643342310986
frame_04_Ta_encoder.context_cutoff_012.ap.6,0.3708948405552447
frame_04_Ta_encoder.spatial.auc,0.5144810851389467
frame_04_Ta_encoder.spatial.pairs,1936
frame_04_Ta_encoder.spatial.changed_pairs,1040
frame_04_Ta_encoder.spatial.bins,5
frame_04_Ta_encoder.spatial.same_label_normalized_distance,0.6053274324074597
frame_04_Ta_encoder.nonbulk_spatial.auc,0.5050550881244044
frame_04_Ta_encoder.nonbulk_spatial.pairs,1875
frame_04_Ta_encoder.nonbulk_spatial.changed_pairs,1031
frame_04_Ta_encoder.nonbulk_spatial.bins,5
frame_04_Ta_encoder.nonbulk_spatial.same_label_normalized_distance,0.8293031310328065
frame_04_Ta_encoder.shuffled_spatial.auc,0.4847254533690261
frame_04_Ta_encoder.shuffled_spatial.pairs,1875
frame_04_Ta_encoder.shuffled_spatial.changed_pairs,1031
frame_04_Ta_encoder.shuffled_spatial.bins,5
frame_04_Ta_encoder.shuffled_spatial.same_label_normalized_distance,0.8005066249704192
frame_04_Ta_encoder.collapsed_spatial.auc,0.5
frame_04_Ta_encoder.collapsed_spatial.pairs,1875
frame_04_Ta_encoder.collapsed_spatial.changed_pairs,1031
frame_04_Ta_encoder.collapsed_spatial.bins,5
frame_04_Ta_encoder.collapsed_spatial.same_label_normalized_distance,
frame_04_Ta_encoder.liquid_topology.train_count,431
frame_04_Ta_encoder.liquid_topology.test_count,475
frame_04_Ta_encoder.liquid_topology.conditional_r2_gain,-8.5162935256958
frame_04_Ta_encoder.liquid_topology.mean_r2,-8.69619369506836
frame_04_Ta_encoder.nonbulk_cluster_ami,0.08019286222330489
frame_04_Ta_encoder.continuity_fixed_candidates_center_fixed.0.0001.pair_rms,3.3185137732340855
frame_04_Ta_encoder.continuity_fixed_candidates_center_fixed.0.0001.normalized_median,0.0002251301959800819
frame_04_Ta_encoder.continuity_fixed_candidates_center_fixed.0.0001.normalized_p95,0.04345859037782711
frame_04_Ta_encoder.continuity_fixed_candidates_center_fixed.0.01.pair_rms,3.3185137732340855
frame_04_Ta_encoder.continuity_fixed_candidates_center_fixed.0.01.normalized_median,0.1459193779553505
frame_04_Ta_encoder.continuity_fixed_candidates_center_fixed.0.01.normalized_p95,0.37023580821854474
frame_04_Ta_encoder.continuity_fixed_candidates_center_fixed.0.1.pair_rms,3.3185137732340855
frame_04_Ta_encoder.continuity_fixed_candidates_center_fixed.0.1.normalized_median,0.40336218465911583
frame_04_Ta_encoder.continuity_fixed_candidates_center_fixed.0.1.normalized_p95,0.7574115687501491
frame_04_Ta_projector.collapse.effective_rank,3.743250038329159
frame_04_Ta_projector.collapse.variance,13.607858313059912
frame_04_Ta_projector.collapse.pair_rms,5.216868469313734
frame_04_Ta_projector.liquid_collapse.effective_rank,3.112630909515931
frame_04_Ta_projector.liquid_collapse.variance,4.2885452813674805
frame_04_Ta_projector.liquid_collapse.pair_rms,2.9286670283142398
frame_04_Ta_projector.reference_coverage.liquid_fraction,0.927001953125
frame_04_Ta_projector.reference_coverage.cutoff_stable_fraction,0.99365234375
frame_04_Ta_projector.context.counts.0.train,667
frame_04_Ta_projector.context.counts.0.test,749
frame_04_Ta_projector.context.counts.1.train,168
frame_04_Ta_projector.context.counts.1.test,58
frame_04_Ta_projector.context.counts.2.train,32
frame_04_Ta_projector.context.counts.2.test,40
frame_04_Ta_projector.context.counts.3.train,0
frame_04_Ta_projector.context.counts.3.test,0
frame_04_Ta_projector.context.counts.4.train,0
frame_04_Ta_projector.context.counts.4.test,0
frame_04_Ta_projector.context.counts.5.train,725
frame_04_Ta_projector.context.counts.5.test,759
frame_04_Ta_projector.context.counts.6.train,381
frame_04_Ta_projector.context.counts.6.test,364
frame_04_Ta_projector.context.test_coverage,1.0
frame_04_Ta_projector.context.balanced_accuracy,0.6258967578727559
frame_04_Ta_projector.context.ap.0,0.5343758779160196
frame_04_Ta_projector.context.ap.1,0.985271404638385
frame_04_Ta_projector.context.ap.2,0.8203103194041125
frame_04_Ta_projector.context.ap.3,
frame_04_Ta_projector.context.ap.4,
frame_04_Ta_projector.context.ap.5,0.6455246833818856
frame_04_Ta_projector.context.ap.6,0.3555088236826931
frame_04_Ta_projector.ptm.counts.0.train,1692
frame_04_Ta_projector.ptm.counts.0.test,1809
frame_04_Ta_projector.ptm.counts.1.train,0
frame_04_Ta_projector.ptm.counts.1.test,0
frame_04_Ta_projector.ptm.counts.2.train,0
frame_04_Ta_projector.ptm.counts.2.test,0
frame_04_Ta_projector.ptm.counts.3.train,188
frame_04_Ta_projector.ptm.counts.3.test,73
frame_04_Ta_projector.ptm.counts.4.train,93
frame_04_Ta_projector.ptm.counts.4.test,88
frame_04_Ta_projector.ptm.test_coverage,1.0
frame_04_Ta_projector.ptm.balanced_accuracy,0.8503104490462222
frame_04_Ta_projector.ptm.ap.0,0.9882153779095393
frame_04_Ta_projector.ptm.ap.1,
frame_04_Ta_projector.ptm.ap.2,
frame_04_Ta_projector.ptm.ap.3,0.9747973632462232
frame_04_Ta_projector.ptm.ap.4,0.32853028644764565
frame_04_Ta_projector.liquid_order.train_count,1773
frame_04_Ta_projector.liquid_order.test_count,1872
frame_04_Ta_projector.liquid_order.conditional_r2_gain,0.10504221171140671
frame_04_Ta_projector.liquid_order.mean_r2,0.14280079305171967
frame_04_Ta_projector.context_cutoff_008.counts.0.train,667
frame_04_Ta_projector.context_cutoff_008.counts.0.test,749
frame_04_Ta_projector.context_cutoff_008.counts.1.train,167
frame_04_Ta_projector.context_cutoff_008.counts.1.test,58
frame_04_Ta_projector.context_cutoff_008.counts.2.train,31
frame_04_Ta_projector.context_cutoff_008.counts.2.test,32
frame_04_Ta_projector.context_cutoff_008.counts.3.train,0
frame_04_Ta_projector.context_cutoff_008.counts.3.test,0
frame_04_Ta_projector.context_cutoff_008.counts.4.train,0
frame_04_Ta_projector.context_cutoff_008.counts.4.test,0
frame_04_Ta_projector.context_cutoff_008.counts.5.train,726
frame_04_Ta_projector.context_cutoff_008.counts.5.test,760
frame_04_Ta_projector.context_cutoff_008.counts.6.train,382
frame_04_Ta_projector.context_cutoff_008.counts.6.test,371
frame_04_Ta_projector.context_cutoff_008.test_coverage,1.0
frame_04_Ta_projector.context_cutoff_008.balanced_accuracy,0.6448558514732767
frame_04_Ta_projector.context_cutoff_008.ap.0,0.5367588299569885
frame_04_Ta_projector.context_cutoff_008.ap.1,0.9830062819008981
frame_04_Ta_projector.context_cutoff_008.ap.2,0.8725378611324232
frame_04_Ta_projector.context_cutoff_008.ap.3,
frame_04_Ta_projector.context_cutoff_008.ap.4,
frame_04_Ta_projector.context_cutoff_008.ap.5,0.6427651674796789
frame_04_Ta_projector.context_cutoff_008.ap.6,0.383958294224959
frame_04_Ta_projector.context_cutoff_010.counts.0.train,667
frame_04_Ta_projector.context_cutoff_010.counts.0.test,749
frame_04_Ta_projector.context_cutoff_010.counts.1.train,168
frame_04_Ta_projector.context_cutoff_010.counts.1.test,58
frame_04_Ta_projector.context_cutoff_010.counts.2.train,32
frame_04_Ta_projector.context_cutoff_010.counts.2.test,40
frame_04_Ta_projector.context_cutoff_010.counts.3.train,0
frame_04_Ta_projector.context_cutoff_010.counts.3.test,0
frame_04_Ta_projector.context_cutoff_010.counts.4.train,0
frame_04_Ta_projector.context_cutoff_010.counts.4.test,0
frame_04_Ta_projector.context_cutoff_010.counts.5.train,725
frame_04_Ta_projector.context_cutoff_010.counts.5.test,759
frame_04_Ta_projector.context_cutoff_010.counts.6.train,381
frame_04_Ta_projector.context_cutoff_010.counts.6.test,364
frame_04_Ta_projector.context_cutoff_010.test_coverage,1.0
frame_04_Ta_projector.context_cutoff_010.balanced_accuracy,0.6258967578727559
frame_04_Ta_projector.context_cutoff_010.ap.0,0.5343758779160196
frame_04_Ta_projector.context_cutoff_010.ap.1,0.985271404638385
frame_04_Ta_projector.context_cutoff_010.ap.2,0.8203103194041125
frame_04_Ta_projector.context_cutoff_010.ap.3,
frame_04_Ta_projector.context_cutoff_010.ap.4,
frame_04_Ta_projector.context_cutoff_010.ap.5,0.6455246833818856
frame_04_Ta_projector.context_cutoff_010.ap.6,0.3555088236826931
frame_04_Ta_projector.context_cutoff_012.counts.0.train,667
frame_04_Ta_projector.context_cutoff_012.counts.0.test,749
frame_04_Ta_projector.context_cutoff_012.counts.1.train,171
frame_04_Ta_projector.context_cutoff_012.counts.1.test,59
frame_04_Ta_projector.context_cutoff_012.counts.2.train,34
frame_04_Ta_projector.context_cutoff_012.counts.2.test,44
frame_04_Ta_projector.context_cutoff_012.counts.3.train,0
frame_04_Ta_projector.context_cutoff_012.counts.3.test,0
frame_04_Ta_projector.context_cutoff_012.counts.4.train,0
frame_04_Ta_projector.context_cutoff_012.counts.4.test,0
frame_04_Ta_projector.context_cutoff_012.counts.5.train,725
frame_04_Ta_projector.context_cutoff_012.counts.5.test,759
frame_04_Ta_projector.context_cutoff_012.counts.6.train,376
frame_04_Ta_projector.context_cutoff_012.counts.6.test,359
frame_04_Ta_projector.context_cutoff_012.test_coverage,1.0
frame_04_Ta_projector.context_cutoff_012.balanced_accuracy,0.6080361301280287
frame_04_Ta_projector.context_cutoff_012.ap.0,0.5349787247910744
frame_04_Ta_projector.context_cutoff_012.ap.1,0.985195184018577
frame_04_Ta_projector.context_cutoff_012.ap.2,0.6549232517853685
frame_04_Ta_projector.context_cutoff_012.ap.3,
frame_04_Ta_projector.context_cutoff_012.ap.4,
frame_04_Ta_projector.context_cutoff_012.ap.5,0.6423000408394697
frame_04_Ta_projector.context_cutoff_012.ap.6,0.3363144688749856
frame_04_Ta_projector.spatial.auc,0.49986241507210266
frame_04_Ta_projector.spatial.pairs,1936
frame_04_Ta_projector.spatial.changed_pairs,1040
frame_04_Ta_projector.spatial.bins,5
frame_04_Ta_projector.spatial.same_label_normalized_distance,0.5433779415735721
frame_04_Ta_projector.nonbulk_spatial.auc,0.493719707836097
frame_04_Ta_projector.nonbulk_spatial.pairs,1875
frame_04_Ta_projector.nonbulk_spatial.changed_pairs,1031
frame_04_Ta_projector.nonbulk_spatial.bins,5
frame_04_Ta_projector.nonbulk_spatial.same_label_normalized_distance,0.6705963570606248
frame_04_Ta_projector.shuffled_spatial.auc,0.4752638539581557
frame_04_Ta_projector.shuffled_spatial.pairs,1875
frame_04_Ta_projector.shuffled_spatial.changed_pairs,1031
frame_04_Ta_projector.shuffled_spatial.bins,5
frame_04_Ta_projector.shuffled_spatial.same_label_normalized_distance,0.7776037655834964
frame_04_Ta_projector.collapsed_spatial.auc,0.5
frame_04_Ta_projector.collapsed_spatial.pairs,1875
frame_04_Ta_projector.collapsed_spatial.changed_pairs,1031
frame_04_Ta_projector.collapsed_spatial.bins,5
frame_04_Ta_projector.collapsed_spatial.same_label_normalized_distance,
frame_04_Ta_projector.liquid_topology.train_count,431
frame_04_Ta_projector.liquid_topology.test_count,475
frame_04_Ta_projector.liquid_topology.conditional_r2_gain,-0.8678262233734131
frame_04_Ta_projector.liquid_topology.mean_r2,-1.0282422304153442
frame_04_Ta_projector.nonbulk_cluster_ami,0.09452158401067356
frame_04_Ta_projector.continuity_fixed_candidates_center_fixed.0.0001.pair_rms,5.736573887057947
frame_04_Ta_projector.continuity_fixed_candidates_center_fixed.0.0001.normalized_median,0.0002193902853429778
frame_04_Ta_projector.continuity_fixed_candidates_center_fixed.0.0001.normalized_p95,0.03713727866449864
frame_04_Ta_projector.continuity_fixed_candidates_center_fixed.0.01.pair_rms,5.736573887057947
frame_04_Ta_projector.continuity_fixed_candidates_center_fixed.0.01.normalized_median,0.1331584486025779
frame_04_Ta_projector.continuity_fixed_candidates_center_fixed.0.01.normalized_p95,0.4850209934329059
frame_04_Ta_projector.continuity_fixed_candidates_center_fixed.0.1.pair_rms,5.736573887057947
frame_04_Ta_projector.continuity_fixed_candidates_center_fixed.0.1.normalized_median,0.34463814763050077
frame_04_Ta_projector.continuity_fixed_candidates_center_fixed.0.1.normalized_p95,2.1478975537691434
frame_05_Ta_encoder.collapse.effective_rank,1.4799380701007898
frame_05_Ta_encoder.collapse.variance,9.970737015202895
frame_05_Ta_encoder.collapse.pair_rms,4.465587758672512
frame_05_Ta_encoder.liquid_collapse.effective_rank,6.5170798246596355
frame_05_Ta_encoder.liquid_collapse.variance,1.6142550018515294
frame_05_Ta_encoder.liquid_collapse.pair_rms,1.7968054996863347
frame_05_Ta_encoder.reference_coverage.liquid_fraction,0.7783203125
frame_05_Ta_encoder.reference_coverage.cutoff_stable_fraction,0.990478515625
frame_05_Ta_encoder.context.counts.0.train,515
frame_05_Ta_encoder.context.counts.0.test,612
frame_05_Ta_encoder.context.counts.1.train,465
frame_05_Ta_encoder.context.counts.1.test,276
frame_05_Ta_encoder.context.counts.2.train,91
frame_05_Ta_encoder.context.counts.2.test,72
frame_05_Ta_encoder.context.counts.3.train,0
frame_05_Ta_encoder.context.counts.3.test,0
frame_05_Ta_encoder.context.counts.4.train,0
frame_05_Ta_encoder.context.counts.4.test,0
frame_05_Ta_encoder.context.counts.5.train,644
frame_05_Ta_encoder.context.counts.5.test,702
frame_05_Ta_encoder.context.counts.6.train,270
frame_05_Ta_encoder.context.counts.6.test,284
frame_05_Ta_encoder.context.test_coverage,1.0
frame_05_Ta_encoder.context.balanced_accuracy,0.7106826266654803
frame_05_Ta_encoder.context.ap.0,0.6754126204982069
frame_05_Ta_encoder.context.ap.1,0.9898714857886263
frame_05_Ta_encoder.context.ap.2,0.897053684149101
frame_05_Ta_encoder.context.ap.3,
frame_05_Ta_encoder.context.ap.4,
frame_05_Ta_encoder.context.ap.5,0.7822771509231167
frame_05_Ta_encoder.context.ap.6,0.39824986537265544
frame_05_Ta_encoder.ptm.counts.0.train,1378
frame_05_Ta_encoder.ptm.counts.0.test,1535
frame_05_Ta_encoder.ptm.counts.1.train,0
frame_05_Ta_encoder.ptm.counts.1.test,0
frame_05_Ta_encoder.ptm.counts.2.train,0
frame_05_Ta_encoder.ptm.counts.2.test,0
frame_05_Ta_encoder.ptm.counts.3.train,502
frame_05_Ta_encoder.ptm.counts.3.test,314
frame_05_Ta_encoder.ptm.counts.4.train,105
frame_05_Ta_encoder.ptm.counts.4.test,97
frame_05_Ta_encoder.ptm.test_coverage,1.0
frame_05_Ta_encoder.ptm.balanced_accuracy,0.907815208269211
frame_05_Ta_encoder.ptm.ap.0,0.9948154851634032
frame_05_Ta_encoder.ptm.ap.1,
frame_05_Ta_encoder.ptm.ap.2,
frame_05_Ta_encoder.ptm.ap.3,0.9994616019613902
frame_05_Ta_encoder.ptm.ap.4,0.5421197846220446
frame_05_Ta_encoder.liquid_order.train_count,1429
frame_05_Ta_encoder.liquid_order.test_count,1598
frame_05_Ta_encoder.liquid_order.conditional_r2_gain,0.16890239715576172
frame_05_Ta_encoder.liquid_order.mean_r2,0.2699601650238037
frame_05_Ta_encoder.context_cutoff_008.counts.0.train,515
frame_05_Ta_encoder.context_cutoff_008.counts.0.test,612
frame_05_Ta_encoder.context_cutoff_008.counts.1.train,463
frame_05_Ta_encoder.context_cutoff_008.counts.1.test,273
frame_05_Ta_encoder.context_cutoff_008.counts.2.train,89
frame_05_Ta_encoder.context_cutoff_008.counts.2.test,73
frame_05_Ta_encoder.context_cutoff_008.counts.3.train,0
frame_05_Ta_encoder.context_cutoff_008.counts.3.test,0
frame_05_Ta_encoder.context_cutoff_008.counts.4.train,0
frame_05_Ta_encoder.context_cutoff_008.counts.4.test,0
frame_05_Ta_encoder.context_cutoff_008.counts.5.train,645
frame_05_Ta_encoder.context_cutoff_008.counts.5.test,702
frame_05_Ta_encoder.context_cutoff_008.counts.6.train,273
frame_05_Ta_encoder.context_cutoff_008.counts.6.test,286
frame_05_Ta_encoder.context_cutoff_008.test_coverage,1.0
frame_05_Ta_encoder.context_cutoff_008.balanced_accuracy,0.7233450257624311
frame_05_Ta_encoder.context_cutoff_008.ap.0,0.6757490138403963
frame_05_Ta_encoder.context_cutoff_008.ap.1,0.9888547917425643
frame_05_Ta_encoder.context_cutoff_008.ap.2,0.9347082783839562
frame_05_Ta_encoder.context_cutoff_008.ap.3,
frame_05_Ta_encoder.context_cutoff_008.ap.4,
frame_05_Ta_encoder.context_cutoff_008.ap.5,0.7833519653167654
frame_05_Ta_encoder.context_cutoff_008.ap.6,0.40946984116330504
frame_05_Ta_encoder.context_cutoff_010.counts.0.train,515
frame_05_Ta_encoder.context_cutoff_010.counts.0.test,612
frame_05_Ta_encoder.context_cutoff_010.counts.1.train,465
frame_05_Ta_encoder.context_cutoff_010.counts.1.test,276
frame_05_Ta_encoder.context_cutoff_010.counts.2.train,91
frame_05_Ta_encoder.context_cutoff_010.counts.2.test,72
frame_05_Ta_encoder.context_cutoff_010.counts.3.train,0
frame_05_Ta_encoder.context_cutoff_010.counts.3.test,0
frame_05_Ta_encoder.context_cutoff_010.counts.4.train,0
frame_05_Ta_encoder.context_cutoff_010.counts.4.test,0
frame_05_Ta_encoder.context_cutoff_010.counts.5.train,644
frame_05_Ta_encoder.context_cutoff_010.counts.5.test,702
frame_05_Ta_encoder.context_cutoff_010.counts.6.train,270
frame_05_Ta_encoder.context_cutoff_010.counts.6.test,284
frame_05_Ta_encoder.context_cutoff_010.test_coverage,1.0
frame_05_Ta_encoder.context_cutoff_010.balanced_accuracy,0.7106826266654803
frame_05_Ta_encoder.context_cutoff_010.ap.0,0.6754126204982069
frame_05_Ta_encoder.context_cutoff_010.ap.1,0.9898714857886263
frame_05_Ta_encoder.context_cutoff_010.ap.2,0.897053684149101
frame_05_Ta_encoder.context_cutoff_010.ap.3,
frame_05_Ta_encoder.context_cutoff_010.ap.4,
frame_05_Ta_encoder.context_cutoff_010.ap.5,0.7822771509231167
frame_05_Ta_encoder.context_cutoff_010.ap.6,0.39824986537265544
frame_05_Ta_encoder.context_cutoff_012.counts.0.train,515
frame_05_Ta_encoder.context_cutoff_012.counts.0.test,612
frame_05_Ta_encoder.context_cutoff_012.counts.1.train,469
frame_05_Ta_encoder.context_cutoff_012.counts.1.test,277
frame_05_Ta_encoder.context_cutoff_012.counts.2.train,98
frame_05_Ta_encoder.context_cutoff_012.counts.2.test,82
frame_05_Ta_encoder.context_cutoff_012.counts.3.train,0
frame_05_Ta_encoder.context_cutoff_012.counts.3.test,0
frame_05_Ta_encoder.context_cutoff_012.counts.4.train,0
frame_05_Ta_encoder.context_cutoff_012.counts.4.test,0
frame_05_Ta_encoder.context_cutoff_012.counts.5.train,641
frame_05_Ta_encoder.context_cutoff_012.counts.5.test,702
frame_05_Ta_encoder.context_cutoff_012.counts.6.train,262
frame_05_Ta_encoder.context_cutoff_012.counts.6.test,273
frame_05_Ta_encoder.context_cutoff_012.test_coverage,1.0
frame_05_Ta_encoder.context_cutoff_012.balanced_accuracy,0.6879519725564405
frame_05_Ta_encoder.context_cutoff_012.ap.0,0.674840343441748
frame_05_Ta_encoder.context_cutoff_012.ap.1,0.9883777722138763
frame_05_Ta_encoder.context_cutoff_012.ap.2,0.8287306754353323
frame_05_Ta_encoder.context_cutoff_012.ap.3,
frame_05_Ta_encoder.context_cutoff_012.ap.4,
frame_05_Ta_encoder.context_cutoff_012.ap.5,0.779441306558937
frame_05_Ta_encoder.context_cutoff_012.ap.6,0.34587653005359786
frame_05_Ta_encoder.spatial.auc,0.5397979183941414
frame_05_Ta_encoder.spatial.pairs,1907
frame_05_Ta_encoder.spatial.changed_pairs,885
frame_05_Ta_encoder.spatial.bins,5
frame_05_Ta_encoder.spatial.same_label_normalized_distance,0.3753776018809543
frame_05_Ta_encoder.nonbulk_spatial.auc,0.4951027189063172
frame_05_Ta_encoder.nonbulk_spatial.pairs,1626
frame_05_Ta_encoder.nonbulk_spatial.changed_pairs,853
frame_05_Ta_encoder.nonbulk_spatial.bins,5
frame_05_Ta_encoder.nonbulk_spatial.same_label_normalized_distance,0.7506213496143268
frame_05_Ta_encoder.shuffled_spatial.auc,0.5051292575480998
frame_05_Ta_encoder.shuffled_spatial.pairs,1626
frame_05_Ta_encoder.shuffled_spatial.changed_pairs,853
frame_05_Ta_encoder.shuffled_spatial.bins,5
frame_05_Ta_encoder.shuffled_spatial.same_label_normalized_distance,0.8435574489808714
frame_05_Ta_encoder.collapsed_spatial.auc,0.5
frame_05_Ta_encoder.collapsed_spatial.pairs,1626
frame_05_Ta_encoder.collapsed_spatial.changed_pairs,853
frame_05_Ta_encoder.collapsed_spatial.bins,5
frame_05_Ta_encoder.collapsed_spatial.same_label_normalized_distance,
frame_05_Ta_encoder.liquid_topology.train_count,366
frame_05_Ta_encoder.liquid_topology.test_count,379
frame_05_Ta_encoder.liquid_topology.conditional_r2_gain,-1.1304967403411865
frame_05_Ta_encoder.liquid_topology.mean_r2,-1.133439302444458
frame_05_Ta_encoder.nonbulk_cluster_ami,0.15080937325284205
frame_05_Ta_encoder.continuity_fixed_candidates_center_fixed.0.0001.pair_rms,4.097719258824367
frame_05_Ta_encoder.continuity_fixed_candidates_center_fixed.0.0001.normalized_median,0.00018130432805242507
frame_05_Ta_encoder.continuity_fixed_candidates_center_fixed.0.0001.normalized_p95,0.07104446037302341
frame_05_Ta_encoder.continuity_fixed_candidates_center_fixed.0.01.pair_rms,4.097719258824367
frame_05_Ta_encoder.continuity_fixed_candidates_center_fixed.0.01.normalized_median,0.12292451456598887
frame_05_Ta_encoder.continuity_fixed_candidates_center_fixed.0.01.normalized_p95,0.3802643988521671
frame_05_Ta_encoder.continuity_fixed_candidates_center_fixed.0.1.pair_rms,4.097719258824367
frame_05_Ta_encoder.continuity_fixed_candidates_center_fixed.0.1.normalized_median,0.3218553070371125
frame_05_Ta_encoder.continuity_fixed_candidates_center_fixed.0.1.normalized_p95,0.7181223803138259
frame_05_Ta_projector.collapse.effective_rank,2.537769417318758
frame_05_Ta_projector.collapse.variance,28.76144563934211
frame_05_Ta_projector.collapse.pair_rms,7.584384700071867
frame_05_Ta_projector.liquid_collapse.effective_rank,3.0482813655863668
frame_05_Ta_projector.liquid_collapse.variance,5.119489086920835
frame_05_Ta_projector.liquid_collapse.pair_rms,3.1998403356795273
frame_05_Ta_projector.reference_coverage.liquid_fraction,0.7783203125
frame_05_Ta_projector.reference_coverage.cutoff_stable_fraction,0.990478515625
frame_05_Ta_projector.context.counts.0.train,515
frame_05_Ta_projector.context.counts.0.test,612
frame_05_Ta_projector.context.counts.1.train,465
frame_05_Ta_projector.context.counts.1.test,276
frame_05_Ta_projector.context.counts.2.train,91
frame_05_Ta_projector.context.counts.2.test,72
frame_05_Ta_projector.context.counts.3.train,0
frame_05_Ta_projector.context.counts.3.test,0
frame_05_Ta_projector.context.counts.4.train,0
frame_05_Ta_projector.context.counts.4.test,0
frame_05_Ta_projector.context.counts.5.train,644
frame_05_Ta_projector.context.counts.5.test,702
frame_05_Ta_projector.context.counts.6.train,270
frame_05_Ta_projector.context.counts.6.test,284
frame_05_Ta_projector.context.test_coverage,1.0
frame_05_Ta_projector.context.balanced_accuracy,0.6599906369087954
frame_05_Ta_projector.context.ap.0,0.5367058447793994
frame_05_Ta_projector.context.ap.1,0.9946208221806692
frame_05_Ta_projector.context.ap.2,0.8804781611697997
frame_05_Ta_projector.context.ap.3,
frame_05_Ta_projector.context.ap.4,
frame_05_Ta_projector.context.ap.5,0.6586162375014715
frame_05_Ta_projector.context.ap.6,0.3739414238917499
frame_05_Ta_projector.ptm.counts.0.train,1378
frame_05_Ta_projector.ptm.counts.0.test,1535
frame_05_Ta_projector.ptm.counts.1.train,0
frame_05_Ta_projector.ptm.counts.1.test,0
frame_05_Ta_projector.ptm.counts.2.train,0
frame_05_Ta_projector.ptm.counts.2.test,0
frame_05_Ta_projector.ptm.counts.3.train,502
frame_05_Ta_projector.ptm.counts.3.test,314
frame_05_Ta_projector.ptm.counts.4.train,105
frame_05_Ta_projector.ptm.counts.4.test,97
frame_05_Ta_projector.ptm.test_coverage,1.0
frame_05_Ta_projector.ptm.balanced_accuracy,0.8555327002335463
frame_05_Ta_projector.ptm.ap.0,0.9865232846832261
frame_05_Ta_projector.ptm.ap.1,
frame_05_Ta_projector.ptm.ap.2,
frame_05_Ta_projector.ptm.ap.3,0.9963778113370095
frame_05_Ta_projector.ptm.ap.4,0.35960190507296186
frame_05_Ta_projector.liquid_order.train_count,1429
frame_05_Ta_projector.liquid_order.test_count,1598
frame_05_Ta_projector.liquid_order.conditional_r2_gain,0.12304867058992386
frame_05_Ta_projector.liquid_order.mean_r2,0.16179902851581573
frame_05_Ta_projector.context_cutoff_008.counts.0.train,515
frame_05_Ta_projector.context_cutoff_008.counts.0.test,612
frame_05_Ta_projector.context_cutoff_008.counts.1.train,463
frame_05_Ta_projector.context_cutoff_008.counts.1.test,273
frame_05_Ta_projector.context_cutoff_008.counts.2.train,89
frame_05_Ta_projector.context_cutoff_008.counts.2.test,73
frame_05_Ta_projector.context_cutoff_008.counts.3.train,0
frame_05_Ta_projector.context_cutoff_008.counts.3.test,0
frame_05_Ta_projector.context_cutoff_008.counts.4.train,0
frame_05_Ta_projector.context_cutoff_008.counts.4.test,0
frame_05_Ta_projector.context_cutoff_008.counts.5.train,645
frame_05_Ta_projector.context_cutoff_008.counts.5.test,702
frame_05_Ta_projector.context_cutoff_008.counts.6.train,273
frame_05_Ta_projector.context_cutoff_008.counts.6.test,286
frame_05_Ta_projector.context_cutoff_008.test_coverage,1.0
frame_05_Ta_projector.context_cutoff_008.balanced_accuracy,0.6649028501566777
frame_05_Ta_projector.context_cutoff_008.ap.0,0.5366890063716776
frame_05_Ta_projector.context_cutoff_008.ap.1,0.9952735190828567
frame_05_Ta_projector.context_cutoff_008.ap.2,0.9093278974951219
frame_05_Ta_projector.context_cutoff_008.ap.3,
frame_05_Ta_projector.context_cutoff_008.ap.4,
frame_05_Ta_projector.context_cutoff_008.ap.5,0.6600516464154584
frame_05_Ta_projector.context_cutoff_008.ap.6,0.38867823449900335
frame_05_Ta_projector.context_cutoff_010.counts.0.train,515
frame_05_Ta_projector.context_cutoff_010.counts.0.test,612
frame_05_Ta_projector.context_cutoff_010.counts.1.train,465
frame_05_Ta_projector.context_cutoff_010.counts.1.test,276
frame_05_Ta_projector.context_cutoff_010.counts.2.train,91
frame_05_Ta_projector.context_cutoff_010.counts.2.test,72
frame_05_Ta_projector.context_cutoff_010.counts.3.train,0
frame_05_Ta_projector.context_cutoff_010.counts.3.test,0
frame_05_Ta_projector.context_cutoff_010.counts.4.train,0
frame_05_Ta_projector.context_cutoff_010.counts.4.test,0
frame_05_Ta_projector.context_cutoff_010.counts.5.train,644
frame_05_Ta_projector.context_cutoff_010.counts.5.test,702
frame_05_Ta_projector.context_cutoff_010.counts.6.train,270
frame_05_Ta_projector.context_cutoff_010.counts.6.test,284
frame_05_Ta_projector.context_cutoff_010.test_coverage,1.0
frame_05_Ta_projector.context_cutoff_010.balanced_accuracy,0.6599906369087954
frame_05_Ta_projector.context_cutoff_010.ap.0,0.5367058447793994
frame_05_Ta_projector.context_cutoff_010.ap.1,0.9946208221806692
frame_05_Ta_projector.context_cutoff_010.ap.2,0.8804781611697997
frame_05_Ta_projector.context_cutoff_010.ap.3,
frame_05_Ta_projector.context_cutoff_010.ap.4,
frame_05_Ta_projector.context_cutoff_010.ap.5,0.6586162375014715
frame_05_Ta_projector.context_cutoff_010.ap.6,0.3739414238917499
frame_05_Ta_projector.context_cutoff_012.counts.0.train,515
frame_05_Ta_projector.context_cutoff_012.counts.0.test,612
frame_05_Ta_projector.context_cutoff_012.counts.1.train,469
frame_05_Ta_projector.context_cutoff_012.counts.1.test,277
frame_05_Ta_projector.context_cutoff_012.counts.2.train,98
frame_05_Ta_projector.context_cutoff_012.counts.2.test,82
frame_05_Ta_projector.context_cutoff_012.counts.3.train,0
frame_05_Ta_projector.context_cutoff_012.counts.3.test,0
frame_05_Ta_projector.context_cutoff_012.counts.4.train,0
frame_05_Ta_projector.context_cutoff_012.counts.4.test,0
frame_05_Ta_projector.context_cutoff_012.counts.5.train,641
frame_05_Ta_projector.context_cutoff_012.counts.5.test,702
frame_05_Ta_projector.context_cutoff_012.counts.6.train,262
frame_05_Ta_projector.context_cutoff_012.counts.6.test,273
frame_05_Ta_projector.context_cutoff_012.test_coverage,1.0
frame_05_Ta_projector.context_cutoff_012.balanced_accuracy,0.6459268161372073
frame_05_Ta_projector.context_cutoff_012.ap.0,0.5371036048955531
frame_05_Ta_projector.context_cutoff_012.ap.1,0.9946594794525124
frame_05_Ta_projector.context_cutoff_012.ap.2,0.8573847115647572
frame_05_Ta_projector.context_cutoff_012.ap.3,
frame_05_Ta_projector.context_cutoff_012.ap.4,
frame_05_Ta_projector.context_cutoff_012.ap.5,0.6581031213362881
frame_05_Ta_projector.context_cutoff_012.ap.6,0.35051204390762
frame_05_Ta_projector.spatial.auc,0.5433311113297434
frame_05_Ta_projector.spatial.pairs,1907
frame_05_Ta_projector.spatial.changed_pairs,885
frame_05_Ta_projector.spatial.bins,5
frame_05_Ta_projector.spatial.same_label_normalized_distance,0.3630137830171772
frame_05_Ta_projector.nonbulk_spatial.auc,0.49292938194848673
frame_05_Ta_projector.nonbulk_spatial.pairs,1626
frame_05_Ta_projector.nonbulk_spatial.changed_pairs,853
frame_05_Ta_projector.nonbulk_spatial.bins,5
frame_05_Ta_projector.nonbulk_spatial.same_label_normalized_distance,0.5953277701814634
frame_05_Ta_projector.shuffled_spatial.auc,0.5169853437380753
frame_05_Ta_projector.shuffled_spatial.pairs,1626
frame_05_Ta_projector.shuffled_spatial.changed_pairs,853
frame_05_Ta_projector.shuffled_spatial.bins,5
frame_05_Ta_projector.shuffled_spatial.same_label_normalized_distance,0.8004007451039945
frame_05_Ta_projector.collapsed_spatial.auc,0.5
frame_05_Ta_projector.collapsed_spatial.pairs,1626
frame_05_Ta_projector.collapsed_spatial.changed_pairs,853
frame_05_Ta_projector.collapsed_spatial.bins,5
frame_05_Ta_projector.collapsed_spatial.same_label_normalized_distance,
frame_05_Ta_projector.liquid_topology.train_count,366
frame_05_Ta_projector.liquid_topology.test_count,379
frame_05_Ta_projector.liquid_topology.conditional_r2_gain,-0.054259900003671646
frame_05_Ta_projector.liquid_topology.mean_r2,-0.0663071945309639
frame_05_Ta_projector.nonbulk_cluster_ami,0.1739284986552617
frame_05_Ta_projector.continuity_fixed_candidates_center_fixed.0.0001.pair_rms,7.013839630149621
frame_05_Ta_projector.continuity_fixed_candidates_center_fixed.0.0001.normalized_median,0.0001702411013702514
frame_05_Ta_projector.continuity_fixed_candidates_center_fixed.0.0001.normalized_p95,0.04482487560440492
frame_05_Ta_projector.continuity_fixed_candidates_center_fixed.0.01.pair_rms,7.013839630149621
frame_05_Ta_projector.continuity_fixed_candidates_center_fixed.0.01.normalized_median,0.10050992075736624
frame_05_Ta_projector.continuity_fixed_candidates_center_fixed.0.01.normalized_p95,0.3448309008818997
frame_05_Ta_projector.continuity_fixed_candidates_center_fixed.0.1.pair_rms,7.013839630149621
frame_05_Ta_projector.continuity_fixed_candidates_center_fixed.0.1.normalized_median,0.30735624526808103
frame_05_Ta_projector.continuity_fixed_candidates_center_fixed.0.1.normalized_p95,2.2183609497624763
frame_06_Zr_encoder.collapse.effective_rank,8.869824246555499
frame_06_Zr_encoder.collapse.variance,1.6565093734322114
frame_06_Zr_encoder.collapse.pair_rms,1.8201699774648583
frame_06_Zr_encoder.liquid_collapse.effective_rank,9.542539234657196
frame_06_Zr_encoder.liquid_collapse.variance,1.3475649316440301
frame_06_Zr_encoder.liquid_collapse.pair_rms,1.641685068241793
frame_06_Zr_encoder.reference_coverage.liquid_fraction,0.9765625
frame_06_Zr_encoder.reference_coverage.cutoff_stable_fraction,0.956298828125
frame_06_Zr_encoder.context.counts.0.train,968
frame_06_Zr_encoder.context.counts.0.test,920
frame_06_Zr_encoder.context.counts.1.train,16
frame_06_Zr_encoder.context.counts.1.test,0
frame_06_Zr_encoder.context.counts.2.train,53
frame_06_Zr_encoder.context.counts.2.test,20
frame_06_Zr_encoder.context.counts.3.train,0
frame_06_Zr_encoder.context.counts.3.test,0
frame_06_Zr_encoder.context.counts.4.train,0
frame_06_Zr_encoder.context.counts.4.test,0
frame_06_Zr_encoder.context.counts.5.train,489
frame_06_Zr_encoder.context.counts.5.test,492
frame_06_Zr_encoder.context.counts.6.train,390
frame_06_Zr_encoder.context.counts.6.test,399
frame_06_Zr_encoder.context.test_coverage,1.0
frame_06_Zr_encoder.context.balanced_accuracy,0.6197205965603297
frame_06_Zr_encoder.context.ap.0,0.6903313222204828
frame_06_Zr_encoder.context.ap.1,
frame_06_Zr_encoder.context.ap.2,0.745270460748402
frame_06_Zr_encoder.context.ap.3,
frame_06_Zr_encoder.context.ap.4,
frame_06_Zr_encoder.context.ap.5,0.5111542803468443
frame_06_Zr_encoder.context.ap.6,0.42689238961463916
frame_06_Zr_encoder.ptm.counts.0.train,1854
frame_06_Zr_encoder.ptm.counts.0.test,1809
frame_06_Zr_encoder.ptm.counts.1.train,0
frame_06_Zr_encoder.ptm.counts.1.test,0
frame_06_Zr_encoder.ptm.counts.2.train,1
frame_06_Zr_encoder.ptm.counts.2.test,0
frame_06_Zr_encoder.ptm.counts.3.train,41
frame_06_Zr_encoder.ptm.counts.3.test,10
frame_06_Zr_encoder.ptm.counts.4.train,20
frame_06_Zr_encoder.ptm.counts.4.test,12
frame_06_Zr_encoder.ptm.test_coverage,1.0
frame_06_Zr_encoder.ptm.balanced_accuracy,0.6415238621706284
frame_06_Zr_encoder.ptm.ap.0,0.9986874954176854
frame_06_Zr_encoder.ptm.ap.1,
frame_06_Zr_encoder.ptm.ap.2,
frame_06_Zr_encoder.ptm.ap.3,
frame_06_Zr_encoder.ptm.ap.4,
frame_06_Zr_encoder.liquid_order.train_count,1847
frame_06_Zr_encoder.liquid_order.test_count,1811
frame_06_Zr_encoder.liquid_order.conditional_r2_gain,0.13711301982402802
frame_06_Zr_encoder.liquid_order.mean_r2,0.18238528072834015
frame_06_Zr_encoder.context_cutoff_008.counts.0.train,968
frame_06_Zr_encoder.context_cutoff_008.counts.0.test,920
frame_06_Zr_encoder.context_cutoff_008.counts.1.train,15
frame_06_Zr_encoder.context_cutoff_008.counts.1.test,0
frame_06_Zr_encoder.context_cutoff_008.counts.2.train,31
frame_06_Zr_encoder.context_cutoff_008.counts.2.test,9
frame_06_Zr_encoder.context_cutoff_008.counts.3.train,0
frame_06_Zr_encoder.context_cutoff_008.counts.3.test,0
frame_06_Zr_encoder.context_cutoff_008.counts.4.train,0
frame_06_Zr_encoder.context_cutoff_008.counts.4.test,0
frame_06_Zr_encoder.context_cutoff_008.counts.5.train,489
frame_06_Zr_encoder.context_cutoff_008.counts.5.test,493
frame_06_Zr_encoder.context_cutoff_008.counts.6.train,413
frame_06_Zr_encoder.context_cutoff_008.counts.6.test,409
frame_06_Zr_encoder.context_cutoff_008.test_coverage,1.0
frame_06_Zr_encoder.context_cutoff_008.balanced_accuracy,0.6003081052718763
frame_06_Zr_encoder.context_cutoff_008.ap.0,0.6908775523270988
frame_06_Zr_encoder.context_cutoff_008.ap.1,
frame_06_Zr_encoder.context_cutoff_008.ap.2,
frame_06_Zr_encoder.context_cutoff_008.ap.3,
frame_06_Zr_encoder.context_cutoff_008.ap.4,
frame_06_Zr_encoder.context_cutoff_008.ap.5,0.5158971412390325
frame_06_Zr_encoder.context_cutoff_008.ap.6,0.48822456870663694
frame_06_Zr_encoder.context_cutoff_010.counts.0.train,968
frame_06_Zr_encoder.context_cutoff_010.counts.0.test,920
frame_06_Zr_encoder.context_cutoff_010.counts.1.train,16
frame_06_Zr_encoder.context_cutoff_010.counts.1.test,0
frame_06_Zr_encoder.context_cutoff_010.counts.2.train,53
frame_06_Zr_encoder.context_cutoff_010.counts.2.test,20
frame_06_Zr_encoder.context_cutoff_010.counts.3.train,0
frame_06_Zr_encoder.context_cutoff_010.counts.3.test,0
frame_06_Zr_encoder.context_cutoff_010.counts.4.train,0
frame_06_Zr_encoder.context_cutoff_010.counts.4.test,0
frame_06_Zr_encoder.context_cutoff_010.counts.5.train,489
frame_06_Zr_encoder.context_cutoff_010.counts.5.test,492
frame_06_Zr_encoder.context_cutoff_010.counts.6.train,390
frame_06_Zr_encoder.context_cutoff_010.counts.6.test,399
frame_06_Zr_encoder.context_cutoff_010.test_coverage,1.0
frame_06_Zr_encoder.context_cutoff_010.balanced_accuracy,0.6197205965603297
frame_06_Zr_encoder.context_cutoff_010.ap.0,0.6903313222204828
frame_06_Zr_encoder.context_cutoff_010.ap.1,
frame_06_Zr_encoder.context_cutoff_010.ap.2,0.745270460748402
frame_06_Zr_encoder.context_cutoff_010.ap.3,
frame_06_Zr_encoder.context_cutoff_010.ap.4,
frame_06_Zr_encoder.context_cutoff_010.ap.5,0.5111542803468443
frame_06_Zr_encoder.context_cutoff_010.ap.6,0.42689238961463916
frame_06_Zr_encoder.context_cutoff_012.counts.0.train,964
frame_06_Zr_encoder.context_cutoff_012.counts.0.test,918
frame_06_Zr_encoder.context_cutoff_012.counts.1.train,17
frame_06_Zr_encoder.context_cutoff_012.counts.1.test,1
frame_06_Zr_encoder.context_cutoff_012.counts.2.train,110
frame_06_Zr_encoder.context_cutoff_012.counts.2.test,90
frame_06_Zr_encoder.context_cutoff_012.counts.3.train,0
frame_06_Zr_encoder.context_cutoff_012.counts.3.test,0
frame_06_Zr_encoder.context_cutoff_012.counts.4.train,0
frame_06_Zr_encoder.context_cutoff_012.counts.4.test,0
frame_06_Zr_encoder.context_cutoff_012.counts.5.train,486
frame_06_Zr_encoder.context_cutoff_012.counts.5.test,490
frame_06_Zr_encoder.context_cutoff_012.counts.6.train,339
frame_06_Zr_encoder.context_cutoff_012.counts.6.test,332
frame_06_Zr_encoder.context_cutoff_012.test_coverage,0.9994538503549972
frame_06_Zr_encoder.context_cutoff_012.balanced_accuracy,0.4818491921534343
frame_06_Zr_encoder.context_cutoff_012.ap.0,0.6850854969921092
frame_06_Zr_encoder.context_cutoff_012.ap.1,
frame_06_Zr_encoder.context_cutoff_012.ap.2,0.3927695140892745
frame_06_Zr_encoder.context_cutoff_012.ap.3,
frame_06_Zr_encoder.context_cutoff_012.ap.4,
frame_06_Zr_encoder.context_cutoff_012.ap.5,0.5068205281484816
frame_06_Zr_encoder.context_cutoff_012.ap.6,0.26564724598743367
frame_06_Zr_encoder.spatial.auc,0.49419219555374105
frame_06_Zr_encoder.spatial.pairs,1687
frame_06_Zr_encoder.spatial.changed_pairs,863
frame_06_Zr_encoder.spatial.bins,5
frame_06_Zr_encoder.spatial.same_label_normalized_distance,0.9383798163916958
frame_06_Zr_encoder.nonbulk_spatial.auc,0.49419219555374105
frame_06_Zr_encoder.nonbulk_spatial.pairs,1687
frame_06_Zr_encoder.nonbulk_spatial.changed_pairs,863
frame_06_Zr_encoder.nonbulk_spatial.bins,5
frame_06_Zr_encoder.nonbulk_spatial.same_label_normalized_distance,0.9383798163916958
frame_06_Zr_encoder.shuffled_spatial.auc,0.4867541209696326
frame_06_Zr_encoder.shuffled_spatial.pairs,1687
frame_06_Zr_encoder.shuffled_spatial.changed_pairs,863
frame_06_Zr_encoder.shuffled_spatial.bins,5
frame_06_Zr_encoder.shuffled_spatial.same_label_normalized_distance,0.9589488281298225
frame_06_Zr_encoder.collapsed_spatial.auc,0.5
frame_06_Zr_encoder.collapsed_spatial.pairs,1687
frame_06_Zr_encoder.collapsed_spatial.changed_pairs,863
frame_06_Zr_encoder.collapsed_spatial.bins,5
frame_06_Zr_encoder.collapsed_spatial.same_label_normalized_distance,
frame_06_Zr_encoder.liquid_topology.train_count,444
frame_06_Zr_encoder.liquid_topology.test_count,470
frame_06_Zr_encoder.liquid_topology.conditional_r2_gain,-0.2111959457397461
frame_06_Zr_encoder.liquid_topology.mean_r2,-0.2102818489074707
frame_06_Zr_encoder.nonbulk_cluster_ami,0.05091552431799495
frame_06_Zr_encoder.continuity_fixed_candidates_center_fixed.0.0001.pair_rms,1.9243368943944525
frame_06_Zr_encoder.continuity_fixed_candidates_center_fixed.0.0001.normalized_median,0.0003488761705753024
frame_06_Zr_encoder.continuity_fixed_candidates_center_fixed.0.0001.normalized_p95,0.045112931011058365
frame_06_Zr_encoder.continuity_fixed_candidates_center_fixed.0.01.pair_rms,1.9243368943944525
frame_06_Zr_encoder.continuity_fixed_candidates_center_fixed.0.01.normalized_median,0.22285790594852575
frame_06_Zr_encoder.continuity_fixed_candidates_center_fixed.0.01.normalized_p95,0.5776846650362424
frame_06_Zr_encoder.continuity_fixed_candidates_center_fixed.0.1.pair_rms,1.9243368943944525
frame_06_Zr_encoder.continuity_fixed_candidates_center_fixed.0.1.normalized_median,0.6341882614733185
frame_06_Zr_encoder.continuity_fixed_candidates_center_fixed.0.1.normalized_p95,0.9387841483396877
frame_06_Zr_projector.collapse.effective_rank,3.7721921048937874
frame_06_Zr_projector.collapse.variance,9.010343982993085
frame_06_Zr_projector.collapse.pair_rms,4.245078087148241
frame_06_Zr_projector.liquid_collapse.effective_rank,3.072879622799932
frame_06_Zr_projector.liquid_collapse.variance,6.051816275609042
frame_06_Zr_projector.liquid_collapse.pair_rms,3.47902752952863
frame_06_Zr_projector.reference_coverage.liquid_fraction,0.9765625
frame_06_Zr_projector.reference_coverage.cutoff_stable_fraction,0.956298828125
frame_06_Zr_projector.context.counts.0.train,968
frame_06_Zr_projector.context.counts.0.test,920
frame_06_Zr_projector.context.counts.1.train,16
frame_06_Zr_projector.context.counts.1.test,0
frame_06_Zr_projector.context.counts.2.train,53
frame_06_Zr_projector.context.counts.2.test,20
frame_06_Zr_projector.context.counts.3.train,0
frame_06_Zr_projector.context.counts.3.test,0
frame_06_Zr_projector.context.counts.4.train,0
frame_06_Zr_projector.context.counts.4.test,0
frame_06_Zr_projector.context.counts.5.train,489
frame_06_Zr_projector.context.counts.5.test,492
frame_06_Zr_projector.context.counts.6.train,390
frame_06_Zr_projector.context.counts.6.test,399
frame_06_Zr_projector.context.test_coverage,1.0
frame_06_Zr_projector.context.balanced_accuracy,0.5976207751616581
frame_06_Zr_projector.context.ap.0,0.6038035508409607
frame_06_Zr_projector.context.ap.1,
frame_06_Zr_projector.context.ap.2,0.7542503980385661
frame_06_Zr_projector.context.ap.3,
frame_06_Zr_projector.context.ap.4,
frame_06_Zr_projector.context.ap.5,0.44155252580538595
frame_06_Zr_projector.context.ap.6,0.4002026817443256
frame_06_Zr_projector.ptm.counts.0.train,1854
frame_06_Zr_projector.ptm.counts.0.test,1809
frame_06_Zr_projector.ptm.counts.1.train,0
frame_06_Zr_projector.ptm.counts.1.test,0
frame_06_Zr_projector.ptm.counts.2.train,1
frame_06_Zr_projector.ptm.counts.2.test,0
frame_06_Zr_projector.ptm.counts.3.train,41
frame_06_Zr_projector.ptm.counts.3.test,10
frame_06_Zr_projector.ptm.counts.4.train,20
frame_06_Zr_projector.ptm.counts.4.test,12
frame_06_Zr_projector.ptm.test_coverage,1.0
frame_06_Zr_projector.ptm.balanced_accuracy,0.8424267551133223
frame_06_Zr_projector.ptm.ap.0,0.9991675617541386
frame_06_Zr_projector.ptm.ap.1,
frame_06_Zr_projector.ptm.ap.2,
frame_06_Zr_projector.ptm.ap.3,
frame_06_Zr_projector.ptm.ap.4,
frame_06_Zr_projector.liquid_order.train_count,1847
frame_06_Zr_projector.liquid_order.test_count,1811
frame_06_Zr_projector.liquid_order.conditional_r2_gain,0.12133372575044632
frame_06_Zr_projector.liquid_order.mean_r2,0.13128815591335297
frame_06_Zr_projector.context_cutoff_008.counts.0.train,968
frame_06_Zr_projector.context_cutoff_008.counts.0.test,920
frame_06_Zr_projector.context_cutoff_008.counts.1.train,15
frame_06_Zr_projector.context_cutoff_008.counts.1.test,0
frame_06_Zr_projector.context_cutoff_008.counts.2.train,31
frame_06_Zr_projector.context_cutoff_008.counts.2.test,9
frame_06_Zr_projector.context_cutoff_008.counts.3.train,0
frame_06_Zr_projector.context_cutoff_008.counts.3.test,0
frame_06_Zr_projector.context_cutoff_008.counts.4.train,0
frame_06_Zr_projector.context_cutoff_008.counts.4.test,0
frame_06_Zr_projector.context_cutoff_008.counts.5.train,489
frame_06_Zr_projector.context_cutoff_008.counts.5.test,493
frame_06_Zr_projector.context_cutoff_008.counts.6.train,413
frame_06_Zr_projector.context_cutoff_008.counts.6.test,409
frame_06_Zr_projector.context_cutoff_008.test_coverage,1.0
frame_06_Zr_projector.context_cutoff_008.balanced_accuracy,0.6330870116142849
frame_06_Zr_projector.context_cutoff_008.ap.0,0.6064442695356489
frame_06_Zr_projector.context_cutoff_008.ap.1,
frame_06_Zr_projector.context_cutoff_008.ap.2,
frame_06_Zr_projector.context_cutoff_008.ap.3,
frame_06_Zr_projector.context_cutoff_008.ap.4,
frame_06_Zr_projector.context_cutoff_008.ap.5,0.44223069522828246
frame_06_Zr_projector.context_cutoff_008.ap.6,0.5171885982833955
frame_06_Zr_projector.context_cutoff_010.counts.0.train,968
frame_06_Zr_projector.context_cutoff_010.counts.0.test,920
frame_06_Zr_projector.context_cutoff_010.counts.1.train,16
frame_06_Zr_projector.context_cutoff_010.counts.1.test,0
frame_06_Zr_projector.context_cutoff_010.counts.2.train,53
frame_06_Zr_projector.context_cutoff_010.counts.2.test,20
frame_06_Zr_projector.context_cutoff_010.counts.3.train,0
frame_06_Zr_projector.context_cutoff_010.counts.3.test,0
frame_06_Zr_projector.context_cutoff_010.counts.4.train,0
frame_06_Zr_projector.context_cutoff_010.counts.4.test,0
frame_06_Zr_projector.context_cutoff_010.counts.5.train,489
frame_06_Zr_projector.context_cutoff_010.counts.5.test,492
frame_06_Zr_projector.context_cutoff_010.counts.6.train,390
frame_06_Zr_projector.context_cutoff_010.counts.6.test,399
frame_06_Zr_projector.context_cutoff_010.test_coverage,1.0
frame_06_Zr_projector.context_cutoff_010.balanced_accuracy,0.5976207751616581
frame_06_Zr_projector.context_cutoff_010.ap.0,0.6038035508409607
frame_06_Zr_projector.context_cutoff_010.ap.1,
frame_06_Zr_projector.context_cutoff_010.ap.2,0.7542503980385661
frame_06_Zr_projector.context_cutoff_010.ap.3,
frame_06_Zr_projector.context_cutoff_010.ap.4,
frame_06_Zr_projector.context_cutoff_010.ap.5,0.44155252580538595
frame_06_Zr_projector.context_cutoff_010.ap.6,0.4002026817443256
frame_06_Zr_projector.context_cutoff_012.counts.0.train,964
frame_06_Zr_projector.context_cutoff_012.counts.0.test,918
frame_06_Zr_projector.context_cutoff_012.counts.1.train,17
frame_06_Zr_projector.context_cutoff_012.counts.1.test,1
frame_06_Zr_projector.context_cutoff_012.counts.2.train,110
frame_06_Zr_projector.context_cutoff_012.counts.2.test,90
frame_06_Zr_projector.context_cutoff_012.counts.3.train,0
frame_06_Zr_projector.context_cutoff_012.counts.3.test,0
frame_06_Zr_projector.context_cutoff_012.counts.4.train,0
frame_06_Zr_projector.context_cutoff_012.counts.4.test,0
frame_06_Zr_projector.context_cutoff_012.counts.5.train,486
frame_06_Zr_projector.context_cutoff_012.counts.5.test,490
frame_06_Zr_projector.context_cutoff_012.counts.6.train,339
frame_06_Zr_projector.context_cutoff_012.counts.6.test,332
frame_06_Zr_projector.context_cutoff_012.test_coverage,0.9994538503549972
frame_06_Zr_projector.context_cutoff_012.balanced_accuracy,0.4720235282868167
frame_06_Zr_projector.context_cutoff_012.ap.0,0.5999581006337575
frame_06_Zr_projector.context_cutoff_012.ap.1,
frame_06_Zr_projector.context_cutoff_012.ap.2,0.5283803651178974
frame_06_Zr_projector.context_cutoff_012.ap.3,
frame_06_Zr_projector.context_cutoff_012.ap.4,
frame_06_Zr_projector.context_cutoff_012.ap.5,0.43735108684412094
frame_06_Zr_projector.context_cutoff_012.ap.6,0.2763603021650257
frame_06_Zr_projector.spatial.auc,0.5097663183622143
frame_06_Zr_projector.spatial.pairs,1687
frame_06_Zr_projector.spatial.changed_pairs,863
frame_06_Zr_projector.spatial.bins,5
frame_06_Zr_projector.spatial.same_label_normalized_distance,0.8285512129472739
frame_06_Zr_projector.nonbulk_spatial.auc,0.5097663183622143
frame_06_Zr_projector.nonbulk_spatial.pairs,1687
frame_06_Zr_projector.nonbulk_spatial.changed_pairs,863
frame_06_Zr_projector.nonbulk_spatial.bins,5
frame_06_Zr_projector.nonbulk_spatial.same_label_normalized_distance,0.8285512129472739
frame_06_Zr_projector.shuffled_spatial.auc,0.47865103985606217
frame_06_Zr_projector.shuffled_spatial.pairs,1687
frame_06_Zr_projector.shuffled_spatial.changed_pairs,863
frame_06_Zr_projector.shuffled_spatial.bins,5
frame_06_Zr_projector.shuffled_spatial.same_label_normalized_distance,0.8738736121316205
frame_06_Zr_projector.collapsed_spatial.auc,0.5
frame_06_Zr_projector.collapsed_spatial.pairs,1687
frame_06_Zr_projector.collapsed_spatial.changed_pairs,863
frame_06_Zr_projector.collapsed_spatial.bins,5
frame_06_Zr_projector.collapsed_spatial.same_label_normalized_distance,
frame_06_Zr_projector.liquid_topology.train_count,444
frame_06_Zr_projector.liquid_topology.test_count,470
frame_06_Zr_projector.liquid_topology.conditional_r2_gain,-0.025354793295264244
frame_06_Zr_projector.liquid_topology.mean_r2,-0.028036093339323997
frame_06_Zr_projector.nonbulk_cluster_ami,0.06751181528497942
frame_06_Zr_projector.continuity_fixed_candidates_center_fixed.0.0001.pair_rms,4.672451568325166
frame_06_Zr_projector.continuity_fixed_candidates_center_fixed.0.0001.normalized_median,0.00026254870917376673
frame_06_Zr_projector.continuity_fixed_candidates_center_fixed.0.0001.normalized_p95,0.02366726532800065
frame_06_Zr_projector.continuity_fixed_candidates_center_fixed.0.01.pair_rms,4.672451568325166
frame_06_Zr_projector.continuity_fixed_candidates_center_fixed.0.01.normalized_median,0.16498563197611768
frame_06_Zr_projector.continuity_fixed_candidates_center_fixed.0.01.normalized_p95,0.5786386535289939
frame_06_Zr_projector.continuity_fixed_candidates_center_fixed.0.1.pair_rms,4.672451568325166
frame_06_Zr_projector.continuity_fixed_candidates_center_fixed.0.1.normalized_median,0.44723712041873404
frame_06_Zr_projector.continuity_fixed_candidates_center_fixed.0.1.normalized_p95,1.0343644052781764
frame_07_Zr_encoder.collapse.effective_rank,2.7406079270175674
frame_07_Zr_encoder.collapse.variance,3.8107726913454063
frame_07_Zr_encoder.collapse.pair_rms,2.760714650718327
frame_07_Zr_encoder.liquid_collapse.effective_rank,9.45382656677625
frame_07_Zr_encoder.liquid_collapse.variance,1.3906744274882072
frame_07_Zr_encoder.liquid_collapse.pair_rms,1.6677376457274131
frame_07_Zr_encoder.reference_coverage.liquid_fraction,0.91943359375
frame_07_Zr_encoder.reference_coverage.cutoff_stable_fraction,0.94775390625
frame_07_Zr_encoder.context.counts.0.train,797
frame_07_Zr_encoder.context.counts.0.test,925
frame_07_Zr_encoder.context.counts.1.train,128
frame_07_Zr_encoder.context.counts.1.test,13
frame_07_Zr_encoder.context.counts.2.train,114
frame_07_Zr_encoder.context.counts.2.test,40
frame_07_Zr_encoder.context.counts.3.train,0
frame_07_Zr_encoder.context.counts.3.test,0
frame_07_Zr_encoder.context.counts.4.train,0
frame_07_Zr_encoder.context.counts.4.test,0
frame_07_Zr_encoder.context.counts.5.train,408
frame_07_Zr_encoder.context.counts.5.test,507
frame_07_Zr_encoder.context.counts.6.train,381
frame_07_Zr_encoder.context.counts.6.test,423
frame_07_Zr_encoder.context.test_coverage,1.0
frame_07_Zr_encoder.context.balanced_accuracy,0.6802043433336395
frame_07_Zr_encoder.context.ap.0,0.7118000907066035
frame_07_Zr_encoder.context.ap.1,
frame_07_Zr_encoder.context.ap.2,0.6459498782482953
frame_07_Zr_encoder.context.ap.3,
frame_07_Zr_encoder.context.ap.4,
frame_07_Zr_encoder.context.ap.5,0.5982035010795623
frame_07_Zr_encoder.context.ap.6,0.46044478526271826
frame_07_Zr_encoder.ptm.counts.0.train,1637
frame_07_Zr_encoder.ptm.counts.0.test,1868
frame_07_Zr_encoder.ptm.counts.1.train,2
frame_07_Zr_encoder.ptm.counts.1.test,1
frame_07_Zr_encoder.ptm.counts.2.train,0
frame_07_Zr_encoder.ptm.counts.2.test,1
frame_07_Zr_encoder.ptm.counts.3.train,180
frame_07_Zr_encoder.ptm.counts.3.test,28
frame_07_Zr_encoder.ptm.counts.4.train,9
frame_07_Zr_encoder.ptm.counts.4.test,10
frame_07_Zr_encoder.ptm.test_coverage,0.9937106918238994
frame_07_Zr_encoder.ptm.balanced_accuracy,0.8566075252370755
frame_07_Zr_encoder.ptm.ap.0,0.9909040160763519
frame_07_Zr_encoder.ptm.ap.1,
frame_07_Zr_encoder.ptm.ap.2,
frame_07_Zr_encoder.ptm.ap.3,0.8451742012088396
frame_07_Zr_encoder.ptm.ap.4,
frame_07_Zr_encoder.liquid_order.train_count,1586
frame_07_Zr_encoder.liquid_order.test_count,1855
frame_07_Zr_encoder.liquid_order.conditional_r2_gain,0.1610296219587326
frame_07_Zr_encoder.liquid_order.mean_r2,0.21204161643981934
frame_07_Zr_encoder.context_cutoff_008.counts.0.train,797
frame_07_Zr_encoder.context_cutoff_008.counts.0.test,925
frame_07_Zr_encoder.context_cutoff_008.counts.1.train,123
frame_07_Zr_encoder.context_cutoff_008.counts.1.test,13
frame_07_Zr_encoder.context_cutoff_008.counts.2.train,95
frame_07_Zr_encoder.context_cutoff_008.counts.2.test,25
frame_07_Zr_encoder.context_cutoff_008.counts.3.train,0
frame_07_Zr_encoder.context_cutoff_008.counts.3.test,0
frame_07_Zr_encoder.context_cutoff_008.counts.4.train,0
frame_07_Zr_encoder.context_cutoff_008.counts.4.test,0
frame_07_Zr_encoder.context_cutoff_008.counts.5.train,409
frame_07_Zr_encoder.context_cutoff_008.counts.5.test,508
frame_07_Zr_encoder.context_cutoff_008.counts.6.train,404
frame_07_Zr_encoder.context_cutoff_008.counts.6.test,437
frame_07_Zr_encoder.context_cutoff_008.test_coverage,1.0
frame_07_Zr_encoder.context_cutoff_008.balanced_accuracy,0.6663567629601613
frame_07_Zr_encoder.context_cutoff_008.ap.0,0.7114793575739647
frame_07_Zr_encoder.context_cutoff_008.ap.1,
frame_07_Zr_encoder.context_cutoff_008.ap.2,0.783079576546578
frame_07_Zr_encoder.context_cutoff_008.ap.3,
frame_07_Zr_encoder.context_cutoff_008.ap.4,
frame_07_Zr_encoder.context_cutoff_008.ap.5,0.597194430693547
frame_07_Zr_encoder.context_cutoff_008.ap.6,0.5239212192855486
frame_07_Zr_encoder.context_cutoff_010.counts.0.train,797
frame_07_Zr_encoder.context_cutoff_010.counts.0.test,925
frame_07_Zr_encoder.context_cutoff_010.counts.1.train,128
frame_07_Zr_encoder.context_cutoff_010.counts.1.test,13
frame_07_Zr_encoder.context_cutoff_010.counts.2.train,114
frame_07_Zr_encoder.context_cutoff_010.counts.2.test,40
frame_07_Zr_encoder.context_cutoff_010.counts.3.train,0
frame_07_Zr_encoder.context_cutoff_010.counts.3.test,0
frame_07_Zr_encoder.context_cutoff_010.counts.4.train,0
frame_07_Zr_encoder.context_cutoff_010.counts.4.test,0
frame_07_Zr_encoder.context_cutoff_010.counts.5.train,408
frame_07_Zr_encoder.context_cutoff_010.counts.5.test,507
frame_07_Zr_encoder.context_cutoff_010.counts.6.train,381
frame_07_Zr_encoder.context_cutoff_010.counts.6.test,423
frame_07_Zr_encoder.context_cutoff_010.test_coverage,1.0
frame_07_Zr_encoder.context_cutoff_010.balanced_accuracy,0.6802043433336395
frame_07_Zr_encoder.context_cutoff_010.ap.0,0.7118000907066035
frame_07_Zr_encoder.context_cutoff_010.ap.1,
frame_07_Zr_encoder.context_cutoff_010.ap.2,0.6459498782482953
frame_07_Zr_encoder.context_cutoff_010.ap.3,
frame_07_Zr_encoder.context_cutoff_010.ap.4,
frame_07_Zr_encoder.context_cutoff_010.ap.5,0.5982035010795623
frame_07_Zr_encoder.context_cutoff_010.ap.6,0.46044478526271826
frame_07_Zr_encoder.context_cutoff_012.counts.0.train,792
frame_07_Zr_encoder.context_cutoff_012.counts.0.test,919
frame_07_Zr_encoder.context_cutoff_012.counts.1.train,140
frame_07_Zr_encoder.context_cutoff_012.counts.1.test,14
frame_07_Zr_encoder.context_cutoff_012.counts.2.train,165
frame_07_Zr_encoder.context_cutoff_012.counts.2.test,108
frame_07_Zr_encoder.context_cutoff_012.counts.3.train,0
frame_07_Zr_encoder.context_cutoff_012.counts.3.test,0
frame_07_Zr_encoder.context_cutoff_012.counts.4.train,0
frame_07_Zr_encoder.context_cutoff_012.counts.4.test,0
frame_07_Zr_encoder.context_cutoff_012.counts.5.train,406
frame_07_Zr_encoder.context_cutoff_012.counts.5.test,506
frame_07_Zr_encoder.context_cutoff_012.counts.6.train,325
frame_07_Zr_encoder.context_cutoff_012.counts.6.test,361
frame_07_Zr_encoder.context_cutoff_012.test_coverage,1.0
frame_07_Zr_encoder.context_cutoff_012.balanced_accuracy,0.6356400256673137
frame_07_Zr_encoder.context_cutoff_012.ap.0,0.7099344930554765
frame_07_Zr_encoder.context_cutoff_012.ap.1,
frame_07_Zr_encoder.context_cutoff_012.ap.2,0.5441541314890627
frame_07_Zr_encoder.context_cutoff_012.ap.3,
frame_07_Zr_encoder.context_cutoff_012.ap.4,
frame_07_Zr_encoder.context_cutoff_012.ap.5,0.5976399008531336
frame_07_Zr_encoder.context_cutoff_012.ap.6,0.3300443502638299
frame_07_Zr_encoder.spatial.auc,0.5063481971882312
frame_07_Zr_encoder.spatial.pairs,1768
frame_07_Zr_encoder.spatial.changed_pairs,850
frame_07_Zr_encoder.spatial.bins,5
frame_07_Zr_encoder.spatial.same_label_normalized_distance,0.8347637733347599
frame_07_Zr_encoder.nonbulk_spatial.auc,0.5048280631975987
frame_07_Zr_encoder.nonbulk_spatial.pairs,1758
frame_07_Zr_encoder.nonbulk_spatial.changed_pairs,849
frame_07_Zr_encoder.nonbulk_spatial.bins,5
frame_07_Zr_encoder.nonbulk_spatial.same_label_normalized_distance,0.8980002427981795
frame_07_Zr_encoder.shuffled_spatial.auc,0.482476691715419
frame_07_Zr_encoder.shuffled_spatial.pairs,1758
frame_07_Zr_encoder.shuffled_spatial.changed_pairs,849
frame_07_Zr_encoder.shuffled_spatial.bins,5
frame_07_Zr_encoder.shuffled_spatial.same_label_normalized_distance,0.7946315210331679
frame_07_Zr_encoder.collapsed_spatial.auc,0.5
frame_07_Zr_encoder.collapsed_spatial.pairs,1758
frame_07_Zr_encoder.collapsed_spatial.changed_pairs,849
frame_07_Zr_encoder.collapsed_spatial.bins,5
frame_07_Zr_encoder.collapsed_spatial.same_label_normalized_distance,
frame_07_Zr_encoder.liquid_topology.train_count,378
frame_07_Zr_encoder.liquid_topology.test_count,465
frame_07_Zr_encoder.liquid_topology.conditional_r2_gain,-28.43701934814453
frame_07_Zr_encoder.liquid_topology.mean_r2,-27.755155563354492
frame_07_Zr_encoder.nonbulk_cluster_ami,0.09543089717815328
frame_07_Zr_encoder.continuity_fixed_candidates_center_fixed.0.0001.pair_rms,2.6480852104473627
frame_07_Zr_encoder.continuity_fixed_candidates_center_fixed.0.0001.normalized_median,0.00025432689307080977
frame_07_Zr_encoder.continuity_fixed_candidates_center_fixed.0.0001.normalized_p95,0.04891481755107467
frame_07_Zr_encoder.continuity_fixed_candidates_center_fixed.0.01.pair_rms,2.6480852104473627
frame_07_Zr_encoder.continuity_fixed_candidates_center_fixed.0.01.normalized_median,0.17599815269977526
frame_07_Zr_encoder.continuity_fixed_candidates_center_fixed.0.01.normalized_p95,0.39228585800149013
frame_07_Zr_encoder.continuity_fixed_candidates_center_fixed.0.1.pair_rms,2.6480852104473627
frame_07_Zr_encoder.continuity_fixed_candidates_center_fixed.0.1.normalized_median,0.46393439043463014
frame_07_Zr_encoder.continuity_fixed_candidates_center_fixed.0.1.normalized_p95,0.6888995820039723
frame_07_Zr_projector.collapse.effective_rank,4.632016093137077
frame_07_Zr_projector.collapse.variance,18.045764478105156
frame_07_Zr_projector.collapse.pair_rms,6.00762257105174
frame_07_Zr_projector.liquid_collapse.effective_rank,2.9424365666322405
frame_07_Zr_projector.liquid_collapse.variance,6.6856232755892915
frame_07_Zr_projector.liquid_collapse.pair_rms,3.6566715126161635
frame_07_Zr_projector.reference_coverage.liquid_fraction,0.91943359375
frame_07_Zr_projector.reference_coverage.cutoff_stable_fraction,0.94775390625
frame_07_Zr_projector.context.counts.0.train,797
frame_07_Zr_projector.context.counts.0.test,925
frame_07_Zr_projector.context.counts.1.train,128
frame_07_Zr_projector.context.counts.1.test,13
frame_07_Zr_projector.context.counts.2.train,114
frame_07_Zr_projector.context.counts.2.test,40
frame_07_Zr_projector.context.counts.3.train,0
frame_07_Zr_projector.context.counts.3.test,0
frame_07_Zr_projector.context.counts.4.train,0
frame_07_Zr_projector.context.counts.4.test,0
frame_07_Zr_projector.context.counts.5.train,408
frame_07_Zr_projector.context.counts.5.test,507
frame_07_Zr_projector.context.counts.6.train,381
frame_07_Zr_projector.context.counts.6.test,423
frame_07_Zr_projector.context.test_coverage,1.0
frame_07_Zr_projector.context.balanced_accuracy,0.6030152637844945
frame_07_Zr_projector.context.ap.0,0.6148435338415852
frame_07_Zr_projector.context.ap.1,
frame_07_Zr_projector.context.ap.2,0.731561449583064
frame_07_Zr_projector.context.ap.3,
frame_07_Zr_projector.context.ap.4,
frame_07_Zr_projector.context.ap.5,0.45859589516404753
frame_07_Zr_projector.context.ap.6,0.4516463557048501
frame_07_Zr_projector.ptm.counts.0.train,1637
frame_07_Zr_projector.ptm.counts.0.test,1868
frame_07_Zr_projector.ptm.counts.1.train,2
frame_07_Zr_projector.ptm.counts.1.test,1
frame_07_Zr_projector.ptm.counts.2.train,0
frame_07_Zr_projector.ptm.counts.2.test,1
frame_07_Zr_projector.ptm.counts.3.train,180
frame_07_Zr_projector.ptm.counts.3.test,28
frame_07_Zr_projector.ptm.counts.4.train,9
frame_07_Zr_projector.ptm.counts.4.test,10
frame_07_Zr_projector.ptm.test_coverage,0.9937106918238994
frame_07_Zr_projector.ptm.balanced_accuracy,0.8909834811869073
frame_07_Zr_projector.ptm.ap.0,0.9965977447824543
frame_07_Zr_projector.ptm.ap.1,
frame_07_Zr_projector.ptm.ap.2,
frame_07_Zr_projector.ptm.ap.3,0.8676374729488826
frame_07_Zr_projector.ptm.ap.4,
frame_07_Zr_projector.liquid_order.train_count,1586
frame_07_Zr_projector.liquid_order.test_count,1855
frame_07_Zr_projector.liquid_order.conditional_r2_gain,0.12535668909549713
frame_07_Zr_projector.liquid_order.mean_r2,0.13486416637897491
frame_07_Zr_projector.context_cutoff_008.counts.0.train,797
frame_07_Zr_projector.context_cutoff_008.counts.0.test,925
frame_07_Zr_projector.context_cutoff_008.counts.1.train,123
frame_07_Zr_projector.context_cutoff_008.counts.1.test,13
frame_07_Zr_projector.context_cutoff_008.counts.2.train,95
frame_07_Zr_projector.context_cutoff_008.counts.2.test,25
frame_07_Zr_projector.context_cutoff_008.counts.3.train,0
frame_07_Zr_projector.context_cutoff_008.counts.3.test,0
frame_07_Zr_projector.context_cutoff_008.counts.4.train,0
frame_07_Zr_projector.context_cutoff_008.counts.4.test,0
frame_07_Zr_projector.context_cutoff_008.counts.5.train,409
frame_07_Zr_projector.context_cutoff_008.counts.5.test,508
frame_07_Zr_projector.context_cutoff_008.counts.6.train,404
frame_07_Zr_projector.context_cutoff_008.counts.6.test,437
frame_07_Zr_projector.context_cutoff_008.test_coverage,1.0
frame_07_Zr_projector.context_cutoff_008.balanced_accuracy,0.656625629522871
frame_07_Zr_projector.context_cutoff_008.ap.0,0.6163468626905786
frame_07_Zr_projector.context_cutoff_008.ap.1,
frame_07_Zr_projector.context_cutoff_008.ap.2,0.873975353302771
frame_07_Zr_projector.context_cutoff_008.ap.3,
frame_07_Zr_projector.context_cutoff_008.ap.4,
frame_07_Zr_projector.context_cutoff_008.ap.5,0.45708642982483727
frame_07_Zr_projector.context_cutoff_008.ap.6,0.5093851742967084
frame_07_Zr_projector.context_cutoff_010.counts.0.train,797
frame_07_Zr_projector.context_cutoff_010.counts.0.test,925
frame_07_Zr_projector.context_cutoff_010.counts.1.train,128
frame_07_Zr_projector.context_cutoff_010.counts.1.test,13
frame_07_Zr_projector.context_cutoff_010.counts.2.train,114
frame_07_Zr_projector.context_cutoff_010.counts.2.test,40
frame_07_Zr_projector.context_cutoff_010.counts.3.train,0
frame_07_Zr_projector.context_cutoff_010.counts.3.test,0
frame_07_Zr_projector.context_cutoff_010.counts.4.train,0
frame_07_Zr_projector.context_cutoff_010.counts.4.test,0
frame_07_Zr_projector.context_cutoff_010.counts.5.train,408
frame_07_Zr_projector.context_cutoff_010.counts.5.test,507
frame_07_Zr_projector.context_cutoff_010.counts.6.train,381
frame_07_Zr_projector.context_cutoff_010.counts.6.test,423
frame_07_Zr_projector.context_cutoff_010.test_coverage,1.0
frame_07_Zr_projector.context_cutoff_010.balanced_accuracy,0.6030152637844945
frame_07_Zr_projector.context_cutoff_010.ap.0,0.6148435338415852
frame_07_Zr_projector.context_cutoff_010.ap.1,
frame_07_Zr_projector.context_cutoff_010.ap.2,0.731561449583064
frame_07_Zr_projector.context_cutoff_010.ap.3,
frame_07_Zr_projector.context_cutoff_010.ap.4,
frame_07_Zr_projector.context_cutoff_010.ap.5,0.45859589516404753
frame_07_Zr_projector.context_cutoff_010.ap.6,0.4516463557048501
frame_07_Zr_projector.context_cutoff_012.counts.0.train,792
frame_07_Zr_projector.context_cutoff_012.counts.0.test,919
frame_07_Zr_projector.context_cutoff_012.counts.1.train,140
frame_07_Zr_projector.context_cutoff_012.counts.1.test,14
frame_07_Zr_projector.context_cutoff_012.counts.2.train,165
frame_07_Zr_projector.context_cutoff_012.counts.2.test,108
frame_07_Zr_projector.context_cutoff_012.counts.3.train,0
frame_07_Zr_projector.context_cutoff_012.counts.3.test,0
frame_07_Zr_projector.context_cutoff_012.counts.4.train,0
frame_07_Zr_projector.context_cutoff_012.counts.4.test,0
frame_07_Zr_projector.context_cutoff_012.counts.5.train,406
frame_07_Zr_projector.context_cutoff_012.counts.5.test,506
frame_07_Zr_projector.context_cutoff_012.counts.6.train,325
frame_07_Zr_projector.context_cutoff_012.counts.6.test,361
frame_07_Zr_projector.context_cutoff_012.test_coverage,1.0
frame_07_Zr_projector.context_cutoff_012.balanced_accuracy,0.5704601218089205
frame_07_Zr_projector.context_cutoff_012.ap.0,0.6123324952949749
frame_07_Zr_projector.context_cutoff_012.ap.1,
frame_07_Zr_projector.context_cutoff_012.ap.2,0.5536928352378466
frame_07_Zr_projector.context_cutoff_012.ap.3,
frame_07_Zr_projector.context_cutoff_012.ap.4,
frame_07_Zr_projector.context_cutoff_012.ap.5,0.45727801570519105
frame_07_Zr_projector.context_cutoff_012.ap.6,0.3047212762802901
frame_07_Zr_projector.spatial.auc,0.512576619142948
frame_07_Zr_projector.spatial.pairs,1768
frame_07_Zr_projector.spatial.changed_pairs,850
frame_07_Zr_projector.spatial.bins,5
frame_07_Zr_projector.spatial.same_label_normalized_distance,0.7090341228416202
frame_07_Zr_projector.nonbulk_spatial.auc,0.5123423026305023
frame_07_Zr_projector.nonbulk_spatial.pairs,1758
frame_07_Zr_projector.nonbulk_spatial.changed_pairs,849
frame_07_Zr_projector.nonbulk_spatial.bins,5
frame_07_Zr_projector.nonbulk_spatial.same_label_normalized_distance,0.7367941151996023
frame_07_Zr_projector.shuffled_spatial.auc,0.49391965536184673
frame_07_Zr_projector.shuffled_spatial.pairs,1758
frame_07_Zr_projector.shuffled_spatial.changed_pairs,849
frame_07_Zr_projector.shuffled_spatial.bins,5
frame_07_Zr_projector.shuffled_spatial.same_label_normalized_distance,0.7676849058678769
frame_07_Zr_projector.collapsed_spatial.auc,0.5
frame_07_Zr_projector.collapsed_spatial.pairs,1758
frame_07_Zr_projector.collapsed_spatial.changed_pairs,849
frame_07_Zr_projector.collapsed_spatial.bins,5
frame_07_Zr_projector.collapsed_spatial.same_label_normalized_distance,
frame_07_Zr_projector.liquid_topology.train_count,378
frame_07_Zr_projector.liquid_topology.test_count,465
frame_07_Zr_projector.liquid_topology.conditional_r2_gain,-2.4271960258483887
frame_07_Zr_projector.liquid_topology.mean_r2,-2.998656749725342
frame_07_Zr_projector.nonbulk_cluster_ami,0.09030207787076637
frame_07_Zr_projector.continuity_fixed_candidates_center_fixed.0.0001.pair_rms,5.746048323891579
frame_07_Zr_projector.continuity_fixed_candidates_center_fixed.0.0001.normalized_median,0.00021473352862470994
frame_07_Zr_projector.continuity_fixed_candidates_center_fixed.0.0001.normalized_p95,0.0440570306359582
frame_07_Zr_projector.continuity_fixed_candidates_center_fixed.0.01.pair_rms,5.746048323891579
frame_07_Zr_projector.continuity_fixed_candidates_center_fixed.0.01.normalized_median,0.14609783641588395
frame_07_Zr_projector.continuity_fixed_candidates_center_fixed.0.01.normalized_p95,0.4672947942489352
frame_07_Zr_projector.continuity_fixed_candidates_center_fixed.0.1.pair_rms,5.746048323891579
frame_07_Zr_projector.continuity_fixed_candidates_center_fixed.0.1.normalized_median,0.3554550461416149
frame_07_Zr_projector.continuity_fixed_candidates_center_fixed.0.1.normalized_p95,0.9537461901003982
frame_08_Zr_encoder.collapse.effective_rank,1.6028092540223065
frame_08_Zr_encoder.collapse.variance,9.64192797594664
frame_08_Zr_encoder.collapse.pair_rms,4.391338742558274
frame_08_Zr_encoder.liquid_collapse.effective_rank,9.48082177285503
frame_08_Zr_encoder.liquid_collapse.variance,1.4224120677554786
frame_08_Zr_encoder.liquid_collapse.pair_rms,1.6866606462210936
frame_08_Zr_encoder.reference_coverage.liquid_fraction,0.739990234375
frame_08_Zr_encoder.reference_coverage.cutoff_stable_fraction,0.935791015625
frame_08_Zr_encoder.context.counts.0.train,576
frame_08_Zr_encoder.context.counts.0.test,733
frame_08_Zr_encoder.context.counts.1.train,446
frame_08_Zr_encoder.context.counts.1.test,156
frame_08_Zr_encoder.context.counts.2.train,211
frame_08_Zr_encoder.context.counts.2.test,150
frame_08_Zr_encoder.context.counts.3.train,0
frame_08_Zr_encoder.context.counts.3.test,0
frame_08_Zr_encoder.context.counts.4.train,0
frame_08_Zr_encoder.context.counts.4.test,0
frame_08_Zr_encoder.context.counts.5.train,321
frame_08_Zr_encoder.context.counts.5.test,392
frame_08_Zr_encoder.context.counts.6.train,331
frame_08_Zr_encoder.context.counts.6.test,386
frame_08_Zr_encoder.context.test_coverage,1.0
frame_08_Zr_encoder.context.balanced_accuracy,0.7013877616639717
frame_08_Zr_encoder.context.ap.0,0.700004151789261
frame_08_Zr_encoder.context.ap.1,0.9967869092305404
frame_08_Zr_encoder.context.ap.2,0.8860447331852549
frame_08_Zr_encoder.context.ap.3,
frame_08_Zr_encoder.context.ap.4,
frame_08_Zr_encoder.context.ap.5,0.5672261026849584
frame_08_Zr_encoder.context.ap.6,0.4562618888221087
frame_08_Zr_encoder.ptm.counts.0.train,1351
frame_08_Zr_encoder.ptm.counts.0.test,1587
frame_08_Zr_encoder.ptm.counts.1.train,0
frame_08_Zr_encoder.ptm.counts.1.test,1
frame_08_Zr_encoder.ptm.counts.2.train,1
frame_08_Zr_encoder.ptm.counts.2.test,2
frame_08_Zr_encoder.ptm.counts.3.train,525
frame_08_Zr_encoder.ptm.counts.3.test,213
frame_08_Zr_encoder.ptm.counts.4.train,8
frame_08_Zr_encoder.ptm.counts.4.test,14
frame_08_Zr_encoder.ptm.test_coverage,0.9906439185470556
frame_08_Zr_encoder.ptm.balanced_accuracy,0.9697675656966374
frame_08_Zr_encoder.ptm.ap.0,0.9917245207212443
frame_08_Zr_encoder.ptm.ap.1,
frame_08_Zr_encoder.ptm.ap.2,
frame_08_Zr_encoder.ptm.ap.3,0.9884216833540657
frame_08_Zr_encoder.ptm.ap.4,
frame_08_Zr_encoder.liquid_order.train_count,1228
frame_08_Zr_encoder.liquid_order.test_count,1511
frame_08_Zr_encoder.liquid_order.conditional_r2_gain,0.13814093172550201
frame_08_Zr_encoder.liquid_order.mean_r2,0.17793230712413788
frame_08_Zr_encoder.context_cutoff_008.counts.0.train,577
frame_08_Zr_encoder.context_cutoff_008.counts.0.test,733
frame_08_Zr_encoder.context_cutoff_008.counts.1.train,432
frame_08_Zr_encoder.context_cutoff_008.counts.1.test,150
frame_08_Zr_encoder.context_cutoff_008.counts.2.train,195
frame_08_Zr_encoder.context_cutoff_008.counts.2.test,121
frame_08_Zr_encoder.context_cutoff_008.counts.3.train,0
frame_08_Zr_encoder.context_cutoff_008.counts.3.test,0
frame_08_Zr_encoder.context_cutoff_008.counts.4.train,0
frame_08_Zr_encoder.context_cutoff_008.counts.4.test,0
frame_08_Zr_encoder.context_cutoff_008.counts.5.train,321
frame_08_Zr_encoder.context_cutoff_008.counts.5.test,392
frame_08_Zr_encoder.context_cutoff_008.counts.6.train,360
frame_08_Zr_encoder.context_cutoff_008.counts.6.test,421
frame_08_Zr_encoder.context_cutoff_008.test_coverage,1.0
frame_08_Zr_encoder.context_cutoff_008.balanced_accuracy,0.7157531732748104
frame_08_Zr_encoder.context_cutoff_008.ap.0,0.6983463584934055
frame_08_Zr_encoder.context_cutoff_008.ap.1,0.994701430055901
frame_08_Zr_encoder.context_cutoff_008.ap.2,0.9356229398643573
frame_08_Zr_encoder.context_cutoff_008.ap.3,
frame_08_Zr_encoder.context_cutoff_008.ap.4,
frame_08_Zr_encoder.context_cutoff_008.ap.5,0.5679746403053925
frame_08_Zr_encoder.context_cutoff_008.ap.6,0.5368736336737273
frame_08_Zr_encoder.context_cutoff_010.counts.0.train,576
frame_08_Zr_encoder.context_cutoff_010.counts.0.test,733
frame_08_Zr_encoder.context_cutoff_010.counts.1.train,446
frame_08_Zr_encoder.context_cutoff_010.counts.1.test,156
frame_08_Zr_encoder.context_cutoff_010.counts.2.train,211
frame_08_Zr_encoder.context_cutoff_010.counts.2.test,150
frame_08_Zr_encoder.context_cutoff_010.counts.3.train,0
frame_08_Zr_encoder.context_cutoff_010.counts.3.test,0
frame_08_Zr_encoder.context_cutoff_010.counts.4.train,0
frame_08_Zr_encoder.context_cutoff_010.counts.4.test,0
frame_08_Zr_encoder.context_cutoff_010.counts.5.train,321
frame_08_Zr_encoder.context_cutoff_010.counts.5.test,392
frame_08_Zr_encoder.context_cutoff_010.counts.6.train,331
frame_08_Zr_encoder.context_cutoff_010.counts.6.test,386
frame_08_Zr_encoder.context_cutoff_010.test_coverage,1.0
frame_08_Zr_encoder.context_cutoff_010.balanced_accuracy,0.7013877616639717
frame_08_Zr_encoder.context_cutoff_010.ap.0,0.700004151789261
frame_08_Zr_encoder.context_cutoff_010.ap.1,0.9967869092305404
frame_08_Zr_encoder.context_cutoff_010.ap.2,0.8860447331852549
frame_08_Zr_encoder.context_cutoff_010.ap.3,
frame_08_Zr_encoder.context_cutoff_010.ap.4,
frame_08_Zr_encoder.context_cutoff_010.ap.5,0.5672261026849584
frame_08_Zr_encoder.context_cutoff_010.ap.6,0.4562618888221087
frame_08_Zr_encoder.context_cutoff_012.counts.0.train,573
frame_08_Zr_encoder.context_cutoff_012.counts.0.test,726
frame_08_Zr_encoder.context_cutoff_012.counts.1.train,456
frame_08_Zr_encoder.context_cutoff_012.counts.1.test,163
frame_08_Zr_encoder.context_cutoff_012.counts.2.train,264
frame_08_Zr_encoder.context_cutoff_012.counts.2.test,220
frame_08_Zr_encoder.context_cutoff_012.counts.3.train,0
frame_08_Zr_encoder.context_cutoff_012.counts.3.test,0
frame_08_Zr_encoder.context_cutoff_012.counts.4.train,2
frame_08_Zr_encoder.context_cutoff_012.counts.4.test,0
frame_08_Zr_encoder.context_cutoff_012.counts.5.train,319
frame_08_Zr_encoder.context_cutoff_012.counts.5.test,390
frame_08_Zr_encoder.context_cutoff_012.counts.6.train,271
frame_08_Zr_encoder.context_cutoff_012.counts.6.test,318
frame_08_Zr_encoder.context_cutoff_012.test_coverage,1.0
frame_08_Zr_encoder.context_cutoff_012.balanced_accuracy,0.6476284228877647
frame_08_Zr_encoder.context_cutoff_012.ap.0,0.6926262995499821
frame_08_Zr_encoder.context_cutoff_012.ap.1,0.9916564787276724
frame_08_Zr_encoder.context_cutoff_012.ap.2,0.7618797704306757
frame_08_Zr_encoder.context_cutoff_012.ap.3,
frame_08_Zr_encoder.context_cutoff_012.ap.4,
frame_08_Zr_encoder.context_cutoff_012.ap.5,0.5654046941453215
frame_08_Zr_encoder.context_cutoff_012.ap.6,0.3485211854805894
frame_08_Zr_encoder.spatial.auc,0.5033980215018341
frame_08_Zr_encoder.spatial.pairs,1617
frame_08_Zr_encoder.spatial.changed_pairs,725
frame_08_Zr_encoder.spatial.bins,5
frame_08_Zr_encoder.spatial.same_label_normalized_distance,0.44360744334577945
frame_08_Zr_encoder.nonbulk_spatial.auc,0.4748224777879142
frame_08_Zr_encoder.nonbulk_spatial.pairs,1472
frame_08_Zr_encoder.nonbulk_spatial.changed_pairs,708
frame_08_Zr_encoder.nonbulk_spatial.bins,5
frame_08_Zr_encoder.nonbulk_spatial.same_label_normalized_distance,0.749629226438467
frame_08_Zr_encoder.shuffled_spatial.auc,0.49726855910268536
frame_08_Zr_encoder.shuffled_spatial.pairs,1472
frame_08_Zr_encoder.shuffled_spatial.changed_pairs,708
frame_08_Zr_encoder.shuffled_spatial.bins,5
frame_08_Zr_encoder.shuffled_spatial.same_label_normalized_distance,0.809961084122161
frame_08_Zr_encoder.collapsed_spatial.auc,0.5
frame_08_Zr_encoder.collapsed_spatial.pairs,1472
frame_08_Zr_encoder.collapsed_spatial.changed_pairs,708
frame_08_Zr_encoder.collapsed_spatial.bins,5
frame_08_Zr_encoder.collapsed_spatial.same_label_normalized_distance,
frame_08_Zr_encoder.liquid_topology.train_count,308
frame_08_Zr_encoder.liquid_topology.test_count,389
frame_08_Zr_encoder.liquid_topology.conditional_r2_gain,-1.9002879858016968
frame_08_Zr_encoder.liquid_topology.mean_r2,-1.9048041105270386
frame_08_Zr_encoder.nonbulk_cluster_ami,0.20877438972309548
frame_08_Zr_encoder.continuity_fixed_candidates_center_fixed.0.0001.pair_rms,4.369406399672304
frame_08_Zr_encoder.continuity_fixed_candidates_center_fixed.0.0001.normalized_median,0.00015890132625053267
frame_08_Zr_encoder.continuity_fixed_candidates_center_fixed.0.0001.normalized_p95,0.02619377885543848
frame_08_Zr_encoder.continuity_fixed_candidates_center_fixed.0.01.pair_rms,4.369406399672304
frame_08_Zr_encoder.continuity_fixed_candidates_center_fixed.0.01.normalized_median,0.1165116178996074
frame_08_Zr_encoder.continuity_fixed_candidates_center_fixed.0.01.normalized_p95,0.28953125234634863
frame_08_Zr_encoder.continuity_fixed_candidates_center_fixed.0.1.pair_rms,4.369406399672304
frame_08_Zr_encoder.continuity_fixed_candidates_center_fixed.0.1.normalized_median,0.30033788982881054
frame_08_Zr_encoder.continuity_fixed_candidates_center_fixed.0.1.normalized_p95,0.5968970957125179
frame_08_Zr_projector.collapse.effective_rank,3.783938077466407
frame_08_Zr_projector.collapse.variance,42.19594423700566
frame_08_Zr_projector.collapse.pair_rms,9.186505781526039
frame_08_Zr_projector.liquid_collapse.effective_rank,2.600020676477943
frame_08_Zr_projector.liquid_collapse.variance,7.781180131477824
frame_08_Zr_projector.liquid_collapse.pair_rms,3.9449157485243775
frame_08_Zr_projector.reference_coverage.liquid_fraction,0.739990234375
frame_08_Zr_projector.reference_coverage.cutoff_stable_fraction,0.935791015625
frame_08_Zr_projector.context.counts.0.train,576
frame_08_Zr_projector.context.counts.0.test,733
frame_08_Zr_projector.context.counts.1.train,446
frame_08_Zr_projector.context.counts.1.test,156
frame_08_Zr_projector.context.counts.2.train,211
frame_08_Zr_projector.context.counts.2.test,150
frame_08_Zr_projector.context.counts.3.train,0
frame_08_Zr_projector.context.counts.3.test,0
frame_08_Zr_projector.context.counts.4.train,0
frame_08_Zr_projector.context.counts.4.test,0
frame_08_Zr_projector.context.counts.5.train,321
frame_08_Zr_projector.context.counts.5.test,392
frame_08_Zr_projector.context.counts.6.train,331
frame_08_Zr_projector.context.counts.6.test,386
frame_08_Zr_projector.context.test_coverage,1.0
frame_08_Zr_projector.context.balanced_accuracy,0.6711364351136254
frame_08_Zr_projector.context.ap.0,0.6198530191023142
frame_08_Zr_projector.context.ap.1,0.9992535530643128
frame_08_Zr_projector.context.ap.2,0.9089412683327535
frame_08_Zr_projector.context.ap.3,
frame_08_Zr_projector.context.ap.4,
frame_08_Zr_projector.context.ap.5,0.38638792978629966
frame_08_Zr_projector.context.ap.6,0.46410291653602537
frame_08_Zr_projector.ptm.counts.0.train,1351
frame_08_Zr_projector.ptm.counts.0.test,1587
frame_08_Zr_projector.ptm.counts.1.train,0
frame_08_Zr_projector.ptm.counts.1.test,1
frame_08_Zr_projector.ptm.counts.2.train,1
frame_08_Zr_projector.ptm.counts.2.test,2
frame_08_Zr_projector.ptm.counts.3.train,525
frame_08_Zr_projector.ptm.counts.3.test,213
frame_08_Zr_projector.ptm.counts.4.train,8
frame_08_Zr_projector.ptm.counts.4.test,14
frame_08_Zr_projector.ptm.test_coverage,0.9906439185470556
frame_08_Zr_projector.ptm.balanced_accuracy,0.965214728826646
frame_08_Zr_projector.ptm.ap.0,0.9833133256164643
frame_08_Zr_projector.ptm.ap.1,
frame_08_Zr_projector.ptm.ap.2,
frame_08_Zr_projector.ptm.ap.3,0.9800916311224326
frame_08_Zr_projector.ptm.ap.4,
frame_08_Zr_projector.liquid_order.train_count,1228
frame_08_Zr_projector.liquid_order.test_count,1511
frame_08_Zr_projector.liquid_order.conditional_r2_gain,0.11514520645141602
frame_08_Zr_projector.liquid_order.mean_r2,0.12285295873880386
frame_08_Zr_projector.context_cutoff_008.counts.0.train,577
frame_08_Zr_projector.context_cutoff_008.counts.0.test,733
frame_08_Zr_projector.context_cutoff_008.counts.1.train,432
frame_08_Zr_projector.context_cutoff_008.counts.1.test,150
frame_08_Zr_projector.context_cutoff_008.counts.2.train,195
frame_08_Zr_projector.context_cutoff_008.counts.2.test,121
frame_08_Zr_projector.context_cutoff_008.counts.3.train,0
frame_08_Zr_projector.context_cutoff_008.counts.3.test,0
frame_08_Zr_projector.context_cutoff_008.counts.4.train,0
frame_08_Zr_projector.context_cutoff_008.counts.4.test,0
frame_08_Zr_projector.context_cutoff_008.counts.5.train,321
frame_08_Zr_projector.context_cutoff_008.counts.5.test,392
frame_08_Zr_projector.context_cutoff_008.counts.6.train,360
frame_08_Zr_projector.context_cutoff_008.counts.6.test,421
frame_08_Zr_projector.context_cutoff_008.test_coverage,1.0
frame_08_Zr_projector.context_cutoff_008.balanced_accuracy,0.6824759810051038
frame_08_Zr_projector.context_cutoff_008.ap.0,0.6189225896242238
frame_08_Zr_projector.context_cutoff_008.ap.1,0.9967358771521719
frame_08_Zr_projector.context_cutoff_008.ap.2,0.9505607390770474
frame_08_Zr_projector.context_cutoff_008.ap.3,
frame_08_Zr_projector.context_cutoff_008.ap.4,
frame_08_Zr_projector.context_cutoff_008.ap.5,0.38478366126811525
frame_08_Zr_projector.context_cutoff_008.ap.6,0.5387378713319565
frame_08_Zr_projector.context_cutoff_010.counts.0.train,576
frame_08_Zr_projector.context_cutoff_010.counts.0.test,733
frame_08_Zr_projector.context_cutoff_010.counts.1.train,446
frame_08_Zr_projector.context_cutoff_010.counts.1.test,156
frame_08_Zr_projector.context_cutoff_010.counts.2.train,211
frame_08_Zr_projector.context_cutoff_010.counts.2.test,150
frame_08_Zr_projector.context_cutoff_010.counts.3.train,0
frame_08_Zr_projector.context_cutoff_010.counts.3.test,0
frame_08_Zr_projector.context_cutoff_010.counts.4.train,0
frame_08_Zr_projector.context_cutoff_010.counts.4.test,0
frame_08_Zr_projector.context_cutoff_010.counts.5.train,321
frame_08_Zr_projector.context_cutoff_010.counts.5.test,392
frame_08_Zr_projector.context_cutoff_010.counts.6.train,331
frame_08_Zr_projector.context_cutoff_010.counts.6.test,386
frame_08_Zr_projector.context_cutoff_010.test_coverage,1.0
frame_08_Zr_projector.context_cutoff_010.balanced_accuracy,0.6711364351136254
frame_08_Zr_projector.context_cutoff_010.ap.0,0.6198530191023142
frame_08_Zr_projector.context_cutoff_010.ap.1,0.9992535530643128
frame_08_Zr_projector.context_cutoff_010.ap.2,0.9089412683327535
frame_08_Zr_projector.context_cutoff_010.ap.3,
frame_08_Zr_projector.context_cutoff_010.ap.4,
frame_08_Zr_projector.context_cutoff_010.ap.5,0.38638792978629966
frame_08_Zr_projector.context_cutoff_010.ap.6,0.46410291653602537
frame_08_Zr_projector.context_cutoff_012.counts.0.train,573
frame_08_Zr_projector.context_cutoff_012.counts.0.test,726
frame_08_Zr_projector.context_cutoff_012.counts.1.train,456
frame_08_Zr_projector.context_cutoff_012.counts.1.test,163
frame_08_Zr_projector.context_cutoff_012.counts.2.train,264
frame_08_Zr_projector.context_cutoff_012.counts.2.test,220
frame_08_Zr_projector.context_cutoff_012.counts.3.train,0
frame_08_Zr_projector.context_cutoff_012.counts.3.test,0
frame_08_Zr_projector.context_cutoff_012.counts.4.train,2
frame_08_Zr_projector.context_cutoff_012.counts.4.test,0
frame_08_Zr_projector.context_cutoff_012.counts.5.train,319
frame_08_Zr_projector.context_cutoff_012.counts.5.test,390
frame_08_Zr_projector.context_cutoff_012.counts.6.train,271
frame_08_Zr_projector.context_cutoff_012.counts.6.test,318
frame_08_Zr_projector.context_cutoff_012.test_coverage,1.0
frame_08_Zr_projector.context_cutoff_012.balanced_accuracy,0.6121949084319519
frame_08_Zr_projector.context_cutoff_012.ap.0,0.6191741254790984
frame_08_Zr_projector.context_cutoff_012.ap.1,0.9898104399618717
frame_08_Zr_projector.context_cutoff_012.ap.2,0.7897423376435084
frame_08_Zr_projector.context_cutoff_012.ap.3,
frame_08_Zr_projector.context_cutoff_012.ap.4,
frame_08_Zr_projector.context_cutoff_012.ap.5,0.38640186006699373
frame_08_Zr_projector.context_cutoff_012.ap.6,0.32226941692877453
frame_08_Zr_projector.spatial.auc,0.5127017285747434
frame_08_Zr_projector.spatial.pairs,1617
frame_08_Zr_projector.spatial.changed_pairs,725
frame_08_Zr_projector.spatial.bins,5
frame_08_Zr_projector.spatial.same_label_normalized_distance,0.5018322622762755
frame_08_Zr_projector.nonbulk_spatial.auc,0.4724770701738792
frame_08_Zr_projector.nonbulk_spatial.pairs,1472
frame_08_Zr_projector.nonbulk_spatial.changed_pairs,708
frame_08_Zr_projector.nonbulk_spatial.bins,5
frame_08_Zr_projector.nonbulk_spatial.same_label_normalized_distance,0.6232262560299675
frame_08_Zr_projector.shuffled_spatial.auc,0.4944302688014009
frame_08_Zr_projector.shuffled_spatial.pairs,1472
frame_08_Zr_projector.shuffled_spatial.changed_pairs,708
frame_08_Zr_projector.shuffled_spatial.bins,5
frame_08_Zr_projector.shuffled_spatial.same_label_normalized_distance,0.8114174503943979
frame_08_Zr_projector.collapsed_spatial.auc,0.5
frame_08_Zr_projector.collapsed_spatial.pairs,1472
frame_08_Zr_projector.collapsed_spatial.changed_pairs,708
frame_08_Zr_projector.collapsed_spatial.bins,5
frame_08_Zr_projector.collapsed_spatial.same_label_normalized_distance,
frame_08_Zr_projector.liquid_topology.train_count,308
frame_08_Zr_projector.liquid_topology.test_count,389
frame_08_Zr_projector.liquid_topology.conditional_r2_gain,-0.4548758864402771
frame_08_Zr_projector.liquid_topology.mean_r2,-0.49832284450531006
frame_08_Zr_projector.nonbulk_cluster_ami,0.23455385226021216
frame_08_Zr_projector.continuity_fixed_candidates_center_fixed.0.0001.pair_rms,9.683688077179209
frame_08_Zr_projector.continuity_fixed_candidates_center_fixed.0.0001.normalized_median,0.00013029074551142066
frame_08_Zr_projector.continuity_fixed_candidates_center_fixed.0.0001.normalized_p95,0.011060460988425537
frame_08_Zr_projector.continuity_fixed_candidates_center_fixed.0.01.pair_rms,9.683688077179209
frame_08_Zr_projector.continuity_fixed_candidates_center_fixed.0.01.normalized_median,0.08515538850044106
frame_08_Zr_projector.continuity_fixed_candidates_center_fixed.0.01.normalized_p95,0.2813753554155807
frame_08_Zr_projector.continuity_fixed_candidates_center_fixed.0.1.pair_rms,9.683688077179209
frame_08_Zr_projector.continuity_fixed_candidates_center_fixed.0.1.normalized_median,0.2448568494298322
frame_08_Zr_projector.continuity_fixed_candidates_center_fixed.0.1.normalized_p95,1.0317707511025862
prediction_encoder.future_residual_9ps.groups.all.rows,960
prediction_encoder.future_residual_9ps.groups.all.sources,15
prediction_encoder.future_residual_9ps.groups.all.mse,1.3814654552552383
prediction_encoder.future_residual_9ps.groups.PTM_other.rows,686
prediction_encoder.future_residual_9ps.groups.PTM_other.sources,15
prediction_encoder.future_residual_9ps.groups.PTM_other.mse,1.78154500034523
prediction_encoder.future_residual_9ps.groups.PTM_crystalline.rows,274
prediction_encoder.future_residual_9ps.groups.PTM_crystalline.sources,13
prediction_encoder.future_residual_9ps.groups.PTM_crystalline.mse,0.5925762054407699
prediction_encoder.future_residual_9ps.groups.T400.rows,192
prediction_encoder.future_residual_9ps.groups.T400.sources,3
prediction_encoder.future_residual_9ps.groups.T400.mse,1.5465980803904433
prediction_encoder.future_residual_9ps.groups.T450.rows,192
prediction_encoder.future_residual_9ps.groups.T450.sources,3
prediction_encoder.future_residual_9ps.groups.T450.mse,1.3448051250500916
prediction_encoder.future_residual_9ps.groups.T500.rows,192
prediction_encoder.future_residual_9ps.groups.T500.sources,3
prediction_encoder.future_residual_9ps.groups.T500.mse,1.2280775666586123
prediction_encoder.future_residual_9ps.groups.T510.rows,192
prediction_encoder.future_residual_9ps.groups.T510.sources,3
prediction_encoder.future_residual_9ps.groups.T510.mse,1.2716225233355847
prediction_encoder.future_residual_9ps.groups.T520.rows,192
prediction_encoder.future_residual_9ps.groups.T520.sources,3
prediction_encoder.future_residual_9ps.groups.T520.mse,1.5162239808414597
prediction_encoder.future_residual_9ps.per_source.876,1.3302407264709473
prediction_encoder.future_residual_9ps.per_source.878,1.826654314994812
prediction_encoder.future_residual_9ps.per_source.879,1.3917770385742188
prediction_encoder.future_residual_9ps.per_source.902,1.6174713373184204
prediction_encoder.future_residual_9ps.per_source.903,1.4012031555175781
prediction_encoder.future_residual_9ps.per_source.906,1.6211196184158325
prediction_encoder.future_residual_9ps.per_source.935,1.6423327922821045
prediction_encoder.future_residual_9ps.per_source.936,1.360241174697876
prediction_encoder.future_residual_9ps.per_source.937,1.031841516494751
prediction_encoder.future_residual_9ps.per_source.963,0.702072262763977
prediction_encoder.future_residual_9ps.per_source.965,1.5657117366790771
prediction_encoder.future_residual_9ps.per_source.967,1.4164485931396484
prediction_encoder.future_residual_9ps.per_source.992,0.7415002584457397
prediction_encoder.future_residual_9ps.per_source.994,1.3367133140563965
prediction_encoder.future_residual_9ps.per_source.997,1.7366539239883423
prediction_encoder.residual_constant.groups.all.rows,960
prediction_encoder.residual_constant.groups.all.sources,15
prediction_encoder.residual_constant.groups.all.mse,1.332023421890335
prediction_encoder.residual_constant.groups.PTM_other.rows,686
prediction_encoder.residual_constant.groups.PTM_other.sources,15
prediction_encoder.residual_constant.groups.PTM_other.mse,1.7201624557924204
prediction_encoder.residual_constant.groups.PTM_crystalline.rows,274
prediction_encoder.residual_constant.groups.PTM_crystalline.sources,13
prediction_encoder.residual_constant.groups.PTM_crystalline.mse,0.6290717859534679
prediction_encoder.residual_constant.groups.T400.rows,192
prediction_encoder.residual_constant.groups.T400.sources,3
prediction_encoder.residual_constant.groups.T400.mse,1.4719453435391188
prediction_encoder.residual_constant.groups.T450.rows,192
prediction_encoder.residual_constant.groups.T450.sources,3
prediction_encoder.residual_constant.groups.T450.mse,1.296212443509527
prediction_encoder.residual_constant.groups.T500.rows,192
prediction_encoder.residual_constant.groups.T500.sources,3
prediction_encoder.residual_constant.groups.T500.mse,1.1845963720988948
prediction_encoder.residual_constant.groups.T510.rows,192
prediction_encoder.residual_constant.groups.T510.sources,3
prediction_encoder.residual_constant.groups.T510.mse,1.227402587159304
prediction_encoder.residual_constant.groups.T520.rows,192
prediction_encoder.residual_constant.groups.T520.sources,3
prediction_encoder.residual_constant.groups.T520.mse,1.479960363144831
prediction_encoder.residual_constant.per_source.876,1.2510082721710205
prediction_encoder.residual_constant.per_source.878,1.784614086151123
prediction_encoder.residual_constant.per_source.879,1.4042587280273438
prediction_encoder.residual_constant.per_source.902,1.5010030269622803
prediction_encoder.residual_constant.per_source.903,1.3775594234466553
prediction_encoder.residual_constant.per_source.906,1.537273645401001
prediction_encoder.residual_constant.per_source.935,1.6242361068725586
prediction_encoder.residual_constant.per_source.936,1.31929349899292
prediction_encoder.residual_constant.per_source.937,0.9451076984405518
prediction_encoder.residual_constant.per_source.963,0.6611502170562744
prediction_encoder.residual_constant.per_source.965,1.5156984329223633
prediction_encoder.residual_constant.per_source.967,1.3769402503967285
prediction_encoder.residual_constant.per_source.992,0.6967796087265015
prediction_encoder.residual_constant.per_source.994,1.2939176559448242
prediction_encoder.residual_constant.per_source.997,1.6915104389190674
prediction_encoder.conditional_hazard.rows,643
prediction_encoder.conditional_hazard.events_12ps,18
prediction_encoder.conditional_hazard.nll,0.1887188583326055
prediction_encoder.conditional_hazard.best_step,128
prediction_encoder.conditional_hazard.tuning_nll,0.2549111692254814
prediction_encoder.conditional_hazard.per_source.876,0.025517597794532776
prediction_encoder.conditional_hazard.per_source.878,0.11352277547121048
prediction_encoder.conditional_hazard.per_source.879,0.016233084723353386
prediction_encoder.conditional_hazard.per_source.902,0.019277174025774002
prediction_encoder.conditional_hazard.per_source.903,0.019736364483833313
prediction_encoder.conditional_hazard.per_source.906,0.04100685566663742
prediction_encoder.conditional_hazard.per_source.935,0.4609454274177551
prediction_encoder.conditional_hazard.per_source.936,0.25327759981155396
prediction_encoder.conditional_hazard.per_source.937,0.21821221709251404
prediction_encoder.conditional_hazard.per_source.963,0.08127845078706741
prediction_encoder.conditional_hazard.per_source.965,0.6048231720924377
prediction_encoder.conditional_hazard.per_source.967,0.32992950081825256
prediction_encoder.conditional_hazard.per_source.992,0.11315760016441345
prediction_encoder.conditional_hazard.per_source.994,0.18869580328464508
prediction_encoder.conditional_hazard.per_source.997,0.3451693654060364
prediction_encoder.conditional_hazard.horizons.0.75.n,643
prediction_encoder.conditional_hazard.horizons.0.75.sources,15
prediction_encoder.conditional_hazard.horizons.0.75.prevalence,0.0
prediction_encoder.conditional_hazard.horizons.0.75.log_loss,0.006934281890213811
prediction_encoder.conditional_hazard.horizons.0.75.brier,0.0013835895091238997
prediction_encoder.conditional_hazard.horizons.0.75.average_precision,
prediction_encoder.conditional_hazard.horizons.0.75.threshold,0.0062258075922727585
prediction_encoder.conditional_hazard.horizons.0.75.recall,
prediction_encoder.conditional_hazard.horizons.0.75.false_positive_rate,0.07287148622612116
prediction_encoder.conditional_hazard.horizons.0.75.precision,0.0
prediction_encoder.conditional_hazard.horizons.0.75.events,0
prediction_encoder.conditional_hazard.horizons.0.75.missed,0
prediction_encoder.conditional_hazard.horizons.0.75.detected_timing_mae_ps,
prediction_encoder.conditional_hazard.horizons.0.75.timed_within_3ps_recall,
prediction_encoder.conditional_hazard.horizons.3.0.n,643
prediction_encoder.conditional_hazard.horizons.3.0.sources,15
prediction_encoder.conditional_hazard.horizons.3.0.prevalence,0.004964157706093189
prediction_encoder.conditional_hazard.horizons.3.0.log_loss,0.035460938102215865
prediction_encoder.conditional_hazard.horizons.3.0.brier,0.008140817216815036
prediction_encoder.conditional_hazard.horizons.3.0.average_precision,0.05212684222525808
prediction_encoder.conditional_hazard.horizons.3.0.threshold,0.02613837830722332
prediction_encoder.conditional_hazard.horizons.3.0.recall,1.0
prediction_encoder.conditional_hazard.horizons.3.0.false_positive_rate,0.08139755849754958
prediction_encoder.conditional_hazard.horizons.3.0.precision,0.057751205898023995
prediction_encoder.conditional_hazard.horizons.3.0.events,3
prediction_encoder.conditional_hazard.horizons.3.0.missed,0
prediction_encoder.conditional_hazard.horizons.3.0.detected_timing_mae_ps,0.19656217658575317
prediction_encoder.conditional_hazard.horizons.3.0.timed_within_3ps_recall,1.0
prediction_encoder.conditional_hazard.horizons.6.0.n,643
prediction_encoder.conditional_hazard.horizons.6.0.sources,15
prediction_encoder.conditional_hazard.horizons.6.0.prevalence,0.012423636212083323
prediction_encoder.conditional_hazard.horizons.6.0.log_loss,0.06644340188532112
prediction_encoder.conditional_hazard.horizons.6.0.brier,0.016077391183449953
prediction_encoder.conditional_hazard.horizons.6.0.average_precision,0.07878367362756136
prediction_encoder.conditional_hazard.horizons.6.0.threshold,0.048034269362688065
prediction_encoder.conditional_hazard.horizons.6.0.recall,0.6869765966660771
prediction_encoder.conditional_hazard.horizons.6.0.false_positive_rate,0.06711229273681663
prediction_encoder.conditional_hazard.horizons.6.0.precision,0.11408067459192243
prediction_encoder.conditional_hazard.horizons.6.0.events,7
prediction_encoder.conditional_hazard.horizons.6.0.missed,2
prediction_encoder.conditional_hazard.horizons.6.0.detected_timing_mae_ps,1.315461589434626
prediction_encoder.conditional_hazard.horizons.6.0.timed_within_3ps_recall,0.7142857142857143
prediction_encoder.conditional_hazard.horizons.9.0.n,643
prediction_encoder.conditional_hazard.horizons.9.0.sources,15
prediction_encoder.conditional_hazard.horizons.9.0.prevalence,0.02264552139352361
prediction_encoder.conditional_hazard.horizons.9.0.log_loss,0.1116478837025586
prediction_encoder.conditional_hazard.horizons.9.0.brier,0.025698441161886663
prediction_encoder.conditional_hazard.horizons.9.0.average_precision,0.07521092011678562
prediction_encoder.conditional_hazard.horizons.9.0.threshold,0.0578896664083004
prediction_encoder.conditional_hazard.horizons.9.0.recall,0.4453478789398908
prediction_encoder.conditional_hazard.horizons.9.0.false_positive_rate,0.07967080671363903
prediction_encoder.conditional_hazard.horizons.9.0.precision,0.11466667103188276
prediction_encoder.conditional_hazard.horizons.9.0.events,13
prediction_encoder.conditional_hazard.horizons.9.0.missed,7
prediction_encoder.conditional_hazard.horizons.9.0.detected_timing_mae_ps,2.0799466672308675
prediction_encoder.conditional_hazard.horizons.9.0.timed_within_3ps_recall,0.3076923076923077
prediction_encoder.conditional_hazard.horizons.12.0.n,643
prediction_encoder.conditional_hazard.horizons.12.0.sources,15
prediction_encoder.conditional_hazard.horizons.12.0.prevalence,0.032479084681539046
prediction_encoder.conditional_hazard.horizons.12.0.log_loss,0.1415757233931132
prediction_encoder.conditional_hazard.horizons.12.0.brier,0.03469095218855257
prediction_encoder.conditional_hazard.horizons.12.0.average_precision,0.1427323723803127
prediction_encoder.conditional_hazard.horizons.12.0.threshold,0.062136661261320114
prediction_encoder.conditional_hazard.horizons.12.0.recall,0.4312530259051907
prediction_encoder.conditional_hazard.horizons.12.0.false_positive_rate,0.07537868180533389
prediction_encoder.conditional_hazard.horizons.12.0.precision,0.16111297391401394
prediction_encoder.conditional_hazard.horizons.12.0.events,18
prediction_encoder.conditional_hazard.horizons.12.0.missed,11
prediction_encoder.conditional_hazard.horizons.12.0.detected_timing_mae_ps,2.6689635003473375
prediction_encoder.conditional_hazard.horizons.12.0.timed_within_3ps_recall,0.2222222222222222
prediction_encoder.temporal_response.low_change_threshold,1.2580139935016632
prediction_encoder.temporal_response.high_change_threshold,4.198172450065613
prediction_encoder.temporal_response.domains.all.pairs,720
prediction_encoder.temporal_response.domains.all.quiet,103
prediction_encoder.temporal_response.domains.all.changed,176
prediction_encoder.temporal_response.domains.all.change_distance_spearman,0.5251195507707384
prediction_encoder.temporal_response.domains.all.response_auc,0.8658980582524273
prediction_encoder.temporal_response.domains.all.quiet_normalized_distance,0.3074779856439943
prediction_encoder.temporal_response.domains.all.changed_normalized_distance,1.0091569244840328
prediction_encoder.temporal_response.domains.both_PTM_other.pairs,437
prediction_encoder.temporal_response.domains.both_PTM_other.quiet,15
prediction_encoder.temporal_response.domains.both_PTM_other.changed,67
prediction_encoder.temporal_response.domains.both_PTM_other.change_distance_spearman,0.22627141480422946
prediction_encoder.temporal_response.domains.both_PTM_other.response_auc,0.7691542288557214
prediction_encoder.temporal_response.domains.both_PTM_other.quiet_normalized_distance,0.21281162348840513
prediction_encoder.temporal_response.domains.both_PTM_other.changed_normalized_distance,0.3763722797677353
prediction_projector.future_residual_9ps.groups.all.rows,960
prediction_projector.future_residual_9ps.groups.all.sources,15
prediction_projector.future_residual_9ps.groups.all.mse,1.3396754660469012
prediction_projector.future_residual_9ps.groups.PTM_other.rows,686
prediction_projector.future_residual_9ps.groups.PTM_other.sources,15
prediction_projector.future_residual_9ps.groups.PTM_other.mse,1.731319905144175
prediction_projector.future_residual_9ps.groups.PTM_crystalline.rows,274
prediction_projector.future_residual_9ps.groups.PTM_crystalline.sources,13
prediction_projector.future_residual_9ps.groups.PTM_crystalline.mse,0.6778837542234314
prediction_projector.future_residual_9ps.groups.T400.rows,192
prediction_projector.future_residual_9ps.groups.T400.sources,3
prediction_projector.future_residual_9ps.groups.T400.mse,1.4710689041142662
prediction_projector.future_residual_9ps.groups.T450.rows,192
prediction_projector.future_residual_9ps.groups.T450.sources,3
prediction_projector.future_residual_9ps.groups.T450.mse,1.293740303614565
prediction_projector.future_residual_9ps.groups.T500.rows,192
prediction_projector.future_residual_9ps.groups.T500.sources,3
prediction_projector.future_residual_9ps.groups.T500.mse,1.2070539677612637
prediction_projector.future_residual_9ps.groups.T510.rows,192
prediction_projector.future_residual_9ps.groups.T510.sources,3
prediction_projector.future_residual_9ps.groups.T510.mse,1.226237755899395
prediction_projector.future_residual_9ps.groups.T520.rows,192
prediction_projector.future_residual_9ps.groups.T520.sources,3
prediction_projector.future_residual_9ps.groups.T520.mse,1.500276398845017
prediction_projector.future_residual_9ps.per_source.876,1.2991583347320557
prediction_projector.future_residual_9ps.per_source.878,1.7980127334594727
prediction_projector.future_residual_9ps.per_source.879,1.403658151626587
prediction_projector.future_residual_9ps.per_source.902,1.5043058395385742
prediction_projector.future_residual_9ps.per_source.903,1.397983193397522
prediction_projector.future_residual_9ps.per_source.906,1.5109176635742188
prediction_projector.future_residual_9ps.per_source.935,1.5914099216461182
prediction_projector.future_residual_9ps.per_source.936,1.325936198234558
prediction_projector.future_residual_9ps.per_source.937,0.9638749361038208
prediction_projector.future_residual_9ps.per_source.963,0.6690902709960938
prediction_projector.future_residual_9ps.per_source.965,1.540809988975525
prediction_projector.future_residual_9ps.per_source.967,1.4112615585327148
prediction_projector.future_residual_9ps.per_source.992,0.7063438892364502
prediction_projector.future_residual_9ps.per_source.994,1.2827661037445068
prediction_projector.future_residual_9ps.per_source.997,1.689603328704834
prediction_projector.residual_constant.groups.all.rows,960
prediction_projector.residual_constant.groups.all.sources,15
prediction_projector.residual_constant.groups.all.mse,1.332023421890335
prediction_projector.residual_constant.groups.PTM_other.rows,686
prediction_projector.residual_constant.groups.PTM_other.sources,15
prediction_projector.residual_constant.groups.PTM_other.mse,1.7201624557924204
prediction_projector.residual_constant.groups.PTM_crystalline.rows,274
prediction_projector.residual_constant.groups.PTM_crystalline.sources,13
prediction_projector.residual_constant.groups.PTM_crystalline.mse,0.6290717859534679
prediction_projector.residual_constant.groups.T400.rows,192
prediction_projector.residual_constant.groups.T400.sources,3
prediction_projector.residual_constant.groups.T400.mse,1.4719453435391188
prediction_projector.residual_constant.groups.T450.rows,192
prediction_projector.residual_constant.groups.T450.sources,3
prediction_projector.residual_constant.groups.T450.mse,1.296212443509527
prediction_projector.residual_constant.groups.T500.rows,192
prediction_projector.residual_constant.groups.T500.sources,3
prediction_projector.residual_constant.groups.T500.mse,1.1845963720988948
prediction_projector.residual_constant.groups.T510.rows,192
prediction_projector.residual_constant.groups.T510.sources,3
prediction_projector.residual_constant.groups.T510.mse,1.227402587159304
prediction_projector.residual_constant.groups.T520.rows,192
prediction_projector.residual_constant.groups.T520.sources,3
prediction_projector.residual_constant.groups.T520.mse,1.479960363144831
prediction_projector.residual_constant.per_source.876,1.2510082721710205
prediction_projector.residual_constant.per_source.878,1.784614086151123
prediction_projector.residual_constant.per_source.879,1.4042587280273438
prediction_projector.residual_constant.per_source.902,1.5010030269622803
prediction_projector.residual_constant.per_source.903,1.3775594234466553
prediction_projector.residual_constant.per_source.906,1.537273645401001
prediction_projector.residual_constant.per_source.935,1.6242361068725586
prediction_projector.residual_constant.per_source.936,1.31929349899292
prediction_projector.residual_constant.per_source.937,0.9451076984405518
prediction_projector.residual_constant.per_source.963,0.6611502170562744
prediction_projector.residual_constant.per_source.965,1.5156984329223633
prediction_projector.residual_constant.per_source.967,1.3769402503967285
prediction_projector.residual_constant.per_source.992,0.6967796087265015
prediction_projector.residual_constant.per_source.994,1.2939176559448242
prediction_projector.residual_constant.per_source.997,1.6915104389190674
prediction_projector.conditional_hazard.rows,643
prediction_projector.conditional_hazard.events_12ps,18
prediction_projector.conditional_hazard.nll,0.1982213646099403
prediction_projector.conditional_hazard.best_step,128
prediction_projector.conditional_hazard.tuning_nll,0.24335762816700787
prediction_projector.conditional_hazard.per_source.876,0.03069436177611351
prediction_projector.conditional_hazard.per_source.878,0.11035969853401184
prediction_projector.conditional_hazard.per_source.879,0.01669495739042759
prediction_projector.conditional_hazard.per_source.902,0.019987013190984726
prediction_projector.conditional_hazard.per_source.903,0.020401205867528915
prediction_projector.conditional_hazard.per_source.906,0.028091777116060257
prediction_projector.conditional_hazard.per_source.935,0.48513585329055786
prediction_projector.conditional_hazard.per_source.936,0.2449546605348587
prediction_projector.conditional_hazard.per_source.937,0.20392422378063202
prediction_projector.conditional_hazard.per_source.963,0.08881036937236786
prediction_projector.conditional_hazard.per_source.965,0.7389962673187256
prediction_projector.conditional_hazard.per_source.967,0.32931846380233765
prediction_projector.conditional_hazard.per_source.992,0.15991471707820892
prediction_projector.conditional_hazard.per_source.994,0.17978599667549133
prediction_projector.conditional_hazard.per_source.997,0.3162510097026825
prediction_projector.conditional_hazard.horizons.0.75.n,643
prediction_projector.conditional_hazard.horizons.0.75.sources,15
prediction_projector.conditional_hazard.horizons.0.75.prevalence,0.0
prediction_projector.conditional_hazard.horizons.0.75.log_loss,0.01681603085897878
prediction_projector.conditional_hazard.horizons.0.75.brier,0.004667103048851162
prediction_projector.conditional_hazard.horizons.0.75.average_precision,
prediction_projector.conditional_hazard.horizons.0.75.threshold,0.005326626356691122
prediction_projector.conditional_hazard.horizons.0.75.recall,
prediction_projector.conditional_hazard.horizons.0.75.false_positive_rate,0.07872966263525052
prediction_projector.conditional_hazard.horizons.0.75.precision,0.0
prediction_projector.conditional_hazard.horizons.0.75.events,0
prediction_projector.conditional_hazard.horizons.0.75.missed,0
prediction_projector.conditional_hazard.horizons.0.75.detected_timing_mae_ps,
prediction_projector.conditional_hazard.horizons.0.75.timed_within_3ps_recall,
prediction_projector.conditional_hazard.horizons.3.0.n,643
prediction_projector.conditional_hazard.horizons.3.0.sources,15
prediction_projector.conditional_hazard.horizons.3.0.prevalence,0.004964157706093189
prediction_projector.conditional_hazard.horizons.3.0.log_loss,0.046753576761917465
prediction_projector.conditional_hazard.horizons.3.0.brier,0.01203694831946571
prediction_projector.conditional_hazard.horizons.3.0.average_precision,0.07729228403289944
prediction_projector.conditional_hazard.horizons.3.0.threshold,0.022600630298256874
prediction_projector.conditional_hazard.horizons.3.0.recall,1.0
prediction_projector.conditional_hazard.horizons.3.0.false_positive_rate,0.07208748388051443
prediction_projector.conditional_hazard.horizons.3.0.precision,0.06472698557358628
prediction_projector.conditional_hazard.horizons.3.0.events,3
prediction_projector.conditional_hazard.horizons.3.0.missed,0
prediction_projector.conditional_hazard.horizons.3.0.detected_timing_mae_ps,0.29782160101740934
prediction_projector.conditional_hazard.horizons.3.0.timed_within_3ps_recall,1.0
prediction_projector.conditional_hazard.horizons.6.0.n,643
prediction_projector.conditional_hazard.horizons.6.0.sources,15
prediction_projector.conditional_hazard.horizons.6.0.prevalence,0.012423636212083323
prediction_projector.conditional_hazard.horizons.6.0.log_loss,0.0790949566016839
prediction_projector.conditional_hazard.horizons.6.0.brier,0.02000503446138729
prediction_projector.conditional_hazard.horizons.6.0.average_precision,0.16740743448154113
prediction_projector.conditional_hazard.horizons.6.0.threshold,0.03981434926390648
prediction_projector.conditional_hazard.horizons.6.0.recall,0.6869765966660771
prediction_projector.conditional_hazard.horizons.6.0.false_positive_rate,0.06724739434583067
prediction_projector.conditional_hazard.horizons.6.0.precision,0.11387758350501062
prediction_projector.conditional_hazard.horizons.6.0.events,7
prediction_projector.conditional_hazard.horizons.6.0.missed,2
prediction_projector.conditional_hazard.horizons.6.0.detected_timing_mae_ps,1.3202819651748365
prediction_projector.conditional_hazard.horizons.6.0.timed_within_3ps_recall,0.7142857142857143
prediction_projector.conditional_hazard.horizons.9.0.n,643
prediction_projector.conditional_hazard.horizons.9.0.sources,15
prediction_projector.conditional_hazard.horizons.9.0.prevalence,0.02264552139352361
prediction_projector.conditional_hazard.horizons.9.0.log_loss,0.12235229414114779
prediction_projector.conditional_hazard.horizons.9.0.brier,0.029523796798056036
prediction_projector.conditional_hazard.horizons.9.0.average_precision,0.12331783302473319
prediction_projector.conditional_hazard.horizons.9.0.threshold,0.07720177620649338
prediction_projector.conditional_hazard.horizons.9.0.recall,0.4453478789398908
prediction_projector.conditional_hazard.horizons.9.0.false_positive_rate,0.056546142151785335
prediction_projector.conditional_hazard.horizons.9.0.precision,0.15432314619171753
prediction_projector.conditional_hazard.horizons.9.0.events,13
prediction_projector.conditional_hazard.horizons.9.0.missed,7
prediction_projector.conditional_hazard.horizons.9.0.detected_timing_mae_ps,2.1540586875871663
prediction_projector.conditional_hazard.horizons.9.0.timed_within_3ps_recall,0.3076923076923077
prediction_projector.conditional_hazard.horizons.12.0.n,643
prediction_projector.conditional_hazard.horizons.12.0.sources,15
prediction_projector.conditional_hazard.horizons.12.0.prevalence,0.032479084681539046
prediction_projector.conditional_hazard.horizons.12.0.log_loss,0.1497692160651713
prediction_projector.conditional_hazard.horizons.12.0.brier,0.03704972411335536
prediction_projector.conditional_hazard.horizons.12.0.average_precision,0.17180653669773094
prediction_projector.conditional_hazard.horizons.12.0.threshold,0.09508375078439713
prediction_projector.conditional_hazard.horizons.12.0.recall,0.3799379508958881
prediction_projector.conditional_hazard.horizons.12.0.false_positive_rate,0.05488092482212617
prediction_projector.conditional_hazard.horizons.12.0.precision,0.18857462727564722
prediction_projector.conditional_hazard.horizons.12.0.events,18
prediction_projector.conditional_hazard.horizons.12.0.missed,12
prediction_projector.conditional_hazard.horizons.12.0.detected_timing_mae_ps,2.9397378682619704
prediction_projector.conditional_hazard.horizons.12.0.timed_within_3ps_recall,0.16666666666666666
prediction_projector.temporal_response.low_change_threshold,1.2580139935016632
prediction_projector.temporal_response.high_change_threshold,4.198172450065613
prediction_projector.temporal_response.domains.all.pairs,720
prediction_projector.temporal_response.domains.all.quiet,103
prediction_projector.temporal_response.domains.all.changed,176
prediction_projector.temporal_response.domains.all.change_distance_spearman,0.43446608371801126
prediction_projector.temporal_response.domains.all.response_auc,0.7977714033539277
prediction_projector.temporal_response.domains.all.quiet_normalized_distance,0.3291895941331157
prediction_projector.temporal_response.domains.all.changed_normalized_distance,0.8709103035925377
prediction_projector.temporal_response.domains.both_PTM_other.pairs,437
prediction_projector.temporal_response.domains.both_PTM_other.quiet,15
prediction_projector.temporal_response.domains.both_PTM_other.changed,67
prediction_projector.temporal_response.domains.both_PTM_other.change_distance_spearman,0.20284256712783152
prediction_projector.temporal_response.domains.both_PTM_other.response_auc,0.709452736318408
prediction_projector.temporal_response.domains.both_PTM_other.quiet_normalized_distance,0.12389893476438374
prediction_projector.temporal_response.domains.both_PTM_other.changed_normalized_distance,0.4014924047900449
