metric,value
frame_00_Al_encoder.collapse.effective_rank,10.019785044399947
frame_00_Al_encoder.collapse.variance,1.3242524263123832
frame_00_Al_encoder.collapse.pair_rms,1.627422763950648
frame_00_Al_encoder.liquid_collapse.effective_rank,10.56432363513442
frame_00_Al_encoder.liquid_collapse.variance,1.187509333548173
frame_00_Al_encoder.liquid_collapse.pair_rms,1.5411095571361388
frame_00_Al_encoder.reference_coverage.liquid_fraction,0.9658203125
frame_00_Al_encoder.reference_coverage.cutoff_stable_fraction,0.939453125
frame_00_Al_encoder.context.counts.0.train,583
frame_00_Al_encoder.context.counts.0.test,579
frame_00_Al_encoder.context.counts.1.train,0
frame_00_Al_encoder.context.counts.1.test,0
frame_00_Al_encoder.context.counts.2.train,58
frame_00_Al_encoder.context.counts.2.test,55
frame_00_Al_encoder.context.counts.3.train,0
frame_00_Al_encoder.context.counts.3.test,4
frame_00_Al_encoder.context.counts.4.train,0
frame_00_Al_encoder.context.counts.4.test,0
frame_00_Al_encoder.context.counts.5.train,851
frame_00_Al_encoder.context.counts.5.test,871
frame_00_Al_encoder.context.counts.6.train,379
frame_00_Al_encoder.context.counts.6.test,376
frame_00_Al_encoder.context.test_coverage,0.9978779840848806
frame_00_Al_encoder.context.balanced_accuracy,0.5484283116141839
frame_00_Al_encoder.context.ap.0,0.6110876495977327
frame_00_Al_encoder.context.ap.1,
frame_00_Al_encoder.context.ap.2,0.29834093876668505
frame_00_Al_encoder.context.ap.3,
frame_00_Al_encoder.context.ap.4,
frame_00_Al_encoder.context.ap.5,0.7737373879913532
frame_00_Al_encoder.context.ap.6,0.43696169176887795
frame_00_Al_encoder.ptm.counts.0.train,1828
frame_00_Al_encoder.ptm.counts.0.test,1838
frame_00_Al_encoder.ptm.counts.1.train,9
frame_00_Al_encoder.ptm.counts.1.test,7
frame_00_Al_encoder.ptm.counts.2.train,9
frame_00_Al_encoder.ptm.counts.2.test,16
frame_00_Al_encoder.ptm.counts.3.train,0
frame_00_Al_encoder.ptm.counts.3.test,0
frame_00_Al_encoder.ptm.counts.4.train,25
frame_00_Al_encoder.ptm.counts.4.test,24
frame_00_Al_encoder.ptm.test_coverage,0.9877984084880637
frame_00_Al_encoder.ptm.balanced_accuracy,0.7840496916938702
frame_00_Al_encoder.ptm.ap.0,0.9729481400861564
frame_00_Al_encoder.ptm.ap.1,
frame_00_Al_encoder.ptm.ap.2,
frame_00_Al_encoder.ptm.ap.3,
frame_00_Al_encoder.ptm.ap.4,0.40913331530395813
frame_00_Al_encoder.liquid_order.train_count,1813
frame_00_Al_encoder.liquid_order.test_count,1826
frame_00_Al_encoder.liquid_order.conditional_r2_gain,0.2755967378616333
frame_00_Al_encoder.liquid_order.mean_r2,0.3148922920227051
frame_00_Al_encoder.context_cutoff_008.counts.0.train,583
frame_00_Al_encoder.context_cutoff_008.counts.0.test,580
frame_00_Al_encoder.context_cutoff_008.counts.1.train,0
frame_00_Al_encoder.context_cutoff_008.counts.1.test,0
frame_00_Al_encoder.context_cutoff_008.counts.2.train,20
frame_00_Al_encoder.context_cutoff_008.counts.2.test,19
frame_00_Al_encoder.context_cutoff_008.counts.3.train,0
frame_00_Al_encoder.context_cutoff_008.counts.3.test,4
frame_00_Al_encoder.context_cutoff_008.counts.4.train,0
frame_00_Al_encoder.context_cutoff_008.counts.4.test,0
frame_00_Al_encoder.context_cutoff_008.counts.5.train,854
frame_00_Al_encoder.context_cutoff_008.counts.5.test,874
frame_00_Al_encoder.context_cutoff_008.counts.6.train,414
frame_00_Al_encoder.context_cutoff_008.counts.6.test,408
frame_00_Al_encoder.context_cutoff_008.test_coverage,0.9978779840848806
frame_00_Al_encoder.context_cutoff_008.balanced_accuracy,0.531596624288475
frame_00_Al_encoder.context_cutoff_008.ap.0,0.6117903479944911
frame_00_Al_encoder.context_cutoff_008.ap.1,
frame_00_Al_encoder.context_cutoff_008.ap.2,
frame_00_Al_encoder.context_cutoff_008.ap.3,
frame_00_Al_encoder.context_cutoff_008.ap.4,
frame_00_Al_encoder.context_cutoff_008.ap.5,0.780585297749151
frame_00_Al_encoder.context_cutoff_008.ap.6,0.5275841045529427
frame_00_Al_encoder.context_cutoff_010.counts.0.train,583
frame_00_Al_encoder.context_cutoff_010.counts.0.test,579
frame_00_Al_encoder.context_cutoff_010.counts.1.train,0
frame_00_Al_encoder.context_cutoff_010.counts.1.test,0
frame_00_Al_encoder.context_cutoff_010.counts.2.train,58
frame_00_Al_encoder.context_cutoff_010.counts.2.test,55
frame_00_Al_encoder.context_cutoff_010.counts.3.train,0
frame_00_Al_encoder.context_cutoff_010.counts.3.test,4
frame_00_Al_encoder.context_cutoff_010.counts.4.train,0
frame_00_Al_encoder.context_cutoff_010.counts.4.test,0
frame_00_Al_encoder.context_cutoff_010.counts.5.train,851
frame_00_Al_encoder.context_cutoff_010.counts.5.test,871
frame_00_Al_encoder.context_cutoff_010.counts.6.train,379
frame_00_Al_encoder.context_cutoff_010.counts.6.test,376
frame_00_Al_encoder.context_cutoff_010.test_coverage,0.9978779840848806
frame_00_Al_encoder.context_cutoff_010.balanced_accuracy,0.5484283116141839
frame_00_Al_encoder.context_cutoff_010.ap.0,0.6110876495977327
frame_00_Al_encoder.context_cutoff_010.ap.1,
frame_00_Al_encoder.context_cutoff_010.ap.2,0.29834093876668505
frame_00_Al_encoder.context_cutoff_010.ap.3,
frame_00_Al_encoder.context_cutoff_010.ap.4,
frame_00_Al_encoder.context_cutoff_010.ap.5,0.7737373879913532
frame_00_Al_encoder.context_cutoff_010.ap.6,0.43696169176887795
frame_00_Al_encoder.context_cutoff_012.counts.0.train,574
frame_00_Al_encoder.context_cutoff_012.counts.0.test,576
frame_00_Al_encoder.context_cutoff_012.counts.1.train,1
frame_00_Al_encoder.context_cutoff_012.counts.1.test,0
frame_00_Al_encoder.context_cutoff_012.counts.2.train,140
frame_00_Al_encoder.context_cutoff_012.counts.2.test,124
frame_00_Al_encoder.context_cutoff_012.counts.3.train,0
frame_00_Al_encoder.context_cutoff_012.counts.3.test,4
frame_00_Al_encoder.context_cutoff_012.counts.4.train,0
frame_00_Al_encoder.context_cutoff_012.counts.4.test,0
frame_00_Al_encoder.context_cutoff_012.counts.5.train,840
frame_00_Al_encoder.context_cutoff_012.counts.5.test,861
frame_00_Al_encoder.context_cutoff_012.counts.6.train,316
frame_00_Al_encoder.context_cutoff_012.counts.6.test,320
frame_00_Al_encoder.context_cutoff_012.test_coverage,0.9978779840848806
frame_00_Al_encoder.context_cutoff_012.balanced_accuracy,0.5356980993125023
frame_00_Al_encoder.context_cutoff_012.ap.0,0.5970784502453192
frame_00_Al_encoder.context_cutoff_012.ap.1,
frame_00_Al_encoder.context_cutoff_012.ap.2,0.38772260450861395
frame_00_Al_encoder.context_cutoff_012.ap.3,
frame_00_Al_encoder.context_cutoff_012.ap.4,
frame_00_Al_encoder.context_cutoff_012.ap.5,0.7646682154664126
frame_00_Al_encoder.context_cutoff_012.ap.6,0.3194437037191635
frame_00_Al_encoder.planar_fault.counts.0.train,1862
frame_00_Al_encoder.planar_fault.counts.0.test,1869
frame_00_Al_encoder.planar_fault.counts.1.train,9
frame_00_Al_encoder.planar_fault.counts.1.test,12
frame_00_Al_encoder.planar_fault.counts.2.train,0
frame_00_Al_encoder.planar_fault.counts.2.test,1
frame_00_Al_encoder.planar_fault.counts.3.train,0
frame_00_Al_encoder.planar_fault.counts.3.test,2
frame_00_Al_encoder.planar_fault.counts.4.train,0
frame_00_Al_encoder.planar_fault.counts.4.test,1
frame_00_Al_encoder.planar_fault.test_coverage,0.9915119363395225
frame_00_Al_encoder.planar_fault.balanced_accuracy,
frame_00_Al_encoder.spatial.auc,0.5157617870189025
frame_00_Al_encoder.spatial.pairs,1709
frame_00_Al_encoder.spatial.changed_pairs,927
frame_00_Al_encoder.spatial.bins,5
frame_00_Al_encoder.spatial.same_label_normalized_distance,0.8846175519687498
frame_00_Al_encoder.nonbulk_spatial.auc,0.5157617870189025
frame_00_Al_encoder.nonbulk_spatial.pairs,1709
frame_00_Al_encoder.nonbulk_spatial.changed_pairs,927
frame_00_Al_encoder.nonbulk_spatial.bins,5
frame_00_Al_encoder.nonbulk_spatial.same_label_normalized_distance,0.8846175519687498
frame_00_Al_encoder.shuffled_spatial.auc,0.48459651123048625
frame_00_Al_encoder.shuffled_spatial.pairs,1709
frame_00_Al_encoder.shuffled_spatial.changed_pairs,927
frame_00_Al_encoder.shuffled_spatial.bins,5
frame_00_Al_encoder.shuffled_spatial.same_label_normalized_distance,0.9608599175055046
frame_00_Al_encoder.collapsed_spatial.auc,0.5
frame_00_Al_encoder.collapsed_spatial.pairs,1709
frame_00_Al_encoder.collapsed_spatial.changed_pairs,927
frame_00_Al_encoder.collapsed_spatial.bins,5
frame_00_Al_encoder.collapsed_spatial.same_label_normalized_distance,
frame_00_Al_encoder.liquid_topology.train_count,444
frame_00_Al_encoder.liquid_topology.test_count,461
frame_00_Al_encoder.liquid_topology.conditional_r2_gain,-0.5502585768699646
frame_00_Al_encoder.liquid_topology.mean_r2,-0.5536965727806091
frame_00_Al_encoder.nonbulk_cluster_ami,0.09802971324492515
frame_00_Al_encoder.continuity_fixed_candidates_center_fixed.0.0001.pair_rms,1.7431683632281139
frame_00_Al_encoder.continuity_fixed_candidates_center_fixed.0.0001.normalized_median,0.00036491656629959556
frame_00_Al_encoder.continuity_fixed_candidates_center_fixed.0.0001.normalized_p95,0.054013754244366594
frame_00_Al_encoder.continuity_fixed_candidates_center_fixed.0.01.pair_rms,1.7431683632281139
frame_00_Al_encoder.continuity_fixed_candidates_center_fixed.0.01.normalized_median,0.22865645042326477
frame_00_Al_encoder.continuity_fixed_candidates_center_fixed.0.01.normalized_p95,0.4769529740642809
frame_00_Al_encoder.continuity_fixed_candidates_center_fixed.0.1.pair_rms,1.7431683632281139
frame_00_Al_encoder.continuity_fixed_candidates_center_fixed.0.1.normalized_median,0.5990045894086868
frame_00_Al_encoder.continuity_fixed_candidates_center_fixed.0.1.normalized_p95,0.8518726007807049
frame_00_Al_projector.collapse.effective_rank,2.6704498074874925
frame_00_Al_projector.collapse.variance,26.75775090918649
frame_00_Al_projector.collapse.pair_rms,7.315429024901614
frame_00_Al_projector.liquid_collapse.effective_rank,2.4686807046390027
frame_00_Al_projector.liquid_collapse.variance,25.340748288469513
frame_00_Al_projector.liquid_collapse.pair_rms,7.119093803072062
frame_00_Al_projector.reference_coverage.liquid_fraction,0.9658203125
frame_00_Al_projector.reference_coverage.cutoff_stable_fraction,0.939453125
frame_00_Al_projector.context.counts.0.train,583
frame_00_Al_projector.context.counts.0.test,579
frame_00_Al_projector.context.counts.1.train,0
frame_00_Al_projector.context.counts.1.test,0
frame_00_Al_projector.context.counts.2.train,58
frame_00_Al_projector.context.counts.2.test,55
frame_00_Al_projector.context.counts.3.train,0
frame_00_Al_projector.context.counts.3.test,4
frame_00_Al_projector.context.counts.4.train,0
frame_00_Al_projector.context.counts.4.test,0
frame_00_Al_projector.context.counts.5.train,851
frame_00_Al_projector.context.counts.5.test,871
frame_00_Al_projector.context.counts.6.train,379
frame_00_Al_projector.context.counts.6.test,376
frame_00_Al_projector.context.test_coverage,0.9978779840848806
frame_00_Al_projector.context.balanced_accuracy,0.5613775075614985
frame_00_Al_projector.context.ap.0,0.5579553121041251
frame_00_Al_projector.context.ap.1,
frame_00_Al_projector.context.ap.2,0.39987208030453886
frame_00_Al_projector.context.ap.3,
frame_00_Al_projector.context.ap.4,
frame_00_Al_projector.context.ap.5,0.7321811830995495
frame_00_Al_projector.context.ap.6,0.4255217371047832
frame_00_Al_projector.ptm.counts.0.train,1828
frame_00_Al_projector.ptm.counts.0.test,1838
frame_00_Al_projector.ptm.counts.1.train,9
frame_00_Al_projector.ptm.counts.1.test,7
frame_00_Al_projector.ptm.counts.2.train,9
frame_00_Al_projector.ptm.counts.2.test,16
frame_00_Al_projector.ptm.counts.3.train,0
frame_00_Al_projector.ptm.counts.3.test,0
frame_00_Al_projector.ptm.counts.4.train,25
frame_00_Al_projector.ptm.counts.4.test,24
frame_00_Al_projector.ptm.test_coverage,0.9877984084880637
frame_00_Al_projector.ptm.balanced_accuracy,0.8438746826260428
frame_00_Al_projector.ptm.ap.0,0.9645563895078418
frame_00_Al_projector.ptm.ap.1,
frame_00_Al_projector.ptm.ap.2,
frame_00_Al_projector.ptm.ap.3,
frame_00_Al_projector.ptm.ap.4,0.24574095051385955
frame_00_Al_projector.liquid_order.train_count,1813
frame_00_Al_projector.liquid_order.test_count,1826
frame_00_Al_projector.liquid_order.conditional_r2_gain,0.23008675873279572
frame_00_Al_projector.liquid_order.mean_r2,0.2663460969924927
frame_00_Al_projector.context_cutoff_008.counts.0.train,583
frame_00_Al_projector.context_cutoff_008.counts.0.test,580
frame_00_Al_projector.context_cutoff_008.counts.1.train,0
frame_00_Al_projector.context_cutoff_008.counts.1.test,0
frame_00_Al_projector.context_cutoff_008.counts.2.train,20
frame_00_Al_projector.context_cutoff_008.counts.2.test,19
frame_00_Al_projector.context_cutoff_008.counts.3.train,0
frame_00_Al_projector.context_cutoff_008.counts.3.test,4
frame_00_Al_projector.context_cutoff_008.counts.4.train,0
frame_00_Al_projector.context_cutoff_008.counts.4.test,0
frame_00_Al_projector.context_cutoff_008.counts.5.train,854
frame_00_Al_projector.context_cutoff_008.counts.5.test,874
frame_00_Al_projector.context_cutoff_008.counts.6.train,414
frame_00_Al_projector.context_cutoff_008.counts.6.test,408
frame_00_Al_projector.context_cutoff_008.test_coverage,0.9978779840848806
frame_00_Al_projector.context_cutoff_008.balanced_accuracy,0.5465941371419554
frame_00_Al_projector.context_cutoff_008.ap.0,0.5636420773473219
frame_00_Al_projector.context_cutoff_008.ap.1,
frame_00_Al_projector.context_cutoff_008.ap.2,
frame_00_Al_projector.context_cutoff_008.ap.3,
frame_00_Al_projector.context_cutoff_008.ap.4,
frame_00_Al_projector.context_cutoff_008.ap.5,0.7327568203554511
frame_00_Al_projector.context_cutoff_008.ap.6,0.4891128322303492
frame_00_Al_projector.context_cutoff_010.counts.0.train,583
frame_00_Al_projector.context_cutoff_010.counts.0.test,579
frame_00_Al_projector.context_cutoff_010.counts.1.train,0
frame_00_Al_projector.context_cutoff_010.counts.1.test,0
frame_00_Al_projector.context_cutoff_010.counts.2.train,58
frame_00_Al_projector.context_cutoff_010.counts.2.test,55
frame_00_Al_projector.context_cutoff_010.counts.3.train,0
frame_00_Al_projector.context_cutoff_010.counts.3.test,4
frame_00_Al_projector.context_cutoff_010.counts.4.train,0
frame_00_Al_projector.context_cutoff_010.counts.4.test,0
frame_00_Al_projector.context_cutoff_010.counts.5.train,851
frame_00_Al_projector.context_cutoff_010.counts.5.test,871
frame_00_Al_projector.context_cutoff_010.counts.6.train,379
frame_00_Al_projector.context_cutoff_010.counts.6.test,376
frame_00_Al_projector.context_cutoff_010.test_coverage,0.9978779840848806
frame_00_Al_projector.context_cutoff_010.balanced_accuracy,0.5613775075614985
frame_00_Al_projector.context_cutoff_010.ap.0,0.5579553121041251
frame_00_Al_projector.context_cutoff_010.ap.1,
frame_00_Al_projector.context_cutoff_010.ap.2,0.39987208030453886
frame_00_Al_projector.context_cutoff_010.ap.3,
frame_00_Al_projector.context_cutoff_010.ap.4,
frame_00_Al_projector.context_cutoff_010.ap.5,0.7321811830995495
frame_00_Al_projector.context_cutoff_010.ap.6,0.4255217371047832
frame_00_Al_projector.context_cutoff_012.counts.0.train,574
frame_00_Al_projector.context_cutoff_012.counts.0.test,576
frame_00_Al_projector.context_cutoff_012.counts.1.train,1
frame_00_Al_projector.context_cutoff_012.counts.1.test,0
frame_00_Al_projector.context_cutoff_012.counts.2.train,140
frame_00_Al_projector.context_cutoff_012.counts.2.test,124
frame_00_Al_projector.context_cutoff_012.counts.3.train,0
frame_00_Al_projector.context_cutoff_012.counts.3.test,4
frame_00_Al_projector.context_cutoff_012.counts.4.train,0
frame_00_Al_projector.context_cutoff_012.counts.4.test,0
frame_00_Al_projector.context_cutoff_012.counts.5.train,840
frame_00_Al_projector.context_cutoff_012.counts.5.test,861
frame_00_Al_projector.context_cutoff_012.counts.6.train,316
frame_00_Al_projector.context_cutoff_012.counts.6.test,320
frame_00_Al_projector.context_cutoff_012.test_coverage,0.9978779840848806
frame_00_Al_projector.context_cutoff_012.balanced_accuracy,0.5320459826502066
frame_00_Al_projector.context_cutoff_012.ap.0,0.5459372171200257
frame_00_Al_projector.context_cutoff_012.ap.1,
frame_00_Al_projector.context_cutoff_012.ap.2,0.502558633087593
frame_00_Al_projector.context_cutoff_012.ap.3,
frame_00_Al_projector.context_cutoff_012.ap.4,
frame_00_Al_projector.context_cutoff_012.ap.5,0.7187874422606938
frame_00_Al_projector.context_cutoff_012.ap.6,0.3377662105959775
frame_00_Al_projector.planar_fault.counts.0.train,1862
frame_00_Al_projector.planar_fault.counts.0.test,1869
frame_00_Al_projector.planar_fault.counts.1.train,9
frame_00_Al_projector.planar_fault.counts.1.test,12
frame_00_Al_projector.planar_fault.counts.2.train,0
frame_00_Al_projector.planar_fault.counts.2.test,1
frame_00_Al_projector.planar_fault.counts.3.train,0
frame_00_Al_projector.planar_fault.counts.3.test,2
frame_00_Al_projector.planar_fault.counts.4.train,0
frame_00_Al_projector.planar_fault.counts.4.test,1
frame_00_Al_projector.planar_fault.test_coverage,0.9915119363395225
frame_00_Al_projector.planar_fault.balanced_accuracy,
frame_00_Al_projector.spatial.auc,0.5169562302406367
frame_00_Al_projector.spatial.pairs,1709
frame_00_Al_projector.spatial.changed_pairs,927
frame_00_Al_projector.spatial.bins,5
frame_00_Al_projector.spatial.same_label_normalized_distance,0.76294913278434
frame_00_Al_projector.nonbulk_spatial.auc,0.5169562302406367
frame_00_Al_projector.nonbulk_spatial.pairs,1709
frame_00_Al_projector.nonbulk_spatial.changed_pairs,927
frame_00_Al_projector.nonbulk_spatial.bins,5
frame_00_Al_projector.nonbulk_spatial.same_label_normalized_distance,0.76294913278434
frame_00_Al_projector.shuffled_spatial.auc,0.5001323538453145
frame_00_Al_projector.shuffled_spatial.pairs,1709
frame_00_Al_projector.shuffled_spatial.changed_pairs,927
frame_00_Al_projector.shuffled_spatial.bins,5
frame_00_Al_projector.shuffled_spatial.same_label_normalized_distance,0.9043125881779924
frame_00_Al_projector.collapsed_spatial.auc,0.5
frame_00_Al_projector.collapsed_spatial.pairs,1709
frame_00_Al_projector.collapsed_spatial.changed_pairs,927
frame_00_Al_projector.collapsed_spatial.bins,5
frame_00_Al_projector.collapsed_spatial.same_label_normalized_distance,
frame_00_Al_projector.liquid_topology.train_count,444
frame_00_Al_projector.liquid_topology.test_count,461
frame_00_Al_projector.liquid_topology.conditional_r2_gain,-0.1550433337688446
frame_00_Al_projector.liquid_topology.mean_r2,-0.15938705205917358
frame_00_Al_projector.nonbulk_cluster_ami,0.08566798292744156
frame_00_Al_projector.continuity_fixed_candidates_center_fixed.0.0001.pair_rms,7.603557063984979
frame_00_Al_projector.continuity_fixed_candidates_center_fixed.0.0001.normalized_median,0.00026001881616356706
frame_00_Al_projector.continuity_fixed_candidates_center_fixed.0.0001.normalized_p95,0.019520749958651575
frame_00_Al_projector.continuity_fixed_candidates_center_fixed.0.01.pair_rms,7.603557063984979
frame_00_Al_projector.continuity_fixed_candidates_center_fixed.0.01.normalized_median,0.11616628006592083
frame_00_Al_projector.continuity_fixed_candidates_center_fixed.0.01.normalized_p95,0.4145651564288401
frame_00_Al_projector.continuity_fixed_candidates_center_fixed.0.1.pair_rms,7.603557063984979
frame_00_Al_projector.continuity_fixed_candidates_center_fixed.0.1.normalized_median,0.38101508368399567
frame_00_Al_projector.continuity_fixed_candidates_center_fixed.0.1.normalized_p95,0.9150264717093223
frame_01_Al_encoder.collapse.effective_rank,1.548308592443496
frame_01_Al_encoder.collapse.variance,6.763374273702108
frame_01_Al_encoder.collapse.pair_rms,3.677872829150597
frame_01_Al_encoder.liquid_collapse.effective_rank,10.284948433299324
frame_01_Al_encoder.liquid_collapse.variance,1.2234541577461493
frame_01_Al_encoder.liquid_collapse.pair_rms,1.5642596700971034
frame_01_Al_encoder.reference_coverage.liquid_fraction,0.7822265625
frame_01_Al_encoder.reference_coverage.cutoff_stable_fraction,0.9384765625
frame_01_Al_encoder.context.counts.0.train,498
frame_01_Al_encoder.context.counts.0.test,514
frame_01_Al_encoder.context.counts.1.train,238
frame_01_Al_encoder.context.counts.1.test,201
frame_01_Al_encoder.context.counts.2.train,124
frame_01_Al_encoder.context.counts.2.test,124
frame_01_Al_encoder.context.counts.3.train,25
frame_01_Al_encoder.context.counts.3.test,26
frame_01_Al_encoder.context.counts.4.train,0
frame_01_Al_encoder.context.counts.4.test,0
frame_01_Al_encoder.context.counts.5.train,654
frame_01_Al_encoder.context.counts.5.test,683
frame_01_Al_encoder.context.counts.6.train,323
frame_01_Al_encoder.context.counts.6.test,310
frame_01_Al_encoder.context.test_coverage,1.0
frame_01_Al_encoder.context.balanced_accuracy,0.7075540974066991
frame_01_Al_encoder.context.ap.0,0.6087863220815901
frame_01_Al_encoder.context.ap.1,0.9989674350434783
frame_01_Al_encoder.context.ap.2,0.6696733386225512
frame_01_Al_encoder.context.ap.3,0.857689374170116
frame_01_Al_encoder.context.ap.4,
frame_01_Al_encoder.context.ap.5,0.7849330947441944
frame_01_Al_encoder.context.ap.6,0.43430043014597536
frame_01_Al_encoder.ptm.counts.0.train,1527
frame_01_Al_encoder.ptm.counts.0.test,1561
frame_01_Al_encoder.ptm.counts.1.train,274
frame_01_Al_encoder.ptm.counts.1.test,237
frame_01_Al_encoder.ptm.counts.2.train,37
frame_01_Al_encoder.ptm.counts.2.test,38
frame_01_Al_encoder.ptm.counts.3.train,0
frame_01_Al_encoder.ptm.counts.3.test,0
frame_01_Al_encoder.ptm.counts.4.train,24
frame_01_Al_encoder.ptm.counts.4.test,22
frame_01_Al_encoder.ptm.test_coverage,1.0
frame_01_Al_encoder.ptm.balanced_accuracy,0.8642326423607514
frame_01_Al_encoder.ptm.ap.0,0.9977392679466086
frame_01_Al_encoder.ptm.ap.1,0.9922556906149477
frame_01_Al_encoder.ptm.ap.2,0.7199877356207989
frame_01_Al_encoder.ptm.ap.3,
frame_01_Al_encoder.ptm.ap.4,0.5123732519930665
frame_01_Al_encoder.liquid_order.train_count,1475
frame_01_Al_encoder.liquid_order.test_count,1507
frame_01_Al_encoder.liquid_order.conditional_r2_gain,0.27971258759498596
frame_01_Al_encoder.liquid_order.mean_r2,0.32417622208595276
frame_01_Al_encoder.context_cutoff_008.counts.0.train,499
frame_01_Al_encoder.context_cutoff_008.counts.0.test,517
frame_01_Al_encoder.context_cutoff_008.counts.1.train,237
frame_01_Al_encoder.context_cutoff_008.counts.1.test,199
frame_01_Al_encoder.context_cutoff_008.counts.2.train,93
frame_01_Al_encoder.context_cutoff_008.counts.2.test,83
frame_01_Al_encoder.context_cutoff_008.counts.3.train,25
frame_01_Al_encoder.context_cutoff_008.counts.3.test,26
frame_01_Al_encoder.context_cutoff_008.counts.4.train,0
frame_01_Al_encoder.context_cutoff_008.counts.4.test,0
frame_01_Al_encoder.context_cutoff_008.counts.5.train,657
frame_01_Al_encoder.context_cutoff_008.counts.5.test,686
frame_01_Al_encoder.context_cutoff_008.counts.6.train,351
frame_01_Al_encoder.context_cutoff_008.counts.6.test,347
frame_01_Al_encoder.context_cutoff_008.test_coverage,1.0
frame_01_Al_encoder.context_cutoff_008.balanced_accuracy,0.7322157609661835
frame_01_Al_encoder.context_cutoff_008.ap.0,0.6083108272363393
frame_01_Al_encoder.context_cutoff_008.ap.1,0.9989965298606174
frame_01_Al_encoder.context_cutoff_008.ap.2,0.723617766877228
frame_01_Al_encoder.context_cutoff_008.ap.3,0.8776043422026361
frame_01_Al_encoder.context_cutoff_008.ap.4,
frame_01_Al_encoder.context_cutoff_008.ap.5,0.7894468893483112
frame_01_Al_encoder.context_cutoff_008.ap.6,0.5021302080407419
frame_01_Al_encoder.context_cutoff_010.counts.0.train,498
frame_01_Al_encoder.context_cutoff_010.counts.0.test,514
frame_01_Al_encoder.context_cutoff_010.counts.1.train,238
frame_01_Al_encoder.context_cutoff_010.counts.1.test,201
frame_01_Al_encoder.context_cutoff_010.counts.2.train,124
frame_01_Al_encoder.context_cutoff_010.counts.2.test,124
frame_01_Al_encoder.context_cutoff_010.counts.3.train,25
frame_01_Al_encoder.context_cutoff_010.counts.3.test,26
frame_01_Al_encoder.context_cutoff_010.counts.4.train,0
frame_01_Al_encoder.context_cutoff_010.counts.4.test,0
frame_01_Al_encoder.context_cutoff_010.counts.5.train,654
frame_01_Al_encoder.context_cutoff_010.counts.5.test,683
frame_01_Al_encoder.context_cutoff_010.counts.6.train,323
frame_01_Al_encoder.context_cutoff_010.counts.6.test,310
frame_01_Al_encoder.context_cutoff_010.test_coverage,1.0
frame_01_Al_encoder.context_cutoff_010.balanced_accuracy,0.7075540974066991
frame_01_Al_encoder.context_cutoff_010.ap.0,0.6087863220815901
frame_01_Al_encoder.context_cutoff_010.ap.1,0.9989674350434783
frame_01_Al_encoder.context_cutoff_010.ap.2,0.6696733386225512
frame_01_Al_encoder.context_cutoff_010.ap.3,0.857689374170116
frame_01_Al_encoder.context_cutoff_010.ap.4,
frame_01_Al_encoder.context_cutoff_010.ap.5,0.7849330947441944
frame_01_Al_encoder.context_cutoff_010.ap.6,0.43430043014597536
frame_01_Al_encoder.context_cutoff_012.counts.0.train,493
frame_01_Al_encoder.context_cutoff_012.counts.0.test,512
frame_01_Al_encoder.context_cutoff_012.counts.1.train,242
frame_01_Al_encoder.context_cutoff_012.counts.1.test,207
frame_01_Al_encoder.context_cutoff_012.counts.2.train,192
frame_01_Al_encoder.context_cutoff_012.counts.2.test,192
frame_01_Al_encoder.context_cutoff_012.counts.3.train,25
frame_01_Al_encoder.context_cutoff_012.counts.3.test,26
frame_01_Al_encoder.context_cutoff_012.counts.4.train,0
frame_01_Al_encoder.context_cutoff_012.counts.4.test,0
frame_01_Al_encoder.context_cutoff_012.counts.5.train,643
frame_01_Al_encoder.context_cutoff_012.counts.5.test,674
frame_01_Al_encoder.context_cutoff_012.counts.6.train,267
frame_01_Al_encoder.context_cutoff_012.counts.6.test,247
frame_01_Al_encoder.context_cutoff_012.test_coverage,1.0
frame_01_Al_encoder.context_cutoff_012.balanced_accuracy,0.6766682423377056
frame_01_Al_encoder.context_cutoff_012.ap.0,0.6095226145461989
frame_01_Al_encoder.context_cutoff_012.ap.1,0.9988644044655088
frame_01_Al_encoder.context_cutoff_012.ap.2,0.6194125832369872
frame_01_Al_encoder.context_cutoff_012.ap.3,0.8645179774231806
frame_01_Al_encoder.context_cutoff_012.ap.4,
frame_01_Al_encoder.context_cutoff_012.ap.5,0.7745898294608949
frame_01_Al_encoder.context_cutoff_012.ap.6,0.28939437823644715
frame_01_Al_encoder.planar_fault.counts.0.train,1825
frame_01_Al_encoder.planar_fault.counts.0.test,1820
frame_01_Al_encoder.planar_fault.counts.1.train,12
frame_01_Al_encoder.planar_fault.counts.1.test,12
frame_01_Al_encoder.planar_fault.counts.2.train,2
frame_01_Al_encoder.planar_fault.counts.2.test,2
frame_01_Al_encoder.planar_fault.counts.3.train,23
frame_01_Al_encoder.planar_fault.counts.3.test,24
frame_01_Al_encoder.planar_fault.counts.4.train,0
frame_01_Al_encoder.planar_fault.counts.4.test,0
frame_01_Al_encoder.planar_fault.test_coverage,0.9924650161463939
frame_01_Al_encoder.planar_fault.balanced_accuracy,0.9566849816849816
frame_01_Al_encoder.planar_fault.ap.0,0.9983082222747892
frame_01_Al_encoder.planar_fault.ap.1,
frame_01_Al_encoder.planar_fault.ap.2,
frame_01_Al_encoder.planar_fault.ap.3,0.9132567248954486
frame_01_Al_encoder.planar_fault.ap.4,
frame_01_Al_encoder.spatial.auc,0.5541291171828459
frame_01_Al_encoder.spatial.pairs,1656
frame_01_Al_encoder.spatial.changed_pairs,798
frame_01_Al_encoder.spatial.bins,5
frame_01_Al_encoder.spatial.same_label_normalized_distance,0.37789367045615363
frame_01_Al_encoder.nonbulk_spatial.auc,0.5071682903090872
frame_01_Al_encoder.nonbulk_spatial.pairs,1457
frame_01_Al_encoder.nonbulk_spatial.changed_pairs,781
frame_01_Al_encoder.nonbulk_spatial.bins,5
frame_01_Al_encoder.nonbulk_spatial.same_label_normalized_distance,0.7342161374995395
frame_01_Al_encoder.shuffled_spatial.auc,0.5183074511302037
frame_01_Al_encoder.shuffled_spatial.pairs,1457
frame_01_Al_encoder.shuffled_spatial.changed_pairs,781
frame_01_Al_encoder.shuffled_spatial.bins,5
frame_01_Al_encoder.shuffled_spatial.same_label_normalized_distance,0.7758415147003234
frame_01_Al_encoder.collapsed_spatial.auc,0.5
frame_01_Al_encoder.collapsed_spatial.pairs,1457
frame_01_Al_encoder.collapsed_spatial.changed_pairs,781
frame_01_Al_encoder.collapsed_spatial.bins,5
frame_01_Al_encoder.collapsed_spatial.same_label_normalized_distance,
frame_01_Al_encoder.liquid_topology.train_count,393
frame_01_Al_encoder.liquid_topology.test_count,357
frame_01_Al_encoder.liquid_topology.conditional_r2_gain,-2551.259033203125
frame_01_Al_encoder.liquid_topology.mean_r2,-2800.9853515625
frame_01_Al_encoder.nonbulk_cluster_ami,0.18006844440358216
frame_01_Al_encoder.continuity_fixed_candidates_center_fixed.0.0001.pair_rms,3.8055283549103978
frame_01_Al_encoder.continuity_fixed_candidates_center_fixed.0.0001.normalized_median,0.0001690211689849034
frame_01_Al_encoder.continuity_fixed_candidates_center_fixed.0.0001.normalized_p95,0.05769103190549515
frame_01_Al_encoder.continuity_fixed_candidates_center_fixed.0.01.pair_rms,3.8055283549103978
frame_01_Al_encoder.continuity_fixed_candidates_center_fixed.0.01.normalized_median,0.11439057130946999
frame_01_Al_encoder.continuity_fixed_candidates_center_fixed.0.01.normalized_p95,0.2630670474540166
frame_01_Al_encoder.continuity_fixed_candidates_center_fixed.0.1.pair_rms,3.8055283549103978
frame_01_Al_encoder.continuity_fixed_candidates_center_fixed.0.1.normalized_median,0.29420000676076447
frame_01_Al_encoder.continuity_fixed_candidates_center_fixed.0.1.normalized_p95,0.5179658525504773
frame_01_Al_projector.collapse.effective_rank,3.0493592612694216
frame_01_Al_projector.collapse.variance,71.33774014982079
frame_01_Al_projector.collapse.pair_rms,11.94468418584776
frame_01_Al_projector.liquid_collapse.effective_rank,2.4420365965975153
frame_01_Al_projector.liquid_collapse.variance,26.42003236308835
frame_01_Al_projector.liquid_collapse.pair_rms,7.26911719029049
frame_01_Al_projector.reference_coverage.liquid_fraction,0.7822265625
frame_01_Al_projector.reference_coverage.cutoff_stable_fraction,0.9384765625
frame_01_Al_projector.context.counts.0.train,498
frame_01_Al_projector.context.counts.0.test,514
frame_01_Al_projector.context.counts.1.train,238
frame_01_Al_projector.context.counts.1.test,201
frame_01_Al_projector.context.counts.2.train,124
frame_01_Al_projector.context.counts.2.test,124
frame_01_Al_projector.context.counts.3.train,25
frame_01_Al_projector.context.counts.3.test,26
frame_01_Al_projector.context.counts.4.train,0
frame_01_Al_projector.context.counts.4.test,0
frame_01_Al_projector.context.counts.5.train,654
frame_01_Al_projector.context.counts.5.test,683
frame_01_Al_projector.context.counts.6.train,323
frame_01_Al_projector.context.counts.6.test,310
frame_01_Al_projector.context.test_coverage,1.0
frame_01_Al_projector.context.balanced_accuracy,0.6904355243549366
frame_01_Al_projector.context.ap.0,0.5841797256885545
frame_01_Al_projector.context.ap.1,0.99806773250888
frame_01_Al_projector.context.ap.2,0.6666024021558762
frame_01_Al_projector.context.ap.3,0.8249560883174807
frame_01_Al_projector.context.ap.4,
frame_01_Al_projector.context.ap.5,0.7354120831245567
frame_01_Al_projector.context.ap.6,0.4472808942080457
frame_01_Al_projector.ptm.counts.0.train,1527
frame_01_Al_projector.ptm.counts.0.test,1561
frame_01_Al_projector.ptm.counts.1.train,274
frame_01_Al_projector.ptm.counts.1.test,237
frame_01_Al_projector.ptm.counts.2.train,37
frame_01_Al_projector.ptm.counts.2.test,38
frame_01_Al_projector.ptm.counts.3.train,0
frame_01_Al_projector.ptm.counts.3.test,0
frame_01_Al_projector.ptm.counts.4.train,24
frame_01_Al_projector.ptm.counts.4.test,22
frame_01_Al_projector.ptm.test_coverage,1.0
frame_01_Al_projector.ptm.balanced_accuracy,0.8830209906846409
frame_01_Al_projector.ptm.ap.0,0.9973531113189638
frame_01_Al_projector.ptm.ap.1,0.9763122924380762
frame_01_Al_projector.ptm.ap.2,0.5512065215111083
frame_01_Al_projector.ptm.ap.3,
frame_01_Al_projector.ptm.ap.4,0.39810242358998327
frame_01_Al_projector.liquid_order.train_count,1475
frame_01_Al_projector.liquid_order.test_count,1507
frame_01_Al_projector.liquid_order.conditional_r2_gain,0.22645799815654755
frame_01_Al_projector.liquid_order.mean_r2,0.26739802956581116
frame_01_Al_projector.context_cutoff_008.counts.0.train,499
frame_01_Al_projector.context_cutoff_008.counts.0.test,517
frame_01_Al_projector.context_cutoff_008.counts.1.train,237
frame_01_Al_projector.context_cutoff_008.counts.1.test,199
frame_01_Al_projector.context_cutoff_008.counts.2.train,93
frame_01_Al_projector.context_cutoff_008.counts.2.test,83
frame_01_Al_projector.context_cutoff_008.counts.3.train,25
frame_01_Al_projector.context_cutoff_008.counts.3.test,26
frame_01_Al_projector.context_cutoff_008.counts.4.train,0
frame_01_Al_projector.context_cutoff_008.counts.4.test,0
frame_01_Al_projector.context_cutoff_008.counts.5.train,657
frame_01_Al_projector.context_cutoff_008.counts.5.test,686
frame_01_Al_projector.context_cutoff_008.counts.6.train,351
frame_01_Al_projector.context_cutoff_008.counts.6.test,347
frame_01_Al_projector.context_cutoff_008.test_coverage,1.0
frame_01_Al_projector.context_cutoff_008.balanced_accuracy,0.7163354057793706
frame_01_Al_projector.context_cutoff_008.ap.0,0.5855485560780511
frame_01_Al_projector.context_cutoff_008.ap.1,0.9987582946823446
frame_01_Al_projector.context_cutoff_008.ap.2,0.7395146425342533
frame_01_Al_projector.context_cutoff_008.ap.3,0.7983716176652503
frame_01_Al_projector.context_cutoff_008.ap.4,
frame_01_Al_projector.context_cutoff_008.ap.5,0.7352829257886089
frame_01_Al_projector.context_cutoff_008.ap.6,0.5212216845780568
frame_01_Al_projector.context_cutoff_010.counts.0.train,498
frame_01_Al_projector.context_cutoff_010.counts.0.test,514
frame_01_Al_projector.context_cutoff_010.counts.1.train,238
frame_01_Al_projector.context_cutoff_010.counts.1.test,201
frame_01_Al_projector.context_cutoff_010.counts.2.train,124
frame_01_Al_projector.context_cutoff_010.counts.2.test,124
frame_01_Al_projector.context_cutoff_010.counts.3.train,25
frame_01_Al_projector.context_cutoff_010.counts.3.test,26
frame_01_Al_projector.context_cutoff_010.counts.4.train,0
frame_01_Al_projector.context_cutoff_010.counts.4.test,0
frame_01_Al_projector.context_cutoff_010.counts.5.train,654
frame_01_Al_projector.context_cutoff_010.counts.5.test,683
frame_01_Al_projector.context_cutoff_010.counts.6.train,323
frame_01_Al_projector.context_cutoff_010.counts.6.test,310
frame_01_Al_projector.context_cutoff_010.test_coverage,1.0
frame_01_Al_projector.context_cutoff_010.balanced_accuracy,0.6904355243549366
frame_01_Al_projector.context_cutoff_010.ap.0,0.5841797256885545
frame_01_Al_projector.context_cutoff_010.ap.1,0.99806773250888
frame_01_Al_projector.context_cutoff_010.ap.2,0.6666024021558762
frame_01_Al_projector.context_cutoff_010.ap.3,0.8249560883174807
frame_01_Al_projector.context_cutoff_010.ap.4,
frame_01_Al_projector.context_cutoff_010.ap.5,0.7354120831245567
frame_01_Al_projector.context_cutoff_010.ap.6,0.4472808942080457
frame_01_Al_projector.context_cutoff_012.counts.0.train,493
frame_01_Al_projector.context_cutoff_012.counts.0.test,512
frame_01_Al_projector.context_cutoff_012.counts.1.train,242
frame_01_Al_projector.context_cutoff_012.counts.1.test,207
frame_01_Al_projector.context_cutoff_012.counts.2.train,192
frame_01_Al_projector.context_cutoff_012.counts.2.test,192
frame_01_Al_projector.context_cutoff_012.counts.3.train,25
frame_01_Al_projector.context_cutoff_012.counts.3.test,26
frame_01_Al_projector.context_cutoff_012.counts.4.train,0
frame_01_Al_projector.context_cutoff_012.counts.4.test,0
frame_01_Al_projector.context_cutoff_012.counts.5.train,643
frame_01_Al_projector.context_cutoff_012.counts.5.test,674
frame_01_Al_projector.context_cutoff_012.counts.6.train,267
frame_01_Al_projector.context_cutoff_012.counts.6.test,247
frame_01_Al_projector.context_cutoff_012.test_coverage,1.0
frame_01_Al_projector.context_cutoff_012.balanced_accuracy,0.6614543489392432
frame_01_Al_projector.context_cutoff_012.ap.0,0.5863420556940699
frame_01_Al_projector.context_cutoff_012.ap.1,0.9962766637900378
frame_01_Al_projector.context_cutoff_012.ap.2,0.622609378781856
frame_01_Al_projector.context_cutoff_012.ap.3,0.8017814826584998
frame_01_Al_projector.context_cutoff_012.ap.4,
frame_01_Al_projector.context_cutoff_012.ap.5,0.7303287705069972
frame_01_Al_projector.context_cutoff_012.ap.6,0.32236937743890437
frame_01_Al_projector.planar_fault.counts.0.train,1825
frame_01_Al_projector.planar_fault.counts.0.test,1820
frame_01_Al_projector.planar_fault.counts.1.train,12
frame_01_Al_projector.planar_fault.counts.1.test,12
frame_01_Al_projector.planar_fault.counts.2.train,2
frame_01_Al_projector.planar_fault.counts.2.test,2
frame_01_Al_projector.planar_fault.counts.3.train,23
frame_01_Al_projector.planar_fault.counts.3.test,24
frame_01_Al_projector.planar_fault.counts.4.train,0
frame_01_Al_projector.planar_fault.counts.4.test,0
frame_01_Al_projector.planar_fault.test_coverage,0.9924650161463939
frame_01_Al_projector.planar_fault.balanced_accuracy,0.9451465201465201
frame_01_Al_projector.planar_fault.ap.0,0.998098095411867
frame_01_Al_projector.planar_fault.ap.1,
frame_01_Al_projector.planar_fault.ap.2,
frame_01_Al_projector.planar_fault.ap.3,0.822652140693107
frame_01_Al_projector.planar_fault.ap.4,
frame_01_Al_projector.spatial.auc,0.5936795398728162
frame_01_Al_projector.spatial.pairs,1656
frame_01_Al_projector.spatial.changed_pairs,798
frame_01_Al_projector.spatial.bins,5
frame_01_Al_projector.spatial.same_label_normalized_distance,0.4334811595846512
frame_01_Al_projector.nonbulk_spatial.auc,0.5524350074387601
frame_01_Al_projector.nonbulk_spatial.pairs,1457
frame_01_Al_projector.nonbulk_spatial.changed_pairs,781
frame_01_Al_projector.nonbulk_spatial.bins,5
frame_01_Al_projector.nonbulk_spatial.same_label_normalized_distance,0.6297055170749536
frame_01_Al_projector.shuffled_spatial.auc,0.5150050534796783
frame_01_Al_projector.shuffled_spatial.pairs,1457
frame_01_Al_projector.shuffled_spatial.changed_pairs,781
frame_01_Al_projector.shuffled_spatial.bins,5
frame_01_Al_projector.shuffled_spatial.same_label_normalized_distance,0.8463968064653336
frame_01_Al_projector.collapsed_spatial.auc,0.5
frame_01_Al_projector.collapsed_spatial.pairs,1457
frame_01_Al_projector.collapsed_spatial.changed_pairs,781
frame_01_Al_projector.collapsed_spatial.bins,5
frame_01_Al_projector.collapsed_spatial.same_label_normalized_distance,
frame_01_Al_projector.liquid_topology.train_count,393
frame_01_Al_projector.liquid_topology.test_count,357
frame_01_Al_projector.liquid_topology.conditional_r2_gain,-412.8548889160156
frame_01_Al_projector.liquid_topology.mean_r2,-485.1636047363281
frame_01_Al_projector.nonbulk_cluster_ami,0.15980147222984678
frame_01_Al_projector.continuity_fixed_candidates_center_fixed.0.0001.pair_rms,12.032459399193204
frame_01_Al_projector.continuity_fixed_candidates_center_fixed.0.0001.normalized_median,0.000157112055555164
frame_01_Al_projector.continuity_fixed_candidates_center_fixed.0.0001.normalized_p95,0.024849067062254045
frame_01_Al_projector.continuity_fixed_candidates_center_fixed.0.01.pair_rms,12.032459399193204
frame_01_Al_projector.continuity_fixed_candidates_center_fixed.0.01.normalized_median,0.0791037421153078
frame_01_Al_projector.continuity_fixed_candidates_center_fixed.0.01.normalized_p95,0.271527444481347
frame_01_Al_projector.continuity_fixed_candidates_center_fixed.0.1.pair_rms,12.032459399193204
frame_01_Al_projector.continuity_fixed_candidates_center_fixed.0.1.normalized_median,0.2509403988285985
frame_01_Al_projector.continuity_fixed_candidates_center_fixed.0.1.normalized_p95,0.4889183721883012
frame_02_Al_encoder.collapse.effective_rank,1.3615118962764454
frame_02_Al_encoder.collapse.variance,11.005047695518208
frame_02_Al_encoder.collapse.pair_rms,4.691491808693309
frame_02_Al_encoder.liquid_collapse.effective_rank,10.209694508184102
frame_02_Al_encoder.liquid_collapse.variance,1.2700540743693463
frame_02_Al_encoder.liquid_collapse.pair_rms,1.5937716739667236
frame_02_Al_encoder.reference_coverage.liquid_fraction,0.509033203125
frame_02_Al_encoder.reference_coverage.cutoff_stable_fraction,0.951904296875
frame_02_Al_encoder.context.counts.0.train,263
frame_02_Al_encoder.context.counts.0.test,337
frame_02_Al_encoder.context.counts.1.train,652
frame_02_Al_encoder.context.counts.1.test,563
frame_02_Al_encoder.context.counts.2.train,240
frame_02_Al_encoder.context.counts.2.test,211
frame_02_Al_encoder.context.counts.3.train,41
frame_02_Al_encoder.context.counts.3.test,50
frame_02_Al_encoder.context.counts.4.train,0
frame_02_Al_encoder.context.counts.4.test,0
frame_02_Al_encoder.context.counts.5.train,429
frame_02_Al_encoder.context.counts.5.test,525
frame_02_Al_encoder.context.counts.6.train,201
frame_02_Al_encoder.context.counts.6.test,224
frame_02_Al_encoder.context.test_coverage,1.0
frame_02_Al_encoder.context.balanced_accuracy,0.6873235413263412
frame_02_Al_encoder.context.ap.0,0.5219057278690084
frame_02_Al_encoder.context.ap.1,0.9981900589848343
frame_02_Al_encoder.context.ap.2,0.8497580091941638
frame_02_Al_encoder.context.ap.3,0.904127331624643
frame_02_Al_encoder.context.ap.4,
frame_02_Al_encoder.context.ap.5,0.7565659876621649
frame_02_Al_encoder.context.ap.6,0.41739672279210127
frame_02_Al_encoder.ptm.counts.0.train,1032
frame_02_Al_encoder.ptm.counts.0.test,1196
frame_02_Al_encoder.ptm.counts.1.train,734
frame_02_Al_encoder.ptm.counts.1.test,639
frame_02_Al_encoder.ptm.counts.2.train,52
frame_02_Al_encoder.ptm.counts.2.test,59
frame_02_Al_encoder.ptm.counts.3.train,0
frame_02_Al_encoder.ptm.counts.3.test,0
frame_02_Al_encoder.ptm.counts.4.train,8
frame_02_Al_encoder.ptm.counts.4.test,16
frame_02_Al_encoder.ptm.test_coverage,0.9916230366492147
frame_02_Al_encoder.ptm.balanced_accuracy,0.9024883702507293
frame_02_Al_encoder.ptm.ap.0,0.985520253786649
frame_02_Al_encoder.ptm.ap.1,0.9984382982258975
frame_02_Al_encoder.ptm.ap.2,0.7958894924708733
frame_02_Al_encoder.ptm.ap.3,
frame_02_Al_encoder.ptm.ap.4,
frame_02_Al_encoder.liquid_order.train_count,893
frame_02_Al_encoder.liquid_order.test_count,1086
frame_02_Al_encoder.liquid_order.conditional_r2_gain,0.2413092404603958
frame_02_Al_encoder.liquid_order.mean_r2,0.28601452708244324
frame_02_Al_encoder.context_cutoff_008.counts.0.train,263
frame_02_Al_encoder.context_cutoff_008.counts.0.test,338
frame_02_Al_encoder.context_cutoff_008.counts.1.train,652
frame_02_Al_encoder.context_cutoff_008.counts.1.test,562
frame_02_Al_encoder.context_cutoff_008.counts.2.train,209
frame_02_Al_encoder.context_cutoff_008.counts.2.test,188
frame_02_Al_encoder.context_cutoff_008.counts.3.train,41
frame_02_Al_encoder.context_cutoff_008.counts.3.test,50
frame_02_Al_encoder.context_cutoff_008.counts.4.train,0
frame_02_Al_encoder.context_cutoff_008.counts.4.test,0
frame_02_Al_encoder.context_cutoff_008.counts.5.train,433
frame_02_Al_encoder.context_cutoff_008.counts.5.test,530
frame_02_Al_encoder.context_cutoff_008.counts.6.train,228
frame_02_Al_encoder.context_cutoff_008.counts.6.test,242
frame_02_Al_encoder.context_cutoff_008.test_coverage,1.0
frame_02_Al_encoder.context_cutoff_008.balanced_accuracy,0.6885791984943869
frame_02_Al_encoder.context_cutoff_008.ap.0,0.5224037212739685
frame_02_Al_encoder.context_cutoff_008.ap.1,0.9979974624121746
frame_02_Al_encoder.context_cutoff_008.ap.2,0.8581845435267174
frame_02_Al_encoder.context_cutoff_008.ap.3,0.8887465996989167
frame_02_Al_encoder.context_cutoff_008.ap.4,
frame_02_Al_encoder.context_cutoff_008.ap.5,0.7581260108455635
frame_02_Al_encoder.context_cutoff_008.ap.6,0.46178312960503537
frame_02_Al_encoder.context_cutoff_010.counts.0.train,263
frame_02_Al_encoder.context_cutoff_010.counts.0.test,337
frame_02_Al_encoder.context_cutoff_010.counts.1.train,652
frame_02_Al_encoder.context_cutoff_010.counts.1.test,563
frame_02_Al_encoder.context_cutoff_010.counts.2.train,240
frame_02_Al_encoder.context_cutoff_010.counts.2.test,211
frame_02_Al_encoder.context_cutoff_010.counts.3.train,41
frame_02_Al_encoder.context_cutoff_010.counts.3.test,50
frame_02_Al_encoder.context_cutoff_010.counts.4.train,0
frame_02_Al_encoder.context_cutoff_010.counts.4.test,0
frame_02_Al_encoder.context_cutoff_010.counts.5.train,429
frame_02_Al_encoder.context_cutoff_010.counts.5.test,525
frame_02_Al_encoder.context_cutoff_010.counts.6.train,201
frame_02_Al_encoder.context_cutoff_010.counts.6.test,224
frame_02_Al_encoder.context_cutoff_010.test_coverage,1.0
frame_02_Al_encoder.context_cutoff_010.balanced_accuracy,0.6873235413263412
frame_02_Al_encoder.context_cutoff_010.ap.0,0.5219057278690084
frame_02_Al_encoder.context_cutoff_010.ap.1,0.9981900589848343
frame_02_Al_encoder.context_cutoff_010.ap.2,0.8497580091941638
frame_02_Al_encoder.context_cutoff_010.ap.3,0.904127331624643
frame_02_Al_encoder.context_cutoff_010.ap.4,
frame_02_Al_encoder.context_cutoff_010.ap.5,0.7565659876621649
frame_02_Al_encoder.context_cutoff_010.ap.6,0.41739672279210127
frame_02_Al_encoder.context_cutoff_012.counts.0.train,261
frame_02_Al_encoder.context_cutoff_012.counts.0.test,334
frame_02_Al_encoder.context_cutoff_012.counts.1.train,661
frame_02_Al_encoder.context_cutoff_012.counts.1.test,571
frame_02_Al_encoder.context_cutoff_012.counts.2.train,276
frame_02_Al_encoder.context_cutoff_012.counts.2.test,264
frame_02_Al_encoder.context_cutoff_012.counts.3.train,41
frame_02_Al_encoder.context_cutoff_012.counts.3.test,50
frame_02_Al_encoder.context_cutoff_012.counts.4.train,0
frame_02_Al_encoder.context_cutoff_012.counts.4.test,0
frame_02_Al_encoder.context_cutoff_012.counts.5.train,421
frame_02_Al_encoder.context_cutoff_012.counts.5.test,514
frame_02_Al_encoder.context_cutoff_012.counts.6.train,166
frame_02_Al_encoder.context_cutoff_012.counts.6.test,177
frame_02_Al_encoder.context_cutoff_012.test_coverage,1.0
frame_02_Al_encoder.context_cutoff_012.balanced_accuracy,0.6565530367295082
frame_02_Al_encoder.context_cutoff_012.ap.0,0.5247964894172665
frame_02_Al_encoder.context_cutoff_012.ap.1,0.9981844965865558
frame_02_Al_encoder.context_cutoff_012.ap.2,0.7880172277153101
frame_02_Al_encoder.context_cutoff_012.ap.3,0.9017126617049412
frame_02_Al_encoder.context_cutoff_012.ap.4,
frame_02_Al_encoder.context_cutoff_012.ap.5,0.7478407040842239
frame_02_Al_encoder.context_cutoff_012.ap.6,0.2731436629158336
frame_02_Al_encoder.planar_fault.counts.0.train,1774
frame_02_Al_encoder.planar_fault.counts.0.test,1851
frame_02_Al_encoder.planar_fault.counts.1.train,11
frame_02_Al_encoder.planar_fault.counts.1.test,9
frame_02_Al_encoder.planar_fault.counts.2.train,7
frame_02_Al_encoder.planar_fault.counts.2.test,3
frame_02_Al_encoder.planar_fault.counts.3.train,34
frame_02_Al_encoder.planar_fault.counts.3.test,47
frame_02_Al_encoder.planar_fault.counts.4.train,0
frame_02_Al_encoder.planar_fault.counts.4.test,0
frame_02_Al_encoder.planar_fault.test_coverage,0.993717277486911
frame_02_Al_encoder.planar_fault.balanced_accuracy,0.8821683506327804
frame_02_Al_encoder.planar_fault.ap.0,0.9971433135328873
frame_02_Al_encoder.planar_fault.ap.1,
frame_02_Al_encoder.planar_fault.ap.2,
frame_02_Al_encoder.planar_fault.ap.3,0.8821163264859259
frame_02_Al_encoder.planar_fault.ap.4,
frame_02_Al_encoder.spatial.auc,0.6503959755765992
frame_02_Al_encoder.spatial.pairs,1740
frame_02_Al_encoder.spatial.changed_pairs,639
frame_02_Al_encoder.spatial.bins,5
frame_02_Al_encoder.spatial.same_label_normalized_distance,0.26030214313905686
frame_02_Al_encoder.nonbulk_spatial.auc,0.5211599504469362
frame_02_Al_encoder.nonbulk_spatial.pairs,1169
frame_02_Al_encoder.nonbulk_spatial.changed_pairs,574
frame_02_Al_encoder.nonbulk_spatial.bins,5
frame_02_Al_encoder.nonbulk_spatial.same_label_normalized_distance,0.5540034373490416
frame_02_Al_encoder.shuffled_spatial.auc,0.5144074773281738
frame_02_Al_encoder.shuffled_spatial.pairs,1169
frame_02_Al_encoder.shuffled_spatial.changed_pairs,574
frame_02_Al_encoder.shuffled_spatial.bins,5
frame_02_Al_encoder.shuffled_spatial.same_label_normalized_distance,0.8392345979112042
frame_02_Al_encoder.collapsed_spatial.auc,0.5
frame_02_Al_encoder.collapsed_spatial.pairs,1169
frame_02_Al_encoder.collapsed_spatial.changed_pairs,574
frame_02_Al_encoder.collapsed_spatial.bins,5
frame_02_Al_encoder.collapsed_spatial.same_label_normalized_distance,
frame_02_Al_encoder.liquid_topology.train_count,218
frame_02_Al_encoder.liquid_topology.test_count,269
frame_02_Al_encoder.liquid_topology.conditional_r2_gain,-0.4376412332057953
frame_02_Al_encoder.liquid_topology.mean_r2,-0.4399902820587158
frame_02_Al_encoder.nonbulk_cluster_ami,0.2941554323539611
frame_02_Al_encoder.continuity_fixed_candidates_center_fixed.0.0001.pair_rms,4.773946633181295
frame_02_Al_encoder.continuity_fixed_candidates_center_fixed.0.0001.normalized_median,0.00015289939578088497
frame_02_Al_encoder.continuity_fixed_candidates_center_fixed.0.0001.normalized_p95,0.06537586274608677
frame_02_Al_encoder.continuity_fixed_candidates_center_fixed.0.01.pair_rms,4.773946633181295
frame_02_Al_encoder.continuity_fixed_candidates_center_fixed.0.01.normalized_median,0.12633866325024823
frame_02_Al_encoder.continuity_fixed_candidates_center_fixed.0.01.normalized_p95,0.23633470884726568
frame_02_Al_encoder.continuity_fixed_candidates_center_fixed.0.1.pair_rms,4.773946633181295
frame_02_Al_encoder.continuity_fixed_candidates_center_fixed.0.1.normalized_median,0.2676659771753165
frame_02_Al_encoder.continuity_fixed_candidates_center_fixed.0.1.normalized_p95,0.4337840813785624
frame_02_Al_projector.collapse.effective_rank,2.50691862140676
frame_02_Al_projector.collapse.variance,111.98778959425127
frame_02_Al_projector.collapse.pair_rms,14.965813682807312
frame_02_Al_projector.liquid_collapse.effective_rank,2.5197830152792076
frame_02_Al_projector.liquid_collapse.variance,27.02653743742114
frame_02_Al_projector.liquid_collapse.pair_rms,7.352079629250643
frame_02_Al_projector.reference_coverage.liquid_fraction,0.509033203125
frame_02_Al_projector.reference_coverage.cutoff_stable_fraction,0.951904296875
frame_02_Al_projector.context.counts.0.train,263
frame_02_Al_projector.context.counts.0.test,337
frame_02_Al_projector.context.counts.1.train,652
frame_02_Al_projector.context.counts.1.test,563
frame_02_Al_projector.context.counts.2.train,240
frame_02_Al_projector.context.counts.2.test,211
frame_02_Al_projector.context.counts.3.train,41
frame_02_Al_projector.context.counts.3.test,50
frame_02_Al_projector.context.counts.4.train,0
frame_02_Al_projector.context.counts.4.test,0
frame_02_Al_projector.context.counts.5.train,429
frame_02_Al_projector.context.counts.5.test,525
frame_02_Al_projector.context.counts.6.train,201
frame_02_Al_projector.context.counts.6.test,224
frame_02_Al_projector.context.test_coverage,1.0
frame_02_Al_projector.context.balanced_accuracy,0.6898377033224973
frame_02_Al_projector.context.ap.0,0.5603088991482651
frame_02_Al_projector.context.ap.1,0.9964753902852526
frame_02_Al_projector.context.ap.2,0.8379002818209865
frame_02_Al_projector.context.ap.3,0.6493012370715092
frame_02_Al_projector.context.ap.4,
frame_02_Al_projector.context.ap.5,0.7367446579853922
frame_02_Al_projector.context.ap.6,0.4420724731732952
frame_02_Al_projector.ptm.counts.0.train,1032
frame_02_Al_projector.ptm.counts.0.test,1196
frame_02_Al_projector.ptm.counts.1.train,734
frame_02_Al_projector.ptm.counts.1.test,639
frame_02_Al_projector.ptm.counts.2.train,52
frame_02_Al_projector.ptm.counts.2.test,59
frame_02_Al_projector.ptm.counts.3.train,0
frame_02_Al_projector.ptm.counts.3.test,0
frame_02_Al_projector.ptm.counts.4.train,8
frame_02_Al_projector.ptm.counts.4.test,16
frame_02_Al_projector.ptm.test_coverage,0.9916230366492147
frame_02_Al_projector.ptm.balanced_accuracy,0.9109069035454911
frame_02_Al_projector.ptm.ap.0,0.9916371085785232
frame_02_Al_projector.ptm.ap.1,0.9921756667822801
frame_02_Al_projector.ptm.ap.2,0.5409882446138076
frame_02_Al_projector.ptm.ap.3,
frame_02_Al_projector.ptm.ap.4,
frame_02_Al_projector.liquid_order.train_count,893
frame_02_Al_projector.liquid_order.test_count,1086
frame_02_Al_projector.liquid_order.conditional_r2_gain,0.21499080955982208
frame_02_Al_projector.liquid_order.mean_r2,0.256437212228775
frame_02_Al_projector.context_cutoff_008.counts.0.train,263
frame_02_Al_projector.context_cutoff_008.counts.0.test,338
frame_02_Al_projector.context_cutoff_008.counts.1.train,652
frame_02_Al_projector.context_cutoff_008.counts.1.test,562
frame_02_Al_projector.context_cutoff_008.counts.2.train,209
frame_02_Al_projector.context_cutoff_008.counts.2.test,188
frame_02_Al_projector.context_cutoff_008.counts.3.train,41
frame_02_Al_projector.context_cutoff_008.counts.3.test,50
frame_02_Al_projector.context_cutoff_008.counts.4.train,0
frame_02_Al_projector.context_cutoff_008.counts.4.test,0
frame_02_Al_projector.context_cutoff_008.counts.5.train,433
frame_02_Al_projector.context_cutoff_008.counts.5.test,530
frame_02_Al_projector.context_cutoff_008.counts.6.train,228
frame_02_Al_projector.context_cutoff_008.counts.6.test,242
frame_02_Al_projector.context_cutoff_008.test_coverage,1.0
frame_02_Al_projector.context_cutoff_008.balanced_accuracy,0.7079493389323909
frame_02_Al_projector.context_cutoff_008.ap.0,0.5600541705486505
frame_02_Al_projector.context_cutoff_008.ap.1,0.9964986032683876
frame_02_Al_projector.context_cutoff_008.ap.2,0.8522948284282563
frame_02_Al_projector.context_cutoff_008.ap.3,0.6443126187131477
frame_02_Al_projector.context_cutoff_008.ap.4,
frame_02_Al_projector.context_cutoff_008.ap.5,0.7374214139839598
frame_02_Al_projector.context_cutoff_008.ap.6,0.5084973083297062
frame_02_Al_projector.context_cutoff_010.counts.0.train,263
frame_02_Al_projector.context_cutoff_010.counts.0.test,337
frame_02_Al_projector.context_cutoff_010.counts.1.train,652
frame_02_Al_projector.context_cutoff_010.counts.1.test,563
frame_02_Al_projector.context_cutoff_010.counts.2.train,240
frame_02_Al_projector.context_cutoff_010.counts.2.test,211
frame_02_Al_projector.context_cutoff_010.counts.3.train,41
frame_02_Al_projector.context_cutoff_010.counts.3.test,50
frame_02_Al_projector.context_cutoff_010.counts.4.train,0
frame_02_Al_projector.context_cutoff_010.counts.4.test,0
frame_02_Al_projector.context_cutoff_010.counts.5.train,429
frame_02_Al_projector.context_cutoff_010.counts.5.test,525
frame_02_Al_projector.context_cutoff_010.counts.6.train,201
frame_02_Al_projector.context_cutoff_010.counts.6.test,224
frame_02_Al_projector.context_cutoff_010.test_coverage,1.0
frame_02_Al_projector.context_cutoff_010.balanced_accuracy,0.6898377033224973
frame_02_Al_projector.context_cutoff_010.ap.0,0.5603088991482651
frame_02_Al_projector.context_cutoff_010.ap.1,0.9964753902852526
frame_02_Al_projector.context_cutoff_010.ap.2,0.8379002818209865
frame_02_Al_projector.context_cutoff_010.ap.3,0.6493012370715092
frame_02_Al_projector.context_cutoff_010.ap.4,
frame_02_Al_projector.context_cutoff_010.ap.5,0.7367446579853922
frame_02_Al_projector.context_cutoff_010.ap.6,0.4420724731732952
frame_02_Al_projector.context_cutoff_012.counts.0.train,261
frame_02_Al_projector.context_cutoff_012.counts.0.test,334
frame_02_Al_projector.context_cutoff_012.counts.1.train,661
frame_02_Al_projector.context_cutoff_012.counts.1.test,571
frame_02_Al_projector.context_cutoff_012.counts.2.train,276
frame_02_Al_projector.context_cutoff_012.counts.2.test,264
frame_02_Al_projector.context_cutoff_012.counts.3.train,41
frame_02_Al_projector.context_cutoff_012.counts.3.test,50
frame_02_Al_projector.context_cutoff_012.counts.4.train,0
frame_02_Al_projector.context_cutoff_012.counts.4.test,0
frame_02_Al_projector.context_cutoff_012.counts.5.train,421
frame_02_Al_projector.context_cutoff_012.counts.5.test,514
frame_02_Al_projector.context_cutoff_012.counts.6.train,166
frame_02_Al_projector.context_cutoff_012.counts.6.test,177
frame_02_Al_projector.context_cutoff_012.test_coverage,1.0
frame_02_Al_projector.context_cutoff_012.balanced_accuracy,0.6563009245913305
frame_02_Al_projector.context_cutoff_012.ap.0,0.5572444512415828
frame_02_Al_projector.context_cutoff_012.ap.1,0.996145351541673
frame_02_Al_projector.context_cutoff_012.ap.2,0.7829525837753005
frame_02_Al_projector.context_cutoff_012.ap.3,0.6471611757156066
frame_02_Al_projector.context_cutoff_012.ap.4,
frame_02_Al_projector.context_cutoff_012.ap.5,0.7239888562901579
frame_02_Al_projector.context_cutoff_012.ap.6,0.32046488246340077
frame_02_Al_projector.planar_fault.counts.0.train,1774
frame_02_Al_projector.planar_fault.counts.0.test,1851
frame_02_Al_projector.planar_fault.counts.1.train,11
frame_02_Al_projector.planar_fault.counts.1.test,9
frame_02_Al_projector.planar_fault.counts.2.train,7
frame_02_Al_projector.planar_fault.counts.2.test,3
frame_02_Al_projector.planar_fault.counts.3.train,34
frame_02_Al_projector.planar_fault.counts.3.test,47
frame_02_Al_projector.planar_fault.counts.4.train,0
frame_02_Al_projector.planar_fault.counts.4.test,0
frame_02_Al_projector.planar_fault.test_coverage,0.993717277486911
frame_02_Al_projector.planar_fault.balanced_accuracy,0.8686621377748658
frame_02_Al_projector.planar_fault.ap.0,0.9969751892101091
frame_02_Al_projector.planar_fault.ap.1,
frame_02_Al_projector.planar_fault.ap.2,
frame_02_Al_projector.planar_fault.ap.3,0.5674249459736225
frame_02_Al_projector.planar_fault.ap.4,
frame_02_Al_projector.spatial.auc,0.6597633744288083
frame_02_Al_projector.spatial.pairs,1740
frame_02_Al_projector.spatial.changed_pairs,639
frame_02_Al_projector.spatial.bins,5
frame_02_Al_projector.spatial.same_label_normalized_distance,0.27282324101357164
frame_02_Al_projector.nonbulk_spatial.auc,0.5518306609507121
frame_02_Al_projector.nonbulk_spatial.pairs,1169
frame_02_Al_projector.nonbulk_spatial.changed_pairs,574
frame_02_Al_projector.nonbulk_spatial.bins,5
frame_02_Al_projector.nonbulk_spatial.same_label_normalized_distance,0.4690883822384411
frame_02_Al_projector.shuffled_spatial.auc,0.5011643808940223
frame_02_Al_projector.shuffled_spatial.pairs,1169
frame_02_Al_projector.shuffled_spatial.changed_pairs,574
frame_02_Al_projector.shuffled_spatial.bins,5
frame_02_Al_projector.shuffled_spatial.same_label_normalized_distance,0.8792394953137181
frame_02_Al_projector.collapsed_spatial.auc,0.5
frame_02_Al_projector.collapsed_spatial.pairs,1169
frame_02_Al_projector.collapsed_spatial.changed_pairs,574
frame_02_Al_projector.collapsed_spatial.bins,5
frame_02_Al_projector.collapsed_spatial.same_label_normalized_distance,
frame_02_Al_projector.liquid_topology.train_count,218
frame_02_Al_projector.liquid_topology.test_count,269
frame_02_Al_projector.liquid_topology.conditional_r2_gain,-0.04700319841504097
frame_02_Al_projector.liquid_topology.mean_r2,-0.05426725745201111
frame_02_Al_projector.nonbulk_cluster_ami,0.2968526546734365
frame_02_Al_projector.continuity_fixed_candidates_center_fixed.0.0001.pair_rms,14.846351568142559
frame_02_Al_projector.continuity_fixed_candidates_center_fixed.0.0001.normalized_median,0.00016395192489121439
frame_02_Al_projector.continuity_fixed_candidates_center_fixed.0.0001.normalized_p95,0.032860720687874184
frame_02_Al_projector.continuity_fixed_candidates_center_fixed.0.01.pair_rms,14.846351568142559
frame_02_Al_projector.continuity_fixed_candidates_center_fixed.0.01.normalized_median,0.07337796368582332
frame_02_Al_projector.continuity_fixed_candidates_center_fixed.0.01.normalized_p95,0.20762529780319472
frame_02_Al_projector.continuity_fixed_candidates_center_fixed.0.1.pair_rms,14.846351568142559
frame_02_Al_projector.continuity_fixed_candidates_center_fixed.0.1.normalized_median,0.21008849396016138
frame_02_Al_projector.continuity_fixed_candidates_center_fixed.0.1.normalized_p95,0.41876028097222623
frame_03_Ta_encoder.collapse.effective_rank,8.903109550432678
frame_03_Ta_encoder.collapse.variance,1.3114734103998207
frame_03_Ta_encoder.collapse.pair_rms,1.619551425796551
frame_03_Ta_encoder.liquid_collapse.effective_rank,8.860804369137988
frame_03_Ta_encoder.liquid_collapse.variance,1.299440443542024
frame_03_Ta_encoder.liquid_collapse.pair_rms,1.6121044901258876
frame_03_Ta_encoder.reference_coverage.liquid_fraction,0.9990234375
frame_03_Ta_encoder.reference_coverage.cutoff_stable_fraction,0.996826171875
frame_03_Ta_encoder.context.counts.0.train,798
frame_03_Ta_encoder.context.counts.0.test,743
frame_03_Ta_encoder.context.counts.1.train,0
frame_03_Ta_encoder.context.counts.1.test,0
frame_03_Ta_encoder.context.counts.2.train,3
frame_03_Ta_encoder.context.counts.2.test,0
frame_03_Ta_encoder.context.counts.3.train,0
frame_03_Ta_encoder.context.counts.3.test,0
frame_03_Ta_encoder.context.counts.4.train,0
frame_03_Ta_encoder.context.counts.4.test,0
frame_03_Ta_encoder.context.counts.5.train,800
frame_03_Ta_encoder.context.counts.5.test,785
frame_03_Ta_encoder.context.counts.6.train,424
frame_03_Ta_encoder.context.counts.6.test,370
frame_03_Ta_encoder.context.test_coverage,1.0
frame_03_Ta_encoder.context.balanced_accuracy,0.6417798343731255
frame_03_Ta_encoder.context.ap.0,0.7731596849656917
frame_03_Ta_encoder.context.ap.1,
frame_03_Ta_encoder.context.ap.2,
frame_03_Ta_encoder.context.ap.3,
frame_03_Ta_encoder.context.ap.4,
frame_03_Ta_encoder.context.ap.5,0.8288148120132754
frame_03_Ta_encoder.context.ap.6,0.4848524069599212
frame_03_Ta_encoder.ptm.counts.0.train,1905
frame_03_Ta_encoder.ptm.counts.0.test,1792
frame_03_Ta_encoder.ptm.counts.1.train,0
frame_03_Ta_encoder.ptm.counts.1.test,0
frame_03_Ta_encoder.ptm.counts.2.train,0
frame_03_Ta_encoder.ptm.counts.2.test,0
frame_03_Ta_encoder.ptm.counts.3.train,3
frame_03_Ta_encoder.ptm.counts.3.test,0
frame_03_Ta_encoder.ptm.counts.4.train,117
frame_03_Ta_encoder.ptm.counts.4.test,106
frame_03_Ta_encoder.ptm.test_coverage,1.0
frame_03_Ta_encoder.ptm.balanced_accuracy,0.8800170569407009
frame_03_Ta_encoder.ptm.ap.0,0.9985301470101436
frame_03_Ta_encoder.ptm.ap.1,
frame_03_Ta_encoder.ptm.ap.2,
frame_03_Ta_encoder.ptm.ap.3,
frame_03_Ta_encoder.ptm.ap.4,0.6991748249433477
frame_03_Ta_encoder.liquid_order.train_count,2022
frame_03_Ta_encoder.liquid_order.test_count,1898
frame_03_Ta_encoder.liquid_order.conditional_r2_gain,0.24103307723999023
frame_03_Ta_encoder.liquid_order.mean_r2,0.37496671080589294
frame_03_Ta_encoder.context_cutoff_008.counts.0.train,798
frame_03_Ta_encoder.context_cutoff_008.counts.0.test,743
frame_03_Ta_encoder.context_cutoff_008.counts.1.train,0
frame_03_Ta_encoder.context_cutoff_008.counts.1.test,0
frame_03_Ta_encoder.context_cutoff_008.counts.2.train,2
frame_03_Ta_encoder.context_cutoff_008.counts.2.test,0
frame_03_Ta_encoder.context_cutoff_008.counts.3.train,0
frame_03_Ta_encoder.context_cutoff_008.counts.3.test,0
frame_03_Ta_encoder.context_cutoff_008.counts.4.train,0
frame_03_Ta_encoder.context_cutoff_008.counts.4.test,0
frame_03_Ta_encoder.context_cutoff_008.counts.5.train,800
frame_03_Ta_encoder.context_cutoff_008.counts.5.test,785
frame_03_Ta_encoder.context_cutoff_008.counts.6.train,425
frame_03_Ta_encoder.context_cutoff_008.counts.6.test,370
frame_03_Ta_encoder.context_cutoff_008.test_coverage,1.0
frame_03_Ta_encoder.context_cutoff_008.balanced_accuracy,0.6409029366955146
frame_03_Ta_encoder.context_cutoff_008.ap.0,0.7731745506413065
frame_03_Ta_encoder.context_cutoff_008.ap.1,
frame_03_Ta_encoder.context_cutoff_008.ap.2,
frame_03_Ta_encoder.context_cutoff_008.ap.3,
frame_03_Ta_encoder.context_cutoff_008.ap.4,
frame_03_Ta_encoder.context_cutoff_008.ap.5,0.8287180683258986
frame_03_Ta_encoder.context_cutoff_008.ap.6,0.4847018208673537
frame_03_Ta_encoder.context_cutoff_010.counts.0.train,798
frame_03_Ta_encoder.context_cutoff_010.counts.0.test,743
frame_03_Ta_encoder.context_cutoff_010.counts.1.train,0
frame_03_Ta_encoder.context_cutoff_010.counts.1.test,0
frame_03_Ta_encoder.context_cutoff_010.counts.2.train,3
frame_03_Ta_encoder.context_cutoff_010.counts.2.test,0
frame_03_Ta_encoder.context_cutoff_010.counts.3.train,0
frame_03_Ta_encoder.context_cutoff_010.counts.3.test,0
frame_03_Ta_encoder.context_cutoff_010.counts.4.train,0
frame_03_Ta_encoder.context_cutoff_010.counts.4.test,0
frame_03_Ta_encoder.context_cutoff_010.counts.5.train,800
frame_03_Ta_encoder.context_cutoff_010.counts.5.test,785
frame_03_Ta_encoder.context_cutoff_010.counts.6.train,424
frame_03_Ta_encoder.context_cutoff_010.counts.6.test,370
frame_03_Ta_encoder.context_cutoff_010.test_coverage,1.0
frame_03_Ta_encoder.context_cutoff_010.balanced_accuracy,0.6417798343731255
frame_03_Ta_encoder.context_cutoff_010.ap.0,0.7731596849656917
frame_03_Ta_encoder.context_cutoff_010.ap.1,
frame_03_Ta_encoder.context_cutoff_010.ap.2,
frame_03_Ta_encoder.context_cutoff_010.ap.3,
frame_03_Ta_encoder.context_cutoff_010.ap.4,
frame_03_Ta_encoder.context_cutoff_010.ap.5,0.8288148120132754
frame_03_Ta_encoder.context_cutoff_010.ap.6,0.4848524069599212
frame_03_Ta_encoder.context_cutoff_012.counts.0.train,798
frame_03_Ta_encoder.context_cutoff_012.counts.0.test,743
frame_03_Ta_encoder.context_cutoff_012.counts.1.train,0
frame_03_Ta_encoder.context_cutoff_012.counts.1.test,0
frame_03_Ta_encoder.context_cutoff_012.counts.2.train,6
frame_03_Ta_encoder.context_cutoff_012.counts.2.test,7
frame_03_Ta_encoder.context_cutoff_012.counts.3.train,0
frame_03_Ta_encoder.context_cutoff_012.counts.3.test,0
frame_03_Ta_encoder.context_cutoff_012.counts.4.train,0
frame_03_Ta_encoder.context_cutoff_012.counts.4.test,0
frame_03_Ta_encoder.context_cutoff_012.counts.5.train,800
frame_03_Ta_encoder.context_cutoff_012.counts.5.test,784
frame_03_Ta_encoder.context_cutoff_012.counts.6.train,421
frame_03_Ta_encoder.context_cutoff_012.counts.6.test,364
frame_03_Ta_encoder.context_cutoff_012.test_coverage,0.9963119072708114
frame_03_Ta_encoder.context_cutoff_012.balanced_accuracy,0.642463489692388
frame_03_Ta_encoder.context_cutoff_012.ap.0,0.7732266211223593
frame_03_Ta_encoder.context_cutoff_012.ap.1,
frame_03_Ta_encoder.context_cutoff_012.ap.2,
frame_03_Ta_encoder.context_cutoff_012.ap.3,
frame_03_Ta_encoder.context_cutoff_012.ap.4,
frame_03_Ta_encoder.context_cutoff_012.ap.5,0.8287908078455839
frame_03_Ta_encoder.context_cutoff_012.ap.6,0.4508410350585775
frame_03_Ta_encoder.spatial.auc,0.5397870471384513
frame_03_Ta_encoder.spatial.pairs,1884
frame_03_Ta_encoder.spatial.changed_pairs,1030
frame_03_Ta_encoder.spatial.bins,5
frame_03_Ta_encoder.spatial.same_label_normalized_distance,0.8709300754586603
frame_03_Ta_encoder.nonbulk_spatial.auc,0.5397870471384513
frame_03_Ta_encoder.nonbulk_spatial.pairs,1884
frame_03_Ta_encoder.nonbulk_spatial.changed_pairs,1030
frame_03_Ta_encoder.nonbulk_spatial.bins,5
frame_03_Ta_encoder.nonbulk_spatial.same_label_normalized_distance,0.8709300754586603
frame_03_Ta_encoder.shuffled_spatial.auc,0.5101911908120937
frame_03_Ta_encoder.shuffled_spatial.pairs,1884
frame_03_Ta_encoder.shuffled_spatial.changed_pairs,1030
frame_03_Ta_encoder.shuffled_spatial.bins,5
frame_03_Ta_encoder.shuffled_spatial.same_label_normalized_distance,0.9550277652763826
frame_03_Ta_encoder.collapsed_spatial.auc,0.5
frame_03_Ta_encoder.collapsed_spatial.pairs,1884
frame_03_Ta_encoder.collapsed_spatial.changed_pairs,1030
frame_03_Ta_encoder.collapsed_spatial.bins,5
frame_03_Ta_encoder.collapsed_spatial.same_label_normalized_distance,
frame_03_Ta_encoder.liquid_topology.train_count,521
frame_03_Ta_encoder.liquid_topology.test_count,465
frame_03_Ta_encoder.liquid_topology.conditional_r2_gain,-0.767869234085083
frame_03_Ta_encoder.liquid_topology.mean_r2,-0.7746241688728333
frame_03_Ta_encoder.nonbulk_cluster_ami,0.09871718710762545
frame_03_Ta_encoder.continuity_fixed_candidates_center_fixed.0.0001.pair_rms,1.623768637224628
frame_03_Ta_encoder.continuity_fixed_candidates_center_fixed.0.0001.normalized_median,0.00037233763133654336
frame_03_Ta_encoder.continuity_fixed_candidates_center_fixed.0.0001.normalized_p95,0.037021374698013566
frame_03_Ta_encoder.continuity_fixed_candidates_center_fixed.0.01.pair_rms,1.623768637224628
frame_03_Ta_encoder.continuity_fixed_candidates_center_fixed.0.01.normalized_median,0.20064959848117678
frame_03_Ta_encoder.continuity_fixed_candidates_center_fixed.0.01.normalized_p95,0.5256485035948141
frame_03_Ta_encoder.continuity_fixed_candidates_center_fixed.0.1.pair_rms,1.623768637224628
frame_03_Ta_encoder.continuity_fixed_candidates_center_fixed.0.1.normalized_median,0.6400742600973478
frame_03_Ta_encoder.continuity_fixed_candidates_center_fixed.0.1.normalized_p95,0.9354511347046056
frame_03_Ta_projector.collapse.effective_rank,2.103220929142225
frame_03_Ta_projector.collapse.variance,23.3173401678663
frame_03_Ta_projector.collapse.pair_rms,6.828958949630068
frame_03_Ta_projector.liquid_collapse.effective_rank,2.0809705590786027
frame_03_Ta_projector.liquid_collapse.variance,23.12619746742967
frame_03_Ta_projector.liquid_collapse.pair_rms,6.800911331201087
frame_03_Ta_projector.reference_coverage.liquid_fraction,0.9990234375
frame_03_Ta_projector.reference_coverage.cutoff_stable_fraction,0.996826171875
frame_03_Ta_projector.context.counts.0.train,798
frame_03_Ta_projector.context.counts.0.test,743
frame_03_Ta_projector.context.counts.1.train,0
frame_03_Ta_projector.context.counts.1.test,0
frame_03_Ta_projector.context.counts.2.train,3
frame_03_Ta_projector.context.counts.2.test,0
frame_03_Ta_projector.context.counts.3.train,0
frame_03_Ta_projector.context.counts.3.test,0
frame_03_Ta_projector.context.counts.4.train,0
frame_03_Ta_projector.context.counts.4.test,0
frame_03_Ta_projector.context.counts.5.train,800
frame_03_Ta_projector.context.counts.5.test,785
frame_03_Ta_projector.context.counts.6.train,424
frame_03_Ta_projector.context.counts.6.test,370
frame_03_Ta_projector.context.test_coverage,1.0
frame_03_Ta_projector.context.balanced_accuracy,0.6111984381532006
frame_03_Ta_projector.context.ap.0,0.7304451823903996
frame_03_Ta_projector.context.ap.1,
frame_03_Ta_projector.context.ap.2,
frame_03_Ta_projector.context.ap.3,
frame_03_Ta_projector.context.ap.4,
frame_03_Ta_projector.context.ap.5,0.7872086343926055
frame_03_Ta_projector.context.ap.6,0.4580636913456861
frame_03_Ta_projector.ptm.counts.0.train,1905
frame_03_Ta_projector.ptm.counts.0.test,1792
frame_03_Ta_projector.ptm.counts.1.train,0
frame_03_Ta_projector.ptm.counts.1.test,0
frame_03_Ta_projector.ptm.counts.2.train,0
frame_03_Ta_projector.ptm.counts.2.test,0
frame_03_Ta_projector.ptm.counts.3.train,3
frame_03_Ta_projector.ptm.counts.3.test,0
frame_03_Ta_projector.ptm.counts.4.train,117
frame_03_Ta_projector.ptm.counts.4.test,106
frame_03_Ta_projector.ptm.test_coverage,1.0
frame_03_Ta_projector.ptm.balanced_accuracy,0.8753948365902965
frame_03_Ta_projector.ptm.ap.0,0.9971097605480611
frame_03_Ta_projector.ptm.ap.1,
frame_03_Ta_projector.ptm.ap.2,
frame_03_Ta_projector.ptm.ap.3,
frame_03_Ta_projector.ptm.ap.4,0.5940951954764687
frame_03_Ta_projector.liquid_order.train_count,2022
frame_03_Ta_projector.liquid_order.test_count,1898
frame_03_Ta_projector.liquid_order.conditional_r2_gain,0.19751103222370148
frame_03_Ta_projector.liquid_order.mean_r2,0.30862167477607727
frame_03_Ta_projector.context_cutoff_008.counts.0.train,798
frame_03_Ta_projector.context_cutoff_008.counts.0.test,743
frame_03_Ta_projector.context_cutoff_008.counts.1.train,0
frame_03_Ta_projector.context_cutoff_008.counts.1.test,0
frame_03_Ta_projector.context_cutoff_008.counts.2.train,2
frame_03_Ta_projector.context_cutoff_008.counts.2.test,0
frame_03_Ta_projector.context_cutoff_008.counts.3.train,0
frame_03_Ta_projector.context_cutoff_008.counts.3.test,0
frame_03_Ta_projector.context_cutoff_008.counts.4.train,0
frame_03_Ta_projector.context_cutoff_008.counts.4.test,0
frame_03_Ta_projector.context_cutoff_008.counts.5.train,800
frame_03_Ta_projector.context_cutoff_008.counts.5.test,785
frame_03_Ta_projector.context_cutoff_008.counts.6.train,425
frame_03_Ta_projector.context_cutoff_008.counts.6.test,370
frame_03_Ta_projector.context_cutoff_008.test_coverage,1.0
frame_03_Ta_projector.context_cutoff_008.balanced_accuracy,0.6120476950534129
frame_03_Ta_projector.context_cutoff_008.ap.0,0.7304885205978117
frame_03_Ta_projector.context_cutoff_008.ap.1,
frame_03_Ta_projector.context_cutoff_008.ap.2,
frame_03_Ta_projector.context_cutoff_008.ap.3,
frame_03_Ta_projector.context_cutoff_008.ap.4,
frame_03_Ta_projector.context_cutoff_008.ap.5,0.7871180589588291
frame_03_Ta_projector.context_cutoff_008.ap.6,0.4571983948849863
frame_03_Ta_projector.context_cutoff_010.counts.0.train,798
frame_03_Ta_projector.context_cutoff_010.counts.0.test,743
frame_03_Ta_projector.context_cutoff_010.counts.1.train,0
frame_03_Ta_projector.context_cutoff_010.counts.1.test,0
frame_03_Ta_projector.context_cutoff_010.counts.2.train,3
frame_03_Ta_projector.context_cutoff_010.counts.2.test,0
frame_03_Ta_projector.context_cutoff_010.counts.3.train,0
frame_03_Ta_projector.context_cutoff_010.counts.3.test,0
frame_03_Ta_projector.context_cutoff_010.counts.4.train,0
frame_03_Ta_projector.context_cutoff_010.counts.4.test,0
frame_03_Ta_projector.context_cutoff_010.counts.5.train,800
frame_03_Ta_projector.context_cutoff_010.counts.5.test,785
frame_03_Ta_projector.context_cutoff_010.counts.6.train,424
frame_03_Ta_projector.context_cutoff_010.counts.6.test,370
frame_03_Ta_projector.context_cutoff_010.test_coverage,1.0
frame_03_Ta_projector.context_cutoff_010.balanced_accuracy,0.6111984381532006
frame_03_Ta_projector.context_cutoff_010.ap.0,0.7304451823903996
frame_03_Ta_projector.context_cutoff_010.ap.1,
frame_03_Ta_projector.context_cutoff_010.ap.2,
frame_03_Ta_projector.context_cutoff_010.ap.3,
frame_03_Ta_projector.context_cutoff_010.ap.4,
frame_03_Ta_projector.context_cutoff_010.ap.5,0.7872086343926055
frame_03_Ta_projector.context_cutoff_010.ap.6,0.4580636913456861
frame_03_Ta_projector.context_cutoff_012.counts.0.train,798
frame_03_Ta_projector.context_cutoff_012.counts.0.test,743
frame_03_Ta_projector.context_cutoff_012.counts.1.train,0
frame_03_Ta_projector.context_cutoff_012.counts.1.test,0
frame_03_Ta_projector.context_cutoff_012.counts.2.train,6
frame_03_Ta_projector.context_cutoff_012.counts.2.test,7
frame_03_Ta_projector.context_cutoff_012.counts.3.train,0
frame_03_Ta_projector.context_cutoff_012.counts.3.test,0
frame_03_Ta_projector.context_cutoff_012.counts.4.train,0
frame_03_Ta_projector.context_cutoff_012.counts.4.test,0
frame_03_Ta_projector.context_cutoff_012.counts.5.train,800
frame_03_Ta_projector.context_cutoff_012.counts.5.test,784
frame_03_Ta_projector.context_cutoff_012.counts.6.train,421
frame_03_Ta_projector.context_cutoff_012.counts.6.test,364
frame_03_Ta_projector.context_cutoff_012.test_coverage,0.9963119072708114
frame_03_Ta_projector.context_cutoff_012.balanced_accuracy,0.6065480416206239
frame_03_Ta_projector.context_cutoff_012.ap.0,0.7303490015801869
frame_03_Ta_projector.context_cutoff_012.ap.1,
frame_03_Ta_projector.context_cutoff_012.ap.2,
frame_03_Ta_projector.context_cutoff_012.ap.3,
frame_03_Ta_projector.context_cutoff_012.ap.4,
frame_03_Ta_projector.context_cutoff_012.ap.5,0.7878238095797309
frame_03_Ta_projector.context_cutoff_012.ap.6,0.4330577061322813
frame_03_Ta_projector.spatial.auc,0.5616602143410288
frame_03_Ta_projector.spatial.pairs,1884
frame_03_Ta_projector.spatial.changed_pairs,1030
frame_03_Ta_projector.spatial.bins,5
frame_03_Ta_projector.spatial.same_label_normalized_distance,0.7166484440329083
frame_03_Ta_projector.nonbulk_spatial.auc,0.5616602143410288
frame_03_Ta_projector.nonbulk_spatial.pairs,1884
frame_03_Ta_projector.nonbulk_spatial.changed_pairs,1030
frame_03_Ta_projector.nonbulk_spatial.bins,5
frame_03_Ta_projector.nonbulk_spatial.same_label_normalized_distance,0.7166484440329083
frame_03_Ta_projector.shuffled_spatial.auc,0.4909798949659466
frame_03_Ta_projector.shuffled_spatial.pairs,1884
frame_03_Ta_projector.shuffled_spatial.changed_pairs,1030
frame_03_Ta_projector.shuffled_spatial.bins,5
frame_03_Ta_projector.shuffled_spatial.same_label_normalized_distance,0.8812915413823333
frame_03_Ta_projector.collapsed_spatial.auc,0.5
frame_03_Ta_projector.collapsed_spatial.pairs,1884
frame_03_Ta_projector.collapsed_spatial.changed_pairs,1030
frame_03_Ta_projector.collapsed_spatial.bins,5
frame_03_Ta_projector.collapsed_spatial.same_label_normalized_distance,
frame_03_Ta_projector.liquid_topology.train_count,521
frame_03_Ta_projector.liquid_topology.test_count,465
frame_03_Ta_projector.liquid_topology.conditional_r2_gain,0.03798655420541763
frame_03_Ta_projector.liquid_topology.mean_r2,0.02872699499130249
frame_03_Ta_projector.nonbulk_cluster_ami,0.11308189898514863
frame_03_Ta_projector.continuity_fixed_candidates_center_fixed.0.0001.pair_rms,6.9428893854688685
frame_03_Ta_projector.continuity_fixed_candidates_center_fixed.0.0001.normalized_median,0.00022667083241935626
frame_03_Ta_projector.continuity_fixed_candidates_center_fixed.0.0001.normalized_p95,0.0110630726111436
frame_03_Ta_projector.continuity_fixed_candidates_center_fixed.0.01.pair_rms,6.9428893854688685
frame_03_Ta_projector.continuity_fixed_candidates_center_fixed.0.01.normalized_median,0.09967350000393037
frame_03_Ta_projector.continuity_fixed_candidates_center_fixed.0.01.normalized_p95,0.3577530179696055
frame_03_Ta_projector.continuity_fixed_candidates_center_fixed.0.1.pair_rms,6.9428893854688685
frame_03_Ta_projector.continuity_fixed_candidates_center_fixed.0.1.normalized_median,0.35977006166891723
frame_03_Ta_projector.continuity_fixed_candidates_center_fixed.0.1.normalized_p95,0.8502701726671873
frame_04_Ta_encoder.collapse.effective_rank,2.0005904771865985
frame_04_Ta_encoder.collapse.variance,4.2068035983456795
frame_04_Ta_encoder.collapse.pair_rms,2.9006218637891013
frame_04_Ta_encoder.liquid_collapse.effective_rank,8.71196100857031
frame_04_Ta_encoder.liquid_collapse.variance,1.3205998571403113
frame_04_Ta_encoder.liquid_collapse.pair_rms,1.6251768255425691
frame_04_Ta_encoder.reference_coverage.liquid_fraction,0.927001953125
frame_04_Ta_encoder.reference_coverage.cutoff_stable_fraction,0.99365234375
frame_04_Ta_encoder.context.counts.0.train,667
frame_04_Ta_encoder.context.counts.0.test,749
frame_04_Ta_encoder.context.counts.1.train,168
frame_04_Ta_encoder.context.counts.1.test,58
frame_04_Ta_encoder.context.counts.2.train,32
frame_04_Ta_encoder.context.counts.2.test,40
frame_04_Ta_encoder.context.counts.3.train,0
frame_04_Ta_encoder.context.counts.3.test,0
frame_04_Ta_encoder.context.counts.4.train,0
frame_04_Ta_encoder.context.counts.4.test,0
frame_04_Ta_encoder.context.counts.5.train,725
frame_04_Ta_encoder.context.counts.5.test,759
frame_04_Ta_encoder.context.counts.6.train,381
frame_04_Ta_encoder.context.counts.6.test,364
frame_04_Ta_encoder.context.test_coverage,1.0
frame_04_Ta_encoder.context.balanced_accuracy,0.7439008737949455
frame_04_Ta_encoder.context.ap.0,0.7794433295943378
frame_04_Ta_encoder.context.ap.1,0.9779129318470763
frame_04_Ta_encoder.context.ap.2,0.8477424266020681
frame_04_Ta_encoder.context.ap.3,
frame_04_Ta_encoder.context.ap.4,
frame_04_Ta_encoder.context.ap.5,0.8293409299626963
frame_04_Ta_encoder.context.ap.6,0.49822407318642686
frame_04_Ta_encoder.ptm.counts.0.train,1692
frame_04_Ta_encoder.ptm.counts.0.test,1809
frame_04_Ta_encoder.ptm.counts.1.train,0
frame_04_Ta_encoder.ptm.counts.1.test,0
frame_04_Ta_encoder.ptm.counts.2.train,0
frame_04_Ta_encoder.ptm.counts.2.test,0
frame_04_Ta_encoder.ptm.counts.3.train,188
frame_04_Ta_encoder.ptm.counts.3.test,73
frame_04_Ta_encoder.ptm.counts.4.train,93
frame_04_Ta_encoder.ptm.counts.4.test,88
frame_04_Ta_encoder.ptm.test_coverage,1.0
frame_04_Ta_encoder.ptm.balanced_accuracy,0.8962537641573967
frame_04_Ta_encoder.ptm.ap.0,0.9983118859287614
frame_04_Ta_encoder.ptm.ap.1,
frame_04_Ta_encoder.ptm.ap.2,
frame_04_Ta_encoder.ptm.ap.3,0.997550763406574
frame_04_Ta_encoder.ptm.ap.4,0.62310092972593
frame_04_Ta_encoder.liquid_order.train_count,1773
frame_04_Ta_encoder.liquid_order.test_count,1872
frame_04_Ta_encoder.liquid_order.conditional_r2_gain,0.24664656817913055
frame_04_Ta_encoder.liquid_order.mean_r2,0.3733234405517578
frame_04_Ta_encoder.context_cutoff_008.counts.0.train,667
frame_04_Ta_encoder.context_cutoff_008.counts.0.test,749
frame_04_Ta_encoder.context_cutoff_008.counts.1.train,167
frame_04_Ta_encoder.context_cutoff_008.counts.1.test,58
frame_04_Ta_encoder.context_cutoff_008.counts.2.train,31
frame_04_Ta_encoder.context_cutoff_008.counts.2.test,32
frame_04_Ta_encoder.context_cutoff_008.counts.3.train,0
frame_04_Ta_encoder.context_cutoff_008.counts.3.test,0
frame_04_Ta_encoder.context_cutoff_008.counts.4.train,0
frame_04_Ta_encoder.context_cutoff_008.counts.4.test,0
frame_04_Ta_encoder.context_cutoff_008.counts.5.train,726
frame_04_Ta_encoder.context_cutoff_008.counts.5.test,760
frame_04_Ta_encoder.context_cutoff_008.counts.6.train,382
frame_04_Ta_encoder.context_cutoff_008.counts.6.test,371
frame_04_Ta_encoder.context_cutoff_008.test_coverage,1.0
frame_04_Ta_encoder.context_cutoff_008.balanced_accuracy,0.7404039916683762
frame_04_Ta_encoder.context_cutoff_008.ap.0,0.779023488011155
frame_04_Ta_encoder.context_cutoff_008.ap.1,0.9769202234524146
frame_04_Ta_encoder.context_cutoff_008.ap.2,0.8406752409717945
frame_04_Ta_encoder.context_cutoff_008.ap.3,
frame_04_Ta_encoder.context_cutoff_008.ap.4,
frame_04_Ta_encoder.context_cutoff_008.ap.5,0.8296268028362286
frame_04_Ta_encoder.context_cutoff_008.ap.6,0.5122169531840199
frame_04_Ta_encoder.context_cutoff_010.counts.0.train,667
frame_04_Ta_encoder.context_cutoff_010.counts.0.test,749
frame_04_Ta_encoder.context_cutoff_010.counts.1.train,168
frame_04_Ta_encoder.context_cutoff_010.counts.1.test,58
frame_04_Ta_encoder.context_cutoff_010.counts.2.train,32
frame_04_Ta_encoder.context_cutoff_010.counts.2.test,40
frame_04_Ta_encoder.context_cutoff_010.counts.3.train,0
frame_04_Ta_encoder.context_cutoff_010.counts.3.test,0
frame_04_Ta_encoder.context_cutoff_010.counts.4.train,0
frame_04_Ta_encoder.context_cutoff_010.counts.4.test,0
frame_04_Ta_encoder.context_cutoff_010.counts.5.train,725
frame_04_Ta_encoder.context_cutoff_010.counts.5.test,759
frame_04_Ta_encoder.context_cutoff_010.counts.6.train,381
frame_04_Ta_encoder.context_cutoff_010.counts.6.test,364
frame_04_Ta_encoder.context_cutoff_010.test_coverage,1.0
frame_04_Ta_encoder.context_cutoff_010.balanced_accuracy,0.7439008737949455
frame_04_Ta_encoder.context_cutoff_010.ap.0,0.7794433295943378
frame_04_Ta_encoder.context_cutoff_010.ap.1,0.9779129318470763
frame_04_Ta_encoder.context_cutoff_010.ap.2,0.8477424266020681
frame_04_Ta_encoder.context_cutoff_010.ap.3,
frame_04_Ta_encoder.context_cutoff_010.ap.4,
frame_04_Ta_encoder.context_cutoff_010.ap.5,0.8293409299626963
frame_04_Ta_encoder.context_cutoff_010.ap.6,0.49822407318642686
frame_04_Ta_encoder.context_cutoff_012.counts.0.train,667
frame_04_Ta_encoder.context_cutoff_012.counts.0.test,749
frame_04_Ta_encoder.context_cutoff_012.counts.1.train,171
frame_04_Ta_encoder.context_cutoff_012.counts.1.test,59
frame_04_Ta_encoder.context_cutoff_012.counts.2.train,34
frame_04_Ta_encoder.context_cutoff_012.counts.2.test,44
frame_04_Ta_encoder.context_cutoff_012.counts.3.train,0
frame_04_Ta_encoder.context_cutoff_012.counts.3.test,0
frame_04_Ta_encoder.context_cutoff_012.counts.4.train,0
frame_04_Ta_encoder.context_cutoff_012.counts.4.test,0
frame_04_Ta_encoder.context_cutoff_012.counts.5.train,725
frame_04_Ta_encoder.context_cutoff_012.counts.5.test,759
frame_04_Ta_encoder.context_cutoff_012.counts.6.train,376
frame_04_Ta_encoder.context_cutoff_012.counts.6.test,359
frame_04_Ta_encoder.context_cutoff_012.test_coverage,1.0
frame_04_Ta_encoder.context_cutoff_012.balanced_accuracy,0.7374082055575867
frame_04_Ta_encoder.context_cutoff_012.ap.0,0.778661087043823
frame_04_Ta_encoder.context_cutoff_012.ap.1,0.9894165712206976
frame_04_Ta_encoder.context_cutoff_012.ap.2,0.8104453472218759
frame_04_Ta_encoder.context_cutoff_012.ap.3,
frame_04_Ta_encoder.context_cutoff_012.ap.4,
frame_04_Ta_encoder.context_cutoff_012.ap.5,0.8292664351081123
frame_04_Ta_encoder.context_cutoff_012.ap.6,0.4583902769205158
frame_04_Ta_encoder.spatial.auc,0.535449225528602
frame_04_Ta_encoder.spatial.pairs,1936
frame_04_Ta_encoder.spatial.changed_pairs,1040
frame_04_Ta_encoder.spatial.bins,5
frame_04_Ta_encoder.spatial.same_label_normalized_distance,0.5762688593254902
frame_04_Ta_encoder.nonbulk_spatial.auc,0.5264025257411218
frame_04_Ta_encoder.nonbulk_spatial.pairs,1875
frame_04_Ta_encoder.nonbulk_spatial.changed_pairs,1031
frame_04_Ta_encoder.nonbulk_spatial.bins,5
frame_04_Ta_encoder.nonbulk_spatial.same_label_normalized_distance,0.7971990290551263
frame_04_Ta_encoder.shuffled_spatial.auc,0.48604939651684254
frame_04_Ta_encoder.shuffled_spatial.pairs,1875
frame_04_Ta_encoder.shuffled_spatial.changed_pairs,1031
frame_04_Ta_encoder.shuffled_spatial.bins,5
frame_04_Ta_encoder.shuffled_spatial.same_label_normalized_distance,0.7877141664936743
frame_04_Ta_encoder.collapsed_spatial.auc,0.5
frame_04_Ta_encoder.collapsed_spatial.pairs,1875
frame_04_Ta_encoder.collapsed_spatial.changed_pairs,1031
frame_04_Ta_encoder.collapsed_spatial.bins,5
frame_04_Ta_encoder.collapsed_spatial.same_label_normalized_distance,
frame_04_Ta_encoder.liquid_topology.train_count,431
frame_04_Ta_encoder.liquid_topology.test_count,475
frame_04_Ta_encoder.liquid_topology.conditional_r2_gain,-8.870107650756836
frame_04_Ta_encoder.liquid_topology.mean_r2,-9.072571754455566
frame_04_Ta_encoder.nonbulk_cluster_ami,0.15242259379635031
frame_04_Ta_encoder.continuity_fixed_candidates_center_fixed.0.0001.pair_rms,3.1445926472430994
frame_04_Ta_encoder.continuity_fixed_candidates_center_fixed.0.0001.normalized_median,0.00018928064595500338
frame_04_Ta_encoder.continuity_fixed_candidates_center_fixed.0.0001.normalized_p95,0.0414510748687547
frame_04_Ta_encoder.continuity_fixed_candidates_center_fixed.0.01.pair_rms,3.1445926472430994
frame_04_Ta_encoder.continuity_fixed_candidates_center_fixed.0.01.normalized_median,0.11600293477311388
frame_04_Ta_encoder.continuity_fixed_candidates_center_fixed.0.01.normalized_p95,0.32805735099056543
frame_04_Ta_encoder.continuity_fixed_candidates_center_fixed.0.1.pair_rms,3.1445926472430994
frame_04_Ta_encoder.continuity_fixed_candidates_center_fixed.0.1.normalized_median,0.34199836145442325
frame_04_Ta_encoder.continuity_fixed_candidates_center_fixed.0.1.normalized_p95,0.5955180400941917
frame_04_Ta_projector.collapse.effective_rank,2.3945284189585068
frame_04_Ta_projector.collapse.variance,51.53409349658905
frame_04_Ta_projector.collapse.pair_rms,10.152250341337043
frame_04_Ta_projector.liquid_collapse.effective_rank,2.114739041685859
frame_04_Ta_projector.liquid_collapse.variance,23.378219461139857
frame_04_Ta_projector.liquid_collapse.pair_rms,6.837868010007192
frame_04_Ta_projector.reference_coverage.liquid_fraction,0.927001953125
frame_04_Ta_projector.reference_coverage.cutoff_stable_fraction,0.99365234375
frame_04_Ta_projector.context.counts.0.train,667
frame_04_Ta_projector.context.counts.0.test,749
frame_04_Ta_projector.context.counts.1.train,168
frame_04_Ta_projector.context.counts.1.test,58
frame_04_Ta_projector.context.counts.2.train,32
frame_04_Ta_projector.context.counts.2.test,40
frame_04_Ta_projector.context.counts.3.train,0
frame_04_Ta_projector.context.counts.3.test,0
frame_04_Ta_projector.context.counts.4.train,0
frame_04_Ta_projector.context.counts.4.test,0
frame_04_Ta_projector.context.counts.5.train,725
frame_04_Ta_projector.context.counts.5.test,759
frame_04_Ta_projector.context.counts.6.train,381
frame_04_Ta_projector.context.counts.6.test,364
frame_04_Ta_projector.context.test_coverage,1.0
frame_04_Ta_projector.context.balanced_accuracy,0.7139295001868389
frame_04_Ta_projector.context.ap.0,0.7480325395033782
frame_04_Ta_projector.context.ap.1,0.9942742450310917
frame_04_Ta_projector.context.ap.2,0.8543207968485245
frame_04_Ta_projector.context.ap.3,
frame_04_Ta_projector.context.ap.4,
frame_04_Ta_projector.context.ap.5,0.7745156466121905
frame_04_Ta_projector.context.ap.6,0.45802327142470345
frame_04_Ta_projector.ptm.counts.0.train,1692
frame_04_Ta_projector.ptm.counts.0.test,1809
frame_04_Ta_projector.ptm.counts.1.train,0
frame_04_Ta_projector.ptm.counts.1.test,0
frame_04_Ta_projector.ptm.counts.2.train,0
frame_04_Ta_projector.ptm.counts.2.test,0
frame_04_Ta_projector.ptm.counts.3.train,188
frame_04_Ta_projector.ptm.counts.3.test,73
frame_04_Ta_projector.ptm.counts.4.train,93
frame_04_Ta_projector.ptm.counts.4.test,88
frame_04_Ta_projector.ptm.test_coverage,1.0
frame_04_Ta_projector.ptm.balanced_accuracy,0.9241416298425772
frame_04_Ta_projector.ptm.ap.0,0.9975804014052637
frame_04_Ta_projector.ptm.ap.1,
frame_04_Ta_projector.ptm.ap.2,
frame_04_Ta_projector.ptm.ap.3,0.9896594611208671
frame_04_Ta_projector.ptm.ap.4,0.5085471150794548
frame_04_Ta_projector.liquid_order.train_count,1773
frame_04_Ta_projector.liquid_order.test_count,1872
frame_04_Ta_projector.liquid_order.conditional_r2_gain,0.19877271354198456
frame_04_Ta_projector.liquid_order.mean_r2,0.3039807081222534
frame_04_Ta_projector.context_cutoff_008.counts.0.train,667
frame_04_Ta_projector.context_cutoff_008.counts.0.test,749
frame_04_Ta_projector.context_cutoff_008.counts.1.train,167
frame_04_Ta_projector.context_cutoff_008.counts.1.test,58
frame_04_Ta_projector.context_cutoff_008.counts.2.train,31
frame_04_Ta_projector.context_cutoff_008.counts.2.test,32
frame_04_Ta_projector.context_cutoff_008.counts.3.train,0
frame_04_Ta_projector.context_cutoff_008.counts.3.test,0
frame_04_Ta_projector.context_cutoff_008.counts.4.train,0
frame_04_Ta_projector.context_cutoff_008.counts.4.test,0
frame_04_Ta_projector.context_cutoff_008.counts.5.train,726
frame_04_Ta_projector.context_cutoff_008.counts.5.test,760
frame_04_Ta_projector.context_cutoff_008.counts.6.train,382
frame_04_Ta_projector.context_cutoff_008.counts.6.test,371
frame_04_Ta_projector.context_cutoff_008.test_coverage,1.0
frame_04_Ta_projector.context_cutoff_008.balanced_accuracy,0.7423953182540137
frame_04_Ta_projector.context_cutoff_008.ap.0,0.7480953256462732
frame_04_Ta_projector.context_cutoff_008.ap.1,0.9927786939369438
frame_04_Ta_projector.context_cutoff_008.ap.2,0.8908186642322038
frame_04_Ta_projector.context_cutoff_008.ap.3,
frame_04_Ta_projector.context_cutoff_008.ap.4,
frame_04_Ta_projector.context_cutoff_008.ap.5,0.7815162025687103
frame_04_Ta_projector.context_cutoff_008.ap.6,0.4826123201350514
frame_04_Ta_projector.context_cutoff_010.counts.0.train,667
frame_04_Ta_projector.context_cutoff_010.counts.0.test,749
frame_04_Ta_projector.context_cutoff_010.counts.1.train,168
frame_04_Ta_projector.context_cutoff_010.counts.1.test,58
frame_04_Ta_projector.context_cutoff_010.counts.2.train,32
frame_04_Ta_projector.context_cutoff_010.counts.2.test,40
frame_04_Ta_projector.context_cutoff_010.counts.3.train,0
frame_04_Ta_projector.context_cutoff_010.counts.3.test,0
frame_04_Ta_projector.context_cutoff_010.counts.4.train,0
frame_04_Ta_projector.context_cutoff_010.counts.4.test,0
frame_04_Ta_projector.context_cutoff_010.counts.5.train,725
frame_04_Ta_projector.context_cutoff_010.counts.5.test,759
frame_04_Ta_projector.context_cutoff_010.counts.6.train,381
frame_04_Ta_projector.context_cutoff_010.counts.6.test,364
frame_04_Ta_projector.context_cutoff_010.test_coverage,1.0
frame_04_Ta_projector.context_cutoff_010.balanced_accuracy,0.7139295001868389
frame_04_Ta_projector.context_cutoff_010.ap.0,0.7480325395033782
frame_04_Ta_projector.context_cutoff_010.ap.1,0.9942742450310917
frame_04_Ta_projector.context_cutoff_010.ap.2,0.8543207968485245
frame_04_Ta_projector.context_cutoff_010.ap.3,
frame_04_Ta_projector.context_cutoff_010.ap.4,
frame_04_Ta_projector.context_cutoff_010.ap.5,0.7745156466121905
frame_04_Ta_projector.context_cutoff_010.ap.6,0.45802327142470345
frame_04_Ta_projector.context_cutoff_012.counts.0.train,667
frame_04_Ta_projector.context_cutoff_012.counts.0.test,749
frame_04_Ta_projector.context_cutoff_012.counts.1.train,171
frame_04_Ta_projector.context_cutoff_012.counts.1.test,59
frame_04_Ta_projector.context_cutoff_012.counts.2.train,34
frame_04_Ta_projector.context_cutoff_012.counts.2.test,44
frame_04_Ta_projector.context_cutoff_012.counts.3.train,0
frame_04_Ta_projector.context_cutoff_012.counts.3.test,0
frame_04_Ta_projector.context_cutoff_012.counts.4.train,0
frame_04_Ta_projector.context_cutoff_012.counts.4.test,0
frame_04_Ta_projector.context_cutoff_012.counts.5.train,725
frame_04_Ta_projector.context_cutoff_012.counts.5.test,759
frame_04_Ta_projector.context_cutoff_012.counts.6.train,376
frame_04_Ta_projector.context_cutoff_012.counts.6.test,359
frame_04_Ta_projector.context_cutoff_012.test_coverage,1.0
frame_04_Ta_projector.context_cutoff_012.balanced_accuracy,0.7060763555561742
frame_04_Ta_projector.context_cutoff_012.ap.0,0.7476552700448781
frame_04_Ta_projector.context_cutoff_012.ap.1,0.9858267982449995
frame_04_Ta_projector.context_cutoff_012.ap.2,0.8230575132399105
frame_04_Ta_projector.context_cutoff_012.ap.3,
frame_04_Ta_projector.context_cutoff_012.ap.4,
frame_04_Ta_projector.context_cutoff_012.ap.5,0.7802893899453862
frame_04_Ta_projector.context_cutoff_012.ap.6,0.41472749898555367
frame_04_Ta_projector.spatial.auc,0.5663127842927332
frame_04_Ta_projector.spatial.pairs,1936
frame_04_Ta_projector.spatial.changed_pairs,1040
frame_04_Ta_projector.spatial.bins,5
frame_04_Ta_projector.spatial.same_label_normalized_distance,0.5370604243422796
frame_04_Ta_projector.nonbulk_spatial.auc,0.5587897132918209
frame_04_Ta_projector.nonbulk_spatial.pairs,1875
frame_04_Ta_projector.nonbulk_spatial.changed_pairs,1031
frame_04_Ta_projector.nonbulk_spatial.bins,5
frame_04_Ta_projector.nonbulk_spatial.same_label_normalized_distance,0.6508950750885796
frame_04_Ta_projector.shuffled_spatial.auc,0.47315672389660585
frame_04_Ta_projector.shuffled_spatial.pairs,1875
frame_04_Ta_projector.shuffled_spatial.changed_pairs,1031
frame_04_Ta_projector.shuffled_spatial.bins,5
frame_04_Ta_projector.shuffled_spatial.same_label_normalized_distance,0.8121310564775633
frame_04_Ta_projector.collapsed_spatial.auc,0.5
frame_04_Ta_projector.collapsed_spatial.pairs,1875
frame_04_Ta_projector.collapsed_spatial.changed_pairs,1031
frame_04_Ta_projector.collapsed_spatial.bins,5
frame_04_Ta_projector.collapsed_spatial.same_label_normalized_distance,
frame_04_Ta_projector.liquid_topology.train_count,431
frame_04_Ta_projector.liquid_topology.test_count,475
frame_04_Ta_projector.liquid_topology.conditional_r2_gain,-0.70339035987854
frame_04_Ta_projector.liquid_topology.mean_r2,-0.8455377817153931
frame_04_Ta_projector.nonbulk_cluster_ami,0.17741109705066715
frame_04_Ta_projector.continuity_fixed_candidates_center_fixed.0.0001.pair_rms,10.694438329536455
frame_04_Ta_projector.continuity_fixed_candidates_center_fixed.0.0001.normalized_median,0.0001626806961465168
frame_04_Ta_projector.continuity_fixed_candidates_center_fixed.0.0001.normalized_p95,0.022795466856532144
frame_04_Ta_projector.continuity_fixed_candidates_center_fixed.0.01.pair_rms,10.694438329536455
frame_04_Ta_projector.continuity_fixed_candidates_center_fixed.0.01.normalized_median,0.07798637663011182
frame_04_Ta_projector.continuity_fixed_candidates_center_fixed.0.01.normalized_p95,0.260262912469097
frame_04_Ta_projector.continuity_fixed_candidates_center_fixed.0.1.pair_rms,10.694438329536455
frame_04_Ta_projector.continuity_fixed_candidates_center_fixed.0.1.normalized_median,0.26795511332943284
frame_04_Ta_projector.continuity_fixed_candidates_center_fixed.0.1.normalized_p95,0.6763294470580418
frame_05_Ta_encoder.collapse.effective_rank,1.3883786600487713
frame_05_Ta_encoder.collapse.variance,9.057292710928598
frame_05_Ta_encoder.collapse.pair_rms,4.25612328555661
frame_05_Ta_encoder.liquid_collapse.effective_rank,8.59246436023279
frame_05_Ta_encoder.liquid_collapse.variance,1.3824306453216657
frame_05_Ta_encoder.liquid_collapse.pair_rms,1.662787205460558
frame_05_Ta_encoder.reference_coverage.liquid_fraction,0.7783203125
frame_05_Ta_encoder.reference_coverage.cutoff_stable_fraction,0.990478515625
frame_05_Ta_encoder.context.counts.0.train,515
frame_05_Ta_encoder.context.counts.0.test,612
frame_05_Ta_encoder.context.counts.1.train,465
frame_05_Ta_encoder.context.counts.1.test,276
frame_05_Ta_encoder.context.counts.2.train,91
frame_05_Ta_encoder.context.counts.2.test,72
frame_05_Ta_encoder.context.counts.3.train,0
frame_05_Ta_encoder.context.counts.3.test,0
frame_05_Ta_encoder.context.counts.4.train,0
frame_05_Ta_encoder.context.counts.4.test,0
frame_05_Ta_encoder.context.counts.5.train,644
frame_05_Ta_encoder.context.counts.5.test,702
frame_05_Ta_encoder.context.counts.6.train,270
frame_05_Ta_encoder.context.counts.6.test,284
frame_05_Ta_encoder.context.test_coverage,1.0
frame_05_Ta_encoder.context.balanced_accuracy,0.7553040061838376
frame_05_Ta_encoder.context.ap.0,0.7528034179643436
frame_05_Ta_encoder.context.ap.1,0.9971757779286254
frame_05_Ta_encoder.context.ap.2,0.9349134429116751
frame_05_Ta_encoder.context.ap.3,
frame_05_Ta_encoder.context.ap.4,
frame_05_Ta_encoder.context.ap.5,0.846230172656563
frame_05_Ta_encoder.context.ap.6,0.5224190119683512
frame_05_Ta_encoder.ptm.counts.0.train,1378
frame_05_Ta_encoder.ptm.counts.0.test,1535
frame_05_Ta_encoder.ptm.counts.1.train,0
frame_05_Ta_encoder.ptm.counts.1.test,0
frame_05_Ta_encoder.ptm.counts.2.train,0
frame_05_Ta_encoder.ptm.counts.2.test,0
frame_05_Ta_encoder.ptm.counts.3.train,502
frame_05_Ta_encoder.ptm.counts.3.test,314
frame_05_Ta_encoder.ptm.counts.4.train,105
frame_05_Ta_encoder.ptm.counts.4.test,97
frame_05_Ta_encoder.ptm.test_coverage,1.0
frame_05_Ta_encoder.ptm.balanced_accuracy,0.9352485461013614
frame_05_Ta_encoder.ptm.ap.0,0.9976954371627873
frame_05_Ta_encoder.ptm.ap.1,
frame_05_Ta_encoder.ptm.ap.2,
frame_05_Ta_encoder.ptm.ap.3,0.9977375234139044
frame_05_Ta_encoder.ptm.ap.4,0.7321587180679716
frame_05_Ta_encoder.liquid_order.train_count,1429
frame_05_Ta_encoder.liquid_order.test_count,1598
frame_05_Ta_encoder.liquid_order.conditional_r2_gain,0.2630061209201813
frame_05_Ta_encoder.liquid_order.mean_r2,0.38618898391723633
frame_05_Ta_encoder.context_cutoff_008.counts.0.train,515
frame_05_Ta_encoder.context_cutoff_008.counts.0.test,612
frame_05_Ta_encoder.context_cutoff_008.counts.1.train,463
frame_05_Ta_encoder.context_cutoff_008.counts.1.test,273
frame_05_Ta_encoder.context_cutoff_008.counts.2.train,89
frame_05_Ta_encoder.context_cutoff_008.counts.2.test,73
frame_05_Ta_encoder.context_cutoff_008.counts.3.train,0
frame_05_Ta_encoder.context_cutoff_008.counts.3.test,0
frame_05_Ta_encoder.context_cutoff_008.counts.4.train,0
frame_05_Ta_encoder.context_cutoff_008.counts.4.test,0
frame_05_Ta_encoder.context_cutoff_008.counts.5.train,645
frame_05_Ta_encoder.context_cutoff_008.counts.5.test,702
frame_05_Ta_encoder.context_cutoff_008.counts.6.train,273
frame_05_Ta_encoder.context_cutoff_008.counts.6.test,286
frame_05_Ta_encoder.context_cutoff_008.test_coverage,1.0
frame_05_Ta_encoder.context_cutoff_008.balanced_accuracy,0.7616430380733361
frame_05_Ta_encoder.context_cutoff_008.ap.0,0.7529137947028388
frame_05_Ta_encoder.context_cutoff_008.ap.1,0.9967355097715767
frame_05_Ta_encoder.context_cutoff_008.ap.2,0.95007343823089
frame_05_Ta_encoder.context_cutoff_008.ap.3,
frame_05_Ta_encoder.context_cutoff_008.ap.4,
frame_05_Ta_encoder.context_cutoff_008.ap.5,0.8473938934751742
frame_05_Ta_encoder.context_cutoff_008.ap.6,0.5349597843286055
frame_05_Ta_encoder.context_cutoff_010.counts.0.train,515
frame_05_Ta_encoder.context_cutoff_010.counts.0.test,612
frame_05_Ta_encoder.context_cutoff_010.counts.1.train,465
frame_05_Ta_encoder.context_cutoff_010.counts.1.test,276
frame_05_Ta_encoder.context_cutoff_010.counts.2.train,91
frame_05_Ta_encoder.context_cutoff_010.counts.2.test,72
frame_05_Ta_encoder.context_cutoff_010.counts.3.train,0
frame_05_Ta_encoder.context_cutoff_010.counts.3.test,0
frame_05_Ta_encoder.context_cutoff_010.counts.4.train,0
frame_05_Ta_encoder.context_cutoff_010.counts.4.test,0
frame_05_Ta_encoder.context_cutoff_010.counts.5.train,644
frame_05_Ta_encoder.context_cutoff_010.counts.5.test,702
frame_05_Ta_encoder.context_cutoff_010.counts.6.train,270
frame_05_Ta_encoder.context_cutoff_010.counts.6.test,284
frame_05_Ta_encoder.context_cutoff_010.test_coverage,1.0
frame_05_Ta_encoder.context_cutoff_010.balanced_accuracy,0.7553040061838376
frame_05_Ta_encoder.context_cutoff_010.ap.0,0.7528034179643436
frame_05_Ta_encoder.context_cutoff_010.ap.1,0.9971757779286254
frame_05_Ta_encoder.context_cutoff_010.ap.2,0.9349134429116751
frame_05_Ta_encoder.context_cutoff_010.ap.3,
frame_05_Ta_encoder.context_cutoff_010.ap.4,
frame_05_Ta_encoder.context_cutoff_010.ap.5,0.846230172656563
frame_05_Ta_encoder.context_cutoff_010.ap.6,0.5224190119683512
frame_05_Ta_encoder.context_cutoff_012.counts.0.train,515
frame_05_Ta_encoder.context_cutoff_012.counts.0.test,612
frame_05_Ta_encoder.context_cutoff_012.counts.1.train,469
frame_05_Ta_encoder.context_cutoff_012.counts.1.test,277
frame_05_Ta_encoder.context_cutoff_012.counts.2.train,98
frame_05_Ta_encoder.context_cutoff_012.counts.2.test,82
frame_05_Ta_encoder.context_cutoff_012.counts.3.train,0
frame_05_Ta_encoder.context_cutoff_012.counts.3.test,0
frame_05_Ta_encoder.context_cutoff_012.counts.4.train,0
frame_05_Ta_encoder.context_cutoff_012.counts.4.test,0
frame_05_Ta_encoder.context_cutoff_012.counts.5.train,641
frame_05_Ta_encoder.context_cutoff_012.counts.5.test,702
frame_05_Ta_encoder.context_cutoff_012.counts.6.train,262
frame_05_Ta_encoder.context_cutoff_012.counts.6.test,273
frame_05_Ta_encoder.context_cutoff_012.test_coverage,1.0
frame_05_Ta_encoder.context_cutoff_012.balanced_accuracy,0.74697395896216
frame_05_Ta_encoder.context_cutoff_012.ap.0,0.7537178769959453
frame_05_Ta_encoder.context_cutoff_012.ap.1,0.99620614308724
frame_05_Ta_encoder.context_cutoff_012.ap.2,0.8609383271374709
frame_05_Ta_encoder.context_cutoff_012.ap.3,
frame_05_Ta_encoder.context_cutoff_012.ap.4,
frame_05_Ta_encoder.context_cutoff_012.ap.5,0.8449046017943376
frame_05_Ta_encoder.context_cutoff_012.ap.6,0.4686007781690573
frame_05_Ta_encoder.spatial.auc,0.5421031164427134
frame_05_Ta_encoder.spatial.pairs,1907
frame_05_Ta_encoder.spatial.changed_pairs,885
frame_05_Ta_encoder.spatial.bins,5
frame_05_Ta_encoder.spatial.same_label_normalized_distance,0.3526113075417394
frame_05_Ta_encoder.nonbulk_spatial.auc,0.4904743329932824
frame_05_Ta_encoder.nonbulk_spatial.pairs,1626
frame_05_Ta_encoder.nonbulk_spatial.changed_pairs,853
frame_05_Ta_encoder.nonbulk_spatial.bins,5
frame_05_Ta_encoder.nonbulk_spatial.same_label_normalized_distance,0.7044390273885289
frame_05_Ta_encoder.shuffled_spatial.auc,0.49651653646673394
frame_05_Ta_encoder.shuffled_spatial.pairs,1626
frame_05_Ta_encoder.shuffled_spatial.changed_pairs,853
frame_05_Ta_encoder.shuffled_spatial.bins,5
frame_05_Ta_encoder.shuffled_spatial.same_label_normalized_distance,0.8395472564296307
frame_05_Ta_encoder.collapsed_spatial.auc,0.5
frame_05_Ta_encoder.collapsed_spatial.pairs,1626
frame_05_Ta_encoder.collapsed_spatial.changed_pairs,853
frame_05_Ta_encoder.collapsed_spatial.bins,5
frame_05_Ta_encoder.collapsed_spatial.same_label_normalized_distance,
frame_05_Ta_encoder.liquid_topology.train_count,366
frame_05_Ta_encoder.liquid_topology.test_count,379
frame_05_Ta_encoder.liquid_topology.conditional_r2_gain,-0.7734149694442749
frame_05_Ta_encoder.liquid_topology.mean_r2,-0.7737604379653931
frame_05_Ta_encoder.nonbulk_cluster_ami,0.210260313377871
frame_05_Ta_encoder.continuity_fixed_candidates_center_fixed.0.0001.pair_rms,3.9312144800826947
frame_05_Ta_encoder.continuity_fixed_candidates_center_fixed.0.0001.normalized_median,0.00015781659769189012
frame_05_Ta_encoder.continuity_fixed_candidates_center_fixed.0.0001.normalized_p95,0.06833518211209497
frame_05_Ta_encoder.continuity_fixed_candidates_center_fixed.0.01.pair_rms,3.9312144800826947
frame_05_Ta_encoder.continuity_fixed_candidates_center_fixed.0.01.normalized_median,0.09854432281981737
frame_05_Ta_encoder.continuity_fixed_candidates_center_fixed.0.01.normalized_p95,0.3076810390266691
frame_05_Ta_encoder.continuity_fixed_candidates_center_fixed.0.1.pair_rms,3.9312144800826947
frame_05_Ta_encoder.continuity_fixed_candidates_center_fixed.0.1.normalized_median,0.2906501115905415
frame_05_Ta_encoder.continuity_fixed_candidates_center_fixed.0.1.normalized_p95,0.4883077375073447
frame_05_Ta_projector.collapse.effective_rank,1.8538925365863776
frame_05_Ta_projector.collapse.variance,101.1249355205776
frame_05_Ta_projector.collapse.pair_rms,14.221458119375635
frame_05_Ta_projector.liquid_collapse.effective_rank,2.1911096573943203
frame_05_Ta_projector.liquid_collapse.variance,25.355978519780646
frame_05_Ta_projector.liquid_collapse.pair_rms,7.12123283143876
frame_05_Ta_projector.reference_coverage.liquid_fraction,0.7783203125
frame_05_Ta_projector.reference_coverage.cutoff_stable_fraction,0.990478515625
frame_05_Ta_projector.context.counts.0.train,515
frame_05_Ta_projector.context.counts.0.test,612
frame_05_Ta_projector.context.counts.1.train,465
frame_05_Ta_projector.context.counts.1.test,276
frame_05_Ta_projector.context.counts.2.train,91
frame_05_Ta_projector.context.counts.2.test,72
frame_05_Ta_projector.context.counts.3.train,0
frame_05_Ta_projector.context.counts.3.test,0
frame_05_Ta_projector.context.counts.4.train,0
frame_05_Ta_projector.context.counts.4.test,0
frame_05_Ta_projector.context.counts.5.train,644
frame_05_Ta_projector.context.counts.5.test,702
frame_05_Ta_projector.context.counts.6.train,270
frame_05_Ta_projector.context.counts.6.test,284
frame_05_Ta_projector.context.test_coverage,1.0
frame_05_Ta_projector.context.balanced_accuracy,0.7415968552698138
frame_05_Ta_projector.context.ap.0,0.7350029928138813
frame_05_Ta_projector.context.ap.1,0.9968180481572759
frame_05_Ta_projector.context.ap.2,0.949036936526934
frame_05_Ta_projector.context.ap.3,
frame_05_Ta_projector.context.ap.4,
frame_05_Ta_projector.context.ap.5,0.8003854236070785
frame_05_Ta_projector.context.ap.6,0.48096049935713225
frame_05_Ta_projector.ptm.counts.0.train,1378
frame_05_Ta_projector.ptm.counts.0.test,1535
frame_05_Ta_projector.ptm.counts.1.train,0
frame_05_Ta_projector.ptm.counts.1.test,0
frame_05_Ta_projector.ptm.counts.2.train,0
frame_05_Ta_projector.ptm.counts.2.test,0
frame_05_Ta_projector.ptm.counts.3.train,502
frame_05_Ta_projector.ptm.counts.3.test,314
frame_05_Ta_projector.ptm.counts.4.train,105
frame_05_Ta_projector.ptm.counts.4.test,97
frame_05_Ta_projector.ptm.test_coverage,1.0
frame_05_Ta_projector.ptm.balanced_accuracy,0.9352027950559213
frame_05_Ta_projector.ptm.ap.0,0.995861638419885
frame_05_Ta_projector.ptm.ap.1,
frame_05_Ta_projector.ptm.ap.2,
frame_05_Ta_projector.ptm.ap.3,0.9980518745306483
frame_05_Ta_projector.ptm.ap.4,0.6433059049982517
frame_05_Ta_projector.liquid_order.train_count,1429
frame_05_Ta_projector.liquid_order.test_count,1598
frame_05_Ta_projector.liquid_order.conditional_r2_gain,0.2151450365781784
frame_05_Ta_projector.liquid_order.mean_r2,0.3206041753292084
frame_05_Ta_projector.context_cutoff_008.counts.0.train,515
frame_05_Ta_projector.context_cutoff_008.counts.0.test,612
frame_05_Ta_projector.context_cutoff_008.counts.1.train,463
frame_05_Ta_projector.context_cutoff_008.counts.1.test,273
frame_05_Ta_projector.context_cutoff_008.counts.2.train,89
frame_05_Ta_projector.context_cutoff_008.counts.2.test,73
frame_05_Ta_projector.context_cutoff_008.counts.3.train,0
frame_05_Ta_projector.context_cutoff_008.counts.3.test,0
frame_05_Ta_projector.context_cutoff_008.counts.4.train,0
frame_05_Ta_projector.context_cutoff_008.counts.4.test,0
frame_05_Ta_projector.context_cutoff_008.counts.5.train,645
frame_05_Ta_projector.context_cutoff_008.counts.5.test,702
frame_05_Ta_projector.context_cutoff_008.counts.6.train,273
frame_05_Ta_projector.context_cutoff_008.counts.6.test,286
frame_05_Ta_projector.context_cutoff_008.test_coverage,1.0
frame_05_Ta_projector.context_cutoff_008.balanced_accuracy,0.744724572887345
frame_05_Ta_projector.context_cutoff_008.ap.0,0.7353407311249313
frame_05_Ta_projector.context_cutoff_008.ap.1,0.9962146176949103
frame_05_Ta_projector.context_cutoff_008.ap.2,0.9405647841336617
frame_05_Ta_projector.context_cutoff_008.ap.3,
frame_05_Ta_projector.context_cutoff_008.ap.4,
frame_05_Ta_projector.context_cutoff_008.ap.5,0.8006903464502615
frame_05_Ta_projector.context_cutoff_008.ap.6,0.4906603212003743
frame_05_Ta_projector.context_cutoff_010.counts.0.train,515
frame_05_Ta_projector.context_cutoff_010.counts.0.test,612
frame_05_Ta_projector.context_cutoff_010.counts.1.train,465
frame_05_Ta_projector.context_cutoff_010.counts.1.test,276
frame_05_Ta_projector.context_cutoff_010.counts.2.train,91
frame_05_Ta_projector.context_cutoff_010.counts.2.test,72
frame_05_Ta_projector.context_cutoff_010.counts.3.train,0
frame_05_Ta_projector.context_cutoff_010.counts.3.test,0
frame_05_Ta_projector.context_cutoff_010.counts.4.train,0
frame_05_Ta_projector.context_cutoff_010.counts.4.test,0
frame_05_Ta_projector.context_cutoff_010.counts.5.train,644
frame_05_Ta_projector.context_cutoff_010.counts.5.test,702
frame_05_Ta_projector.context_cutoff_010.counts.6.train,270
frame_05_Ta_projector.context_cutoff_010.counts.6.test,284
frame_05_Ta_projector.context_cutoff_010.test_coverage,1.0
frame_05_Ta_projector.context_cutoff_010.balanced_accuracy,0.7415968552698138
frame_05_Ta_projector.context_cutoff_010.ap.0,0.7350029928138813
frame_05_Ta_projector.context_cutoff_010.ap.1,0.9968180481572759
frame_05_Ta_projector.context_cutoff_010.ap.2,0.949036936526934
frame_05_Ta_projector.context_cutoff_010.ap.3,
frame_05_Ta_projector.context_cutoff_010.ap.4,
frame_05_Ta_projector.context_cutoff_010.ap.5,0.8003854236070785
frame_05_Ta_projector.context_cutoff_010.ap.6,0.48096049935713225
frame_05_Ta_projector.context_cutoff_012.counts.0.train,515
frame_05_Ta_projector.context_cutoff_012.counts.0.test,612
frame_05_Ta_projector.context_cutoff_012.counts.1.train,469
frame_05_Ta_projector.context_cutoff_012.counts.1.test,277
frame_05_Ta_projector.context_cutoff_012.counts.2.train,98
frame_05_Ta_projector.context_cutoff_012.counts.2.test,82
frame_05_Ta_projector.context_cutoff_012.counts.3.train,0
frame_05_Ta_projector.context_cutoff_012.counts.3.test,0
frame_05_Ta_projector.context_cutoff_012.counts.4.train,0
frame_05_Ta_projector.context_cutoff_012.counts.4.test,0
frame_05_Ta_projector.context_cutoff_012.counts.5.train,641
frame_05_Ta_projector.context_cutoff_012.counts.5.test,702
frame_05_Ta_projector.context_cutoff_012.counts.6.train,262
frame_05_Ta_projector.context_cutoff_012.counts.6.test,273
frame_05_Ta_projector.context_cutoff_012.test_coverage,1.0
frame_05_Ta_projector.context_cutoff_012.balanced_accuracy,0.7271736722736106
frame_05_Ta_projector.context_cutoff_012.ap.0,0.7361355290683889
frame_05_Ta_projector.context_cutoff_012.ap.1,0.9969078506795974
frame_05_Ta_projector.context_cutoff_012.ap.2,0.9248872223095411
frame_05_Ta_projector.context_cutoff_012.ap.3,
frame_05_Ta_projector.context_cutoff_012.ap.4,
frame_05_Ta_projector.context_cutoff_012.ap.5,0.7998785972376271
frame_05_Ta_projector.context_cutoff_012.ap.6,0.45538759669899265
frame_05_Ta_projector.spatial.auc,0.5760239679540079
frame_05_Ta_projector.spatial.pairs,1907
frame_05_Ta_projector.spatial.changed_pairs,885
frame_05_Ta_projector.spatial.bins,5
frame_05_Ta_projector.spatial.same_label_normalized_distance,0.3511571646271783
frame_05_Ta_projector.nonbulk_spatial.auc,0.5332130471321503
frame_05_Ta_projector.nonbulk_spatial.pairs,1626
frame_05_Ta_projector.nonbulk_spatial.changed_pairs,853
frame_05_Ta_projector.nonbulk_spatial.bins,5
frame_05_Ta_projector.nonbulk_spatial.same_label_normalized_distance,0.5629122623796198
frame_05_Ta_projector.shuffled_spatial.auc,0.5094313271648874
frame_05_Ta_projector.shuffled_spatial.pairs,1626
frame_05_Ta_projector.shuffled_spatial.changed_pairs,853
frame_05_Ta_projector.shuffled_spatial.bins,5
frame_05_Ta_projector.shuffled_spatial.same_label_normalized_distance,0.8448895027898594
frame_05_Ta_projector.collapsed_spatial.auc,0.5
frame_05_Ta_projector.collapsed_spatial.pairs,1626
frame_05_Ta_projector.collapsed_spatial.changed_pairs,853
frame_05_Ta_projector.collapsed_spatial.bins,5
frame_05_Ta_projector.collapsed_spatial.same_label_normalized_distance,
frame_05_Ta_projector.liquid_topology.train_count,366
frame_05_Ta_projector.liquid_topology.test_count,379
frame_05_Ta_projector.liquid_topology.conditional_r2_gain,0.060740530490875244
frame_05_Ta_projector.liquid_topology.mean_r2,0.053310543298721313
frame_05_Ta_projector.nonbulk_cluster_ami,0.21436097100827411
frame_05_Ta_projector.continuity_fixed_candidates_center_fixed.0.0001.pair_rms,13.299006787849036
frame_05_Ta_projector.continuity_fixed_candidates_center_fixed.0.0001.normalized_median,0.00012936367886761394
frame_05_Ta_projector.continuity_fixed_candidates_center_fixed.0.0001.normalized_p95,0.03999425364454069
frame_05_Ta_projector.continuity_fixed_candidates_center_fixed.0.01.pair_rms,13.299006787849036
frame_05_Ta_projector.continuity_fixed_candidates_center_fixed.0.01.normalized_median,0.06614332884071748
frame_05_Ta_projector.continuity_fixed_candidates_center_fixed.0.01.normalized_p95,0.24525735524104156
frame_05_Ta_projector.continuity_fixed_candidates_center_fixed.0.1.pair_rms,13.299006787849036
frame_05_Ta_projector.continuity_fixed_candidates_center_fixed.0.1.normalized_median,0.23505273959911577
frame_05_Ta_projector.continuity_fixed_candidates_center_fixed.0.1.normalized_p95,0.5073162648048846
frame_06_Zr_encoder.collapse.effective_rank,8.010576554961808
frame_06_Zr_encoder.collapse.variance,1.347805231145022
frame_06_Zr_encoder.collapse.pair_rms,1.6418314354068275
frame_06_Zr_encoder.liquid_collapse.effective_rank,10.586310991133356
frame_06_Zr_encoder.liquid_collapse.variance,1.0835091702047268
frame_06_Zr_encoder.liquid_collapse.pair_rms,1.472079597171788
frame_06_Zr_encoder.reference_coverage.liquid_fraction,0.9765625
frame_06_Zr_encoder.reference_coverage.cutoff_stable_fraction,0.956298828125
frame_06_Zr_encoder.context.counts.0.train,968
frame_06_Zr_encoder.context.counts.0.test,920
frame_06_Zr_encoder.context.counts.1.train,16
frame_06_Zr_encoder.context.counts.1.test,0
frame_06_Zr_encoder.context.counts.2.train,53
frame_06_Zr_encoder.context.counts.2.test,20
frame_06_Zr_encoder.context.counts.3.train,0
frame_06_Zr_encoder.context.counts.3.test,0
frame_06_Zr_encoder.context.counts.4.train,0
frame_06_Zr_encoder.context.counts.4.test,0
frame_06_Zr_encoder.context.counts.5.train,489
frame_06_Zr_encoder.context.counts.5.test,492
frame_06_Zr_encoder.context.counts.6.train,390
frame_06_Zr_encoder.context.counts.6.test,399
frame_06_Zr_encoder.context.test_coverage,1.0
frame_06_Zr_encoder.context.balanced_accuracy,0.6794017951825481
frame_06_Zr_encoder.context.ap.0,0.7676746800435091
frame_06_Zr_encoder.context.ap.1,
frame_06_Zr_encoder.context.ap.2,0.781961308315609
frame_06_Zr_encoder.context.ap.3,
frame_06_Zr_encoder.context.ap.4,
frame_06_Zr_encoder.context.ap.5,0.6241018810220897
frame_06_Zr_encoder.context.ap.6,0.5450590625025793
frame_06_Zr_encoder.ptm.counts.0.train,1854
frame_06_Zr_encoder.ptm.counts.0.test,1809
frame_06_Zr_encoder.ptm.counts.1.train,0
frame_06_Zr_encoder.ptm.counts.1.test,0
frame_06_Zr_encoder.ptm.counts.2.train,1
frame_06_Zr_encoder.ptm.counts.2.test,0
frame_06_Zr_encoder.ptm.counts.3.train,41
frame_06_Zr_encoder.ptm.counts.3.test,10
frame_06_Zr_encoder.ptm.counts.4.train,20
frame_06_Zr_encoder.ptm.counts.4.test,12
frame_06_Zr_encoder.ptm.test_coverage,1.0
frame_06_Zr_encoder.ptm.balanced_accuracy,0.8190897365026718
frame_06_Zr_encoder.ptm.ap.0,0.9998246881159456
frame_06_Zr_encoder.ptm.ap.1,
frame_06_Zr_encoder.ptm.ap.2,
frame_06_Zr_encoder.ptm.ap.3,
frame_06_Zr_encoder.ptm.ap.4,
frame_06_Zr_encoder.liquid_order.train_count,1847
frame_06_Zr_encoder.liquid_order.test_count,1811
frame_06_Zr_encoder.liquid_order.conditional_r2_gain,0.21834640204906464
frame_06_Zr_encoder.liquid_order.mean_r2,0.2789175510406494
frame_06_Zr_encoder.context_cutoff_008.counts.0.train,968
frame_06_Zr_encoder.context_cutoff_008.counts.0.test,920
frame_06_Zr_encoder.context_cutoff_008.counts.1.train,15
frame_06_Zr_encoder.context_cutoff_008.counts.1.test,0
frame_06_Zr_encoder.context_cutoff_008.counts.2.train,31
frame_06_Zr_encoder.context_cutoff_008.counts.2.test,9
frame_06_Zr_encoder.context_cutoff_008.counts.3.train,0
frame_06_Zr_encoder.context_cutoff_008.counts.3.test,0
frame_06_Zr_encoder.context_cutoff_008.counts.4.train,0
frame_06_Zr_encoder.context_cutoff_008.counts.4.test,0
frame_06_Zr_encoder.context_cutoff_008.counts.5.train,489
frame_06_Zr_encoder.context_cutoff_008.counts.5.test,493
frame_06_Zr_encoder.context_cutoff_008.counts.6.train,413
frame_06_Zr_encoder.context_cutoff_008.counts.6.test,409
frame_06_Zr_encoder.context_cutoff_008.test_coverage,1.0
frame_06_Zr_encoder.context_cutoff_008.balanced_accuracy,0.6042287492513871
frame_06_Zr_encoder.context_cutoff_008.ap.0,0.7695129575814266
frame_06_Zr_encoder.context_cutoff_008.ap.1,
frame_06_Zr_encoder.context_cutoff_008.ap.2,
frame_06_Zr_encoder.context_cutoff_008.ap.3,
frame_06_Zr_encoder.context_cutoff_008.ap.4,
frame_06_Zr_encoder.context_cutoff_008.ap.5,0.6253546050937522
frame_06_Zr_encoder.context_cutoff_008.ap.6,0.6008204935912346
frame_06_Zr_encoder.context_cutoff_010.counts.0.train,968
frame_06_Zr_encoder.context_cutoff_010.counts.0.test,920
frame_06_Zr_encoder.context_cutoff_010.counts.1.train,16
frame_06_Zr_encoder.context_cutoff_010.counts.1.test,0
frame_06_Zr_encoder.context_cutoff_010.counts.2.train,53
frame_06_Zr_encoder.context_cutoff_010.counts.2.test,20
frame_06_Zr_encoder.context_cutoff_010.counts.3.train,0
frame_06_Zr_encoder.context_cutoff_010.counts.3.test,0
frame_06_Zr_encoder.context_cutoff_010.counts.4.train,0
frame_06_Zr_encoder.context_cutoff_010.counts.4.test,0
frame_06_Zr_encoder.context_cutoff_010.counts.5.train,489
frame_06_Zr_encoder.context_cutoff_010.counts.5.test,492
frame_06_Zr_encoder.context_cutoff_010.counts.6.train,390
frame_06_Zr_encoder.context_cutoff_010.counts.6.test,399
frame_06_Zr_encoder.context_cutoff_010.test_coverage,1.0
frame_06_Zr_encoder.context_cutoff_010.balanced_accuracy,0.6794017951825481
frame_06_Zr_encoder.context_cutoff_010.ap.0,0.7676746800435091
frame_06_Zr_encoder.context_cutoff_010.ap.1,
frame_06_Zr_encoder.context_cutoff_010.ap.2,0.781961308315609
frame_06_Zr_encoder.context_cutoff_010.ap.3,
frame_06_Zr_encoder.context_cutoff_010.ap.4,
frame_06_Zr_encoder.context_cutoff_010.ap.5,0.6241018810220897
frame_06_Zr_encoder.context_cutoff_010.ap.6,0.5450590625025793
frame_06_Zr_encoder.context_cutoff_012.counts.0.train,964
frame_06_Zr_encoder.context_cutoff_012.counts.0.test,918
frame_06_Zr_encoder.context_cutoff_012.counts.1.train,17
frame_06_Zr_encoder.context_cutoff_012.counts.1.test,1
frame_06_Zr_encoder.context_cutoff_012.counts.2.train,110
frame_06_Zr_encoder.context_cutoff_012.counts.2.test,90
frame_06_Zr_encoder.context_cutoff_012.counts.3.train,0
frame_06_Zr_encoder.context_cutoff_012.counts.3.test,0
frame_06_Zr_encoder.context_cutoff_012.counts.4.train,0
frame_06_Zr_encoder.context_cutoff_012.counts.4.test,0
frame_06_Zr_encoder.context_cutoff_012.counts.5.train,486
frame_06_Zr_encoder.context_cutoff_012.counts.5.test,490
frame_06_Zr_encoder.context_cutoff_012.counts.6.train,339
frame_06_Zr_encoder.context_cutoff_012.counts.6.test,332
frame_06_Zr_encoder.context_cutoff_012.test_coverage,0.9994538503549972
frame_06_Zr_encoder.context_cutoff_012.balanced_accuracy,0.5219338002938793
frame_06_Zr_encoder.context_cutoff_012.ap.0,0.7629154774208569
frame_06_Zr_encoder.context_cutoff_012.ap.1,
frame_06_Zr_encoder.context_cutoff_012.ap.2,0.3961523958948928
frame_06_Zr_encoder.context_cutoff_012.ap.3,
frame_06_Zr_encoder.context_cutoff_012.ap.4,
frame_06_Zr_encoder.context_cutoff_012.ap.5,0.6159268578291768
frame_06_Zr_encoder.context_cutoff_012.ap.6,0.3270505729350542
frame_06_Zr_encoder.spatial.auc,0.5342384983789308
frame_06_Zr_encoder.spatial.pairs,1687
frame_06_Zr_encoder.spatial.changed_pairs,863
frame_06_Zr_encoder.spatial.bins,5
frame_06_Zr_encoder.spatial.same_label_normalized_distance,0.9063844124350744
frame_06_Zr_encoder.nonbulk_spatial.auc,0.5342384983789308
frame_06_Zr_encoder.nonbulk_spatial.pairs,1687
frame_06_Zr_encoder.nonbulk_spatial.changed_pairs,863
frame_06_Zr_encoder.nonbulk_spatial.bins,5
frame_06_Zr_encoder.nonbulk_spatial.same_label_normalized_distance,0.9063844124350744
frame_06_Zr_encoder.shuffled_spatial.auc,0.4649418507894021
frame_06_Zr_encoder.shuffled_spatial.pairs,1687
frame_06_Zr_encoder.shuffled_spatial.changed_pairs,863
frame_06_Zr_encoder.shuffled_spatial.bins,5
frame_06_Zr_encoder.shuffled_spatial.same_label_normalized_distance,0.9640739456943674
frame_06_Zr_encoder.collapsed_spatial.auc,0.5
frame_06_Zr_encoder.collapsed_spatial.pairs,1687
frame_06_Zr_encoder.collapsed_spatial.changed_pairs,863
frame_06_Zr_encoder.collapsed_spatial.bins,5
frame_06_Zr_encoder.collapsed_spatial.same_label_normalized_distance,
frame_06_Zr_encoder.liquid_topology.train_count,444
frame_06_Zr_encoder.liquid_topology.test_count,470
frame_06_Zr_encoder.liquid_topology.conditional_r2_gain,-0.17514610290527344
frame_06_Zr_encoder.liquid_topology.mean_r2,-0.1738891303539276
frame_06_Zr_encoder.nonbulk_cluster_ami,0.0822066732021971
frame_06_Zr_encoder.continuity_fixed_candidates_center_fixed.0.0001.pair_rms,1.7760112823515648
frame_06_Zr_encoder.continuity_fixed_candidates_center_fixed.0.0001.normalized_median,0.00031181065758020045
frame_06_Zr_encoder.continuity_fixed_candidates_center_fixed.0.0001.normalized_p95,0.035417932660102076
frame_06_Zr_encoder.continuity_fixed_candidates_center_fixed.0.01.pair_rms,1.7760112823515648
frame_06_Zr_encoder.continuity_fixed_candidates_center_fixed.0.01.normalized_median,0.1915093460959589
frame_06_Zr_encoder.continuity_fixed_candidates_center_fixed.0.01.normalized_p95,0.4870987152869965
frame_06_Zr_encoder.continuity_fixed_candidates_center_fixed.0.1.pair_rms,1.7760112823515648
frame_06_Zr_encoder.continuity_fixed_candidates_center_fixed.0.1.normalized_median,0.5488264840795518
frame_06_Zr_encoder.continuity_fixed_candidates_center_fixed.0.1.normalized_p95,0.7756021574885198
frame_06_Zr_projector.collapse.effective_rank,2.9413426479455693
frame_06_Zr_projector.collapse.variance,23.250497569132676
frame_06_Zr_projector.collapse.pair_rms,6.8191638151803735
frame_06_Zr_projector.liquid_collapse.effective_rank,2.3972842105141563
frame_06_Zr_projector.liquid_collapse.variance,19.78055271328112
frame_06_Zr_projector.liquid_collapse.pair_rms,6.289761953091885
frame_06_Zr_projector.reference_coverage.liquid_fraction,0.9765625
frame_06_Zr_projector.reference_coverage.cutoff_stable_fraction,0.956298828125
frame_06_Zr_projector.context.counts.0.train,968
frame_06_Zr_projector.context.counts.0.test,920
frame_06_Zr_projector.context.counts.1.train,16
frame_06_Zr_projector.context.counts.1.test,0
frame_06_Zr_projector.context.counts.2.train,53
frame_06_Zr_projector.context.counts.2.test,20
frame_06_Zr_projector.context.counts.3.train,0
frame_06_Zr_projector.context.counts.3.test,0
frame_06_Zr_projector.context.counts.4.train,0
frame_06_Zr_projector.context.counts.4.test,0
frame_06_Zr_projector.context.counts.5.train,489
frame_06_Zr_projector.context.counts.5.test,492
frame_06_Zr_projector.context.counts.6.train,390
frame_06_Zr_projector.context.counts.6.test,399
frame_06_Zr_projector.context.test_coverage,1.0
frame_06_Zr_projector.context.balanced_accuracy,0.6519345155040304
frame_06_Zr_projector.context.ap.0,0.7359659780206214
frame_06_Zr_projector.context.ap.1,
frame_06_Zr_projector.context.ap.2,0.7248213508838626
frame_06_Zr_projector.context.ap.3,
frame_06_Zr_projector.context.ap.4,
frame_06_Zr_projector.context.ap.5,0.5482908617008249
frame_06_Zr_projector.context.ap.6,0.45887359359336444
frame_06_Zr_projector.ptm.counts.0.train,1854
frame_06_Zr_projector.ptm.counts.0.test,1809
frame_06_Zr_projector.ptm.counts.1.train,0
frame_06_Zr_projector.ptm.counts.1.test,0
frame_06_Zr_projector.ptm.counts.2.train,1
frame_06_Zr_projector.ptm.counts.2.test,0
frame_06_Zr_projector.ptm.counts.3.train,41
frame_06_Zr_projector.ptm.counts.3.test,10
frame_06_Zr_projector.ptm.counts.4.train,20
frame_06_Zr_projector.ptm.counts.4.test,12
frame_06_Zr_projector.ptm.test_coverage,1.0
frame_06_Zr_projector.ptm.balanced_accuracy,0.8603003501013452
frame_06_Zr_projector.ptm.ap.0,0.9990937274286164
frame_06_Zr_projector.ptm.ap.1,
frame_06_Zr_projector.ptm.ap.2,
frame_06_Zr_projector.ptm.ap.3,
frame_06_Zr_projector.ptm.ap.4,
frame_06_Zr_projector.liquid_order.train_count,1847
frame_06_Zr_projector.liquid_order.test_count,1811
frame_06_Zr_projector.liquid_order.conditional_r2_gain,0.18292170763015747
frame_06_Zr_projector.liquid_order.mean_r2,0.22729675471782684
frame_06_Zr_projector.context_cutoff_008.counts.0.train,968
frame_06_Zr_projector.context_cutoff_008.counts.0.test,920
frame_06_Zr_projector.context_cutoff_008.counts.1.train,15
frame_06_Zr_projector.context_cutoff_008.counts.1.test,0
frame_06_Zr_projector.context_cutoff_008.counts.2.train,31
frame_06_Zr_projector.context_cutoff_008.counts.2.test,9
frame_06_Zr_projector.context_cutoff_008.counts.3.train,0
frame_06_Zr_projector.context_cutoff_008.counts.3.test,0
frame_06_Zr_projector.context_cutoff_008.counts.4.train,0
frame_06_Zr_projector.context_cutoff_008.counts.4.test,0
frame_06_Zr_projector.context_cutoff_008.counts.5.train,489
frame_06_Zr_projector.context_cutoff_008.counts.5.test,493
frame_06_Zr_projector.context_cutoff_008.counts.6.train,413
frame_06_Zr_projector.context_cutoff_008.counts.6.test,409
frame_06_Zr_projector.context_cutoff_008.test_coverage,1.0
frame_06_Zr_projector.context_cutoff_008.balanced_accuracy,0.6393175588185102
frame_06_Zr_projector.context_cutoff_008.ap.0,0.7378613729659752
frame_06_Zr_projector.context_cutoff_008.ap.1,
frame_06_Zr_projector.context_cutoff_008.ap.2,
frame_06_Zr_projector.context_cutoff_008.ap.3,
frame_06_Zr_projector.context_cutoff_008.ap.4,
frame_06_Zr_projector.context_cutoff_008.ap.5,0.5489970183684292
frame_06_Zr_projector.context_cutoff_008.ap.6,0.5806531101644014
frame_06_Zr_projector.context_cutoff_010.counts.0.train,968
frame_06_Zr_projector.context_cutoff_010.counts.0.test,920
frame_06_Zr_projector.context_cutoff_010.counts.1.train,16
frame_06_Zr_projector.context_cutoff_010.counts.1.test,0
frame_06_Zr_projector.context_cutoff_010.counts.2.train,53
frame_06_Zr_projector.context_cutoff_010.counts.2.test,20
frame_06_Zr_projector.context_cutoff_010.counts.3.train,0
frame_06_Zr_projector.context_cutoff_010.counts.3.test,0
frame_06_Zr_projector.context_cutoff_010.counts.4.train,0
frame_06_Zr_projector.context_cutoff_010.counts.4.test,0
frame_06_Zr_projector.context_cutoff_010.counts.5.train,489
frame_06_Zr_projector.context_cutoff_010.counts.5.test,492
frame_06_Zr_projector.context_cutoff_010.counts.6.train,390
frame_06_Zr_projector.context_cutoff_010.counts.6.test,399
frame_06_Zr_projector.context_cutoff_010.test_coverage,1.0
frame_06_Zr_projector.context_cutoff_010.balanced_accuracy,0.6519345155040304
frame_06_Zr_projector.context_cutoff_010.ap.0,0.7359659780206214
frame_06_Zr_projector.context_cutoff_010.ap.1,
frame_06_Zr_projector.context_cutoff_010.ap.2,0.7248213508838626
frame_06_Zr_projector.context_cutoff_010.ap.3,
frame_06_Zr_projector.context_cutoff_010.ap.4,
frame_06_Zr_projector.context_cutoff_010.ap.5,0.5482908617008249
frame_06_Zr_projector.context_cutoff_010.ap.6,0.45887359359336444
frame_06_Zr_projector.context_cutoff_012.counts.0.train,964
frame_06_Zr_projector.context_cutoff_012.counts.0.test,918
frame_06_Zr_projector.context_cutoff_012.counts.1.train,17
frame_06_Zr_projector.context_cutoff_012.counts.1.test,1
frame_06_Zr_projector.context_cutoff_012.counts.2.train,110
frame_06_Zr_projector.context_cutoff_012.counts.2.test,90
frame_06_Zr_projector.context_cutoff_012.counts.3.train,0
frame_06_Zr_projector.context_cutoff_012.counts.3.test,0
frame_06_Zr_projector.context_cutoff_012.counts.4.train,0
frame_06_Zr_projector.context_cutoff_012.counts.4.test,0
frame_06_Zr_projector.context_cutoff_012.counts.5.train,486
frame_06_Zr_projector.context_cutoff_012.counts.5.test,490
frame_06_Zr_projector.context_cutoff_012.counts.6.train,339
frame_06_Zr_projector.context_cutoff_012.counts.6.test,332
frame_06_Zr_projector.context_cutoff_012.test_coverage,0.9994538503549972
frame_06_Zr_projector.context_cutoff_012.balanced_accuracy,0.5570359736933596
frame_06_Zr_projector.context_cutoff_012.ap.0,0.7341319492357848
frame_06_Zr_projector.context_cutoff_012.ap.1,
frame_06_Zr_projector.context_cutoff_012.ap.2,0.5456793808958174
frame_06_Zr_projector.context_cutoff_012.ap.3,
frame_06_Zr_projector.context_cutoff_012.ap.4,
frame_06_Zr_projector.context_cutoff_012.ap.5,0.5493949391700683
frame_06_Zr_projector.context_cutoff_012.ap.6,0.33286331248103235
frame_06_Zr_projector.spatial.auc,0.5289115291174028
frame_06_Zr_projector.spatial.pairs,1687
frame_06_Zr_projector.spatial.changed_pairs,863
frame_06_Zr_projector.spatial.bins,5
frame_06_Zr_projector.spatial.same_label_normalized_distance,0.7833822193148695
frame_06_Zr_projector.nonbulk_spatial.auc,0.5289115291174028
frame_06_Zr_projector.nonbulk_spatial.pairs,1687
frame_06_Zr_projector.nonbulk_spatial.changed_pairs,863
frame_06_Zr_projector.nonbulk_spatial.bins,5
frame_06_Zr_projector.nonbulk_spatial.same_label_normalized_distance,0.7833822193148695
frame_06_Zr_projector.shuffled_spatial.auc,0.4792665472040113
frame_06_Zr_projector.shuffled_spatial.pairs,1687
frame_06_Zr_projector.shuffled_spatial.changed_pairs,863
frame_06_Zr_projector.shuffled_spatial.bins,5
frame_06_Zr_projector.shuffled_spatial.same_label_normalized_distance,0.9017375759077182
frame_06_Zr_projector.collapsed_spatial.auc,0.5
frame_06_Zr_projector.collapsed_spatial.pairs,1687
frame_06_Zr_projector.collapsed_spatial.changed_pairs,863
frame_06_Zr_projector.collapsed_spatial.bins,5
frame_06_Zr_projector.collapsed_spatial.same_label_normalized_distance,
frame_06_Zr_projector.liquid_topology.train_count,444
frame_06_Zr_projector.liquid_topology.test_count,470
frame_06_Zr_projector.liquid_topology.conditional_r2_gain,0.02933870069682598
frame_06_Zr_projector.liquid_topology.mean_r2,0.029755419120192528
frame_06_Zr_projector.nonbulk_cluster_ami,0.09304554344078216
frame_06_Zr_projector.continuity_fixed_candidates_center_fixed.0.0001.pair_rms,7.230644929998874
frame_06_Zr_projector.continuity_fixed_candidates_center_fixed.0.0001.normalized_median,0.0002205120731890157
frame_06_Zr_projector.continuity_fixed_candidates_center_fixed.0.0001.normalized_p95,0.01604730181311425
frame_06_Zr_projector.continuity_fixed_candidates_center_fixed.0.01.pair_rms,7.230644929998874
frame_06_Zr_projector.continuity_fixed_candidates_center_fixed.0.01.normalized_median,0.11632931596585278
frame_06_Zr_projector.continuity_fixed_candidates_center_fixed.0.01.normalized_p95,0.39003675039787744
frame_06_Zr_projector.continuity_fixed_candidates_center_fixed.0.1.pair_rms,7.230644929998874
frame_06_Zr_projector.continuity_fixed_candidates_center_fixed.0.1.normalized_median,0.37040496243639376
frame_06_Zr_projector.continuity_fixed_candidates_center_fixed.0.1.normalized_p95,0.7352614664555374
frame_07_Zr_encoder.collapse.effective_rank,2.296404765114132
frame_07_Zr_encoder.collapse.variance,3.181732056051712
frame_07_Zr_encoder.collapse.pair_rms,2.5225907539875396
frame_07_Zr_encoder.liquid_collapse.effective_rank,10.365749620277548
frame_07_Zr_encoder.liquid_collapse.variance,1.1232504448298395
frame_07_Zr_encoder.liquid_collapse.pair_rms,1.4988331760605245
frame_07_Zr_encoder.reference_coverage.liquid_fraction,0.91943359375
frame_07_Zr_encoder.reference_coverage.cutoff_stable_fraction,0.94775390625
frame_07_Zr_encoder.context.counts.0.train,797
frame_07_Zr_encoder.context.counts.0.test,925
frame_07_Zr_encoder.context.counts.1.train,128
frame_07_Zr_encoder.context.counts.1.test,13
frame_07_Zr_encoder.context.counts.2.train,114
frame_07_Zr_encoder.context.counts.2.test,40
frame_07_Zr_encoder.context.counts.3.train,0
frame_07_Zr_encoder.context.counts.3.test,0
frame_07_Zr_encoder.context.counts.4.train,0
frame_07_Zr_encoder.context.counts.4.test,0
frame_07_Zr_encoder.context.counts.5.train,408
frame_07_Zr_encoder.context.counts.5.test,507
frame_07_Zr_encoder.context.counts.6.train,381
frame_07_Zr_encoder.context.counts.6.test,423
frame_07_Zr_encoder.context.test_coverage,1.0
frame_07_Zr_encoder.context.balanced_accuracy,0.6995910982113929
frame_07_Zr_encoder.context.ap.0,0.7408638342658966
frame_07_Zr_encoder.context.ap.1,
frame_07_Zr_encoder.context.ap.2,0.7440828465656035
frame_07_Zr_encoder.context.ap.3,
frame_07_Zr_encoder.context.ap.4,
frame_07_Zr_encoder.context.ap.5,0.6761360894244515
frame_07_Zr_encoder.context.ap.6,0.5494787076626836
frame_07_Zr_encoder.ptm.counts.0.train,1637
frame_07_Zr_encoder.ptm.counts.0.test,1868
frame_07_Zr_encoder.ptm.counts.1.train,2
frame_07_Zr_encoder.ptm.counts.1.test,1
frame_07_Zr_encoder.ptm.counts.2.train,0
frame_07_Zr_encoder.ptm.counts.2.test,1
frame_07_Zr_encoder.ptm.counts.3.train,180
frame_07_Zr_encoder.ptm.counts.3.test,28
frame_07_Zr_encoder.ptm.counts.4.train,9
frame_07_Zr_encoder.ptm.counts.4.test,10
frame_07_Zr_encoder.ptm.test_coverage,0.9937106918238994
frame_07_Zr_encoder.ptm.balanced_accuracy,0.8566075252370755
frame_07_Zr_encoder.ptm.ap.0,0.9856951856948939
frame_07_Zr_encoder.ptm.ap.1,
frame_07_Zr_encoder.ptm.ap.2,
frame_07_Zr_encoder.ptm.ap.3,0.9078015990577566
frame_07_Zr_encoder.ptm.ap.4,
frame_07_Zr_encoder.liquid_order.train_count,1586
frame_07_Zr_encoder.liquid_order.test_count,1855
frame_07_Zr_encoder.liquid_order.conditional_r2_gain,0.23324976861476898
frame_07_Zr_encoder.liquid_order.mean_r2,0.30077338218688965
frame_07_Zr_encoder.context_cutoff_008.counts.0.train,797
frame_07_Zr_encoder.context_cutoff_008.counts.0.test,925
frame_07_Zr_encoder.context_cutoff_008.counts.1.train,123
frame_07_Zr_encoder.context_cutoff_008.counts.1.test,13
frame_07_Zr_encoder.context_cutoff_008.counts.2.train,95
frame_07_Zr_encoder.context_cutoff_008.counts.2.test,25
frame_07_Zr_encoder.context_cutoff_008.counts.3.train,0
frame_07_Zr_encoder.context_cutoff_008.counts.3.test,0
frame_07_Zr_encoder.context_cutoff_008.counts.4.train,0
frame_07_Zr_encoder.context_cutoff_008.counts.4.test,0
frame_07_Zr_encoder.context_cutoff_008.counts.5.train,409
frame_07_Zr_encoder.context_cutoff_008.counts.5.test,508
frame_07_Zr_encoder.context_cutoff_008.counts.6.train,404
frame_07_Zr_encoder.context_cutoff_008.counts.6.test,437
frame_07_Zr_encoder.context_cutoff_008.test_coverage,1.0
frame_07_Zr_encoder.context_cutoff_008.balanced_accuracy,0.6944994056756432
frame_07_Zr_encoder.context_cutoff_008.ap.0,0.7404499852584745
frame_07_Zr_encoder.context_cutoff_008.ap.1,
frame_07_Zr_encoder.context_cutoff_008.ap.2,0.8164327086793681
frame_07_Zr_encoder.context_cutoff_008.ap.3,
frame_07_Zr_encoder.context_cutoff_008.ap.4,
frame_07_Zr_encoder.context_cutoff_008.ap.5,0.6760780364145255
frame_07_Zr_encoder.context_cutoff_008.ap.6,0.6124490403537127
frame_07_Zr_encoder.context_cutoff_010.counts.0.train,797
frame_07_Zr_encoder.context_cutoff_010.counts.0.test,925
frame_07_Zr_encoder.context_cutoff_010.counts.1.train,128
frame_07_Zr_encoder.context_cutoff_010.counts.1.test,13
frame_07_Zr_encoder.context_cutoff_010.counts.2.train,114
frame_07_Zr_encoder.context_cutoff_010.counts.2.test,40
frame_07_Zr_encoder.context_cutoff_010.counts.3.train,0
frame_07_Zr_encoder.context_cutoff_010.counts.3.test,0
frame_07_Zr_encoder.context_cutoff_010.counts.4.train,0
frame_07_Zr_encoder.context_cutoff_010.counts.4.test,0
frame_07_Zr_encoder.context_cutoff_010.counts.5.train,408
frame_07_Zr_encoder.context_cutoff_010.counts.5.test,507
frame_07_Zr_encoder.context_cutoff_010.counts.6.train,381
frame_07_Zr_encoder.context_cutoff_010.counts.6.test,423
frame_07_Zr_encoder.context_cutoff_010.test_coverage,1.0
frame_07_Zr_encoder.context_cutoff_010.balanced_accuracy,0.6995910982113929
frame_07_Zr_encoder.context_cutoff_010.ap.0,0.7408638342658966
frame_07_Zr_encoder.context_cutoff_010.ap.1,
frame_07_Zr_encoder.context_cutoff_010.ap.2,0.7440828465656035
frame_07_Zr_encoder.context_cutoff_010.ap.3,
frame_07_Zr_encoder.context_cutoff_010.ap.4,
frame_07_Zr_encoder.context_cutoff_010.ap.5,0.6761360894244515
frame_07_Zr_encoder.context_cutoff_010.ap.6,0.5494787076626836
frame_07_Zr_encoder.context_cutoff_012.counts.0.train,792
frame_07_Zr_encoder.context_cutoff_012.counts.0.test,919
frame_07_Zr_encoder.context_cutoff_012.counts.1.train,140
frame_07_Zr_encoder.context_cutoff_012.counts.1.test,14
frame_07_Zr_encoder.context_cutoff_012.counts.2.train,165
frame_07_Zr_encoder.context_cutoff_012.counts.2.test,108
frame_07_Zr_encoder.context_cutoff_012.counts.3.train,0
frame_07_Zr_encoder.context_cutoff_012.counts.3.test,0
frame_07_Zr_encoder.context_cutoff_012.counts.4.train,0
frame_07_Zr_encoder.context_cutoff_012.counts.4.test,0
frame_07_Zr_encoder.context_cutoff_012.counts.5.train,406
frame_07_Zr_encoder.context_cutoff_012.counts.5.test,506
frame_07_Zr_encoder.context_cutoff_012.counts.6.train,325
frame_07_Zr_encoder.context_cutoff_012.counts.6.test,361
frame_07_Zr_encoder.context_cutoff_012.test_coverage,1.0
frame_07_Zr_encoder.context_cutoff_012.balanced_accuracy,0.6463171679296742
frame_07_Zr_encoder.context_cutoff_012.ap.0,0.7394474429912908
frame_07_Zr_encoder.context_cutoff_012.ap.1,
frame_07_Zr_encoder.context_cutoff_012.ap.2,0.5452612312433321
frame_07_Zr_encoder.context_cutoff_012.ap.3,
frame_07_Zr_encoder.context_cutoff_012.ap.4,
frame_07_Zr_encoder.context_cutoff_012.ap.5,0.6764725286975205
frame_07_Zr_encoder.context_cutoff_012.ap.6,0.38559474891168377
frame_07_Zr_encoder.spatial.auc,0.5158430211730911
frame_07_Zr_encoder.spatial.pairs,1768
frame_07_Zr_encoder.spatial.changed_pairs,850
frame_07_Zr_encoder.spatial.bins,5
frame_07_Zr_encoder.spatial.same_label_normalized_distance,0.8119297183577362
frame_07_Zr_encoder.nonbulk_spatial.auc,0.5143626364482007
frame_07_Zr_encoder.nonbulk_spatial.pairs,1758
frame_07_Zr_encoder.nonbulk_spatial.changed_pairs,849
frame_07_Zr_encoder.nonbulk_spatial.bins,5
frame_07_Zr_encoder.nonbulk_spatial.same_label_normalized_distance,0.8789230217086564
frame_07_Zr_encoder.shuffled_spatial.auc,0.49449597694957387
frame_07_Zr_encoder.shuffled_spatial.pairs,1758
frame_07_Zr_encoder.shuffled_spatial.changed_pairs,849
frame_07_Zr_encoder.shuffled_spatial.bins,5
frame_07_Zr_encoder.shuffled_spatial.same_label_normalized_distance,0.7891102426147415
frame_07_Zr_encoder.collapsed_spatial.auc,0.5
frame_07_Zr_encoder.collapsed_spatial.pairs,1758
frame_07_Zr_encoder.collapsed_spatial.changed_pairs,849
frame_07_Zr_encoder.collapsed_spatial.bins,5
frame_07_Zr_encoder.collapsed_spatial.same_label_normalized_distance,
frame_07_Zr_encoder.liquid_topology.train_count,378
frame_07_Zr_encoder.liquid_topology.test_count,465
frame_07_Zr_encoder.liquid_topology.conditional_r2_gain,-23.15176010131836
frame_07_Zr_encoder.liquid_topology.mean_r2,-23.399534225463867
frame_07_Zr_encoder.nonbulk_cluster_ami,0.12744610870518627
frame_07_Zr_encoder.continuity_fixed_candidates_center_fixed.0.0001.pair_rms,2.408941425932072
frame_07_Zr_encoder.continuity_fixed_candidates_center_fixed.0.0001.normalized_median,0.00023808981306415095
frame_07_Zr_encoder.continuity_fixed_candidates_center_fixed.0.0001.normalized_p95,0.052493788352288476
frame_07_Zr_encoder.continuity_fixed_candidates_center_fixed.0.01.pair_rms,2.408941425932072
frame_07_Zr_encoder.continuity_fixed_candidates_center_fixed.0.01.normalized_median,0.14926474447529567
frame_07_Zr_encoder.continuity_fixed_candidates_center_fixed.0.01.normalized_p95,0.37449963324531677
frame_07_Zr_encoder.continuity_fixed_candidates_center_fixed.0.1.pair_rms,2.408941425932072
frame_07_Zr_encoder.continuity_fixed_candidates_center_fixed.0.1.normalized_median,0.4309182611327724
frame_07_Zr_encoder.continuity_fixed_candidates_center_fixed.0.1.normalized_p95,0.602572640575796
frame_07_Zr_projector.collapse.effective_rank,3.624795694506673
frame_07_Zr_projector.collapse.variance,37.82764410754294
frame_07_Zr_projector.collapse.pair_rms,8.698004841059005
frame_07_Zr_projector.liquid_collapse.effective_rank,2.4493817847068096
frame_07_Zr_projector.liquid_collapse.variance,20.3580760365623
frame_07_Zr_projector.liquid_collapse.pair_rms,6.380920942397312
frame_07_Zr_projector.reference_coverage.liquid_fraction,0.91943359375
frame_07_Zr_projector.reference_coverage.cutoff_stable_fraction,0.94775390625
frame_07_Zr_projector.context.counts.0.train,797
frame_07_Zr_projector.context.counts.0.test,925
frame_07_Zr_projector.context.counts.1.train,128
frame_07_Zr_projector.context.counts.1.test,13
frame_07_Zr_projector.context.counts.2.train,114
frame_07_Zr_projector.context.counts.2.test,40
frame_07_Zr_projector.context.counts.3.train,0
frame_07_Zr_projector.context.counts.3.test,0
frame_07_Zr_projector.context.counts.4.train,0
frame_07_Zr_projector.context.counts.4.test,0
frame_07_Zr_projector.context.counts.5.train,408
frame_07_Zr_projector.context.counts.5.test,507
frame_07_Zr_projector.context.counts.6.train,381
frame_07_Zr_projector.context.counts.6.test,423
frame_07_Zr_projector.context.test_coverage,1.0
frame_07_Zr_projector.context.balanced_accuracy,0.6901891820058759
frame_07_Zr_projector.context.ap.0,0.7381729401977901
frame_07_Zr_projector.context.ap.1,
frame_07_Zr_projector.context.ap.2,0.7717128107564564
frame_07_Zr_projector.context.ap.3,
frame_07_Zr_projector.context.ap.4,
frame_07_Zr_projector.context.ap.5,0.6086808146187295
frame_07_Zr_projector.context.ap.6,0.5676823346048472
frame_07_Zr_projector.ptm.counts.0.train,1637
frame_07_Zr_projector.ptm.counts.0.test,1868
frame_07_Zr_projector.ptm.counts.1.train,2
frame_07_Zr_projector.ptm.counts.1.test,1
frame_07_Zr_projector.ptm.counts.2.train,0
frame_07_Zr_projector.ptm.counts.2.test,1
frame_07_Zr_projector.ptm.counts.3.train,180
frame_07_Zr_projector.ptm.counts.3.test,28
frame_07_Zr_projector.ptm.counts.4.train,9
frame_07_Zr_projector.ptm.counts.4.test,10
frame_07_Zr_projector.ptm.test_coverage,0.9937106918238994
frame_07_Zr_projector.ptm.balanced_accuracy,0.9088406240440501
frame_07_Zr_projector.ptm.ap.0,0.984017352464809
frame_07_Zr_projector.ptm.ap.1,
frame_07_Zr_projector.ptm.ap.2,
frame_07_Zr_projector.ptm.ap.3,0.8751717459771726
frame_07_Zr_projector.ptm.ap.4,
frame_07_Zr_projector.liquid_order.train_count,1586
frame_07_Zr_projector.liquid_order.test_count,1855
frame_07_Zr_projector.liquid_order.conditional_r2_gain,0.20032040774822235
frame_07_Zr_projector.liquid_order.mean_r2,0.25151118636131287
frame_07_Zr_projector.context_cutoff_008.counts.0.train,797
frame_07_Zr_projector.context_cutoff_008.counts.0.test,925
frame_07_Zr_projector.context_cutoff_008.counts.1.train,123
frame_07_Zr_projector.context_cutoff_008.counts.1.test,13
frame_07_Zr_projector.context_cutoff_008.counts.2.train,95
frame_07_Zr_projector.context_cutoff_008.counts.2.test,25
frame_07_Zr_projector.context_cutoff_008.counts.3.train,0
frame_07_Zr_projector.context_cutoff_008.counts.3.test,0
frame_07_Zr_projector.context_cutoff_008.counts.4.train,0
frame_07_Zr_projector.context_cutoff_008.counts.4.test,0
frame_07_Zr_projector.context_cutoff_008.counts.5.train,409
frame_07_Zr_projector.context_cutoff_008.counts.5.test,508
frame_07_Zr_projector.context_cutoff_008.counts.6.train,404
frame_07_Zr_projector.context_cutoff_008.counts.6.test,437
frame_07_Zr_projector.context_cutoff_008.test_coverage,1.0
frame_07_Zr_projector.context_cutoff_008.balanced_accuracy,0.707302066351779
frame_07_Zr_projector.context_cutoff_008.ap.0,0.7378713478917007
frame_07_Zr_projector.context_cutoff_008.ap.1,
frame_07_Zr_projector.context_cutoff_008.ap.2,0.8754731466021781
frame_07_Zr_projector.context_cutoff_008.ap.3,
frame_07_Zr_projector.context_cutoff_008.ap.4,
frame_07_Zr_projector.context_cutoff_008.ap.5,0.6089115633663895
frame_07_Zr_projector.context_cutoff_008.ap.6,0.6320499981608015
frame_07_Zr_projector.context_cutoff_010.counts.0.train,797
frame_07_Zr_projector.context_cutoff_010.counts.0.test,925
frame_07_Zr_projector.context_cutoff_010.counts.1.train,128
frame_07_Zr_projector.context_cutoff_010.counts.1.test,13
frame_07_Zr_projector.context_cutoff_010.counts.2.train,114
frame_07_Zr_projector.context_cutoff_010.counts.2.test,40
frame_07_Zr_projector.context_cutoff_010.counts.3.train,0
frame_07_Zr_projector.context_cutoff_010.counts.3.test,0
frame_07_Zr_projector.context_cutoff_010.counts.4.train,0
frame_07_Zr_projector.context_cutoff_010.counts.4.test,0
frame_07_Zr_projector.context_cutoff_010.counts.5.train,408
frame_07_Zr_projector.context_cutoff_010.counts.5.test,507
frame_07_Zr_projector.context_cutoff_010.counts.6.train,381
frame_07_Zr_projector.context_cutoff_010.counts.6.test,423
frame_07_Zr_projector.context_cutoff_010.test_coverage,1.0
frame_07_Zr_projector.context_cutoff_010.balanced_accuracy,0.6901891820058759
frame_07_Zr_projector.context_cutoff_010.ap.0,0.7381729401977901
frame_07_Zr_projector.context_cutoff_010.ap.1,
frame_07_Zr_projector.context_cutoff_010.ap.2,0.7717128107564564
frame_07_Zr_projector.context_cutoff_010.ap.3,
frame_07_Zr_projector.context_cutoff_010.ap.4,
frame_07_Zr_projector.context_cutoff_010.ap.5,0.6086808146187295
frame_07_Zr_projector.context_cutoff_010.ap.6,0.5676823346048472
frame_07_Zr_projector.context_cutoff_012.counts.0.train,792
frame_07_Zr_projector.context_cutoff_012.counts.0.test,919
frame_07_Zr_projector.context_cutoff_012.counts.1.train,140
frame_07_Zr_projector.context_cutoff_012.counts.1.test,14
frame_07_Zr_projector.context_cutoff_012.counts.2.train,165
frame_07_Zr_projector.context_cutoff_012.counts.2.test,108
frame_07_Zr_projector.context_cutoff_012.counts.3.train,0
frame_07_Zr_projector.context_cutoff_012.counts.3.test,0
frame_07_Zr_projector.context_cutoff_012.counts.4.train,0
frame_07_Zr_projector.context_cutoff_012.counts.4.test,0
frame_07_Zr_projector.context_cutoff_012.counts.5.train,406
frame_07_Zr_projector.context_cutoff_012.counts.5.test,506
frame_07_Zr_projector.context_cutoff_012.counts.6.train,325
frame_07_Zr_projector.context_cutoff_012.counts.6.test,361
frame_07_Zr_projector.context_cutoff_012.test_coverage,1.0
frame_07_Zr_projector.context_cutoff_012.balanced_accuracy,0.6567798318176112
frame_07_Zr_projector.context_cutoff_012.ap.0,0.7394952293703259
frame_07_Zr_projector.context_cutoff_012.ap.1,
frame_07_Zr_projector.context_cutoff_012.ap.2,0.6429605934813295
frame_07_Zr_projector.context_cutoff_012.ap.3,
frame_07_Zr_projector.context_cutoff_012.ap.4,
frame_07_Zr_projector.context_cutoff_012.ap.5,0.6082355505712177
frame_07_Zr_projector.context_cutoff_012.ap.6,0.3993892121814983
frame_07_Zr_projector.spatial.auc,0.5130894309529151
frame_07_Zr_projector.spatial.pairs,1768
frame_07_Zr_projector.spatial.changed_pairs,850
frame_07_Zr_projector.spatial.bins,5
frame_07_Zr_projector.spatial.same_label_normalized_distance,0.7381505110209704
frame_07_Zr_projector.nonbulk_spatial.auc,0.5124053677997814
frame_07_Zr_projector.nonbulk_spatial.pairs,1758
frame_07_Zr_projector.nonbulk_spatial.changed_pairs,849
frame_07_Zr_projector.nonbulk_spatial.bins,5
frame_07_Zr_projector.nonbulk_spatial.same_label_normalized_distance,0.7581526554057078
frame_07_Zr_projector.shuffled_spatial.auc,0.4989848751041763
frame_07_Zr_projector.shuffled_spatial.pairs,1758
frame_07_Zr_projector.shuffled_spatial.changed_pairs,849
frame_07_Zr_projector.shuffled_spatial.bins,5
frame_07_Zr_projector.shuffled_spatial.same_label_normalized_distance,0.8431831698242026
frame_07_Zr_projector.collapsed_spatial.auc,0.5
frame_07_Zr_projector.collapsed_spatial.pairs,1758
frame_07_Zr_projector.collapsed_spatial.changed_pairs,849
frame_07_Zr_projector.collapsed_spatial.bins,5
frame_07_Zr_projector.collapsed_spatial.same_label_normalized_distance,
frame_07_Zr_projector.liquid_topology.train_count,378
frame_07_Zr_projector.liquid_topology.test_count,465
frame_07_Zr_projector.liquid_topology.conditional_r2_gain,-16.30180549621582
frame_07_Zr_projector.liquid_topology.mean_r2,-16.618432998657227
frame_07_Zr_projector.nonbulk_cluster_ami,0.12478574731767393
frame_07_Zr_projector.continuity_fixed_candidates_center_fixed.0.0001.pair_rms,8.512284516243907
frame_07_Zr_projector.continuity_fixed_candidates_center_fixed.0.0001.normalized_median,0.00019863207755139143
frame_07_Zr_projector.continuity_fixed_candidates_center_fixed.0.0001.normalized_p95,0.025672033827290684
frame_07_Zr_projector.continuity_fixed_candidates_center_fixed.0.01.pair_rms,8.512284516243907
frame_07_Zr_projector.continuity_fixed_candidates_center_fixed.0.01.normalized_median,0.09147983444244848
frame_07_Zr_projector.continuity_fixed_candidates_center_fixed.0.01.normalized_p95,0.28686634828514535
frame_07_Zr_projector.continuity_fixed_candidates_center_fixed.0.1.pair_rms,8.512284516243907
frame_07_Zr_projector.continuity_fixed_candidates_center_fixed.0.1.normalized_median,0.33492719083559414
frame_07_Zr_projector.continuity_fixed_candidates_center_fixed.0.1.normalized_p95,0.6946739008931337
frame_08_Zr_encoder.collapse.effective_rank,1.430665316367606
frame_08_Zr_encoder.collapse.variance,7.875180745996202
frame_08_Zr_encoder.collapse.pair_rms,3.9686725100456957
frame_08_Zr_encoder.liquid_collapse.effective_rank,10.38497992784925
frame_08_Zr_encoder.liquid_collapse.variance,1.1333013292460539
frame_08_Zr_encoder.liquid_collapse.pair_rms,1.5055240477960183
frame_08_Zr_encoder.reference_coverage.liquid_fraction,0.739990234375
frame_08_Zr_encoder.reference_coverage.cutoff_stable_fraction,0.935791015625
frame_08_Zr_encoder.context.counts.0.train,576
frame_08_Zr_encoder.context.counts.0.test,733
frame_08_Zr_encoder.context.counts.1.train,446
frame_08_Zr_encoder.context.counts.1.test,156
frame_08_Zr_encoder.context.counts.2.train,211
frame_08_Zr_encoder.context.counts.2.test,150
frame_08_Zr_encoder.context.counts.3.train,0
frame_08_Zr_encoder.context.counts.3.test,0
frame_08_Zr_encoder.context.counts.4.train,0
frame_08_Zr_encoder.context.counts.4.test,0
frame_08_Zr_encoder.context.counts.5.train,321
frame_08_Zr_encoder.context.counts.5.test,392
frame_08_Zr_encoder.context.counts.6.train,331
frame_08_Zr_encoder.context.counts.6.test,386
frame_08_Zr_encoder.context.test_coverage,1.0
frame_08_Zr_encoder.context.balanced_accuracy,0.7262779565558681
frame_08_Zr_encoder.context.ap.0,0.7869908109290575
frame_08_Zr_encoder.context.ap.1,0.9975312474277883
frame_08_Zr_encoder.context.ap.2,0.899132403516552
frame_08_Zr_encoder.context.ap.3,
frame_08_Zr_encoder.context.ap.4,
frame_08_Zr_encoder.context.ap.5,0.663635851848598
frame_08_Zr_encoder.context.ap.6,0.5219294933531674
frame_08_Zr_encoder.ptm.counts.0.train,1351
frame_08_Zr_encoder.ptm.counts.0.test,1587
frame_08_Zr_encoder.ptm.counts.1.train,0
frame_08_Zr_encoder.ptm.counts.1.test,1
frame_08_Zr_encoder.ptm.counts.2.train,1
frame_08_Zr_encoder.ptm.counts.2.test,2
frame_08_Zr_encoder.ptm.counts.3.train,525
frame_08_Zr_encoder.ptm.counts.3.test,213
frame_08_Zr_encoder.ptm.counts.4.train,8
frame_08_Zr_encoder.ptm.counts.4.test,14
frame_08_Zr_encoder.ptm.test_coverage,0.9906439185470556
frame_08_Zr_encoder.ptm.balanced_accuracy,0.9667900281335144
frame_08_Zr_encoder.ptm.ap.0,0.9843474055011195
frame_08_Zr_encoder.ptm.ap.1,
frame_08_Zr_encoder.ptm.ap.2,
frame_08_Zr_encoder.ptm.ap.3,0.9899347450737385
frame_08_Zr_encoder.ptm.ap.4,
frame_08_Zr_encoder.liquid_order.train_count,1228
frame_08_Zr_encoder.liquid_order.test_count,1511
frame_08_Zr_encoder.liquid_order.conditional_r2_gain,0.20727409422397614
frame_08_Zr_encoder.liquid_order.mean_r2,0.2680801451206207
frame_08_Zr_encoder.context_cutoff_008.counts.0.train,577
frame_08_Zr_encoder.context_cutoff_008.counts.0.test,733
frame_08_Zr_encoder.context_cutoff_008.counts.1.train,432
frame_08_Zr_encoder.context_cutoff_008.counts.1.test,150
frame_08_Zr_encoder.context_cutoff_008.counts.2.train,195
frame_08_Zr_encoder.context_cutoff_008.counts.2.test,121
frame_08_Zr_encoder.context_cutoff_008.counts.3.train,0
frame_08_Zr_encoder.context_cutoff_008.counts.3.test,0
frame_08_Zr_encoder.context_cutoff_008.counts.4.train,0
frame_08_Zr_encoder.context_cutoff_008.counts.4.test,0
frame_08_Zr_encoder.context_cutoff_008.counts.5.train,321
frame_08_Zr_encoder.context_cutoff_008.counts.5.test,392
frame_08_Zr_encoder.context_cutoff_008.counts.6.train,360
frame_08_Zr_encoder.context_cutoff_008.counts.6.test,421
frame_08_Zr_encoder.context_cutoff_008.test_coverage,1.0
frame_08_Zr_encoder.context_cutoff_008.balanced_accuracy,0.7473701730872795
frame_08_Zr_encoder.context_cutoff_008.ap.0,0.787309914530265
frame_08_Zr_encoder.context_cutoff_008.ap.1,0.9959678882033709
frame_08_Zr_encoder.context_cutoff_008.ap.2,0.9322388880644935
frame_08_Zr_encoder.context_cutoff_008.ap.3,
frame_08_Zr_encoder.context_cutoff_008.ap.4,
frame_08_Zr_encoder.context_cutoff_008.ap.5,0.6650019175099826
frame_08_Zr_encoder.context_cutoff_008.ap.6,0.610502600586528
frame_08_Zr_encoder.context_cutoff_010.counts.0.train,576
frame_08_Zr_encoder.context_cutoff_010.counts.0.test,733
frame_08_Zr_encoder.context_cutoff_010.counts.1.train,446
frame_08_Zr_encoder.context_cutoff_010.counts.1.test,156
frame_08_Zr_encoder.context_cutoff_010.counts.2.train,211
frame_08_Zr_encoder.context_cutoff_010.counts.2.test,150
frame_08_Zr_encoder.context_cutoff_010.counts.3.train,0
frame_08_Zr_encoder.context_cutoff_010.counts.3.test,0
frame_08_Zr_encoder.context_cutoff_010.counts.4.train,0
frame_08_Zr_encoder.context_cutoff_010.counts.4.test,0
frame_08_Zr_encoder.context_cutoff_010.counts.5.train,321
frame_08_Zr_encoder.context_cutoff_010.counts.5.test,392
frame_08_Zr_encoder.context_cutoff_010.counts.6.train,331
frame_08_Zr_encoder.context_cutoff_010.counts.6.test,386
frame_08_Zr_encoder.context_cutoff_010.test_coverage,1.0
frame_08_Zr_encoder.context_cutoff_010.balanced_accuracy,0.7262779565558681
frame_08_Zr_encoder.context_cutoff_010.ap.0,0.7869908109290575
frame_08_Zr_encoder.context_cutoff_010.ap.1,0.9975312474277883
frame_08_Zr_encoder.context_cutoff_010.ap.2,0.899132403516552
frame_08_Zr_encoder.context_cutoff_010.ap.3,
frame_08_Zr_encoder.context_cutoff_010.ap.4,
frame_08_Zr_encoder.context_cutoff_010.ap.5,0.663635851848598
frame_08_Zr_encoder.context_cutoff_010.ap.6,0.5219294933531674
frame_08_Zr_encoder.context_cutoff_012.counts.0.train,573
frame_08_Zr_encoder.context_cutoff_012.counts.0.test,726
frame_08_Zr_encoder.context_cutoff_012.counts.1.train,456
frame_08_Zr_encoder.context_cutoff_012.counts.1.test,163
frame_08_Zr_encoder.context_cutoff_012.counts.2.train,264
frame_08_Zr_encoder.context_cutoff_012.counts.2.test,220
frame_08_Zr_encoder.context_cutoff_012.counts.3.train,0
frame_08_Zr_encoder.context_cutoff_012.counts.3.test,0
frame_08_Zr_encoder.context_cutoff_012.counts.4.train,2
frame_08_Zr_encoder.context_cutoff_012.counts.4.test,0
frame_08_Zr_encoder.context_cutoff_012.counts.5.train,319
frame_08_Zr_encoder.context_cutoff_012.counts.5.test,390
frame_08_Zr_encoder.context_cutoff_012.counts.6.train,271
frame_08_Zr_encoder.context_cutoff_012.counts.6.test,318
frame_08_Zr_encoder.context_cutoff_012.test_coverage,1.0
frame_08_Zr_encoder.context_cutoff_012.balanced_accuracy,0.6836169797854126
frame_08_Zr_encoder.context_cutoff_012.ap.0,0.7795504304585257
frame_08_Zr_encoder.context_cutoff_012.ap.1,0.9939996913420484
frame_08_Zr_encoder.context_cutoff_012.ap.2,0.800043881727702
frame_08_Zr_encoder.context_cutoff_012.ap.3,
frame_08_Zr_encoder.context_cutoff_012.ap.4,
frame_08_Zr_encoder.context_cutoff_012.ap.5,0.6621579286751803
frame_08_Zr_encoder.context_cutoff_012.ap.6,0.3776351813056555
frame_08_Zr_encoder.spatial.auc,0.5460278551978033
frame_08_Zr_encoder.spatial.pairs,1617
frame_08_Zr_encoder.spatial.changed_pairs,725
frame_08_Zr_encoder.spatial.bins,5
frame_08_Zr_encoder.spatial.same_label_normalized_distance,0.421894642898586
frame_08_Zr_encoder.nonbulk_spatial.auc,0.5174075069510714
frame_08_Zr_encoder.nonbulk_spatial.pairs,1472
frame_08_Zr_encoder.nonbulk_spatial.changed_pairs,708
frame_08_Zr_encoder.nonbulk_spatial.bins,5
frame_08_Zr_encoder.nonbulk_spatial.same_label_normalized_distance,0.7157232429419452
frame_08_Zr_encoder.shuffled_spatial.auc,0.4989786588035332
frame_08_Zr_encoder.shuffled_spatial.pairs,1472
frame_08_Zr_encoder.shuffled_spatial.changed_pairs,708
frame_08_Zr_encoder.shuffled_spatial.bins,5
frame_08_Zr_encoder.shuffled_spatial.same_label_normalized_distance,0.8085608575583098
frame_08_Zr_encoder.collapsed_spatial.auc,0.5
frame_08_Zr_encoder.collapsed_spatial.pairs,1472
frame_08_Zr_encoder.collapsed_spatial.changed_pairs,708
frame_08_Zr_encoder.collapsed_spatial.bins,5
frame_08_Zr_encoder.collapsed_spatial.same_label_normalized_distance,
frame_08_Zr_encoder.liquid_topology.train_count,308
frame_08_Zr_encoder.liquid_topology.test_count,389
frame_08_Zr_encoder.liquid_topology.conditional_r2_gain,-1.8568620681762695
frame_08_Zr_encoder.liquid_topology.mean_r2,-1.8609460592269897
frame_08_Zr_encoder.nonbulk_cluster_ami,0.2594825511078893
frame_08_Zr_encoder.continuity_fixed_candidates_center_fixed.0.0001.pair_rms,3.907134135096118
frame_08_Zr_encoder.continuity_fixed_candidates_center_fixed.0.0001.normalized_median,0.0001418000482460965
frame_08_Zr_encoder.continuity_fixed_candidates_center_fixed.0.0001.normalized_p95,0.029958410143302285
frame_08_Zr_encoder.continuity_fixed_candidates_center_fixed.0.01.pair_rms,3.907134135096118
frame_08_Zr_encoder.continuity_fixed_candidates_center_fixed.0.01.normalized_median,0.10229223123229948
frame_08_Zr_encoder.continuity_fixed_candidates_center_fixed.0.01.normalized_p95,0.2790126619624612
frame_08_Zr_encoder.continuity_fixed_candidates_center_fixed.0.1.pair_rms,3.907134135096118
frame_08_Zr_encoder.continuity_fixed_candidates_center_fixed.0.1.normalized_median,0.2662295369053115
frame_08_Zr_encoder.continuity_fixed_candidates_center_fixed.0.1.normalized_p95,0.44566781256530646
frame_08_Zr_projector.collapse.effective_rank,2.746854785980164
frame_08_Zr_projector.collapse.variance,76.01177203932338
frame_08_Zr_projector.collapse.pair_rms,12.329782807440152
frame_08_Zr_projector.liquid_collapse.effective_rank,2.576042520926928
frame_08_Zr_projector.liquid_collapse.variance,20.91426517358255
frame_08_Zr_projector.liquid_collapse.pair_rms,6.467497997461236
frame_08_Zr_projector.reference_coverage.liquid_fraction,0.739990234375
frame_08_Zr_projector.reference_coverage.cutoff_stable_fraction,0.935791015625
frame_08_Zr_projector.context.counts.0.train,576
frame_08_Zr_projector.context.counts.0.test,733
frame_08_Zr_projector.context.counts.1.train,446
frame_08_Zr_projector.context.counts.1.test,156
frame_08_Zr_projector.context.counts.2.train,211
frame_08_Zr_projector.context.counts.2.test,150
frame_08_Zr_projector.context.counts.3.train,0
frame_08_Zr_projector.context.counts.3.test,0
frame_08_Zr_projector.context.counts.4.train,0
frame_08_Zr_projector.context.counts.4.test,0
frame_08_Zr_projector.context.counts.5.train,321
frame_08_Zr_projector.context.counts.5.test,392
frame_08_Zr_projector.context.counts.6.train,331
frame_08_Zr_projector.context.counts.6.test,386
frame_08_Zr_projector.context.test_coverage,1.0
frame_08_Zr_projector.context.balanced_accuracy,0.7240841205458644
frame_08_Zr_projector.context.ap.0,0.7623126932997907
frame_08_Zr_projector.context.ap.1,0.9986309803531643
frame_08_Zr_projector.context.ap.2,0.9143695114766177
frame_08_Zr_projector.context.ap.3,
frame_08_Zr_projector.context.ap.4,
frame_08_Zr_projector.context.ap.5,0.6041371527788889
frame_08_Zr_projector.context.ap.6,0.5483960115816057
frame_08_Zr_projector.ptm.counts.0.train,1351
frame_08_Zr_projector.ptm.counts.0.test,1587
frame_08_Zr_projector.ptm.counts.1.train,0
frame_08_Zr_projector.ptm.counts.1.test,1
frame_08_Zr_projector.ptm.counts.2.train,1
frame_08_Zr_projector.ptm.counts.2.test,2
frame_08_Zr_projector.ptm.counts.3.train,525
frame_08_Zr_projector.ptm.counts.3.test,213
frame_08_Zr_projector.ptm.counts.4.train,8
frame_08_Zr_projector.ptm.counts.4.test,14
frame_08_Zr_projector.ptm.test_coverage,0.9906439185470556
frame_08_Zr_projector.ptm.balanced_accuracy,0.9612920116794021
frame_08_Zr_projector.ptm.ap.0,0.9794248249104565
frame_08_Zr_projector.ptm.ap.1,
frame_08_Zr_projector.ptm.ap.2,
frame_08_Zr_projector.ptm.ap.3,0.9785217484709221
frame_08_Zr_projector.ptm.ap.4,
frame_08_Zr_projector.liquid_order.train_count,1228
frame_08_Zr_projector.liquid_order.test_count,1511
frame_08_Zr_projector.liquid_order.conditional_r2_gain,0.19425781071186066
frame_08_Zr_projector.liquid_order.mean_r2,0.24376988410949707
frame_08_Zr_projector.context_cutoff_008.counts.0.train,577
frame_08_Zr_projector.context_cutoff_008.counts.0.test,733
frame_08_Zr_projector.context_cutoff_008.counts.1.train,432
frame_08_Zr_projector.context_cutoff_008.counts.1.test,150
frame_08_Zr_projector.context_cutoff_008.counts.2.train,195
frame_08_Zr_projector.context_cutoff_008.counts.2.test,121
frame_08_Zr_projector.context_cutoff_008.counts.3.train,0
frame_08_Zr_projector.context_cutoff_008.counts.3.test,0
frame_08_Zr_projector.context_cutoff_008.counts.4.train,0
frame_08_Zr_projector.context_cutoff_008.counts.4.test,0
frame_08_Zr_projector.context_cutoff_008.counts.5.train,321
frame_08_Zr_projector.context_cutoff_008.counts.5.test,392
frame_08_Zr_projector.context_cutoff_008.counts.6.train,360
frame_08_Zr_projector.context_cutoff_008.counts.6.test,421
frame_08_Zr_projector.context_cutoff_008.test_coverage,1.0
frame_08_Zr_projector.context_cutoff_008.balanced_accuracy,0.7500992100764111
frame_08_Zr_projector.context_cutoff_008.ap.0,0.7614917025180693
frame_08_Zr_projector.context_cutoff_008.ap.1,0.9975253472996739
frame_08_Zr_projector.context_cutoff_008.ap.2,0.9591601098201054
frame_08_Zr_projector.context_cutoff_008.ap.3,
frame_08_Zr_projector.context_cutoff_008.ap.4,
frame_08_Zr_projector.context_cutoff_008.ap.5,0.6036849685087288
frame_08_Zr_projector.context_cutoff_008.ap.6,0.632725858556157
frame_08_Zr_projector.context_cutoff_010.counts.0.train,576
frame_08_Zr_projector.context_cutoff_010.counts.0.test,733
frame_08_Zr_projector.context_cutoff_010.counts.1.train,446
frame_08_Zr_projector.context_cutoff_010.counts.1.test,156
frame_08_Zr_projector.context_cutoff_010.counts.2.train,211
frame_08_Zr_projector.context_cutoff_010.counts.2.test,150
frame_08_Zr_projector.context_cutoff_010.counts.3.train,0
frame_08_Zr_projector.context_cutoff_010.counts.3.test,0
frame_08_Zr_projector.context_cutoff_010.counts.4.train,0
frame_08_Zr_projector.context_cutoff_010.counts.4.test,0
frame_08_Zr_projector.context_cutoff_010.counts.5.train,321
frame_08_Zr_projector.context_cutoff_010.counts.5.test,392
frame_08_Zr_projector.context_cutoff_010.counts.6.train,331
frame_08_Zr_projector.context_cutoff_010.counts.6.test,386
frame_08_Zr_projector.context_cutoff_010.test_coverage,1.0
frame_08_Zr_projector.context_cutoff_010.balanced_accuracy,0.7240841205458644
frame_08_Zr_projector.context_cutoff_010.ap.0,0.7623126932997907
frame_08_Zr_projector.context_cutoff_010.ap.1,0.9986309803531643
frame_08_Zr_projector.context_cutoff_010.ap.2,0.9143695114766177
frame_08_Zr_projector.context_cutoff_010.ap.3,
frame_08_Zr_projector.context_cutoff_010.ap.4,
frame_08_Zr_projector.context_cutoff_010.ap.5,0.6041371527788889
frame_08_Zr_projector.context_cutoff_010.ap.6,0.5483960115816057
frame_08_Zr_projector.context_cutoff_012.counts.0.train,573
frame_08_Zr_projector.context_cutoff_012.counts.0.test,726
frame_08_Zr_projector.context_cutoff_012.counts.1.train,456
frame_08_Zr_projector.context_cutoff_012.counts.1.test,163
frame_08_Zr_projector.context_cutoff_012.counts.2.train,264
frame_08_Zr_projector.context_cutoff_012.counts.2.test,220
frame_08_Zr_projector.context_cutoff_012.counts.3.train,0
frame_08_Zr_projector.context_cutoff_012.counts.3.test,0
frame_08_Zr_projector.context_cutoff_012.counts.4.train,2
frame_08_Zr_projector.context_cutoff_012.counts.4.test,0
frame_08_Zr_projector.context_cutoff_012.counts.5.train,319
frame_08_Zr_projector.context_cutoff_012.counts.5.test,390
frame_08_Zr_projector.context_cutoff_012.counts.6.train,271
frame_08_Zr_projector.context_cutoff_012.counts.6.test,318
frame_08_Zr_projector.context_cutoff_012.test_coverage,1.0
frame_08_Zr_projector.context_cutoff_012.balanced_accuracy,0.6732254293321966
frame_08_Zr_projector.context_cutoff_012.ap.0,0.7582887807760927
frame_08_Zr_projector.context_cutoff_012.ap.1,0.9883262267371502
frame_08_Zr_projector.context_cutoff_012.ap.2,0.8254699662383658
frame_08_Zr_projector.context_cutoff_012.ap.3,
frame_08_Zr_projector.context_cutoff_012.ap.4,
frame_08_Zr_projector.context_cutoff_012.ap.5,0.6031453536611835
frame_08_Zr_projector.context_cutoff_012.ap.6,0.4285981675336889
frame_08_Zr_projector.spatial.auc,0.5571108973341357
frame_08_Zr_projector.spatial.pairs,1617
frame_08_Zr_projector.spatial.changed_pairs,725
frame_08_Zr_projector.spatial.bins,5
frame_08_Zr_projector.spatial.same_label_normalized_distance,0.46390605215739983
frame_08_Zr_projector.nonbulk_spatial.auc,0.528783252264355
frame_08_Zr_projector.nonbulk_spatial.pairs,1472
frame_08_Zr_projector.nonbulk_spatial.changed_pairs,708
frame_08_Zr_projector.nonbulk_spatial.bins,5
frame_08_Zr_projector.nonbulk_spatial.same_label_normalized_distance,0.605225521791938
frame_08_Zr_projector.shuffled_spatial.auc,0.5035298798707989
frame_08_Zr_projector.shuffled_spatial.pairs,1472
frame_08_Zr_projector.shuffled_spatial.changed_pairs,708
frame_08_Zr_projector.shuffled_spatial.bins,5
frame_08_Zr_projector.shuffled_spatial.same_label_normalized_distance,0.8623602390018404
frame_08_Zr_projector.collapsed_spatial.auc,0.5
frame_08_Zr_projector.collapsed_spatial.pairs,1472
frame_08_Zr_projector.collapsed_spatial.changed_pairs,708
frame_08_Zr_projector.collapsed_spatial.bins,5
frame_08_Zr_projector.collapsed_spatial.same_label_normalized_distance,
frame_08_Zr_projector.liquid_topology.train_count,308
frame_08_Zr_projector.liquid_topology.test_count,389
frame_08_Zr_projector.liquid_topology.conditional_r2_gain,-0.38513344526290894
frame_08_Zr_projector.liquid_topology.mean_r2,-0.42698773741722107
frame_08_Zr_projector.nonbulk_cluster_ami,0.2506216349546114
frame_08_Zr_projector.continuity_fixed_candidates_center_fixed.0.0001.pair_rms,12.367614794542451
frame_08_Zr_projector.continuity_fixed_candidates_center_fixed.0.0001.normalized_median,0.00012737661762740596
frame_08_Zr_projector.continuity_fixed_candidates_center_fixed.0.0001.normalized_p95,0.017936036837844317
frame_08_Zr_projector.continuity_fixed_candidates_center_fixed.0.01.pair_rms,12.367614794542451
frame_08_Zr_projector.continuity_fixed_candidates_center_fixed.0.01.normalized_median,0.06854061358130588
frame_08_Zr_projector.continuity_fixed_candidates_center_fixed.0.01.normalized_p95,0.2270828848809306
frame_08_Zr_projector.continuity_fixed_candidates_center_fixed.0.1.pair_rms,12.367614794542451
frame_08_Zr_projector.continuity_fixed_candidates_center_fixed.0.1.normalized_median,0.21711743259375793
frame_08_Zr_projector.continuity_fixed_candidates_center_fixed.0.1.normalized_p95,0.4593786879431221
prediction_encoder.future_residual_9ps.groups.all.rows,960
prediction_encoder.future_residual_9ps.groups.all.sources,15
prediction_encoder.future_residual_9ps.groups.all.mse,1.4061555735922109
prediction_encoder.future_residual_9ps.groups.PTM_other.rows,686
prediction_encoder.future_residual_9ps.groups.PTM_other.sources,15
prediction_encoder.future_residual_9ps.groups.PTM_other.mse,1.8095301470745246
prediction_encoder.future_residual_9ps.groups.PTM_crystalline.rows,274
prediction_encoder.future_residual_9ps.groups.PTM_crystalline.sources,13
prediction_encoder.future_residual_9ps.groups.PTM_crystalline.mse,0.5655819681349162
prediction_encoder.future_residual_9ps.groups.T400.rows,192
prediction_encoder.future_residual_9ps.groups.T400.sources,3
prediction_encoder.future_residual_9ps.groups.T400.mse,1.547873001700888
prediction_encoder.future_residual_9ps.groups.T450.rows,192
prediction_encoder.future_residual_9ps.groups.T450.sources,3
prediction_encoder.future_residual_9ps.groups.T450.mse,1.387546318854826
prediction_encoder.future_residual_9ps.groups.T500.rows,192
prediction_encoder.future_residual_9ps.groups.T500.sources,3
prediction_encoder.future_residual_9ps.groups.T500.mse,1.252393280621618
prediction_encoder.future_residual_9ps.groups.T510.rows,192
prediction_encoder.future_residual_9ps.groups.T510.sources,3
prediction_encoder.future_residual_9ps.groups.T510.mse,1.2667513563064856
prediction_encoder.future_residual_9ps.groups.T520.rows,192
prediction_encoder.future_residual_9ps.groups.T520.sources,3
prediction_encoder.future_residual_9ps.groups.T520.mse,1.576213910477236
prediction_encoder.future_residual_9ps.per_source.876,1.386089563369751
prediction_encoder.future_residual_9ps.per_source.878,1.902335286140442
prediction_encoder.future_residual_9ps.per_source.879,1.4402168989181519
prediction_encoder.future_residual_9ps.per_source.902,1.5587831735610962
prediction_encoder.future_residual_9ps.per_source.903,1.4947303533554077
prediction_encoder.future_residual_9ps.per_source.906,1.5901055335998535
prediction_encoder.future_residual_9ps.per_source.935,1.6974424123764038
prediction_encoder.future_residual_9ps.per_source.936,1.4096300601959229
prediction_encoder.future_residual_9ps.per_source.937,1.0555665493011475
prediction_encoder.future_residual_9ps.per_source.963,0.6509592533111572
prediction_encoder.future_residual_9ps.per_source.965,1.641038417816162
prediction_encoder.future_residual_9ps.per_source.967,1.4651821851730347
prediction_encoder.future_residual_9ps.per_source.992,0.7622227668762207
prediction_encoder.future_residual_9ps.per_source.994,1.3155474662780762
prediction_encoder.future_residual_9ps.per_source.997,1.72248375415802
prediction_encoder.residual_constant.groups.all.rows,960
prediction_encoder.residual_constant.groups.all.sources,15
prediction_encoder.residual_constant.groups.all.mse,1.332023421890335
prediction_encoder.residual_constant.groups.PTM_other.rows,686
prediction_encoder.residual_constant.groups.PTM_other.sources,15
prediction_encoder.residual_constant.groups.PTM_other.mse,1.7201624557924204
prediction_encoder.residual_constant.groups.PTM_crystalline.rows,274
prediction_encoder.residual_constant.groups.PTM_crystalline.sources,13
prediction_encoder.residual_constant.groups.PTM_crystalline.mse,0.6290717859534679
prediction_encoder.residual_constant.groups.T400.rows,192
prediction_encoder.residual_constant.groups.T400.sources,3
prediction_encoder.residual_constant.groups.T400.mse,1.4719453435391188
prediction_encoder.residual_constant.groups.T450.rows,192
prediction_encoder.residual_constant.groups.T450.sources,3
prediction_encoder.residual_constant.groups.T450.mse,1.296212443509527
prediction_encoder.residual_constant.groups.T500.rows,192
prediction_encoder.residual_constant.groups.T500.sources,3
prediction_encoder.residual_constant.groups.T500.mse,1.1845963720988948
prediction_encoder.residual_constant.groups.T510.rows,192
prediction_encoder.residual_constant.groups.T510.sources,3
prediction_encoder.residual_constant.groups.T510.mse,1.227402587159304
prediction_encoder.residual_constant.groups.T520.rows,192
prediction_encoder.residual_constant.groups.T520.sources,3
prediction_encoder.residual_constant.groups.T520.mse,1.479960363144831
prediction_encoder.residual_constant.per_source.876,1.2510082721710205
prediction_encoder.residual_constant.per_source.878,1.784614086151123
prediction_encoder.residual_constant.per_source.879,1.4042587280273438
prediction_encoder.residual_constant.per_source.902,1.5010030269622803
prediction_encoder.residual_constant.per_source.903,1.3775594234466553
prediction_encoder.residual_constant.per_source.906,1.537273645401001
prediction_encoder.residual_constant.per_source.935,1.6242361068725586
prediction_encoder.residual_constant.per_source.936,1.31929349899292
prediction_encoder.residual_constant.per_source.937,0.9451076984405518
prediction_encoder.residual_constant.per_source.963,0.6611502170562744
prediction_encoder.residual_constant.per_source.965,1.5156984329223633
prediction_encoder.residual_constant.per_source.967,1.3769402503967285
prediction_encoder.residual_constant.per_source.992,0.6967796087265015
prediction_encoder.residual_constant.per_source.994,1.2939176559448242
prediction_encoder.residual_constant.per_source.997,1.6915104389190674
prediction_encoder.conditional_hazard.rows,643
prediction_encoder.conditional_hazard.events_12ps,18
prediction_encoder.conditional_hazard.nll,0.19080934311407904
prediction_encoder.conditional_hazard.best_step,128
prediction_encoder.conditional_hazard.tuning_nll,0.2539638709239208
prediction_encoder.conditional_hazard.per_source.876,0.03382379934191704
prediction_encoder.conditional_hazard.per_source.878,0.11092358082532883
prediction_encoder.conditional_hazard.per_source.879,0.020117780193686485
prediction_encoder.conditional_hazard.per_source.902,0.02297179214656353
prediction_encoder.conditional_hazard.per_source.903,0.023124832659959793
prediction_encoder.conditional_hazard.per_source.906,0.0537477508187294
prediction_encoder.conditional_hazard.per_source.935,0.4649467468261719
prediction_encoder.conditional_hazard.per_source.936,0.21751514077186584
prediction_encoder.conditional_hazard.per_source.937,0.1837884485721588
prediction_encoder.conditional_hazard.per_source.963,0.13621556758880615
prediction_encoder.conditional_hazard.per_source.965,0.5834107995033264
prediction_encoder.conditional_hazard.per_source.967,0.3070621192455292
prediction_encoder.conditional_hazard.per_source.992,0.1936526596546173
prediction_encoder.conditional_hazard.per_source.994,0.17376570403575897
prediction_encoder.conditional_hazard.per_source.997,0.337073415517807
prediction_encoder.conditional_hazard.horizons.0.75.n,643
prediction_encoder.conditional_hazard.horizons.0.75.sources,15
prediction_encoder.conditional_hazard.horizons.0.75.prevalence,0.0
prediction_encoder.conditional_hazard.horizons.0.75.log_loss,0.0049190490832265975
prediction_encoder.conditional_hazard.horizons.0.75.brier,0.00041809298204099383
prediction_encoder.conditional_hazard.horizons.0.75.average_precision,
prediction_encoder.conditional_hazard.horizons.0.75.threshold,0.006605848204344511
prediction_encoder.conditional_hazard.horizons.0.75.recall,
prediction_encoder.conditional_hazard.horizons.0.75.false_positive_rate,0.06462326160195431
prediction_encoder.conditional_hazard.horizons.0.75.precision,0.0
prediction_encoder.conditional_hazard.horizons.0.75.events,0
prediction_encoder.conditional_hazard.horizons.0.75.missed,0
prediction_encoder.conditional_hazard.horizons.0.75.detected_timing_mae_ps,
prediction_encoder.conditional_hazard.horizons.0.75.timed_within_3ps_recall,
prediction_encoder.conditional_hazard.horizons.3.0.n,643
prediction_encoder.conditional_hazard.horizons.3.0.sources,15
prediction_encoder.conditional_hazard.horizons.3.0.prevalence,0.004964157706093189
prediction_encoder.conditional_hazard.horizons.3.0.log_loss,0.03501739230974789
prediction_encoder.conditional_hazard.horizons.3.0.brier,0.008015600814784236
prediction_encoder.conditional_hazard.horizons.3.0.average_precision,0.05668056285752005
prediction_encoder.conditional_hazard.horizons.3.0.threshold,0.04319841042160988
prediction_encoder.conditional_hazard.horizons.3.0.recall,1.0
prediction_encoder.conditional_hazard.horizons.3.0.false_positive_rate,0.08345656557951747
prediction_encoder.conditional_hazard.horizons.3.0.precision,0.05640676037387778
prediction_encoder.conditional_hazard.horizons.3.0.events,3
prediction_encoder.conditional_hazard.horizons.3.0.missed,0
prediction_encoder.conditional_hazard.horizons.3.0.detected_timing_mae_ps,0.28873632769878704
prediction_encoder.conditional_hazard.horizons.3.0.timed_within_3ps_recall,1.0
prediction_encoder.conditional_hazard.horizons.6.0.n,643
prediction_encoder.conditional_hazard.horizons.6.0.sources,15
prediction_encoder.conditional_hazard.horizons.6.0.prevalence,0.012423636212083323
prediction_encoder.conditional_hazard.horizons.6.0.log_loss,0.0684490840326778
prediction_encoder.conditional_hazard.horizons.6.0.brier,0.01618990541193463
prediction_encoder.conditional_hazard.horizons.6.0.average_precision,0.08300702833944165
prediction_encoder.conditional_hazard.horizons.6.0.threshold,0.05440346151590347
prediction_encoder.conditional_hazard.horizons.6.0.recall,0.6869765966660771
prediction_encoder.conditional_hazard.horizons.6.0.false_positive_rate,0.09035534822792787
prediction_encoder.conditional_hazard.horizons.6.0.precision,0.08729631673409914
prediction_encoder.conditional_hazard.horizons.6.0.events,7
prediction_encoder.conditional_hazard.horizons.6.0.missed,2
prediction_encoder.conditional_hazard.horizons.6.0.detected_timing_mae_ps,1.233925554153346
prediction_encoder.conditional_hazard.horizons.6.0.timed_within_3ps_recall,0.7142857142857143
prediction_encoder.conditional_hazard.horizons.9.0.n,643
prediction_encoder.conditional_hazard.horizons.9.0.sources,15
prediction_encoder.conditional_hazard.horizons.9.0.prevalence,0.02264552139352361
prediction_encoder.conditional_hazard.horizons.9.0.log_loss,0.11284097618556713
prediction_encoder.conditional_hazard.horizons.9.0.brier,0.026432185124181027
prediction_encoder.conditional_hazard.horizons.9.0.average_precision,0.07660436757490476
prediction_encoder.conditional_hazard.horizons.9.0.threshold,0.12849360704421997
prediction_encoder.conditional_hazard.horizons.9.0.recall,0.4453478789398908
prediction_encoder.conditional_hazard.horizons.9.0.false_positive_rate,0.05518226003763981
prediction_encoder.conditional_hazard.horizons.9.0.precision,0.1575365071273734
prediction_encoder.conditional_hazard.horizons.9.0.events,13
prediction_encoder.conditional_hazard.horizons.9.0.missed,7
prediction_encoder.conditional_hazard.horizons.9.0.detected_timing_mae_ps,1.5899175718406964
prediction_encoder.conditional_hazard.horizons.9.0.timed_within_3ps_recall,0.38461538461538464
prediction_encoder.conditional_hazard.horizons.12.0.n,643
prediction_encoder.conditional_hazard.horizons.12.0.sources,15
prediction_encoder.conditional_hazard.horizons.12.0.prevalence,0.032479084681539046
prediction_encoder.conditional_hazard.horizons.12.0.log_loss,0.1403384255213685
prediction_encoder.conditional_hazard.horizons.12.0.brier,0.03460262750092439
prediction_encoder.conditional_hazard.horizons.12.0.average_precision,0.1167297832635956
prediction_encoder.conditional_hazard.horizons.12.0.threshold,0.15512457489967346
prediction_encoder.conditional_hazard.horizons.12.0.recall,0.4312530259051907
prediction_encoder.conditional_hazard.horizons.12.0.false_positive_rate,0.054762686538893476
prediction_encoder.conditional_hazard.horizons.12.0.precision,0.20908414868818348
prediction_encoder.conditional_hazard.horizons.12.0.events,18
prediction_encoder.conditional_hazard.horizons.12.0.missed,11
prediction_encoder.conditional_hazard.horizons.12.0.detected_timing_mae_ps,2.6148951583794826
prediction_encoder.conditional_hazard.horizons.12.0.timed_within_3ps_recall,0.2222222222222222
prediction_encoder.temporal_response.low_change_threshold,1.2580139935016632
prediction_encoder.temporal_response.high_change_threshold,4.198172450065613
prediction_encoder.temporal_response.domains.all.pairs,720
prediction_encoder.temporal_response.domains.all.quiet,103
prediction_encoder.temporal_response.domains.all.changed,176
prediction_encoder.temporal_response.domains.all.change_distance_spearman,0.584621594563261
prediction_encoder.temporal_response.domains.all.response_auc,0.9087599293909975
prediction_encoder.temporal_response.domains.all.quiet_normalized_distance,0.3017047390965722
prediction_encoder.temporal_response.domains.all.changed_normalized_distance,1.048297107683732
prediction_encoder.temporal_response.domains.both_PTM_other.pairs,437
prediction_encoder.temporal_response.domains.both_PTM_other.quiet,15
prediction_encoder.temporal_response.domains.both_PTM_other.changed,67
prediction_encoder.temporal_response.domains.both_PTM_other.change_distance_spearman,0.21322345018662955
prediction_encoder.temporal_response.domains.both_PTM_other.response_auc,0.7482587064676617
prediction_encoder.temporal_response.domains.both_PTM_other.quiet_normalized_distance,0.3041253205991077
prediction_encoder.temporal_response.domains.both_PTM_other.changed_normalized_distance,0.4691561005619005
prediction_projector.future_residual_9ps.groups.all.rows,960
prediction_projector.future_residual_9ps.groups.all.sources,15
prediction_projector.future_residual_9ps.groups.all.mse,1.336394803999671
prediction_projector.future_residual_9ps.groups.PTM_other.rows,686
prediction_projector.future_residual_9ps.groups.PTM_other.sources,15
prediction_projector.future_residual_9ps.groups.PTM_other.mse,1.729099327245184
prediction_projector.future_residual_9ps.groups.PTM_crystalline.rows,274
prediction_projector.future_residual_9ps.groups.PTM_crystalline.sources,13
prediction_projector.future_residual_9ps.groups.PTM_crystalline.mse,0.623330805375731
prediction_projector.future_residual_9ps.groups.T400.rows,192
prediction_projector.future_residual_9ps.groups.T400.sources,3
prediction_projector.future_residual_9ps.groups.T400.mse,1.4920063482131807
prediction_projector.future_residual_9ps.groups.T450.rows,192
prediction_projector.future_residual_9ps.groups.T450.sources,3
prediction_projector.future_residual_9ps.groups.T450.mse,1.2939691908153084
prediction_projector.future_residual_9ps.groups.T500.rows,192
prediction_projector.future_residual_9ps.groups.T500.sources,3
prediction_projector.future_residual_9ps.groups.T500.mse,1.1940814795088954
prediction_projector.future_residual_9ps.groups.T510.rows,192
prediction_projector.future_residual_9ps.groups.T510.sources,3
prediction_projector.future_residual_9ps.groups.T510.mse,1.2080238374449739
prediction_projector.future_residual_9ps.groups.T520.rows,192
prediction_projector.future_residual_9ps.groups.T520.sources,3
prediction_projector.future_residual_9ps.groups.T520.mse,1.4938931640159958
prediction_projector.future_residual_9ps.per_source.876,1.2777631282806396
prediction_projector.future_residual_9ps.per_source.878,1.7704412937164307
prediction_projector.future_residual_9ps.per_source.879,1.4334750175476074
prediction_projector.future_residual_9ps.per_source.902,1.5410051345825195
prediction_projector.future_residual_9ps.per_source.903,1.407902717590332
prediction_projector.future_residual_9ps.per_source.906,1.5271111726760864
prediction_projector.future_residual_9ps.per_source.935,1.5903910398483276
prediction_projector.future_residual_9ps.per_source.936,1.3272371292114258
prediction_projector.future_residual_9ps.per_source.937,0.9642795324325562
prediction_projector.future_residual_9ps.per_source.963,0.6644986867904663
prediction_projector.future_residual_9ps.per_source.965,1.510857105255127
prediction_projector.future_residual_9ps.per_source.967,1.406888723373413
prediction_projector.future_residual_9ps.per_source.992,0.6917022466659546
prediction_projector.future_residual_9ps.per_source.994,1.2651968002319336
prediction_projector.future_residual_9ps.per_source.997,1.6671726703643799
prediction_projector.residual_constant.groups.all.rows,960
prediction_projector.residual_constant.groups.all.sources,15
prediction_projector.residual_constant.groups.all.mse,1.332023421890335
prediction_projector.residual_constant.groups.PTM_other.rows,686
prediction_projector.residual_constant.groups.PTM_other.sources,15
prediction_projector.residual_constant.groups.PTM_other.mse,1.7201624557924204
prediction_projector.residual_constant.groups.PTM_crystalline.rows,274
prediction_projector.residual_constant.groups.PTM_crystalline.sources,13
prediction_projector.residual_constant.groups.PTM_crystalline.mse,0.6290717859534679
prediction_projector.residual_constant.groups.T400.rows,192
prediction_projector.residual_constant.groups.T400.sources,3
prediction_projector.residual_constant.groups.T400.mse,1.4719453435391188
prediction_projector.residual_constant.groups.T450.rows,192
prediction_projector.residual_constant.groups.T450.sources,3
prediction_projector.residual_constant.groups.T450.mse,1.296212443509527
prediction_projector.residual_constant.groups.T500.rows,192
prediction_projector.residual_constant.groups.T500.sources,3
prediction_projector.residual_constant.groups.T500.mse,1.1845963720988948
prediction_projector.residual_constant.groups.T510.rows,192
prediction_projector.residual_constant.groups.T510.sources,3
prediction_projector.residual_constant.groups.T510.mse,1.227402587159304
prediction_projector.residual_constant.groups.T520.rows,192
prediction_projector.residual_constant.groups.T520.sources,3
prediction_projector.residual_constant.groups.T520.mse,1.479960363144831
prediction_projector.residual_constant.per_source.876,1.2510082721710205
prediction_projector.residual_constant.per_source.878,1.784614086151123
prediction_projector.residual_constant.per_source.879,1.4042587280273438
prediction_projector.residual_constant.per_source.902,1.5010030269622803
prediction_projector.residual_constant.per_source.903,1.3775594234466553
prediction_projector.residual_constant.per_source.906,1.537273645401001
prediction_projector.residual_constant.per_source.935,1.6242361068725586
prediction_projector.residual_constant.per_source.936,1.31929349899292
prediction_projector.residual_constant.per_source.937,0.9451076984405518
prediction_projector.residual_constant.per_source.963,0.6611502170562744
prediction_projector.residual_constant.per_source.965,1.5156984329223633
prediction_projector.residual_constant.per_source.967,1.3769402503967285
prediction_projector.residual_constant.per_source.992,0.6967796087265015
prediction_projector.residual_constant.per_source.994,1.2939176559448242
prediction_projector.residual_constant.per_source.997,1.6915104389190674
prediction_projector.conditional_hazard.rows,643
prediction_projector.conditional_hazard.events_12ps,18
prediction_projector.conditional_hazard.nll,0.1863007109493144
prediction_projector.conditional_hazard.best_step,128
prediction_projector.conditional_hazard.tuning_nll,0.24541208070674222
prediction_projector.conditional_hazard.per_source.876,0.038439277559518814
prediction_projector.conditional_hazard.per_source.878,0.11049944907426834
prediction_projector.conditional_hazard.per_source.879,0.020078541710972786
prediction_projector.conditional_hazard.per_source.902,0.020523447543382645
prediction_projector.conditional_hazard.per_source.903,0.021926486864686012
prediction_projector.conditional_hazard.per_source.906,0.0401264950633049
prediction_projector.conditional_hazard.per_source.935,0.4138575494289398
prediction_projector.conditional_hazard.per_source.936,0.24735872447490692
prediction_projector.conditional_hazard.per_source.937,0.16578473150730133
prediction_projector.conditional_hazard.per_source.963,0.10481996834278107
prediction_projector.conditional_hazard.per_source.965,0.5705103278160095
prediction_projector.conditional_hazard.per_source.967,0.3308872580528259
prediction_projector.conditional_hazard.per_source.992,0.2052776962518692
prediction_projector.conditional_hazard.per_source.994,0.18380866944789886
prediction_projector.conditional_hazard.per_source.997,0.3206120431423187
prediction_projector.conditional_hazard.horizons.0.75.n,643
prediction_projector.conditional_hazard.horizons.0.75.sources,15
prediction_projector.conditional_hazard.horizons.0.75.prevalence,0.0
prediction_projector.conditional_hazard.horizons.0.75.log_loss,0.008611923502494729
prediction_projector.conditional_hazard.horizons.0.75.brier,0.0015956369808222597
prediction_projector.conditional_hazard.horizons.0.75.average_precision,
prediction_projector.conditional_hazard.horizons.0.75.threshold,0.015396508388221264
prediction_projector.conditional_hazard.horizons.0.75.recall,
prediction_projector.conditional_hazard.horizons.0.75.false_positive_rate,0.050635952015533184
prediction_projector.conditional_hazard.horizons.0.75.precision,0.0
prediction_projector.conditional_hazard.horizons.0.75.events,0
prediction_projector.conditional_hazard.horizons.0.75.missed,0
prediction_projector.conditional_hazard.horizons.0.75.detected_timing_mae_ps,
prediction_projector.conditional_hazard.horizons.0.75.timed_within_3ps_recall,
prediction_projector.conditional_hazard.horizons.3.0.n,643
prediction_projector.conditional_hazard.horizons.3.0.sources,15
prediction_projector.conditional_hazard.horizons.3.0.prevalence,0.004964157706093189
prediction_projector.conditional_hazard.horizons.3.0.log_loss,0.03952868527068909
prediction_projector.conditional_hazard.horizons.3.0.brier,0.009369356875369484
prediction_projector.conditional_hazard.horizons.3.0.average_precision,0.0656491767147345
prediction_projector.conditional_hazard.horizons.3.0.threshold,0.06748592853546143
prediction_projector.conditional_hazard.horizons.3.0.recall,0.21660649819494587
prediction_projector.conditional_hazard.horizons.3.0.false_positive_rate,0.0758984667049356
prediction_projector.conditional_hazard.horizons.3.0.precision,0.014038008390621833
prediction_projector.conditional_hazard.horizons.3.0.events,3
prediction_projector.conditional_hazard.horizons.3.0.missed,2
prediction_projector.conditional_hazard.horizons.3.0.detected_timing_mae_ps,0.5290418760904643
prediction_projector.conditional_hazard.horizons.3.0.timed_within_3ps_recall,0.3333333333333333
prediction_projector.conditional_hazard.horizons.6.0.n,643
prediction_projector.conditional_hazard.horizons.6.0.sources,15
prediction_projector.conditional_hazard.horizons.6.0.prevalence,0.012423636212083323
prediction_projector.conditional_hazard.horizons.6.0.log_loss,0.07077230273570471
prediction_projector.conditional_hazard.horizons.6.0.brier,0.016726796881261715
prediction_projector.conditional_hazard.horizons.6.0.average_precision,0.11567046542862432
prediction_projector.conditional_hazard.horizons.6.0.threshold,0.10892914980649948
prediction_projector.conditional_hazard.horizons.6.0.recall,0.508106080475264
prediction_projector.conditional_hazard.horizons.6.0.false_positive_rate,0.06880438415700797
prediction_projector.conditional_hazard.horizons.6.0.precision,0.08500331081794377
prediction_projector.conditional_hazard.horizons.6.0.events,7
prediction_projector.conditional_hazard.horizons.6.0.missed,3
prediction_projector.conditional_hazard.horizons.6.0.detected_timing_mae_ps,1.296359433970692
prediction_projector.conditional_hazard.horizons.6.0.timed_within_3ps_recall,0.5714285714285714
prediction_projector.conditional_hazard.horizons.9.0.n,643
prediction_projector.conditional_hazard.horizons.9.0.sources,15
prediction_projector.conditional_hazard.horizons.9.0.prevalence,0.02264552139352361
prediction_projector.conditional_hazard.horizons.9.0.log_loss,0.1098297557965059
prediction_projector.conditional_hazard.horizons.9.0.brier,0.026136133890468136
prediction_projector.conditional_hazard.horizons.9.0.average_precision,0.10943566444940073
prediction_projector.conditional_hazard.horizons.9.0.threshold,0.10940971970558167
prediction_projector.conditional_hazard.horizons.9.0.recall,0.4453478789398908
prediction_projector.conditional_hazard.horizons.9.0.false_positive_rate,0.0710068459293433
prediction_projector.conditional_hazard.horizons.9.0.precision,0.126882589032471
prediction_projector.conditional_hazard.horizons.9.0.events,13
prediction_projector.conditional_hazard.horizons.9.0.missed,7
prediction_projector.conditional_hazard.horizons.9.0.detected_timing_mae_ps,2.1592801477563612
prediction_projector.conditional_hazard.horizons.9.0.timed_within_3ps_recall,0.38461538461538464
prediction_projector.conditional_hazard.horizons.12.0.n,643
prediction_projector.conditional_hazard.horizons.12.0.sources,15
prediction_projector.conditional_hazard.horizons.12.0.prevalence,0.032479084681539046
prediction_projector.conditional_hazard.horizons.12.0.log_loss,0.136634522984453
prediction_projector.conditional_hazard.horizons.12.0.brier,0.03426344458976276
prediction_projector.conditional_hazard.horizons.12.0.average_precision,0.17126803479261005
prediction_projector.conditional_hazard.horizons.12.0.threshold,0.1127622202038765
prediction_projector.conditional_hazard.horizons.12.0.recall,0.4312530259051907
prediction_projector.conditional_hazard.horizons.12.0.false_positive_rate,0.0741286445650522
prediction_projector.conditional_hazard.horizons.12.0.precision,0.16338593796218423
prediction_projector.conditional_hazard.horizons.12.0.events,18
prediction_projector.conditional_hazard.horizons.12.0.missed,11
prediction_projector.conditional_hazard.horizons.12.0.detected_timing_mae_ps,2.621530452823626
prediction_projector.conditional_hazard.horizons.12.0.timed_within_3ps_recall,0.2222222222222222
prediction_projector.temporal_response.low_change_threshold,1.2580139935016632
prediction_projector.temporal_response.high_change_threshold,4.198172450065613
prediction_projector.temporal_response.domains.all.pairs,720
prediction_projector.temporal_response.domains.all.quiet,103
prediction_projector.temporal_response.domains.all.changed,176
prediction_projector.temporal_response.domains.all.change_distance_spearman,0.5847795809791299
prediction_projector.temporal_response.domains.all.response_auc,0.9143865842894969
prediction_projector.temporal_response.domains.all.quiet_normalized_distance,0.2616191691467265
prediction_projector.temporal_response.domains.all.changed_normalized_distance,1.00561341007208
prediction_projector.temporal_response.domains.both_PTM_other.pairs,437
prediction_projector.temporal_response.domains.both_PTM_other.quiet,15
prediction_projector.temporal_response.domains.both_PTM_other.changed,67
prediction_projector.temporal_response.domains.both_PTM_other.change_distance_spearman,0.24261843334697455
prediction_projector.temporal_response.domains.both_PTM_other.response_auc,0.7522388059701492
prediction_projector.temporal_response.domains.both_PTM_other.quiet_normalized_distance,0.2738669024409273
prediction_projector.temporal_response.domains.both_PTM_other.changed_normalized_distance,0.5509344921220448
