left,right,readout,population,metric,seeds,value,ci95_low,ci95_high,sources
B,A,joint,all,present/block_mean,3,-0.0001407224512486537,-0.0018397866430071442,0.0017307722833249041,30
B,A,joint,all,present/bond_order,3,0.0025228302511903973,-0.004237099205040269,0.008756378048823933,30
B,A,joint,all,present/instantaneous_TDA_H0,3,0.0014660506612724732,-0.003691145454843839,0.006864704903629085,30
B,A,joint,all,present/instantaneous_TDA_H1,3,-0.002411916603644689,-0.006314249719596572,0.0015060552509708518,30
B,A,joint,all,present/instantaneous_TDA_H2,3,-0.004034200041658349,-0.005898808375932278,-0.0020889731589704766,30
B,A,joint,all,present/motion_even,3,0.0021011567778057524,-0.0027756980309883755,0.007155315809779693,30
B,A,joint,all,present/motion_odd,3,-0.0004882557524575129,-0.0020476901614003705,0.0010840679042869142,30
B,A,joint,all,temporal/0.75ps/covariance_trace,3,0.39490363962120484,0.193334567948348,0.6219335000548097,30
B,A,joint,all,temporal/0.75ps/increment_p95,3,0.044743700424830106,0.005022011934469127,0.0781522695219351,30
B,A,joint,all,temporal/0.75ps/increment_rms,3,0.018715024325582717,-0.004384695788224539,0.04065300947262181,30
B,A,joint,all,temporal/0.75ps/normalized_rms_jump,3,-0.0276733576674401,-0.04499311633578435,-0.012374949339172032,30
B,A,joint,low_order,present/block_mean,3,-0.00034949770258143345,-0.0027325673820146625,0.0021086009581469793,17
B,A,joint,low_order,present/bond_order,3,0.003262678636055366,-0.007843803767772283,0.012436941119970056,17
B,A,joint,low_order,present/instantaneous_TDA_H0,3,-0.0024587333786721326,-0.010947599068430125,0.005528082862934643,17
B,A,joint,low_order,present/instantaneous_TDA_H1,3,-0.0020638496852388574,-0.008213506463695973,0.003909330267240019,17
B,A,joint,low_order,present/instantaneous_TDA_H2,3,-0.004285406832601511,-0.00701260715175201,-0.0009832683238474769,17
B,A,joint,low_order,present/motion_even,3,0.003716486341813031,-0.005296420349794276,0.012793863637774596,17
B,A,joint,low_order,present/motion_odd,3,-0.00026816129684448253,-0.003097511345849318,0.002447553957794227,17
B,A,joint,low_order,temporal/0.75ps/covariance_trace,3,0.054706026179095105,0.011725249552788836,0.10189535925164818,16
B,A,joint,low_order,temporal/0.75ps/increment_p95,3,0.030940371006727196,-0.03397653420766197,0.09074476457977039,16
B,A,joint,low_order,temporal/0.75ps/increment_rms,3,0.00212685950100422,-0.03693391665195425,0.03820949139383929,16
B,A,joint,low_order,temporal/0.75ps/normalized_rms_jump,3,-0.027032123202980398,-0.05607665594155604,-0.0022515191836495535,16
B,A,linear,all,delta/0.75ps/block_mean,3,0.003334660455584526,0.002273599862086558,0.004365878469931582,30
B,A,linear,all,delta/0.75ps/bond_order,3,0.0022563105656041036,0.001513621917822295,0.0031761496441645746,30
B,A,linear,all,delta/0.75ps/instantaneous_TDA_H0,3,0.0025005631148815157,0.0011205734954112107,0.003949988792753881,30
B,A,linear,all,delta/0.75ps/instantaneous_TDA_H1,3,0.00010767098930146957,-0.00020593554402391118,0.00041468621335095815,30
B,A,linear,all,delta/0.75ps/instantaneous_TDA_H2,3,0.0005350477993488311,9.241542882389491e-05,0.000974917989224195,30
B,A,linear,all,delta/0.75ps/motion_even,3,0.00622418655289544,0.0018077699840068817,0.011040328592061995,30
B,A,linear,all,delta/0.75ps/motion_odd,3,0.008384183711475795,0.004436711942156156,0.01195004739695125,30
B,A,linear,all,delta/3ps/block_mean,3,0.0020415448825116503,-0.0014299603524031434,0.005639614186732585,30
B,A,linear,all,delta/3ps/bond_order,3,-0.0008804507553577422,-0.0018402992489023342,-3.7969385998116915e-05,30
B,A,linear,all,delta/3ps/instantaneous_TDA_H0,3,-0.005634899437427521,-0.010573573567801052,-0.0012494049924943187,30
B,A,linear,all,delta/3ps/instantaneous_TDA_H1,3,-0.00032005773650275326,-0.0009565389528870583,0.00021943776764803396,30
B,A,linear,all,delta/3ps/instantaneous_TDA_H2,3,-0.00014546335571342044,-0.0004902991466224193,0.00022011978758705987,30
B,A,linear,all,delta/3ps/motion_even,3,0.011646558178795709,0.004831966012716293,0.018271763010157475,30
B,A,linear,all,delta/3ps/motion_odd,3,0.007583582401275633,-0.007894724243217046,0.023857152544789838,30
B,A,linear,all,delta/9ps/block_mean,3,0.0013368095271289334,-0.0006469601144393297,0.003478478276670956,30
B,A,linear,all,delta/9ps/bond_order,3,0.0017914008556140792,0.000316340948144595,0.0033824645163905267,30
B,A,linear,all,delta/9ps/instantaneous_TDA_H0,3,-0.002090699805153741,-0.005624572411179543,0.0011878534696168357,30
B,A,linear,all,delta/9ps/instantaneous_TDA_H1,3,0.0012424899472130671,3.68168805208471e-05,0.002747177059451738,30
B,A,linear,all,delta/9ps/instantaneous_TDA_H2,3,0.001874584663245413,0.00037889423987103835,0.0033339406715499017,30
B,A,linear,all,delta/9ps/motion_even,3,0.00011759201685587552,-0.006502157929870817,0.006410762866338087,30
B,A,linear,all,delta/9ps/motion_odd,3,0.005085489484998915,-0.005813707278834448,0.014637454234891465,30
B,A,linear,all,future/0.75ps/block_mean,3,0.006055492997445441,0.0011025972633312122,0.011360215545390493,30
B,A,linear,all,future/0.75ps/bond_order,3,0.006407714717917972,-5.012586298916003e-05,0.01266315321955416,30
B,A,linear,all,future/0.75ps/instantaneous_TDA_H0,3,0.007067998333109751,0.001180064017987913,0.01361396687519219,30
B,A,linear,all,future/0.75ps/instantaneous_TDA_H1,3,-0.003921928256750107,-0.009364055720054443,0.0014861418762140768,30
B,A,linear,all,future/0.75ps/instantaneous_TDA_H2,3,-0.005687268202503521,-0.008610682857947216,-0.0029085490262756764,30
B,A,linear,all,future/0.75ps/motion_even,3,0.0037944051954481336,-0.005771020700534185,0.013394621660312009,30
B,A,linear,all,future/0.75ps/motion_odd,3,0.028672036197450426,0.011253220447235637,0.04696984156966209,30
B,A,linear,all,future/3ps/block_mean,3,0.0005426690948230221,-0.001734022803742575,0.003003569988671821,30
B,A,linear,all,future/3ps/bond_order,3,0.00530908919043011,-0.001289320045875178,0.011819139168494273,30
B,A,linear,all,future/3ps/instantaneous_TDA_H0,3,0.0018309372994634843,-0.001764893308281898,0.005643006401757397,30
B,A,linear,all,future/3ps/instantaneous_TDA_H1,3,-0.003988557101951704,-0.008666560816475087,0.0007156936824321738,30
B,A,linear,all,future/3ps/instantaneous_TDA_H2,3,-0.004623263453443845,-0.008106746276219686,-0.0013456495385617045,30
B,A,linear,all,future/3ps/motion_even,3,0.0022391209999720256,-0.005543703221612506,0.0103368747813834,30
B,A,linear,all,future/3ps/motion_odd,3,0.0024886876344680786,-0.003973900584710968,0.008787546431024869,30
B,A,linear,all,future/9ps/block_mean,3,-0.0009734892527814294,-0.004103473941795532,0.002411095405825302,30
B,A,linear,all,future/9ps/bond_order,3,0.003677824801868862,-0.0006034564475218454,0.007923205606639385,30
B,A,linear,all,future/9ps/instantaneous_TDA_H0,3,0.0023332850800620183,-0.0015916518121957786,0.006388581144726939,30
B,A,linear,all,future/9ps/instantaneous_TDA_H1,3,-0.004272799152466987,-0.010828294089684883,0.002421180523104136,30
B,A,linear,all,future/9ps/instantaneous_TDA_H2,3,-0.005616447081168491,-0.010114369131624697,-0.0015739949482182689,30
B,A,linear,all,future/9ps/motion_even,3,0.0012893491321139866,-0.013587941808833019,0.015252286957369894,30
B,A,linear,all,future/9ps/motion_odd,3,-0.0032521482970979477,-0.008105648921595678,0.0009933189799388232,30
B,A,linear,all,path/0.75ps/mean_std_qbar6,3,0.001718174573034048,-0.0008621248265262693,0.004173389736356005,30
B,A,linear,all,path/3ps/mean_std_qbar6,3,0.0018724618298518987,-0.00041339428636193675,0.00413930261928019,30
B,A,linear,all,path/9ps/mean_std_qbar6,3,0.005086834904634291,0.002130821625469253,0.008053474963461565,30
B,A,linear,all,present/block_mean,3,0.0010177921089861075,-0.0016643726625652272,0.0041163910416610276,30
B,A,linear,all,present/bond_order,3,0.006302400595611995,-0.00019050984332958865,0.01263927770985497,30
B,A,linear,all,present/instantaneous_TDA_H0,3,0.005483968638711505,0.0007046469797690714,0.010490154369423785,30
B,A,linear,all,present/instantaneous_TDA_H1,3,-0.004603702285223537,-0.009134683234410156,0.00027831954571107075,30
B,A,linear,all,present/instantaneous_TDA_H2,3,-0.007200365389386814,-0.010437983960534135,-0.003744879001751543,30
B,A,linear,all,present/motion_even,3,0.004847659998469883,0.000253404643800524,0.009745600587791866,30
B,A,linear,all,present/motion_odd,3,0.0012767910957336437,-0.010506926137540073,0.012780481270617908,30
B,A,linear,all,temporal/0.75ps/covariance_trace,3,0.394903645084964,0.19625462649804024,0.6386758258566256,30
B,A,linear,all,temporal/0.75ps/increment_p95,3,0.04474369453059301,0.0054457931973867875,0.07754719000806409,30
B,A,linear,all,temporal/0.75ps/increment_rms,3,0.018715015053749083,-0.0040929652584923626,0.03982784897089005,30
B,A,linear,all,temporal/0.75ps/normalized_rms_jump,3,-0.02767337004326644,-0.044626939900222914,-0.01192502160085507,30
B,A,linear,at_risk,hazard/bin0/brier,3,-0.00952010926878049,-0.02022889969451095,-0.0017610769247691394,24
B,A,linear,at_risk,hazard/bin1/brier,3,-0.014613627171557808,-0.02951864338180409,-0.003641351404924842,24
B,A,linear,at_risk,hazard/bin2/brier,3,-0.014536763665091712,-0.02638495142746251,-0.004426465571689037,24
B,A,linear,at_risk,hazard/nll,3,-0.051132036191928715,-0.10471265311740958,-0.007665259621959804,24
B,A,linear,low_order,delta/0.75ps/block_mean,3,0.00217867464898458,-0.0026784847545273174,0.005459653915460015,17
B,A,linear,low_order,delta/0.75ps/bond_order,3,0.003054975002419715,0.0018059787066543804,0.004465073018389589,17
B,A,linear,low_order,delta/0.75ps/instantaneous_TDA_H0,3,0.0029691958836480688,4.9853774116320123e-05,0.005579081046230652,17
B,A,linear,low_order,delta/0.75ps/instantaneous_TDA_H1,3,3.86476224544001e-05,-0.0004843637822013276,0.0005347473875564686,17
B,A,linear,low_order,delta/0.75ps/instantaneous_TDA_H2,3,8.646603308471977e-05,-0.0005500990970461976,0.0007372626706081275,17
B,A,linear,low_order,delta/0.75ps/motion_even,3,-0.0024380391719294515,-0.0293124516805013,0.01491724278996972,17
B,A,linear,low_order,delta/0.75ps/motion_odd,3,0.00936080252423006,0.005175191923683765,0.013648452536732542,17
B,A,linear,low_order,delta/3ps/block_mean,3,-0.0005445451615682653,-0.005681893256267696,0.004938206207494136,17
B,A,linear,low_order,delta/3ps/bond_order,3,-0.0015235839813363319,-0.003034523432599563,-5.972169924015985e-06,17
B,A,linear,low_order,delta/3ps/instantaneous_TDA_H0,3,-0.014141128928053614,-0.020464454065350926,-0.007742726963524725,17
B,A,linear,low_order,delta/3ps/instantaneous_TDA_H1,3,-0.0007572597732730939,-0.0017943225837513512,0.000229919416939511,17
B,A,linear,low_order,delta/3ps/instantaneous_TDA_H2,3,2.919897144916015e-06,-0.0005381720980592802,0.000609251517145072,17
B,A,linear,low_order,delta/3ps/motion_even,3,0.00534747453296886,-0.011908526090430279,0.01967733173685913,17
B,A,linear,low_order,delta/3ps/motion_odd,3,0.007804307283139696,-0.016409211912575893,0.03335115091473448,17
B,A,linear,low_order,delta/9ps/block_mean,3,-0.0013056076770904027,-0.006879561924028623,0.003391428444583221,17
B,A,linear,low_order,delta/9ps/bond_order,3,0.0018198344053006641,-0.002019899543009552,0.005137711398157419,17
B,A,linear,low_order,delta/9ps/instantaneous_TDA_H0,3,-0.006581759482037788,-0.011732428798488542,-0.0013931874624070004,17
B,A,linear,low_order,delta/9ps/instantaneous_TDA_H1,3,0.0021552925600725067,-0.0003929686020402346,0.004897706327485101,17
B,A,linear,low_order,delta/9ps/instantaneous_TDA_H2,3,0.002222298918401494,-0.000605135091452622,0.004761869442083087,17
B,A,linear,low_order,delta/9ps/motion_even,3,-0.008021018084357767,-0.02683334064249899,0.008370218791213685,17
B,A,linear,low_order,delta/9ps/motion_odd,3,0.0005717056200784792,-0.0172663384354582,0.017102071763399757,17
B,A,linear,low_order,future/0.75ps/block_mean,3,0.011908631029179675,0.0042553606038316615,0.019686979589849895,17
B,A,linear,low_order,future/0.75ps/bond_order,3,0.01587301127466501,0.00696131727639951,0.02315174451134368,17
B,A,linear,low_order,future/0.75ps/instantaneous_TDA_H0,3,0.002319443605694117,-0.012512187265297944,0.015529472490443882,17
B,A,linear,low_order,future/0.75ps/instantaneous_TDA_H1,3,0.004406471024541293,-0.0026688579360351844,0.011203445260431233,17
B,A,linear,low_order,future/0.75ps/instantaneous_TDA_H2,3,-0.0033649136768836604,-0.006917618410479203,0.0005971500978750339,17
B,A,linear,low_order,future/0.75ps/motion_even,3,-0.002805938907698088,-0.0197915798016623,0.014089016879306053,17
B,A,linear,low_order,future/0.75ps/motion_odd,3,0.05502371285475937,0.022086267202508215,0.08425491040243822,17
B,A,linear,low_order,future/3ps/block_mean,3,0.0016241845814815462,-0.002468651344731846,0.005533290189368266,17
B,A,linear,low_order,future/3ps/bond_order,3,0.015023171025163987,0.006820189507276405,0.022495674108173328,17
B,A,linear,low_order,future/3ps/instantaneous_TDA_H0,3,-0.0022994932152476965,-0.005865441702817584,0.0011800333090564777,17
B,A,linear,low_order,future/3ps/instantaneous_TDA_H1,3,0.004545472854492711,-0.0018119698098185014,0.011469708017858802,17
B,A,linear,low_order,future/3ps/instantaneous_TDA_H2,3,-0.00040827121804742233,-0.006810653848829224,0.0060790469249089474,17
B,A,linear,low_order,future/3ps/motion_even,3,-0.00815902504266477,-0.03098228068328371,0.010812360340473693,17
B,A,linear,low_order,future/3ps/motion_odd,3,0.0010432530851925117,-0.002998368091443006,0.004684667756744458,17
B,A,linear,low_order,future/9ps/block_mean,3,-0.0008175216700419118,-0.006010902103407955,0.004859881145648313,17
B,A,linear,low_order,future/9ps/bond_order,3,0.009629108742171641,0.003925226343905224,0.014830241637194855,17
B,A,linear,low_order,future/9ps/instantaneous_TDA_H0,3,-0.0013932880087226046,-0.0064300869901975,0.0031039725240393,17
B,A,linear,low_order,future/9ps/instantaneous_TDA_H1,3,0.003947142438561308,-0.003519286350438408,0.01193886601238274,17
B,A,linear,low_order,future/9ps/instantaneous_TDA_H2,3,-0.0030387282444565905,-0.008029432623994116,0.002110795834667834,17
B,A,linear,low_order,future/9ps/motion_even,3,-0.0037138082233129756,-0.03029125880669145,0.02149865770456837,17
B,A,linear,low_order,future/9ps/motion_odd,3,-0.010335556724492241,-0.017125664768265745,-0.003964893907016401,17
B,A,linear,low_order,path/0.75ps/mean_std_qbar6,3,0.002970007102133012,-0.0025725269037317113,0.007698753308596126,17
B,A,linear,low_order,path/3ps/mean_std_qbar6,3,0.0029444397500186575,-0.0017090259172369306,0.006987912977096058,17
B,A,linear,low_order,path/9ps/mean_std_qbar6,3,0.008674760504315298,0.0030991826510038604,0.013254743797120216,17
B,A,linear,low_order,present/block_mean,3,0.003608983703980253,-0.0005315447052685056,0.007850814806723505,17
B,A,linear,low_order,present/bond_order,3,0.0173204402421035,0.010781372667235485,0.022597237333070997,17
B,A,linear,low_order,present/instantaneous_TDA_H0,3,0.000699728873430513,-0.005843352719995322,0.0070840530499231575,17
B,A,linear,low_order,present/instantaneous_TDA_H1,3,0.003000131424735574,-0.0018390067980862135,0.007916786872288759,17
B,A,linear,low_order,present/instantaneous_TDA_H2,3,-0.003011658276413001,-0.007886773373420333,0.0018685772613275223,17
B,A,linear,low_order,present/motion_even,3,0.0034477219862096456,-0.0015711296422808772,0.008267551251486229,17
B,A,linear,low_order,present/motion_odd,3,0.0001975379738153185,-0.020701773362416846,0.02117229983502741,17
B,A,linear,low_order,temporal/0.75ps/covariance_trace,3,0.054706017331530646,0.012342497361047814,0.10459900769637896,16
B,A,linear,low_order,temporal/0.75ps/increment_p95,3,0.03094035722315309,-0.035711922291666295,0.08677135026237608,16
B,A,linear,low_order,temporal/0.75ps/increment_rms,3,0.0021268377701441467,-0.03712567375041544,0.037850106942156944,16
B,A,linear,low_order,temporal/0.75ps/normalized_rms_jump,3,-0.02703214955924465,-0.05573734423937343,-0.0013582030670463883,16
B,A,nonlinear,all,delta/0.75ps/block_mean,3,0.0014917734596464412,0.00011465745029489475,0.0028287041021717923,30
B,A,nonlinear,all,delta/0.75ps/bond_order,3,0.0009465002765258155,0.0003647503401670191,0.001567062280244297,30
B,A,nonlinear,all,delta/0.75ps/instantaneous_TDA_H0,3,0.00265307327111562,0.001457924366825157,0.0039518469861812055,30
B,A,nonlinear,all,delta/0.75ps/instantaneous_TDA_H1,3,0.00017005436950259738,-0.0002999075667725669,0.000620877183973789,30
B,A,nonlinear,all,delta/0.75ps/instantaneous_TDA_H2,3,-0.000645501787463824,-0.0008335055659214656,-0.00045020756622155504,30
B,A,nonlinear,all,delta/0.75ps/motion_even,3,0.0073032418886820475,0.0018839674691359207,0.01254983173476325,30
B,A,nonlinear,all,delta/0.75ps/motion_odd,3,-0.001476727260483636,-0.00801686073342959,0.0046570472005340756,30
B,A,nonlinear,all,delta/3ps/block_mean,3,0.0022572438301587537,0.00031941013065753346,0.004341176984900677,30
B,A,nonlinear,all,delta/3ps/bond_order,3,0.0014835263085034157,0.00048713725111964673,0.0025233869544333885,30
B,A,nonlinear,all,delta/3ps/instantaneous_TDA_H0,3,0.0006678394145435758,-0.0008073863511284192,0.0022003344363636444,30
B,A,nonlinear,all,delta/3ps/instantaneous_TDA_H1,3,-0.0003858389125929938,-0.001431707808127006,0.0005447418511741691,30
B,A,nonlinear,all,delta/3ps/instantaneous_TDA_H2,3,-0.0007378431657950082,-0.0012022524865137204,-0.00030369825247261267,30
B,A,nonlinear,all,delta/3ps/motion_even,3,0.017197693718804252,0.006489723142650393,0.027580765651332002,30
B,A,nonlinear,all,delta/3ps/motion_odd,3,-0.0046819143825107155,-0.013001674794488483,0.003347923689418368,30
B,A,nonlinear,all,delta/9ps/block_mean,3,0.0001786215196329252,-0.002221649082256817,0.0026136202243570695,30
B,A,nonlinear,all,delta/9ps/bond_order,3,0.00038990016198820545,-0.0007481705371497406,0.0015149457504351922,30
B,A,nonlinear,all,delta/9ps/instantaneous_TDA_H0,3,-0.0011198758251137204,-0.003346819765865803,0.0010289049334824079,30
B,A,nonlinear,all,delta/9ps/instantaneous_TDA_H1,3,-0.0008645530376169419,-0.0019381321076717645,0.00019020974015196115,30
B,A,nonlinear,all,delta/9ps/instantaneous_TDA_H2,3,-0.0009624603721830581,-0.001968163469185432,1.5017870399686742e-05,30
B,A,nonlinear,all,delta/9ps/motion_even,3,0.013835924201541476,0.005269927200343874,0.02275152282582388,30
B,A,nonlinear,all,delta/9ps/motion_odd,3,-0.010207206010818481,-0.018003204696708252,-0.0021831925875610784,30
B,A,nonlinear,all,future/0.75ps/block_mean,3,0.002493015897494777,-0.002147442149343312,0.006969428354598302,30
B,A,nonlinear,all,future/0.75ps/bond_order,3,-0.007844531287749607,-0.015100385519779389,-0.00012467470020055936,30
B,A,nonlinear,all,future/0.75ps/instantaneous_TDA_H0,3,0.005482961899704404,0.002097752603391806,0.009432503854235011,30
B,A,nonlinear,all,future/0.75ps/instantaneous_TDA_H1,3,0.004127525124284957,0.0008272498701181677,0.008218787196609706,30
B,A,nonlinear,all,future/0.75ps/instantaneous_TDA_H2,3,0.002308489133914312,-0.0002161317794687218,0.005045321109808152,30
B,A,nonlinear,all,future/0.75ps/motion_even,3,0.011064207553863526,-0.009522990079389681,0.030246949262089196,30
B,A,nonlinear,all,future/0.75ps/motion_odd,3,-0.00018055703904893637,-0.002079165726900101,0.0016561707274781324,30
B,A,nonlinear,all,future/3ps/block_mean,3,0.00019241094727207896,-0.004284938581253359,0.004821929203139412,30
B,A,nonlinear,all,future/3ps/bond_order,3,-0.007186356352435216,-0.014019742206566863,0.00013002243306901187,30
B,A,nonlinear,all,future/3ps/instantaneous_TDA_H0,3,0.0004496047066317665,-0.003998178225010633,0.005150401964783666,30
B,A,nonlinear,all,future/3ps/instantaneous_TDA_H1,3,0.0038796169890297784,0.0004533714490632213,0.007945246930337612,30
B,A,nonlinear,all,future/3ps/instantaneous_TDA_H2,3,0.002380819908446736,-0.00017739796286655765,0.004940416779783036,30
B,A,nonlinear,all,future/3ps/motion_even,3,0.0005322926574283175,-0.018292392964164406,0.018060382306575758,30
B,A,nonlinear,all,future/3ps/motion_odd,3,0.0010984877745310467,-0.0015662312507629392,0.003799866934617359,30
B,A,nonlinear,all,future/9ps/block_mean,3,0.001472102105617518,-0.0041022208143301625,0.006678106388835986,30
B,A,nonlinear,all,future/9ps/bond_order,3,-0.007929128325647777,-0.016611424620366758,0.003003443574739817,30
B,A,nonlinear,all,future/9ps/instantaneous_TDA_H0,3,0.000915494975116518,-0.0031741357884473268,0.0057601536872486205,30
B,A,nonlinear,all,future/9ps/instantaneous_TDA_H1,3,0.003025198479493459,-0.00010878520500328785,0.006451000556763674,30
B,A,nonlinear,all,future/9ps/instantaneous_TDA_H2,3,-0.00011200441254509817,-0.0029123580973181456,0.0025269882111913626,30
B,A,nonlinear,all,future/9ps/motion_even,3,0.011746082040998671,-0.010550538425644239,0.03335426760216551,30
B,A,nonlinear,all,future/9ps/motion_odd,3,0.0011869698762893674,-0.00905328869819641,0.01307733551495603,30
B,A,nonlinear,all,path/0.75ps/mean_std_qbar6,3,0.004341389202616282,-0.0019148689664952043,0.010675319832128785,30
B,A,nonlinear,all,path/3ps/mean_std_qbar6,3,0.003037305176258087,-0.0034905348855277726,0.009816273783023157,30
B,A,nonlinear,all,path/9ps/mean_std_qbar6,3,-0.0009505887722803485,-0.008335783770598936,0.006229376491683065,30
B,A,nonlinear,all,present/block_mean,3,0.003560993641063022,-0.0019945398785380817,0.008965440639467154,30
B,A,nonlinear,all,present/bond_order,3,-0.004866783155335321,-0.01410318288952112,0.004206342415677173,30
B,A,nonlinear,all,present/instantaneous_TDA_H0,3,0.006845580786466599,0.0035658705689840843,0.011134411065528793,30
B,A,nonlinear,all,present/instantaneous_TDA_H1,3,0.0019489451001087825,-0.0010303557953900762,0.005137120225570265,30
B,A,nonlinear,all,present/instantaneous_TDA_H2,3,0.00011375923123624591,-0.0019335318532668882,0.0021165823315580684,30
B,A,nonlinear,all,present/motion_even,3,0.023340746760368347,-0.005113578596048886,0.05042220799459346,30
B,A,nonlinear,all,present/motion_odd,3,-0.006016286876466538,-0.01304228639437093,0.0008031472812096249,30
B,A,nonlinear,all,temporal/0.75ps/covariance_trace,3,0.394903645084964,0.20069946689117285,0.6221734658338957,30
B,A,nonlinear,all,temporal/0.75ps/increment_p95,3,0.04474369453059301,0.003798132034639516,0.07694002368052796,30
B,A,nonlinear,all,temporal/0.75ps/increment_rms,3,0.018715015053749083,-0.004595696851611138,0.039791148081421784,30
B,A,nonlinear,all,temporal/0.75ps/normalized_rms_jump,3,-0.02767337004326644,-0.044759468527339,-0.013321303312488845,30
B,A,nonlinear,at_risk,hazard/bin0/brier,3,-0.00864321803887099,-0.018691664190409775,-0.001221106665087549,24
B,A,nonlinear,at_risk,hazard/bin1/brier,3,-0.015811231860220057,-0.03214451101854713,-0.0034728675705193793,24
B,A,nonlinear,at_risk,hazard/bin2/brier,3,-0.019771256100284518,-0.03731946245104925,-0.006140660942609586,24
B,A,nonlinear,at_risk,hazard/nll,3,-0.05159171363468179,-0.09927885708036935,-0.011692115829161303,24
B,A,nonlinear,low_order,delta/0.75ps/block_mean,3,0.0005702434923329376,-0.0016507066122798029,0.0027318535634359227,17
B,A,nonlinear,low_order,delta/0.75ps/bond_order,3,0.0012969070789860743,0.00022334709179167662,0.0023297396251091766,17
B,A,nonlinear,low_order,delta/0.75ps/instantaneous_TDA_H0,3,0.0006101384174590019,-0.00037914024045070013,0.0014903007476937534,17
B,A,nonlinear,low_order,delta/0.75ps/instantaneous_TDA_H1,3,0.0006510329743226371,-0.00041554937248720837,0.001840761460948223,17
B,A,nonlinear,low_order,delta/0.75ps/instantaneous_TDA_H2,3,-0.00045474326493693325,-0.0010470274799302512,0.00036666238790049246,17
B,A,nonlinear,low_order,delta/0.75ps/motion_even,3,-0.0008244362531923768,-0.01385356330988454,0.010339328763531696,17
B,A,nonlinear,low_order,delta/0.75ps/motion_odd,3,0.002142562001359229,-0.013172818325898226,0.020225385737185363,17
B,A,nonlinear,low_order,delta/3ps/block_mean,3,-0.00010844884939443199,-0.003682198500248542,0.0034416828006262473,17
B,A,nonlinear,low_order,delta/3ps/bond_order,3,0.0022357189479996174,0.0005960743947356356,0.0039638605954892495,17
B,A,nonlinear,low_order,delta/3ps/instantaneous_TDA_H0,3,0.0007140475745294608,-1.7715019046091597e-05,0.0014251198254379572,17
B,A,nonlinear,low_order,delta/3ps/instantaneous_TDA_H1,3,-0.0004936276989824632,-0.0023163149863773703,0.0011231403030893378,17
B,A,nonlinear,low_order,delta/3ps/instantaneous_TDA_H2,3,-0.0012658250098134957,-0.001968561105576216,-0.0005043456696119974,17
B,A,nonlinear,low_order,delta/3ps/motion_even,3,0.008771619376014261,-0.01012932035852881,0.02899806663101793,17
B,A,nonlinear,low_order,delta/3ps/motion_odd,3,-0.010612626286113964,-0.024219761292139687,0.0032203707478794174,17
B,A,nonlinear,low_order,delta/9ps/block_mean,3,-0.0026099506531251427,-0.00579564500218895,0.0010547463502126278,17
B,A,nonlinear,low_order,delta/9ps/bond_order,3,0.0010472832649361854,-0.001184312918899106,0.0033567717737134723,17
B,A,nonlinear,low_order,delta/9ps/instantaneous_TDA_H0,3,-0.0023507050731602836,-0.0036491205696673953,-0.0011345186946438812,17
B,A,nonlinear,low_order,delta/9ps/instantaneous_TDA_H1,3,-0.0013105541321576813,-0.0031319121519724526,0.0006095003318406783,17
B,A,nonlinear,low_order,delta/9ps/instantaneous_TDA_H2,3,-0.0015007181494843726,-0.0032479168043709266,0.00040599585090781744,17
B,A,nonlinear,low_order,delta/9ps/motion_even,3,0.005892828399059818,-0.005046623506966759,0.017624538348001588,17
B,A,nonlinear,low_order,delta/9ps/motion_odd,3,-0.017437838227944633,-0.02948522249821062,-0.004580142330971797,17
B,A,nonlinear,low_order,future/0.75ps/block_mean,3,0.006563491474082269,-0.002475381353748288,0.015154327990584616,17
B,A,nonlinear,low_order,future/0.75ps/bond_order,3,0.0056730114361819095,-0.005568233358801581,0.017892972788974334,17
B,A,nonlinear,low_order,future/0.75ps/instantaneous_TDA_H0,3,0.009035341587721134,0.004061931459342733,0.01457389900278227,17
B,A,nonlinear,low_order,future/0.75ps/instantaneous_TDA_H1,3,0.00990178348386989,0.005012232419468608,0.015849538735461,17
B,A,nonlinear,low_order,future/0.75ps/instantaneous_TDA_H2,3,0.005747156473351459,0.002274831298592628,0.009122145966644965,17
B,A,nonlinear,low_order,future/0.75ps/motion_even,3,0.008651206890741987,-0.02725566274979535,0.043627669472320406,17
B,A,nonlinear,low_order,future/0.75ps/motion_odd,3,0.0003724489726272284,-0.0017665943386507969,0.002490177662933572,17
B,A,nonlinear,low_order,future/3ps/block_mean,3,0.002054785907852888,-0.0069196583563157455,0.010975799293202512,17
B,A,nonlinear,low_order,future/3ps/bond_order,3,-0.00012505492743323873,-0.0101955004474696,0.010792632934217353,17
B,A,nonlinear,low_order,future/3ps/instantaneous_TDA_H0,3,-0.0012257737564105615,-0.007824447758349716,0.005482394091200585,17
B,A,nonlinear,low_order,future/3ps/instantaneous_TDA_H1,3,0.006040553544081893,0.00034842384869561454,0.01209599702965979,17
B,A,nonlinear,low_order,future/3ps/instantaneous_TDA_H2,3,0.0037894882992202165,-0.0005468735946159737,0.007875326706790454,17
B,A,nonlinear,low_order,future/3ps/motion_even,3,0.0034212651205997842,-0.03565104714795655,0.04289287596064453,17
B,A,nonlinear,low_order,future/3ps/motion_odd,3,0.00042823716705920657,-0.0009584279621348665,0.0017011071244875586,17
B,A,nonlinear,low_order,future/9ps/block_mean,3,7.47850140422743e-05,-0.009168937311087753,0.009599842025222731,17
B,A,nonlinear,low_order,future/9ps/bond_order,3,-0.008546297748883566,-0.02469240810502978,0.012463793669845541,17
B,A,nonlinear,low_order,future/9ps/instantaneous_TDA_H0,3,-0.00215370781427505,-0.00706165268487644,0.0024658225796313255,17
B,A,nonlinear,low_order,future/9ps/instantaneous_TDA_H1,3,0.004755582295212091,-0.00018311199896475837,0.010007359923831383,17
B,A,nonlinear,low_order,future/9ps/instantaneous_TDA_H2,3,-0.00039221236810964695,-0.0050192957634434985,0.0036903063711874557,17
B,A,nonlinear,low_order,future/9ps/motion_even,3,0.013075095765730915,-0.02696667088597428,0.052937250175312395,17
B,A,nonlinear,low_order,future/9ps/motion_odd,3,-0.006289750045421077,-0.01068809329002511,-0.0026293142972623625,17
B,A,nonlinear,low_order,path/0.75ps/mean_std_qbar6,3,0.008027547696495758,-0.004582227690273202,0.021597698941260714,17
B,A,nonlinear,low_order,path/3ps/mean_std_qbar6,3,0.004530454565789184,-0.00835729711095565,0.01728750954372989,17
B,A,nonlinear,low_order,path/9ps/mean_std_qbar6,3,-0.0027900610721724867,-0.016521708711561767,0.011966460966961643,17
B,A,nonlinear,low_order,present/block_mean,3,0.004858957822708528,-0.005305145831559505,0.015085993245475346,17
B,A,nonlinear,low_order,present/bond_order,3,0.01361699504595177,0.003133120997717568,0.0247153109304753,17
B,A,nonlinear,low_order,present/instantaneous_TDA_H0,3,0.005214604676938524,0.0025035430366794273,0.007976655899455731,17
B,A,nonlinear,low_order,present/instantaneous_TDA_H1,3,0.004372715950012206,0.0003653835213067485,0.00888561209408091,17
B,A,nonlinear,low_order,present/instantaneous_TDA_H2,3,0.0009741737123797926,-0.0018526769864062468,0.0038062666853268937,17
B,A,nonlinear,low_order,present/motion_even,3,0.015664712471120494,-0.03409447851134281,0.06655494702212951,17
B,A,nonlinear,low_order,present/motion_odd,3,-0.010689454920151652,-0.018842383459502576,-0.0022879908628323535,17
B,A,nonlinear,low_order,temporal/0.75ps/covariance_trace,3,0.054706017331530646,0.013802135627095896,0.10401793590281157,16
B,A,nonlinear,low_order,temporal/0.75ps/increment_p95,3,0.03094035722315309,-0.038354473620032255,0.08550375811600423,16
B,A,nonlinear,low_order,temporal/0.75ps/increment_rms,3,0.0021268377701441467,-0.037060414875547086,0.03919904014716545,16
B,A,nonlinear,low_order,temporal/0.75ps/normalized_rms_jump,3,-0.02703214955924465,-0.05713610812634922,-0.0020755494639817613,16
B,A,state_constant,all,delta/0.75ps/block_mean,3,0.0010099209051717176,-0.00020619395628778948,0.0021816538338100917,30
B,A,state_constant,all,delta/0.75ps/bond_order,3,0.001956764794886112,0.0012192010946778784,0.002804057983060679,30
B,A,state_constant,all,delta/0.75ps/instantaneous_TDA_H0,3,0.0018628782696194113,0.0005189381125900481,0.0033039606031444336,30
B,A,state_constant,all,delta/0.75ps/instantaneous_TDA_H1,3,3.4407857391569374e-05,-0.0004658024861580796,0.0005160353932943608,30
B,A,state_constant,all,delta/0.75ps/instantaneous_TDA_H2,3,-0.0004420777161916097,-0.0007207678651644123,-0.0001892834798329406,30
B,A,state_constant,all,delta/0.75ps/motion_even,3,0.003353571891784668,-0.0025814560221301187,0.009074795097112655,30
B,A,state_constant,all,delta/0.75ps/motion_odd,3,-0.0007060196664598252,-0.004377577503522237,0.0025952493647734306,30
B,A,state_constant,all,delta/3ps/block_mean,3,0.0021027891724197914,0.00023638769535830253,0.003979785089829449,30
B,A,state_constant,all,delta/3ps/bond_order,3,0.002036276459693909,0.0009662823420431881,0.0032488617280291184,30
B,A,state_constant,all,delta/3ps/instantaneous_TDA_H0,3,5.6326720449659595e-05,-0.0017008142959740427,0.0018034988600346775,30
B,A,state_constant,all,delta/3ps/instantaneous_TDA_H1,3,-0.0003238923019833036,-0.001317506262825595,0.000570476854013072,30
B,A,state_constant,all,delta/3ps/instantaneous_TDA_H2,3,-0.0004727654986911351,-0.0009959689113828872,1.3009874771038301e-05,30
B,A,state_constant,all,delta/3ps/motion_even,3,0.015937058793173895,0.005317448294825023,0.02676137829820314,30
B,A,state_constant,all,delta/3ps/motion_odd,3,-0.004616269138124254,-0.009525182065036563,0.0006070494651794427,30
B,A,state_constant,all,delta/9ps/block_mean,3,0.0014262927006240293,-0.0005900881877513851,0.0034101585397082954,30
B,A,state_constant,all,delta/9ps/bond_order,3,0.0005662167651785744,-0.0006546464283019303,0.0017603138637625499,30
B,A,state_constant,all,delta/9ps/instantaneous_TDA_H0,3,-0.0007108440829647913,-0.0026292408919996683,0.0013323853661616617,30
B,A,state_constant,all,delta/9ps/instantaneous_TDA_H1,3,-0.00017212753494580575,-0.0013834619273742038,0.0011177237828572592,30
B,A,state_constant,all,delta/9ps/instantaneous_TDA_H2,3,-0.0004774994320339627,-0.0013139434924556148,0.0003545350188182459,30
B,A,state_constant,all,delta/9ps/motion_even,3,0.01366184221373664,0.005077587713797888,0.022657708757453487,30
B,A,state_constant,all,delta/9ps/motion_odd,3,-0.004309831725226508,-0.010519514663351907,0.0015660722388161517,30
B,A,state_constant,all,future/0.75ps/block_mean,3,0.0001411415636539452,-0.004045506957573472,0.003957997754009226,30
B,A,state_constant,all,future/0.75ps/bond_order,3,-0.00943966209888458,-0.015488333087414501,-0.003007298093289138,30
B,A,state_constant,all,future/0.75ps/instantaneous_TDA_H0,3,0.004535116917557187,0.0006887873407039377,0.00883191383547253,30
B,A,state_constant,all,future/0.75ps/instantaneous_TDA_H1,3,0.0025900080800056458,-0.001534239213085837,0.0076298809154993884,30
B,A,state_constant,all,future/0.75ps/instantaneous_TDA_H2,3,0.00038420574532614795,-0.002609869585269027,0.0035472800748215755,30
B,A,state_constant,all,future/0.75ps/motion_even,3,0.005515517459975349,-0.01416033639676041,0.023383065362771346,30
B,A,state_constant,all,future/0.75ps/motion_odd,3,-0.002738336722056071,-0.004983775905436938,-0.000424483898613188,30
B,A,state_constant,all,future/3ps/block_mean,3,-0.0016276157219652753,-0.005988553239860459,0.0026357006381645264,30
B,A,state_constant,all,future/3ps/bond_order,3,-0.00993220888906055,-0.015833896030154494,-0.003474850257237753,30
B,A,state_constant,all,future/3ps/instantaneous_TDA_H0,3,-0.0010518580675125126,-0.006143577754911449,0.004222052281515463,30
B,A,state_constant,all,future/3ps/instantaneous_TDA_H1,3,0.0024025919536749527,-0.0018663301091227272,0.0070190311678581755,30
B,A,state_constant,all,future/3ps/instantaneous_TDA_H2,3,0.0005556078006823854,-0.00255258344217307,0.003818658452687992,30
B,A,state_constant,all,future/3ps/motion_even,3,-0.00123258630434672,-0.020137710091140536,0.015493333786725995,30
B,A,state_constant,all,future/3ps/motion_odd,3,-0.000507240825229221,-0.003845853292279773,0.002789882371822989,30
B,A,state_constant,all,future/9ps/block_mean,3,0.00037200527472629034,-0.005299335874065203,0.005384042475510536,30
B,A,state_constant,all,future/9ps/bond_order,3,-0.008741110232141283,-0.017395688477489683,0.0023429964358607854,30
B,A,state_constant,all,future/9ps/instantaneous_TDA_H0,3,0.0010975702769226497,-0.003169619865301583,0.005272483343465457,30
B,A,state_constant,all,future/9ps/instantaneous_TDA_H1,3,0.00234660841524601,-0.0012994895803017752,0.006289536132373738,30
B,A,state_constant,all,future/9ps/instantaneous_TDA_H2,3,-0.0013197976681921216,-0.004844313878566027,0.0019771861409147553,30
B,A,state_constant,all,future/9ps/motion_even,3,0.01024611062473721,-0.013091879395975005,0.03135579466819762,30
B,A,state_constant,all,future/9ps/motion_odd,3,-0.0013973497682147561,-0.01152433280315664,0.008377795128358725,30
B,A,state_constant,all,path/0.75ps/mean_std_qbar6,3,-0.0022750606061890727,-0.0094170436657603,0.004207655842959257,30
B,A,state_constant,all,path/3ps/mean_std_qbar6,3,-0.003233012375939224,-0.0106057680838017,0.003738056340694629,30
B,A,state_constant,all,path/9ps/mean_std_qbar6,3,-0.004321052328062555,-0.011229882761383325,0.002174079206759208,30
B,A,state_constant,all,present/block_mean,3,0.0032505598022705964,-0.0035005807376432244,0.009236571792754585,30
B,A,state_constant,all,present/bond_order,3,-0.005082121657000648,-0.012009017434385089,0.0021578408260312337,30
B,A,state_constant,all,present/instantaneous_TDA_H0,3,0.005686788716249997,0.0021482817725174963,0.010002972265291546,30
B,A,state_constant,all,present/instantaneous_TDA_H1,3,0.0016466948721143937,-0.0012918442984422047,0.004833181969200563,30
B,A,state_constant,all,present/instantaneous_TDA_H2,3,-0.00028210710734128953,-0.0020518535463553336,0.0015934614873387742,30
B,A,state_constant,all,present/motion_even,3,0.021360645691553753,-0.013451460401217141,0.05480560013817415,30
B,A,state_constant,all,present/motion_odd,3,-0.003826541701952616,-0.011476320442226198,0.004220030564400876,30
B,A,state_constant,all,temporal/0.75ps/covariance_trace,3,0.394903645084964,0.20681181394805512,0.6361141266549626,30
B,A,state_constant,all,temporal/0.75ps/increment_p95,3,0.04474369453059301,0.003932379901409148,0.07700747841265465,30
B,A,state_constant,all,temporal/0.75ps/increment_rms,3,0.018715015053749083,-0.005694703227943843,0.041058453205558974,30
B,A,state_constant,all,temporal/0.75ps/normalized_rms_jump,3,-0.02767337004326644,-0.04373232125461106,-0.01308460825258904,30
B,A,state_constant,at_risk,hazard/bin0/brier,3,0.0004457179335793803,7.873359978797616e-06,0.0011326140935359376,24
B,A,state_constant,at_risk,hazard/bin1/brier,3,0.0021681221653769476,0.00026499790745444015,0.004599137749567062,24
B,A,state_constant,at_risk,hazard/bin2/brier,3,0.0018715990902112227,-0.0009990461232335848,0.005813211824304664,24
B,A,state_constant,at_risk,hazard/nll,3,-0.001828120397274486,-0.008274184018874723,0.006490786304574508,24
B,A,state_constant,low_order,delta/0.75ps/block_mean,3,-0.0013089226619675287,-0.003077019474718695,0.00037665786799895474,17
B,A,state_constant,low_order,delta/0.75ps/bond_order,3,0.0034687656397913015,0.0026469666474297935,0.004389736030762102,17
B,A,state_constant,low_order,delta/0.75ps/instantaneous_TDA_H0,3,-0.00022173716741449704,-0.0009847025880042244,0.0005874505814384008,17
B,A,state_constant,low_order,delta/0.75ps/instantaneous_TDA_H1,3,2.643707043984361e-05,-0.0010647452308558954,0.0013369431427004289,17
B,A,state_constant,low_order,delta/0.75ps/instantaneous_TDA_H2,3,-0.00042117869152742275,-0.0011699657120248848,0.0005520149736719972,17
B,A,state_constant,low_order,delta/0.75ps/motion_even,3,-0.005815917370366116,-0.018542264401912693,0.005592100117720807,17
B,A,state_constant,low_order,delta/0.75ps/motion_odd,3,-0.004889905452728271,-0.00796608422316757,-0.001689320043021558,17
B,A,state_constant,low_order,delta/3ps/block_mean,3,0.001108160132870956,-0.001997016137161494,0.004084730077096642,17
B,A,state_constant,low_order,delta/3ps/bond_order,3,0.0039516938667671355,0.0025130707332316564,0.005493461421015215,17
B,A,state_constant,low_order,delta/3ps/instantaneous_TDA_H0,3,-0.00011426794762704887,-0.001225433191832374,0.000966494150605855,17
B,A,state_constant,low_order,delta/3ps/instantaneous_TDA_H1,3,-0.0010325870677536607,-0.0026741280896114368,0.0005804084241390228,17
B,A,state_constant,low_order,delta/3ps/instantaneous_TDA_H2,3,-0.0009296830086147082,-0.0017018327927764722,-0.00013912030513964547,17
B,A,state_constant,low_order,delta/3ps/motion_even,3,0.009035109304914288,-0.009897501591373892,0.028053525002563688,17
B,A,state_constant,low_order,delta/3ps/motion_odd,3,-0.004261304350460277,-0.00812122932836121,-8.537371953328995e-05,17
B,A,state_constant,low_order,delta/9ps/block_mean,3,0.0005097714118854319,-0.002169598853885141,0.0034268721307359894,17
B,A,state_constant,low_order,delta/9ps/bond_order,3,0.002185426360251857,-0.00018542753715141146,0.004254393820084778,17
B,A,state_constant,low_order,delta/9ps/instantaneous_TDA_H0,3,-0.0012230579467380747,-0.0024560037123806332,-7.580046852429823e-05,17
B,A,state_constant,low_order,delta/9ps/instantaneous_TDA_H1,3,-0.0006236959175736296,-0.0027596286278875433,0.0015982872623877197,17
B,A,state_constant,low_order,delta/9ps/instantaneous_TDA_H2,3,-0.0005015017939548868,-0.0020379782526516446,0.0011047658382677562,17
B,A,state_constant,low_order,delta/9ps/motion_even,3,0.008999885297289081,-0.004581357889315662,0.022518394712139556,17
B,A,state_constant,low_order,delta/9ps/motion_odd,3,-0.005778427527961778,-0.011991654724047026,0.0010924735996762605,17
B,A,state_constant,low_order,future/0.75ps/block_mean,3,0.001172085761342174,-0.007148703746497638,0.009595491388337856,17
B,A,state_constant,low_order,future/0.75ps/bond_order,3,-0.003850532805218415,-0.01727330854491276,0.011048154985787812,17
B,A,state_constant,low_order,future/0.75ps/instantaneous_TDA_H0,3,0.006428493880758099,-0.000590813064984247,0.015198345887748632,17
B,A,state_constant,low_order,future/0.75ps/instantaneous_TDA_H1,3,0.0058526151320513545,-0.0014671705590159289,0.014696580807075775,17
B,A,state_constant,low_order,future/0.75ps/instantaneous_TDA_H2,3,0.002846995770346885,-0.002120831811471897,0.007925126997425275,17
B,A,state_constant,low_order,future/0.75ps/motion_even,3,-0.002367255734462361,-0.035903285560654655,0.028953300036636005,17
B,A,state_constant,low_order,future/0.75ps/motion_odd,3,-0.0018778016754225186,-0.003976376413130293,0.0004307095910988593,17
B,A,state_constant,low_order,future/3ps/block_mean,3,-0.0024283984615132664,-0.01098876515939052,0.006113487558159372,17
B,A,state_constant,low_order,future/3ps/bond_order,3,-0.008332191582988292,-0.01977990426342277,0.004437893026453586,17
B,A,state_constant,low_order,future/3ps/instantaneous_TDA_H0,3,-0.004504007889943963,-0.012446852923170024,0.0031295839843212326,17
B,A,state_constant,low_order,future/3ps/instantaneous_TDA_H1,3,0.002439522567917318,-0.005345765461086058,0.010680920028072938,17
B,A,state_constant,low_order,future/3ps/instantaneous_TDA_H2,3,-0.0004546242017371987,-0.006898455562836984,0.005936149847419823,17
B,A,state_constant,low_order,future/3ps/motion_even,3,-0.0010321356502233745,-0.04262376369214525,0.03800680682647458,17
B,A,state_constant,low_order,future/3ps/motion_odd,3,-0.0026869540121041095,-0.005493120703042722,-0.00011813856807409727,17
B,A,state_constant,low_order,future/9ps/block_mean,3,-0.0022359392970946416,-0.012125592555141597,0.007084202972618149,17
B,A,state_constant,low_order,future/9ps/bond_order,3,-0.008845575884276743,-0.025113924702300745,0.01047612763941285,17
B,A,state_constant,low_order,future/9ps/instantaneous_TDA_H0,3,-0.0015464955940842633,-0.006435749105031731,0.0031241329208783345,17
B,A,state_constant,low_order,future/9ps/instantaneous_TDA_H1,3,0.004060949472820058,-0.001379252411425114,0.010330016111188072,17
B,A,state_constant,low_order,future/9ps/instantaneous_TDA_H2,3,-0.002546852783245199,-0.00855908633629773,0.0030982088699352483,17
B,A,state_constant,low_order,future/9ps/motion_even,3,0.008798259730432549,-0.030202791372350615,0.044631531819993346,17
B,A,state_constant,low_order,future/9ps/motion_odd,3,-0.013335920724214294,-0.021881292869939527,-0.005681012417463702,17
B,A,state_constant,low_order,path/0.75ps/mean_std_qbar6,3,-0.0027476439033361035,-0.016822748398864825,0.012198642081142786,17
B,A,state_constant,low_order,path/3ps/mean_std_qbar6,3,-0.0058403129178081084,-0.018418320312676043,0.007720533638562563,17
B,A,state_constant,low_order,path/9ps/mean_std_qbar6,3,-0.007484916442384324,-0.01950038600183439,0.005226265712339859,17
B,A,state_constant,low_order,present/block_mean,3,0.004794703431281385,-0.008407511916985511,0.017068856380867692,17
B,A,state_constant,low_order,present/bond_order,3,0.006595905358884849,-0.0040022080837219375,0.01652394850172248,17
B,A,state_constant,low_order,present/instantaneous_TDA_H0,3,0.003675982794340919,0.0006455776592095695,0.006681762095175535,17
B,A,state_constant,low_order,present/instantaneous_TDA_H1,3,0.0035687804806466203,-0.0005738907913659133,0.008046024000527804,17
B,A,state_constant,low_order,present/instantaneous_TDA_H2,3,-0.0001798588417324366,-0.002933739653478066,0.002242289711812547,17
B,A,state_constant,low_order,present/motion_even,3,0.02107564199204539,-0.04702153292064573,0.08676203271629764,17
B,A,state_constant,low_order,present/motion_odd,3,-0.005968231196497001,-0.012895668166525223,0.0006942348445162993,17
B,A,state_constant,low_order,temporal/0.75ps/covariance_trace,3,0.054706017331530646,0.012873222519798827,0.10151472114957868,16
B,A,state_constant,low_order,temporal/0.75ps/increment_p95,3,0.03094035722315309,-0.037834697340925545,0.08709447538324937,16
B,A,state_constant,low_order,temporal/0.75ps/increment_rms,3,0.0021268377701441467,-0.03608950500686963,0.037501717079430806,16
B,A,state_constant,low_order,temporal/0.75ps/normalized_rms_jump,3,-0.02703214955924465,-0.056883031685577914,-0.0003380081361578249,16
B,A,state_history,all,delta/0.75ps/block_mean,3,0.0015230105293017825,-4.858120982708524e-05,0.003102223786732389,30
B,A,state_history,all,delta/0.75ps/bond_order,3,0.0037376738670799464,0.002414080729294155,0.005154283106740977,30
B,A,state_history,all,delta/0.75ps/instantaneous_TDA_H0,3,-0.0009397472772333359,-0.0020623570535745882,2.5748925076590432e-05,30
B,A,state_history,all,delta/0.75ps/instantaneous_TDA_H1,3,0.0009119648072454664,0.00027094201495250065,0.0015893906106551486,30
B,A,state_history,all,delta/0.75ps/instantaneous_TDA_H2,3,0.0007217436614963742,0.0001212082554896673,0.001364445880883269,30
B,A,state_history,all,delta/0.75ps/motion_even,3,0.00019383496708340128,-0.0038778753744231334,0.0047379476825396205,30
B,A,state_history,all,delta/0.75ps/motion_odd,3,0.004512593150138854,-0.00433817135790984,0.013992255710893188,30
B,A,state_history,all,delta/3ps/block_mean,3,0.0032660581516446917,0.0009013572042049114,0.005647980794655511,30
B,A,state_history,all,delta/3ps/bond_order,3,0.0036754170225726237,0.0017526564912663564,0.005739177178798448,30
B,A,state_history,all,delta/3ps/instantaneous_TDA_H0,3,-0.002081207931041718,-0.003908396201829116,-0.0002918412577774794,30
B,A,state_history,all,delta/3ps/instantaneous_TDA_H1,3,0.0007553355561362372,-0.0003903637640178203,0.0018898835385011293,30
B,A,state_history,all,delta/3ps/instantaneous_TDA_H2,3,0.0006380468193027708,9.852117341425687e-05,0.0011755521378169454,30
B,A,state_history,all,delta/3ps/motion_even,3,0.005527451965543959,-0.0003262727790408662,0.011421429581112327,30
B,A,state_history,all,delta/3ps/motion_odd,3,0.01108130547735426,-0.0008956715795728902,0.023815014892154266,30
B,A,state_history,all,delta/9ps/block_mean,3,0.003791408478799796,0.0015858912561088948,0.006046054018057758,30
B,A,state_history,all,delta/9ps/bond_order,3,0.00310218319710758,0.0010740964476846989,0.005235181168342629,30
B,A,state_history,all,delta/9ps/instantaneous_TDA_H0,3,-0.002114761124054591,-0.004187722994635502,-5.112443947129782e-05,30
B,A,state_history,all,delta/9ps/instantaneous_TDA_H1,3,0.0005590399934185876,-0.0005942509426838822,0.0019555551558732964,30
B,A,state_history,all,delta/9ps/instantaneous_TDA_H2,3,0.0007506109774112702,-0.0005552648856408069,0.001956940543734365,30
B,A,state_history,all,delta/9ps/motion_even,3,0.0037776400645573934,-0.00346640531387594,0.011129002281361157,30
B,A,state_history,all,delta/9ps/motion_odd,3,0.016673737764358525,0.005292461233006584,0.027527954992320795,30
B,A,state_history,all,future/0.75ps/block_mean,3,0.0019623032529596947,-0.0007162521129336028,0.004812420014360989,30
B,A,state_history,all,future/0.75ps/bond_order,3,-0.015270764297909207,-0.019848747456239334,-0.010623751644872958,30
B,A,state_history,all,future/0.75ps/instantaneous_TDA_H0,3,0.0006589565840032365,-0.002436831100947327,0.004219680277423723,30
B,A,state_history,all,future/0.75ps/instantaneous_TDA_H1,3,0.0017535107831160226,-0.0010544574219319555,0.005017517724384861,30
B,A,state_history,all,future/0.75ps/instantaneous_TDA_H2,3,-0.0015363236682282553,-0.0035069735389616757,0.0004554925714102054,30
B,A,state_history,all,future/0.75ps/motion_even,3,0.007821182741059198,-8.11374518606396e-05,0.015474000871181484,30
B,A,state_history,all,future/0.75ps/motion_odd,3,0.018347257375717164,0.004146771977345149,0.03402746576401923,30
B,A,state_history,all,future/3ps/block_mean,3,0.0016744734581421907,-0.000833306861006551,0.0041990482155233495,30
B,A,state_history,all,future/3ps/bond_order,3,-0.014914272725582127,-0.020151358056399556,-0.00960482063392798,30
B,A,state_history,all,future/3ps/instantaneous_TDA_H0,3,-0.00229291675819291,-0.006352821805824836,0.0017912913072440323,30
B,A,state_history,all,future/3ps/instantaneous_TDA_H1,3,0.001130390415589015,-0.002007634931554397,0.004349121877716646,30
B,A,state_history,all,future/3ps/instantaneous_TDA_H2,3,-0.0014617669499582715,-0.0036768875312474044,0.0005264468791170252,30
B,A,state_history,all,future/3ps/motion_even,3,0.01608253220717112,0.008811159034570058,0.023023719348841235,30
B,A,state_history,all,future/3ps/motion_odd,3,0.01150287455982632,-0.000849608679612478,0.024309583769904244,30
B,A,state_history,all,future/9ps/block_mean,3,-0.002278408684112403,-0.005499622167467515,0.0006477022550448229,30
B,A,state_history,all,future/9ps/bond_order,3,-0.011978721949789257,-0.019010937292542725,-0.004593180906441485,30
B,A,state_history,all,future/9ps/instantaneous_TDA_H0,3,-0.0004255518317222596,-0.0033406211021873686,0.002692409838653271,30
B,A,state_history,all,future/9ps/instantaneous_TDA_H1,3,0.0003743288003736071,-0.0026550468450619105,0.0030485129884133735,30
B,A,state_history,all,future/9ps/instantaneous_TDA_H2,3,-0.002999085726009475,-0.005329072191897364,-0.0008469147618032202,30
B,A,state_history,all,future/9ps/motion_even,3,0.004476922419336107,-0.0046177926411231345,0.013193928897380823,30
B,A,state_history,all,future/9ps/motion_odd,3,-0.0031183438168631674,-0.02500137358903885,0.015539130767186469,30
B,A,state_history,all,path/0.75ps/mean_std_qbar6,3,-0.006143332430575457,-0.010612439061062306,-0.0019388613553019361,30
B,A,state_history,all,path/3ps/mean_std_qbar6,3,-0.00656512170874824,-0.010797682083405865,-0.0022345362028702077,30
B,A,state_history,all,path/9ps/mean_std_qbar6,3,-0.006660794775881287,-0.010711411684266444,-0.002616810826196647,30
B,A,state_history,all,present/block_mean,3,0.0072311004347823315,0.0038649097078100416,0.010871324046101005,30
B,A,state_history,all,present/bond_order,3,-0.003266149842076832,-0.01053829279003872,0.0035689015996952854,30
B,A,state_history,all,present/instantaneous_TDA_H0,3,0.004478795122769144,0.0004347332649760778,0.008626826993293231,30
B,A,state_history,all,present/instantaneous_TDA_H1,3,0.0017908206002579786,-0.00112479020220538,0.004777443434836128,30
B,A,state_history,all,present/instantaneous_TDA_H2,3,-0.0004532501515414979,-0.002760687689814303,0.001708991793501708,30
B,A,state_history,all,present/motion_even,3,0.023956033256318836,0.01814004480010933,0.03071896221074793,30
B,A,state_history,all,present/motion_odd,3,0.016880353622966342,0.007257080955637826,0.028517943960097096,30
B,A,state_history,all,temporal/0.75ps/covariance_trace,3,0.394903645084964,0.19372531114146113,0.6262542465867263,30
B,A,state_history,all,temporal/0.75ps/increment_p95,3,0.04474369453059301,0.005674627790848441,0.07784725848668149,30
B,A,state_history,all,temporal/0.75ps/increment_rms,3,0.018715015053749083,-0.004628905264867676,0.04013911680214934,30
B,A,state_history,all,temporal/0.75ps/normalized_rms_jump,3,-0.02767337004326644,-0.045126269974962996,-0.013261813030314026,30
B,A,state_history,at_risk,hazard/bin0/brier,3,0.001108038763814218,3.233280240316897e-05,0.0025957070700768094,24
B,A,state_history,at_risk,hazard/bin1/brier,3,0.00406964554642602,0.0004661581678839689,0.008829224168123215,24
B,A,state_history,at_risk,hazard/bin2/brier,3,0.004761780437977197,-0.00030861076238769184,0.01197048286516886,24
B,A,state_history,at_risk,hazard/nll,3,0.003419609840622999,-0.006962557352704203,0.016302364722570094,24
B,A,state_history,low_order,delta/0.75ps/block_mean,3,0.0009532630248786596,-0.002184637707773769,0.003721925451913306,17
B,A,state_history,low_order,delta/0.75ps/bond_order,3,0.006519798992895612,0.0053769842228468725,0.00770345154565339,17
B,A,state_history,low_order,delta/0.75ps/instantaneous_TDA_H0,3,-0.001132658153187995,-0.0032273547650844446,0.0009795241751799349,17
B,A,state_history,low_order,delta/0.75ps/instantaneous_TDA_H1,3,0.001894261176679649,0.0008058686430255572,0.003021197408145549,17
B,A,state_history,low_order,delta/0.75ps/instantaneous_TDA_H2,3,0.0018532639917205362,0.0011789962649345397,0.0024172962077108084,17
B,A,state_history,low_order,delta/0.75ps/motion_even,3,-0.006122156685473871,-0.010851977707124224,-0.0009989983018706865,17
B,A,state_history,low_order,delta/0.75ps/motion_odd,3,0.0027070688266380163,-0.018426282937620202,0.02084120704847223,17
B,A,state_history,low_order,delta/3ps/block_mean,3,0.0033963607514605814,8.410181290184092e-05,0.00707895428952731,17
B,A,state_history,low_order,delta/3ps/bond_order,3,0.006655286340152517,0.0039034327492117886,0.009313557969004498,17
B,A,state_history,low_order,delta/3ps/instantaneous_TDA_H0,3,-0.0033554440619898776,-0.005997587470155136,-0.00041363581138499785,17
B,A,state_history,low_order,delta/3ps/instantaneous_TDA_H1,3,0.0014241248661396551,-0.0005068397039876265,0.0032382856543157613,17
B,A,state_history,low_order,delta/3ps/instantaneous_TDA_H2,3,0.0016295020194614634,0.0006750512941210877,0.0025758437775805876,17
B,A,state_history,low_order,delta/3ps/motion_even,3,-0.0024490099327237,-0.0073766988866469435,0.002809075222295873,17
B,A,state_history,low_order,delta/3ps/motion_odd,3,0.01647370527772343,-0.003736297435620252,0.03483663981451707,17
B,A,state_history,low_order,delta/9ps/block_mean,3,0.0036653168225551456,0.0008645962046465708,0.006578169072205131,17
B,A,state_history,low_order,delta/9ps/bond_order,3,0.00555342202093087,0.0019992290393394583,0.008659618851893088,17
B,A,state_history,low_order,delta/9ps/instantaneous_TDA_H0,3,-0.004028483933093501,-0.007434233884308851,-0.0004965383486420527,17
B,A,state_history,low_order,delta/9ps/instantaneous_TDA_H1,3,0.0010370728285873636,-0.0013207890951604233,0.0035312812629283634,17
B,A,state_history,low_order,delta/9ps/instantaneous_TDA_H2,3,0.002045581445974462,0.0007320726984271815,0.003328376482514774,17
B,A,state_history,low_order,delta/9ps/motion_even,3,-0.0015010290286120245,-0.011053782365485732,0.008534813789176006,17
B,A,state_history,low_order,delta/9ps/motion_odd,3,0.01888533760154364,0.0053551152663524546,0.03165282162828554,17
B,A,state_history,low_order,future/0.75ps/block_mean,3,0.006142485156363127,0.0003041357374171784,0.013328271675124462,17
B,A,state_history,low_order,future/0.75ps/bond_order,3,-0.013940323071152557,-0.020101992135830957,-0.006934710895167852,17
B,A,state_history,low_order,future/0.75ps/instantaneous_TDA_H0,3,0.0014312255616281543,-0.0032582324874751707,0.0061507983388854005,17
B,A,state_history,low_order,future/0.75ps/instantaneous_TDA_H1,3,0.0026542651010494607,-0.00164610803784693,0.00749959787171261,17
B,A,state_history,low_order,future/0.75ps/instantaneous_TDA_H2,3,-0.001976725371444926,-0.0045671263344439815,0.0008289446652519916,17
B,A,state_history,low_order,future/0.75ps/motion_even,3,0.015807651421603036,0.0025233368809316676,0.02849258644615902,17
B,A,state_history,low_order,future/0.75ps/motion_odd,3,0.032878817296495624,0.004729544941116784,0.06189145252985112,17
B,A,state_history,low_order,future/3ps/block_mean,3,0.0023896759558542104,-0.0018436433826542712,0.006554799403362221,17
B,A,state_history,low_order,future/3ps/bond_order,3,-0.015698418313381722,-0.021181608290941106,-0.010188283077349853,17
B,A,state_history,low_order,future/3ps/instantaneous_TDA_H0,3,-0.005444888902061126,-0.011022152267761674,-0.000142312289087799,17
B,A,state_history,low_order,future/3ps/instantaneous_TDA_H1,3,0.0006115429249464297,-0.0037774541068310834,0.005014746172317102,17
B,A,state_history,low_order,future/3ps/instantaneous_TDA_H2,3,-0.003209492009060056,-0.006302440549959156,4.675143635740303e-05,17
B,A,state_history,low_order,future/3ps/motion_even,3,0.02699326007973914,0.01585806194765895,0.0372820954550715,17
B,A,state_history,low_order,future/3ps/motion_odd,3,0.011086051954942593,-0.012843543729361362,0.03465162768375638,17
B,A,state_history,low_order,future/9ps/block_mean,3,-0.00493130007807433,-0.010229006381035822,-0.00039507877393595654,17
B,A,state_history,low_order,future/9ps/bond_order,3,-0.013814538132910635,-0.02124909771715893,-0.003448459155419295,17
B,A,state_history,low_order,future/9ps/instantaneous_TDA_H0,3,-0.0027964278946028035,-0.006591989103175115,0.000544821671849369,17
B,A,state_history,low_order,future/9ps/instantaneous_TDA_H1,3,0.000666450343879999,-0.002943325013506647,0.0041219101963089946,17
B,A,state_history,low_order,future/9ps/instantaneous_TDA_H2,3,-0.00503718224810619,-0.008494558977876224,-0.002037643327140341,17
B,A,state_history,low_order,future/9ps/motion_even,3,0.004791189058154238,-0.009463075110140967,0.018382890171864435,17
B,A,state_history,low_order,future/9ps/motion_odd,3,-0.013397291594860602,-0.05111005076882886,0.019969915204188397,17
B,A,state_history,low_order,path/0.75ps/mean_std_qbar6,3,-0.009942855165504357,-0.017717271358432138,-0.0013166089297966218,17
B,A,state_history,low_order,path/3ps/mean_std_qbar6,3,-0.011611569846304608,-0.01829468297438842,-0.004158161429679218,17
B,A,state_history,low_order,path/9ps/mean_std_qbar6,3,-0.011246623845734433,-0.017199896616569045,-0.004573260869273883,17
B,A,state_history,low_order,present/block_mean,3,0.012099316806282874,0.007617075383675344,0.016748405125272148,17
B,A,state_history,low_order,present/bond_order,3,0.006872896470275579,-0.004093695614559976,0.014661247210175381,17
B,A,state_history,low_order,present/instantaneous_TDA_H0,3,0.001288455052703035,-0.005904492290288795,0.007270072038997617,17
B,A,state_history,low_order,present/instantaneous_TDA_H1,3,0.0037230406613910907,-0.0010460738092660908,0.008378642870514997,17
B,A,state_history,low_order,present/instantaneous_TDA_H2,3,-3.2551002268697022e-06,-0.004181654579645278,0.0038800941488029888,17
B,A,state_history,low_order,present/motion_even,3,0.03511289872375189,0.023928234419401957,0.04783151903573203,17
B,A,state_history,low_order,present/motion_odd,3,0.025601865029802506,0.01051015789602317,0.04313803997402096,17
B,A,state_history,low_order,temporal/0.75ps/covariance_trace,3,0.054706017331530646,0.013319747770826024,0.10075654037063937,16
B,A,state_history,low_order,temporal/0.75ps/increment_p95,3,0.03094035722315309,-0.03279833001860729,0.0903090488538145,16
B,A,state_history,low_order,temporal/0.75ps/increment_rms,3,0.0021268377701441467,-0.03717934273493786,0.03836712571792303,16
B,A,state_history,low_order,temporal/0.75ps/normalized_rms_jump,3,-0.02703214955924465,-0.05721273877908603,-0.0026303369002958605,16
C,B,joint,all,delta/0.75ps/block_mean,3,-0.0019505345952455682,-0.005810539621980523,0.0015705955132876508,30
C,B,joint,all,delta/0.75ps/bond_order,3,0.0014433036868770918,-0.00014149090068207843,0.002817281249703632,30
C,B,joint,all,delta/0.75ps/instantaneous_TDA_H0,3,-0.008873870554897523,-0.014522760947131449,-0.0037626846548583807,30
C,B,joint,all,delta/0.75ps/instantaneous_TDA_H1,3,0.001905594683355755,0.0010163232642743322,0.0027265657546619577,30
C,B,joint,all,delta/0.75ps/instantaneous_TDA_H2,3,8.814562526014104e-05,-0.0011722552486591869,0.0013644942672302314,30
C,B,joint,all,delta/0.75ps/motion_even,3,-0.0021354297796885168,-0.0183519583940506,0.012382889091968514,30
C,B,joint,all,delta/0.75ps/motion_odd,3,-0.004130951232380337,-0.017189693169461354,0.009541747189230381,30
C,B,joint,all,delta/3ps/block_mean,3,0.00603753924714746,0.00026184061335191776,0.011859725624823044,30
C,B,joint,all,delta/3ps/bond_order,3,0.0013841635444098049,-0.00018408357424454553,0.002795342536539667,30
C,B,joint,all,delta/3ps/instantaneous_TDA_H0,3,-0.007707971996731229,-0.01591337530977196,0.0005678444397118338,30
C,B,joint,all,delta/3ps/instantaneous_TDA_H1,3,0.002003642171621323,-1.3386168413691869e-05,0.004037289054443438,30
C,B,joint,all,delta/3ps/instantaneous_TDA_H2,3,-0.00021937642660405915,-0.002595208728065094,0.0019384212885051944,30
C,B,joint,all,delta/3ps/motion_even,3,0.018980279233720566,-0.00045943788356251063,0.03713288019100822,30
C,B,joint,all,delta/3ps/motion_odd,3,0.021784498956468373,0.0005786712136533523,0.04256985205743048,30
C,B,joint,all,delta/9ps/block_mean,3,0.005534359026286329,-0.001246725684894186,0.01196840281175724,30
C,B,joint,all,delta/9ps/bond_order,3,0.0005900913642512427,-0.003908815670034123,0.005333415508373738,30
C,B,joint,all,delta/9ps/instantaneous_TDA_H0,3,-0.0020208691557248434,-0.009984788861539624,0.00628737263795401,30
C,B,joint,all,delta/9ps/instantaneous_TDA_H1,3,0.002494083262152142,0.0004736748730970753,0.004465979706082078,30
C,B,joint,all,delta/9ps/instantaneous_TDA_H2,3,0.0004294066793388789,-0.0033251213675571803,0.004045860937072168,30
C,B,joint,all,delta/9ps/motion_even,3,0.007779671086205376,-0.014317553937435154,0.028973352677292293,30
C,B,joint,all,delta/9ps/motion_odd,3,0.023933770921495224,0.005013772812154558,0.04358200141125254,30
C,B,joint,all,future/0.75ps/block_mean,3,0.1481335715287262,0.11616930683936787,0.1850329353608605,30
C,B,joint,all,future/0.75ps/bond_order,3,0.1845202864872085,0.15397248168786365,0.21707062711111375,30
C,B,joint,all,future/0.75ps/instantaneous_TDA_H0,3,0.23544213705592687,0.1614038878161874,0.3148689394816756,30
C,B,joint,all,future/0.75ps/instantaneous_TDA_H1,3,0.24591556290785468,0.17188013557137716,0.33358101207555996,30
C,B,joint,all,future/0.75ps/instantaneous_TDA_H2,3,0.23950343860520257,0.18096838717866273,0.3049627089810868,30
C,B,joint,all,future/0.75ps/motion_even,3,-0.023530341850386723,-0.046537441660960535,-0.0008305121875471743,30
C,B,joint,all,future/0.75ps/motion_odd,3,0.00695034596655104,-0.00677515071299341,0.021244307971662945,30
C,B,joint,all,future/3ps/block_mean,3,0.1496176094782573,0.11549515634206017,0.18753361694152568,30
C,B,joint,all,future/3ps/bond_order,3,0.17469600240389502,0.1448510434892442,0.20328619613829588,30
C,B,joint,all,future/3ps/instantaneous_TDA_H0,3,0.2663410269551807,0.18231033871985144,0.356295282025304,30
C,B,joint,all,future/3ps/instantaneous_TDA_H1,3,0.2324846293363306,0.16202116660980712,0.3031983701305256,30
C,B,joint,all,future/3ps/instantaneous_TDA_H2,3,0.23713927898142073,0.17604776537252795,0.3035432402127317,30
C,B,joint,all,future/3ps/motion_even,3,-0.0036422908306121804,-0.025903503911362754,0.018838088926341794,30
C,B,joint,all,future/3ps/motion_odd,3,-0.009312989976671007,-0.023592692116896307,0.005593875009152619,30
C,B,joint,all,future/9ps/block_mean,3,0.1355743879314374,0.10219386205646315,0.1705554072445051,30
C,B,joint,all,future/9ps/bond_order,3,0.16176021214988495,0.13127335670507617,0.19522412666016153,30
C,B,joint,all,future/9ps/instantaneous_TDA_H0,3,0.2315892939766248,0.1475293893346356,0.3256957737335728,30
C,B,joint,all,future/9ps/instantaneous_TDA_H1,3,0.21865563777585828,0.1486597768103497,0.292107636022071,30
C,B,joint,all,future/9ps/instantaneous_TDA_H2,3,0.2306205600500107,0.1687503358752777,0.2980602768487813,30
C,B,joint,all,future/9ps/motion_even,3,-0.018124224411116708,-0.043329838555720125,0.007719535612397696,30
C,B,joint,all,future/9ps/motion_odd,3,-0.011055151952637563,-0.02590555131435394,0.0022748145295513967,30
C,B,joint,all,path/0.75ps/mean_std_qbar6,3,0.15862643028247278,0.10670125025537949,0.21594664976291822,30
C,B,joint,all,path/3ps/mean_std_qbar6,3,0.1588563313267918,0.10678560137929809,0.2137892161823887,30
C,B,joint,all,path/9ps/mean_std_qbar6,3,0.15494330575844892,0.10579522357438692,0.21373816410461174,30
C,B,joint,all,present/block_mean,3,0.16073605824192916,0.12141826106312993,0.20517625210522147,30
C,B,joint,all,present/bond_order,3,0.19625105286637945,0.16301360479452545,0.23026761973483698,30
C,B,joint,all,present/instantaneous_TDA_H0,3,0.2525741308099694,0.17188826566148138,0.3469320545469721,30
C,B,joint,all,present/instantaneous_TDA_H1,3,0.24624630353517005,0.17528983969034415,0.32611578867460284,30
C,B,joint,all,present/instantaneous_TDA_H2,3,0.24223363558865255,0.1894015976621045,0.30702377879785164,30
C,B,joint,all,present/motion_even,3,0.020354539155960083,-0.01038604860504468,0.050663643131653446,30
C,B,joint,all,present/motion_odd,3,0.0067566874954435585,-0.008579910389251176,0.01992357921269204,30
C,B,joint,all,temporal/0.75ps/covariance_trace,3,8.540572726560962,6.8455993526470325,10.329167716768053,30
C,B,joint,all,temporal/0.75ps/increment_p95,3,4.334938466532362,3.920898197571436,4.764151534860332,30
C,B,joint,all,temporal/0.75ps/increment_rms,3,2.738699915673998,2.486479092927442,2.9901572175406748,30
C,B,joint,all,temporal/0.75ps/normalized_rms_jump,3,0.24943937605435837,0.16731605910849118,0.33324507973138495,30
C,B,joint,at_risk,hazard/bin0/brier,3,0.007758757324290026,0.004774436380724722,0.009670524267124243,24
C,B,joint,at_risk,hazard/bin1/brier,3,0.014541674632696634,0.006723769889950225,0.019686939851730145,24
C,B,joint,at_risk,hazard/bin2/brier,3,0.028930228875875885,0.013015558163405359,0.03895227124972188,24
C,B,joint,at_risk,hazard/nll,3,0.08669219114947029,0.02725926075699035,0.12526592244858975,24
C,B,joint,low_order,delta/0.75ps/block_mean,3,-0.005830655836201966,-0.011176070874690833,-0.0006348250293799886,17
C,B,joint,low_order,delta/0.75ps/bond_order,3,-0.00015829474318261266,-0.002759254515609321,0.0023028379415764516,17
C,B,joint,low_order,delta/0.75ps/instantaneous_TDA_H0,3,-0.010493860525243422,-0.019906870651917128,-0.00016798805810657954,17
C,B,joint,low_order,delta/0.75ps/instantaneous_TDA_H1,3,0.0013484094364970337,9.753754472031322e-05,0.002567005942703462,17
C,B,joint,low_order,delta/0.75ps/instantaneous_TDA_H2,3,0.00023569940936331673,-0.003041413616315991,0.004776912832669177,17
C,B,joint,low_order,delta/0.75ps/motion_even,3,-0.00932997932621077,-0.03832328079962263,0.025975039981159454,17
C,B,joint,low_order,delta/0.75ps/motion_odd,3,-0.01658590926843531,-0.05122040818427123,0.010590129652444043,17
C,B,joint,low_order,delta/3ps/block_mean,3,-0.0014542487322115503,-0.007011688724038461,0.0035418518161510646,17
C,B,joint,low_order,delta/3ps/bond_order,3,-0.0009031193513496249,-0.00463287637149002,0.0022956250856320053,17
C,B,joint,low_order,delta/3ps/instantaneous_TDA_H0,3,-0.021168508219952677,-0.029903498281012564,-0.012362817360782168,17
C,B,joint,low_order,delta/3ps/instantaneous_TDA_H1,3,-0.0012528240388514948,-0.004709551669657232,0.0025903723695698882,17
C,B,joint,low_order,delta/3ps/instantaneous_TDA_H2,3,-0.0027086191317614388,-0.006137803098296417,0.0003619782590106413,17
C,B,joint,low_order,delta/3ps/motion_even,3,0.00419162126148448,-0.02467459345272943,0.032624913576771226,17
C,B,joint,low_order,delta/3ps/motion_odd,3,0.013115957087161498,-0.008369141817092893,0.0329319522807411,17
C,B,joint,low_order,delta/9ps/block_mean,3,-0.0014469760281393045,-0.010498276909545454,0.00700680676975523,17
C,B,joint,low_order,delta/9ps/bond_order,3,-0.0031814107707902506,-0.010932731504241625,0.005104054700510173,17
C,B,joint,low_order,delta/9ps/instantaneous_TDA_H0,3,-0.013175266338329687,-0.021903954833453778,-0.003972420541971338,17
C,B,joint,low_order,delta/9ps/instantaneous_TDA_H1,3,0.00019982070022938296,-0.002625502026913797,0.0032278053316415517,17
C,B,joint,low_order,delta/9ps/instantaneous_TDA_H2,3,-0.001840034828466528,-0.008723680339023179,0.005094111272517361,17
C,B,joint,low_order,delta/9ps/motion_even,3,-0.002935406039742865,-0.040089181854444385,0.03701239768780913,17
C,B,joint,low_order,delta/9ps/motion_odd,3,0.012250441108264174,-0.01339666701341961,0.035495062990515844,17
C,B,joint,low_order,future/0.75ps/block_mean,3,0.21264283519749547,0.16952120713232197,0.26050142086737976,17
C,B,joint,low_order,future/0.75ps/bond_order,3,0.232506417760662,0.17877803330547087,0.30491778950626935,17
C,B,joint,low_order,future/0.75ps/instantaneous_TDA_H0,3,0.33374416988854316,0.20174792049197005,0.46117829962396145,17
C,B,joint,low_order,future/0.75ps/instantaneous_TDA_H1,3,0.3795774489933369,0.26036883587857673,0.5052610592916609,17
C,B,joint,low_order,future/0.75ps/instantaneous_TDA_H2,3,0.35993448834793235,0.28929280938544105,0.4423889100551604,17
C,B,joint,low_order,future/0.75ps/motion_even,3,-0.038101777142169425,-0.07417002463457631,-0.002335181832313541,17
C,B,joint,low_order,future/0.75ps/motion_odd,3,0.008196263336667828,-0.02039900920262524,0.041031714061311626,17
C,B,joint,low_order,future/3ps/block_mean,3,0.23172578719608924,0.18277381080890598,0.2807234564966528,17
C,B,joint,low_order,future/3ps/bond_order,3,0.2311365151522206,0.16583293132922228,0.3275738590342156,17
C,B,joint,low_order,future/3ps/instantaneous_TDA_H0,3,0.43054152528444933,0.31971889011488824,0.5432961862643848,17
C,B,joint,low_order,future/3ps/instantaneous_TDA_H1,3,0.3933197582761447,0.28878210678915767,0.5037239960303492,17
C,B,joint,low_order,future/3ps/instantaneous_TDA_H2,3,0.3943271134413925,0.300617394873909,0.5046873224570468,17
C,B,joint,low_order,future/3ps/motion_even,3,-0.033522418901032094,-0.09132070313481723,0.011920654510750492,17
C,B,joint,low_order,future/3ps/motion_odd,3,-0.025447770076639516,-0.05166308280884051,-0.0016792312702712039,17
C,B,joint,low_order,future/9ps/block_mean,3,0.2089545213026938,0.16431929835672276,0.25355501230745237,17
C,B,joint,low_order,future/9ps/bond_order,3,0.20852786171085694,0.15646361103829215,0.2687781778145946,17
C,B,joint,low_order,future/9ps/instantaneous_TDA_H0,3,0.3850940485649249,0.2817549289240702,0.502085902172999,17
C,B,joint,low_order,future/9ps/instantaneous_TDA_H1,3,0.3579834505331283,0.2616609852030581,0.4480903302702832,17
C,B,joint,low_order,future/9ps/instantaneous_TDA_H2,3,0.3720324799856719,0.29716924974220055,0.44740221544954123,17
C,B,joint,low_order,future/9ps/motion_even,3,-0.04832792048360787,-0.08276750823738528,-0.01450407575158512,17
C,B,joint,low_order,future/9ps/motion_odd,3,-0.021582792494811265,-0.04383332154476175,-0.0005174909809640905,17
C,B,joint,low_order,path/0.75ps/mean_std_qbar6,3,0.2576460486697946,0.20002731568243942,0.32160322409826236,17
C,B,joint,low_order,path/3ps/mean_std_qbar6,3,0.2641326998013492,0.21112622671267567,0.3206949020989294,17
C,B,joint,low_order,path/9ps/mean_std_qbar6,3,0.2586858234335166,0.20828738636524113,0.320802128688414,17
C,B,joint,low_order,present/block_mean,3,0.23312441845199253,0.16814802565849293,0.2948104282783258,17
C,B,joint,low_order,present/bond_order,3,0.2598088814639578,0.18802690091451596,0.3613292994671591,17
C,B,joint,low_order,present/instantaneous_TDA_H0,3,0.3823595463353045,0.27008069489589503,0.5022233640957697,17
C,B,joint,low_order,present/instantaneous_TDA_H1,3,0.38422315465468987,0.2660978484862283,0.5022984263578466,17
C,B,joint,low_order,present/instantaneous_TDA_H2,3,0.37812954136261756,0.2887601234694468,0.4835213806881916,17
C,B,joint,low_order,present/motion_even,3,-0.0009805676983852003,-0.05103529899143705,0.050772935122835844,17
C,B,joint,low_order,present/motion_odd,3,-0.004794045406229355,-0.03044743117164163,0.017258747944644846,17
C,B,joint,low_order,temporal/0.75ps/covariance_trace,3,6.631202322430909,5.680673634633421,7.582342400859731,16
C,B,joint,low_order,temporal/0.75ps/increment_p95,3,4.445733863922456,4.056492248491073,4.885120338695123,16
C,B,joint,low_order,temporal/0.75ps/increment_rms,3,2.823545839016636,2.5839572984570016,3.0588321581172444,16
C,B,joint,low_order,temporal/0.75ps/normalized_rms_jump,3,0.11817496353351334,0.0027650630991055258,0.23883608550706578,16
C,B,linear,all,delta/0.75ps/block_mean,3,0.004289352176366033,0.0002441551914024768,0.008246856970126152,30
C,B,linear,all,delta/0.75ps/bond_order,3,0.0014206668568982016,0.00025994225819077734,0.002484587280907565,30
C,B,linear,all,delta/0.75ps/instantaneous_TDA_H0,3,-0.0019562248554494646,-0.004549588515526718,0.0005463670483893808,30
C,B,linear,all,delta/0.75ps/instantaneous_TDA_H1,3,0.001556022134092119,0.00032671269236339464,0.00280357376154926,30
C,B,linear,all,delta/0.75ps/instantaneous_TDA_H2,3,0.001256983975569407,-2.0638894703653238e-05,0.0025282522270248997,30
C,B,linear,all,delta/0.75ps/motion_even,3,-0.006375924083921644,-0.01783246924479802,0.004982151736815768,30
C,B,linear,all,delta/0.75ps/motion_odd,3,0.029834589031007552,0.008979497270451654,0.048606168760193705,30
C,B,linear,all,delta/3ps/block_mean,3,0.0069537121526621,0.0036045314368136523,0.010549631499409389,30
C,B,linear,all,delta/3ps/bond_order,3,0.007628739542431301,0.005787131207891636,0.009393709414742058,30
C,B,linear,all,delta/3ps/instantaneous_TDA_H0,3,-0.0004888233211305407,-0.0043405251370535955,0.0037805471238162767,30
C,B,linear,all,delta/3ps/instantaneous_TDA_H1,3,0.002116777085595661,0.000363951644135846,0.003684783933891191,30
C,B,linear,all,delta/3ps/instantaneous_TDA_H2,3,0.001570196118619707,0.00013857708829972484,0.002898751584192117,30
C,B,linear,all,delta/3ps/motion_even,3,0.00815005169974433,-0.004877054327064089,0.021578277068005667,30
C,B,linear,all,delta/3ps/motion_odd,3,0.022745331790712146,0.001202757043970956,0.04374653054608236,30
C,B,linear,all,delta/9ps/block_mean,3,0.0057818358246650966,0.0011452647687487957,0.010534813493679946,30
C,B,linear,all,delta/9ps/bond_order,3,0.010308839277260836,0.005995444289615584,0.014866772601898346,30
C,B,linear,all,delta/9ps/instantaneous_TDA_H0,3,0.001939438283443451,-0.0021501268322269124,0.005570343426532214,30
C,B,linear,all,delta/9ps/instantaneous_TDA_H1,3,0.000944723106092877,-0.0013067997516029413,0.0031534718722105023,30
C,B,linear,all,delta/9ps/instantaneous_TDA_H2,3,0.0017674175401528676,-0.0008799000249968636,0.0044439583664966946,30
C,B,linear,all,delta/9ps/motion_even,3,-0.003557169106271532,-0.01850498754117224,0.010585136272841028,30
C,B,linear,all,delta/9ps/motion_odd,3,0.02328776584731208,0.002563056614663868,0.04425566107034682,30
C,B,linear,all,future/0.75ps/block_mean,3,0.075821101486131,0.05647113629754771,0.09510247822092087,30
C,B,linear,all,future/0.75ps/bond_order,3,0.0478683935271369,0.028321976434025502,0.06567932298199998,30
C,B,linear,all,future/0.75ps/instantaneous_TDA_H0,3,0.15048363564742936,0.1115660454808838,0.1908574564341042,30
C,B,linear,all,future/0.75ps/instantaneous_TDA_H1,3,0.14905717596411702,0.10142402297920648,0.20205973445955247,30
C,B,linear,all,future/0.75ps/instantaneous_TDA_H2,3,0.13284318289823002,0.09964851724604766,0.17105021935370227,30
C,B,linear,all,future/0.75ps/motion_even,3,-0.01969193584389157,-0.037446236055758274,-0.0027174782587422314,30
C,B,linear,all,future/0.75ps/motion_odd,3,-0.005633843276235792,-0.025315680619743135,0.013521003151933353,30
C,B,linear,all,future/3ps/block_mean,3,0.09038623978418332,0.06634570481807545,0.11481827278655983,30
C,B,linear,all,future/3ps/bond_order,3,0.039978601121240194,0.020614373594936397,0.05979972844529482,30
C,B,linear,all,future/3ps/instantaneous_TDA_H0,3,0.18730294961068364,0.13231697354672686,0.2457557911073996,30
C,B,linear,all,future/3ps/instantaneous_TDA_H1,3,0.13783621084358957,0.09727540200162263,0.1799250124270717,30
C,B,linear,all,future/3ps/instantaneous_TDA_H2,3,0.13769868728187348,0.09987090897435943,0.17610270529571506,30
C,B,linear,all,future/3ps/motion_even,3,0.00790262950791253,-0.013606905051403577,0.026829069049821956,30
C,B,linear,all,future/3ps/motion_odd,3,0.03159836033980052,0.012727571510606344,0.051512618950671614,30
C,B,linear,all,future/9ps/block_mean,3,0.08586945101894715,0.06439607583521004,0.10826422265127163,30
C,B,linear,all,future/9ps/bond_order,3,0.05346279674106174,0.03222838860832983,0.07562369710041414,30
C,B,linear,all,future/9ps/instantaneous_TDA_H0,3,0.1587203702165021,0.11346221579031814,0.2142939625494181,30
C,B,linear,all,future/9ps/instantaneous_TDA_H1,3,0.13540288396179676,0.09083029799680743,0.18215754537843154,30
C,B,linear,all,future/9ps/instantaneous_TDA_H2,3,0.1363454613006777,0.09781148443619411,0.17913547906714183,30
C,B,linear,all,future/9ps/motion_even,3,-0.004380171166525948,-0.024977367288536497,0.014388738506370092,30
C,B,linear,all,future/9ps/motion_odd,3,0.03566536506017049,0.011700718419419396,0.061781230924857954,30
C,B,linear,all,path/0.75ps/mean_std_qbar6,3,0.08462263700655766,0.05814720424719982,0.11259673077794201,30
C,B,linear,all,path/3ps/mean_std_qbar6,3,0.08498731472581213,0.06013830739002313,0.11244299202445993,30
C,B,linear,all,path/9ps/mean_std_qbar6,3,0.08254383437128528,0.05905095824053408,0.11118583185430095,30
C,B,linear,all,present/block_mean,3,0.07466316174853731,0.05453346602773915,0.09591914365188806,30
C,B,linear,all,present/bond_order,3,0.0433337625530031,0.023267763681295843,0.06379023458187777,30
C,B,linear,all,present/instantaneous_TDA_H0,3,0.15388756005300414,0.11074740369700722,0.19825115806733568,30
C,B,linear,all,present/instantaneous_TDA_H1,3,0.14612859566178585,0.1003326672522558,0.1966983417080094,30
C,B,linear,all,present/instantaneous_TDA_H2,3,0.13747742859025797,0.10304176524902382,0.17604490247968993,30
C,B,linear,all,present/motion_even,3,-0.035560454924901334,-0.0583450101233191,-0.008370981588959747,30
C,B,linear,all,present/motion_odd,3,0.002712078558074103,-0.010102413760291204,0.013995983492996956,30
C,B,linear,all,temporal/0.75ps/covariance_trace,3,8.540572546505267,6.852163077087866,10.33073642420893,30
C,B,linear,all,temporal/0.75ps/increment_p95,3,4.3349384307199035,3.9308946236918367,4.756588236708608,30
C,B,linear,all,temporal/0.75ps/increment_rms,3,2.73869987030824,2.4760821064975524,2.9878516312191885,30
C,B,linear,all,temporal/0.75ps/normalized_rms_jump,3,0.24943938660384463,0.1616815349876551,0.3367221607719738,30
C,B,linear,at_risk,hazard/bin0/brier,3,-0.011385951066939822,-0.02509232675745478,-3.167071364739906e-05,24
C,B,linear,at_risk,hazard/bin1/brier,3,-0.026054373271512707,-0.059948938829847975,0.00013533290459942943,24
C,B,linear,at_risk,hazard/bin2/brier,3,-0.04419627208537552,-0.09198478872272568,-0.0020930146135570943,24
C,B,linear,at_risk,hazard/nll,3,-0.06358322032934262,-0.16416289339346501,0.02235869760107659,24
C,B,linear,low_order,delta/0.75ps/block_mean,3,0.002871726000425872,-0.003408070602545546,0.01013243771310337,17
C,B,linear,low_order,delta/0.75ps/bond_order,3,0.0010478664554801642,-0.0010312776464749785,0.0028669589473044165,17
C,B,linear,low_order,delta/0.75ps/instantaneous_TDA_H0,3,-0.0014501938632890288,-0.005604456226323165,0.002629796404610658,17
C,B,linear,low_order,delta/0.75ps/instantaneous_TDA_H1,3,0.0018569949795218075,0.0007894724169198204,0.0029288579435909493,17
C,B,linear,low_order,delta/0.75ps/instantaneous_TDA_H2,3,-0.0002415171440909891,-0.001999374362183552,0.00138692618804235,17
C,B,linear,low_order,delta/0.75ps/motion_even,3,0.0019512153139301376,-0.025249299699184942,0.0376230281065492,17
C,B,linear,low_order,delta/0.75ps/motion_odd,3,0.014065990261003082,-0.004953865677702661,0.03352087312469295,17
C,B,linear,low_order,delta/3ps/block_mean,3,0.011210197181093928,0.006277027332948313,0.016130797316630682,17
C,B,linear,low_order,delta/3ps/bond_order,3,0.008574077165594288,0.0051223442834966324,0.011501045419158888,17
C,B,linear,low_order,delta/3ps/instantaneous_TDA_H0,3,0.0029817603382409786,-0.0012584687009745952,0.007710068745940338,17
C,B,linear,low_order,delta/3ps/instantaneous_TDA_H1,3,0.003745623371180366,0.002086705345587403,0.005193862739000834,17
C,B,linear,low_order,delta/3ps/instantaneous_TDA_H2,3,0.002129671766477473,0.000815272228974922,0.003379876707114425,17
C,B,linear,low_order,delta/3ps/motion_even,3,-0.0012473528291664891,-0.02003096070359735,0.017311938866680733,17
C,B,linear,low_order,delta/3ps/motion_odd,3,0.05107740327423695,0.022798795413737204,0.07888203459043125,17
C,B,linear,low_order,delta/9ps/block_mean,3,0.005608525784576648,-0.0006399815707327533,0.011468916455758565,17
C,B,linear,low_order,delta/9ps/bond_order,3,0.006460650002255159,9.438579573350816e-05,0.013617820102794493,17
C,B,linear,low_order,delta/9ps/instantaneous_TDA_H0,3,0.002202600021572674,-0.001676771550567127,0.006047031882346843,17
C,B,linear,low_order,delta/9ps/instantaneous_TDA_H1,3,-0.0011465213462418203,-0.004331681720328098,0.0019560052008897647,17
C,B,linear,low_order,delta/9ps/instantaneous_TDA_H2,3,-0.0005221503476301829,-0.004660126711150594,0.003988285830207895,17
C,B,linear,low_order,delta/9ps/motion_even,3,-0.02160149754262438,-0.04199574256644529,-0.0030743481773956214,17
C,B,linear,low_order,delta/9ps/motion_odd,3,0.048258073920128396,0.023320561472107385,0.0703214426835378,17
C,B,linear,low_order,future/0.75ps/block_mean,3,0.0847229971946065,0.05934892500282015,0.11189026285961172,17
C,B,linear,low_order,future/0.75ps/bond_order,3,0.06262087909614338,0.024560356885194777,0.11378768381534834,17
C,B,linear,low_order,future/0.75ps/instantaneous_TDA_H0,3,0.1584453930457433,0.08981928370308642,0.22330169738726874,17
C,B,linear,low_order,future/0.75ps/instantaneous_TDA_H1,3,0.2054389646532489,0.1254627997457397,0.29269156999447754,17
C,B,linear,low_order,future/0.75ps/instantaneous_TDA_H2,3,0.1693944215190177,0.11661324218719027,0.22718194690259058,17
C,B,linear,low_order,future/0.75ps/motion_even,3,-0.04512700847550935,-0.07088308457066031,-0.01729997095524096,17
C,B,linear,low_order,future/0.75ps/motion_odd,3,-0.04243466667100495,-0.06718208024314805,-0.014117792453251647,17
C,B,linear,low_order,future/3ps/block_mean,3,0.13168165674493987,0.0822042246921341,0.18471827985524059,17
C,B,linear,low_order,future/3ps/bond_order,3,0.06245911574246836,0.015729671154244278,0.13712201556373457,17
C,B,linear,low_order,future/3ps/instantaneous_TDA_H0,3,0.2486796989744785,0.16993615863589093,0.33254185977081446,17
C,B,linear,low_order,future/3ps/instantaneous_TDA_H1,3,0.21733745874143112,0.13389457166925364,0.3090129582978346,17
C,B,linear,low_order,future/3ps/instantaneous_TDA_H2,3,0.20610948462112275,0.12673290330624462,0.304634475682442,17
C,B,linear,low_order,future/3ps/motion_even,3,-0.012005817072064275,-0.04729540882741704,0.018886164210590653,17
C,B,linear,low_order,future/3ps/motion_odd,3,0.06750999946220249,0.032953253885110216,0.10469684080750327,17
C,B,linear,low_order,future/9ps/block_mean,3,0.11867325486968351,0.08625501560692497,0.15332394817013145,17
C,B,linear,low_order,future/9ps/bond_order,3,0.06507426529538399,0.02764602849150405,0.11001732224488954,17
C,B,linear,low_order,future/9ps/instantaneous_TDA_H0,3,0.2125467145998104,0.14176362397550948,0.2943905428800659,17
C,B,linear,low_order,future/9ps/instantaneous_TDA_H1,3,0.20375366129127204,0.13379058204591274,0.2771181206565859,17
C,B,linear,low_order,future/9ps/instantaneous_TDA_H2,3,0.20219293459519455,0.14408581875465518,0.2678127485820476,17
C,B,linear,low_order,future/9ps/motion_even,3,-0.03853376326607723,-0.06655145232730052,-0.011350564651337344,17
C,B,linear,low_order,future/9ps/motion_odd,3,0.06700571670251736,0.030194938489619426,0.1075297544545987,17
C,B,linear,low_order,path/0.75ps/mean_std_qbar6,3,0.10399043958122824,0.06398128166785647,0.15005982182965627,17
C,B,linear,low_order,path/3ps/mean_std_qbar6,3,0.10605756479187631,0.06880073685121411,0.1455326067048636,17
C,B,linear,low_order,path/9ps/mean_std_qbar6,3,0.10240893671289088,0.06407109491764476,0.14553273461425814,17
C,B,linear,low_order,present/block_mean,3,0.09499811264229756,0.059576764924366504,0.13643769794630703,17
C,B,linear,low_order,present/bond_order,3,0.05754369205119563,0.01138646604456738,0.12428397451180453,17
C,B,linear,low_order,present/instantaneous_TDA_H0,3,0.18108506982817368,0.12264483577261368,0.24268067939681745,17
C,B,linear,low_order,present/instantaneous_TDA_H1,3,0.21475532022761365,0.1378112227564641,0.298624403442384,17
C,B,linear,low_order,present/instantaneous_TDA_H2,3,0.19714625822562798,0.12412939185057494,0.285018073997515,17
C,B,linear,low_order,present/motion_even,3,-0.08041025552095152,-0.10483180576679753,-0.05905512745181722,17
C,B,linear,low_order,present/motion_odd,3,-0.00013140895787407535,-0.020134189315870694,0.018194624445602006,17
C,B,linear,low_order,temporal/0.75ps/covariance_trace,3,6.63120197939376,5.725603892537766,7.575467351288535,16
C,B,linear,low_order,temporal/0.75ps/increment_p95,3,4.44573383629322,4.0394671689749995,4.87536491013132,16
C,B,linear,low_order,temporal/0.75ps/increment_rms,3,2.823545736571153,2.5907336563803254,3.05871343795831,16
C,B,linear,low_order,temporal/0.75ps/normalized_rms_jump,3,0.11817498164269234,0.0044014224763786036,0.24567948383131324,16
C,B,nonlinear,all,delta/0.75ps/block_mean,3,-0.0029995318674654855,-0.00588077009638289,-0.000293332242268934,30
C,B,nonlinear,all,delta/0.75ps/bond_order,3,-0.00734929469310575,-0.01131367801792092,-0.0036710339986408755,30
C,B,nonlinear,all,delta/0.75ps/instantaneous_TDA_H0,3,-0.004706226785977682,-0.008730988879170684,-0.0010960360223220458,30
C,B,nonlinear,all,delta/0.75ps/instantaneous_TDA_H1,3,-0.0009051735202471415,-0.0017732365367313222,-7.590222068958876e-05,30
C,B,nonlinear,all,delta/0.75ps/instantaneous_TDA_H2,3,0.0010902933776378632,0.00023466047106517694,0.0018919249148004586,30
C,B,nonlinear,all,delta/0.75ps/motion_even,3,-0.00929223034116957,-0.01792330500152376,-0.0009401948915587567,30
C,B,nonlinear,all,delta/0.75ps/motion_odd,3,0.0031654407580693563,-0.008263355981972483,0.013745223995712055,30
C,B,nonlinear,all,delta/3ps/block_mean,3,-0.004011753774075597,-0.007013591803713808,-0.0011885558943160717,30
C,B,nonlinear,all,delta/3ps/bond_order,3,-0.006905570377906164,-0.011410532562683028,-0.0027180036861035564,30
C,B,nonlinear,all,delta/3ps/instantaneous_TDA_H0,3,-0.007148301435841455,-0.01256934329867363,-0.0017924215768774364,30
C,B,nonlinear,all,delta/3ps/instantaneous_TDA_H1,3,-0.0005337205198076035,-0.0016716110685633286,0.0004984883198307612,30
C,B,nonlinear,all,delta/3ps/instantaneous_TDA_H2,3,0.0010669626709487701,3.621394021643529e-05,0.0021373359072539544,30
C,B,nonlinear,all,delta/3ps/motion_even,3,-0.012488130728403725,-0.023379866629838948,-0.0023591063585546293,30
C,B,nonlinear,all,delta/3ps/motion_odd,3,0.0019382377465565993,-0.012958043018976847,0.016842846886979186,30
C,B,nonlinear,all,delta/9ps/block_mean,3,-7.844787711898812e-05,-0.00408960733390241,0.003686725152656418,30
C,B,nonlinear,all,delta/9ps/bond_order,3,-0.0019805867017971142,-0.006497842193995083,0.0024052579644032643,30
C,B,nonlinear,all,delta/9ps/instantaneous_TDA_H0,3,-0.0016830256415738007,-0.0061713243337969,0.002339307678242516,30
C,B,nonlinear,all,delta/9ps/instantaneous_TDA_H1,3,0.00034539732668134907,-0.0008045918163326053,0.0014120527853568393,30
C,B,nonlinear,all,delta/9ps/instantaneous_TDA_H2,3,0.002320806144012345,0.0008128883772426178,0.0038829632289707657,30
C,B,nonlinear,all,delta/9ps/motion_even,3,-0.012407260470920138,-0.02193253838353687,-0.004113253338469404,30
C,B,nonlinear,all,delta/9ps/motion_odd,3,0.012933982080883448,-0.00570563511715995,0.030897306617763295,30
C,B,nonlinear,all,future/0.75ps/block_mean,3,0.09328162977816884,0.0716582059211753,0.11612317654821608,30
C,B,nonlinear,all,future/0.75ps/bond_order,3,0.11396272099680371,0.08614087700843812,0.1386995873103539,30
C,B,nonlinear,all,future/0.75ps/instantaneous_TDA_H0,3,0.1603792007598612,0.12111102785915134,0.20479001023082266,30
C,B,nonlinear,all,future/0.75ps/instantaneous_TDA_H1,3,0.14067364161213242,0.09821256686622899,0.18678131179677118,30
C,B,nonlinear,all,future/0.75ps/instantaneous_TDA_H2,3,0.1314519623087512,0.098316078564773,0.17140896494396857,30
C,B,nonlinear,all,future/0.75ps/motion_even,3,-0.00021753244929843436,-0.017982231809033286,0.017736780511008347,30
C,B,nonlinear,all,future/0.75ps/motion_odd,3,0.013439785440762835,-0.00562347879840268,0.03194313592380948,30
C,B,nonlinear,all,future/3ps/block_mean,3,0.09184810127373094,0.07054838085512596,0.11434288148906219,30
C,B,nonlinear,all,future/3ps/bond_order,3,0.10712355656756296,0.0806374370948308,0.1351626297645271,30
C,B,nonlinear,all,future/3ps/instantaneous_TDA_H0,3,0.18435984229048094,0.13318585902245508,0.2401972241430647,30
C,B,nonlinear,all,future/3ps/instantaneous_TDA_H1,3,0.126406802650955,0.09491591310128569,0.15864701630547645,30
C,B,nonlinear,all,future/3ps/instantaneous_TDA_H2,3,0.1302897709939215,0.09547770215405357,0.16928556234265366,30
C,B,nonlinear,all,future/3ps/motion_even,3,0.0008009503285090121,-0.014299614363246496,0.016536939822965196,30
C,B,nonlinear,all,future/3ps/motion_odd,3,0.002107684810956319,-0.016056878127985535,0.019114761766460202,30
C,B,nonlinear,all,future/9ps/block_mean,3,0.0818417277325083,0.06059015313715295,0.10585492764789334,30
C,B,nonlinear,all,future/9ps/bond_order,3,0.10752274220188458,0.08113997420089113,0.13434120706179073,30
C,B,nonlinear,all,future/9ps/instantaneous_TDA_H0,3,0.1596824255254533,0.10808766320968667,0.21632666642467177,30
C,B,nonlinear,all,future/9ps/instantaneous_TDA_H1,3,0.1218204080644581,0.08329457213481267,0.16271755803997312,30
C,B,nonlinear,all,future/9ps/instantaneous_TDA_H2,3,0.1250169856266843,0.08990093214437364,0.16162579682966075,30
C,B,nonlinear,all,future/9ps/motion_even,3,-0.007177148593796626,-0.025763993048005633,0.011214412757092031,30
C,B,nonlinear,all,future/9ps/motion_odd,3,-0.015815046429634095,-0.03890413240426116,0.004778206969300902,30
C,B,nonlinear,all,path/0.75ps/mean_std_qbar6,3,0.08107658355600303,0.054717182717544756,0.11025684574282622,30
C,B,nonlinear,all,path/3ps/mean_std_qbar6,3,0.08208930170060033,0.05587726475114727,0.10997680823913669,30
C,B,nonlinear,all,path/9ps/mean_std_qbar6,3,0.08317741264537391,0.056287075899243866,0.11387207082007082,30
C,B,nonlinear,all,present/block_mean,3,0.09077890608804647,0.0696314971974223,0.11217029870091076,30
C,B,nonlinear,all,present/bond_order,3,0.12096609903706444,0.08776264173910023,0.15436609551103578,30
C,B,nonlinear,all,present/instantaneous_TDA_H0,3,0.16021989840600223,0.11703716201914681,0.2059404503347145,30
C,B,nonlinear,all,present/instantaneous_TDA_H1,3,0.14408670411341717,0.10521738561698132,0.18877265821418,30
C,B,nonlinear,all,present/instantaneous_TDA_H2,3,0.1367563005329834,0.10131473649189703,0.1755976129664729,30
C,B,nonlinear,all,present/motion_even,3,-0.029399898648262025,-0.04647738963365556,-0.011218364056613727,30
C,B,nonlinear,all,present/motion_odd,3,0.012044333087073433,-0.010774656848775014,0.03597002222306198,30
C,B,nonlinear,all,temporal/0.75ps/covariance_trace,3,8.540572546505267,6.8829504846181315,10.277345401812346,30
C,B,nonlinear,all,temporal/0.75ps/increment_p95,3,4.3349384307199035,3.921524192019469,4.766899029617508,30
C,B,nonlinear,all,temporal/0.75ps/increment_rms,3,2.73869987030824,2.4942779907253056,3.001078079077933,30
C,B,nonlinear,all,temporal/0.75ps/normalized_rms_jump,3,0.24943938660384463,0.16842173840253682,0.3348709032673151,30
C,B,nonlinear,at_risk,hazard/bin0/brier,3,-0.010147046343831394,-0.02371889313933954,-0.0009503160168643732,24
C,B,nonlinear,at_risk,hazard/bin1/brier,3,-0.030216914741370397,-0.06605248414328094,-0.003655458603939934,24
C,B,nonlinear,at_risk,hazard/bin2/brier,3,-0.0480611318443304,-0.10144096784405797,-0.007628071479425433,24
C,B,nonlinear,at_risk,hazard/nll,3,-0.0854753436126177,-0.1948516769570738,-0.003492490775614798,24
C,B,nonlinear,low_order,delta/0.75ps/block_mean,3,-0.007913302971062314,-0.0142206670405964,-0.002432501967387664,17
C,B,nonlinear,low_order,delta/0.75ps/bond_order,3,-0.015245565742838618,-0.019431015787025288,-0.011175472311237281,17
C,B,nonlinear,low_order,delta/0.75ps/instantaneous_TDA_H0,3,-0.005448665689019596,-0.012664252033858908,0.0022805412683416793,17
C,B,nonlinear,low_order,delta/0.75ps/instantaneous_TDA_H1,3,-0.0018714875275013495,-0.0030476104212450047,-0.0007420423970210789,17
C,B,nonlinear,low_order,delta/0.75ps/instantaneous_TDA_H2,3,0.0014005459698976253,-0.0005511230149982022,0.004614139110872557,17
C,B,nonlinear,low_order,delta/0.75ps/motion_even,3,-0.016434214863122677,-0.030660594649174644,-0.0032561262740808386,17
C,B,nonlinear,low_order,delta/0.75ps/motion_odd,3,-0.00988042997378929,-0.03923608162531666,0.015636516771480126,17
C,B,nonlinear,low_order,delta/3ps/block_mean,3,-0.005102131686179468,-0.009042277372156097,-0.0013366895673029607,17
C,B,nonlinear,low_order,delta/3ps/bond_order,3,-0.014013344604595034,-0.02008813718224273,-0.007866476443322275,17
C,B,nonlinear,low_order,delta/3ps/instantaneous_TDA_H0,3,-0.014705113336151723,-0.022245653090523735,-0.007320157277817827,17
C,B,nonlinear,low_order,delta/3ps/instantaneous_TDA_H1,3,-0.002079898966293709,-0.004081995704886959,-0.00015444570020133524,17
C,B,nonlinear,low_order,delta/3ps/instantaneous_TDA_H2,3,0.0004607199453840069,-0.0009731228883359947,0.002109492033281743,17
C,B,nonlinear,low_order,delta/3ps/motion_even,3,-0.011555563585430969,-0.024822171952794583,0.0015372059070596457,17
C,B,nonlinear,low_order,delta/3ps/motion_odd,3,0.011280410430010629,-0.014350441448828754,0.039344900349775926,17
C,B,nonlinear,low_order,delta/9ps/block_mean,3,-0.0003657381558559545,-0.006553598494440923,0.006181825034843838,17
C,B,nonlinear,low_order,delta/9ps/bond_order,3,-0.009044892209417678,-0.015503433317530388,-0.0024780335635239004,17
C,B,nonlinear,low_order,delta/9ps/instantaneous_TDA_H0,3,-0.007686123105825163,-0.014293242870446515,-0.0012786864796105561,17
C,B,nonlinear,low_order,delta/9ps/instantaneous_TDA_H1,3,-0.0005202924503999598,-0.002178219450162906,0.0010922399952131155,17
C,B,nonlinear,low_order,delta/9ps/instantaneous_TDA_H2,3,0.0013953869541486106,-0.0007471384772775217,0.0038137047204608973,17
C,B,nonlinear,low_order,delta/9ps/motion_even,3,-0.010832187007455266,-0.021138956850650266,-0.0003146221240361618,17
C,B,nonlinear,low_order,delta/9ps/motion_odd,3,0.024493678883813756,-0.0032615025367989546,0.051300122445978806,17
C,B,nonlinear,low_order,future/0.75ps/block_mean,3,0.11002824761070847,0.07317850405770335,0.14809936034992288,17
C,B,nonlinear,low_order,future/0.75ps/bond_order,3,0.12756938458073372,0.08400219312558571,0.18158434759095013,17
C,B,nonlinear,low_order,future/0.75ps/instantaneous_TDA_H0,3,0.18138140644512926,0.1100432812035376,0.2516030511910132,17
C,B,nonlinear,low_order,future/0.75ps/instantaneous_TDA_H1,3,0.1877344979667196,0.11379257221067068,0.27049407174116813,17
C,B,nonlinear,low_order,future/0.75ps/instantaneous_TDA_H2,3,0.17383293566458366,0.11400453601142062,0.24383347419948842,17
C,B,nonlinear,low_order,future/0.75ps/motion_even,3,-0.01609944245394538,-0.04159449026280759,0.009338979481482029,17
C,B,nonlinear,low_order,future/0.75ps/motion_odd,3,0.0057507034610299506,-0.02704682697852453,0.03678712275098351,17
C,B,nonlinear,low_order,future/3ps/block_mean,3,0.12691867525622344,0.08291841274602155,0.17952311297123819,17
C,B,nonlinear,low_order,future/3ps/bond_order,3,0.12730615732132222,0.07363984183791807,0.2004552993266021,17
C,B,nonlinear,low_order,future/3ps/instantaneous_TDA_H0,3,0.2529238891221729,0.1769345149087409,0.3307263054976275,17
C,B,nonlinear,low_order,future/3ps/instantaneous_TDA_H1,3,0.19474930316209793,0.11993323726323891,0.29615699625117503,17
C,B,nonlinear,low_order,future/3ps/instantaneous_TDA_H2,3,0.20140325204998838,0.1194247944280505,0.3052059838183077,17
C,B,nonlinear,low_order,future/3ps/motion_even,3,-0.014637109111337102,-0.04280076222676856,0.009300453084356617,17
C,B,nonlinear,low_order,future/3ps/motion_odd,3,-0.00023344100690355542,-0.02709855980732862,0.026171522543710815,17
C,B,nonlinear,low_order,future/9ps/block_mean,3,0.112618045753562,0.07274546381268725,0.15768155739262235,17
C,B,nonlinear,low_order,future/9ps/bond_order,3,0.1232970730931151,0.07455587985322755,0.17695953786811403,17
C,B,nonlinear,low_order,future/9ps/instantaneous_TDA_H0,3,0.23006876430236828,0.15120722096614247,0.3177790275300103,17
C,B,nonlinear,low_order,future/9ps/instantaneous_TDA_H1,3,0.1758375740518757,0.10604375273208409,0.24716130045479998,17
C,B,nonlinear,low_order,future/9ps/instantaneous_TDA_H2,3,0.18481048371861963,0.1200813621246055,0.2611673920177945,17
C,B,nonlinear,low_order,future/9ps/motion_even,3,-0.02197334228777418,-0.03778349076415979,-0.005327227419497924,17
C,B,nonlinear,low_order,future/9ps/motion_odd,3,-0.01633227835683262,-0.050722072390364664,0.014816398684884987,17
C,B,nonlinear,low_order,path/0.75ps/mean_std_qbar6,3,0.09285042920679439,0.053619681869396106,0.13849500754103977,17
C,B,nonlinear,low_order,path/3ps/mean_std_qbar6,3,0.0989238950880427,0.06088636894756015,0.14010860548998394,17
C,B,nonlinear,low_order,path/9ps/mean_std_qbar6,3,0.1012030728800478,0.06098500213302745,0.1484523384473469,17
C,B,nonlinear,low_order,present/block_mean,3,0.11450088620672817,0.07685400556979909,0.15623024156731036,17
C,B,nonlinear,low_order,present/bond_order,3,0.13090848849684583,0.07620713137747609,0.20741161059076874,17
C,B,nonlinear,low_order,present/instantaneous_TDA_H0,3,0.19976885047029047,0.13455036295322226,0.26178597498904255,17
C,B,nonlinear,low_order,present/instantaneous_TDA_H1,3,0.1970212748822044,0.1257567667055364,0.2826222612504281,17
C,B,nonlinear,low_order,present/instantaneous_TDA_H2,3,0.2010171902822513,0.12733037124807928,0.2951616584158995,17
C,B,nonlinear,low_order,present/motion_even,3,-0.05518890303723952,-0.08492403306505261,-0.030842059237115523,17
C,B,nonlinear,low_order,present/motion_odd,3,0.013478416146016588,-0.02588674531263464,0.05697599159297986,17
C,B,nonlinear,low_order,temporal/0.75ps/covariance_trace,3,6.63120197939376,5.706929074848692,7.550926380294065,16
C,B,nonlinear,low_order,temporal/0.75ps/increment_p95,3,4.44573383629322,4.059462812667091,4.863990880115889,16
C,B,nonlinear,low_order,temporal/0.75ps/increment_rms,3,2.823545736571153,2.5910772825436044,3.0532003595183292,16
C,B,nonlinear,low_order,temporal/0.75ps/normalized_rms_jump,3,0.11817498164269234,0.006913405907240066,0.2433852090447191,16
C,B,state_constant,all,delta/0.75ps/block_mean,3,-0.0008222364579085941,-0.0045497345405251365,0.0027908219017640282,30
C,B,state_constant,all,delta/0.75ps/bond_order,3,-0.006053688377141954,-0.009639015376774801,-0.002661077393632797,30
C,B,state_constant,all,delta/0.75ps/instantaneous_TDA_H0,3,-0.0049657680094242086,-0.008773138543797862,-0.0015828863800399844,30
C,B,state_constant,all,delta/0.75ps/instantaneous_TDA_H1,3,0.0008031380673249563,-0.00045563189105855085,0.0020516331266197878,30
C,B,state_constant,all,delta/0.75ps/instantaneous_TDA_H2,3,0.001558919913238949,0.0008929357822570535,0.0022471818948785463,30
C,B,state_constant,all,delta/0.75ps/motion_even,3,-0.010523531172010634,-0.019000780764553284,-0.002883664220571526,30
C,B,state_constant,all,delta/0.75ps/motion_odd,3,0.014247510830561323,-0.004875890786449115,0.033781930655240995,30
C,B,state_constant,all,delta/3ps/block_mean,3,-0.000514463976853422,-0.005438110387573636,0.004448549847325501,30
C,B,state_constant,all,delta/3ps/bond_order,3,-0.006388319987389777,-0.010984821374424632,-0.001994343505551417,30
C,B,state_constant,all,delta/3ps/instantaneous_TDA_H0,3,-0.004913949966430663,-0.009868538619743454,0.00015004890246523555,30
C,B,state_constant,all,delta/3ps/instantaneous_TDA_H1,3,0.0012582402262422776,-0.0002533032952083481,0.002874465932448704,30
C,B,state_constant,all,delta/3ps/instantaneous_TDA_H2,3,0.0013136734565099078,0.0004030375286108917,0.0021643281562460782,30
C,B,state_constant,all,delta/3ps/motion_even,3,-0.009675374958250256,-0.019164754682117036,-0.0005197944906022827,30
C,B,state_constant,all,delta/3ps/motion_odd,3,0.01531894736819797,-0.012592722508642408,0.04854915021194352,30
C,B,state_constant,all,delta/9ps/block_mean,3,0.0055524749853820745,6.518287713536763e-05,0.011225876118901572,30
C,B,state_constant,all,delta/9ps/bond_order,3,-0.0037288674256867843,-0.009303712295885716,0.0015151228026176445,30
C,B,state_constant,all,delta/9ps/instantaneous_TDA_H0,3,0.00011584386229515098,-0.004125238977786567,0.003929547891020773,30
C,B,state_constant,all,delta/9ps/instantaneous_TDA_H1,3,0.0021261123319466914,0.00031525322546561556,0.0038818850202692857,30
C,B,state_constant,all,delta/9ps/instantaneous_TDA_H2,3,0.0022835703359709845,0.0012032286284698378,0.0034160606438914934,30
C,B,state_constant,all,delta/9ps/motion_even,3,-0.009029118882285223,-0.01934326112270355,0.0002947534951898775,30
C,B,state_constant,all,delta/9ps/motion_odd,3,0.041547309690051604,0.010754172520505057,0.07341917360822359,30
C,B,state_constant,all,future/0.75ps/block_mean,3,0.09284947592489144,0.07075106497836747,0.1184267807365567,30
C,B,state_constant,all,future/0.75ps/bond_order,3,0.11706257073415648,0.09035336097288463,0.14600083363345928,30
C,B,state_constant,all,future/0.75ps/instantaneous_TDA_H0,3,0.16033883583214553,0.11625159884285594,0.20489325639481346,30
C,B,state_constant,all,future/0.75ps/instantaneous_TDA_H1,3,0.14030489466256568,0.0978834299888048,0.18682537309204533,30
C,B,state_constant,all,future/0.75ps/instantaneous_TDA_H2,3,0.13268863918880622,0.09962006172579196,0.17125736300937,30
C,B,state_constant,all,future/0.75ps/motion_even,3,-0.00407929519812266,-0.01614283819165494,0.007569489512178607,30
C,B,state_constant,all,future/0.75ps/motion_odd,3,0.010781210329797534,-0.009910912215709687,0.03176570552090803,30
C,B,state_constant,all,future/3ps/block_mean,3,0.09200542416009637,0.07095308241296422,0.11342449863751727,30
C,B,state_constant,all,future/3ps/bond_order,3,0.10826431372099456,0.08056441458356049,0.1365248589031398,30
C,B,state_constant,all,future/3ps/instantaneous_TDA_H0,3,0.185280406061146,0.13600685727679068,0.24036282594212233,30
C,B,state_constant,all,future/3ps/instantaneous_TDA_H1,3,0.12547096336881322,0.09530745588243006,0.15724173191313937,30
C,B,state_constant,all,future/3ps/instantaneous_TDA_H2,3,0.13085299167368147,0.09701717992002765,0.16835268546723656,30
C,B,state_constant,all,future/3ps/motion_even,3,-0.003702597154511346,-0.01128326223956214,0.002749073397782111,30
C,B,state_constant,all,future/3ps/motion_odd,3,0.005866467290454441,-0.010464718573623232,0.02433534946706558,30
C,B,state_constant,all,future/9ps/block_mean,3,0.08213433539839807,0.06067374990873592,0.10424576221758292,30
C,B,state_constant,all,future/9ps/bond_order,3,0.10487595001856488,0.07689965867747862,0.13161604419350625,30
C,B,state_constant,all,future/9ps/instantaneous_TDA_H0,3,0.16272326053844557,0.11172836342619524,0.21972602393271193,30
C,B,state_constant,all,future/9ps/instantaneous_TDA_H1,3,0.1202297998799218,0.08375591213918394,0.1579097185573644,30
C,B,state_constant,all,future/9ps/instantaneous_TDA_H2,3,0.1266005375732978,0.09156536671539975,0.1641095231825278,30
C,B,state_constant,all,future/9ps/motion_even,3,-0.009751685129271614,-0.021590272262692452,0.0012616397109296439,30
C,B,state_constant,all,future/9ps/motion_odd,3,-0.011871850490570069,-0.0317972073952357,0.006885651176174478,30
C,B,state_constant,all,path/0.75ps/mean_std_qbar6,3,0.08626928071025758,0.059677768373965386,0.11797237676037993,30
C,B,state_constant,all,path/3ps/mean_std_qbar6,3,0.08637681420788995,0.060448432205788175,0.1153203113364806,30
C,B,state_constant,all,path/9ps/mean_std_qbar6,3,0.08616734049671018,0.05916757885589807,0.11704659373693478,30
C,B,state_constant,all,present/block_mean,3,0.0936343343583522,0.07269620303857934,0.11503480727197947,30
C,B,state_constant,all,present/bond_order,3,0.12047590812047324,0.09083887429080076,0.15263881228864193,30
C,B,state_constant,all,present/instantaneous_TDA_H0,3,0.16069055526620815,0.11468593993948566,0.2048715121330072,30
C,B,state_constant,all,present/instantaneous_TDA_H1,3,0.14269644406934578,0.10512183185770282,0.18405478952349055,30
C,B,state_constant,all,present/instantaneous_TDA_H2,3,0.13352642299400438,0.09969420142575271,0.17087415946440562,30
C,B,state_constant,all,present/motion_even,3,-0.024095870720015625,-0.04012670112980736,-0.007253961579667199,30
C,B,state_constant,all,present/motion_odd,3,0.028512546420097356,-0.002802818086412217,0.06450602497491571,30
C,B,state_constant,all,temporal/0.75ps/covariance_trace,3,8.540572546505267,6.932053268019938,10.31300526589362,30
C,B,state_constant,all,temporal/0.75ps/increment_p95,3,4.3349384307199035,3.907284777936836,4.7942687681673295,30
C,B,state_constant,all,temporal/0.75ps/increment_rms,3,2.73869987030824,2.4936511461602318,2.988534676548508,30
C,B,state_constant,all,temporal/0.75ps/normalized_rms_jump,3,0.24943938660384463,0.16504304846516935,0.3295291540484532,30
C,B,state_constant,at_risk,hazard/bin0/brier,3,-0.009256516750359841,-0.02029333674415948,-0.0012523402059724026,24
C,B,state_constant,at_risk,hazard/bin1/brier,3,-0.02982820437420565,-0.06292282730292555,-0.004557642835715326,24
C,B,state_constant,at_risk,hazard/bin2/brier,3,-0.0466178189738255,-0.09541326066876019,-0.007179767666878611,24
C,B,state_constant,at_risk,hazard/nll,3,-0.07847595182182786,-0.1790295550570591,-0.0005660730157009059,24
C,B,state_constant,low_order,delta/0.75ps/block_mean,3,-0.0014120370782668306,-0.008670689007936938,0.005544212222513226,17
C,B,state_constant,low_order,delta/0.75ps/bond_order,3,-0.012866557667068406,-0.017285431987222502,-0.008420915755571103,17
C,B,state_constant,low_order,delta/0.75ps/instantaneous_TDA_H0,3,-0.005745194121903064,-0.012086363268249177,0.0005159272246208831,17
C,B,state_constant,low_order,delta/0.75ps/instantaneous_TDA_H1,3,0.000751213700163598,-0.0014560748183844137,0.002912278097195952,17
C,B,state_constant,low_order,delta/0.75ps/instantaneous_TDA_H2,3,0.0031598575559316894,0.0008434343863936033,0.006729256306939263,17
C,B,state_constant,low_order,delta/0.75ps/motion_even,3,-0.010442565469180836,-0.02310962452023637,0.0006777322759815232,17
C,B,state_constant,low_order,delta/0.75ps/motion_odd,3,0.01667102353245604,-0.019371551728131726,0.052850310153820926,17
C,B,state_constant,low_order,delta/3ps/block_mean,3,-0.0004505509011496182,-0.007691067399371882,0.007463943381836389,17
C,B,state_constant,low_order,delta/3ps/bond_order,3,-0.01341748412917642,-0.020080888961606164,-0.006828572604732188,17
C,B,state_constant,low_order,delta/3ps/instantaneous_TDA_H0,3,-0.012015197791305242,-0.018767241198642582,-0.005816721587496646,17
C,B,state_constant,low_order,delta/3ps/instantaneous_TDA_H1,3,0.0012640241606562746,-0.0017667253081705056,0.004279792447592698,17
C,B,state_constant,low_order,delta/3ps/instantaneous_TDA_H2,3,0.001423692586375218,0.00012154075883182818,0.0026142603261213675,17
C,B,state_constant,low_order,delta/3ps/motion_even,3,-0.0074104064819859525,-0.020438413877113197,0.005009877068154949,17
C,B,state_constant,low_order,delta/3ps/motion_odd,3,0.027452066248538447,-0.021022290794872764,0.07806969990625101,17
C,B,state_constant,low_order,delta/9ps/block_mean,3,0.007201977625026626,-0.002751304791993725,0.016394100378623575,17
C,B,state_constant,low_order,delta/9ps/bond_order,3,-0.01153202471779842,-0.02084810665132953,-0.0016110055806005843,17
C,B,state_constant,low_order,delta/9ps/instantaneous_TDA_H0,3,-0.004724803654586568,-0.010079437709760433,0.00012964017177913593,17
C,B,state_constant,low_order,delta/9ps/instantaneous_TDA_H1,3,0.002924059097673379,0.00025259686962646595,0.005810476006830439,17
C,B,state_constant,low_order,delta/9ps/instantaneous_TDA_H2,3,0.001903056221849778,-1.8276475077750586e-05,0.0042384213859251885,17
C,B,state_constant,low_order,delta/9ps/motion_even,3,-0.008126090554630054,-0.02169349932787465,0.004967812551002875,17
C,B,state_constant,low_order,delta/9ps/motion_odd,3,0.0627676693576516,0.014125114046128507,0.10682092207100458,17
C,B,state_constant,low_order,future/0.75ps/block_mean,3,0.1167126718811155,0.07913143990281359,0.15458541215287847,17
C,B,state_constant,low_order,future/0.75ps/bond_order,3,0.13224834335200927,0.08704757344562049,0.18850597487945178,17
C,B,state_constant,low_order,future/0.75ps/instantaneous_TDA_H0,3,0.18594251952919305,0.11406497719752438,0.2561435749571697,17
C,B,state_constant,low_order,future/0.75ps/instantaneous_TDA_H1,3,0.18461564212453133,0.11128029508479668,0.2620660471273403,17
C,B,state_constant,low_order,future/0.75ps/instantaneous_TDA_H2,3,0.1741341827985118,0.11980061008795805,0.2381339729325298,17
C,B,state_constant,low_order,future/0.75ps/motion_even,3,0.005189053568185545,-0.006504207294361264,0.01782442170615289,17
C,B,state_constant,low_order,future/0.75ps/motion_odd,3,0.018146289914262065,-0.021016995433498827,0.05770879345489483,17
C,B,state_constant,low_order,future/3ps/block_mean,3,0.12875504448425537,0.08813899366331159,0.1797171165935354,17
C,B,state_constant,low_order,future/3ps/bond_order,3,0.12870478805373695,0.07576929367348259,0.20448792149477132,17
C,B,state_constant,low_order,future/3ps/instantaneous_TDA_H0,3,0.2573917340122017,0.18171316512002084,0.336343666867298,17
C,B,state_constant,low_order,future/3ps/instantaneous_TDA_H1,3,0.18974128628478332,0.11518900021180219,0.2870487012589971,17
C,B,state_constant,low_order,future/3ps/instantaneous_TDA_H2,3,0.20075277487436932,0.12019544931530365,0.30349829989467175,17
C,B,state_constant,low_order,future/3ps/motion_even,3,-0.0070135464855268885,-0.022721331142911718,0.005712701497124687,17
C,B,state_constant,low_order,future/3ps/motion_odd,3,0.0029532301659677567,-0.02662737156246223,0.033339461801098834,17
C,B,state_constant,low_order,future/9ps/block_mean,3,0.11278288981883353,0.07588936302543074,0.15198637626310385,17
C,B,state_constant,low_order,future/9ps/bond_order,3,0.11674873852262309,0.06865887445415936,0.17382168246104432,17
C,B,state_constant,low_order,future/9ps/instantaneous_TDA_H0,3,0.23645453973143707,0.15321530497030297,0.3253811042609753,17
C,B,state_constant,low_order,future/9ps/instantaneous_TDA_H1,3,0.16823996004520678,0.10448730406442693,0.23675356652660692,17
C,B,state_constant,low_order,future/9ps/instantaneous_TDA_H2,3,0.18582225649380218,0.12290827529687508,0.25469553112326293,17
C,B,state_constant,low_order,future/9ps/motion_even,3,-0.011245016958199298,-0.02919559870280472,0.005610151004557505,17
C,B,state_constant,low_order,future/9ps/motion_odd,3,-0.019323138921868568,-0.055588318969981336,0.013606783908371825,17
C,B,state_constant,low_order,path/0.75ps/mean_std_qbar6,3,0.10079670568708987,0.06152719214134028,0.1483726119166057,17
C,B,state_constant,low_order,path/3ps/mean_std_qbar6,3,0.10499652318985145,0.06484066067085437,0.14982554158583897,17
C,B,state_constant,low_order,path/9ps/mean_std_qbar6,3,0.10417208379572807,0.062361975741691375,0.15034500609914425,17
C,B,state_constant,low_order,present/block_mean,3,0.1156816092605879,0.080465633571574,0.15712892009961887,17
C,B,state_constant,low_order,present/bond_order,3,0.12999476638494756,0.07877605458100637,0.2029347482228688,17
C,B,state_constant,low_order,present/instantaneous_TDA_H0,3,0.19414119188692053,0.1316922345947401,0.26081561015955373,17
C,B,state_constant,low_order,present/instantaneous_TDA_H1,3,0.18737931768683827,0.11785226736363828,0.2726250995827072,17
C,B,state_constant,low_order,present/instantaneous_TDA_H2,3,0.19024296039167574,0.1172974800873621,0.2829582995899459,17
C,B,state_constant,low_order,present/motion_even,3,-0.046094691636515604,-0.0729842285169106,-0.020734077399852228,17
C,B,state_constant,low_order,present/motion_odd,3,0.03842611084966098,-0.015799134575268804,0.10070724379198222,17
C,B,state_constant,low_order,temporal/0.75ps/covariance_trace,3,6.63120197939376,5.7449149665345125,7.52815512563878,16
C,B,state_constant,low_order,temporal/0.75ps/increment_p95,3,4.44573383629322,4.074061683034524,4.858351260741861,16
C,B,state_constant,low_order,temporal/0.75ps/increment_rms,3,2.823545736571153,2.5846907362031444,3.064814713705952,16
C,B,state_constant,low_order,temporal/0.75ps/normalized_rms_jump,3,0.11817498164269234,0.011715642078055935,0.24740352135360275,16
C,B,state_history,all,delta/0.75ps/block_mean,3,-0.0032497030372420905,-0.006640348106070796,-0.00016297176342318747,30
C,B,state_history,all,delta/0.75ps/bond_order,3,-0.007799792496694459,-0.012066092134142916,-0.0034681349527090812,30
C,B,state_history,all,delta/0.75ps/instantaneous_TDA_H0,3,-0.0031103074550628664,-0.006658935540666183,1.5669407116039165e-05,30
C,B,state_history,all,delta/0.75ps/instantaneous_TDA_H1,3,-0.002309701922867033,-0.0038847403455939565,-0.0008492581339346072,30
C,B,state_history,all,delta/0.75ps/instantaneous_TDA_H2,3,-0.0005586433741781446,-0.0019131578505039216,0.000729357484314176,30
C,B,state_history,all,delta/0.75ps/motion_even,3,0.0010473847389221196,-0.00847074023551411,0.009487254073222479,30
C,B,state_history,all,delta/0.75ps/motion_odd,3,-0.006767157713572187,-0.01861855198939641,0.004707296242316564,30
C,B,state_history,all,delta/3ps/block_mean,3,-0.0036233594089194565,-0.007342766404531338,0.00010282428348781767,30
C,B,state_history,all,delta/3ps/bond_order,3,-0.007596766038073433,-0.01171788916612665,-0.0035528734771327853,30
C,B,state_history,all,delta/3ps/instantaneous_TDA_H0,3,-0.00562264406018787,-0.009156576345364252,-0.002098507926695879,30
C,B,state_history,all,delta/3ps/instantaneous_TDA_H1,3,-0.0018893512586752568,-0.0038023513886663654,-8.898526016208883e-05,30
C,B,state_history,all,delta/3ps/instantaneous_TDA_H2,3,-0.0005673139045635858,-0.0020293713837034174,0.0008423481074472261,30
C,B,state_history,all,delta/3ps/motion_even,3,0.005252108309004041,-0.007057730886671276,0.016969452202320098,30
C,B,state_history,all,delta/3ps/motion_odd,3,-0.011316189501020644,-0.02429103982117441,0.0020534527467356714,30
C,B,state_history,all,delta/9ps/block_mean,3,-0.003090819585378521,-0.007080455918761863,0.0005220152459245336,30
C,B,state_history,all,delta/9ps/bond_order,3,-0.0060575982762707615,-0.012560607685397067,-0.00014160866124762484,30
C,B,state_history,all,delta/9ps/instantaneous_TDA_H0,3,-0.0014037035405635835,-0.0044972514423231285,0.0018106208203567391,30
C,B,state_history,all,delta/9ps/instantaneous_TDA_H1,3,-0.0007766422298219469,-0.0025467393009199037,0.0009285857093830899,30
C,B,state_history,all,delta/9ps/instantaneous_TDA_H2,3,0.0003889542073011399,-0.0016993735730648043,0.0025125096541725894,30
C,B,state_history,all,delta/9ps/motion_even,3,0.0032516777515411385,-0.00851656996541553,0.01439497393038538,30
C,B,state_history,all,delta/9ps/motion_odd,3,-0.013947605424457128,-0.02627943941288524,-0.0013089494572745496,30
C,B,state_history,all,future/0.75ps/block_mean,3,0.09464250522907132,0.0709937183631377,0.11996419357825756,30
C,B,state_history,all,future/0.75ps/bond_order,3,0.13155130429400338,0.10437335222959516,0.1595023125223815,30
C,B,state_history,all,future/0.75ps/instantaneous_TDA_H0,3,0.16275262352493072,0.11872957598831918,0.20923869611281487,30
C,B,state_history,all,future/0.75ps/instantaneous_TDA_H1,3,0.14241609589921106,0.09751345753048855,0.18989377671852706,30
C,B,state_history,all,future/0.75ps/instantaneous_TDA_H2,3,0.13560598484343953,0.10007670699308319,0.17533121987349456,30
C,B,state_history,all,future/0.75ps/motion_even,3,0.008982170290417143,-0.022297204683224353,0.0389536712401443,30
C,B,state_history,all,future/0.75ps/motion_odd,3,-0.013453147477573818,-0.02738474293715424,0.00036070965230464267,30
C,B,state_history,all,future/3ps/block_mean,3,0.09281086643674859,0.06890100302071205,0.11760444442931282,30
C,B,state_history,all,future/3ps/bond_order,3,0.12292637137903104,0.0963257681330045,0.14866138447696964,30
C,B,state_history,all,future/3ps/instantaneous_TDA_H0,3,0.1892974211110009,0.1338290319736633,0.24579760938882825,30
C,B,state_history,all,future/3ps/instantaneous_TDA_H1,3,0.12955282156666117,0.09333943601697682,0.16387384765057098,30
C,B,state_history,all,future/3ps/instantaneous_TDA_H2,3,0.13531017887095612,0.09788952197672592,0.17643146872623927,30
C,B,state_history,all,future/3ps/motion_even,3,-0.006279534432623121,-0.030780600830912594,0.017464659363031366,30
C,B,state_history,all,future/3ps/motion_odd,3,-0.013942059874534608,-0.025172187876370218,-0.0025619639870193326,30
C,B,state_history,all,future/9ps/block_mean,3,0.09146615769714117,0.06866796445084253,0.11657015782453256,30
C,B,state_history,all,future/9ps/bond_order,3,0.11704901821083494,0.08970071760730611,0.14294763507114516,30
C,B,state_history,all,future/9ps/instantaneous_TDA_H0,3,0.16641051843762394,0.11172813328396944,0.22931443607020702,30
C,B,state_history,all,future/9ps/instantaneous_TDA_H1,3,0.12534487036367253,0.08402767195883724,0.16633851310134753,30
C,B,state_history,all,future/9ps/instantaneous_TDA_H2,3,0.1314991829295953,0.0901497912707014,0.17394427181221542,30
C,B,state_history,all,future/9ps/motion_even,3,0.00924404627747006,-0.01592458223303159,0.03471258281833595,30
C,B,state_history,all,future/9ps/motion_odd,3,-0.000750690036349825,-0.01627066129611598,0.01454471329020127,30
C,B,state_history,all,path/0.75ps/mean_std_qbar6,3,0.09773150076830969,0.07043368536202858,0.13026182728573785,30
C,B,state_history,all,path/3ps/mean_std_qbar6,3,0.09880508815145328,0.07167824048762364,0.13101972452966337,30
C,B,state_history,all,path/9ps/mean_std_qbar6,3,0.0983762123156339,0.06922209836814242,0.13229638039289662,30
C,B,state_history,all,present/block_mean,3,0.08830771978116697,0.06584948459122744,0.1113163302959529,30
C,B,state_history,all,present/bond_order,3,0.11801612700025241,0.08530830580948127,0.15423504967656398,30
C,B,state_history,all,present/instantaneous_TDA_H0,3,0.1541373770684004,0.10759892988639573,0.2025605090666148,30
C,B,state_history,all,present/instantaneous_TDA_H1,3,0.14261220080984965,0.10028701733176909,0.18733073966888086,30
C,B,state_history,all,present/instantaneous_TDA_H2,3,0.13424560717410514,0.09986664833707942,0.17458766069159737,30
C,B,state_history,all,present/motion_even,3,-0.002335272232691446,-0.03475585386157037,0.027916790743668873,30
C,B,state_history,all,present/motion_odd,3,-0.016829721132914224,-0.027881979735361204,-0.005555448830127718,30
C,B,state_history,all,temporal/0.75ps/covariance_trace,3,8.540572546505267,6.962908917855886,10.268229990655348,30
C,B,state_history,all,temporal/0.75ps/increment_p95,3,4.3349384307199035,3.925338638138439,4.754288654070761,30
C,B,state_history,all,temporal/0.75ps/increment_rms,3,2.73869987030824,2.4780521398534376,2.991347349459926,30
C,B,state_history,all,temporal/0.75ps/normalized_rms_jump,3,0.24943938660384463,0.16170164228272246,0.33411353057917215,30
C,B,state_history,at_risk,hazard/bin0/brier,3,-0.008030445157620155,-0.017610427388438012,-0.0006344908360950588,24
C,B,state_history,at_risk,hazard/bin1/brier,3,-0.02423335176097731,-0.05409724456977945,-0.0022187112704803815,24
C,B,state_history,at_risk,hazard/bin2/brier,3,-0.041933761892753156,-0.08521526478214633,-0.006489431364525449,24
C,B,state_history,at_risk,hazard/nll,3,-0.0691957713796809,-0.16363390631191171,0.003310183887757972,24
C,B,state_history,low_order,delta/0.75ps/block_mean,3,-0.008237650289255027,-0.011781712615363347,-0.004932778883798453,17
C,B,state_history,low_order,delta/0.75ps/bond_order,3,-0.017908678043122385,-0.021705043728591177,-0.013758182050842869,17
C,B,state_history,low_order,delta/0.75ps/instantaneous_TDA_H0,3,-0.006440239355844609,-0.010856319982193266,-0.0019842479304940093,17
C,B,state_history,low_order,delta/0.75ps/instantaneous_TDA_H1,3,-0.00434139765360776,-0.006211061110975695,-0.002631403622674008,17
C,B,state_history,low_order,delta/0.75ps/instantaneous_TDA_H2,3,-0.0007308736151339961,-0.0038716561507944965,0.004334721590081847,17
C,B,state_history,low_order,delta/0.75ps/motion_even,3,-0.0037212196518393126,-0.017135509322671327,0.009310917001144543,17
C,B,state_history,low_order,delta/0.75ps/motion_odd,3,-0.016283493415982116,-0.03215696262378319,0.0010682037063673327,17
C,B,state_history,low_order,delta/3ps/block_mean,3,-0.006361666141577013,-0.010956234356473667,-0.0016729871742427317,17
C,B,state_history,low_order,delta/3ps/bond_order,3,-0.017780566770656436,-0.021801653069754443,-0.013832065904987794,17
C,B,state_history,low_order,delta/3ps/instantaneous_TDA_H0,3,-0.010430825399417502,-0.015637377408497476,-0.00543349451732402,17
C,B,state_history,low_order,delta/3ps/instantaneous_TDA_H1,3,-0.004533926938094345,-0.007902178193862533,-0.001229320156077544,17
C,B,state_history,low_order,delta/3ps/instantaneous_TDA_H2,3,-0.0024321838921191647,-0.004235874215031372,-0.0005280359922086497,17
C,B,state_history,low_order,delta/3ps/motion_even,3,0.0022546730789483756,-0.015583029710779002,0.019421661805872816,17
C,B,state_history,low_order,delta/3ps/motion_odd,3,-0.0052471669281230265,-0.02083439042463022,0.011408552848825262,17
C,B,state_history,low_order,delta/9ps/block_mean,3,-0.005233291655267577,-0.010171276620160059,-0.0005613567647706828,17
C,B,state_history,low_order,delta/9ps/bond_order,3,-0.01626562765415977,-0.023335007358999814,-0.008965987193526011,17
C,B,state_history,low_order,delta/9ps/instantaneous_TDA_H0,3,-0.004876520119461359,-0.008844949085922801,-0.0015835435878412412,17
C,B,state_history,low_order,delta/9ps/instantaneous_TDA_H1,3,-0.0019182196873075822,-0.004888652747168261,0.0009843143232751111,17
C,B,state_history,low_order,delta/9ps/instantaneous_TDA_H2,3,-0.0012715346380776046,-0.004235497263132357,0.002173951490983075,17
C,B,state_history,low_order,delta/9ps/motion_even,3,0.00522902198866302,-0.014296322739591787,0.02450050112663528,17
C,B,state_history,low_order,delta/9ps/motion_odd,3,-0.012296869821262126,-0.022085667345398928,-0.0023628749975971265,17
C,B,state_history,low_order,future/0.75ps/block_mean,3,0.11802570076257576,0.08017758325935383,0.1591072664462225,17
C,B,state_history,low_order,future/0.75ps/bond_order,3,0.16046085909885519,0.1058134307390919,0.23079553305299258,17
C,B,state_history,low_order,future/0.75ps/instantaneous_TDA_H0,3,0.19522655594582652,0.12091949781147289,0.2684262375876892,17
C,B,state_history,low_order,future/0.75ps/instantaneous_TDA_H1,3,0.199320592278359,0.11518277485727094,0.28279924982903043,17
C,B,state_history,low_order,future/0.75ps/instantaneous_TDA_H2,3,0.18749842325261998,0.12909420509183522,0.25265739506804474,17
C,B,state_history,low_order,future/0.75ps/motion_even,3,0.0037232111482059247,-0.04180507242095237,0.04560220349653094,17
C,B,state_history,low_order,future/0.75ps/motion_odd,3,-0.038075437148412064,-0.06612415059524424,-0.01062251649358695,17
C,B,state_history,low_order,future/3ps/block_mean,3,0.13642127669471152,0.08378982288896841,0.2017280685121887,17
C,B,state_history,low_order,future/3ps/bond_order,3,0.15707474844712835,0.09661398220296001,0.2453685051012857,17
C,B,state_history,low_order,future/3ps/instantaneous_TDA_H0,3,0.27042443327167454,0.18892630256675913,0.3498319980104033,17
C,B,state_history,low_order,future/3ps/instantaneous_TDA_H1,3,0.2070713794114543,0.12941639648348677,0.3156155483541535,17
C,B,state_history,low_order,future/3ps/instantaneous_TDA_H2,3,0.2170085956652959,0.13410579391992558,0.323282753274429,17
C,B,state_history,low_order,future/3ps/motion_even,3,-0.017164326765958,-0.05737803872017299,0.018599175822501073,17
C,B,state_history,low_order,future/3ps/motion_odd,3,-0.01588716986132603,-0.037675077015278384,0.013054041038541216,17
C,B,state_history,low_order,future/9ps/block_mean,3,0.13260122372774907,0.08665824289938887,0.1775470812619341,17
C,B,state_history,low_order,future/9ps/bond_order,3,0.1430386309238041,0.08864113635146151,0.20662286203792862,17
C,B,state_history,low_order,future/9ps/instantaneous_TDA_H0,3,0.2519067996272854,0.1725012057917375,0.3457983687300892,17
C,B,state_history,low_order,future/9ps/instantaneous_TDA_H1,3,0.1889131961792123,0.11898741434309996,0.2617670945165788,17
C,B,state_history,low_order,future/9ps/instantaneous_TDA_H2,3,0.20466301436809933,0.13736371293152666,0.2764916248163026,17
C,B,state_history,low_order,future/9ps/motion_even,3,0.0062202273630628385,-0.032172626081634965,0.043084881206353495,17
C,B,state_history,low_order,future/9ps/motion_odd,3,0.0008654739050304181,-0.022252944506266543,0.02615215737080457,17
C,B,state_history,low_order,path/0.75ps/mean_std_qbar6,3,0.12326295806241093,0.08247840705889226,0.16950561820378743,17
C,B,state_history,low_order,path/3ps/mean_std_qbar6,3,0.12906222153162838,0.08850611278184636,0.17426547911474655,17
C,B,state_history,low_order,path/9ps/mean_std_qbar6,3,0.1288277241675293,0.08635711788985075,0.17592549013686082,17
C,B,state_history,low_order,present/block_mean,3,0.11275467857280198,0.06412156841084603,0.1673141754302348,17
C,B,state_history,low_order,present/bond_order,3,0.13473940027110717,0.0677156755664185,0.23191158043257157,17
C,B,state_history,low_order,present/instantaneous_TDA_H0,3,0.19374591229008695,0.1330750547239886,0.25721405144488696,17
C,B,state_history,low_order,present/instantaneous_TDA_H1,3,0.2034817938418949,0.12398264693351936,0.29745422089289797,17
C,B,state_history,low_order,present/instantaneous_TDA_H2,3,0.20346164213968257,0.12704573259780222,0.30282233960963056,17
C,B,state_history,low_order,present/motion_even,3,-0.02965819601919137,-0.07808691920603023,0.01704688469568887,17
C,B,state_history,low_order,present/motion_odd,3,-0.029242481086768357,-0.041944446093311494,-0.01760971094755566,17
C,B,state_history,low_order,temporal/0.75ps/covariance_trace,3,6.63120197939376,5.743483916274273,7.567759096940668,16
C,B,state_history,low_order,temporal/0.75ps/increment_p95,3,4.44573383629322,4.0515216858219345,4.849565665178621,16
C,B,state_history,low_order,temporal/0.75ps/increment_rms,3,2.823545736571153,2.5826922217539203,3.062646554146583,16
C,B,state_history,low_order,temporal/0.75ps/normalized_rms_jump,3,0.11817498164269234,0.006530168263074044,0.24877997729896853,16
D,C,joint,all,delta/0.75ps/block_mean,3,0.004147051026423776,-0.001479579006080265,0.009224979680859377,30
D,C,joint,all,delta/0.75ps/bond_order,3,-0.0014301716867420407,-0.002203869665455487,-0.0005960862442023223,30
D,C,joint,all,delta/0.75ps/instantaneous_TDA_H0,3,0.0015812131265799205,-0.0006018675615390145,0.003973313700407743,30
D,C,joint,all,delta/0.75ps/instantaneous_TDA_H1,3,-0.0012301628788312273,-0.001955568293730418,-0.00043709941208362616,30
D,C,joint,all,delta/0.75ps/instantaneous_TDA_H2,3,0.001758960261940956,0.0003506427899830871,0.0032266612661381562,30
D,C,joint,all,delta/0.75ps/motion_even,3,0.010096233420901832,-0.004599046491914326,0.02594856704274813,30
D,C,joint,all,delta/0.75ps/motion_odd,3,0.0141062339146932,-0.012530344062381318,0.039602518644597795,30
D,C,joint,all,delta/3ps/block_mean,3,-0.0036320315053065613,-0.012003523153770304,0.0049398335012503895,30
D,C,joint,all,delta/3ps/bond_order,3,-0.0016500832719935309,-0.0028723827490790025,-0.0005364836276405397,30
D,C,joint,all,delta/3ps/instantaneous_TDA_H0,3,-0.0004916189445389646,-0.005138568381468453,0.003568379738264613,30
D,C,joint,all,delta/3ps/instantaneous_TDA_H1,3,-0.0012619842257764605,-0.0030200927663180557,0.0004382021745873811,30
D,C,joint,all,delta/3ps/instantaneous_TDA_H2,3,0.0019509281135267685,-0.0001592989721231991,0.004264335725456471,30
D,C,joint,all,delta/3ps/motion_even,3,-0.0059814095497131336,-0.025542324764860996,0.013824766543176426,30
D,C,joint,all,delta/3ps/motion_odd,3,-0.01435802115334405,-0.054560981144507734,0.0274943958222866,30
D,C,joint,all,delta/9ps/block_mean,3,-0.004273243382987052,-0.013418607634785409,0.00486082078802778,30
D,C,joint,all,delta/9ps/bond_order,3,0.0008854433687196841,-0.0018688849882326191,0.0034210424849556533,30
D,C,joint,all,delta/9ps/instantaneous_TDA_H0,3,0.0003714367747306827,-0.004953118939366604,0.004697288448611893,30
D,C,joint,all,delta/9ps/instantaneous_TDA_H1,3,-0.0011187281873491074,-0.003192406526456276,0.0008123441764877893,30
D,C,joint,all,delta/9ps/instantaneous_TDA_H2,3,0.0015167493373155593,-0.0021189144067466255,0.005197014032552635,30
D,C,joint,all,delta/9ps/motion_even,3,0.00827507442898221,-0.014944140232271618,0.031822936584552104,30
D,C,joint,all,delta/9ps/motion_odd,3,-0.035569436020321324,-0.0751653243932459,0.0036570712592866646,30
D,C,joint,all,future/0.75ps/block_mean,3,-0.05042824527179754,-0.0811743141217502,-0.019050384238017394,30
D,C,joint,all,future/0.75ps/bond_order,3,-0.06615466177463532,-0.09738379099302823,-0.03529770609198346,30
D,C,joint,all,future/0.75ps/instantaneous_TDA_H0,3,-0.07564816060993405,-0.13368776205306254,-0.02052590203161045,30
D,C,joint,all,future/0.75ps/instantaneous_TDA_H1,3,-0.0895395296315352,-0.1466018329519365,-0.03690922622258464,30
D,C,joint,all,future/0.75ps/instantaneous_TDA_H2,3,-0.09639429375529289,-0.151218983742098,-0.04347080499347715,30
D,C,joint,all,future/0.75ps/motion_even,3,0.0334964887963401,0.005702198462353812,0.058116897708839835,30
D,C,joint,all,future/0.75ps/motion_odd,3,-0.008329314655727811,-0.021474377330806524,0.0035370355513360667,30
D,C,joint,all,future/3ps/block_mean,3,-0.05244324933737516,-0.08641268689685534,-0.020889191434684165,30
D,C,joint,all,future/3ps/bond_order,3,-0.06339069737328423,-0.09100316283603511,-0.033926068577501516,30
D,C,joint,all,future/3ps/instantaneous_TDA_H0,3,-0.08125930337442291,-0.14570454565187294,-0.01641239561554478,30
D,C,joint,all,future/3ps/instantaneous_TDA_H1,3,-0.08825817025370068,-0.1448836519817511,-0.03052711451219192,30
D,C,joint,all,future/3ps/instantaneous_TDA_H2,3,-0.10090246924923525,-0.15520126749450958,-0.04825820001566575,30
D,C,joint,all,future/3ps/motion_even,3,0.019704198506143356,-0.005375256331430541,0.04302680912117164,30
D,C,joint,all,future/3ps/motion_odd,3,-0.0005530542797512475,-0.013000585163633028,0.011252784836623385,30
D,C,joint,all,future/9ps/block_mean,3,-0.045787593915506644,-0.08187218376090405,-0.007311938570605395,30
D,C,joint,all,future/9ps/bond_order,3,-0.06090709434615241,-0.09757510497338241,-0.022297968852023304,30
D,C,joint,all,future/9ps/instantaneous_TDA_H0,3,-0.07507612605889638,-0.14649774441288577,-0.007030009312762279,30
D,C,joint,all,future/9ps/instantaneous_TDA_H1,3,-0.08098086019357045,-0.1457383671299451,-0.011824756457160045,30
D,C,joint,all,future/9ps/instantaneous_TDA_H2,3,-0.0934498470690515,-0.1594938625809219,-0.024802628267142537,30
D,C,joint,all,future/9ps/motion_even,3,0.027891497148407832,-0.004333273594578108,0.0561203475627634,30
D,C,joint,all,future/9ps/motion_odd,3,0.007796867026223077,-0.003296875415576828,0.020270473501748498,30
D,C,joint,all,path/0.75ps/mean_std_qbar6,3,-0.05825077305133972,-0.10325828060559514,-0.01612508101466426,30
D,C,joint,all,path/3ps/mean_std_qbar6,3,-0.05918691427860823,-0.10390968507104036,-0.013264939042791338,30
D,C,joint,all,path/9ps/mean_std_qbar6,3,-0.05744500134864616,-0.1040373505269074,-0.011983863601538677,30
D,C,joint,all,present/block_mean,3,-0.0575133292556361,-0.09996821509674192,-0.01825014533423302,30
D,C,joint,all,present/bond_order,3,-0.06878872041900953,-0.1099299919232726,-0.031574098544402254,30
D,C,joint,all,present/instantaneous_TDA_H0,3,-0.08218932002782822,-0.15589506629440522,-0.01009508335342018,30
D,C,joint,all,present/instantaneous_TDA_H1,3,-0.08070101100537513,-0.15002099714552364,-0.01680976542540725,30
D,C,joint,all,present/instantaneous_TDA_H2,3,-0.09545010150306756,-0.15952977682774264,-0.036513845349351606,30
D,C,joint,all,present/motion_even,3,-0.018514590793185768,-0.04414027076628473,0.008240735448069032,30
D,C,joint,all,present/motion_odd,3,0.0005637682146496232,-0.02280469380319118,0.02562114466395643,30
D,C,joint,all,temporal/0.75ps/covariance_trace,3,0.324253402153651,-0.4288272131813897,1.1142684743967315,30
D,C,joint,all,temporal/0.75ps/increment_p95,3,-1.0730924657318326,-1.5133215123348764,-0.6625672443724346,30
D,C,joint,all,temporal/0.75ps/increment_rms,3,-0.7098503033320108,-0.96218505365981,-0.48055053720871627,30
D,C,joint,all,temporal/0.75ps/normalized_rms_jump,3,-0.13406395377028976,-0.18047894525551533,-0.09333751417977126,30
D,C,joint,at_risk,hazard/bin0/brier,3,-0.008960539074860089,-0.011888163392235853,-0.005535732663770113,24
D,C,joint,at_risk,hazard/bin1/brier,3,-0.018450812213902483,-0.025150576011754765,-0.009874756746586806,24
D,C,joint,at_risk,hazard/bin2/brier,3,-0.036021261712429954,-0.04689614304809689,-0.020334971432019875,24
D,C,joint,at_risk,hazard/nll,3,-0.09878855149306927,-0.13810763558358305,-0.03635959542079947,24
D,C,joint,low_order,delta/0.75ps/block_mean,3,0.008149230450976132,0.0003010125642070105,0.015363035551911474,17
D,C,joint,low_order,delta/0.75ps/bond_order,3,-0.0018442112441156423,-0.003255406792695616,-0.00037628106188540377,17
D,C,joint,low_order,delta/0.75ps/instantaneous_TDA_H0,3,0.0008704574669108671,-0.002221973773603346,0.003982187398508482,17
D,C,joint,low_order,delta/0.75ps/instantaneous_TDA_H1,3,-0.0012923609100136105,-0.0024363164589101187,-0.00018977209487382171,17
D,C,joint,low_order,delta/0.75ps/instantaneous_TDA_H2,3,0.002741714464683159,-0.0013827040937601342,0.005789578147232532,17
D,C,joint,low_order,delta/0.75ps/motion_even,3,0.02634327435025982,0.002648042726750466,0.04865077491484432,17
D,C,joint,low_order,delta/0.75ps/motion_odd,3,0.02207650857813218,-0.021478697862110884,0.06704188556063408,17
D,C,joint,low_order,delta/3ps/block_mean,3,0.002383537079189346,-0.004164255756178704,0.009394469984435772,17
D,C,joint,low_order,delta/3ps/bond_order,3,-0.0021374430142196955,-0.004303997660092279,5.3411882882024305e-05,17
D,C,joint,low_order,delta/3ps/instantaneous_TDA_H0,3,0.004824019968509673,0.0016752747745782722,0.007786536885096746,17
D,C,joint,low_order,delta/3ps/instantaneous_TDA_H1,3,0.0006954063679657731,-0.0027088055131482144,0.003742565839167901,17
D,C,joint,low_order,delta/3ps/instantaneous_TDA_H2,3,0.0054932515702995595,0.002577157227285937,0.008395280915440295,17
D,C,joint,low_order,delta/3ps/motion_even,3,0.013221296609616746,-0.009779012583050068,0.03614965136729034,17
D,C,joint,low_order,delta/3ps/motion_odd,3,-0.007795309027036033,-0.05067014491879472,0.03678196890681394,17
D,C,joint,low_order,delta/9ps/block_mean,3,0.0023196363651187546,-0.007166720356707001,0.01291529059933583,17
D,C,joint,low_order,delta/9ps/bond_order,3,0.001370669726063224,-0.0034804343921588914,0.006369081672792339,17
D,C,joint,low_order,delta/9ps/instantaneous_TDA_H0,3,0.0039947662575572146,0.0011812570888329954,0.00666582371455197,17
D,C,joint,low_order,delta/9ps/instantaneous_TDA_H1,3,-4.214837270624344e-06,-0.003008437003282939,0.0028200209871226665,17
D,C,joint,low_order,delta/9ps/instantaneous_TDA_H2,3,0.005220076470982795,3.9791976850406993e-05,0.010650460509692917,17
D,C,joint,low_order,delta/9ps/motion_even,3,0.027317388384949928,-0.006590007566938212,0.05985476070759343,17
D,C,joint,low_order,delta/9ps/motion_odd,3,-0.023980867811569977,-0.06453570808996172,0.017690743812743295,17
D,C,joint,low_order,future/0.75ps/block_mean,3,-0.11659116803187561,-0.14812884116758368,-0.0859046374228509,17
D,C,joint,low_order,future/0.75ps/bond_order,3,-0.13562293818183974,-0.17273372433641376,-0.10226980774279903,17
D,C,joint,low_order,future/0.75ps/instantaneous_TDA_H0,3,-0.17846759050792338,-0.24124692545327195,-0.12117357908328082,17
D,C,joint,low_order,future/0.75ps/instantaneous_TDA_H1,3,-0.20929170326859345,-0.2642049021690207,-0.15455870901179666,17
D,C,joint,low_order,future/0.75ps/instantaneous_TDA_H2,3,-0.21384496504769607,-0.26696950837093236,-0.16204507987142786,17
D,C,joint,low_order,future/0.75ps/motion_even,3,0.05205055720665876,0.03536817048694573,0.07147751484139292,17
D,C,joint,low_order,future/0.75ps/motion_odd,3,-0.014370368391859765,-0.044924224372587945,0.011699581350765974,17
D,C,joint,low_order,future/3ps/block_mean,3,-0.1228202650798302,-0.15157506721386432,-0.09139877803733244,17
D,C,joint,low_order,future/3ps/bond_order,3,-0.13527975538197687,-0.17158565578215262,-0.10103621926231714,17
D,C,joint,low_order,future/3ps/instantaneous_TDA_H0,3,-0.20973735507212435,-0.27131999774160337,-0.1521293818439339,17
D,C,joint,low_order,future/3ps/instantaneous_TDA_H1,3,-0.21971314035209955,-0.2702703671858591,-0.17137614562377043,17
D,C,joint,low_order,future/3ps/instantaneous_TDA_H2,3,-0.2278465847758686,-0.2799562528765961,-0.17437922136091133,17
D,C,joint,low_order,future/3ps/motion_even,3,0.04487837529649921,0.025613157480370765,0.06767408570238187,17
D,C,joint,low_order,future/3ps/motion_odd,3,0.010776869806588863,-0.008311749658748216,0.03467846042385287,17
D,C,joint,low_order,future/9ps/block_mean,3,-0.11966589371996378,-0.1518342027900241,-0.08705630476002163,17
D,C,joint,low_order,future/9ps/bond_order,3,-0.1416630895406592,-0.1746228554669548,-0.10949865532125913,17
D,C,joint,low_order,future/9ps/instantaneous_TDA_H0,3,-0.2018684448272574,-0.2735610829008853,-0.14426058353673596,17
D,C,joint,low_order,future/9ps/instantaneous_TDA_H1,3,-0.2161932556944735,-0.264310393606623,-0.16399589460708358,17
D,C,joint,low_order,future/9ps/instantaneous_TDA_H2,3,-0.228443474673173,-0.2799459059339236,-0.17724494491795117,17
D,C,joint,low_order,future/9ps/motion_even,3,0.05786395365116643,0.04312626823198562,0.07183131730439614,17
D,C,joint,low_order,future/9ps/motion_odd,3,0.012308948764614032,-0.004161538972574121,0.030376334780571505,17
D,C,joint,low_order,path/0.75ps/mean_std_qbar6,3,-0.1518239007495782,-0.1895262991804082,-0.1185145244947361,17
D,C,joint,low_order,path/3ps/mean_std_qbar6,3,-0.15671378870805103,-0.19223618840835258,-0.12371248206598504,17
D,C,joint,low_order,path/9ps/mean_std_qbar6,3,-0.15692039349917597,-0.1932077993374026,-0.12492969317853055,17
D,C,joint,low_order,present/block_mean,3,-0.1426763620678019,-0.18469661547577168,-0.09868017823885811,17
D,C,joint,low_order,present/bond_order,3,-0.16700481944808773,-0.20900681419480663,-0.1302016167043179,17
D,C,joint,low_order,present/instantaneous_TDA_H0,3,-0.21582711418615835,-0.29213211413965945,-0.14818987420796617,17
D,C,joint,low_order,present/instantaneous_TDA_H1,3,-0.23713317177459303,-0.2995118600918966,-0.17474603295034055,17
D,C,joint,low_order,present/instantaneous_TDA_H2,3,-0.24245159729730853,-0.3000781856075514,-0.18819809779342192,17
D,C,joint,low_order,present/motion_even,3,-0.003219512163424022,-0.05180525189521266,0.04450691447538482,17
D,C,joint,low_order,present/motion_odd,3,0.009578042462760325,-0.02430952616474207,0.04409467569168872,17
D,C,joint,low_order,temporal/0.75ps/covariance_trace,3,-0.1878482835988204,-1.1377982820694645,0.784221238860239,16
D,C,joint,low_order,temporal/0.75ps/increment_p95,3,-1.1356091552724439,-1.685110703681906,-0.6295144758125149,16
D,C,joint,low_order,temporal/0.75ps/increment_rms,3,-0.6551127607623737,-0.9543338454018037,-0.344292814905445,16
D,C,joint,low_order,temporal/0.75ps/normalized_rms_jump,3,-0.10746608377041847,-0.15693102296577682,-0.05995098686963107,16
D,C,linear,all,delta/0.75ps/block_mean,3,0.0015907618355143927,-0.0023641782563559232,0.005616852606957152,30
D,C,linear,all,delta/0.75ps/bond_order,3,0.0006097973427838751,-0.00045737649055404796,0.0017196442067830078,30
D,C,linear,all,delta/0.75ps/instantaneous_TDA_H0,3,0.0013694990012380814,-0.001058241989877489,0.0037370867571896974,30
D,C,linear,all,delta/0.75ps/instantaneous_TDA_H1,3,-0.0010194258557425604,-0.0023937408377726877,0.00032260240986943176,30
D,C,linear,all,delta/0.75ps/instantaneous_TDA_H2,3,0.00044735355509652034,-0.0006523046373493142,0.001585788569516606,30
D,C,linear,all,delta/0.75ps/motion_even,3,0.030125968986087374,0.016707773506641387,0.04351429584953519,30
D,C,linear,all,delta/0.75ps/motion_odd,3,-0.02198862201637692,-0.03832637497948276,-0.005579520323210325,30
D,C,linear,all,delta/3ps/block_mean,3,0.0013189147329992702,-0.004332916222650697,0.00659828380319393,30
D,C,linear,all,delta/3ps/bond_order,3,-0.0037306961086061266,-0.006087328074499965,-0.001475404005290735,30
D,C,linear,all,delta/3ps/instantaneous_TDA_H0,3,0.002645800014336904,-0.0004954282732473473,0.005625165647102726,30
D,C,linear,all,delta/3ps/instantaneous_TDA_H1,3,-0.0005800843238830567,-0.0025623783862425225,0.0014282129974000973,30
D,C,linear,all,delta/3ps/instantaneous_TDA_H2,3,0.00029964355958832635,-0.0011836297189195951,0.0018716858037643956,30
D,C,linear,all,delta/3ps/motion_even,3,0.030562848514980742,0.01297588182820214,0.04808860118190447,30
D,C,linear,all,delta/3ps/motion_odd,3,-0.021284023258421155,-0.056426691148016184,0.015413513663742233,30
D,C,linear,all,delta/9ps/block_mean,3,-0.0022075654697363,-0.007621362994131802,0.003499993615594039,30
D,C,linear,all,delta/9ps/bond_order,3,-0.004206307377252314,-0.008365931812052927,-0.00018373018958502932,30
D,C,linear,all,delta/9ps/instantaneous_TDA_H0,3,0.0016511537962489657,-0.0018817519810464655,0.005281306215458446,30
D,C,linear,all,delta/9ps/instantaneous_TDA_H1,3,-0.00023163548774189416,-0.001708499335994323,0.0012703064353101752,30
D,C,linear,all,delta/9ps/instantaneous_TDA_H2,3,-0.0023246409992376963,-0.0038489111161066434,-0.0006676465045246816,30
D,C,linear,all,delta/9ps/motion_even,3,0.026683520277341208,0.00837739944458008,0.045851789779133276,30
D,C,linear,all,delta/9ps/motion_odd,3,-0.03481748302777608,-0.06236640950043995,-0.007324877331654257,30
D,C,linear,all,future/0.75ps/block_mean,3,0.0005272306984773371,-0.013692215313203639,0.014941410880742797,30
D,C,linear,all,future/0.75ps/bond_order,3,-0.005278827250003815,-0.020075361236102048,0.010241258719729045,30
D,C,linear,all,future/0.75ps/instantaneous_TDA_H0,3,-0.008116296099291907,-0.03570923627043764,0.01944847475323412,30
D,C,linear,all,future/0.75ps/instantaneous_TDA_H1,3,-0.01082972710331281,-0.040530310904400214,0.0163337455689907,30
D,C,linear,all,future/0.75ps/instantaneous_TDA_H2,3,-0.01262249909341335,-0.040284198271110655,0.014848511102091917,30
D,C,linear,all,future/0.75ps/motion_even,3,0.03301589422755771,0.008967024228639073,0.055740171786811565,30
D,C,linear,all,future/0.75ps/motion_odd,3,0.0069948395093282064,-0.009738277883993255,0.022731940547625215,30
D,C,linear,all,future/3ps/block_mean,3,-0.011932787644090484,-0.029134795525352707,0.004281856514237541,30
D,C,linear,all,future/3ps/bond_order,3,-0.001587559365563923,-0.015631313568188084,0.013096340987831353,30
D,C,linear,all,future/3ps/instantaneous_TDA_H0,3,-0.01721333190798759,-0.047920933643149005,0.01600511078619294,30
D,C,linear,all,future/3ps/instantaneous_TDA_H1,3,-0.011144610742727915,-0.04049181055691507,0.01919011970774995,30
D,C,linear,all,future/3ps/instantaneous_TDA_H2,3,-0.01815179064869881,-0.04484054659596747,0.007599550742242043,30
D,C,linear,all,future/3ps/motion_even,3,-0.01209531194633908,-0.027599490773346683,0.003019051651159912,30
D,C,linear,all,future/3ps/motion_odd,3,-0.011404121253225537,-0.043070489342014,0.01979045166737502,30
D,C,linear,all,future/9ps/block_mean,3,-0.006614819969292044,-0.02419376959265382,0.011628476340599624,30
D,C,linear,all,future/9ps/bond_order,3,-0.002772032221158345,-0.019045296166506073,0.013285266086459137,30
D,C,linear,all,future/9ps/instantaneous_TDA_H0,3,-0.00826385435130861,-0.04031299649841256,0.02192817266202634,30
D,C,linear,all,future/9ps/instantaneous_TDA_H1,3,-0.005747286561462615,-0.03791414565924141,0.028276896232532128,30
D,C,linear,all,future/9ps/instantaneous_TDA_H2,3,-0.008497131450308693,-0.03986265127857526,0.02429709436164961,30
D,C,linear,all,future/9ps/motion_even,3,0.023074503408537967,-0.01038583342399862,0.060929108800159545,30
D,C,linear,all,future/9ps/motion_odd,3,-0.037483118640051945,-0.06916844483878878,-0.008886944328745214,30
D,C,linear,all,path/0.75ps/mean_std_qbar6,3,0.0003027605048070354,-0.014770743145685024,0.014568226203813935,30
D,C,linear,all,path/3ps/mean_std_qbar6,3,0.0021794195752590896,-0.013406668329714903,0.01660656958249293,30
D,C,linear,all,path/9ps/mean_std_qbar6,3,0.0009689501331498217,-0.014356305666992236,0.014939924816911417,30
D,C,linear,all,present/block_mean,3,0.006927623454895288,-0.005833390316132589,0.01926555253582558,30
D,C,linear,all,present/bond_order,3,0.0002229421503014047,-0.013505147443049485,0.014550427376396124,30
D,C,linear,all,present/instantaneous_TDA_H0,3,-0.0007897512780295444,-0.030707546981672443,0.02832801023084256,30
D,C,linear,all,present/instantaneous_TDA_H1,3,-0.0019591905176639572,-0.031061615844567625,0.02532330882839028,30
D,C,linear,all,present/instantaneous_TDA_H2,3,-0.008655688042442008,-0.03232111499851776,0.014822301833579939,30
D,C,linear,all,present/motion_even,3,0.057046796215905075,0.03727987317575348,0.07731162284811337,30
D,C,linear,all,present/motion_odd,3,-0.0042993677986992735,-0.016191530086927947,0.007966799396607603,30
D,C,linear,all,temporal/0.75ps/covariance_trace,3,0.3242536081208123,-0.46013248271412305,1.1143802075915843,30
D,C,linear,all,temporal/0.75ps/increment_p95,3,-1.0730924036105474,-1.4932413863523135,-0.6941826046754914,30
D,C,linear,all,temporal/0.75ps/increment_rms,3,-0.7098502265082465,-0.9615332920021482,-0.46574522442287875,30
D,C,linear,all,temporal/0.75ps/normalized_rms_jump,3,-0.13406395971629798,-0.17686784633521566,-0.09380309940766292,30
D,C,linear,at_risk,hazard/bin0/brier,3,-0.004972926389301493,-0.008849326886552768,-0.0015489075347128772,24
D,C,linear,at_risk,hazard/bin1/brier,3,-0.010733680298370825,-0.017573435268776746,-0.00296886702078862,24
D,C,linear,at_risk,hazard/bin2/brier,3,-0.012868207563264554,-0.024784038193299943,-3.278036126883393e-05,24
D,C,linear,at_risk,hazard/nll,3,-0.05101401614956558,-0.08004569682590146,-0.01359149035803664,24
D,C,linear,low_order,delta/0.75ps/block_mean,3,0.0066728909664294225,0.0021185992048213175,0.01053001806018204,17
D,C,linear,low_order,delta/0.75ps/bond_order,3,0.000419292964187323,-0.0009733604705509017,0.0018716720718086935,17
D,C,linear,low_order,delta/0.75ps/instantaneous_TDA_H0,3,-0.0024714840977799655,-0.005530586962898572,8.844069990457256e-05,17
D,C,linear,low_order,delta/0.75ps/instantaneous_TDA_H1,3,-0.0011205513979874408,-0.0025681237598844608,0.0001899518182172485,17
D,C,linear,low_order,delta/0.75ps/instantaneous_TDA_H2,3,0.0010576560801150753,-0.00037575370321671163,0.002664095250999226,17
D,C,linear,low_order,delta/0.75ps/motion_even,3,0.0357553292723263,-0.002071789520628312,0.06360407442438837,17
D,C,linear,low_order,delta/0.75ps/motion_odd,3,0.006397102977715286,-0.007483812319297417,0.021601904738767462,17
D,C,linear,low_order,delta/3ps/block_mean,3,-0.007804811146913798,-0.017533945745112852,0.001211458073283718,17
D,C,linear,low_order,delta/3ps/bond_order,3,-0.003654719275586745,-0.0070989392405631496,-0.00022435951247519142,17
D,C,linear,low_order,delta/3ps/instantaneous_TDA_H0,3,-0.00010623359212688357,-0.004196700439149258,0.004224170810159511,17
D,C,linear,low_order,delta/3ps/instantaneous_TDA_H1,3,-0.002403708795706431,-0.005033648846780553,0.00034261726062086964,17
D,C,linear,low_order,delta/3ps/instantaneous_TDA_H2,3,-1.951394712223757e-05,-0.002263349667191505,0.002320655241754708,17
D,C,linear,low_order,delta/3ps/motion_even,3,0.02570599551294364,-0.0072248327089291,0.05800069675726049,17
D,C,linear,low_order,delta/3ps/motion_odd,3,-0.06635068678388407,-0.11553043714340995,-0.011870305912167513,17
D,C,linear,low_order,delta/9ps/block_mean,3,-0.0050633799442960535,-0.013714811206320482,0.004363408030369891,17
D,C,linear,low_order,delta/9ps/bond_order,3,-0.0009161232441079379,-0.007284242769374568,0.004899460924606696,17
D,C,linear,low_order,delta/9ps/instantaneous_TDA_H0,3,0.001394192012501698,-0.003416415353250854,0.006003321438808652,17
D,C,linear,low_order,delta/9ps/instantaneous_TDA_H1,3,0.00016251031090231503,-0.002297778003940395,0.0025390924557166937,17
D,C,linear,low_order,delta/9ps/instantaneous_TDA_H2,3,-0.0014900252515194462,-0.0038675806028585806,0.0010451396890715004,17
D,C,linear,low_order,delta/9ps/motion_even,3,0.04180402206439598,0.010951703494670346,0.07192961212758925,17
D,C,linear,low_order,delta/9ps/motion_odd,3,-0.07133485555794894,-0.10566557220037223,-0.03259665200523304,17
D,C,linear,low_order,future/0.75ps/block_mean,3,-0.014546074460144913,-0.0347394284195711,0.007554005762696045,17
D,C,linear,low_order,future/0.75ps/bond_order,3,-0.02049440700633853,-0.05160281718069431,0.008498630577734869,17
D,C,linear,low_order,future/0.75ps/instantaneous_TDA_H0,3,-0.027653123891236735,-0.05967980864476046,0.003832569367745341,17
D,C,linear,low_order,future/0.75ps/instantaneous_TDA_H1,3,-0.05846053113540013,-0.0934954701210646,-0.021175770476168282,17
D,C,linear,low_order,future/0.75ps/instantaneous_TDA_H2,3,-0.05634702953929995,-0.08906592637227446,-0.02130544989862865,17
D,C,linear,low_order,future/0.75ps/motion_even,3,0.028673721294777063,-0.01386900386389564,0.07204819941053203,17
D,C,linear,low_order,future/0.75ps/motion_odd,3,0.04700492351662879,0.03169157630672642,0.0643619846771745,17
D,C,linear,low_order,future/3ps/block_mean,3,-0.04355913655089787,-0.072985201197512,-0.013901210783865164,17
D,C,linear,low_order,future/3ps/bond_order,3,-0.013288071196453241,-0.04805503131127825,0.013856447550157696,17
D,C,linear,low_order,future/3ps/instantaneous_TDA_H0,3,-0.04746717134234951,-0.08437231016509673,-0.007271803694539807,17
D,C,linear,low_order,future/3ps/instantaneous_TDA_H1,3,-0.06746753772684173,-0.09750436847919927,-0.034399289864243295,17
D,C,linear,low_order,future/3ps/instantaneous_TDA_H2,3,-0.059851553218037465,-0.09768419914385852,-0.021389028780600644,17
D,C,linear,low_order,future/3ps/motion_even,3,-0.019594223475923732,-0.060387301182045654,0.015836071164584593,17
D,C,linear,low_order,future/3ps/motion_odd,3,-0.05368626234578152,-0.11848539946710361,0.009343369714185288,17
D,C,linear,low_order,future/9ps/block_mean,3,-0.03324408261288031,-0.05162612328859764,-0.015147015522538524,17
D,C,linear,low_order,future/9ps/bond_order,3,-0.016624457111545636,-0.04038067148158363,0.007073988173814365,17
D,C,linear,low_order,future/9ps/instantaneous_TDA_H0,3,-0.03824607169657361,-0.07968532876933322,0.0013117859578307724,17
D,C,linear,low_order,future/9ps/instantaneous_TDA_H1,3,-0.0600272414146685,-0.0952756698553761,-0.026292074365797027,17
D,C,linear,low_order,future/9ps/instantaneous_TDA_H2,3,-0.05803760206874679,-0.09310506037162507,-0.024606284473602736,17
D,C,linear,low_order,future/9ps/motion_even,3,0.049956057293742306,-0.00875868978453618,0.11080572386728776,17
D,C,linear,low_order,future/9ps/motion_odd,3,-0.0764851806794896,-0.12544140947946147,-0.03197016835066621,17
D,C,linear,low_order,path/0.75ps/mean_std_qbar6,3,-0.012316663146895519,-0.036000478537022776,0.010075756834418163,17
D,C,linear,low_order,path/3ps/mean_std_qbar6,3,-0.009338120929896833,-0.031171136864406222,0.012912643963799732,17
D,C,linear,low_order,path/9ps/mean_std_qbar6,3,-0.009778556121768906,-0.03215165226583314,0.012730047781038652,17
D,C,linear,low_order,present/block_mean,3,-0.010602687059420768,-0.02918669779014962,0.008488607155524339,17
D,C,linear,low_order,present/bond_order,3,-0.01434305061896642,-0.043634025964374636,0.01281864414466361,17
D,C,linear,low_order,present/instantaneous_TDA_H0,3,-0.01463494373156744,-0.05774451358901227,0.02514829532809406,17
D,C,linear,low_order,present/instantaneous_TDA_H1,3,-0.0578301131140952,-0.09121580283869717,-0.024351055854383664,17
D,C,linear,low_order,present/instantaneous_TDA_H2,3,-0.04676631487467709,-0.07887253882911274,-0.014272766878061435,17
D,C,linear,low_order,present/motion_even,3,0.07111837700301527,0.04581072049982407,0.09537309758803422,17
D,C,linear,low_order,present/motion_odd,3,-0.0011600770202337529,-0.019117220432734956,0.017193078278910853,17
D,C,linear,low_order,temporal/0.75ps/covariance_trace,3,-0.18784792472918826,-1.2011499398077528,0.7659921333193777,16
D,C,linear,low_order,temporal/0.75ps/increment_p95,3,-1.1356092975785332,-1.6609891858510675,-0.636501489331325,16
D,C,linear,low_order,temporal/0.75ps/increment_rms,3,-0.6551126713554065,-0.9512626871466636,-0.3507988996182881,16
D,C,linear,low_order,temporal/0.75ps/normalized_rms_jump,3,-0.10746609671386648,-0.16169326649716917,-0.05858125318577258,16
D,C,nonlinear,all,delta/0.75ps/block_mean,3,0.002320024084851699,0.0006956430716026243,0.0039317445750175735,30
D,C,nonlinear,all,delta/0.75ps/bond_order,3,0.0036900090467598705,0.0022271541609532298,0.0052592923942332455,30
D,C,nonlinear,all,delta/0.75ps/instantaneous_TDA_H0,3,0.0044622071087360386,0.0008862239991625154,0.008363047314600811,30
D,C,nonlinear,all,delta/0.75ps/instantaneous_TDA_H1,3,0.0006653045614560446,-2.8517035146554326e-05,0.0013296706891722148,30
D,C,nonlinear,all,delta/0.75ps/instantaneous_TDA_H2,3,-0.0013065153112014134,-0.0021272336857186425,-0.00047208945680823655,30
D,C,nonlinear,all,delta/0.75ps/motion_even,3,0.003939862383736505,-0.0013895599875185232,0.009120919571982486,30
D,C,nonlinear,all,delta/0.75ps/motion_odd,3,0.002469276719623142,-0.0031579843991332585,0.008021261956956644,30
D,C,nonlinear,all,delta/3ps/block_mean,3,0.0028935540605474403,0.0008212958077934568,0.0051416440097684,30
D,C,nonlinear,all,delta/3ps/bond_order,3,0.0028803171383010016,0.0007998329494148494,0.004864788406218093,30
D,C,nonlinear,all,delta/3ps/instantaneous_TDA_H0,3,0.0061101133624712626,0.00024515157772435076,0.012255634441971777,30
D,C,nonlinear,all,delta/3ps/instantaneous_TDA_H1,3,0.0006006187034977806,-0.00013222498819231987,0.0013915061433282165,30
D,C,nonlinear,all,delta/3ps/instantaneous_TDA_H2,3,-0.0009710320995913612,-0.0016880476516154075,-0.00022604206576943425,30
D,C,nonlinear,all,delta/3ps/motion_even,3,0.008723466263877022,0.0006678909560044608,0.017446885456641515,30
D,C,nonlinear,all,delta/3ps/motion_odd,3,1.7840994728935817e-05,-0.006206233832571242,0.005811562736829119,30
D,C,nonlinear,all,delta/9ps/block_mean,3,0.001788008223391233,-0.00037648550467567275,0.0038882827281054868,30
D,C,nonlinear,all,delta/9ps/bond_order,3,-2.1398460699452333e-05,-0.002092391090053652,0.0024541724509456082,30
D,C,nonlinear,all,delta/9ps/instantaneous_TDA_H0,3,0.005101407319307328,-0.0008324126319752799,0.011052172442691188,30
D,C,nonlinear,all,delta/9ps/instantaneous_TDA_H1,3,1.1277198791503934e-05,-0.0008355555145276917,0.0007939267282684643,30
D,C,nonlinear,all,delta/9ps/instantaneous_TDA_H2,3,-0.0021172042936086653,-0.0036692560671104327,-0.0007696811875535386,30
D,C,nonlinear,all,delta/9ps/motion_even,3,0.00932598047786289,-9.65159138043722e-05,0.019163536247279903,30
D,C,nonlinear,all,delta/9ps/motion_odd,3,-0.0015720129013061526,-0.010503566794925267,0.007048976868391037,30
D,C,nonlinear,all,future/0.75ps/block_mean,3,-0.017388123660175888,-0.03722382430539088,0.0013962045405060024,30
D,C,nonlinear,all,future/0.75ps/bond_order,3,-0.018105477094650265,-0.04150286570605305,0.005293477425972604,30
D,C,nonlinear,all,future/0.75ps/instantaneous_TDA_H0,3,-0.02974063646462229,-0.06301704163352648,0.00020708794809048536,30
D,C,nonlinear,all,future/0.75ps/instantaneous_TDA_H1,3,-0.022839423765738796,-0.05522005207629666,0.007676737391286424,30
D,C,nonlinear,all,future/0.75ps/instantaneous_TDA_H2,3,-0.030794317523638412,-0.06507042769549622,-0.0013593911255399408,30
D,C,nonlinear,all,future/0.75ps/motion_even,3,0.007262536552217271,-0.009657995659444068,0.023375419361723798,30
D,C,nonlinear,all,future/0.75ps/motion_odd,3,-0.010111423664622836,-0.024821662430961927,0.005623124539852089,30
D,C,nonlinear,all,future/3ps/block_mean,3,-0.016933825177450974,-0.03539654792614143,0.0020097029636855493,30
D,C,nonlinear,all,future/3ps/bond_order,3,-0.01432827189564705,-0.036281807482656504,0.006351774812986445,30
D,C,nonlinear,all,future/3ps/instantaneous_TDA_H0,3,-0.030091632488701076,-0.06500341183816392,0.0042344539405570515,30
D,C,nonlinear,all,future/3ps/instantaneous_TDA_H1,3,-0.0196624595257971,-0.05178073949697944,0.00904533630857864,30
D,C,nonlinear,all,future/3ps/instantaneous_TDA_H2,3,-0.03275402159326607,-0.0643160518610643,-0.0026833356275327153,30
D,C,nonlinear,all,future/3ps/motion_even,3,0.0073332892523871535,-0.010732909399602147,0.024257439888185926,30
D,C,nonlinear,all,future/3ps/motion_odd,3,-0.012099854813681707,-0.027517248392105103,0.004014232671923094,30
D,C,nonlinear,all,future/9ps/block_mean,3,-0.008241201405999836,-0.030256483358744934,0.01357186885326408,30
D,C,nonlinear,all,future/9ps/bond_order,3,-0.014302034344938064,-0.03775830579300723,0.010242769792675967,30
D,C,nonlinear,all,future/9ps/instantaneous_TDA_H0,3,-0.02137674681014485,-0.059486524400611716,0.012807503007352344,30
D,C,nonlinear,all,future/9ps/instantaneous_TDA_H1,3,-0.01138046131365829,-0.043982553282338716,0.02432518641567893,30
D,C,nonlinear,all,future/9ps/instantaneous_TDA_H2,3,-0.019635107037093903,-0.05556990321518646,0.017391675501647923,30
D,C,nonlinear,all,future/9ps/motion_even,3,0.011227738526132373,-0.0076818337539831805,0.029156898425685016,30
D,C,nonlinear,all,future/9ps/motion_odd,3,0.006019402543703716,-0.008799376421504551,0.02241688205964034,30
D,C,nonlinear,all,path/0.75ps/mean_std_qbar6,3,-0.006444074166938663,-0.030069403733488997,0.01562950910754605,30
D,C,nonlinear,all,path/3ps/mean_std_qbar6,3,-0.00486375337673558,-0.026254724534745845,0.017204265872326985,30
D,C,nonlinear,all,path/9ps/mean_std_qbar6,3,-0.0008235790145893911,-0.02197203647798031,0.018707133916517085,30
D,C,nonlinear,all,present/block_mean,3,-0.010557574889174214,-0.028973382864561345,0.006445275778985671,30
D,C,nonlinear,all,present/bond_order,3,-0.015754151923788918,-0.036520810963379016,0.006853077324728171,30
D,C,nonlinear,all,present/instantaneous_TDA_H0,3,-0.020715167456203037,-0.05420772318003906,0.009732928609268525,30
D,C,nonlinear,all,present/instantaneous_TDA_H1,3,-0.015647095193465545,-0.04571775516909029,0.011058689026782902,30
D,C,nonlinear,all,present/instantaneous_TDA_H2,3,-0.02544745819436179,-0.05445276026407049,0.001219503577384676,30
D,C,nonlinear,all,present/motion_even,3,0.019585469365119935,-0.0018376584185494326,0.039773667967981735,30
D,C,nonlinear,all,present/motion_odd,3,-0.005367045932345919,-0.01709676254126761,0.00566771359907256,30
D,C,nonlinear,all,temporal/0.75ps/covariance_trace,3,0.3242536081208123,-0.5002128940820694,1.1671036810345112,30
D,C,nonlinear,all,temporal/0.75ps/increment_p95,3,-1.0730924036105474,-1.5084132330964002,-0.6433910545657088,30
D,C,nonlinear,all,temporal/0.75ps/increment_rms,3,-0.7098502265082465,-0.958413569132487,-0.4830167437262005,30
D,C,nonlinear,all,temporal/0.75ps/normalized_rms_jump,3,-0.13406395971629798,-0.17851458248632968,-0.09383051814096428,30
D,C,nonlinear,at_risk,hazard/bin0/brier,3,-0.0009112013860380507,-0.0019362090352937381,9.369109163104412e-05,24
D,C,nonlinear,at_risk,hazard/bin1/brier,3,-0.002106585764825771,-0.0048135315290235466,-0.00010753322538019269,24
D,C,nonlinear,at_risk,hazard/bin2/brier,3,-0.0038014310727400393,-0.011910046221782976,0.0018034484869026023,24
D,C,nonlinear,at_risk,hazard/nll,3,0.0017371928940216694,-0.01300413050598258,0.012534408928412519,24
D,C,nonlinear,low_order,delta/0.75ps/block_mean,3,0.004793210697719476,0.0026503287115761413,0.007174247373625933,17
D,C,nonlinear,low_order,delta/0.75ps/bond_order,3,0.00702836072328044,0.004958139995441716,0.00903960669814956,17
D,C,nonlinear,low_order,delta/0.75ps/instantaneous_TDA_H0,3,0.005631298703305861,-0.0015256415504743067,0.01201973525332469,17
D,C,nonlinear,low_order,delta/0.75ps/instantaneous_TDA_H1,3,0.0013903361909529744,0.000494059938572201,0.0023053923475683897,17
D,C,nonlinear,low_order,delta/0.75ps/instantaneous_TDA_H2,3,-0.0007375743167073118,-0.001970418528014538,0.00023903589987871673,17
D,C,nonlinear,low_order,delta/0.75ps/motion_even,3,0.0028784041311226637,-0.0047389995233685376,0.012545815051770675,17
D,C,nonlinear,low_order,delta/0.75ps/motion_odd,3,0.01256843875436222,0.006183660527070363,0.019914901782484618,17
D,C,nonlinear,low_order,delta/3ps/block_mean,3,0.0034354399962752517,0.0008007554014767408,0.00607084036116896,17
D,C,nonlinear,low_order,delta/3ps/bond_order,3,0.00453023948505813,0.0011995590821492906,0.007590193841971603,17
D,C,nonlinear,low_order,delta/3ps/instantaneous_TDA_H0,3,0.015029974720057319,0.007059330800000359,0.022389471260648143,17
D,C,nonlinear,low_order,delta/3ps/instantaneous_TDA_H1,3,0.0012176159550161924,0.0002329740271556611,0.0022541773085500657,17
D,C,nonlinear,low_order,delta/3ps/instantaneous_TDA_H2,3,-0.00085982972500371,-0.0018278266650204565,7.976358573810678e-05,17
D,C,nonlinear,low_order,delta/3ps/motion_even,3,0.00032251956416111296,-0.008939343018859042,0.009940592652442405,17
D,C,nonlinear,low_order,delta/3ps/motion_odd,3,0.00037211997836243915,-0.00820641561466105,0.009025916048124711,17
D,C,nonlinear,low_order,delta/9ps/block_mean,3,0.0005773240822105556,-0.002322814410576743,0.0031035987266150645,17
D,C,nonlinear,low_order,delta/9ps/bond_order,3,0.0001271634417421677,-0.0033666804761571037,0.004256366295557393,17
D,C,nonlinear,low_order,delta/9ps/instantaneous_TDA_H0,3,0.011342385820313996,0.002660020104810304,0.019690171548841045,17
D,C,nonlinear,low_order,delta/9ps/instantaneous_TDA_H1,3,0.0004458450803569719,-0.00047819002294072926,0.0014693991810667741,17
D,C,nonlinear,low_order,delta/9ps/instantaneous_TDA_H2,3,-0.0011955430986834508,-0.0023529716931721743,-4.7271961674971584e-05,17
D,C,nonlinear,low_order,delta/9ps/motion_even,3,-0.003746371643216002,-0.011483242377346636,0.004324076719143811,17
D,C,nonlinear,low_order,delta/9ps/motion_odd,3,-0.0035095351072503066,-0.01509179208774631,0.0076809583204414745,17
D,C,nonlinear,low_order,future/0.75ps/block_mean,3,-0.046508506944804795,-0.07412130476304274,-0.018148110905552635,17
D,C,nonlinear,low_order,future/0.75ps/bond_order,3,-0.0665840873239087,-0.09570427726881177,-0.03780848527436751,17
D,C,nonlinear,low_order,future/0.75ps/instantaneous_TDA_H0,3,-0.0673186476981523,-0.10799140579834142,-0.030500993903215035,17
D,C,nonlinear,low_order,future/0.75ps/instantaneous_TDA_H1,3,-0.08042121576327904,-0.12282149599244196,-0.03566457597429263,17
D,C,nonlinear,low_order,future/0.75ps/instantaneous_TDA_H2,3,-0.09025713757557027,-0.13573031845119068,-0.043292599156791095,17
D,C,nonlinear,low_order,future/0.75ps/motion_even,3,0.02652864771730759,0.010945988417256112,0.04277132809454319,17
D,C,nonlinear,low_order,future/0.75ps/motion_odd,3,-0.0009986010252260684,-0.02486064092201345,0.02523078345784951,17
D,C,nonlinear,low_order,future/3ps/block_mean,3,-0.05485115188106991,-0.08462318440753161,-0.024721218142780253,17
D,C,nonlinear,low_order,future/3ps/bond_order,3,-0.059791475972708535,-0.09213064319143692,-0.028914339442317392,17
D,C,nonlinear,low_order,future/3ps/instantaneous_TDA_H0,3,-0.08776587364720363,-0.13276549871353543,-0.04064705568712717,17
D,C,nonlinear,low_order,future/3ps/instantaneous_TDA_H1,3,-0.08552196694939745,-0.12944815341091037,-0.04458357906882086,17
D,C,nonlinear,low_order,future/3ps/instantaneous_TDA_H2,3,-0.09593913032143724,-0.1480588558257795,-0.046997369299916734,17
D,C,nonlinear,low_order,future/3ps/motion_even,3,0.02095678682420768,0.0022580153947951752,0.03927878949279877,17
D,C,nonlinear,low_order,future/3ps/motion_odd,3,-0.021045251219880347,-0.0388558831285028,-0.0033040336534088796,17
D,C,nonlinear,low_order,future/9ps/block_mean,3,-0.0421697692336892,-0.07348459318274135,-0.013679935425836497,17
D,C,nonlinear,low_order,future/9ps/bond_order,3,-0.06078369462606953,-0.09094387911552308,-0.030810955542997998,17
D,C,nonlinear,low_order,future/9ps/instantaneous_TDA_H0,3,-0.07107050676702285,-0.12545410759345282,-0.019727268364901438,17
D,C,nonlinear,low_order,future/9ps/instantaneous_TDA_H1,3,-0.06777928754979488,-0.10920518909526222,-0.024647392230291002,17
D,C,nonlinear,low_order,future/9ps/instantaneous_TDA_H2,3,-0.07823367205028442,-0.12366057541403995,-0.032285896330779676,17
D,C,nonlinear,low_order,future/9ps/motion_even,3,0.029030252905452948,0.007367187358585061,0.04844953359342086,17
D,C,nonlinear,low_order,future/9ps/motion_odd,3,-0.0041817073144164735,-0.021695471774129307,0.014374235367365897,17
D,C,nonlinear,low_order,path/0.75ps/mean_std_qbar6,3,-0.04369885187742172,-0.07089956314029061,-0.016690807448992248,17
D,C,nonlinear,low_order,path/3ps/mean_std_qbar6,3,-0.04070776234399162,-0.06891897600303933,-0.013518932743418024,17
D,C,nonlinear,low_order,path/9ps/mean_std_qbar6,3,-0.030440586226462736,-0.05851702601420601,-0.0017507382921929477,17
D,C,nonlinear,low_order,present/block_mean,3,-0.04501608714729159,-0.0765133926786446,-0.018010583141623918,17
D,C,nonlinear,low_order,present/bond_order,3,-0.06248313100898966,-0.10385867695817175,-0.02795200583104994,17
D,C,nonlinear,low_order,present/instantaneous_TDA_H0,3,-0.06596531547313811,-0.11297533243584136,-0.021893039282740057,17
D,C,nonlinear,low_order,present/instantaneous_TDA_H1,3,-0.077295402831891,-0.11886570129689633,-0.03788177045610029,17
D,C,nonlinear,low_order,present/instantaneous_TDA_H2,3,-0.08495051844739446,-0.1321374281930427,-0.039579429459192024,17
D,C,nonlinear,low_order,present/motion_even,3,0.02687565719380098,-0.004425390152370229,0.05700744140674083,17
D,C,nonlinear,low_order,present/motion_odd,3,-0.006277812316137202,-0.02373542131527382,0.010178498569510721,17
D,C,nonlinear,low_order,temporal/0.75ps/covariance_trace,3,-0.18784792472918826,-1.2045114398002625,0.7839405482634901,16
D,C,nonlinear,low_order,temporal/0.75ps/increment_p95,3,-1.1356092975785332,-1.6466499226291973,-0.6367920764690884,16
D,C,nonlinear,low_order,temporal/0.75ps/increment_rms,3,-0.6551126713554065,-0.9510368864983321,-0.3400855325162411,16
D,C,nonlinear,low_order,temporal/0.75ps/normalized_rms_jump,3,-0.10746609671386648,-0.15942330750579062,-0.0568225192246233,16
D,C,state_constant,all,delta/0.75ps/block_mean,3,-0.0008454152969298551,-0.004908124946092292,0.0032512135193165743,30
D,C,state_constant,all,delta/0.75ps/bond_order,3,-0.001305090097917451,-0.0034600818840165933,0.00034474145517580875,30
D,C,state_constant,all,delta/0.75ps/instantaneous_TDA_H0,3,0.0015344835817813873,-0.0005664875089294382,0.00372187057510018,30
D,C,state_constant,all,delta/0.75ps/instantaneous_TDA_H1,3,-0.00020981654524803152,-0.0010269701956874796,0.0006877519914673433,30
D,C,state_constant,all,delta/0.75ps/instantaneous_TDA_H2,3,0.0001362848199076122,-0.0005913497921493317,0.0008190247923549673,30
D,C,state_constant,all,delta/0.75ps/motion_even,3,-0.0010888550016615122,-0.010077397773663201,0.007759410225682777,30
D,C,state_constant,all,delta/0.75ps/motion_odd,3,-0.004139498538441127,-0.025421665964855088,0.018862422820594547,30
D,C,state_constant,all,delta/3ps/block_mean,3,-0.0034523339873110837,-0.008821166450226754,0.0019001802812433884,30
D,C,state_constant,all,delta/3ps/bond_order,3,-0.0015627618465158674,-0.004373355505781041,0.0012331072530812682,30
D,C,state_constant,all,delta/3ps/instantaneous_TDA_H0,3,0.0008938852283689713,-0.0019395355093810294,0.003675770060055784,30
D,C,state_constant,all,delta/3ps/instantaneous_TDA_H1,3,-0.0006746160487333934,-0.0014839481707248422,0.0001821523904800414,30
D,C,state_constant,all,delta/3ps/instantaneous_TDA_H2,3,0.0004066343936655257,-0.00040087926511963207,0.0013435920700430855,30
D,C,state_constant,all,delta/3ps/motion_even,3,-0.018204220136006675,-0.033161582499742506,-0.003124001522858938,30
D,C,state_constant,all,delta/3ps/motion_odd,3,-0.0015729255146450486,-0.03484680814875496,0.027553994589381722,30
D,C,state_constant,all,delta/9ps/block_mean,3,-0.005817221298261931,-0.01209574953368349,0.00022493892375172078,30
D,C,state_constant,all,delta/9ps/bond_order,3,-0.002805618031157388,-0.006824381585336395,0.001770541542727083,30
D,C,state_constant,all,delta/9ps/instantaneous_TDA_H0,3,-0.0011259309119648403,-0.003993534271915753,0.0019986856107910406,30
D,C,state_constant,all,delta/9ps/instantaneous_TDA_H1,3,-0.0006287766827477348,-0.002114693108532164,0.000820500709944301,30
D,C,state_constant,all,delta/9ps/instantaneous_TDA_H2,3,-0.0006631169882085588,-0.002121761865499947,0.0006344727923472711,30
D,C,state_constant,all,delta/9ps/motion_even,3,-0.007316317160924277,-0.02674356194006072,0.010782678905460566,30
D,C,state_constant,all,delta/9ps/motion_odd,3,-0.022363568014568753,-0.05486977719598345,0.008590978152222086,30
D,C,state_constant,all,future/0.75ps/block_mean,3,-0.009414418641891744,-0.029728181173300575,0.00899983507305107,30
D,C,state_constant,all,future/0.75ps/bond_order,3,-0.010076142516401078,-0.03240592434588406,0.011422354651408026,30
D,C,state_constant,all,future/0.75ps/instantaneous_TDA_H0,3,-0.026420580430163276,-0.05673888030358487,0.0037095702708595277,30
D,C,state_constant,all,future/0.75ps/instantaneous_TDA_H1,3,-0.013062684072388543,-0.03898224275973108,0.012905514596237073,30
D,C,state_constant,all,future/0.75ps/instantaneous_TDA_H2,3,-0.02329257896376981,-0.05325476247610316,0.005444466304033965,30
D,C,state_constant,all,future/0.75ps/motion_even,3,0.025403830077913074,0.010111417579982011,0.04166341309746106,30
D,C,state_constant,all,future/0.75ps/motion_odd,3,-0.009038355946540835,-0.022936646151873796,0.0047506959156857565,30
D,C,state_constant,all,future/3ps/block_mean,3,-0.009131679752910574,-0.026145834339506655,0.007544918018220749,30
D,C,state_constant,all,future/3ps/bond_order,3,-0.005253630628188452,-0.02551291730461849,0.01439524783442415,30
D,C,state_constant,all,future/3ps/instantaneous_TDA_H0,3,-0.024853732602463825,-0.05805791520824036,0.00670091581634349,30
D,C,state_constant,all,future/3ps/instantaneous_TDA_H1,3,-0.010094234430127672,-0.03702220249093242,0.015768405091431383,30
D,C,state_constant,all,future/3ps/instantaneous_TDA_H2,3,-0.024830401606029933,-0.052647830326524044,0.0022033952321443263,30
D,C,state_constant,all,future/3ps/motion_even,3,0.024338769581582816,0.007445215400722294,0.042912479721837565,30
D,C,state_constant,all,future/3ps/motion_odd,3,-0.014096848832236395,-0.02734421519769563,-0.002215116851859628,30
D,C,state_constant,all,future/9ps/block_mean,3,-0.0034395651201959056,-0.022467550351456922,0.014746980632965744,30
D,C,state_constant,all,future/9ps/bond_order,3,-0.00133926272392273,-0.02380616844942172,0.02114042638490596,30
D,C,state_constant,all,future/9ps/instantaneous_TDA_H0,3,-0.015812087141805226,-0.04798747713574105,0.015376738214658363,30
D,C,state_constant,all,future/9ps/instantaneous_TDA_H1,3,-0.00506322098275026,-0.03570789783054756,0.026928325182654773,30
D,C,state_constant,all,future/9ps/instantaneous_TDA_H2,3,-0.014309631288051605,-0.04561070516291592,0.01760248717748452,30
D,C,state_constant,all,future/9ps/motion_even,3,0.0169229335255093,-0.003986704126000404,0.038779594790604374,30
D,C,state_constant,all,future/9ps/motion_odd,3,-0.0010361221101548932,-0.011156112452348077,0.008999052594105387,30
D,C,state_constant,all,path/0.75ps/mean_std_qbar6,3,-0.006572424165076679,-0.026880298025078245,0.011740224325718971,30
D,C,state_constant,all,path/3ps/mean_std_qbar6,3,-0.004813234932306739,-0.02596422388502914,0.013755458307633577,30
D,C,state_constant,all,path/9ps/mean_std_qbar6,3,-0.0026425964043786123,-0.02092552074515778,0.01513357727038155,30
D,C,state_constant,all,present/block_mean,3,-0.012583441466644958,-0.03074449814476625,0.00496552012636565,30
D,C,state_constant,all,present/bond_order,3,-0.010122587449020809,-0.03004644689046675,0.009889972541067316,30
D,C,state_constant,all,present/instantaneous_TDA_H0,3,-0.016132848958174392,-0.04598951592420539,0.011837344364159614,30
D,C,state_constant,all,present/instantaneous_TDA_H1,3,-0.009439830482006074,-0.035252799420720994,0.01751250985802875,30
D,C,state_constant,all,present/instantaneous_TDA_H2,3,-0.01887765303254128,-0.04428341264939971,0.006186380414292216,30
D,C,state_constant,all,present/motion_even,3,0.0020048770639631485,-0.03435836708380116,0.038831859520739954,30
D,C,state_constant,all,present/motion_odd,3,-0.022932605942090355,-0.05426900308165286,0.004373113860686618,30
D,C,state_constant,all,temporal/0.75ps/covariance_trace,3,0.3242536081208123,-0.4734473266866472,1.1445092253883677,30
D,C,state_constant,all,temporal/0.75ps/increment_p95,3,-1.0730924036105474,-1.5166899363812472,-0.6742306119567819,30
D,C,state_constant,all,temporal/0.75ps/increment_rms,3,-0.7098502265082465,-0.9778916665249399,-0.4724111065599655,30
D,C,state_constant,all,temporal/0.75ps/normalized_rms_jump,3,-0.13406395971629798,-0.17957242015261435,-0.09400802105645002,30
D,C,state_constant,at_risk,hazard/bin0/brier,3,0.00018657460597953302,-0.0011272948546093176,0.001642649952044747,24
D,C,state_constant,at_risk,hazard/bin1/brier,3,0.0011263066812211443,-0.0023549543241036495,0.0045670847088129215,24
D,C,state_constant,at_risk,hazard/bin2/brier,3,0.009212233202965256,-0.00032272395100234395,0.01919833553165517,24
D,C,state_constant,at_risk,hazard/nll,3,0.03126475326199499,0.010153503962404406,0.052760067596358956,24
D,C,state_constant,low_order,delta/0.75ps/block_mean,3,-0.0004247338845838962,-0.006941812249277931,0.006474953326183586,17
D,C,state_constant,low_order,delta/0.75ps/bond_order,3,-0.0020554436772477393,-0.005751874016634391,0.0015154873477477655,17
D,C,state_constant,low_order,delta/0.75ps/instantaneous_TDA_H0,3,0.0023062813515756647,-0.0009000511219104132,0.0057003422402868075,17
D,C,state_constant,low_order,delta/0.75ps/instantaneous_TDA_H1,3,-0.0004612832677130606,-0.001559396190386193,0.000793022950928585,17
D,C,state_constant,low_order,delta/0.75ps/instantaneous_TDA_H2,3,0.00011217126659318512,-0.0012679882457151132,0.001263583195852298,17
D,C,state_constant,low_order,delta/0.75ps/motion_even,3,-0.004846723640666288,-0.017251837954801667,0.0077642776802474365,17
D,C,state_constant,low_order,delta/0.75ps/motion_odd,3,0.0023965946599548934,-0.033650519465114555,0.038448245268242025,17
D,C,state_constant,low_order,delta/3ps/block_mean,3,-0.004204181601214246,-0.012842150605314111,0.004309637556035157,17
D,C,state_constant,low_order,delta/3ps/bond_order,3,-0.0036304733332465674,-0.008212913569135994,0.001269377585427433,17
D,C,state_constant,low_order,delta/3ps/instantaneous_TDA_H0,3,0.0043625609547484154,0.0008815629882555381,0.007879772563191018,17
D,C,state_constant,low_order,delta/3ps/instantaneous_TDA_H1,3,-0.0005595469299484702,-0.001919650304697308,0.0008513469395099896,17
D,C,state_constant,low_order,delta/3ps/instantaneous_TDA_H2,3,0.0004752325076682894,-0.0009584047082884641,0.002064897353742636,17
D,C,state_constant,low_order,delta/3ps/motion_even,3,-0.015116123592152315,-0.03385153778043448,0.0035751844153684522,17
D,C,state_constant,low_order,delta/3ps/motion_odd,3,-0.010756739214354874,-0.06233612529787364,0.039419666926066056,17
D,C,state_constant,low_order,delta/9ps/block_mean,3,-0.008678772623705523,-0.018246316523260742,0.0011930646728632746,17
D,C,state_constant,low_order,delta/9ps/bond_order,3,-0.005910150706768036,-0.012066163005782109,0.00016235246085652958,17
D,C,state_constant,low_order,delta/9ps/instantaneous_TDA_H0,3,0.0011855819646049953,-0.0026247798958245446,0.005312511054616348,17
D,C,state_constant,low_order,delta/9ps/instantaneous_TDA_H1,3,-0.0007269347415250891,-0.002987624416310414,0.0014513757773766311,17
D,C,state_constant,low_order,delta/9ps/instantaneous_TDA_H2,3,0.0003927544343705272,-0.0013069172188931817,0.002111925630300652,17
D,C,state_constant,low_order,delta/9ps/motion_even,3,-0.00029052940069460427,-0.024512939213537702,0.02317804361090935,17
D,C,state_constant,low_order,delta/9ps/motion_odd,3,-0.046723357292220866,-0.09373860618181745,0.0016024802030776164,17
D,C,state_constant,low_order,future/0.75ps/block_mean,3,-0.03610202987842699,-0.0621948866739723,-0.005262585642619747,17
D,C,state_constant,low_order,future/0.75ps/bond_order,3,-0.043141424071555044,-0.07341396070505474,-0.015154592177885458,17
D,C,state_constant,low_order,future/0.75ps/instantaneous_TDA_H0,3,-0.05805789474763123,-0.0970937972048334,-0.02222014804388963,17
D,C,state_constant,low_order,future/0.75ps/instantaneous_TDA_H1,3,-0.05207572716708277,-0.09056420600151315,-0.00847559569440052,17
D,C,state_constant,low_order,future/0.75ps/instantaneous_TDA_H2,3,-0.06629247298719837,-0.10797149782598603,-0.026865343937613848,17
D,C,state_constant,low_order,future/0.75ps/motion_even,3,0.015201708849738623,-0.024689272192178993,0.0469155827865881,17
D,C,state_constant,low_order,future/0.75ps/motion_odd,3,-0.012246369146833233,-0.03612827614826314,0.012935194665310411,17
D,C,state_constant,low_order,future/3ps/block_mean,3,-0.038434250523744065,-0.06837080649094157,-0.009637947056101652,17
D,C,state_constant,low_order,future/3ps/bond_order,3,-0.032643062373002366,-0.06529898568987845,-0.0033769673065227636,17
D,C,state_constant,low_order,future/3ps/instantaneous_TDA_H0,3,-0.0691125734763987,-0.11339711937688145,-0.01694776644820682,17
D,C,state_constant,low_order,future/3ps/instantaneous_TDA_H1,3,-0.056020358175623654,-0.09339620152159649,-0.018074948278566212,17
D,C,state_constant,low_order,future/3ps/instantaneous_TDA_H2,3,-0.06928400921763159,-0.1139274448338969,-0.022816988067957136,17
D,C,state_constant,low_order,future/3ps/motion_even,3,0.020381875482260007,-0.02984507441812871,0.0628177346844299,17
D,C,state_constant,low_order,future/3ps/motion_odd,3,-0.02392737538206811,-0.04165257048957488,-0.008194011274506066,17
D,C,state_constant,low_order,future/9ps/block_mean,3,-0.02730559589329109,-0.055052860262590694,0.0015284755650688301,17
D,C,state_constant,low_order,future/9ps/bond_order,3,-0.027558850014910978,-0.058083407734246806,0.002703500641327262,17
D,C,state_constant,low_order,future/9ps/instantaneous_TDA_H0,3,-0.048749268712366324,-0.09952722190714935,0.004245612910930433,17
D,C,state_constant,low_order,future/9ps/instantaneous_TDA_H1,3,-0.044974007296795945,-0.08626706948978642,-0.005765968641521893,17
D,C,state_constant,low_order,future/9ps/instantaneous_TDA_H2,3,-0.056639532613403654,-0.09662507129833102,-0.014357764177097445,17
D,C,state_constant,low_order,future/9ps/motion_even,3,0.01601701098329881,-0.020277847072073054,0.05410541218577647,17
D,C,state_constant,low_order,future/9ps/motion_odd,3,-0.0019289277055684262,-0.019756209733439428,0.018025383521236598,17
D,C,state_constant,low_order,path/0.75ps/mean_std_qbar6,3,-0.032772545684494225,-0.05985871739320311,-0.004509723034924741,17
D,C,state_constant,low_order,path/3ps/mean_std_qbar6,3,-0.029151361864790615,-0.05671057385168787,-0.0023825481173345084,17
D,C,state_constant,low_order,path/9ps/mean_std_qbar6,3,-0.022141385860010687,-0.048134354716532074,0.003956973428984019,17
D,C,state_constant,low_order,present/block_mean,3,-0.03908615721255736,-0.06811103988347539,-0.012032564091222263,17
D,C,state_constant,low_order,present/bond_order,3,-0.04468461973410026,-0.07363194378421586,-0.016965078237448264,17
D,C,state_constant,low_order,present/instantaneous_TDA_H0,3,-0.0475913945804624,-0.093225162443431,-0.00860005683977818,17
D,C,state_constant,low_order,present/instantaneous_TDA_H1,3,-0.0601572527312765,-0.09623775522717656,-0.02171419030603242,17
D,C,state_constant,low_order,present/instantaneous_TDA_H2,3,-0.0683224402806338,-0.11136303558653476,-0.028932096520621415,17
D,C,state_constant,low_order,present/motion_even,3,0.019386916768317133,-0.03875235874278872,0.08570100809721386,17
D,C,state_constant,low_order,present/motion_odd,3,-0.03314815271718829,-0.08744544864577404,0.013293289524667384,17
D,C,state_constant,low_order,temporal/0.75ps/covariance_trace,3,-0.18784792472918826,-1.2043981878086925,0.7776876421024396,16
D,C,state_constant,low_order,temporal/0.75ps/increment_p95,3,-1.1356092975785332,-1.6503914801838495,-0.6699328986803689,16
D,C,state_constant,low_order,temporal/0.75ps/increment_rms,3,-0.6551126713554065,-0.9701190916821361,-0.3445489286755525,16
D,C,state_constant,low_order,temporal/0.75ps/normalized_rms_jump,3,-0.10746609671386648,-0.15724367586538127,-0.05859440942823876,16
D,C,state_history,all,delta/0.75ps/block_mean,3,0.000934420757133649,-0.00227496851192512,0.00414377865804083,30
D,C,state_history,all,delta/0.75ps/bond_order,3,-0.00041165651960505385,-0.001455559162940416,0.0006496636797156587,30
D,C,state_history,all,delta/0.75ps/instantaneous_TDA_H0,3,0.0003529265522956847,-0.0021190278190705513,0.002777566396527815,30
D,C,state_history,all,delta/0.75ps/instantaneous_TDA_H1,3,0.001960870126883189,0.0008415256875256698,0.00313769496563408,30
D,C,state_history,all,delta/0.75ps/instantaneous_TDA_H2,3,0.0012886117729875774,0.0001422356213960383,0.0024051991270648103,30
D,C,state_history,all,delta/0.75ps/motion_even,3,-0.005264884233474732,-0.01904402310649554,0.00959934080640475,30
D,C,state_history,all,delta/0.75ps/motion_odd,3,0.0076806568437152445,-0.0009392530553870726,0.015946843624114984,30
D,C,state_history,all,delta/3ps/block_mean,3,-0.002383898095124291,-0.005552739037235299,0.0010158606687629673,30
D,C,state_history,all,delta/3ps/bond_order,3,-0.0013733172582255468,-0.002655591748447882,4.83673997223281e-06,30
D,C,state_history,all,delta/3ps/instantaneous_TDA_H0,3,0.00318362596962187,0.0002899737159411113,0.005937461348043548,30
D,C,state_history,all,delta/3ps/instantaneous_TDA_H1,3,0.001890787896182802,-5.417213671737238e-05,0.0037688688685496626,30
D,C,state_history,all,delta/3ps/instantaneous_TDA_H2,3,0.0015786480158567428,8.411195232636407e-05,0.0029642431738062035,30
D,C,state_history,all,delta/3ps/motion_even,3,-0.030940194262398617,-0.05169802905784713,-0.010160473750697244,30
D,C,state_history,all,delta/3ps/motion_odd,3,0.011357061068216958,0.0005678270591629879,0.0207358197040028,30
D,C,state_history,all,delta/9ps/block_mean,3,-0.00018884955594936979,-0.0039797790879728635,0.0037100473618893646,30
D,C,state_history,all,delta/9ps/bond_order,3,-0.0029612700972292167,-0.004799723137790958,-0.0006847916688356159,30
D,C,state_history,all,delta/9ps/instantaneous_TDA_H0,3,0.0017512268490261498,-0.002133787266082234,0.0058038591800464515,30
D,C,state_history,all,delta/9ps/instantaneous_TDA_H1,3,0.0019604299631383686,-0.00034238075216611253,0.004104349135110774,30
D,C,state_history,all,delta/9ps/instantaneous_TDA_H2,3,0.000362514000799921,-0.0012971123049242631,0.0019878187361690738,30
D,C,state_history,all,delta/9ps/motion_even,3,-0.018258967333369784,-0.03786183606419298,-0.00045405067503455126,30
D,C,state_history,all,delta/9ps/motion_odd,3,0.01601296928193834,0.005693532327810924,0.026397888975010976,30
D,C,state_history,all,future/0.75ps/block_mean,3,-0.011235613231029772,-0.030158326074791447,0.00720572437366677,30
D,C,state_history,all,future/0.75ps/bond_order,3,-0.01260002868043052,-0.037480513720462724,0.010514212118254769,30
D,C,state_history,all,future/0.75ps/instantaneous_TDA_H0,3,-0.026973731153541142,-0.0574816801212728,0.00310431470266645,30
D,C,state_history,all,future/0.75ps/instantaneous_TDA_H1,3,-0.01504963081743982,-0.04231004456885986,0.012383064186821348,30
D,C,state_history,all,future/0.75ps/instantaneous_TDA_H2,3,-0.022548072412610053,-0.05122884495287306,0.005852853355722283,30
D,C,state_history,all,future/0.75ps/motion_even,3,0.0149000025457806,-0.013052466693851685,0.045598768302135995,30
D,C,state_history,all,future/0.75ps/motion_odd,3,-0.005142218867937724,-0.011983685824606152,0.0009418697737985189,30
D,C,state_history,all,future/3ps/block_mean,3,-0.010113764402491067,-0.029201725967987265,0.00785265641252474,30
D,C,state_history,all,future/3ps/bond_order,3,-0.010162492344776789,-0.03253015259487762,0.013151951699207196,30
D,C,state_history,all,future/3ps/instantaneous_TDA_H0,3,-0.02745924401614401,-0.06169423760846258,0.005729250707146126,30
D,C,state_history,all,future/3ps/instantaneous_TDA_H1,3,-0.014617826789617532,-0.041170022278610205,0.01255289979279037,30
D,C,state_history,all,future/3ps/instantaneous_TDA_H2,3,-0.026950992312696244,-0.056448617881784846,0.00047133602201938104,30
D,C,state_history,all,future/3ps/motion_even,3,0.021182011564572657,-0.008052735038929514,0.053574104035894084,30
D,C,state_history,all,future/3ps/motion_odd,3,-0.0026740425162845183,-0.009921637690729564,0.0042828825778431345,30
D,C,state_history,all,future/9ps/block_mean,3,-0.008876666026534861,-0.02919554683052141,0.01162852422299759,30
D,C,state_history,all,future/9ps/bond_order,3,-0.007836202283700307,-0.03548233465602002,0.017322575077414495,30
D,C,state_history,all,future/9ps/instantaneous_TDA_H0,3,-0.02080871984362602,-0.05678017707127664,0.012677682509852753,30
D,C,state_history,all,future/9ps/instantaneous_TDA_H1,3,-0.012627770958675276,-0.04567477059654063,0.02314647855961484,30
D,C,state_history,all,future/9ps/instantaneous_TDA_H2,3,-0.019190513135658373,-0.05315164993620581,0.014811837491061934,30
D,C,state_history,all,future/9ps/motion_even,3,0.007691457867622376,-0.02523621108796861,0.04318009172048834,30
D,C,state_history,all,future/9ps/motion_odd,3,-0.0004882478051715432,-0.007542421478364204,0.00669009952081574,30
D,C,state_history,all,path/0.75ps/mean_std_qbar6,3,-0.008469110685918069,-0.02671636358731323,0.008056504422824618,30
D,C,state_history,all,path/3ps/mean_std_qbar6,3,-0.007469915262319975,-0.02482802621839154,0.008657020997747534,30
D,C,state_history,all,path/9ps/mean_std_qbar6,3,-0.004620095350158712,-0.02098877527071939,0.012061431399908744,30
D,C,state_history,all,present/block_mean,3,-0.008472524459163345,-0.029074994773534993,0.012278671286379286,30
D,C,state_history,all,present/bond_order,3,-0.010334051814344195,-0.03339477958157659,0.012597503558629087,30
D,C,state_history,all,present/instantaneous_TDA_H0,3,-0.011385128150383632,-0.04628938667890098,0.020350884820024166,30
D,C,state_history,all,present/instantaneous_TDA_H1,3,-0.010988510565625298,-0.04218542613296046,0.01885325488737883,30
D,C,state_history,all,present/instantaneous_TDA_H2,3,-0.02090920598970519,-0.05085901316151851,0.005539926544038744,30
D,C,state_history,all,present/motion_even,3,0.0018407795164320205,-0.060726005641950506,0.06833864792353575,30
D,C,state_history,all,present/motion_odd,3,0.0009409702486462063,-0.005631389882829454,0.006990125245518151,30
D,C,state_history,all,temporal/0.75ps/covariance_trace,3,0.3242536081208123,-0.4166994753148821,1.1343388227290572,30
D,C,state_history,all,temporal/0.75ps/increment_p95,3,-1.0730924036105474,-1.509208633061912,-0.6523842324879433,30
D,C,state_history,all,temporal/0.75ps/increment_rms,3,-0.7098502265082465,-0.9706238487031724,-0.47918215579456763,30
D,C,state_history,all,temporal/0.75ps/normalized_rms_jump,3,-0.13406395971629798,-0.1801239887999852,-0.09084862075402918,30
D,C,state_history,at_risk,hazard/bin0/brier,3,0.00021993265237243675,-0.0014065976671670595,0.001872885555558745,24
D,C,state_history,at_risk,hazard/bin1/brier,3,-0.0007534764475470491,-0.005676152790510969,0.004004219622690161,24
D,C,state_history,at_risk,hazard/bin2/brier,3,0.009663108453322721,-0.0005240306475065575,0.021129324824647074,24
D,C,state_history,at_risk,hazard/nll,3,0.034544367938198976,0.010212100172389505,0.0616872179664723,24
D,C,state_history,low_order,delta/0.75ps/block_mean,3,0.00438568356379963,-0.00028714988064144047,0.008843461089323143,17
D,C,state_history,low_order,delta/0.75ps/bond_order,3,0.0013753351043252382,-0.0009127846462469475,0.004244492535351536,17
D,C,state_history,low_order,delta/0.75ps/instantaneous_TDA_H0,3,0.003140717598737454,0.0010927641435581096,0.005220278283106345,17
D,C,state_history,low_order,delta/0.75ps/instantaneous_TDA_H1,3,0.0025264839915668264,0.00018087769402008426,0.004703077867481054,17
D,C,state_history,low_order,delta/0.75ps/instantaneous_TDA_H2,3,0.0018199195756631737,-0.0009158935653520563,0.0036345662695227887,17
D,C,state_history,low_order,delta/0.75ps/motion_even,3,-0.00011857818154727875,-0.02157599522786982,0.022422628659828032,17
D,C,state_history,low_order,delta/0.75ps/motion_odd,3,0.01757022329405242,0.0062017759271696515,0.02991400176987928,17
D,C,state_history,low_order,delta/3ps/block_mean,3,-0.00026954686135248116,-0.005052338667165221,0.0047659608005893046,17
D,C,state_history,low_order,delta/3ps/bond_order,3,-0.0009672451837390078,-0.0030135048115078143,0.0013363344887015822,17
D,C,state_history,low_order,delta/3ps/instantaneous_TDA_H0,3,0.004794718880279391,0.0027606409992657456,0.0069584209837165525,17
D,C,state_history,low_order,delta/3ps/instantaneous_TDA_H1,3,0.003903827976946737,0.00039890861029134053,0.007184672103646922,17
D,C,state_history,low_order,delta/3ps/instantaneous_TDA_H2,3,0.0026776663520756885,0.00033822410246905156,0.004843585138373515,17
D,C,state_history,low_order,delta/3ps/motion_even,3,-0.01670778089878606,-0.04562845907959283,0.012092992897127185,17
D,C,state_history,low_order,delta/3ps/motion_odd,3,0.004681531705108343,-0.0034148519237836195,0.012324940106448,17
D,C,state_history,low_order,delta/9ps/block_mean,3,0.000531233679746688,-0.0034574919988194183,0.005111127445288607,17
D,C,state_history,low_order,delta/9ps/bond_order,3,-0.004642501473426819,-0.006812209723626865,-0.002002117709786287,17
D,C,state_history,low_order,delta/9ps/instantaneous_TDA_H0,3,0.0038568977923954233,0.0008579158607651205,0.007014101619521777,17
D,C,state_history,low_order,delta/9ps/instantaneous_TDA_H1,3,0.0033487483274702934,-3.409314097142699e-05,0.00637972749331418,17
D,C,state_history,low_order,delta/9ps/instantaneous_TDA_H2,3,0.0017530517835243078,-0.00044995231152165156,0.003938896844492239,17
D,C,state_history,low_order,delta/9ps/motion_even,3,-0.01365705973961774,-0.03518202576567145,0.006913917263348875,17
D,C,state_history,low_order,delta/9ps/motion_odd,3,0.01252826538813465,0.0028522805548181727,0.02218977353562983,17
D,C,state_history,low_order,future/0.75ps/block_mean,3,-0.038669405614628505,-0.07062014872147367,-0.008451083923988299,17
D,C,state_history,low_order,future/0.75ps/bond_order,3,-0.05474041665301604,-0.10414229244651162,-0.014806851985700007,17
D,C,state_history,low_order,future/0.75ps/instantaneous_TDA_H0,3,-0.06697114418242492,-0.10590288623363948,-0.029891413731464003,17
D,C,state_history,low_order,future/0.75ps/instantaneous_TDA_H1,3,-0.06409681018661051,-0.1047307658794464,-0.018428569966379368,17
D,C,state_history,low_order,future/0.75ps/instantaneous_TDA_H2,3,-0.07169154761176484,-0.1131903053443952,-0.030180750272291553,17
D,C,state_history,low_order,future/0.75ps/motion_even,3,0.016933179953519034,-0.04197135626101027,0.07644363244374591,17
D,C,state_history,low_order,future/0.75ps/motion_odd,3,0.008550304992526186,-0.006944139184905033,0.027258989857692345,17
D,C,state_history,low_order,future/3ps/block_mean,3,-0.043388121828339454,-0.08456122141721005,-0.006509012162831512,17
D,C,state_history,low_order,future/3ps/bond_order,3,-0.04451452648522807,-0.09151701207692715,-0.004238330094399421,17
D,C,state_history,low_order,future/3ps/instantaneous_TDA_H0,3,-0.0793292943169089,-0.12339778092561983,-0.029443321720350038,17
D,C,state_history,low_order,future/3ps/instantaneous_TDA_H1,3,-0.07038912513092452,-0.11559415387318416,-0.03078693595221817,17
D,C,state_history,low_order,future/3ps/instantaneous_TDA_H2,3,-0.07800795035619361,-0.1272017482887296,-0.028500721347974847,17
D,C,state_history,low_order,future/3ps/motion_even,3,0.022666113633735507,-0.05088332628502565,0.09441763540985537,17
D,C,state_history,low_order,future/3ps/motion_odd,3,-0.010753948314517153,-0.026712907207947154,0.0009556715979295612,17
D,C,state_history,low_order,future/9ps/block_mean,3,-0.03785221842330655,-0.07262212491222944,-0.005625407069349375,17
D,C,state_history,low_order,future/9ps/bond_order,3,-0.04166893587977278,-0.0835830042394353,-0.0026437497460374848,17
D,C,state_history,low_order,future/9ps/instantaneous_TDA_H0,3,-0.06509772184140543,-0.11490142868430006,-0.016362917971085102,17
D,C,state_history,low_order,future/9ps/instantaneous_TDA_H1,3,-0.06784146249878639,-0.10987552845229705,-0.023028984636652712,17
D,C,state_history,low_order,future/9ps/instantaneous_TDA_H2,3,-0.07311708538555632,-0.1155221580144237,-0.028628621075083273,17
D,C,state_history,low_order,future/9ps/motion_even,3,0.01676742294255425,-0.04880347199299756,0.08286684114559016,17
D,C,state_history,low_order,future/9ps/motion_odd,3,0.003844472123127358,-0.00579843268382783,0.012790852624411677,17
D,C,state_history,low_order,path/0.75ps/mean_std_qbar6,3,-0.03173323780955637,-0.058795839639417084,-0.004999059321377092,17
D,C,state_history,low_order,path/3ps/mean_std_qbar6,3,-0.028276228090273397,-0.05446923929586203,-0.0013058167083335062,17
D,C,state_history,low_order,path/9ps/mean_std_qbar6,3,-0.020358682646617002,-0.04966352503728487,0.009116919299441495,17
D,C,state_history,low_order,present/block_mean,3,-0.039415587798929674,-0.08079211321275899,0.0006052660092321847,17
D,C,state_history,low_order,present/bond_order,3,-0.051224059626167884,-0.09765860591010721,-0.012214936089574127,17
D,C,state_history,low_order,present/instantaneous_TDA_H0,3,-0.04754247216909539,-0.09338813148913722,-0.004508108366280871,17
D,C,state_history,low_order,present/instantaneous_TDA_H1,3,-0.07716843222870547,-0.12010564613064714,-0.03383625386027145,17
D,C,state_history,low_order,present/instantaneous_TDA_H2,3,-0.0811685437665266,-0.12773533079992322,-0.036330120470009594,17
D,C,state_history,low_order,present/motion_even,3,0.017020379795747633,-0.10775600248107724,0.141689770522655,17
D,C,state_history,low_order,present/motion_odd,3,0.003589601201169631,-0.004663918620231105,0.01129171025811457,17
D,C,state_history,low_order,temporal/0.75ps/covariance_trace,3,-0.18784792472918826,-1.2242362284411987,0.7583860073859479,16
D,C,state_history,low_order,temporal/0.75ps/increment_p95,3,-1.1356092975785332,-1.670968588410566,-0.6236345251277088,16
D,C,state_history,low_order,temporal/0.75ps/increment_rms,3,-0.6551126713554065,-0.9722563607618213,-0.34687173708031577,16
D,C,state_history,low_order,temporal/0.75ps/normalized_rms_jump,3,-0.10746609671386648,-0.16051052490106882,-0.05922191297110722,16
D,repeated_anchor,joint,all,delta/0.75ps/block_mean,3,-0.0010766080235717404,-0.004241643622862504,0.0018644598259211088,30
D,repeated_anchor,joint,all,delta/0.75ps/bond_order,3,-0.0006572422261039415,-0.001442077641064922,6.591140344324982e-05,30
D,repeated_anchor,joint,all,delta/0.75ps/instantaneous_TDA_H0,3,-0.00020351575480567083,-0.00211660328010718,0.0018493538308474748,30
D,repeated_anchor,joint,all,delta/0.75ps/instantaneous_TDA_H1,3,-0.0008051536149448819,-0.0016877796852754223,5.709357559680906e-05,30
D,repeated_anchor,joint,all,delta/0.75ps/instantaneous_TDA_H2,3,-0.0023648452841573287,-0.00349940098511676,-0.0011599236199011413,30
D,repeated_anchor,joint,all,delta/0.75ps/motion_even,3,-0.010905717478858101,-0.019741711765527727,-0.001498499727911421,30
D,repeated_anchor,joint,all,delta/0.75ps/motion_odd,3,0.008476826217439441,-0.007357495418853231,0.023200037942992316,30
D,repeated_anchor,joint,all,delta/3ps/block_mean,3,-0.0033787142588860425,-0.008792731028602074,0.0021118284526488,30
D,repeated_anchor,joint,all,delta/3ps/bond_order,3,-0.001246294772459401,-0.0025712976076950633,-8.842002496951227e-05,30
D,repeated_anchor,joint,all,delta/3ps/instantaneous_TDA_H0,3,-0.0032415832082430523,-0.005440349872741434,-0.0009739487369855252,30
D,repeated_anchor,joint,all,delta/3ps/instantaneous_TDA_H1,3,-0.0007924541831016539,-0.0017086826947828133,0.00010289900004863717,30
D,repeated_anchor,joint,all,delta/3ps/instantaneous_TDA_H2,3,-0.0020905823343329963,-0.003418697025626897,-0.000805537468857237,30
D,repeated_anchor,joint,all,delta/3ps/motion_even,3,-0.006717566649119058,-0.02028254843420452,0.007197087953488029,30
D,repeated_anchor,joint,all,delta/3ps/motion_odd,3,-0.006183804406060112,-0.03008645666970147,0.019135512924856598,30
D,repeated_anchor,joint,all,delta/9ps/block_mean,3,-0.0054172454539824465,-0.010126145955830538,-0.0007301107731095869,30
D,repeated_anchor,joint,all,delta/9ps/bond_order,3,-0.0007770217955112458,-0.0020925723057654165,0.00047923620272841643,30
D,repeated_anchor,joint,all,delta/9ps/instantaneous_TDA_H0,3,-0.002677299578984578,-0.006153128883904882,0.000644425898790359,30
D,repeated_anchor,joint,all,delta/9ps/instantaneous_TDA_H1,3,-0.00031277048918935973,-0.0014841157239344387,0.0007697857626610327,30
D,repeated_anchor,joint,all,delta/9ps/instantaneous_TDA_H2,3,-0.0018030783782402675,-0.0031946440744731164,-0.0004742166399955756,30
D,repeated_anchor,joint,all,delta/9ps/motion_even,3,-0.004665403233634099,-0.01785910286837154,0.008191760496960729,30
D,repeated_anchor,joint,all,delta/9ps/motion_odd,3,-0.0222678992483351,-0.046294561674197515,-0.0003248103790813068,30
D,repeated_anchor,joint,all,future/0.75ps/block_mean,3,0.008805468609487563,-0.004873118445760129,0.02276750321155065,30
D,repeated_anchor,joint,all,future/0.75ps/bond_order,3,-0.0005947176780965608,-0.017450343428386583,0.015933380665050595,30
D,repeated_anchor,joint,all,future/0.75ps/instantaneous_TDA_H0,3,0.0057740898595915885,-0.02013003859255049,0.03203183960169553,30
D,repeated_anchor,joint,all,future/0.75ps/instantaneous_TDA_H1,3,0.016986665046877333,-0.008070630288372438,0.04313808074841893,30
D,repeated_anchor,joint,all,future/0.75ps/instantaneous_TDA_H2,3,0.013873707503080368,-0.006714941832340426,0.034534545029616975,30
D,repeated_anchor,joint,all,future/0.75ps/motion_even,3,0.014131465223100449,-0.0022064772248268135,0.029911959701114234,30
D,repeated_anchor,joint,all,future/0.75ps/motion_odd,3,0.0026616017023722337,-0.0036991125014093186,0.008872319708267847,30
D,repeated_anchor,joint,all,future/3ps/block_mean,3,0.007168750168272743,-0.007202112011404502,0.02210412681740881,30
D,repeated_anchor,joint,all,future/3ps/bond_order,3,0.004488142414225472,-0.01311881442657775,0.023035749176310162,30
D,repeated_anchor,joint,all,future/3ps/instantaneous_TDA_H0,3,0.006598264392879274,-0.02296833718195558,0.03753681698814032,30
D,repeated_anchor,joint,all,future/3ps/instantaneous_TDA_H1,3,0.019898738215366998,-0.003309413306415081,0.044806023277342316,30
D,repeated_anchor,joint,all,future/3ps/instantaneous_TDA_H2,3,0.013595681016643843,-0.006781959389853809,0.036621274932598064,30
D,repeated_anchor,joint,all,future/3ps/motion_even,3,0.0019080768028895065,-0.011761544479264155,0.015725193354818527,30
D,repeated_anchor,joint,all,future/3ps/motion_odd,3,-0.0034764018323686393,-0.008656787971655528,0.0013945826391378992,30
D,repeated_anchor,joint,all,future/9ps/block_mean,3,0.010386360878193822,-0.004853181424723176,0.02494795379366864,30
D,repeated_anchor,joint,all,future/9ps/bond_order,3,0.0071407521764437374,-0.014099546621243157,0.027077847499814282,30
D,repeated_anchor,joint,all,future/9ps/instantaneous_TDA_H0,3,0.010830601718690658,-0.01237587630127867,0.03586676841601728,30
D,repeated_anchor,joint,all,future/9ps/instantaneous_TDA_H1,3,0.020972778151432673,-0.004199529528203936,0.04882959030568594,30
D,repeated_anchor,joint,all,future/9ps/instantaneous_TDA_H2,3,0.023370567212502157,-0.001518685683194135,0.05021893434019547,30
D,repeated_anchor,joint,all,future/9ps/motion_even,3,0.004433309038480123,-0.012463650206724802,0.019877683363027036,30
D,repeated_anchor,joint,all,future/9ps/motion_odd,3,-0.004429843028386433,-0.010907647692494922,0.00245596440302001,30
D,repeated_anchor,joint,all,path/0.75ps/mean_std_qbar6,3,0.011594327611641753,-0.0006287936453655777,0.024150823888808695,30
D,repeated_anchor,joint,all,path/3ps/mean_std_qbar6,3,0.01190448558837589,-0.0006978996239680174,0.025077161090189797,30
D,repeated_anchor,joint,all,path/9ps/mean_std_qbar6,3,0.013914976734668018,0.0011718435972256382,0.02790034617672467,30
D,repeated_anchor,joint,all,present/block_mean,3,0.017033187189587837,0.006516827416985675,0.028606547124476876,30
D,repeated_anchor,joint,all,present/bond_order,3,0.011245650135808522,-0.00673137625058492,0.03053015551219383,30
D,repeated_anchor,joint,all,present/instantaneous_TDA_H0,3,0.022606180359919868,-0.0006954242578811111,0.04644915809647904,30
D,repeated_anchor,joint,all,present/instantaneous_TDA_H1,3,0.03526667522059546,0.01091028900610076,0.061285627039356305,30
D,repeated_anchor,joint,all,present/instantaneous_TDA_H2,3,0.02884175595309999,0.008966304570850398,0.048647014718088834,30
D,repeated_anchor,joint,all,present/motion_even,3,0.0018430372079213464,-0.010648221472899119,0.014661413811975057,30
D,repeated_anchor,joint,all,present/motion_odd,3,0.0023958242601818513,-0.007966873902413577,0.013090474175082311,30
D,repeated_anchor,joint,all,temporal/0.75ps/covariance_trace,3,1.3842721111244627,0.5359185158875254,2.2312615825566966,30
D,repeated_anchor,joint,all,temporal/0.75ps/increment_p95,3,-0.8181243008375164,-1.2403647405323053,-0.41803993142147844,30
D,repeated_anchor,joint,all,temporal/0.75ps/increment_rms,3,-0.46891460418701175,-0.7545761930942535,-0.20328063279390335,30
D,repeated_anchor,joint,all,temporal/0.75ps/normalized_rms_jump,3,-0.15175085723550943,-0.2047931321660449,-0.10511748804898602,30
D,repeated_anchor,joint,at_risk,hazard/bin0/brier,3,0.00024309781017093883,6.611181855318683e-05,0.0004722412720757346,24
D,repeated_anchor,joint,at_risk,hazard/bin1/brier,3,0.0003220271722776699,-0.0002827528908376589,0.0009721989464037212,24
D,repeated_anchor,joint,at_risk,hazard/bin2/brier,3,-0.00037712309873446276,-0.0018662084796509425,0.0010039236074550135,24
D,repeated_anchor,joint,at_risk,hazard/nll,3,0.007941127028768985,0.002192408079988834,0.014289786503427927,24
D,repeated_anchor,joint,low_order,delta/0.75ps/block_mean,3,-0.00036297531591521394,-0.004776424263281357,0.004470923326885188,17
D,repeated_anchor,joint,low_order,delta/0.75ps/bond_order,3,-0.0019179399983555662,-0.003189024248836087,-0.0007573815975703446,17
D,repeated_anchor,joint,low_order,delta/0.75ps/instantaneous_TDA_H0,3,-0.0032584066776668325,-0.005271976897675616,-0.0012918826119572534,17
D,repeated_anchor,joint,low_order,delta/0.75ps/instantaneous_TDA_H1,3,-0.0023821704820090645,-0.003174311138105159,-0.0016393310591286305,17
D,repeated_anchor,joint,low_order,delta/0.75ps/instantaneous_TDA_H2,3,-0.00498068069710451,-0.005999423300518709,-0.00386159683705545,17
D,repeated_anchor,joint,low_order,delta/0.75ps/motion_even,3,-0.005230937518325507,-0.01595264305086697,0.00604330038323121,17
D,repeated_anchor,joint,low_order,delta/0.75ps/motion_odd,3,0.0155922834779702,-0.005184697505890153,0.03596678482843377,17
D,repeated_anchor,joint,low_order,delta/3ps/block_mean,3,-0.0009645422299702914,-0.004308018401216452,0.0023568097696779586,17
D,repeated_anchor,joint,low_order,delta/3ps/bond_order,3,-0.0029164001929993725,-0.004711749116141422,-0.001052272776324377,17
D,repeated_anchor,joint,low_order,delta/3ps/instantaneous_TDA_H0,3,-0.005330598967916826,-0.007777072233604449,-0.002861103901237834,17
D,repeated_anchor,joint,low_order,delta/3ps/instantaneous_TDA_H1,3,-0.0019890346071299385,-0.0030127274675988682,-0.000987142653149717,17
D,repeated_anchor,joint,low_order,delta/3ps/instantaneous_TDA_H2,3,-0.0038277403104539005,-0.005712904090828755,-0.0018487048390157094,17
D,repeated_anchor,joint,low_order,delta/3ps/motion_even,3,0.002708784505432728,-0.009855812086778527,0.01591252389491773,17
D,repeated_anchor,joint,low_order,delta/3ps/motion_odd,3,0.005567736193245533,-0.009387139267489021,0.020549417710771747,17
D,repeated_anchor,joint,low_order,delta/9ps/block_mean,3,-0.002578778734150672,-0.006613006261999129,0.0016744533798724215,17
D,repeated_anchor,joint,low_order,delta/9ps/bond_order,3,-0.0022309293933943206,-0.0035214956119364385,-0.0008071910955157933,17
D,repeated_anchor,joint,low_order,delta/9ps/instantaneous_TDA_H0,3,-0.006167692442735036,-0.009215729132148565,-0.0031951873398878994,17
D,repeated_anchor,joint,low_order,delta/9ps/instantaneous_TDA_H1,3,-0.0013862879691170713,-0.0033551616849852544,0.0006198344222616894,17
D,repeated_anchor,joint,low_order,delta/9ps/instantaneous_TDA_H2,3,-0.0028904784543841494,-0.004401653829742881,-0.0014051430365618538,17
D,repeated_anchor,joint,low_order,delta/9ps/motion_even,3,0.002204376108506148,-0.015844799198356328,0.020713471519012067,17
D,repeated_anchor,joint,low_order,delta/9ps/motion_odd,3,-0.0050016602537795605,-0.01785559448523118,0.009781674127660539,17
D,repeated_anchor,joint,low_order,future/0.75ps/block_mean,3,0.003722932579275821,-0.02579023479514457,0.030933900182957143,17
D,repeated_anchor,joint,low_order,future/0.75ps/bond_order,3,-0.006614538968778125,-0.06011833872500003,0.02917144957418533,17
D,repeated_anchor,joint,low_order,future/0.75ps/instantaneous_TDA_H0,3,0.0216042688664268,-0.012401944084786905,0.05596514656847597,17
D,repeated_anchor,joint,low_order,future/0.75ps/instantaneous_TDA_H1,3,0.006604328459384394,-0.05905187394396931,0.0570330978389464,17
D,repeated_anchor,joint,low_order,future/0.75ps/instantaneous_TDA_H2,3,0.0010900574864125697,-0.0485166234165138,0.041272219474993425,17
D,repeated_anchor,joint,low_order,future/0.75ps/motion_even,3,0.00403837246053359,-0.011655396135414348,0.018252655162530773,17
D,repeated_anchor,joint,low_order,future/0.75ps/motion_odd,3,-0.004384892828324261,-0.016879235061944702,0.006898187422284873,17
D,repeated_anchor,joint,low_order,future/3ps/block_mean,3,-0.0032977741576877308,-0.04900048643508864,0.031949187649012174,17
D,repeated_anchor,joint,low_order,future/3ps/bond_order,3,0.00010459139650943443,-0.06630104774718774,0.04397704664471686,17
D,repeated_anchor,joint,low_order,future/3ps/instantaneous_TDA_H0,3,0.002434891666851791,-0.060791941878258,0.057087229608612816,17
D,repeated_anchor,joint,low_order,future/3ps/instantaneous_TDA_H1,3,-0.006875401618433931,-0.08267048249276829,0.052351006591582996,17
D,repeated_anchor,joint,low_order,future/3ps/instantaneous_TDA_H2,3,-0.012606816987196602,-0.09463537637801732,0.04829928933405401,17
D,repeated_anchor,joint,low_order,future/3ps/motion_even,3,-0.0046057128438762585,-0.0198410536144294,0.009003752791414034,17
D,repeated_anchor,joint,low_order,future/3ps/motion_odd,3,0.001761803440019196,-0.006290082750367184,0.010348822001148667,17
D,repeated_anchor,joint,low_order,future/9ps/block_mean,3,0.004525097354856976,-0.02892920691246058,0.03167302258483141,17
D,repeated_anchor,joint,low_order,future/9ps/bond_order,3,0.010783178403097041,-0.037612835566202804,0.04816340742011862,17
D,repeated_anchor,joint,low_order,future/9ps/instantaneous_TDA_H0,3,0.011956829796819128,-0.03776741379543262,0.05790087804198264,17
D,repeated_anchor,joint,low_order,future/9ps/instantaneous_TDA_H1,3,0.004487935380608429,-0.04670970515512368,0.051284624216165024,17
D,repeated_anchor,joint,low_order,future/9ps/instantaneous_TDA_H2,3,0.0015889477057784201,-0.05043974393138699,0.04369773651454962,17
D,repeated_anchor,joint,low_order,future/9ps/motion_even,3,-0.0016360341333875466,-0.014923612393584905,0.011316076067148463,17
D,repeated_anchor,joint,low_order,future/9ps/motion_odd,3,-3.0273023773642454e-05,-0.00940465726980976,0.010619873947956979,17
D,repeated_anchor,joint,low_order,path/0.75ps/mean_std_qbar6,3,0.015991366459239348,-0.002975976093005679,0.03350355326558701,17
D,repeated_anchor,joint,low_order,path/3ps/mean_std_qbar6,3,0.0163623331817707,-0.007361166130787893,0.036148038176322055,17
D,repeated_anchor,joint,low_order,path/9ps/mean_std_qbar6,3,0.0212279815162879,-0.0007934663393397764,0.041773493268969925,17
D,repeated_anchor,joint,low_order,present/block_mean,3,0.0022087105994228373,-0.0351388021153124,0.02882289725045359,17
D,repeated_anchor,joint,low_order,present/bond_order,3,-0.015381403121293765,-0.09540247009957539,0.03257531708508144,17
D,repeated_anchor,joint,low_order,present/instantaneous_TDA_H0,3,0.028121896343780498,-0.010524275022394515,0.06782019506847738,17
D,repeated_anchor,joint,low_order,present/instantaneous_TDA_H1,3,-0.003709296239357367,-0.07043075365763085,0.051376494075007294,17
D,repeated_anchor,joint,low_order,present/instantaneous_TDA_H2,3,-0.016430005650309956,-0.08889238235960698,0.035761107623065766,17
D,repeated_anchor,joint,low_order,present/motion_even,3,0.01142273697198606,-0.006311580071262284,0.03108394353413114,17
D,repeated_anchor,joint,low_order,present/motion_odd,3,0.009228335291731591,-0.0029493278148127536,0.020757433012420046,17
D,repeated_anchor,joint,low_order,temporal/0.75ps/covariance_trace,3,1.8826003683110077,0.998860582926621,2.7852117572290194,16
D,repeated_anchor,joint,low_order,temporal/0.75ps/increment_p95,3,-0.4515512119978663,-1.001587658465529,0.0646347406040876,16
D,repeated_anchor,joint,low_order,temporal/0.75ps/increment_rms,3,-0.12549543877442676,-0.4590951945011814,0.1760275514175493,16
D,repeated_anchor,joint,low_order,temporal/0.75ps/normalized_rms_jump,3,-0.12620791504781553,-0.18329599644808275,-0.06733015777898506,16
D,repeated_anchor,linear,all,delta/0.75ps/block_mean,3,0.005293345872174812,0.0031830796542474016,0.007706434299858915,30
D,repeated_anchor,linear,all,delta/0.75ps/bond_order,3,-0.0003842829002274408,-0.001836378883777393,0.0008750812678287414,30
D,repeated_anchor,linear,all,delta/0.75ps/instantaneous_TDA_H0,3,0.00034549434979756695,-0.002580186881952816,0.003303083334532049,30
D,repeated_anchor,linear,all,delta/0.75ps/instantaneous_TDA_H1,3,-0.00036584329273965644,-0.0010753335493306323,0.00036172818806436314,30
D,repeated_anchor,linear,all,delta/0.75ps/instantaneous_TDA_H2,3,0.0009712712218364081,-5.109292351537278e-05,0.0019499900109238085,30
D,repeated_anchor,linear,all,delta/0.75ps/motion_even,3,0.018144450585047402,0.007266025990247727,0.028790546307961132,30
D,repeated_anchor,linear,all,delta/0.75ps/motion_odd,3,0.013048985269334583,0.003126821617285411,0.023467729008860055,30
D,repeated_anchor,linear,all,delta/3ps/block_mean,3,0.0026669788001864037,-0.002737540020607417,0.007581095768966603,30
D,repeated_anchor,linear,all,delta/3ps/bond_order,3,-0.0020565769324700036,-0.005393390473392275,0.001223908070888783,30
D,repeated_anchor,linear,all,delta/3ps/instantaneous_TDA_H0,3,0.0025666400790214533,-0.0024830022412869663,0.008233843321601549,30
D,repeated_anchor,linear,all,delta/3ps/instantaneous_TDA_H1,3,-0.00039337807231479245,-0.00304940871687399,0.0022879194882180942,30
D,repeated_anchor,linear,all,delta/3ps/instantaneous_TDA_H2,3,-0.0003030801398886574,-0.0014474803964710896,0.0008337272672603513,30
D,repeated_anchor,linear,all,delta/3ps/motion_even,3,0.038948464393615725,0.023122844646374385,0.05471684275401962,30
D,repeated_anchor,linear,all,delta/3ps/motion_odd,3,-0.022760196526845293,-0.04659442890021536,0.0025913810398843504,30
D,repeated_anchor,linear,all,delta/9ps/block_mean,3,-0.004937666709776279,-0.011457966668013894,0.0016984776754139124,30
D,repeated_anchor,linear,all,delta/9ps/bond_order,3,0.00576446114314927,0.0013990560122248204,0.010038062002923747,30
D,repeated_anchor,linear,all,delta/9ps/instantaneous_TDA_H0,3,0.0021290982762972523,-0.0019790843418902816,0.006438564517431785,30
D,repeated_anchor,linear,all,delta/9ps/instantaneous_TDA_H1,3,-0.00017219964000913824,-0.0016783637719021906,0.0012506217819948982,30
D,repeated_anchor,linear,all,delta/9ps/instantaneous_TDA_H2,3,0.002507567157347997,0.001568964376217789,0.0034216000222497514,30
D,repeated_anchor,linear,all,delta/9ps/motion_even,3,0.019597934352027047,0.0020375058386060923,0.03762680245770347,30
D,repeated_anchor,linear,all,delta/9ps/motion_odd,3,-0.059452861547470086,-0.09286175674862332,-0.027277988708681557,30
D,repeated_anchor,linear,all,future/0.75ps/block_mean,3,0.001154854114132896,-0.011802961606083922,0.013894007947571832,30
D,repeated_anchor,linear,all,future/0.75ps/bond_order,3,-0.011369133906231985,-0.02544082721695304,0.0029326708180208894,30
D,repeated_anchor,linear,all,future/0.75ps/instantaneous_TDA_H0,3,-0.011709522869851857,-0.04085471999728017,0.017029501468771035,30
D,repeated_anchor,linear,all,future/0.75ps/instantaneous_TDA_H1,3,0.008097391078869502,-0.014843711768173506,0.030912174594899006,30
D,repeated_anchor,linear,all,future/0.75ps/instantaneous_TDA_H2,3,0.0020846225735214013,-0.017320292304373455,0.02086185758416023,30
D,repeated_anchor,linear,all,future/0.75ps/motion_even,3,0.008993443846702576,0.000234030046396785,0.018442286310924417,30
D,repeated_anchor,linear,all,future/0.75ps/motion_odd,3,0.010832323961787757,0.0017999860064850908,0.020130216379960375,30
D,repeated_anchor,linear,all,future/3ps/block_mean,3,-0.0017687362515264114,-0.014825937406125447,0.009954532108580067,30
D,repeated_anchor,linear,all,future/3ps/bond_order,3,-0.008104867405361598,-0.023955349255767134,0.006799673707120937,30
D,repeated_anchor,linear,all,future/3ps/instantaneous_TDA_H0,3,-0.006088234649764168,-0.03224194621253345,0.020583126176562567,30
D,repeated_anchor,linear,all,future/3ps/instantaneous_TDA_H1,3,0.005717392845286264,-0.014413150946299233,0.027701694679756955,30
D,repeated_anchor,linear,all,future/3ps/instantaneous_TDA_H2,3,0.000774776604440477,-0.017064996723913484,0.018943408547590173,30
D,repeated_anchor,linear,all,future/3ps/motion_even,3,0.001053808132807414,-0.015365671962499623,0.016930907070636745,30
D,repeated_anchor,linear,all,future/3ps/motion_odd,3,-0.003965293036566839,-0.02916580667098363,0.02035537224676873,30
D,repeated_anchor,linear,all,future/9ps/block_mean,3,-0.004461675827149987,-0.018972691867017638,0.011037546685655342,30
D,repeated_anchor,linear,all,future/9ps/bond_order,3,-0.00842611011531618,-0.024386561488111816,0.006438560469282994,30
D,repeated_anchor,linear,all,future/9ps/instantaneous_TDA_H0,3,0.0005584455198711822,-0.0175433568449484,0.017967276420030327,30
D,repeated_anchor,linear,all,future/9ps/instantaneous_TDA_H1,3,0.009250753538476097,-0.010812083830436069,0.033583861730164914,30
D,repeated_anchor,linear,all,future/9ps/instantaneous_TDA_H2,3,0.011980311158630581,-0.009322617244389323,0.03697017372275391,30
D,repeated_anchor,linear,all,future/9ps/motion_even,3,0.028193396992153594,-0.0017882138407892597,0.05848998884359996,30
D,repeated_anchor,linear,all,future/9ps/motion_odd,3,-0.06832685205671524,-0.10670112561020588,-0.0333384592417214,30
D,repeated_anchor,linear,all,path/0.75ps/mean_std_qbar6,3,-0.00049713824927393,-0.014585851571884835,0.013465818694546905,30
D,repeated_anchor,linear,all,path/3ps/mean_std_qbar6,3,0.0003853936007039413,-0.013302846010256974,0.014497786944137055,30
D,repeated_anchor,linear,all,path/9ps/mean_std_qbar6,3,0.0007672275701123809,-0.012286273880421908,0.01374396811207084,30
D,repeated_anchor,linear,all,present/block_mean,3,0.007641824493529623,-0.003452729153515832,0.018259444255554275,30
D,repeated_anchor,linear,all,present/bond_order,3,-0.008155348896980285,-0.0212940329230494,0.005454754614167742,30
D,repeated_anchor,linear,all,present/instantaneous_TDA_H0,3,-0.003249323699209423,-0.028425218073858158,0.02142060448312097,30
D,repeated_anchor,linear,all,present/instantaneous_TDA_H1,3,0.01737879580921597,-0.00048249769748912795,0.03761284693454703,30
D,repeated_anchor,linear,all,present/instantaneous_TDA_H2,3,0.01105354672504796,-0.003948969735453526,0.026943799822280803,30
D,repeated_anchor,linear,all,present/motion_even,3,0.026610427763726976,0.013000747760136922,0.04238224791983762,30
D,repeated_anchor,linear,all,present/motion_odd,3,0.002212849259376525,-0.010652256119582386,0.016741336228118988,30
D,repeated_anchor,linear,all,temporal/0.75ps/covariance_trace,3,1.3842721369531423,0.5196404074629148,2.226084091265996,30
D,repeated_anchor,linear,all,temporal/0.75ps/increment_p95,3,-0.8181243224276433,-1.2234700936575733,-0.3857068220890233,30
D,repeated_anchor,linear,all,temporal/0.75ps/increment_rms,3,-0.46891457769605854,-0.7529482357700668,-0.21192835950189196,30
D,repeated_anchor,linear,all,temporal/0.75ps/normalized_rms_jump,3,-0.15175085889825798,-0.20083459707143958,-0.10473329188562401,30
D,repeated_anchor,linear,at_risk,hazard/bin0/brier,3,-0.008956278850291708,-0.017407013668347796,-0.0025904990273817132,24
D,repeated_anchor,linear,at_risk,hazard/bin1/brier,3,-0.017070462539474345,-0.030235044723576722,-0.006698322577002122,24
D,repeated_anchor,linear,at_risk,hazard/bin2/brier,3,-0.022642285145896796,-0.03314480842799539,-0.01247448089188766,24
D,repeated_anchor,linear,at_risk,hazard/nll,3,-0.06382434895365603,-0.10805279888251486,-0.03128152316591392,24
D,repeated_anchor,linear,low_order,delta/0.75ps/block_mean,3,0.0053448414831769216,-0.0018408923848148562,0.010284231184963499,17
D,repeated_anchor,linear,low_order,delta/0.75ps/bond_order,3,-0.002235907842131222,-0.0040992226743815,-0.0006762359766106985,17
D,repeated_anchor,linear,low_order,delta/0.75ps/instantaneous_TDA_H0,3,-0.0037538222238129265,-0.00722048732579923,-0.000626013931982662,17
D,repeated_anchor,linear,low_order,delta/0.75ps/instantaneous_TDA_H1,3,-0.0005791001752311109,-0.0018717544920304244,0.0006645055122527417,17
D,repeated_anchor,linear,low_order,delta/0.75ps/instantaneous_TDA_H2,3,0.0008586238996655332,-0.0004943555184439117,0.002310477595265005,17
D,repeated_anchor,linear,low_order,delta/0.75ps/motion_even,3,0.015567487361384373,-0.025303324998593796,0.0428683632144741,17
D,repeated_anchor,linear,low_order,delta/0.75ps/motion_odd,3,0.022211767879186894,0.007323403042905473,0.03649628340613608,17
D,repeated_anchor,linear,low_order,delta/3ps/block_mean,3,-0.009026275765077748,-0.017360091544809494,-0.0013554724377695642,17
D,repeated_anchor,linear,low_order,delta/3ps/bond_order,3,-0.002789795983071421,-0.008279903046786784,0.0032297859150989335,17
D,repeated_anchor,linear,low_order,delta/3ps/instantaneous_TDA_H0,3,0.007411536924979266,0.0004517698916150075,0.01568101115670858,17
D,repeated_anchor,linear,low_order,delta/3ps/instantaneous_TDA_H1,3,-0.0017714418616949345,-0.006726034723368345,0.0030288461522728787,17
D,repeated_anchor,linear,low_order,delta/3ps/instantaneous_TDA_H2,3,-0.0004488315944578132,-0.0023925373111577594,0.0014544824576553175,17
D,repeated_anchor,linear,low_order,delta/3ps/motion_even,3,0.013380192074121212,-0.019666074859161,0.04205971050496193,17
D,repeated_anchor,linear,low_order,delta/3ps/motion_odd,3,-0.06993931415034275,-0.09775578963990304,-0.03691238065560661,17
D,repeated_anchor,linear,low_order,delta/9ps/block_mean,3,-0.008270595454020441,-0.0182544427509937,0.002231829647230465,17
D,repeated_anchor,linear,low_order,delta/9ps/bond_order,3,0.00798609034687865,0.0006840280384994023,0.014824452506853074,17
D,repeated_anchor,linear,low_order,delta/9ps/instantaneous_TDA_H0,3,0.002919530897748237,-0.004562778540832153,0.009976382754450919,17
D,repeated_anchor,linear,low_order,delta/9ps/instantaneous_TDA_H1,3,-0.0017233168815865233,-0.004243628014171241,0.0005445133675547179,17
D,repeated_anchor,linear,low_order,delta/9ps/instantaneous_TDA_H2,3,0.0024729495247205096,0.0015620378777384757,0.0034195118017640766,17
D,repeated_anchor,linear,low_order,delta/9ps/motion_even,3,0.03184809988620235,0.004539580672394994,0.05978199377948161,17
D,repeated_anchor,linear,low_order,delta/9ps/motion_odd,3,-0.09312692649808584,-0.13606404712533252,-0.04577211248597094,17
D,repeated_anchor,linear,low_order,future/0.75ps/block_mean,3,-0.011034710856239782,-0.033372125686968075,0.009882003664848635,17
D,repeated_anchor,linear,low_order,future/0.75ps/bond_order,3,-0.033977763179470516,-0.0766400375166068,-0.0031343081929520074,17
D,repeated_anchor,linear,low_order,future/0.75ps/instantaneous_TDA_H0,3,-0.03036829098766925,-0.06126044900978312,0.001398390896764413,17
D,repeated_anchor,linear,low_order,future/0.75ps/instantaneous_TDA_H1,3,-0.008049123865716597,-0.047155155464276385,0.029042213139872916,17
D,repeated_anchor,linear,low_order,future/0.75ps/instantaneous_TDA_H2,3,-0.012547464493442986,-0.0412827649391165,0.016745967644394604,17
D,repeated_anchor,linear,low_order,future/0.75ps/motion_even,3,-0.007369231943990671,-0.03686192532380422,0.015569665472881461,17
D,repeated_anchor,linear,low_order,future/0.75ps/motion_odd,3,0.026103609332851337,0.010516308584049637,0.04231783848475006,17
D,repeated_anchor,linear,low_order,future/3ps/block_mean,3,-0.02768083155349969,-0.07148654410566867,0.0037218892362479855,17
D,repeated_anchor,linear,low_order,future/3ps/bond_order,3,-0.027384721180971933,-0.08222346525712342,0.007805776581460354,17
D,repeated_anchor,linear,low_order,future/3ps/instantaneous_TDA_H0,3,-0.020506110261468324,-0.057679352029135406,0.018389386862662487,17
D,repeated_anchor,linear,low_order,future/3ps/instantaneous_TDA_H1,3,-0.029466444662972997,-0.07677906599334057,0.006967421222989444,17
D,repeated_anchor,linear,low_order,future/3ps/instantaneous_TDA_H2,3,-0.023187068747539147,-0.07716811653591837,0.018022927546910195,17
D,repeated_anchor,linear,low_order,future/3ps/motion_even,3,-0.02224978512408687,-0.06878911101934956,0.016617200216826222,17
D,repeated_anchor,linear,low_order,future/3ps/motion_odd,3,-0.043290859343958835,-0.09662038669282316,0.0039692600860315175,17
D,repeated_anchor,linear,low_order,future/9ps/block_mean,3,-0.02561497730902986,-0.050381446489759896,-0.0035558318229258206,17
D,repeated_anchor,linear,low_order,future/9ps/bond_order,3,-0.023938595956447074,-0.06089587773324228,0.004551483741870112,17
D,repeated_anchor,linear,low_order,future/9ps/instantaneous_TDA_H0,3,-0.024609897212654934,-0.06132638325878218,0.006120716992254333,17
D,repeated_anchor,linear,low_order,future/9ps/instantaneous_TDA_H1,3,-0.017632341998464925,-0.04938295125669123,0.00933556483291528,17
D,repeated_anchor,linear,low_order,future/9ps/instantaneous_TDA_H2,3,-0.006887874839936989,-0.04243939269297556,0.021501628714887484,17
D,repeated_anchor,linear,low_order,future/9ps/motion_even,3,0.03689667757819681,-0.010572860521428721,0.08367814041820223,17
D,repeated_anchor,linear,low_order,future/9ps/motion_odd,3,-0.11751783142487207,-0.17910461067861203,-0.06300743285055257,17
D,repeated_anchor,linear,low_order,path/0.75ps/mean_std_qbar6,3,-0.019781544366303614,-0.03564754801793207,-0.004338551205400326,17
D,repeated_anchor,linear,low_order,path/3ps/mean_std_qbar6,3,-0.016515938866445246,-0.033084634088628065,-0.0005813945361011322,17
D,repeated_anchor,linear,low_order,path/9ps/mean_std_qbar6,3,-0.014478929286055703,-0.030052956319687997,0.0014611581025426004,17
D,repeated_anchor,linear,low_order,present/block_mean,3,-0.003317088686124554,-0.028296917954344126,0.016689013451751725,17
D,repeated_anchor,linear,low_order,present/bond_order,3,-0.034374739463422815,-0.08624429568356158,0.002784548268890848,17
D,repeated_anchor,linear,low_order,present/instantaneous_TDA_H0,3,-0.004414523458656142,-0.03708597172562982,0.028083866586287812,17
D,repeated_anchor,linear,low_order,present/instantaneous_TDA_H1,3,-0.007723508512272555,-0.04889808819793603,0.027214746085890362,17
D,repeated_anchor,linear,low_order,present/instantaneous_TDA_H2,3,-0.007022809310286653,-0.04997431116142109,0.027285075965611357,17
D,repeated_anchor,linear,low_order,present/motion_even,3,0.027554961396198643,0.007272915512907739,0.05433382469357227,17
D,repeated_anchor,linear,low_order,present/motion_odd,3,0.006078087231692147,-0.01664484227989234,0.030824232116049382,17
D,repeated_anchor,linear,low_order,temporal/0.75ps/covariance_trace,3,1.882600319882234,0.9833153338481984,2.777943427550294,16
D,repeated_anchor,linear,low_order,temporal/0.75ps/increment_p95,3,-0.45155152032772683,-0.9982653190847486,0.0885971352178596,16
D,repeated_anchor,linear,low_order,temporal/0.75ps/increment_rms,3,-0.12549550086259842,-0.45321836763372025,0.1903325502450267,16
D,repeated_anchor,linear,low_order,temporal/0.75ps/normalized_rms_jump,3,-0.126207925647355,-0.1889615581195682,-0.0678405484431926,16
D,repeated_anchor,nonlinear,all,delta/0.75ps/block_mean,3,0.0028129551145765546,0.001166485178077397,0.004425614260964922,30
D,repeated_anchor,nonlinear,all,delta/0.75ps/bond_order,3,0.005748264450165961,0.004244936952988307,0.007371338746613927,30
D,repeated_anchor,nonlinear,all,delta/0.75ps/instantaneous_TDA_H0,3,0.004386213587390052,0.0012302875767151516,0.007817853589852644,30
D,repeated_anchor,nonlinear,all,delta/0.75ps/instantaneous_TDA_H1,3,0.0008134904007116952,0.0002752036352952321,0.0013046162016689753,30
D,repeated_anchor,nonlinear,all,delta/0.75ps/instantaneous_TDA_H2,3,-0.0006922713998291227,-0.0011325353497846256,-0.00016434516136844962,30
D,repeated_anchor,nonlinear,all,delta/0.75ps/motion_even,3,0.004659017589357164,-0.002213455554511811,0.01169106953673892,30
D,repeated_anchor,nonlinear,all,delta/0.75ps/motion_odd,3,0.001963016059663561,-0.003668529109822379,0.00741196051239967,30
D,repeated_anchor,nonlinear,all,delta/3ps/block_mean,3,0.0018909727809605862,-0.00013787861982428827,0.003967117725664551,30
D,repeated_anchor,nonlinear,all,delta/3ps/bond_order,3,0.004808631373776332,0.00267646790896025,0.007040207033149068,30
D,repeated_anchor,nonlinear,all,delta/3ps/instantaneous_TDA_H0,3,0.0041791336403952705,-0.0013813408091664316,0.010221013223959331,30
D,repeated_anchor,nonlinear,all,delta/3ps/instantaneous_TDA_H1,3,0.0007158861392074163,-7.779117466674914e-05,0.0016233917056686345,30
D,repeated_anchor,nonlinear,all,delta/3ps/instantaneous_TDA_H2,3,-0.0011177545620335474,-0.0014813482368157967,-0.0007398657604224157,30
D,repeated_anchor,nonlinear,all,delta/3ps/motion_even,3,0.007475672165552775,-0.002008661462201012,0.017558200342787617,30
D,repeated_anchor,nonlinear,all,delta/3ps/motion_odd,3,-0.00471573207113478,-0.012067303657531739,0.0019434337980217319,30
D,repeated_anchor,nonlinear,all,delta/9ps/block_mean,3,0.002298439621787373,0.0008163661732234806,0.004075362707091549,30
D,repeated_anchor,nonlinear,all,delta/9ps/bond_order,3,0.001360322390165594,-0.0020553821501218613,0.004709655713393456,30
D,repeated_anchor,nonlinear,all,delta/9ps/instantaneous_TDA_H0,3,0.0038428717189364944,-0.002023577031989893,0.009631847946180229,30
D,repeated_anchor,nonlinear,all,delta/9ps/instantaneous_TDA_H1,3,0.00016404978103107872,-0.0005859453541537126,0.0009695224381155434,30
D,repeated_anchor,nonlinear,all,delta/9ps/instantaneous_TDA_H2,3,-0.00045423188971148605,-0.0009378210237870614,4.0053576231002805e-05,30
D,repeated_anchor,nonlinear,all,delta/9ps/motion_even,3,0.012438702583312993,0.0038396120733684967,0.02246892263491948,30
D,repeated_anchor,nonlinear,all,delta/9ps/motion_odd,3,-0.003561076853010389,-0.011265402634938557,0.0038033543361557782,30
D,repeated_anchor,nonlinear,all,future/0.75ps/block_mean,3,-0.013118838656831675,-0.029796111150817182,0.0036789907611630215,30
D,repeated_anchor,nonlinear,all,future/0.75ps/bond_order,3,-0.01597399537762006,-0.034028929351932476,0.0022329296523497973,30
D,repeated_anchor,nonlinear,all,future/0.75ps/instantaneous_TDA_H0,3,-0.021263524641593298,-0.04913987714176376,0.0047239506865541115,30
D,repeated_anchor,nonlinear,all,future/0.75ps/instantaneous_TDA_H1,3,-0.013779930522044504,-0.03868309375726515,0.010321460471798955,30
D,repeated_anchor,nonlinear,all,future/0.75ps/instantaneous_TDA_H2,3,-0.022537389480405384,-0.0470580960996449,0.0010784793520966774,30
D,repeated_anchor,nonlinear,all,future/0.75ps/motion_even,3,-0.0037439346313476573,-0.023397092446684843,0.01699186687668163,30
D,repeated_anchor,nonlinear,all,future/0.75ps/motion_odd,3,-0.0014142572879791262,-0.011106629313694105,0.008475622807939833,30
D,repeated_anchor,nonlinear,all,future/3ps/block_mean,3,-0.011231414456334375,-0.025601672936506836,0.00479942181182127,30
D,repeated_anchor,nonlinear,all,future/3ps/bond_order,3,-0.013697533143891227,-0.031521468444003,0.004114914230174486,30
D,repeated_anchor,nonlinear,all,future/3ps/instantaneous_TDA_H0,3,-0.022806568692127865,-0.049712412570499714,0.005054397504362794,30
D,repeated_anchor,nonlinear,all,future/3ps/instantaneous_TDA_H1,3,-0.01134913770688905,-0.03563399535914262,0.014161143623706351,30
D,repeated_anchor,nonlinear,all,future/3ps/instantaneous_TDA_H2,3,-0.020521539491083884,-0.0416756834100104,0.0014912825015683908,30
D,repeated_anchor,nonlinear,all,future/3ps/motion_even,3,0.00848972499370575,-0.00936237114171187,0.02734507340523931,30
D,repeated_anchor,nonlinear,all,future/3ps/motion_odd,3,-0.007503432697719998,-0.01589805273546113,0.0006309304469161559,30
D,repeated_anchor,nonlinear,all,future/9ps/block_mean,3,-0.005774501649041972,-0.021245401676364788,0.010245074087374451,30
D,repeated_anchor,nonlinear,all,future/9ps/bond_order,3,-0.013573590417702992,-0.032155979544752175,0.005582922361791129,30
D,repeated_anchor,nonlinear,all,future/9ps/instantaneous_TDA_H0,3,-0.011798267149262957,-0.034903952862239546,0.00881304372722903,30
D,repeated_anchor,nonlinear,all,future/9ps/instantaneous_TDA_H1,3,-0.003999390825629233,-0.02970370428222749,0.02521326382437513,30
D,repeated_anchor,nonlinear,all,future/9ps/instantaneous_TDA_H2,3,-0.006961660997735135,-0.03293534281560117,0.02462822381200061,30
D,repeated_anchor,nonlinear,all,future/9ps/motion_even,3,0.0017644130521350437,-0.016520740969313514,0.02073120243019528,30
D,repeated_anchor,nonlinear,all,future/9ps/motion_odd,3,-7.851355605655265e-05,-0.006399946163098018,0.005921787205669614,30
D,repeated_anchor,nonlinear,all,path/0.75ps/mean_std_qbar6,3,-0.0005939095048233858,-0.017263988039339897,0.01633871340930151,30
D,repeated_anchor,nonlinear,all,path/3ps/mean_std_qbar6,3,0.0008019976266142402,-0.015449956187512727,0.01862105499707265,30
D,repeated_anchor,nonlinear,all,path/9ps/mean_std_qbar6,3,0.002484702308558754,-0.013429119284264745,0.017462581748711944,30
D,repeated_anchor,nonlinear,all,present/block_mean,3,-0.009680791095727026,-0.02420534086448175,0.004854036772934099,30
D,repeated_anchor,nonlinear,all,present/bond_order,3,-0.013698724657297136,-0.03142268616085251,0.0055228673708107604,30
D,repeated_anchor,nonlinear,all,present/instantaneous_TDA_H0,3,-0.017825343542628817,-0.04424233818012806,0.007291672517442023,30
D,repeated_anchor,nonlinear,all,present/instantaneous_TDA_H1,3,-0.006342215090990065,-0.027920089765555323,0.01903424733007947,30
D,repeated_anchor,nonlinear,all,present/instantaneous_TDA_H2,3,-0.014829817952381245,-0.03454554963443014,0.00585727780126034,30
D,repeated_anchor,nonlinear,all,present/motion_even,3,-0.003998892837100558,-0.03117907822132111,0.02403189371029529,30
D,repeated_anchor,nonlinear,all,present/motion_odd,3,-0.0013897524939643008,-0.0071008797983328495,0.004140946409768528,30
D,repeated_anchor,nonlinear,all,temporal/0.75ps/covariance_trace,3,1.3842721369531423,0.5582271659374238,2.2682441217038347,30
D,repeated_anchor,nonlinear,all,temporal/0.75ps/increment_p95,3,-0.8181243224276433,-1.2373514078689942,-0.408551311708159,30
D,repeated_anchor,nonlinear,all,temporal/0.75ps/increment_rms,3,-0.46891457769605854,-0.7381210244364208,-0.22240323553482697,30
D,repeated_anchor,nonlinear,all,temporal/0.75ps/normalized_rms_jump,3,-0.15175085889825798,-0.20256351554745008,-0.10637800278963855,30
D,repeated_anchor,nonlinear,at_risk,hazard/bin0/brier,3,-0.0016020304750554715,-0.0029274339805210855,-0.0005416492465763499,24
D,repeated_anchor,nonlinear,at_risk,hazard/bin1/brier,3,-0.004180546902211467,-0.008205571998984041,-0.0010729901354680912,24
D,repeated_anchor,nonlinear,at_risk,hazard/bin2/brier,3,-0.006190631204339701,-0.012603751643342145,-0.0013644277861102612,24
D,repeated_anchor,nonlinear,at_risk,hazard/nll,3,-0.01262008326335086,-0.029684285370037998,0.0007656329912909609,24
D,repeated_anchor,nonlinear,low_order,delta/0.75ps/block_mean,3,0.0014493770994781652,-0.0022062741554786684,0.004472072210674187,17
D,repeated_anchor,nonlinear,low_order,delta/0.75ps/bond_order,3,0.00954222036342995,0.007969205782693977,0.010941582936428341,17
D,repeated_anchor,nonlinear,low_order,delta/0.75ps/instantaneous_TDA_H0,3,0.005438576141993204,6.121490150690079e-05,0.010455944009271318,17
D,repeated_anchor,nonlinear,low_order,delta/0.75ps/instantaneous_TDA_H1,3,0.0010724225464989157,0.000344437053974937,0.0018981701858779962,17
D,repeated_anchor,nonlinear,low_order,delta/0.75ps/instantaneous_TDA_H2,3,-0.0008963938145076526,-0.0013163141285379727,-0.00045662141386784786,17
D,repeated_anchor,nonlinear,low_order,delta/0.75ps/motion_even,3,-0.005513636504902559,-0.016707701309054503,0.004642454140326552,17
D,repeated_anchor,nonlinear,low_order,delta/0.75ps/motion_odd,3,-0.000946926135642856,-0.010986459868795732,0.008451620124134357,17
D,repeated_anchor,nonlinear,low_order,delta/3ps/block_mean,3,0.002239189579401151,-0.0001502290343731683,0.004549224541394741,17
D,repeated_anchor,nonlinear,low_order,delta/3ps/bond_order,3,0.008079898854096731,0.004953296446040565,0.011145379153244636,17
D,repeated_anchor,nonlinear,low_order,delta/3ps/instantaneous_TDA_H0,3,0.012628677136757794,0.005331799351409371,0.019524649238469548,17
D,repeated_anchor,nonlinear,low_order,delta/3ps/instantaneous_TDA_H1,3,0.001214513737781375,-8.586188230444407e-05,0.0025882881792152618,17
D,repeated_anchor,nonlinear,low_order,delta/3ps/instantaneous_TDA_H2,3,-0.0013340397500524335,-0.0019957125259965074,-0.0007289122169216476,17
D,repeated_anchor,nonlinear,low_order,delta/3ps/motion_even,3,-0.007444419112859989,-0.017252835368408877,0.002772917262479355,17
D,repeated_anchor,nonlinear,low_order,delta/3ps/motion_odd,3,0.0002905066106833657,-0.008658719121241101,0.009243959159243339,17
D,repeated_anchor,nonlinear,low_order,delta/9ps/block_mean,3,0.0033515339437263335,0.0013873371971296253,0.005265925146541931,17
D,repeated_anchor,nonlinear,low_order,delta/9ps/bond_order,3,0.0015301343564893682,-0.004101236358138861,0.006981205352235073,17
D,repeated_anchor,nonlinear,low_order,delta/9ps/instantaneous_TDA_H0,3,0.01019310454527537,0.002183937792684517,0.01821597697688084,17
D,repeated_anchor,nonlinear,low_order,delta/9ps/instantaneous_TDA_H1,3,0.00023585024709795038,-0.0008076619813401325,0.0014356213092219586,17
D,repeated_anchor,nonlinear,low_order,delta/9ps/instantaneous_TDA_H2,3,-0.0008118471094206268,-0.0013956017098298258,-0.00021989174260228297,17
D,repeated_anchor,nonlinear,low_order,delta/9ps/motion_even,3,0.0022587343758227775,-0.005998735246705073,0.01087223399503558,17
D,repeated_anchor,nonlinear,low_order,delta/9ps/motion_odd,3,0.006703227247093239,-0.0013780591808551658,0.01430618355196772,17
D,repeated_anchor,nonlinear,low_order,future/0.75ps/block_mean,3,-0.03915683463142783,-0.0660737482678705,-0.012944586472159708,17
D,repeated_anchor,nonlinear,low_order,future/0.75ps/bond_order,3,-0.0595410767139173,-0.10409732731607031,-0.027009115225690265,17
D,repeated_anchor,nonlinear,low_order,future/0.75ps/instantaneous_TDA_H0,3,-0.039159942089634775,-0.07168346995980862,-0.005215149255944245,17
D,repeated_anchor,nonlinear,low_order,future/0.75ps/instantaneous_TDA_H1,3,-0.05863313522993349,-0.11341454083574753,-0.013664109373063445,17
D,repeated_anchor,nonlinear,low_order,future/0.75ps/instantaneous_TDA_H2,3,-0.06518612699765784,-0.10795324631400552,-0.027035617780889955,17
D,repeated_anchor,nonlinear,low_order,future/0.75ps/motion_even,3,-0.0038585540126351756,-0.035552624057905345,0.029629656614041697,17
D,repeated_anchor,nonlinear,low_order,future/0.75ps/motion_odd,3,-0.008562172744788375,-0.024012377960424797,0.00851775584559814,17
D,repeated_anchor,nonlinear,low_order,future/3ps/block_mean,3,-0.0483619883364322,-0.09670704363668763,-0.014707053106375585,17
D,repeated_anchor,nonlinear,low_order,future/3ps/bond_order,3,-0.059980921593366876,-0.12176909644668008,-0.018666164949536327,17
D,repeated_anchor,nonlinear,low_order,future/3ps/instantaneous_TDA_H0,3,-0.07333944211987888,-0.12747303331088203,-0.032958879851389206,17
D,repeated_anchor,nonlinear,low_order,future/3ps/instantaneous_TDA_H1,3,-0.07790132553554048,-0.16035730466977052,-0.02171263917550154,17
D,repeated_anchor,nonlinear,low_order,future/3ps/instantaneous_TDA_H2,3,-0.08039015750674641,-0.16417039892106663,-0.02340404630510831,17
D,repeated_anchor,nonlinear,low_order,future/3ps/motion_even,3,0.014950967886868649,-0.012426637609799703,0.042160200897385085,17
D,repeated_anchor,nonlinear,low_order,future/3ps/motion_odd,3,-0.013511051149929272,-0.02340933213046953,-0.002630135387766598,17
D,repeated_anchor,nonlinear,low_order,future/9ps/block_mean,3,-0.03549532561252514,-0.07186192377254343,-0.008231796107553216,17
D,repeated_anchor,nonlinear,low_order,future/9ps/bond_order,3,-0.051523970768732184,-0.09048745696085926,-0.022256752888799906,17
D,repeated_anchor,nonlinear,low_order,future/9ps/instantaneous_TDA_H0,3,-0.05353351171110191,-0.10209637772218853,-0.009865037512545506,17
D,repeated_anchor,nonlinear,low_order,future/9ps/instantaneous_TDA_H1,3,-0.05552144816108778,-0.1127400707745669,-0.012970446941314969,17
D,repeated_anchor,nonlinear,low_order,future/9ps/instantaneous_TDA_H2,3,-0.05762001568926316,-0.1206277521391052,-0.01212974904360732,17
D,repeated_anchor,nonlinear,low_order,future/9ps/motion_even,3,0.011634221263960296,-0.014065548368528776,0.03724013146232155,17
D,repeated_anchor,nonlinear,low_order,future/9ps/motion_odd,3,-0.006407228608926139,-0.01444793312134696,0.001830402060466634,17
D,repeated_anchor,nonlinear,low_order,path/0.75ps/mean_std_qbar6,3,-0.02568888747334188,-0.04279597536227027,-0.008713761197320901,17
D,repeated_anchor,nonlinear,low_order,path/3ps/mean_std_qbar6,3,-0.02587296963468486,-0.04391801430998991,-0.007763836601310821,17
D,repeated_anchor,nonlinear,low_order,path/9ps/mean_std_qbar6,3,-0.02177556484535921,-0.0405432179636395,-0.003602992489650926,17
D,repeated_anchor,nonlinear,low_order,present/block_mean,3,-0.03824598380528829,-0.07687686071426797,-0.008708492811355401,17
D,repeated_anchor,nonlinear,low_order,present/bond_order,3,-0.056458079201333666,-0.12401605828793025,-0.013629273931477589,17
D,repeated_anchor,nonlinear,low_order,present/instantaneous_TDA_H0,3,-0.04193355906389508,-0.07729587852041803,-0.005809299246974168,17
D,repeated_anchor,nonlinear,low_order,present/instantaneous_TDA_H1,3,-0.05595890491032133,-0.11822446041247425,-0.011769645146149046,17
D,repeated_anchor,nonlinear,low_order,present/instantaneous_TDA_H2,3,-0.0647963210209912,-0.13339620303253039,-0.015872655147869254,17
D,repeated_anchor,nonlinear,low_order,present/motion_even,3,-0.009997862811182059,-0.05449105550845463,0.03480715788170401,17
D,repeated_anchor,nonlinear,low_order,present/motion_odd,3,-0.00033117582400639796,-0.00793914210927837,0.0071140826186713016,17
D,repeated_anchor,nonlinear,low_order,temporal/0.75ps/covariance_trace,3,1.882600319882234,0.9966615039855242,2.778191362321376,16
D,repeated_anchor,nonlinear,low_order,temporal/0.75ps/increment_p95,3,-0.45155152032772683,-0.9831646611293157,0.07586751197464725,16
D,repeated_anchor,nonlinear,low_order,temporal/0.75ps/increment_rms,3,-0.12549550086259842,-0.4395863022034367,0.17791267198820895,16
D,repeated_anchor,nonlinear,low_order,temporal/0.75ps/normalized_rms_jump,3,-0.126207925647355,-0.18529507546158736,-0.06412811574466128,16
D,repeated_anchor,state_constant,all,delta/0.75ps/block_mean,3,0.002620486770239134,-0.00017846189870465606,0.0052519502071663605,30
D,repeated_anchor,state_constant,all,delta/0.75ps/bond_order,3,-0.00014684705270661254,-0.0018804555758833883,0.0012435773439291443,30
D,repeated_anchor,state_constant,all,delta/0.75ps/instantaneous_TDA_H0,3,0.0020255812340312534,3.984318839179157e-05,0.004322456022103626,30
D,repeated_anchor,state_constant,all,delta/0.75ps/instantaneous_TDA_H1,3,0.0020546131663852266,0.0013694553491142062,0.0028063108896215754,30
D,repeated_anchor,state_constant,all,delta/0.75ps/instantaneous_TDA_H2,3,0.0014618748178084693,0.0007381400962670644,0.0021447854302823538,30
D,repeated_anchor,state_constant,all,delta/0.75ps/motion_even,3,0.003697681427001953,-0.00417251545521948,0.01165141756335893,30
D,repeated_anchor,state_constant,all,delta/0.75ps/motion_odd,3,0.006630017028914558,-0.0046859474231799435,0.018791582178738383,30
D,repeated_anchor,state_constant,all,delta/3ps/block_mean,3,-0.00043112498328642067,-0.003102448371204521,0.0022969819048281703,30
D,repeated_anchor,state_constant,all,delta/3ps/bond_order,3,-0.00023627980715698653,-0.0027095934500296908,0.002188865414096248,30
D,repeated_anchor,state_constant,all,delta/3ps/instantaneous_TDA_H0,3,0.0016202391849623782,-0.0015938116030560603,0.004912765274445211,30
D,repeated_anchor,state_constant,all,delta/3ps/instantaneous_TDA_H1,3,0.0016681342489189574,0.0005658374126586649,0.002770241159531805,30
D,repeated_anchor,state_constant,all,delta/3ps/instantaneous_TDA_H2,3,0.0007869484523932138,-0.00041899813339114184,0.0019589969639976818,30
D,repeated_anchor,state_constant,all,delta/3ps/motion_even,3,-0.012145445744196572,-0.02391427914301554,-0.0005778818329175479,30
D,repeated_anchor,state_constant,all,delta/3ps/motion_odd,3,0.005719653765360516,-0.0075061330695947,0.0180932989054256,30
D,repeated_anchor,state_constant,all,delta/9ps/block_mean,3,-0.0003096471471643041,-0.00336374265081422,0.002838206480136488,30
D,repeated_anchor,state_constant,all,delta/9ps/bond_order,3,-0.0014867454974187746,-0.005274381867299479,0.002107884980634681,30
D,repeated_anchor,state_constant,all,delta/9ps/instantaneous_TDA_H0,3,-8.06566741731428e-06,-0.0034118704870343204,0.0035171342061625587,30
D,repeated_anchor,state_constant,all,delta/9ps/instantaneous_TDA_H1,3,0.0017184328701761035,0.0001584729034867552,0.003172014554341634,30
D,repeated_anchor,state_constant,all,delta/9ps/instantaneous_TDA_H2,3,0.0011208695256047776,-0.0004953701380226345,0.002770514027732941,30
D,repeated_anchor,state_constant,all,delta/9ps/motion_even,3,-0.003961306810379027,-0.018509204304880567,0.009904414117336266,30
D,repeated_anchor,state_constant,all,delta/9ps/motion_odd,3,0.0007589326964484327,-0.012218752122587627,0.013836482382482945,30
D,repeated_anchor,state_constant,all,future/0.75ps/block_mean,3,-0.005430187636779416,-0.021450511479439834,0.008972405319412543,30
D,repeated_anchor,state_constant,all,future/0.75ps/bond_order,3,-0.006790044572618272,-0.024619997340357965,0.010354278118660052,30
D,repeated_anchor,state_constant,all,future/0.75ps/instantaneous_TDA_H0,3,-0.013804460068543748,-0.03867576152293219,0.010902508834583895,30
D,repeated_anchor,state_constant,all,future/0.75ps/instantaneous_TDA_H1,3,-0.00257348989446958,-0.024280723869386643,0.020890318767891977,30
D,repeated_anchor,state_constant,all,future/0.75ps/instantaneous_TDA_H2,3,-0.011252884939312934,-0.03156178562281032,0.01126425448494652,30
D,repeated_anchor,state_constant,all,future/0.75ps/motion_even,3,0.005372535851266648,-0.02690006848838594,0.0400927427328295,30
D,repeated_anchor,state_constant,all,future/0.75ps/motion_odd,3,-0.0035327821969985966,-0.009607012073198955,0.002147694420483375,30
D,repeated_anchor,state_constant,all,future/3ps/block_mean,3,-0.0023054296771685277,-0.01592723694423007,0.010813034882217078,30
D,repeated_anchor,state_constant,all,future/3ps/bond_order,3,-0.0034427105552620367,-0.021297723332213032,0.013166961525049467,30
D,repeated_anchor,state_constant,all,future/3ps/instantaneous_TDA_H0,3,-0.014559657788938946,-0.03981617937485377,0.010048117128511261,30
D,repeated_anchor,state_constant,all,future/3ps/instantaneous_TDA_H1,3,-0.0006921972665521849,-0.02072542572187053,0.02272968455321258,30
D,repeated_anchor,state_constant,all,future/3ps/instantaneous_TDA_H2,3,-0.010184904353486169,-0.02953814973433812,0.010009416364547268,30
D,repeated_anchor,state_constant,all,future/3ps/motion_even,3,0.019605145520634124,-0.008429717413253254,0.05117932643327446,30
D,repeated_anchor,state_constant,all,future/3ps/motion_odd,3,-0.004558253619405959,-0.01115140498512321,0.00143472912410895,30
D,repeated_anchor,state_constant,all,future/9ps/block_mean,3,-0.00023872231443722904,-0.014700075950714993,0.013934799799074723,30
D,repeated_anchor,state_constant,all,future/9ps/bond_order,3,-0.0017009549670749242,-0.020883272157775027,0.015144074530237242,30
D,repeated_anchor,state_constant,all,future/9ps/instantaneous_TDA_H0,3,-0.0037727164725462597,-0.022315331200758615,0.015236324274705513,30
D,repeated_anchor,state_constant,all,future/9ps/instantaneous_TDA_H1,3,0.004031710036926799,-0.018712015885652765,0.03007447046331231,30
D,repeated_anchor,state_constant,all,future/9ps/instantaneous_TDA_H2,3,0.0010545287281274805,-0.021732192211267022,0.02667520833305186,30
D,repeated_anchor,state_constant,all,future/9ps/motion_even,3,0.00024240215619405141,-0.03367329124775198,0.03630072637564607,30
D,repeated_anchor,state_constant,all,future/9ps/motion_odd,3,-0.0012873033682505284,-0.006736671560340457,0.004039395584000481,30
D,repeated_anchor,state_constant,all,path/0.75ps/mean_std_qbar6,3,0.002742200468977292,-0.01144102529493264,0.016617658429572146,30
D,repeated_anchor,state_constant,all,path/3ps/mean_std_qbar6,3,0.0045723328134045,-0.009463511112262495,0.01868142162727761,30
D,repeated_anchor,state_constant,all,path/9ps/mean_std_qbar6,3,0.006979284846844771,-0.006194655381130157,0.020063000968916122,30
D,repeated_anchor,state_constant,all,present/block_mean,3,-0.007809660156015992,-0.02241242781626405,0.006799829858527642,30
D,repeated_anchor,state_constant,all,present/bond_order,3,-0.00695982434683376,-0.025706012551155354,0.011667046008838545,30
D,repeated_anchor,state_constant,all,present/instantaneous_TDA_H0,3,-0.010708172039853203,-0.032611072527037724,0.012389166303392903,30
D,repeated_anchor,state_constant,all,present/instantaneous_TDA_H1,3,-0.0010305098361439178,-0.021079044710430837,0.023497088816430815,30
D,repeated_anchor,state_constant,all,present/instantaneous_TDA_H2,3,-0.009906369033786984,-0.02815246876122223,0.010126336897826852,30
D,repeated_anchor,state_constant,all,present/motion_even,3,-0.022884287436803177,-0.06965673541029294,0.024577685561445014,30
D,repeated_anchor,state_constant,all,present/motion_odd,3,0.004631201757325066,-0.0077656253510051294,0.01573210512598354,30
D,repeated_anchor,state_constant,all,temporal/0.75ps/covariance_trace,3,1.3842721369531423,0.5276520475414064,2.2560866613851647,30
D,repeated_anchor,state_constant,all,temporal/0.75ps/increment_p95,3,-0.8181243224276433,-1.2275144389867785,-0.4268757805244791,30
D,repeated_anchor,state_constant,all,temporal/0.75ps/increment_rms,3,-0.46891457769605854,-0.7497703881065051,-0.2014964377548961,30
D,repeated_anchor,state_constant,all,temporal/0.75ps/normalized_rms_jump,3,-0.15175085889825798,-0.20313958119460254,-0.10793974957958222,30
D,repeated_anchor,state_constant,at_risk,hazard/bin0/brier,3,-0.001297501669847002,-0.0020732837195663162,-0.0007217613945113518,24
D,repeated_anchor,state_constant,at_risk,hazard/bin1/brier,3,-0.0015862241633739255,-0.004247643991806803,0.00048772652550673607,24
D,repeated_anchor,state_constant,at_risk,hazard/bin2/brier,3,0.005124574666196067,0.0007348395924863226,0.009307233638941792,24
D,repeated_anchor,state_constant,at_risk,hazard/nll,3,0.015923586079022948,0.0033693274534824834,0.025329382199561223,24
D,repeated_anchor,state_constant,low_order,delta/0.75ps/block_mean,3,0.003883671258984034,3.171176193098841e-05,0.0076020605125604315,17
D,repeated_anchor,state_constant,low_order,delta/0.75ps/bond_order,3,-0.0005794998769666633,-0.0034869526604226994,0.0021576415966538813,17
D,repeated_anchor,state_constant,low_order,delta/0.75ps/instantaneous_TDA_H0,3,0.0033618623719495885,-5.961222683682158e-05,0.006900151278458387,17
D,repeated_anchor,state_constant,low_order,delta/0.75ps/instantaneous_TDA_H1,3,0.002762078654532339,0.0018965134360626635,0.0037197605578922744,17
D,repeated_anchor,state_constant,low_order,delta/0.75ps/instantaneous_TDA_H2,3,0.0020711042133032104,0.0008530697949668939,0.0031472967499319242,17
D,repeated_anchor,state_constant,low_order,delta/0.75ps/motion_even,3,-0.000506066808513566,-0.012636342410947762,0.012198278863056012,17
D,repeated_anchor,state_constant,low_order,delta/0.75ps/motion_odd,3,0.016192548999599383,-0.0016663777769780623,0.033278439661451414,17
D,repeated_anchor,state_constant,low_order,delta/3ps/block_mean,3,8.483002193612678e-05,-0.004025015388341523,0.004165231204573432,17
D,repeated_anchor,state_constant,low_order,delta/3ps/bond_order,3,-0.0008988190515368596,-0.005313359686703073,0.003395264044257939,17
D,repeated_anchor,state_constant,low_order,delta/3ps/instantaneous_TDA_H0,3,0.006122774061034709,0.0015228995359411427,0.01049496990208532,17
D,repeated_anchor,state_constant,low_order,delta/3ps/instantaneous_TDA_H1,3,0.003059363686570934,0.0013559590513799703,0.004569085439046223,17
D,repeated_anchor,state_constant,low_order,delta/3ps/instantaneous_TDA_H2,3,0.001837563134875952,-0.0002814755537638477,0.0036298384086466224,17
D,repeated_anchor,state_constant,low_order,delta/3ps/motion_even,3,-0.015179268869699215,-0.032413461643691154,0.001897808193576102,17
D,repeated_anchor,state_constant,low_order,delta/3ps/motion_odd,3,0.005567367170371262,-0.014730875573906243,0.025442715164493094,17
D,repeated_anchor,state_constant,low_order,delta/9ps/block_mean,3,0.0003758499313608433,-0.004304164858060142,0.005174027332196038,17
D,repeated_anchor,state_constant,low_order,delta/9ps/bond_order,3,-0.003638629381563149,-0.009337478401321993,0.0016313466188662134,17
D,repeated_anchor,state_constant,low_order,delta/9ps/instantaneous_TDA_H0,3,0.0028389389900600214,-0.0019182929696113455,0.0077524879180333114,17
D,repeated_anchor,state_constant,low_order,delta/9ps/instantaneous_TDA_H1,3,0.0029851647422594186,0.0011508977533701587,0.004845986537197055,17
D,repeated_anchor,state_constant,low_order,delta/9ps/instantaneous_TDA_H2,3,0.001838115792648465,-0.0001637056177737666,0.004022872820496557,17
D,repeated_anchor,state_constant,low_order,delta/9ps/motion_even,3,0.0004169321527668092,-0.018341375653650245,0.017857584766313127,17
D,repeated_anchor,state_constant,low_order,delta/9ps/motion_odd,3,-0.002185422708006466,-0.023572425325127214,0.020168870826270065,17
D,repeated_anchor,state_constant,low_order,future/0.75ps/block_mean,3,-0.02065718453986193,-0.04712582554400357,0.005379051444869346,17
D,repeated_anchor,state_constant,low_order,future/0.75ps/bond_order,3,-0.032651811838150024,-0.0716083377745806,-0.0033787996526442312,17
D,repeated_anchor,state_constant,low_order,future/0.75ps/instantaneous_TDA_H0,3,-0.017089654563688765,-0.04721121558663892,0.011632919285957713,17
D,repeated_anchor,state_constant,low_order,future/0.75ps/instantaneous_TDA_H1,3,-0.026007774998159972,-0.07604208681732416,0.017041381978082873,17
D,repeated_anchor,state_constant,low_order,future/0.75ps/instantaneous_TDA_H2,3,-0.03484038774873696,-0.07712845610929471,0.0018904984033866982,17
D,repeated_anchor,state_constant,low_order,future/0.75ps/motion_even,3,-0.006886450099010094,-0.06362239195435654,0.05269126339870335,17
D,repeated_anchor,state_constant,low_order,future/0.75ps/motion_odd,3,-0.006467027991425757,-0.01633276024869844,0.003352815876988802,17
D,repeated_anchor,state_constant,low_order,future/3ps/block_mean,3,-0.026642825052726502,-0.0727024469354184,0.00831051867735248,17
D,repeated_anchor,state_constant,low_order,future/3ps/bond_order,3,-0.030176807121903286,-0.08428245132752492,0.006162844514291654,17
D,repeated_anchor,state_constant,low_order,future/3ps/instantaneous_TDA_H0,3,-0.04393338192911709,-0.09466693367370788,0.0012309323448468385,17
D,repeated_anchor,state_constant,low_order,future/3ps/instantaneous_TDA_H1,3,-0.043491259509441896,-0.11930057950975263,0.0074139561978917145,17
D,repeated_anchor,state_constant,low_order,future/3ps/instantaneous_TDA_H2,3,-0.0487858246208406,-0.12966246211755217,0.007648372770670517,17
D,repeated_anchor,state_constant,low_order,future/3ps/motion_even,3,0.020156482271119658,-0.03653221292530789,0.07889869270079271,17
D,repeated_anchor,state_constant,low_order,future/3ps/motion_odd,3,-0.0136261594061758,-0.020979263034521366,-0.006485134830661854,17
D,repeated_anchor,state_constant,low_order,future/9ps/block_mean,3,-0.018768138051325198,-0.05107658360293439,0.009639594377036778,17
D,repeated_anchor,state_constant,low_order,future/9ps/bond_order,3,-0.02068224958345002,-0.055381082758015274,0.006884712287608312,17
D,repeated_anchor,state_constant,low_order,future/9ps/instantaneous_TDA_H0,3,-0.024694324416272784,-0.06879993929874664,0.014237167138387163,17
D,repeated_anchor,state_constant,low_order,future/9ps/instantaneous_TDA_H1,3,-0.025754247079877293,-0.08043237462931987,0.012760540291520862,17
D,repeated_anchor,state_constant,low_order,future/9ps/instantaneous_TDA_H2,3,-0.030568207961087137,-0.08773012800397827,0.011832124469619155,17
D,repeated_anchor,state_constant,low_order,future/9ps/motion_even,3,-0.0016579312436720936,-0.06173681654766494,0.06514757075438311,17
D,repeated_anchor,state_constant,low_order,future/9ps/motion_odd,3,-0.009251868023591882,-0.016802590296548955,-0.002246604275469689,17
D,repeated_anchor,state_constant,low_order,path/0.75ps/mean_std_qbar6,3,-0.01039477857742824,-0.028675732337047947,0.0080638856051818,17
D,repeated_anchor,state_constant,low_order,path/3ps/mean_std_qbar6,3,-0.009416529671380331,-0.02980529954519999,0.010560515165949845,17
D,repeated_anchor,state_constant,low_order,path/9ps/mean_std_qbar6,3,-0.0029033585177624926,-0.02411092165583635,0.017074753402951434,17
D,repeated_anchor,state_constant,low_order,present/block_mean,3,-0.02674619932628535,-0.06289151753968517,0.001552914086656236,17
D,repeated_anchor,state_constant,low_order,present/bond_order,3,-0.035323890546957656,-0.087247251430709,-0.0006923269261332237,17
D,repeated_anchor,state_constant,low_order,present/instantaneous_TDA_H0,3,-0.015246890704421437,-0.04949540497881232,0.015453515762426652,17
D,repeated_anchor,state_constant,low_order,present/instantaneous_TDA_H1,3,-0.04359032549694473,-0.09810089303509277,-0.0019936505814685907,17
D,repeated_anchor,state_constant,low_order,present/instantaneous_TDA_H2,3,-0.05620245357938841,-0.12686612117743373,-0.008484042530842903,17
D,repeated_anchor,state_constant,low_order,present/motion_even,3,-0.018087327480316162,-0.09343241453170777,0.06682058601987123,17
D,repeated_anchor,state_constant,low_order,present/motion_odd,3,0.007973691850316293,-0.012829014041698445,0.02666764809731759,17
D,repeated_anchor,state_constant,low_order,temporal/0.75ps/covariance_trace,3,1.882600319882234,0.959548094496131,2.7516716999933117,16
D,repeated_anchor,state_constant,low_order,temporal/0.75ps/increment_p95,3,-0.45155152032772683,-0.9851507034152746,0.05184559517850509,16
D,repeated_anchor,state_constant,low_order,temporal/0.75ps/increment_rms,3,-0.12549550086259842,-0.4606640196715793,0.1700641992191472,16
D,repeated_anchor,state_constant,low_order,temporal/0.75ps/normalized_rms_jump,3,-0.126207925647355,-0.18132941001756664,-0.06729375618954314,16
D,repeated_anchor,state_history,all,delta/0.75ps/block_mean,3,0.0022296172428738223,-0.000984852228279192,0.005478849654275649,30
D,repeated_anchor,state_history,all,delta/0.75ps/bond_order,3,0.0008351099780864187,-0.0006619532240761652,0.0022451492580067766,30
D,repeated_anchor,state_history,all,delta/0.75ps/instantaneous_TDA_H0,3,0.00016699855526288332,-0.002062777264250649,0.002452590912580489,30
D,repeated_anchor,state_history,all,delta/0.75ps/instantaneous_TDA_H1,3,0.0023334049516254,0.0014747750614252353,0.0032156973890960215,30
D,repeated_anchor,state_history,all,delta/0.75ps/instantaneous_TDA_H2,3,0.00182516583138042,0.0009108525183465745,0.002795185666117403,30
D,repeated_anchor,state_history,all,delta/0.75ps/motion_even,3,0.0026801758342319066,-0.00980369241701232,0.015439750568734268,30
D,repeated_anchor,state_history,all,delta/0.75ps/motion_odd,3,0.005536848306655884,-0.0039740825113323,0.014918502494692789,30
D,repeated_anchor,state_history,all,delta/3ps/block_mean,3,-0.0022742189397966326,-0.00604742767875669,0.0014807044612933644,30
D,repeated_anchor,state_history,all,delta/3ps/bond_order,3,0.0003247998240921232,-0.0019519326339165366,0.0027032416489803112,30
D,repeated_anchor,state_history,all,delta/3ps/instantaneous_TDA_H0,3,0.0012987597121132746,-0.0016380211876498324,0.004160836732221972,30
D,repeated_anchor,state_history,all,delta/3ps/instantaneous_TDA_H1,3,0.0022100517319308386,0.00076421940078338,0.0036875846174856007,30
D,repeated_anchor,state_history,all,delta/3ps/instantaneous_TDA_H2,3,0.0013196058571338654,-0.00040177546855476166,0.002888414038138256,30
D,repeated_anchor,state_history,all,delta/3ps/motion_even,3,-0.02649982968966166,-0.04501384751664268,-0.00742374320824948,30
D,repeated_anchor,state_history,all,delta/3ps/motion_odd,3,0.007701298925611708,-0.0007136048376560219,0.01631247984038459,30
D,repeated_anchor,state_history,all,delta/9ps/block_mean,3,-0.0016048778089936182,-0.005310793540319801,0.001994689771802062,30
D,repeated_anchor,state_history,all,delta/9ps/bond_order,3,-0.0013148660254147316,-0.004839939936064185,0.001984647493809461,30
D,repeated_anchor,state_history,all,delta/9ps/instantaneous_TDA_H0,3,5.2544805738660836e-06,-0.0034179584061106052,0.0034979547891351914,30
D,repeated_anchor,state_history,all,delta/9ps/instantaneous_TDA_H1,3,0.0021937134365240733,0.0004171309620141983,0.004000195945716566,30
D,repeated_anchor,state_history,all,delta/9ps/instantaneous_TDA_H2,3,0.0014859413107236226,-0.0006760017097824151,0.0037968237180676712,30
D,repeated_anchor,state_history,all,delta/9ps/motion_even,3,-0.01641589436266157,-0.03551047023799684,0.0017879190461502958,30
D,repeated_anchor,state_history,all,delta/9ps/motion_odd,3,0.004416584306293064,-0.002759040594100952,0.011642932560708787,30
D,repeated_anchor,state_history,all,future/0.75ps/block_mean,3,-0.004690624338885147,-0.02092496116956075,0.011665447015591246,30
D,repeated_anchor,state_history,all,future/0.75ps/bond_order,3,-0.0016284478207429245,-0.021040663019650515,0.01663601501120461,30
D,repeated_anchor,state_history,all,future/0.75ps/instantaneous_TDA_H0,3,-0.011710415532191595,-0.03733925907148255,0.012410145722743533,30
D,repeated_anchor,state_history,all,future/0.75ps/instantaneous_TDA_H1,3,0.0004617257250679861,-0.022168353526956508,0.02572886165024505,30
D,repeated_anchor,state_history,all,future/0.75ps/instantaneous_TDA_H2,3,-0.006589224479264683,-0.02767913323620127,0.014283442957740691,30
D,repeated_anchor,state_history,all,future/0.75ps/motion_even,3,-0.004756265878677367,-0.0558459225628111,0.05033102600110899,30
D,repeated_anchor,state_history,all,future/0.75ps/motion_odd,3,-0.003921118047502305,-0.010671374590860472,0.001982174358434144,30
D,repeated_anchor,state_history,all,future/3ps/block_mean,3,-0.0002253145117450663,-0.01432344539056498,0.014633238881619428,30
D,repeated_anchor,state_history,all,future/3ps/bond_order,3,0.0007463351719909244,-0.01856067192430298,0.019410278060370018,30
D,repeated_anchor,state_history,all,future/3ps/instantaneous_TDA_H0,3,-0.010761464801099569,-0.034902155484176335,0.014536762976398053,30
D,repeated_anchor,state_history,all,future/3ps/instantaneous_TDA_H1,3,0.0009594553874598622,-0.02025286125847035,0.023181555240104592,30
D,repeated_anchor,state_history,all,future/3ps/instantaneous_TDA_H2,3,-0.007253388481007683,-0.02634449830692675,0.01287426357054048,30
D,repeated_anchor,state_history,all,future/3ps/motion_even,3,0.019220140245225694,-0.02322952713403437,0.06504227022329966,30
D,repeated_anchor,state_history,all,future/3ps/motion_odd,3,-0.004262964593039618,-0.011881992320219675,0.003408577872647178,30
D,repeated_anchor,state_history,all,future/9ps/block_mean,3,-0.0004897097746531229,-0.01628804105264997,0.014918579191176399,30
D,repeated_anchor,state_history,all,future/9ps/bond_order,3,0.0007646347085634868,-0.02137552286601729,0.02104403006947701,30
D,repeated_anchor,state_history,all,future/9ps/instantaneous_TDA_H0,3,-0.003002036031749512,-0.023283259549902548,0.01709918233876426,30
D,repeated_anchor,state_history,all,future/9ps/instantaneous_TDA_H1,3,0.002455679534210099,-0.019942773836147457,0.027278969408944222,30
D,repeated_anchor,state_history,all,future/9ps/instantaneous_TDA_H2,3,0.001614564946956104,-0.02195150110560159,0.026947559223820753,30
D,repeated_anchor,state_history,all,future/9ps/motion_even,3,-0.010434073540899489,-0.06322712807191742,0.04583811932139923,30
D,repeated_anchor,state_history,all,future/9ps/motion_odd,3,0.005662971735000609,-0.003728530903657279,0.015281448066234587,30
D,repeated_anchor,state_history,all,path/0.75ps/mean_std_qbar6,3,0.005657913841100204,-0.0062441683376932315,0.01817437422914534,30
D,repeated_anchor,state_history,all,path/3ps/mean_std_qbar6,3,0.007846625345862574,-0.004730327421437121,0.02085641318751085,30
D,repeated_anchor,state_history,all,path/9ps/mean_std_qbar6,3,0.011126697190209396,-0.0019434786510990109,0.025751253163972348,30
D,repeated_anchor,state_history,all,present/block_mean,3,-0.009089161165886457,-0.027529947780831548,0.009679346953484165,30
D,repeated_anchor,state_history,all,present/bond_order,3,-0.0046182097660170665,-0.025120109474907323,0.015229726015693565,30
D,repeated_anchor,state_history,all,present/instantaneous_TDA_H0,3,-0.009814513971408208,-0.034131873214824325,0.015345363401704358,30
D,repeated_anchor,state_history,all,present/instantaneous_TDA_H1,3,0.0011168744828965922,-0.02133531163964007,0.026042388559629506,30
D,repeated_anchor,state_history,all,present/instantaneous_TDA_H2,3,-0.006862361398008138,-0.025917489735616576,0.01301698263734577,30
D,repeated_anchor,state_history,all,present/motion_even,3,-0.04042432175742256,-0.12372029093404611,0.04664290071361594,30
D,repeated_anchor,state_history,all,present/motion_odd,3,0.006067565414640639,-0.002705484107136727,0.014986530600322616,30
D,repeated_anchor,state_history,all,temporal/0.75ps/covariance_trace,3,1.3842721369531423,0.5385670024818845,2.250780866874588,30
D,repeated_anchor,state_history,all,temporal/0.75ps/increment_p95,3,-0.8181243224276433,-1.2469954531507357,-0.40842437541319393,30
D,repeated_anchor,state_history,all,temporal/0.75ps/increment_rms,3,-0.46891457769605854,-0.7411350942651432,-0.21253021621041834,30
D,repeated_anchor,state_history,all,temporal/0.75ps/normalized_rms_jump,3,-0.15175085889825798,-0.2036575576234485,-0.10384442201024535,30
D,repeated_anchor,state_history,at_risk,hazard/bin0/brier,3,0.00034266638733192336,-0.0011128230063250377,0.0021116918054653565,24
D,repeated_anchor,state_history,at_risk,hazard/bin1/brier,3,0.0029027489977630065,-0.0018003745733747363,0.008714390062083207,24
D,repeated_anchor,state_history,at_risk,hazard/bin2/brier,3,0.012186654668767005,0.0031952308910048383,0.02361847844618346,24
D,repeated_anchor,state_history,at_risk,hazard/nll,3,0.03083357613326775,0.012723731886621358,0.05277441469564414,24
D,repeated_anchor,state_history,low_order,delta/0.75ps/block_mean,3,0.004346534244570076,-0.00028072875419181745,0.009382094770329048,17
D,repeated_anchor,state_history,low_order,delta/0.75ps/bond_order,3,0.000900988777478536,-0.0016068831962697647,0.003600395474509865,17
D,repeated_anchor,state_history,low_order,delta/0.75ps/instantaneous_TDA_H0,3,0.003101881958690344,0.0005714226952370475,0.005688679185422027,17
D,repeated_anchor,state_history,low_order,delta/0.75ps/instantaneous_TDA_H1,3,0.002859434952922896,0.0012595231991772559,0.004294917454906537,17
D,repeated_anchor,state_history,low_order,delta/0.75ps/instantaneous_TDA_H2,3,0.0022851631921880383,-0.00036299329470185665,0.004182151591807019,17
D,repeated_anchor,state_history,low_order,delta/0.75ps/motion_even,3,0.005492968886506324,-0.013615928356553994,0.025731120010217,17
D,repeated_anchor,state_history,low_order,delta/0.75ps/motion_odd,3,0.011438767699634327,-0.004229539296790666,0.02601730592694937,17
D,repeated_anchor,state_history,low_order,delta/3ps/block_mean,3,3.1208242076679926e-05,-0.006080926395344,0.006002244660082997,17
D,repeated_anchor,state_history,low_order,delta/3ps/bond_order,3,-0.00016078221447327559,-0.004282577602448416,0.003837551194809228,17
D,repeated_anchor,state_history,low_order,delta/3ps/instantaneous_TDA_H0,3,0.005470583544057958,0.0016493632512934067,0.009135716014048634,17
D,repeated_anchor,state_history,low_order,delta/3ps/instantaneous_TDA_H1,3,0.0042371669528531095,0.0017322023344390535,0.006348624836434336,17
D,repeated_anchor,state_history,low_order,delta/3ps/instantaneous_TDA_H2,3,0.0028475590196310307,0.00014961891825877012,0.005332720027688672,17
D,repeated_anchor,state_history,low_order,delta/3ps/motion_even,3,-0.022550347388959398,-0.0542174806489664,0.009113047681018416,17
D,repeated_anchor,state_history,low_order,delta/3ps/motion_odd,3,0.01034306953935062,-0.00212653771627183,0.022585714301642246,17
D,repeated_anchor,state_history,low_order,delta/9ps/block_mean,3,-0.00022822144910011644,-0.00531702548314157,0.004567125177899598,17
D,repeated_anchor,state_history,low_order,delta/9ps/bond_order,3,-0.0037197326036060557,-0.009134546670989663,0.0010721841753989984,17
D,repeated_anchor,state_history,low_order,delta/9ps/instantaneous_TDA_H0,3,0.00309669620850507,-0.0012330994959555421,0.007636365645072035,17
D,repeated_anchor,state_history,low_order,delta/9ps/instantaneous_TDA_H1,3,0.0037825740143364556,0.001156389326149342,0.006161223056123538,17
D,repeated_anchor,state_history,low_order,delta/9ps/instantaneous_TDA_H2,3,0.002493766008638868,-0.0010576978837158163,0.005869384913467893,17
D,repeated_anchor,state_history,low_order,delta/9ps/motion_even,3,-0.015604563203512455,-0.03927995596154063,0.007404071808445681,17
D,repeated_anchor,state_history,low_order,delta/9ps/motion_odd,3,0.008581930881037432,-0.002912119343219435,0.01994911964581001,17
D,repeated_anchor,state_history,low_order,future/0.75ps/block_mean,3,-0.018259540772418575,-0.05592216222693086,0.014181060927731335,17
D,repeated_anchor,state_history,low_order,future/0.75ps/bond_order,3,-0.027837318240427508,-0.08442263974643807,0.011010558702343807,17
D,repeated_anchor,state_history,low_order,future/0.75ps/instantaneous_TDA_H0,3,-0.013358785168213004,-0.04507599582019098,0.01741208110698589,17
D,repeated_anchor,state_history,low_order,future/0.75ps/instantaneous_TDA_H1,3,-0.01870964219172796,-0.07559065466344941,0.03478106884103196,17
D,repeated_anchor,state_history,low_order,future/0.75ps/instantaneous_TDA_H2,3,-0.0252555107661322,-0.07192898273979331,0.013534178194023803,17
D,repeated_anchor,state_history,low_order,future/0.75ps/motion_even,3,-0.016967049416373756,-0.10266095835204218,0.08244065858569798,17
D,repeated_anchor,state_history,low_order,future/0.75ps/motion_odd,3,-0.007428938851636999,-0.019901241493575715,0.0036778120433582965,17
D,repeated_anchor,state_history,low_order,future/3ps/block_mean,3,-0.02113591886910738,-0.0780639860036424,0.017780632064282084,17
D,repeated_anchor,state_history,low_order,future/3ps/bond_order,3,-0.022833876019599388,-0.0871177641017472,0.021395610681935837,17
D,repeated_anchor,state_history,low_order,future/3ps/instantaneous_TDA_H0,3,-0.034395928330281204,-0.09154081694489599,0.015860947926400883,17
D,repeated_anchor,state_history,low_order,future/3ps/instantaneous_TDA_H1,3,-0.03511493901411693,-0.11400394384183138,0.02029060268518971,17
D,repeated_anchor,state_history,low_order,future/3ps/instantaneous_TDA_H2,3,-0.03765332421251372,-0.11403650952612653,0.018841850154978378,17
D,repeated_anchor,state_history,low_order,future/3ps/motion_even,3,0.014555903626423257,-0.07257035473982493,0.10680293624891951,17
D,repeated_anchor,state_history,low_order,future/3ps/motion_odd,3,-0.011373349264556284,-0.020530570313042288,-0.0021815842273188585,17
D,repeated_anchor,state_history,low_order,future/9ps/block_mean,3,-0.014914362733952368,-0.05369068828466185,0.0187752154941847,17
D,repeated_anchor,state_history,low_order,future/9ps/bond_order,3,-0.015605063707220786,-0.06290571780181398,0.022931181259599368,17
D,repeated_anchor,state_history,low_order,future/9ps/instantaneous_TDA_H0,3,-0.020071230536582423,-0.0717018847152883,0.02234569995061433,17
D,repeated_anchor,state_history,low_order,future/9ps/instantaneous_TDA_H1,3,-0.02578968247946571,-0.0782513255728226,0.01974537033660739,17
D,repeated_anchor,state_history,low_order,future/9ps/instantaneous_TDA_H2,3,-0.026021848925772834,-0.08017584729720564,0.01737579174120635,17
D,repeated_anchor,state_history,low_order,future/9ps/motion_even,3,-0.012679047444287469,-0.11355012889001885,0.08518383339339601,17
D,repeated_anchor,state_history,low_order,future/9ps/motion_odd,3,0.010680696689615063,-0.00351097616275736,0.026597894381220396,17
D,repeated_anchor,state_history,low_order,path/0.75ps/mean_std_qbar6,3,0.0009337998378802758,-0.022209654521544043,0.023664248360813968,17
D,repeated_anchor,state_history,low_order,path/3ps/mean_std_qbar6,3,0.0039988324301792125,-0.022031491884833897,0.028981047124583624,17
D,repeated_anchor,state_history,low_order,path/9ps/mean_std_qbar6,3,0.011823782569491395,-0.01884778982311414,0.037859440584867864,17
D,repeated_anchor,state_history,low_order,present/block_mean,3,-0.027127792450045447,-0.07434171575358978,0.015423443029616395,17
D,repeated_anchor,state_history,low_order,present/bond_order,3,-0.03202228598734912,-0.09032719113370952,0.008555909468993208,17
D,repeated_anchor,state_history,low_order,present/instantaneous_TDA_H0,3,-0.009881297820339016,-0.04345341115715164,0.025139919589912765,17
D,repeated_anchor,state_history,low_order,present/instantaneous_TDA_H1,3,-0.03804869701464971,-0.09177322241240272,0.009707023937474257,17
D,repeated_anchor,state_history,low_order,present/instantaneous_TDA_H2,3,-0.04716053473598817,-0.11108718007145559,-0.001636577620371883,17
D,repeated_anchor,state_history,low_order,present/motion_even,3,-0.04789655290397943,-0.20490467630180656,0.1169124833070762,17
D,repeated_anchor,state_history,low_order,present/motion_odd,3,0.012242613762032754,-0.0018792133120929479,0.025950978667128304,17
D,repeated_anchor,state_history,low_order,temporal/0.75ps/covariance_trace,3,1.882600319882234,0.9573081249992053,2.7911412243420877,16
D,repeated_anchor,state_history,low_order,temporal/0.75ps/increment_p95,3,-0.45155152032772683,-1.003040170772001,0.09026754034683124,16
D,repeated_anchor,state_history,low_order,temporal/0.75ps/increment_rms,3,-0.12549550086259842,-0.45603234500934675,0.1784811393668251,16
D,repeated_anchor,state_history,low_order,temporal/0.75ps/normalized_rms_jump,3,-0.126207925647355,-0.18408822519614093,-0.06944793530362517,16
E,D,joint,all,delta/0.75ps/block_mean,3,-0.001642900215530836,-0.007494392759097687,0.004464852755923788,30
E,D,joint,all,delta/0.75ps/bond_order,3,-0.001854281706942452,-0.0024582991304083006,-0.0012823002982056803,30
E,D,joint,all,delta/0.75ps/instantaneous_TDA_H0,3,-0.0017882493635018666,-0.003717048288219505,0.00028650846125351015,30
E,D,joint,all,delta/0.75ps/instantaneous_TDA_H1,3,-0.0003729009793864355,-0.0014791837106976247,0.0008088203892111775,30
E,D,joint,all,delta/0.75ps/instantaneous_TDA_H2,3,-0.002551052760746744,-0.0034303272018829985,-0.0017625499020020169,30
E,D,joint,all,delta/0.75ps/motion_even,3,0.002328806453280979,-0.007118391543626785,0.012557080205943845,30
E,D,joint,all,delta/0.75ps/motion_odd,3,-0.005619722935888503,-0.03912021584808826,0.02774510032600824,30
E,D,joint,all,delta/3ps/block_mean,3,-0.0019008732055900248,-0.010684843566268682,0.00714407912196799,30
E,D,joint,all,delta/3ps/bond_order,3,-0.0009646110029684174,-0.0022356867536695467,7.666056510061019e-05,30
E,D,joint,all,delta/3ps/instantaneous_TDA_H0,3,7.444404893451282e-05,-0.0037446856622894605,0.004401026463343036,30
E,D,joint,all,delta/3ps/instantaneous_TDA_H1,3,-0.0004929829802778033,-0.0020491651383539046,0.0011043435542119873,30
E,D,joint,all,delta/3ps/instantaneous_TDA_H2,3,-0.0025009579956531513,-0.0037556893626848865,-0.0011856054224901739,30
E,D,joint,all,delta/3ps/motion_even,3,-0.01197985609372457,-0.028052540289031133,0.005525917957226431,30
E,D,joint,all,delta/3ps/motion_odd,3,0.004458724790149263,-0.04153244468900892,0.050858786238564366,30
E,D,joint,all,delta/9ps/block_mean,3,0.00266331062410718,-0.005835471212674187,0.011325032745953659,30
E,D,joint,all,delta/9ps/bond_order,3,-0.0036989738543828326,-0.008011799045424496,-0.0007747168497492872,30
E,D,joint,all,delta/9ps/instantaneous_TDA_H0,3,-0.0036993621952003904,-0.00849399035382602,0.0013713967179258566,30
E,D,joint,all,delta/9ps/instantaneous_TDA_H1,3,-0.001216030286418067,-0.0024309266524182426,9.577320267756579e-05,30
E,D,joint,all,delta/9ps/instantaneous_TDA_H2,3,-0.0032218714969025728,-0.004972034153631992,-0.0015365989775293406,30
E,D,joint,all,delta/9ps/motion_even,3,-0.0062692258093092175,-0.02392328664660454,0.011134290711747269,30
E,D,joint,all,delta/9ps/motion_odd,3,0.03408532738685608,-0.011206764611932965,0.07836391145984328,30
E,D,joint,all,future/0.75ps/block_mean,3,-0.08231326170541621,-0.09688622953128762,-0.06789318659894719,30
E,D,joint,all,future/0.75ps/bond_order,3,-0.09882259683476555,-0.11411198480468657,-0.08563674998366169,30
E,D,joint,all,future/0.75ps/instantaneous_TDA_H0,3,-0.1115741353068087,-0.14169306426619488,-0.08208810236925883,30
E,D,joint,all,future/0.75ps/instantaneous_TDA_H1,3,-0.1156797376771768,-0.14584011836391358,-0.08882310742512348,30
E,D,joint,all,future/0.75ps/instantaneous_TDA_H2,3,-0.11020453539159564,-0.12785339107529983,-0.09409780344201461,30
E,D,joint,all,future/0.75ps/motion_even,3,-0.05472842190000748,-0.07241566514803306,-0.03853643971184889,30
E,D,joint,all,future/0.75ps/motion_odd,3,-0.002870143122143216,-0.02351889568898413,0.01833764611846869,30
E,D,joint,all,future/3ps/block_mean,3,-0.07572608125844486,-0.09173743284134954,-0.061386583828436286,30
E,D,joint,all,future/3ps/bond_order,3,-0.0983545071548886,-0.11337000113394527,-0.08513451566712725,30
E,D,joint,all,future/3ps/instantaneous_TDA_H0,3,-0.1112079984611935,-0.14353828651416634,-0.07918529901032646,30
E,D,joint,all,future/3ps/instantaneous_TDA_H1,3,-0.10592334651284749,-0.13248692650968832,-0.08132475699194605,30
E,D,joint,all,future/3ps/instantaneous_TDA_H2,3,-0.10458472251064248,-0.12224751880599392,-0.08821897846853567,30
E,D,joint,all,future/3ps/motion_even,3,-0.02832406693034702,-0.0414007742702961,-0.01581788597835435,30
E,D,joint,all,future/3ps/motion_odd,3,-0.0059618459807501915,-0.024470964703294965,0.014089361959033543,30
E,D,joint,all,future/9ps/block_mean,3,-0.07645344418232088,-0.09062543446180858,-0.06285909007165444,30
E,D,joint,all,future/9ps/bond_order,3,-0.08906126221021014,-0.09977809047119485,-0.07802792772236798,30
E,D,joint,all,future/9ps/instantaneous_TDA_H0,3,-0.09015995272331769,-0.11952784549030991,-0.06307223155473672,30
E,D,joint,all,future/9ps/instantaneous_TDA_H1,3,-0.10225408346288732,-0.13291200631194644,-0.07803297493192884,30
E,D,joint,all,future/9ps/instantaneous_TDA_H2,3,-0.1030008823921283,-0.12593016918127736,-0.08145801068283616,30
E,D,joint,all,future/9ps/motion_even,3,-0.04826378954781426,-0.06570173604620827,-0.030220765703254285,30
E,D,joint,all,future/9ps/motion_odd,3,-0.02598069475756751,-0.045771554518077115,-0.008811712753441612,30
E,D,joint,all,path/0.75ps/mean_std_qbar6,3,-0.07794612588930047,-0.09471327560164759,-0.06288684358432269,30
E,D,joint,all,path/3ps/mean_std_qbar6,3,-0.0757213547748203,-0.09220467363781712,-0.060898537461244934,30
E,D,joint,all,path/9ps/mean_std_qbar6,3,-0.07270756634599011,-0.09157694322005328,-0.05762674156482617,30
E,D,joint,all,present/block_mean,3,-0.07696210713712154,-0.0955387289435775,-0.05967888175889298,30
E,D,joint,all,present/bond_order,3,-0.10388785625497501,-0.12179268901339835,-0.0875195990357962,30
E,D,joint,all,present/instantaneous_TDA_H0,3,-0.11209056708547806,-0.13675474116578698,-0.08876641317167218,30
E,D,joint,all,present/instantaneous_TDA_H1,3,-0.11766300234529709,-0.14241770221334363,-0.09305795132906901,30
E,D,joint,all,present/instantaneous_TDA_H2,3,-0.10810613007181223,-0.12542452512308955,-0.09263137733356822,30
E,D,joint,all,present/motion_even,3,-0.022662312123510574,-0.05722374193370344,0.013622231491737883,30
E,D,joint,all,present/motion_odd,3,0.002637225058343678,-0.04260425840814908,0.04817354270153574,30
E,D,joint,all,temporal/0.75ps/covariance_trace,3,-4.559708586666319,-5.700762884484397,-3.584842073288229,30
E,D,joint,all,temporal/0.75ps/increment_p95,3,-1.2687382885151437,-1.552621325264374,-0.9980834004092547,30
E,D,joint,all,temporal/0.75ps/increment_rms,3,-0.7262821310096316,-0.8799871368540656,-0.5839097107946875,30
E,D,joint,all,temporal/0.75ps/normalized_rms_jump,3,-0.0006148208341680996,-0.031127106465967665,0.03007503889840734,30
E,D,joint,at_risk,hazard/bin0/brier,3,0.0018956447727112764,-0.0005153849388132262,0.00488566924072351,24
E,D,joint,at_risk,hazard/bin1/brier,3,0.009358070166247975,-0.000869313406895521,0.02179146038698844,24
E,D,joint,at_risk,hazard/bin2/brier,3,0.015452213472270965,-0.001771818907603675,0.0356458231015763,24
E,D,joint,at_risk,hazard/nll,3,0.028596235351869836,-0.014624713642761992,0.07948534361494237,24
E,D,joint,low_order,delta/0.75ps/block_mean,3,-0.00269222171867595,-0.017025770805167414,0.010574980462396062,17
E,D,joint,low_order,delta/0.75ps/bond_order,3,-0.0026892825376753715,-0.003657648529784352,-0.0017562801858373718,17
E,D,joint,low_order,delta/0.75ps/instantaneous_TDA_H0,3,-0.0011988039694580377,-0.005285666985254663,0.0023487727285600155,17
E,D,joint,low_order,delta/0.75ps/instantaneous_TDA_H1,3,0.0007120347490497663,-0.00079167549881865,0.0022499627086753926,17
E,D,joint,low_order,delta/0.75ps/instantaneous_TDA_H2,3,-0.003539239512939079,-0.004855382895352793,-0.002028373197889797,17
E,D,joint,low_order,delta/0.75ps/motion_even,3,0.001501846547220267,-0.02769129092202467,0.02540944355959985,17
E,D,joint,low_order,delta/0.75ps/motion_odd,3,-0.010939885588253248,-0.0687620526727508,0.05029528611430935,17
E,D,joint,low_order,delta/3ps/block_mean,3,0.0006411531392265798,-0.01194121036800294,0.01409373228054712,17
E,D,joint,low_order,delta/3ps/bond_order,3,-0.0008270794562264983,-0.0022591260974021525,0.000607212804550049,17
E,D,joint,low_order,delta/3ps/instantaneous_TDA_H0,3,0.0015545658328953908,-0.0031617572056312185,0.0069187134175616154,17
E,D,joint,low_order,delta/3ps/instantaneous_TDA_H1,3,0.000550060149501352,-0.0020783638946858104,0.003157846114652993,17
E,D,joint,low_order,delta/3ps/instantaneous_TDA_H2,3,-0.004689403754823347,-0.006830645162685244,-0.0023869763073675805,17
E,D,joint,low_order,delta/3ps/motion_even,3,-0.006876906927894142,-0.03452714500473995,0.019931384102970913,17
E,D,joint,low_order,delta/3ps/motion_odd,3,0.014135682991906711,-0.058568568622656886,0.08892541502912839,17
E,D,joint,low_order,delta/9ps/block_mean,3,0.004830242819426708,-0.006650772471866534,0.017088611540004156,17
E,D,joint,low_order,delta/9ps/bond_order,3,-0.0031244393949415167,-0.007749345036698322,-0.0001709020459184508,17
E,D,joint,low_order,delta/9ps/instantaneous_TDA_H0,3,-0.002284781897769255,-0.007231111751467574,0.003189946243575974,17
E,D,joint,low_order,delta/9ps/instantaneous_TDA_H1,3,-0.0004732335607210794,-0.002202516315760566,0.001515913696265688,17
E,D,joint,low_order,delta/9ps/instantaneous_TDA_H2,3,-0.00560513679303375,-0.007901337797589163,-0.0034333657655938,17
E,D,joint,low_order,delta/9ps/motion_even,3,-0.0069386772080963725,-0.034082699669342416,0.020978300711687804,17
E,D,joint,low_order,delta/9ps/motion_odd,3,0.04740772577112212,-0.020124283640225435,0.11535607401062455,17
E,D,joint,low_order,future/0.75ps/block_mean,3,-0.09283908423693742,-0.1154388901360601,-0.0726032976106759,17
E,D,joint,low_order,future/0.75ps/bond_order,3,-0.10067208681036444,-0.12213188425144728,-0.08426475628626114,17
E,D,joint,low_order,future/0.75ps/instantaneous_TDA_H0,3,-0.13016690993133714,-0.1768944700540719,-0.08289510055317323,17
E,D,joint,low_order,future/0.75ps/instantaneous_TDA_H1,3,-0.14553300992530938,-0.19666907771253123,-0.09661616897393095,17
E,D,joint,low_order,future/0.75ps/instantaneous_TDA_H2,3,-0.12961454309669196,-0.15557259790161074,-0.10677428435095972,17
E,D,joint,low_order,future/0.75ps/motion_even,3,-0.056629644305098294,-0.07508072861853768,-0.038656100294753616,17
E,D,joint,low_order,future/0.75ps/motion_odd,3,0.005581688647176705,-0.03027323285738627,0.040787388019117625,17
E,D,joint,low_order,future/3ps/block_mean,3,-0.09603782711562767,-0.125289279117182,-0.0712120203879583,17
E,D,joint,low_order,future/3ps/bond_order,3,-0.10409619030999202,-0.1325218051671982,-0.08398919548912377,17
E,D,joint,low_order,future/3ps/instantaneous_TDA_H0,3,-0.14565602777635347,-0.1934185749504204,-0.09521381707825502,17
E,D,joint,low_order,future/3ps/instantaneous_TDA_H1,3,-0.13980651690679438,-0.18940861568804462,-0.09586301394099121,17
E,D,joint,low_order,future/3ps/instantaneous_TDA_H2,3,-0.13583937462638404,-0.1825806116575704,-0.10126033027966819,17
E,D,joint,low_order,future/3ps/motion_even,3,-0.03531236274569643,-0.050974945986972144,-0.019690680942114663,17
E,D,joint,low_order,future/3ps/motion_odd,3,-0.015516490328545669,-0.03930987443994073,0.009590098349487043,17
E,D,joint,low_order,future/9ps/block_mean,3,-0.08797978191009535,-0.10615047370905385,-0.07116334864419273,17
E,D,joint,low_order,future/9ps/bond_order,3,-0.08991683493642247,-0.10768855981820939,-0.07319500028502708,17
E,D,joint,low_order,future/9ps/instantaneous_TDA_H0,3,-0.11672142505937932,-0.1546063747603958,-0.08097898980566103,17
E,D,joint,low_order,future/9ps/instantaneous_TDA_H1,3,-0.11812942226727803,-0.15536320618554655,-0.08273301802429497,17
E,D,joint,low_order,future/9ps/instantaneous_TDA_H2,3,-0.11578770997185332,-0.1472430407288758,-0.0882317929674744,17
E,D,joint,low_order,future/9ps/motion_even,3,-0.05527290292814666,-0.07418538551120196,-0.03778672152582337,17
E,D,joint,low_order,future/9ps/motion_odd,3,-0.032050396297492234,-0.058418169646870854,-0.008566291265043567,17
E,D,joint,low_order,path/0.75ps/mean_std_qbar6,3,-0.09163246601683032,-0.1097025537554645,-0.07335845077080495,17
E,D,joint,low_order,path/3ps/mean_std_qbar6,3,-0.08980603394664677,-0.10586362320190187,-0.07316327301315124,17
E,D,joint,low_order,path/9ps/mean_std_qbar6,3,-0.08430031610324103,-0.1005128125847299,-0.06930370461423972,17
E,D,joint,low_order,present/block_mean,3,-0.07270437200839806,-0.10300639994226371,-0.04406047750848767,17
E,D,joint,low_order,present/bond_order,3,-0.08820665174839544,-0.12074804810040138,-0.06786172682163764,17
E,D,joint,low_order,present/instantaneous_TDA_H0,3,-0.12444035069761324,-0.16217081839693528,-0.08724746344355394,17
E,D,joint,low_order,present/instantaneous_TDA_H1,3,-0.1161068680824018,-0.16139433850698612,-0.07526549517962279,17
E,D,joint,low_order,present/instantaneous_TDA_H2,3,-0.10537360396747496,-0.13821958203562626,-0.07770043214710035,17
E,D,joint,low_order,present/motion_even,3,-0.0017032617447423038,-0.05974605302600299,0.056110507162178094,17
E,D,joint,low_order,present/motion_odd,3,-0.0003954958097607558,-0.07060110143148432,0.07400060428269936,17
E,D,joint,low_order,temporal/0.75ps/covariance_trace,3,-3.7157223485410213,-4.678097085220118,-2.876734697880844,16
E,D,joint,low_order,temporal/0.75ps/increment_p95,3,-1.220926033022503,-1.628518013333281,-0.8093954269044721,16
E,D,joint,low_order,temporal/0.75ps/increment_rms,3,-0.7364026693006356,-0.9665015044311682,-0.5124448554900786,16
E,D,joint,low_order,temporal/0.75ps/normalized_rms_jump,3,0.019448267692878614,-0.017751789461010137,0.052318584606604414,16
E,D,linear,all,delta/0.75ps/block_mean,3,-0.005346601956558446,-0.008160818950876733,-0.0022721416650650313,30
E,D,linear,all,delta/0.75ps/bond_order,3,-0.0020513151047958267,-0.0027434814762738015,-0.001390200714684195,30
E,D,linear,all,delta/0.75ps/instantaneous_TDA_H0,3,-0.0024207918180359734,-0.004577940044303735,-0.0002307583846979695,30
E,D,linear,all,delta/0.75ps/instantaneous_TDA_H1,3,-0.0003055524494912889,-0.0008491510711610317,0.00022184097518523517,30
E,D,linear,all,delta/0.75ps/instantaneous_TDA_H2,3,-0.001655883052282863,-0.002421844169083569,-0.00086786913064619,30
E,D,linear,all,delta/0.75ps/motion_even,3,-0.02261043323410882,-0.03169682034187847,-0.013615483277373852,30
E,D,linear,all,delta/0.75ps/motion_odd,3,-0.003035636080635919,-0.01607437519563569,0.011586929642491858,30
E,D,linear,all,delta/3ps/block_mean,3,-0.007337295577895859,-0.013316627291583071,-0.0013614918583900568,30
E,D,linear,all,delta/3ps/bond_order,3,-0.00032007290671269095,-0.0021833746285281246,0.0013999162469473122,30
E,D,linear,all,delta/3ps/instantaneous_TDA_H0,3,-0.0006499368283483717,-0.004428309135966831,0.003470792782803376,30
E,D,linear,all,delta/3ps/instantaneous_TDA_H1,3,0.0001802792151769002,-0.0010757831442687249,0.0014275989598698077,30
E,D,linear,all,delta/3ps/instantaneous_TDA_H2,3,-0.0007100714163647756,-0.0014652696034560602,2.438249066472046e-05,30
E,D,linear,all,delta/3ps/motion_even,3,-0.049259890450371636,-0.06607270676228737,-0.03183351644211346,30
E,D,linear,all,delta/3ps/motion_odd,3,0.006735918919245399,-0.026553909480571743,0.038060857388708326,30
E,D,linear,all,delta/9ps/block_mean,3,0.0007953583090393588,-0.003320063578430567,0.005366474858536902,30
E,D,linear,all,delta/9ps/bond_order,3,-0.0016384824282593198,-0.005396210938795574,0.0021908244599277717,30
E,D,linear,all,delta/9ps/instantaneous_TDA_H0,3,-0.004131942325168185,-0.00801670476380322,-0.00046887334022257285,30
E,D,linear,all,delta/9ps/instantaneous_TDA_H1,3,-0.0016310013002819488,-0.0029187816960944066,-0.0003785494818455644,30
E,D,linear,all,delta/9ps/instantaneous_TDA_H2,3,-0.0009075647426976096,-0.0018750101679729089,9.289347670144437e-05,30
E,D,linear,all,delta/9ps/motion_even,3,-0.014870779381857975,-0.03112335114015474,0.00044730166594186707,30
E,D,linear,all,delta/9ps/motion_odd,3,0.027951920032501222,0.00814484597908126,0.04866974865396817,30
E,D,linear,all,future/0.75ps/block_mean,3,-0.0710095002764353,-0.0819169952120218,-0.06015179151772626,30
E,D,linear,all,future/0.75ps/bond_order,3,-0.08062117728922101,-0.09495124118816523,-0.06736833994794224,30
E,D,linear,all,future/0.75ps/instantaneous_TDA_H0,3,-0.09984701549013457,-0.12432256660527652,-0.07594944165398677,30
E,D,linear,all,future/0.75ps/instantaneous_TDA_H1,3,-0.09948365994625623,-0.1236502932715747,-0.07598084834921692,30
E,D,linear,all,future/0.75ps/instantaneous_TDA_H2,3,-0.09404902876251274,-0.10994255498362084,-0.07976437605503532,30
E,D,linear,all,future/0.75ps/motion_even,3,-0.02330638733175066,-0.03765276046262847,-0.008797480182515253,30
E,D,linear,all,future/0.75ps/motion_odd,3,-0.02874973283873664,-0.04066225677728653,-0.01599178261227079,30
E,D,linear,all,future/3ps/block_mean,3,-0.06446241652937951,-0.07452673281853396,-0.05392102328370566,30
E,D,linear,all,future/3ps/bond_order,3,-0.08078394581874211,-0.0943285406505068,-0.06679680517150298,30
E,D,linear,all,future/3ps/instantaneous_TDA_H0,3,-0.10041277160247167,-0.1259765276643965,-0.07729536491342723,30
E,D,linear,all,future/3ps/instantaneous_TDA_H1,3,-0.0926242935988638,-0.11185498296800589,-0.07414550637619366,30
E,D,linear,all,future/3ps/instantaneous_TDA_H2,3,-0.09001997721691925,-0.10620256021101443,-0.07448408543132247,30
E,D,linear,all,future/3ps/motion_even,3,-0.007622650927967495,-0.025577163903249635,0.011463431898090574,30
E,D,linear,all,future/3ps/motion_odd,3,-0.015310860011312698,-0.04217049655814965,0.012055443045165802,30
E,D,linear,all,future/9ps/block_mean,3,-0.06030601785966643,-0.0719807567090417,-0.049719697967758054,30
E,D,linear,all,future/9ps/bond_order,3,-0.07643340180317562,-0.08655889056209058,-0.06549987707700992,30
E,D,linear,all,future/9ps/instantaneous_TDA_H0,3,-0.09106646925210952,-0.11618306762849293,-0.06836870950129298,30
E,D,linear,all,future/9ps/instantaneous_TDA_H1,3,-0.09505449214743243,-0.11479579608783952,-0.0760532164408101,30
E,D,linear,all,future/9ps/instantaneous_TDA_H2,3,-0.09431732806066676,-0.11165677107146217,-0.07755512559993398,30
E,D,linear,all,future/9ps/motion_even,3,-0.019257965683937072,-0.045093052196833815,0.007022952594690835,30
E,D,linear,all,future/9ps/motion_odd,3,0.01429354978932275,0.0005279036528534358,0.03234252687129705,30
E,D,linear,all,path/0.75ps/mean_std_qbar6,3,-0.06515722129519821,-0.07911248101024991,-0.050391583395863165,30
E,D,linear,all,path/3ps/mean_std_qbar6,3,-0.06657290246803314,-0.08193326175005901,-0.05160708750766289,30
E,D,linear,all,path/9ps/mean_std_qbar6,3,-0.06833938092717692,-0.08396778850583361,-0.054259130268668146,30
E,D,linear,all,present/block_mean,3,-0.07090898940546644,-0.08255903125585366,-0.05915905909561036,30
E,D,linear,all,present/bond_order,3,-0.08311547968122696,-0.10019657919597295,-0.06716851776879694,30
E,D,linear,all,present/instantaneous_TDA_H0,3,-0.09327774089243678,-0.11795166486874223,-0.06912986417611441,30
E,D,linear,all,present/instantaneous_TDA_H1,3,-0.10058766375813219,-0.12191119152535167,-0.07941678684618739,30
E,D,linear,all,present/instantaneous_TDA_H2,3,-0.09483896916111309,-0.11332273059214155,-0.0792408789880574,30
E,D,linear,all,present/motion_even,3,-0.05808840559588538,-0.0730130196114381,-0.04297730303472945,30
E,D,linear,all,present/motion_odd,3,0.0044543226559956885,-0.006391273074679904,0.015015090803305304,30
E,D,linear,all,temporal/0.75ps/covariance_trace,3,-4.559708517127567,-5.650516819126075,-3.4996739440494116,30
E,D,linear,all,temporal/0.75ps/increment_p95,3,-1.2687382928861513,-1.5547778546768756,-1.0085078202055557,30
E,D,linear,all,temporal/0.75ps/increment_rms,3,-0.7262821442551082,-0.8762290060023465,-0.5793815548883545,30
E,D,linear,all,temporal/0.75ps/normalized_rms_jump,3,-0.0006148105890680257,-0.032252976279785135,0.030510311263696886,30
E,D,linear,at_risk,hazard/bin0/brier,3,0.009288717662255093,0.00158565658357222,0.019800035679640525,24
E,D,linear,at_risk,hazard/bin1/brier,3,0.020373998864266066,0.004632918414457284,0.04047162747569421,24
E,D,linear,at_risk,hazard/bin2/brier,3,0.026428542534833673,0.0033916637545593816,0.05362378499751987,24
E,D,linear,at_risk,hazard/nll,3,0.06190193907564714,0.006415323783747026,0.12730222067718067,24
E,D,linear,low_order,delta/0.75ps/block_mean,3,-0.004077914554406605,-0.010133022340805885,0.0028535548338873575,17
E,D,linear,low_order,delta/0.75ps/bond_order,3,-0.0025226261978055914,-0.003481179895792522,-0.0014868409829396827,17
E,D,linear,low_order,delta/0.75ps/instantaneous_TDA_H0,3,0.0002706068403580606,-0.0025955868629263896,0.003012022609804189,17
E,D,linear,low_order,delta/0.75ps/instantaneous_TDA_H1,3,-0.0007649165596447738,-0.00191354244107417,0.0001937502629908858,17
E,D,linear,low_order,delta/0.75ps/instantaneous_TDA_H2,3,-0.0007304902754577936,-0.0016619482424621488,0.0004450948981969963,17
E,D,linear,low_order,delta/0.75ps/motion_even,3,-0.013097737349715886,-0.04070131755342671,0.03235521819077282,17
E,D,linear,low_order,delta/0.75ps/motion_odd,3,-0.007622323784173705,-0.0300027944001497,0.016722976606266166,17
E,D,linear,low_order,delta/3ps/block_mean,3,0.0032819959949823875,-0.003711310042421405,0.011144681106887605,17
E,D,linear,low_order,delta/3ps/bond_order,3,-0.002117891229835211,-0.005393646441984411,0.0009500478996950027,17
E,D,linear,low_order,delta/3ps/instantaneous_TDA_H0,3,0.005404539844569038,-0.0022265476192913796,0.013939918979418039,17
E,D,linear,low_order,delta/3ps/instantaneous_TDA_H1,3,0.0017066371499323376,1.6616365196658216e-06,0.0035593050258124564,17
E,D,linear,low_order,delta/3ps/instantaneous_TDA_H2,3,-0.00048078026841668524,-0.0018437036404422684,0.0009350601145449803,17
E,D,linear,low_order,delta/3ps/motion_even,3,-0.024530459852779615,-0.059383272394245755,0.012152536125744056,17
E,D,linear,low_order,delta/3ps/motion_odd,3,0.03970993032642439,0.010163834281996183,0.06980880113208994,17
E,D,linear,low_order,delta/9ps/block_mean,3,0.008118475166459874,0.0011249214800354657,0.01599118263838093,17
E,D,linear,low_order,delta/9ps/bond_order,3,0.000358758457735473,-0.004544183155339138,0.005577749978093537,17
E,D,linear,low_order,delta/9ps/instantaneous_TDA_H0,3,-0.0010300994503731824,-0.007241185506184895,0.004657680555885912,17
E,D,linear,low_order,delta/9ps/instantaneous_TDA_H1,3,-0.0019640294360179526,-0.0033515056047369457,-0.0006133705596713479,17
E,D,linear,low_order,delta/9ps/instantaneous_TDA_H2,3,-0.000345437696167067,-0.0018210133318515385,0.0010036118803363218,17
E,D,linear,low_order,delta/9ps/motion_even,3,0.0009217893376069911,-0.034475773631357676,0.04089968347666311,17
E,D,linear,low_order,delta/9ps/motion_odd,3,0.050769869785975016,0.02643003903931993,0.07792489869501806,17
E,D,linear,low_order,future/0.75ps/block_mean,3,-0.07360025505030077,-0.08851952900793526,-0.05983242225328009,17
E,D,linear,low_order,future/0.75ps/bond_order,3,-0.08259977838572334,-0.11008928765122797,-0.05985088693160641,17
E,D,linear,low_order,future/0.75ps/instantaneous_TDA_H0,3,-0.104228176176548,-0.14352182339803848,-0.060012023077876,17
E,D,linear,low_order,future/0.75ps/instantaneous_TDA_H1,3,-0.10868302469744401,-0.14731868200880638,-0.0731678189088901,17
E,D,linear,low_order,future/0.75ps/instantaneous_TDA_H2,3,-0.10073596385179782,-0.12502043537941637,-0.07753753332311616,17
E,D,linear,low_order,future/0.75ps/motion_even,3,-0.0006722141714657071,-0.03505384919105791,0.04806735556499629,17
E,D,linear,low_order,future/0.75ps/motion_odd,3,-0.04468237301882576,-0.061606044629040894,-0.025744569389259116,17
E,D,linear,low_order,future/3ps/block_mean,3,-0.07106792780698513,-0.08699797752976805,-0.05547492846213526,17
E,D,linear,low_order,future/3ps/bond_order,3,-0.08965039764549218,-0.11933380505252704,-0.06352405348317883,17
E,D,linear,low_order,future/3ps/instantaneous_TDA_H0,3,-0.1249479084622626,-0.16311076273959058,-0.08596839955551372,17
E,D,linear,low_order,future/3ps/instantaneous_TDA_H1,3,-0.11291704093124352,-0.1579067978898392,-0.076469661474374,17
E,D,linear,low_order,future/3ps/instantaneous_TDA_H2,3,-0.11469276015665017,-0.16480159224832758,-0.0805884957897897,17
E,D,linear,low_order,future/3ps/motion_even,3,0.010612678294088325,-0.02728784329750959,0.0492642433327787,17
E,D,linear,low_order,future/3ps/motion_odd,3,0.0051878620596493025,-0.0417530834090476,0.051981705427169775,17
E,D,linear,low_order,future/9ps/block_mean,3,-0.06778294729446276,-0.0878982134741652,-0.04846919968639032,17
E,D,linear,low_order,future/9ps/bond_order,3,-0.08360660514410805,-0.10414784500996271,-0.06375012304268633,17
E,D,linear,low_order,future/9ps/instantaneous_TDA_H0,3,-0.1179021963228782,-0.1565944987358343,-0.08102035911333769,17
E,D,linear,low_order,future/9ps/instantaneous_TDA_H1,3,-0.10839373691409242,-0.14201717874510034,-0.08048192012470727,17
E,D,linear,low_order,future/9ps/instantaneous_TDA_H2,3,-0.11035688195888904,-0.14238051020485515,-0.08409234026045193,17
E,D,linear,low_order,future/9ps/motion_even,3,-0.012851380250033208,-0.0608430063607646,0.032158380644578495,17
E,D,linear,low_order,future/9ps/motion_odd,3,0.02641311682322446,0.0022218651193029733,0.05706714240870638,17
E,D,linear,low_order,path/0.75ps/mean_std_qbar6,3,-0.07849793011030437,-0.09884370809567034,-0.05908005392776948,17
E,D,linear,low_order,path/3ps/mean_std_qbar6,3,-0.08159103310283494,-0.0992685736677445,-0.06354138992507667,17
E,D,linear,low_order,path/9ps/mean_std_qbar6,3,-0.0845348086189844,-0.10250647154855817,-0.06696594769669259,17
E,D,linear,low_order,present/block_mean,3,-0.07777434493128965,-0.09758987929504608,-0.059268574133131885,17
E,D,linear,low_order,present/bond_order,3,-0.08413631658928067,-0.11778767816357169,-0.05765916795341993,17
E,D,linear,low_order,present/instantaneous_TDA_H0,3,-0.11455945374772829,-0.15215064081838173,-0.0789980675632536,17
E,D,linear,low_order,present/instantaneous_TDA_H1,3,-0.11003237918895833,-0.14648528928850207,-0.0754683700627556,17
E,D,linear,low_order,present/instantaneous_TDA_H2,3,-0.11664453068492459,-0.15874548786155443,-0.08364573512043734,17
E,D,linear,low_order,present/motion_even,3,-0.04561723681057201,-0.06653701107875974,-0.021894766945464956,17
E,D,linear,low_order,present/motion_odd,3,0.004343847433725993,-0.010270405692212721,0.0178116035227682,17
E,D,linear,low_order,temporal/0.75ps/covariance_trace,3,-3.7157222827275596,-4.687832830784222,-2.8222152741005027,16
E,D,linear,low_order,temporal/0.75ps/increment_p95,3,-1.2209258509799836,-1.6347800102395316,-0.7962099809416885,16
E,D,linear,low_order,temporal/0.75ps/increment_rms,3,-0.7364026270806789,-0.9506886178317169,-0.5115245528208714,16
E,D,linear,low_order,temporal/0.75ps/normalized_rms_jump,3,0.01944827709392969,-0.016662174550761584,0.05424843187943074,16
E,D,nonlinear,all,delta/0.75ps/block_mean,3,0.00112436798711617,-0.0003099741869502666,0.0026134366804250893,30
E,D,nonlinear,all,delta/0.75ps/bond_order,3,0.0017869119428926045,0.0006449234702934822,0.002860325926707849,30
E,D,nonlinear,all,delta/0.75ps/instantaneous_TDA_H0,3,-0.0014459710154268476,-0.0029266395481924216,7.659653615620384e-05,30
E,D,nonlinear,all,delta/0.75ps/instantaneous_TDA_H1,3,-3.368490272098118e-05,-0.0006209762787653342,0.0005916451373034054,30
E,D,nonlinear,all,delta/0.75ps/instantaneous_TDA_H2,3,0.00014225497013992735,-0.00012104889791872764,0.0004407501386271577,30
E,D,nonlinear,all,delta/0.75ps/motion_even,3,0.002469091945224338,-0.0022573099699285297,0.007301796459489395,30
E,D,nonlinear,all,delta/0.75ps/motion_odd,3,0.003827604982588026,-0.0032764680683612826,0.01157742869522835,30
E,D,nonlinear,all,delta/3ps/block_mean,3,0.0017139760708367374,-0.0002131093000234257,0.003617445371044725,30
E,D,nonlinear,all,delta/3ps/bond_order,3,0.0027833160012960432,0.0007556221747977866,0.004758432627552086,30
E,D,nonlinear,all,delta/3ps/instantaneous_TDA_H0,3,-0.001966678765085009,-0.004368242882192134,0.0004318295998705739,30
E,D,nonlinear,all,delta/3ps/instantaneous_TDA_H1,3,0.00028043422434065074,-0.00016772825477851764,0.0007408264134493134,30
E,D,nonlinear,all,delta/3ps/instantaneous_TDA_H2,3,-8.996273908350203e-05,-0.0005014209459639257,0.0003046752864287957,30
E,D,nonlinear,all,delta/3ps/motion_even,3,0.0028236230214436853,-0.001684182865752114,0.007288165440162019,30
E,D,nonlinear,all,delta/3ps/motion_odd,3,0.00645312468210856,-0.004048328498999278,0.017301216026147204,30
E,D,nonlinear,all,delta/9ps/block_mean,3,0.0001211368409847777,-0.0021429999214942004,0.002506129533069687,30
E,D,nonlinear,all,delta/9ps/bond_order,3,0.0012447919903530017,-0.0038834722681591904,0.005131975009313053,30
E,D,nonlinear,all,delta/9ps/instantaneous_TDA_H0,3,-0.0033213359614213305,-0.005938945284320249,-0.00037904360228114675,30
E,D,nonlinear,all,delta/9ps/instantaneous_TDA_H1,3,0.00014656086762746174,-0.00026844764128327366,0.0005551624939673476,30
E,D,nonlinear,all,delta/9ps/instantaneous_TDA_H2,3,-0.0002565549893511666,-0.001396430055093434,0.0007421631728195482,30
E,D,nonlinear,all,delta/9ps/motion_even,3,0.002017902665668064,-0.003737267172998852,0.008156986534595486,30
E,D,nonlinear,all,delta/9ps/motion_odd,3,0.0008954564730326334,-0.012629517614841459,0.016253585434622214,30
E,D,nonlinear,all,future/0.75ps/block_mean,3,-0.05708122418296558,-0.07030847932488003,-0.04622548273074681,30
E,D,nonlinear,all,future/0.75ps/bond_order,3,-0.07059734339515368,-0.0891041013950275,-0.0553953853270246,30
E,D,nonlinear,all,future/0.75ps/instantaneous_TDA_H0,3,-0.08769590854644775,-0.11023129215877919,-0.06714963981053895,30
E,D,nonlinear,all,future/0.75ps/instantaneous_TDA_H1,3,-0.08215442332956527,-0.10464033487356371,-0.06119012456387282,30
E,D,nonlinear,all,future/0.75ps/instantaneous_TDA_H2,3,-0.07418253972298568,-0.09138910733991197,-0.05925790144234067,30
E,D,nonlinear,all,future/0.75ps/motion_even,3,-0.029459854960441588,-0.04262004561722278,-0.01616436719066567,30
E,D,nonlinear,all,future/0.75ps/motion_odd,3,0.0016027248568005034,-0.0050666364779074985,0.008305146669348076,30
E,D,nonlinear,all,future/3ps/block_mean,3,-0.05458495202301829,-0.06566424214591583,-0.045357611313186316,30
E,D,nonlinear,all,future/3ps/bond_order,3,-0.07058322934640777,-0.08884657834553059,-0.05522807036629982,30
E,D,nonlinear,all,future/3ps/instantaneous_TDA_H0,3,-0.09320013862517146,-0.11913423979654908,-0.07011794199546179,30
E,D,nonlinear,all,future/3ps/instantaneous_TDA_H1,3,-0.07665799256000252,-0.09677364437737396,-0.05873704615669946,30
E,D,nonlinear,all,future/3ps/instantaneous_TDA_H2,3,-0.07213338133361605,-0.08859778103832569,-0.05798999359624254,30
E,D,nonlinear,all,future/3ps/motion_even,3,-0.02275101741154989,-0.03690019570291043,-0.00983364399936464,30
E,D,nonlinear,all,future/3ps/motion_odd,3,0.007816047138637965,0.0008748148381710048,0.015143157127830712,30
E,D,nonlinear,all,future/9ps/block_mean,3,-0.05332624526625432,-0.0633703266999995,-0.04381120397692064,30
E,D,nonlinear,all,future/9ps/bond_order,3,-0.06665121416250866,-0.08358665206366114,-0.05244668905933699,30
E,D,nonlinear,all,future/9ps/instantaneous_TDA_H0,3,-0.08349736854434013,-0.10537364604779415,-0.061989416637354425,30
E,D,nonlinear,all,future/9ps/instantaneous_TDA_H1,3,-0.08300666121972933,-0.10605571818227569,-0.06164188503391214,30
E,D,nonlinear,all,future/9ps/instantaneous_TDA_H2,3,-0.07915567196905612,-0.10124773167487648,-0.06130565749481322,30
E,D,nonlinear,all,future/9ps/motion_even,3,-0.022793555259704588,-0.03894211922254827,-0.0067438923898670445,30
E,D,nonlinear,all,future/9ps/motion_odd,3,0.01514699955781301,0.00626547671854496,0.024627506650156436,30
E,D,nonlinear,all,path/0.75ps/mean_std_qbar6,3,-0.0601531191302153,-0.07479460835537691,-0.04731946719428784,30
E,D,nonlinear,all,path/3ps/mean_std_qbar6,3,-0.06188423603178105,-0.07699650703680366,-0.0488822361476034,30
E,D,nonlinear,all,path/9ps/mean_std_qbar6,3,-0.06487916021918257,-0.08032937066137996,-0.0506767505447432,30
E,D,nonlinear,all,present/block_mean,3,-0.057160438831757615,-0.06946167181866865,-0.04610341868777243,30
E,D,nonlinear,all,present/bond_order,3,-0.07501692639456856,-0.0947649768408802,-0.05654042729693983,30
E,D,nonlinear,all,present/instantaneous_TDA_H0,3,-0.08139300180806056,-0.10385339567644729,-0.059739134444130794,30
E,D,nonlinear,all,present/instantaneous_TDA_H1,3,-0.08345274221565989,-0.10841936740403374,-0.06143900967720483,30
E,D,nonlinear,all,present/instantaneous_TDA_H2,3,-0.07455256266726389,-0.09186148763737743,-0.05845771987301611,30
E,D,nonlinear,all,present/motion_even,3,-0.03226199083858066,-0.05599988872806231,-0.009569524460368689,30
E,D,nonlinear,all,present/motion_odd,3,0.0037145909335878145,-0.010147659174270102,0.017203912652201118,30
E,D,nonlinear,all,temporal/0.75ps/covariance_trace,3,-4.559708517127567,-5.672907709711128,-3.589432719813454,30
E,D,nonlinear,all,temporal/0.75ps/increment_p95,3,-1.2687382928861513,-1.551337777526842,-0.9888134095635681,30
E,D,nonlinear,all,temporal/0.75ps/increment_rms,3,-0.7262821442551082,-0.8698342743515968,-0.5778270473910702,30
E,D,nonlinear,all,temporal/0.75ps/normalized_rms_jump,3,-0.0006148105890680257,-0.0316515444975633,0.030469488096412926,30
E,D,nonlinear,at_risk,hazard/bin0/brier,3,0.0019306478094828587,0.00036230907354277203,0.003891276570220092,24
E,D,nonlinear,at_risk,hazard/bin1/brier,3,0.006997366774258908,0.0013567272582804433,0.014559619525450923,24
E,D,nonlinear,at_risk,hazard/bin2/brier,3,0.013817061168487675,0.001199867162904411,0.030176036993927683,24
E,D,nonlinear,at_risk,hazard/nll,3,0.016811449003095426,-0.010673019531855567,0.05109099923025092,24
E,D,nonlinear,low_order,delta/0.75ps/block_mean,3,0.0034507229632022214,-7.407060927816252e-05,0.007977450657879394,17
E,D,nonlinear,low_order,delta/0.75ps/bond_order,3,0.002769087605616626,0.0014185733289695255,0.004085560661612773,17
E,D,nonlinear,low_order,delta/0.75ps/instantaneous_TDA_H0,3,-0.0025502707736164915,-0.0040896529550938044,-0.000995292835960202,17
E,D,nonlinear,low_order,delta/0.75ps/instantaneous_TDA_H1,3,-0.0005215160986956428,-0.001637572316708518,0.0005264397893174021,17
E,D,nonlinear,low_order,delta/0.75ps/instantaneous_TDA_H2,3,-0.0002690045272602754,-0.000896260357808833,0.00019707742932380403,17
E,D,nonlinear,low_order,delta/0.75ps/motion_even,3,0.010981176413741765,0.0031271746345594826,0.01986536331036511,17
E,D,nonlinear,low_order,delta/0.75ps/motion_odd,3,0.010294865159427418,-0.004291272893840192,0.030971197433331415,17
E,D,nonlinear,low_order,delta/3ps/block_mean,3,0.0007005472198810421,-0.0016984305082777742,0.0029584130339227084,17
E,D,nonlinear,low_order,delta/3ps/bond_order,3,0.003999615124627655,0.0018896295670785157,0.006287959897342849,17
E,D,nonlinear,low_order,delta/3ps/instantaneous_TDA_H0,3,-0.004381188867138881,-0.007053849911865065,-0.0013258478366861195,17
E,D,nonlinear,low_order,delta/3ps/instantaneous_TDA_H1,3,0.0007083852793656144,-0.000431104975880361,0.002140018183226679,17
E,D,nonlinear,low_order,delta/3ps/instantaneous_TDA_H2,3,-0.00014443651718251845,-0.0007200423628091813,0.0004143903579782036,17
E,D,nonlinear,low_order,delta/3ps/motion_even,3,0.004950630314209882,0.00010668419155420004,0.009827347085172054,17
E,D,nonlinear,low_order,delta/3ps/motion_odd,3,-0.0009297220145954803,-0.014585062145602469,0.012025227266199447,17
E,D,nonlinear,low_order,delta/9ps/block_mean,3,-0.00041256279508078024,-0.0034127102901526066,0.002671246091664767,17
E,D,nonlinear,low_order,delta/9ps/bond_order,3,0.0049340277910232535,0.00142578766042111,0.008467958524238829,17
E,D,nonlinear,low_order,delta/9ps/instantaneous_TDA_H0,3,-0.004934903161198484,-0.008450737785474926,-0.0010915377779918576,17
E,D,nonlinear,low_order,delta/9ps/instantaneous_TDA_H1,3,0.0001563459050421621,-0.0004735934383728925,0.0008156440202511982,17
E,D,nonlinear,low_order,delta/9ps/instantaneous_TDA_H2,3,-0.00010942682331683595,-0.0012486906356963458,0.0009675768624041591,17
E,D,nonlinear,low_order,delta/9ps/motion_even,3,0.008438570826661353,-0.0031147782416904666,0.019744663291117726,17
E,D,nonlinear,low_order,delta/9ps/motion_odd,3,-0.010959991308696132,-0.022997469820228274,0.0021059315806875433,17
E,D,nonlinear,low_order,future/0.75ps/block_mean,3,-0.054525516044616314,-0.06849042350316749,-0.04226438326721563,17
E,D,nonlinear,low_order,future/0.75ps/bond_order,3,-0.05811808813436358,-0.07681717975978174,-0.0406291689395028,17
E,D,nonlinear,low_order,future/0.75ps/instantaneous_TDA_H0,3,-0.08969402017400545,-0.12443941577483773,-0.05444996380977625,17
E,D,nonlinear,low_order,future/0.75ps/instantaneous_TDA_H1,3,-0.0833909361093652,-0.11969563226562505,-0.05192424631586263,17
E,D,nonlinear,low_order,future/0.75ps/instantaneous_TDA_H2,3,-0.07053053203751058,-0.08925882295942773,-0.05367939422893173,17
E,D,nonlinear,low_order,future/0.75ps/motion_even,3,-0.03290224601240719,-0.057840851124595194,-0.006970938879485293,17
E,D,nonlinear,low_order,future/0.75ps/motion_odd,3,0.007482726199954165,-0.003884301656017117,0.019795099675071006,17
E,D,nonlinear,low_order,future/3ps/block_mean,3,-0.06002244910870503,-0.07591099539662108,-0.04734272688651592,17
E,D,nonlinear,low_order,future/3ps/bond_order,3,-0.0630782063977391,-0.08627359574916314,-0.04549766442208897,17
E,D,nonlinear,low_order,future/3ps/instantaneous_TDA_H0,3,-0.11117978145678838,-0.1486506177988999,-0.07153815447042385,17
E,D,nonlinear,low_order,future/3ps/instantaneous_TDA_H1,3,-0.08609766191711614,-0.1224641129520594,-0.05689247953614185,17
E,D,nonlinear,low_order,future/3ps/instantaneous_TDA_H2,3,-0.08231229408114565,-0.11596233172378705,-0.05641135207797382,17
E,D,nonlinear,low_order,future/3ps/motion_even,3,-0.02839691148084753,-0.055369999508063,0.0035576673261090725,17
E,D,nonlinear,low_order,future/3ps/motion_odd,3,0.010930160681406658,-0.0014659742806472028,0.02380248527316485,17
E,D,nonlinear,low_order,future/9ps/block_mean,3,-0.058287759107580175,-0.07006157508760605,-0.04680372800410184,17
E,D,nonlinear,low_order,future/9ps/bond_order,3,-0.06086724207681768,-0.07673627442735081,-0.04556984937950677,17
E,D,nonlinear,low_order,future/9ps/instantaneous_TDA_H0,3,-0.10959326715080762,-0.14199646971708932,-0.07673120385209353,17
E,D,nonlinear,low_order,future/9ps/instantaneous_TDA_H1,3,-0.08860256406022053,-0.1167261917217105,-0.06156179884485172,17
E,D,nonlinear,low_order,future/9ps/instantaneous_TDA_H2,3,-0.08398869304972537,-0.10665691181213832,-0.06345256584166897,17
E,D,nonlinear,low_order,future/9ps/motion_even,3,-0.025593086784961173,-0.053276874066567885,0.0042412728655571805,17
E,D,nonlinear,low_order,future/9ps/motion_odd,3,0.018918298477051308,0.005139729373303114,0.03311108406998362,17
E,D,nonlinear,low_order,path/0.75ps/mean_std_qbar6,3,-0.057425380264427145,-0.07321020179912083,-0.04263526976802478,17
E,D,nonlinear,low_order,path/3ps/mean_std_qbar6,3,-0.0631323431563728,-0.07696008999197396,-0.049969428684334176,17
E,D,nonlinear,low_order,path/9ps/mean_std_qbar6,3,-0.0700947138316491,-0.08437247883240856,-0.05645869373544759,17
E,D,nonlinear,low_order,present/block_mean,3,-0.056805320078007926,-0.07089662974657723,-0.043436617126043145,17
E,D,nonlinear,low_order,present/bond_order,3,-0.062024256470156656,-0.08635020658154698,-0.04215691381444534,17
E,D,nonlinear,low_order,present/instantaneous_TDA_H0,3,-0.09023738904472661,-0.12488196922338331,-0.05514450310638139,17
E,D,nonlinear,low_order,present/instantaneous_TDA_H1,3,-0.08441160064117581,-0.11926485400135611,-0.053794020644443885,17
E,D,nonlinear,low_order,present/instantaneous_TDA_H2,3,-0.08215956075810919,-0.11384846284693363,-0.05613571824505926,17
E,D,nonlinear,low_order,present/motion_even,3,-0.025428071325900505,-0.07113851164193714,0.023263934459172037,17
E,D,nonlinear,low_order,present/motion_odd,3,0.0034289577720212007,-0.019976903078164538,0.024324053420009553,17
E,D,nonlinear,low_order,temporal/0.75ps/covariance_trace,3,-3.7157222827275596,-4.677022031818828,-2.821154635461669,16
E,D,nonlinear,low_order,temporal/0.75ps/increment_p95,3,-1.2209258509799836,-1.6215091203587753,-0.8198848849534989,16
E,D,nonlinear,low_order,temporal/0.75ps/increment_rms,3,-0.7364026270806789,-0.9564744908673067,-0.5029905191622674,16
E,D,nonlinear,low_order,temporal/0.75ps/normalized_rms_jump,3,0.01944827709392969,-0.01774524190049599,0.05484689070974679,16
E,D,state_constant,all,delta/0.75ps/block_mean,3,5.103650813301465e-05,-0.0019371878416967268,0.002343936432842856,30
E,D,state_constant,all,delta/0.75ps/bond_order,3,0.0043283380361066924,0.00217691824823204,0.006832716800789866,30
E,D,state_constant,all,delta/0.75ps/instantaneous_TDA_H0,3,0.0010297926763693488,-0.00010290434790982137,0.002150261406269338,30
E,D,state_constant,all,delta/0.75ps/instantaneous_TDA_H1,3,-0.0009512947665320504,-0.0018878180782000223,-6.257217170463705e-05,30
E,D,state_constant,all,delta/0.75ps/instantaneous_TDA_H2,3,-0.001068139862683084,-0.0015393673463000193,-0.0005844265729602841,30
E,D,state_constant,all,delta/0.75ps/motion_even,3,0.0023217419783274334,-0.003313057919343312,0.008299025528960755,30
E,D,state_constant,all,delta/0.75ps/motion_odd,3,-0.005354219012790257,-0.016742406653033365,0.0061670903364817314,30
E,D,state_constant,all,delta/3ps/block_mean,3,0.001595712577303253,-0.001253590840087449,0.004675066196704634,30
E,D,state_constant,all,delta/3ps/bond_order,3,0.00419709011912346,0.0012699313368648292,0.007234818632197049,30
E,D,state_constant,all,delta/3ps/instantaneous_TDA_H0,3,0.0023256073395411174,0.000993467296163241,0.0036440943388475295,30
E,D,state_constant,all,delta/3ps/instantaneous_TDA_H1,3,-0.0002649818857510884,-0.001563763891657193,0.0010037465517719584,30
E,D,state_constant,all,delta/3ps/instantaneous_TDA_H2,3,-0.000895881818400489,-0.0021064753789040774,0.00030851522667540423,30
E,D,state_constant,all,delta/3ps/motion_even,3,0.007939944664637247,-0.0030875173873371547,0.01833729109830326,30
E,D,state_constant,all,delta/3ps/motion_odd,3,-0.003727502955330743,-0.017175713578859966,0.011630201869540734,30
E,D,state_constant,all,delta/9ps/block_mean,3,0.0023867868783849274,-0.0009120781881803711,0.005917195666546905,30
E,D,state_constant,all,delta/9ps/bond_order,3,0.004006377566191885,-0.002915182943559355,0.010096575971692785,30
E,D,state_constant,all,delta/9ps/instantaneous_TDA_H0,3,0.0022054311301973133,0.0006927958255012832,0.0037434857214490567,30
E,D,state_constant,all,delta/9ps/instantaneous_TDA_H1,3,-0.0009247129162152608,-0.002382853109803464,0.0006152480219801258,30
E,D,state_constant,all,delta/9ps/instantaneous_TDA_H2,3,-0.001015324890613556,-0.0020589954695767825,4.9771532002421115e-05,30
E,D,state_constant,all,delta/9ps/motion_even,3,0.006789759794871011,-0.006638855586449306,0.021380263053708597,30
E,D,state_constant,all,delta/9ps/motion_odd,3,0.003259190585878161,-0.012854232903983858,0.019628862556484,30
E,D,state_constant,all,future/0.75ps/block_mean,3,-0.05756842202886388,-0.06831718699868632,-0.047749169510444285,30
E,D,state_constant,all,future/0.75ps/bond_order,3,-0.06949329384499127,-0.08967758100479845,-0.05230698006020652,30
E,D,state_constant,all,future/0.75ps/instantaneous_TDA_H0,3,-0.08743764104114637,-0.10784045403409336,-0.06750124171790152,30
E,D,state_constant,all,future/0.75ps/instantaneous_TDA_H1,3,-0.08803105296360121,-0.1124853281573289,-0.06652914351887174,30
E,D,state_constant,all,future/0.75ps/instantaneous_TDA_H2,3,-0.07677803387244543,-0.09395042619978392,-0.062003706656396394,30
E,D,state_constant,all,future/0.75ps/motion_even,3,-0.03006575538052452,-0.05610237763987648,-0.005356947398848022,30
E,D,state_constant,all,future/0.75ps/motion_odd,3,0.006395244929525589,-0.003443575791186757,0.017215520367026317,30
E,D,state_constant,all,future/3ps/block_mean,3,-0.05621742077723697,-0.0661092105794146,-0.047336153346631264,30
E,D,state_constant,all,future/3ps/bond_order,3,-0.06939948399861653,-0.08830172784212564,-0.052502744309604166,30
E,D,state_constant,all,future/3ps/instantaneous_TDA_H0,3,-0.09096483977304563,-0.11531414263157383,-0.06812207045033582,30
E,D,state_constant,all,future/3ps/instantaneous_TDA_H1,3,-0.08149738121363852,-0.10229905566821498,-0.062124543001668316,30
E,D,state_constant,all,future/3ps/instantaneous_TDA_H2,3,-0.07515219358934296,-0.09215694472400679,-0.060581132494327096,30
E,D,state_constant,all,future/3ps/motion_even,3,-0.027897557947370744,-0.05456235557794572,-0.002971256400148083,30
E,D,state_constant,all,future/3ps/motion_odd,3,0.007606931858592565,-0.0005466093371311824,0.016458922798434892,30
E,D,state_constant,all,future/9ps/block_mean,3,-0.05483140692252803,-0.06387213441991693,-0.046269884070519476,30
E,D,state_constant,all,future/9ps/bond_order,3,-0.06426906585693361,-0.07859480634331703,-0.05118735028223859,30
E,D,state_constant,all,future/9ps/instantaneous_TDA_H0,3,-0.08276657437284787,-0.10539293587828676,-0.06131234285318189,30
E,D,state_constant,all,future/9ps/instantaneous_TDA_H1,3,-0.08469599423309167,-0.10667890681678226,-0.06397430142905149,30
E,D,state_constant,all,future/9ps/instantaneous_TDA_H2,3,-0.08141838436325391,-0.10154026502432925,-0.0642703892559641,30
E,D,state_constant,all,future/9ps/motion_even,3,-0.01975035303168827,-0.050960404119557816,0.00993173557023206,30
E,D,state_constant,all,future/9ps/motion_odd,3,0.003911930322647095,-0.0010043346799082221,0.008960073830352883,30
E,D,state_constant,all,path/0.75ps/mean_std_qbar6,3,-0.05738958718332773,-0.07452612940319035,-0.04369200244558872,30
E,D,state_constant,all,path/3ps/mean_std_qbar6,3,-0.0566642505220241,-0.07399752290363215,-0.04281489349125575,30
E,D,state_constant,all,path/9ps/mean_std_qbar6,3,-0.05261920069008031,-0.07044049376777062,-0.037485071130051645,30
E,D,state_constant,all,present/block_mean,3,-0.05133613052743451,-0.06362028243692798,-0.03993563132395072,30
E,D,state_constant,all,present/bond_order,3,-0.06669584222965771,-0.09104559619807533,-0.04628774089738728,30
E,D,state_constant,all,present/instantaneous_TDA_H0,3,-0.07460369865099588,-0.09472110145000946,-0.054956216348542114,30
E,D,state_constant,all,present/instantaneous_TDA_H1,3,-0.08077516613735093,-0.10479881161409949,-0.05987516980825202,30
E,D,state_constant,all,present/instantaneous_TDA_H2,3,-0.0712686096628507,-0.08931663246825337,-0.05428858462307189,30
E,D,state_constant,all,present/motion_even,3,-0.014442672663264806,-0.03621098770863481,0.005493990770644611,30
E,D,state_constant,all,present/motion_odd,3,-0.00023079382048712868,-0.01507875663538774,0.016960318287213626,30
E,D,state_constant,all,temporal/0.75ps/covariance_trace,3,-4.559708517127567,-5.682637876040405,-3.491031201581161,30
E,D,state_constant,all,temporal/0.75ps/increment_p95,3,-1.2687382928861513,-1.5390229422706692,-0.9948593183656532,30
E,D,state_constant,all,temporal/0.75ps/increment_rms,3,-0.7262821442551082,-0.8689972361591128,-0.5772315038409497,30
E,D,state_constant,all,temporal/0.75ps/normalized_rms_jump,3,-0.0006148105890680257,-0.031822936590434205,0.029987785167077282,30
E,D,state_constant,at_risk,hazard/bin0/brier,3,0.0020152394828174794,0.0006423904665635088,0.0036527967347827427,24
E,D,state_constant,at_risk,hazard/bin1/brier,3,0.0040193784323795025,0.0001363642131865263,0.008819291615318685,24
E,D,state_constant,at_risk,hazard/bin2/brier,3,0.0030862598456830414,-0.005959168635005576,0.014260020418482261,24
E,D,state_constant,at_risk,hazard/nll,3,-0.014078357683805129,-0.037620186357526106,0.01029945790036839,24
E,D,state_constant,low_order,delta/0.75ps/block_mean,3,7.771840623392202e-05,-0.00341842185821553,0.004010503596985354,17
E,D,state_constant,low_order,delta/0.75ps/bond_order,3,0.007811510533678767,0.004884598970267117,0.010983685579370048,17
E,D,state_constant,low_order,delta/0.75ps/instantaneous_TDA_H0,3,0.0018325710997861974,0.00032171387882793653,0.003409956402930557,17
E,D,state_constant,low_order,delta/0.75ps/instantaneous_TDA_H1,3,-0.002165005122329675,-0.003750641649479375,-0.0006507906368842316,17
E,D,state_constant,low_order,delta/0.75ps/instantaneous_TDA_H2,3,-0.002290112422961815,-0.0037489115972729288,-0.001258733737118104,17
E,D,state_constant,low_order,delta/0.75ps/motion_even,3,0.007871499248579435,-6.761232427522203e-05,0.015472927368154712,17
E,D,state_constant,low_order,delta/0.75ps/motion_odd,3,-0.012594152899349436,-0.03034096921191496,0.007136405390851633,17
E,D,state_constant,low_order,delta/3ps/block_mean,3,0.002345322710431473,-0.0021670229410375376,0.007384761769227158,17
E,D,state_constant,low_order,delta/3ps/bond_order,3,0.008061748217133916,0.003025804259175179,0.012766588581543344,17
E,D,state_constant,low_order,delta/3ps/instantaneous_TDA_H0,3,0.0028828677593492995,0.00150538598205529,0.004344567583472121,17
E,D,state_constant,low_order,delta/3ps/instantaneous_TDA_H1,3,-0.0007786522893344655,-0.0030059564968242364,0.001354112757333349,17
E,D,state_constant,low_order,delta/3ps/instantaneous_TDA_H2,3,-0.0010801482142186634,-0.002974522789465446,0.0011666101421795617,17
E,D,state_constant,low_order,delta/3ps/motion_even,3,0.009185459683923161,-0.003504916835649341,0.021493933174540014,17
E,D,state_constant,low_order,delta/3ps/motion_odd,3,-0.004199338894264369,-0.028185475252422633,0.02134421380127177,17
E,D,state_constant,low_order,delta/9ps/block_mean,3,0.003596287750292059,-0.0020663933539337015,0.008922393080699288,17
E,D,state_constant,low_order,delta/9ps/bond_order,3,0.008700615635105206,0.0006421384858150104,0.016734638087013184,17
E,D,state_constant,low_order,delta/9ps/instantaneous_TDA_H0,3,0.002868269296253429,0.0008761319605743183,0.004807737425846213,17
E,D,state_constant,low_order,delta/9ps/instantaneous_TDA_H1,3,-0.001819052459562526,-0.004172384592832303,0.0004110314445022268,17
E,D,state_constant,low_order,delta/9ps/instantaneous_TDA_H2,3,-0.00208696255496904,-0.0038094836488073948,-0.0003479769928198236,17
E,D,state_constant,low_order,delta/9ps/motion_even,3,0.003435748464920942,-0.0196654923990661,0.026220086655196026,17
E,D,state_constant,low_order,delta/9ps/motion_odd,3,0.010479108120004339,-0.017327159626738114,0.036581974499402384,17
E,D,state_constant,low_order,future/0.75ps/block_mean,3,-0.05408192126482141,-0.06828188755080784,-0.04238573054545652,17
E,D,state_constant,low_order,future/0.75ps/bond_order,3,-0.05505889405806859,-0.09383075723022806,-0.030565736194451697,17
E,D,state_constant,low_order,future/0.75ps/instantaneous_TDA_H0,3,-0.08947218713514944,-0.11781900088649754,-0.05888484406887609,17
E,D,state_constant,low_order,future/0.75ps/instantaneous_TDA_H1,3,-0.09751862594309975,-0.136826758780608,-0.061520739458501346,17
E,D,state_constant,low_order,future/0.75ps/instantaneous_TDA_H2,3,-0.07975124458179754,-0.10078566196356334,-0.06168969308628756,17
E,D,state_constant,low_order,future/0.75ps/motion_even,3,-0.01690321985413047,-0.060988237007575885,0.02880127706071906,17
E,D,state_constant,low_order,future/0.75ps/motion_odd,3,0.014212643983317355,-0.004373776795817356,0.03381649051226822,17
E,D,state_constant,low_order,future/3ps/block_mean,3,-0.06014818050502952,-0.07616607269905265,-0.047512739463374504,17
E,D,state_constant,low_order,future/3ps/bond_order,3,-0.056235651029091255,-0.0959393021778441,-0.031959954718602655,17
E,D,state_constant,low_order,future/3ps/instantaneous_TDA_H0,3,-0.10793560794463344,-0.14449457547572608,-0.07187348634515908,17
E,D,state_constant,low_order,future/3ps/instantaneous_TDA_H1,3,-0.09706559090637694,-0.13482763310711757,-0.06331085192368315,17
E,D,state_constant,low_order,future/3ps/instantaneous_TDA_H2,3,-0.09045921419473256,-0.1251969831520874,-0.06463721145090522,17
E,D,state_constant,low_order,future/3ps/motion_even,3,-0.01819737576970867,-0.07297443995873135,0.03768749028152106,17
E,D,state_constant,low_order,future/3ps/motion_odd,3,0.009004356814365759,-0.00226229876279831,0.02033756784364288,17
E,D,state_constant,low_order,future/9ps/block_mean,3,-0.057899235942541,-0.0706630995039055,-0.045866826949093255,17
E,D,state_constant,low_order,future/9ps/bond_order,3,-0.05067093874893936,-0.07963012004015492,-0.030869061697055312,17
E,D,state_constant,low_order,future/9ps/instantaneous_TDA_H0,3,-0.10916800325845971,-0.14195806176456457,-0.07796624912423833,17
E,D,state_constant,low_order,future/9ps/instantaneous_TDA_H1,3,-0.09532243495478349,-0.12876346080253523,-0.06488354625362976,17
E,D,state_constant,low_order,future/9ps/instantaneous_TDA_H2,3,-0.09207526126912995,-0.11652213836490524,-0.07048911052007299,17
E,D,state_constant,low_order,future/9ps/motion_even,3,-0.00941663863612156,-0.06556065387877764,0.04145599305629728,17
E,D,state_constant,low_order,future/9ps/motion_odd,3,0.009257861212188122,0.0029234638401106293,0.015942221894568086,17
E,D,state_constant,low_order,path/0.75ps/mean_std_qbar6,3,-0.04627499954008003,-0.05916160277374016,-0.03512069588052291,17
E,D,state_constant,low_order,path/3ps/mean_std_qbar6,3,-0.04603979836090231,-0.05862035322249593,-0.034389478400550504,17
E,D,state_constant,low_order,path/9ps/mean_std_qbar6,3,-0.0385672341137394,-0.05165686781527292,-0.027214256175519785,17
E,D,state_constant,low_order,present/block_mean,3,-0.04735893588147911,-0.06401240885702078,-0.034378625248601434,17
E,D,state_constant,low_order,present/bond_order,3,-0.04775515636977027,-0.08994196028832127,-0.02081482322411794,17
E,D,state_constant,low_order,present/instantaneous_TDA_H0,3,-0.07026003732108602,-0.10145642945689021,-0.03932923020648901,17
E,D,state_constant,low_order,present/instantaneous_TDA_H1,3,-0.07177165311341194,-0.10157199593297406,-0.045630819485614135,17
E,D,state_constant,low_order,present/instantaneous_TDA_H2,3,-0.06636208054773947,-0.09520578940636386,-0.04383578881365704,17
E,D,state_constant,low_order,present/motion_even,3,-0.027836297656975543,-0.05912917969273585,-0.0006378547671963195,17
E,D,state_constant,low_order,present/motion_odd,3,-0.00016839027989144363,-0.02750212353672467,0.03039423507437401,17
E,D,state_constant,low_order,temporal/0.75ps/covariance_trace,3,-3.7157222827275596,-4.5979299509897835,-2.7803181966145853,16
E,D,state_constant,low_order,temporal/0.75ps/increment_p95,3,-1.2209258509799836,-1.609570817692826,-0.8001464522583411,16
E,D,state_constant,low_order,temporal/0.75ps/increment_rms,3,-0.7364026270806789,-0.95754811319833,-0.5194960852153603,16
E,D,state_constant,low_order,temporal/0.75ps/normalized_rms_jump,3,0.01944827709392969,-0.015440043614649906,0.05501614477982655,16
E,D,state_history,all,delta/0.75ps/block_mean,3,0.0008962978298465442,-0.0009941113177962839,0.0030674310611491936,30
E,D,state_history,all,delta/0.75ps/bond_order,3,0.003567834198474883,0.002048320760950446,0.0051520715829812816,30
E,D,state_history,all,delta/0.75ps/instantaneous_TDA_H0,3,0.003048136581977209,0.001700715221878555,0.004548445234282147,30
E,D,state_history,all,delta/0.75ps/instantaneous_TDA_H1,3,-0.0007252815696928236,-0.0016218171786102987,0.0001657061278820037,30
E,D,state_history,all,delta/0.75ps/instantaneous_TDA_H2,3,-0.001872022243009673,-0.0024283752311021088,-0.0013293640905370318,30
E,D,state_history,all,delta/0.75ps/motion_even,3,-0.0007520907455020478,-0.007883077462514243,0.006291888041628731,30
E,D,state_history,all,delta/0.75ps/motion_odd,3,0.0021112107568316985,-0.008046011469430393,0.012308615214294851,30
E,D,state_history,all,delta/3ps/block_mean,3,0.0026222799249269275,0.00026068661206711313,0.00495661280393876,30
E,D,state_history,all,delta/3ps/bond_order,3,0.004514470779233509,0.0022228877836217484,0.006595881534740328,30
E,D,state_history,all,delta/3ps/instantaneous_TDA_H0,3,0.0021980285644531256,0.0006021800678637293,0.0038488704090317086,30
E,D,state_history,all,delta/3ps/instantaneous_TDA_H1,3,-0.00036346258388625266,-0.0015843509758512178,0.0008780021489494371,30
E,D,state_history,all,delta/3ps/instantaneous_TDA_H2,3,-0.0020168177783489224,-0.002922378327283594,-0.0010365820903744964,30
E,D,state_history,all,delta/3ps/motion_even,3,0.01726067860921224,0.00380984632505311,0.03016710609197616,30
E,D,state_history,all,delta/3ps/motion_odd,3,-0.005859218041102092,-0.018581137292914926,0.007909521874454286,30
E,D,state_history,all,delta/9ps/block_mean,3,0.0007296280521485458,-0.002207368798553958,0.0038648759180472886,30
E,D,state_history,all,delta/9ps/bond_order,3,0.003462029414044485,-0.0023437956596414258,0.007945385760524205,30
E,D,state_history,all,delta/9ps/instantaneous_TDA_H0,3,0.0013067414363225301,-0.0003601975449257425,0.0028572661595212064,30
E,D,state_history,all,delta/9ps/instantaneous_TDA_H1,3,-0.0012401666906144886,-0.002492559825380643,-8.799018131362113e-05,30
E,D,state_history,all,delta/9ps/instantaneous_TDA_H2,3,-0.0019354227930307387,-0.00311055547454291,-0.0007890180912282734,30
E,D,state_history,all,delta/9ps/motion_even,3,0.012607456909285652,-0.002749859376086129,0.028576025540630014,30
E,D,state_history,all,delta/9ps/motion_odd,3,-0.009822869963116116,-0.020553569760587483,0.0015673046641879582,30
E,D,state_history,all,future/0.75ps/block_mean,3,-0.0617373414337635,-0.0733904868674775,-0.051042039164997374,30
E,D,state_history,all,future/0.75ps/bond_order,3,-0.07727764687604374,-0.09341241237396997,-0.06176345676597621,30
E,D,state_history,all,future/0.75ps/instantaneous_TDA_H0,3,-0.08969279767738446,-0.1140144473231501,-0.06579586228355766,30
E,D,state_history,all,future/0.75ps/instantaneous_TDA_H1,3,-0.08878723763757283,-0.11559438819272651,-0.06622804116043779,30
E,D,state_history,all,future/0.75ps/instantaneous_TDA_H2,3,-0.08032214260763593,-0.09681085153172414,-0.06522004360333085,30
E,D,state_history,all,future/0.75ps/motion_even,3,-0.03740181293752458,-0.06072939062284098,-0.015013602309756818,30
E,D,state_history,all,future/0.75ps/motion_odd,3,0.003057589133580526,-0.0026313058866394884,0.00924741244150532,30
E,D,state_history,all,future/3ps/block_mean,3,-0.0596364639285538,-0.06967092393138619,-0.05009575704768025,30
E,D,state_history,all,future/3ps/bond_order,3,-0.07539721859825982,-0.09294543731957672,-0.060043286743263424,30
E,D,state_history,all,future/3ps/instantaneous_TDA_H0,3,-0.09542739358213215,-0.12205462584065065,-0.06828487504894536,30
E,D,state_history,all,future/3ps/instantaneous_TDA_H1,3,-0.08135873302817344,-0.1013214238339828,-0.06260675209057,30
E,D,state_history,all,future/3ps/instantaneous_TDA_H2,3,-0.07710359858142006,-0.09328525798602237,-0.06225568900091781,30
E,D,state_history,all,future/3ps/motion_even,3,-0.032407286763191226,-0.06104673594236375,-0.006795902873079007,30
E,D,state_history,all,future/3ps/motion_odd,3,0.0038754469818539088,-0.0013473397658930889,0.00931460698445638,30
E,D,state_history,all,future/9ps/block_mean,3,-0.053892933046100315,-0.06326325386848852,-0.04513641671881217,30
E,D,state_history,all,future/9ps/bond_order,3,-0.06864040891329447,-0.0843874352839258,-0.053137693905995986,30
E,D,state_history,all,future/9ps/instantaneous_TDA_H0,3,-0.08463551807734702,-0.10968466379576262,-0.059896242144621074,30
E,D,state_history,all,future/9ps/instantaneous_TDA_H1,3,-0.08101631854143407,-0.10393919523287978,-0.06127559671074982,30
E,D,state_history,all,future/9ps/instantaneous_TDA_H2,3,-0.08098792764875623,-0.10183126251316735,-0.0635121400261091,30
E,D,state_history,all,future/9ps/motion_even,3,-0.021357970436414082,-0.05366433608035246,0.009354489213890498,30
E,D,state_history,all,future/9ps/motion_odd,3,0.013280545340643986,0.005218386186493767,0.021968085865179694,30
E,D,state_history,all,path/0.75ps/mean_std_qbar6,3,-0.06457193868700414,-0.07944021728491253,-0.05058624453849109,30
E,D,state_history,all,path/3ps/mean_std_qbar6,3,-0.0648288830752588,-0.0813334736291371,-0.050966418927613034,30
E,D,state_history,all,path/9ps/mean_std_qbar6,3,-0.06546804037772946,-0.08206113105471659,-0.05058123338780003,30
E,D,state_history,all,present/block_mean,3,-0.0587603619184207,-0.07163327119537387,-0.04702660552519201,30
E,D,state_history,all,present/bond_order,3,-0.07687831860449577,-0.09579480006049076,-0.06005668913738595,30
E,D,state_history,all,present/instantaneous_TDA_H0,3,-0.08227746735016504,-0.10887901721315252,-0.05605110796375409,30
E,D,state_history,all,present/instantaneous_TDA_H1,3,-0.0860326278126902,-0.11101674021739098,-0.06312091460348004,30
E,D,state_history,all,present/instantaneous_TDA_H2,3,-0.0765750490128994,-0.09529796693887974,-0.059635634593044724,30
E,D,state_history,all,present/motion_even,3,-0.03760044044918485,-0.07730711751514008,-0.0007966262102127072,30
E,D,state_history,all,present/motion_odd,3,0.0068017317189110645,-0.0050322931342654765,0.01836463280849986,30
E,D,state_history,all,temporal/0.75ps/covariance_trace,3,-4.559708517127567,-5.667586073146925,-3.5715091985795233,30
E,D,state_history,all,temporal/0.75ps/increment_p95,3,-1.2687382928861513,-1.5489091223809452,-0.9886818470193278,30
E,D,state_history,all,temporal/0.75ps/increment_rms,3,-0.7262821442551082,-0.8868774267368846,-0.5716000741223494,30
E,D,state_history,all,temporal/0.75ps/normalized_rms_jump,3,-0.0006148105890680257,-0.03081705933364527,0.03205343565692861,30
E,D,state_history,at_risk,hazard/bin0/brier,3,0.000412823985824515,-0.0007068051632586501,0.0017282490084034562,24
E,D,state_history,at_risk,hazard/bin1/brier,3,0.000864138884834473,-0.0019251310626208981,0.004383509179021732,24
E,D,state_history,at_risk,hazard/bin2/brier,3,-0.00254446713491537,-0.009834309824267017,0.005787005566617149,24
E,D,state_history,at_risk,hazard/nll,3,-0.027155275585957702,-0.04400567392100735,-0.007072749759471598,24
E,D,state_history,low_order,delta/0.75ps/block_mean,3,0.0009081685440797496,-0.0018995702248431787,0.004106815866943382,17
E,D,state_history,low_order,delta/0.75ps/bond_order,3,0.006148421735155817,0.004405024227704488,0.007985365836351526,17
E,D,state_history,low_order,delta/0.75ps/instantaneous_TDA_H0,3,0.00251646675899917,-0.0004147390780203484,0.00508828339550425,17
E,D,state_history,low_order,delta/0.75ps/instantaneous_TDA_H1,3,-0.001324811475534065,-0.0026146366187900887,-5.2319392196691287e-05,17
E,D,state_history,low_order,delta/0.75ps/instantaneous_TDA_H2,3,-0.0030501300797742955,-0.0037688384818680143,-0.002412359259438281,17
E,D,state_history,low_order,delta/0.75ps/motion_even,3,-0.005265142403396907,-0.016660520317507723,0.005057512077630734,17
E,D,state_history,low_order,delta/0.75ps/motion_odd,3,0.006424206729028737,-0.010840183072814757,0.030562189235991074,17
E,D,state_history,low_order,delta/3ps/block_mean,3,0.000884586324294407,-0.002270044796047069,0.003719342947980155,17
E,D,state_history,low_order,delta/3ps/bond_order,3,0.00808105720024483,0.006364029667833272,0.009761892459994436,17
E,D,state_history,low_order,delta/3ps/instantaneous_TDA_H0,3,0.0055161223692052515,0.0032324103602007323,0.008017432733493687,17
E,D,state_history,low_order,delta/3ps/instantaneous_TDA_H1,3,-0.0011944981182322786,-0.003416257450247513,0.0009057969329696056,17
E,D,state_history,low_order,delta/3ps/instantaneous_TDA_H2,3,-0.0026762577540734235,-0.0042189559004470415,-0.001091040882701968,17
E,D,state_history,low_order,delta/3ps/motion_even,3,0.0070799659280216,-0.006617176299001655,0.02015164129289923,17
E,D,state_history,low_order,delta/3ps/motion_odd,3,-0.011498871679399527,-0.025226103572868832,0.00042732796248267507,17
E,D,state_history,low_order,delta/9ps/block_mean,3,-0.0006097768451653406,-0.0033393589804083107,0.0022122618310104654,17
E,D,state_history,low_order,delta/9ps/bond_order,3,0.009078898996699091,0.004832322336733342,0.01306781455436173,17
E,D,state_history,low_order,delta/9ps/instantaneous_TDA_H0,3,0.003253889580567678,0.0013742988673495313,0.00526852609918398,17
E,D,state_history,low_order,delta/9ps/instantaneous_TDA_H1,3,-0.0021763628750455146,-0.003956591438355983,-0.000407835023075928,17
E,D,state_history,low_order,delta/9ps/instantaneous_TDA_H2,3,-0.002888478923077677,-0.004149957366433798,-0.0015905959276007696,17
E,D,state_history,low_order,delta/9ps/motion_even,3,0.002962300006081075,-0.012519599351228454,0.017663914549584478,17
E,D,state_history,low_order,delta/9ps/motion_odd,3,-0.013888907856216617,-0.022397558215786432,-0.004494036135135922,17
E,D,state_history,low_order,future/0.75ps/block_mean,3,-0.06233939825514563,-0.07769038000515377,-0.04763083065999979,17
E,D,state_history,low_order,future/0.75ps/bond_order,3,-0.07291953119577146,-0.09186403656414911,-0.056506204879020965,17
E,D,state_history,low_order,future/0.75ps/instantaneous_TDA_H0,3,-0.09381985021572488,-0.13586885714355634,-0.05123537759497473,17
E,D,state_history,low_order,future/0.75ps/instantaneous_TDA_H1,3,-0.09915130439342236,-0.13875841652499693,-0.06130716456282958,17
E,D,state_history,low_order,future/0.75ps/instantaneous_TDA_H2,3,-0.08622595770101922,-0.10716505444736456,-0.06854380532441771,17
E,D,state_history,low_order,future/0.75ps/motion_even,3,-0.029071030079149733,-0.07113481681136524,0.013850683324477232,17
E,D,state_history,low_order,future/0.75ps/motion_odd,3,0.007151284054213879,-0.0037063754510645777,0.01877950551170928,17
E,D,state_history,low_order,future/3ps/block_mean,3,-0.06981937540999425,-0.08326736894052697,-0.05777030982978009,17
E,D,state_history,low_order,future/3ps/bond_order,3,-0.07691410359214335,-0.10223158147259084,-0.057228396606503765,17
E,D,state_history,low_order,future/3ps/instantaneous_TDA_H0,3,-0.12109654425990349,-0.16345800832279173,-0.07737310001370956,17
E,D,state_history,low_order,future/3ps/instantaneous_TDA_H1,3,-0.1001108468455427,-0.14011311723540226,-0.0662731647235798,17
E,D,state_history,low_order,future/3ps/instantaneous_TDA_H2,3,-0.09840122785638361,-0.134490120958756,-0.07035943538900098,17
E,D,state_history,low_order,future/3ps/motion_even,3,-0.025373972514096427,-0.08188821725985583,0.034844655791918394,17
E,D,state_history,low_order,future/3ps/motion_odd,3,0.002980442608104032,-0.007466529806454977,0.013708157895826825,17
E,D,state_history,low_order,future/9ps/block_mean,3,-0.061647490141730675,-0.07295711640560744,-0.04865733825668595,17
E,D,state_history,low_order,future/9ps/bond_order,3,-0.06899592046644175,-0.08619415998166684,-0.05037138296985161,17
E,D,state_history,low_order,future/9ps/instantaneous_TDA_H0,3,-0.11692902635709912,-0.15450657582020058,-0.08155904575159738,17
E,D,state_history,low_order,future/9ps/instantaneous_TDA_H1,3,-0.08930660492064907,-0.11997930733304399,-0.061332169642635444,17
E,D,state_history,low_order,future/9ps/instantaneous_TDA_H2,3,-0.09350186812819218,-0.11799455170757045,-0.0695661207186241,17
E,D,state_history,low_order,future/9ps/motion_even,3,-0.014224990910174803,-0.07055423597202581,0.04232395406739382,17
E,D,state_history,low_order,future/9ps/motion_odd,3,0.01307346993217281,0.003115405671882863,0.025205055660769044,17
E,D,state_history,low_order,path/0.75ps/mean_std_qbar6,3,-0.06744284071393457,-0.08827080456539989,-0.0453325524232259,17
E,D,state_history,low_order,path/3ps/mean_std_qbar6,3,-0.07109489990398288,-0.08932638737286312,-0.05141048361136415,17
E,D,state_history,low_order,path/9ps/mean_std_qbar6,3,-0.07408731224417103,-0.09440019714335601,-0.05082072289295349,17
E,D,state_history,low_order,present/block_mean,3,-0.06816716270606502,-0.08228789167387374,-0.05301644900917181,17
E,D,state_history,low_order,present/bond_order,3,-0.07477748394012453,-0.11092939976894971,-0.05032567139714956,17
E,D,state_history,low_order,present/instantaneous_TDA_H0,3,-0.09946151099660819,-0.14197670609197194,-0.05647277819431004,17
E,D,state_history,low_order,present/instantaneous_TDA_H1,3,-0.0919192585290647,-0.13063291534781457,-0.05472543919641598,17
E,D,state_history,low_order,present/instantaneous_TDA_H2,3,-0.08783836903817513,-0.12390084545694145,-0.05711708928220997,17
E,D,state_history,low_order,present/motion_even,3,-0.06090592812089359,-0.12603893280029296,0.00010135416306700926,17
E,D,state_history,low_order,present/motion_odd,3,0.005899574388475978,-0.010420318243696408,0.023950437558632253,17
E,D,state_history,low_order,temporal/0.75ps/covariance_trace,3,-3.7157222827275596,-4.656590037420392,-2.8113510922839247,16
E,D,state_history,low_order,temporal/0.75ps/increment_p95,3,-1.2209258509799836,-1.639474492322964,-0.7686937086377295,16
E,D,state_history,low_order,temporal/0.75ps/increment_rms,3,-0.7364026270806789,-0.9569526382411521,-0.5090838121250277,16
E,D,state_history,low_order,temporal/0.75ps/normalized_rms_jump,3,0.01944827709392969,-0.016387403121280616,0.05511431864099357,16
