metric,value
frame_00_Al_encoder.collapse.effective_rank,7.8402671610858725
frame_00_Al_encoder.collapse.variance,1.4481851465354842
frame_00_Al_encoder.collapse.pair_rms,1.7018725842644533
frame_00_Al_encoder.liquid_collapse.effective_rank,7.89686354765797
frame_00_Al_encoder.liquid_collapse.variance,1.1885523047144453
frame_00_Al_encoder.liquid_collapse.pair_rms,1.5417861750025166
frame_00_Al_encoder.reference_coverage.liquid_fraction,0.9658203125
frame_00_Al_encoder.reference_coverage.cutoff_stable_fraction,0.939453125
frame_00_Al_encoder.context.counts.0.train,583
frame_00_Al_encoder.context.counts.0.test,579
frame_00_Al_encoder.context.counts.1.train,0
frame_00_Al_encoder.context.counts.1.test,0
frame_00_Al_encoder.context.counts.2.train,58
frame_00_Al_encoder.context.counts.2.test,55
frame_00_Al_encoder.context.counts.3.train,0
frame_00_Al_encoder.context.counts.3.test,4
frame_00_Al_encoder.context.counts.4.train,0
frame_00_Al_encoder.context.counts.4.test,0
frame_00_Al_encoder.context.counts.5.train,851
frame_00_Al_encoder.context.counts.5.test,871
frame_00_Al_encoder.context.counts.6.train,379
frame_00_Al_encoder.context.counts.6.test,376
frame_00_Al_encoder.context.test_coverage,0.9978779840848806
frame_00_Al_encoder.context.balanced_accuracy,0.48617608229838116
frame_00_Al_encoder.context.ap.0,0.4957360416679991
frame_00_Al_encoder.context.ap.1,
frame_00_Al_encoder.context.ap.2,0.26407438238578995
frame_00_Al_encoder.context.ap.3,
frame_00_Al_encoder.context.ap.4,
frame_00_Al_encoder.context.ap.5,0.7154232501301414
frame_00_Al_encoder.context.ap.6,0.3516061634991032
frame_00_Al_encoder.ptm.counts.0.train,1828
frame_00_Al_encoder.ptm.counts.0.test,1838
frame_00_Al_encoder.ptm.counts.1.train,9
frame_00_Al_encoder.ptm.counts.1.test,7
frame_00_Al_encoder.ptm.counts.2.train,9
frame_00_Al_encoder.ptm.counts.2.test,16
frame_00_Al_encoder.ptm.counts.3.train,0
frame_00_Al_encoder.ptm.counts.3.test,0
frame_00_Al_encoder.ptm.counts.4.train,25
frame_00_Al_encoder.ptm.counts.4.test,24
frame_00_Al_encoder.ptm.test_coverage,0.9877984084880637
frame_00_Al_encoder.ptm.balanced_accuracy,0.8032508161044614
frame_00_Al_encoder.ptm.ap.0,0.9597851158242632
frame_00_Al_encoder.ptm.ap.1,
frame_00_Al_encoder.ptm.ap.2,
frame_00_Al_encoder.ptm.ap.3,
frame_00_Al_encoder.ptm.ap.4,0.4494154790618228
frame_00_Al_encoder.liquid_order.train_count,1813
frame_00_Al_encoder.liquid_order.test_count,1826
frame_00_Al_encoder.liquid_order.conditional_r2_gain,0.18471992015838623
frame_00_Al_encoder.liquid_order.mean_r2,0.21764516830444336
frame_00_Al_encoder.context_cutoff_008.counts.0.train,583
frame_00_Al_encoder.context_cutoff_008.counts.0.test,580
frame_00_Al_encoder.context_cutoff_008.counts.1.train,0
frame_00_Al_encoder.context_cutoff_008.counts.1.test,0
frame_00_Al_encoder.context_cutoff_008.counts.2.train,20
frame_00_Al_encoder.context_cutoff_008.counts.2.test,19
frame_00_Al_encoder.context_cutoff_008.counts.3.train,0
frame_00_Al_encoder.context_cutoff_008.counts.3.test,4
frame_00_Al_encoder.context_cutoff_008.counts.4.train,0
frame_00_Al_encoder.context_cutoff_008.counts.4.test,0
frame_00_Al_encoder.context_cutoff_008.counts.5.train,854
frame_00_Al_encoder.context_cutoff_008.counts.5.test,874
frame_00_Al_encoder.context_cutoff_008.counts.6.train,414
frame_00_Al_encoder.context_cutoff_008.counts.6.test,408
frame_00_Al_encoder.context_cutoff_008.test_coverage,0.9978779840848806
frame_00_Al_encoder.context_cutoff_008.balanced_accuracy,0.5032609565960053
frame_00_Al_encoder.context_cutoff_008.ap.0,0.4953334970043808
frame_00_Al_encoder.context_cutoff_008.ap.1,
frame_00_Al_encoder.context_cutoff_008.ap.2,
frame_00_Al_encoder.context_cutoff_008.ap.3,
frame_00_Al_encoder.context_cutoff_008.ap.4,
frame_00_Al_encoder.context_cutoff_008.ap.5,0.7196102136436442
frame_00_Al_encoder.context_cutoff_008.ap.6,0.4518370653724326
frame_00_Al_encoder.context_cutoff_010.counts.0.train,583
frame_00_Al_encoder.context_cutoff_010.counts.0.test,579
frame_00_Al_encoder.context_cutoff_010.counts.1.train,0
frame_00_Al_encoder.context_cutoff_010.counts.1.test,0
frame_00_Al_encoder.context_cutoff_010.counts.2.train,58
frame_00_Al_encoder.context_cutoff_010.counts.2.test,55
frame_00_Al_encoder.context_cutoff_010.counts.3.train,0
frame_00_Al_encoder.context_cutoff_010.counts.3.test,4
frame_00_Al_encoder.context_cutoff_010.counts.4.train,0
frame_00_Al_encoder.context_cutoff_010.counts.4.test,0
frame_00_Al_encoder.context_cutoff_010.counts.5.train,851
frame_00_Al_encoder.context_cutoff_010.counts.5.test,871
frame_00_Al_encoder.context_cutoff_010.counts.6.train,379
frame_00_Al_encoder.context_cutoff_010.counts.6.test,376
frame_00_Al_encoder.context_cutoff_010.test_coverage,0.9978779840848806
frame_00_Al_encoder.context_cutoff_010.balanced_accuracy,0.48617608229838116
frame_00_Al_encoder.context_cutoff_010.ap.0,0.4957360416679991
frame_00_Al_encoder.context_cutoff_010.ap.1,
frame_00_Al_encoder.context_cutoff_010.ap.2,0.26407438238578995
frame_00_Al_encoder.context_cutoff_010.ap.3,
frame_00_Al_encoder.context_cutoff_010.ap.4,
frame_00_Al_encoder.context_cutoff_010.ap.5,0.7154232501301414
frame_00_Al_encoder.context_cutoff_010.ap.6,0.3516061634991032
frame_00_Al_encoder.context_cutoff_012.counts.0.train,574
frame_00_Al_encoder.context_cutoff_012.counts.0.test,576
frame_00_Al_encoder.context_cutoff_012.counts.1.train,1
frame_00_Al_encoder.context_cutoff_012.counts.1.test,0
frame_00_Al_encoder.context_cutoff_012.counts.2.train,140
frame_00_Al_encoder.context_cutoff_012.counts.2.test,124
frame_00_Al_encoder.context_cutoff_012.counts.3.train,0
frame_00_Al_encoder.context_cutoff_012.counts.3.test,4
frame_00_Al_encoder.context_cutoff_012.counts.4.train,0
frame_00_Al_encoder.context_cutoff_012.counts.4.test,0
frame_00_Al_encoder.context_cutoff_012.counts.5.train,840
frame_00_Al_encoder.context_cutoff_012.counts.5.test,861
frame_00_Al_encoder.context_cutoff_012.counts.6.train,316
frame_00_Al_encoder.context_cutoff_012.counts.6.test,320
frame_00_Al_encoder.context_cutoff_012.test_coverage,0.9978779840848806
frame_00_Al_encoder.context_cutoff_012.balanced_accuracy,0.4719293839683788
frame_00_Al_encoder.context_cutoff_012.ap.0,0.48304137380560774
frame_00_Al_encoder.context_cutoff_012.ap.1,
frame_00_Al_encoder.context_cutoff_012.ap.2,0.34221906941004065
frame_00_Al_encoder.context_cutoff_012.ap.3,
frame_00_Al_encoder.context_cutoff_012.ap.4,
frame_00_Al_encoder.context_cutoff_012.ap.5,0.7143294493433119
frame_00_Al_encoder.context_cutoff_012.ap.6,0.2678674717345503
frame_00_Al_encoder.planar_fault.counts.0.train,1862
frame_00_Al_encoder.planar_fault.counts.0.test,1869
frame_00_Al_encoder.planar_fault.counts.1.train,9
frame_00_Al_encoder.planar_fault.counts.1.test,12
frame_00_Al_encoder.planar_fault.counts.2.train,0
frame_00_Al_encoder.planar_fault.counts.2.test,1
frame_00_Al_encoder.planar_fault.counts.3.train,0
frame_00_Al_encoder.planar_fault.counts.3.test,2
frame_00_Al_encoder.planar_fault.counts.4.train,0
frame_00_Al_encoder.planar_fault.counts.4.test,1
frame_00_Al_encoder.planar_fault.test_coverage,0.9915119363395225
frame_00_Al_encoder.planar_fault.balanced_accuracy,
frame_00_Al_encoder.spatial.auc,0.48816129584804113
frame_00_Al_encoder.spatial.pairs,1709
frame_00_Al_encoder.spatial.changed_pairs,927
frame_00_Al_encoder.spatial.bins,5
frame_00_Al_encoder.spatial.same_label_normalized_distance,0.9135656612222526
frame_00_Al_encoder.nonbulk_spatial.auc,0.48816129584804113
frame_00_Al_encoder.nonbulk_spatial.pairs,1709
frame_00_Al_encoder.nonbulk_spatial.changed_pairs,927
frame_00_Al_encoder.nonbulk_spatial.bins,5
frame_00_Al_encoder.nonbulk_spatial.same_label_normalized_distance,0.9135656612222526
frame_00_Al_encoder.shuffled_spatial.auc,0.47777463454768976
frame_00_Al_encoder.shuffled_spatial.pairs,1709
frame_00_Al_encoder.shuffled_spatial.changed_pairs,927
frame_00_Al_encoder.shuffled_spatial.bins,5
frame_00_Al_encoder.shuffled_spatial.same_label_normalized_distance,0.926253289539195
frame_00_Al_encoder.collapsed_spatial.auc,0.5
frame_00_Al_encoder.collapsed_spatial.pairs,1709
frame_00_Al_encoder.collapsed_spatial.changed_pairs,927
frame_00_Al_encoder.collapsed_spatial.bins,5
frame_00_Al_encoder.collapsed_spatial.same_label_normalized_distance,
frame_00_Al_encoder.liquid_topology.train_count,444
frame_00_Al_encoder.liquid_topology.test_count,461
frame_00_Al_encoder.liquid_topology.conditional_r2_gain,-0.5005970001220703
frame_00_Al_encoder.liquid_topology.mean_r2,-0.5034762620925903
frame_00_Al_encoder.nonbulk_cluster_ami,0.06357753550590789
frame_00_Al_encoder.continuity.0.0001.pair_rms,1.9236998858691547
frame_00_Al_encoder.continuity.0.0001.normalized_median,0.00035663327922701925
frame_00_Al_encoder.continuity.0.0001.normalized_p95,0.07528267976725198
frame_00_Al_encoder.continuity.0.01.pair_rms,1.9236998858691547
frame_00_Al_encoder.continuity.0.01.normalized_median,0.22880259147739587
frame_00_Al_encoder.continuity.0.01.normalized_p95,0.4919869284912991
frame_00_Al_encoder.continuity.0.1.pair_rms,1.9236998858691547
frame_00_Al_encoder.continuity.0.1.normalized_median,0.5777779078333584
frame_00_Al_encoder.continuity.0.1.normalized_p95,0.849969008534393
frame_00_Al_encoder.triad_index_switch_fraction_1e4_A,0.00146484375
frame_00_Al_projector.collapse.effective_rank,1.874999800485894
frame_00_Al_projector.collapse.variance,4.0166774043032225
frame_00_Al_projector.collapse.pair_rms,2.834317344371735
frame_00_Al_projector.liquid_collapse.effective_rank,1.1628748402840494
frame_00_Al_projector.liquid_collapse.variance,3.0595113544496386
frame_00_Al_projector.liquid_collapse.pair_rms,2.4736658442278086
frame_00_Al_projector.reference_coverage.liquid_fraction,0.9658203125
frame_00_Al_projector.reference_coverage.cutoff_stable_fraction,0.939453125
frame_00_Al_projector.context.counts.0.train,583
frame_00_Al_projector.context.counts.0.test,579
frame_00_Al_projector.context.counts.1.train,0
frame_00_Al_projector.context.counts.1.test,0
frame_00_Al_projector.context.counts.2.train,58
frame_00_Al_projector.context.counts.2.test,55
frame_00_Al_projector.context.counts.3.train,0
frame_00_Al_projector.context.counts.3.test,4
frame_00_Al_projector.context.counts.4.train,0
frame_00_Al_projector.context.counts.4.test,0
frame_00_Al_projector.context.counts.5.train,851
frame_00_Al_projector.context.counts.5.test,871
frame_00_Al_projector.context.counts.6.train,379
frame_00_Al_projector.context.counts.6.test,376
frame_00_Al_projector.context.test_coverage,0.9978779840848806
frame_00_Al_projector.context.balanced_accuracy,0.5102013126264698
frame_00_Al_projector.context.ap.0,0.43078202644014735
frame_00_Al_projector.context.ap.1,
frame_00_Al_projector.context.ap.2,0.37250351677285126
frame_00_Al_projector.context.ap.3,
frame_00_Al_projector.context.ap.4,
frame_00_Al_projector.context.ap.5,0.6763957746709085
frame_00_Al_projector.context.ap.6,0.3403743418223155
frame_00_Al_projector.ptm.counts.0.train,1828
frame_00_Al_projector.ptm.counts.0.test,1838
frame_00_Al_projector.ptm.counts.1.train,9
frame_00_Al_projector.ptm.counts.1.test,7
frame_00_Al_projector.ptm.counts.2.train,9
frame_00_Al_projector.ptm.counts.2.test,16
frame_00_Al_projector.ptm.counts.3.train,0
frame_00_Al_projector.ptm.counts.3.test,0
frame_00_Al_projector.ptm.counts.4.train,25
frame_00_Al_projector.ptm.counts.4.test,24
frame_00_Al_projector.ptm.test_coverage,0.9877984084880637
frame_00_Al_projector.ptm.balanced_accuracy,0.6939608269858542
frame_00_Al_projector.ptm.ap.0,0.9635263399418206
frame_00_Al_projector.ptm.ap.1,
frame_00_Al_projector.ptm.ap.2,
frame_00_Al_projector.ptm.ap.3,
frame_00_Al_projector.ptm.ap.4,0.12403048919729592
frame_00_Al_projector.liquid_order.train_count,1813
frame_00_Al_projector.liquid_order.test_count,1826
frame_00_Al_projector.liquid_order.conditional_r2_gain,0.1426417976617813
frame_00_Al_projector.liquid_order.mean_r2,0.16449914872646332
frame_00_Al_projector.context_cutoff_008.counts.0.train,583
frame_00_Al_projector.context_cutoff_008.counts.0.test,580
frame_00_Al_projector.context_cutoff_008.counts.1.train,0
frame_00_Al_projector.context_cutoff_008.counts.1.test,0
frame_00_Al_projector.context_cutoff_008.counts.2.train,20
frame_00_Al_projector.context_cutoff_008.counts.2.test,19
frame_00_Al_projector.context_cutoff_008.counts.3.train,0
frame_00_Al_projector.context_cutoff_008.counts.3.test,4
frame_00_Al_projector.context_cutoff_008.counts.4.train,0
frame_00_Al_projector.context_cutoff_008.counts.4.test,0
frame_00_Al_projector.context_cutoff_008.counts.5.train,854
frame_00_Al_projector.context_cutoff_008.counts.5.test,874
frame_00_Al_projector.context_cutoff_008.counts.6.train,414
frame_00_Al_projector.context_cutoff_008.counts.6.test,408
frame_00_Al_projector.context_cutoff_008.test_coverage,0.9978779840848806
frame_00_Al_projector.context_cutoff_008.balanced_accuracy,0.506008073749503
frame_00_Al_projector.context_cutoff_008.ap.0,0.4312809819527126
frame_00_Al_projector.context_cutoff_008.ap.1,
frame_00_Al_projector.context_cutoff_008.ap.2,
frame_00_Al_projector.context_cutoff_008.ap.3,
frame_00_Al_projector.context_cutoff_008.ap.4,
frame_00_Al_projector.context_cutoff_008.ap.5,0.6810852332589006
frame_00_Al_projector.context_cutoff_008.ap.6,0.4463951078442729
frame_00_Al_projector.context_cutoff_010.counts.0.train,583
frame_00_Al_projector.context_cutoff_010.counts.0.test,579
frame_00_Al_projector.context_cutoff_010.counts.1.train,0
frame_00_Al_projector.context_cutoff_010.counts.1.test,0
frame_00_Al_projector.context_cutoff_010.counts.2.train,58
frame_00_Al_projector.context_cutoff_010.counts.2.test,55
frame_00_Al_projector.context_cutoff_010.counts.3.train,0
frame_00_Al_projector.context_cutoff_010.counts.3.test,4
frame_00_Al_projector.context_cutoff_010.counts.4.train,0
frame_00_Al_projector.context_cutoff_010.counts.4.test,0
frame_00_Al_projector.context_cutoff_010.counts.5.train,851
frame_00_Al_projector.context_cutoff_010.counts.5.test,871
frame_00_Al_projector.context_cutoff_010.counts.6.train,379
frame_00_Al_projector.context_cutoff_010.counts.6.test,376
frame_00_Al_projector.context_cutoff_010.test_coverage,0.9978779840848806
frame_00_Al_projector.context_cutoff_010.balanced_accuracy,0.5102013126264698
frame_00_Al_projector.context_cutoff_010.ap.0,0.43078202644014735
frame_00_Al_projector.context_cutoff_010.ap.1,
frame_00_Al_projector.context_cutoff_010.ap.2,0.37250351677285126
frame_00_Al_projector.context_cutoff_010.ap.3,
frame_00_Al_projector.context_cutoff_010.ap.4,
frame_00_Al_projector.context_cutoff_010.ap.5,0.6763957746709085
frame_00_Al_projector.context_cutoff_010.ap.6,0.3403743418223155
frame_00_Al_projector.context_cutoff_012.counts.0.train,574
frame_00_Al_projector.context_cutoff_012.counts.0.test,576
frame_00_Al_projector.context_cutoff_012.counts.1.train,1
frame_00_Al_projector.context_cutoff_012.counts.1.test,0
frame_00_Al_projector.context_cutoff_012.counts.2.train,140
frame_00_Al_projector.context_cutoff_012.counts.2.test,124
frame_00_Al_projector.context_cutoff_012.counts.3.train,0
frame_00_Al_projector.context_cutoff_012.counts.3.test,4
frame_00_Al_projector.context_cutoff_012.counts.4.train,0
frame_00_Al_projector.context_cutoff_012.counts.4.test,0
frame_00_Al_projector.context_cutoff_012.counts.5.train,840
frame_00_Al_projector.context_cutoff_012.counts.5.test,861
frame_00_Al_projector.context_cutoff_012.counts.6.train,316
frame_00_Al_projector.context_cutoff_012.counts.6.test,320
frame_00_Al_projector.context_cutoff_012.test_coverage,0.9978779840848806
frame_00_Al_projector.context_cutoff_012.balanced_accuracy,0.47501925001248857
frame_00_Al_projector.context_cutoff_012.ap.0,0.4276245820466338
frame_00_Al_projector.context_cutoff_012.ap.1,
frame_00_Al_projector.context_cutoff_012.ap.2,0.4174324673780888
frame_00_Al_projector.context_cutoff_012.ap.3,
frame_00_Al_projector.context_cutoff_012.ap.4,
frame_00_Al_projector.context_cutoff_012.ap.5,0.6725312386464644
frame_00_Al_projector.context_cutoff_012.ap.6,0.27058216705262533
frame_00_Al_projector.planar_fault.counts.0.train,1862
frame_00_Al_projector.planar_fault.counts.0.test,1869
frame_00_Al_projector.planar_fault.counts.1.train,9
frame_00_Al_projector.planar_fault.counts.1.test,12
frame_00_Al_projector.planar_fault.counts.2.train,0
frame_00_Al_projector.planar_fault.counts.2.test,1
frame_00_Al_projector.planar_fault.counts.3.train,0
frame_00_Al_projector.planar_fault.counts.3.test,2
frame_00_Al_projector.planar_fault.counts.4.train,0
frame_00_Al_projector.planar_fault.counts.4.test,1
frame_00_Al_projector.planar_fault.test_coverage,0.9915119363395225
frame_00_Al_projector.planar_fault.balanced_accuracy,
frame_00_Al_projector.spatial.auc,0.5240897816928081
frame_00_Al_projector.spatial.pairs,1709
frame_00_Al_projector.spatial.changed_pairs,927
frame_00_Al_projector.spatial.bins,5
frame_00_Al_projector.spatial.same_label_normalized_distance,0.731941918523832
frame_00_Al_projector.nonbulk_spatial.auc,0.5240897816928081
frame_00_Al_projector.nonbulk_spatial.pairs,1709
frame_00_Al_projector.nonbulk_spatial.changed_pairs,927
frame_00_Al_projector.nonbulk_spatial.bins,5
frame_00_Al_projector.nonbulk_spatial.same_label_normalized_distance,0.731941918523832
frame_00_Al_projector.shuffled_spatial.auc,0.46790652225975343
frame_00_Al_projector.shuffled_spatial.pairs,1709
frame_00_Al_projector.shuffled_spatial.changed_pairs,927
frame_00_Al_projector.shuffled_spatial.bins,5
frame_00_Al_projector.shuffled_spatial.same_label_normalized_distance,0.8109915278145836
frame_00_Al_projector.collapsed_spatial.auc,0.5
frame_00_Al_projector.collapsed_spatial.pairs,1709
frame_00_Al_projector.collapsed_spatial.changed_pairs,927
frame_00_Al_projector.collapsed_spatial.bins,5
frame_00_Al_projector.collapsed_spatial.same_label_normalized_distance,
frame_00_Al_projector.liquid_topology.train_count,444
frame_00_Al_projector.liquid_topology.test_count,461
frame_00_Al_projector.liquid_topology.conditional_r2_gain,-0.08359408378601074
frame_00_Al_projector.liquid_topology.mean_r2,-0.08940926194190979
frame_00_Al_projector.nonbulk_cluster_ami,0.04184816993686506
frame_00_Al_projector.continuity.0.0001.pair_rms,3.4182320938869024
frame_00_Al_projector.continuity.0.0001.normalized_median,0.00025199913811837664
frame_00_Al_projector.continuity.0.0001.normalized_p95,0.031682642067537556
frame_00_Al_projector.continuity.0.01.pair_rms,3.4182320938869024
frame_00_Al_projector.continuity.0.01.normalized_median,0.10962569151543713
frame_00_Al_projector.continuity.0.01.normalized_p95,0.36183176728357275
frame_00_Al_projector.continuity.0.1.pair_rms,3.4182320938869024
frame_00_Al_projector.continuity.0.1.normalized_median,0.3020331257691839
frame_00_Al_projector.continuity.0.1.normalized_p95,0.8958980497279211
frame_00_Al_projector.triad_index_switch_fraction_1e4_A,0.00146484375
frame_01_Al_encoder.collapse.effective_rank,1.4416393856341854
frame_01_Al_encoder.collapse.variance,13.375140820482523
frame_01_Al_encoder.collapse.pair_rms,5.1720674435824066
frame_01_Al_encoder.liquid_collapse.effective_rank,7.772794640572393
frame_01_Al_encoder.liquid_collapse.variance,1.2425150214706653
frame_01_Al_encoder.liquid_collapse.pair_rms,1.5763978060570023
frame_01_Al_encoder.reference_coverage.liquid_fraction,0.7822265625
frame_01_Al_encoder.reference_coverage.cutoff_stable_fraction,0.9384765625
frame_01_Al_encoder.context.counts.0.train,498
frame_01_Al_encoder.context.counts.0.test,514
frame_01_Al_encoder.context.counts.1.train,238
frame_01_Al_encoder.context.counts.1.test,201
frame_01_Al_encoder.context.counts.2.train,124
frame_01_Al_encoder.context.counts.2.test,124
frame_01_Al_encoder.context.counts.3.train,25
frame_01_Al_encoder.context.counts.3.test,26
frame_01_Al_encoder.context.counts.4.train,0
frame_01_Al_encoder.context.counts.4.test,0
frame_01_Al_encoder.context.counts.5.train,654
frame_01_Al_encoder.context.counts.5.test,683
frame_01_Al_encoder.context.counts.6.train,323
frame_01_Al_encoder.context.counts.6.test,310
frame_01_Al_encoder.context.test_coverage,1.0
frame_01_Al_encoder.context.balanced_accuracy,0.67078223812697
frame_01_Al_encoder.context.ap.0,0.5118949494582765
frame_01_Al_encoder.context.ap.1,0.9976433077708458
frame_01_Al_encoder.context.ap.2,0.6545407421642532
frame_01_Al_encoder.context.ap.3,0.8794363144732332
frame_01_Al_encoder.context.ap.4,
frame_01_Al_encoder.context.ap.5,0.7202737901403715
frame_01_Al_encoder.context.ap.6,0.35108676905099817
frame_01_Al_encoder.ptm.counts.0.train,1527
frame_01_Al_encoder.ptm.counts.0.test,1561
frame_01_Al_encoder.ptm.counts.1.train,274
frame_01_Al_encoder.ptm.counts.1.test,237
frame_01_Al_encoder.ptm.counts.2.train,37
frame_01_Al_encoder.ptm.counts.2.test,38
frame_01_Al_encoder.ptm.counts.3.train,0
frame_01_Al_encoder.ptm.counts.3.test,0
frame_01_Al_encoder.ptm.counts.4.train,24
frame_01_Al_encoder.ptm.counts.4.test,22
frame_01_Al_encoder.ptm.test_coverage,1.0
frame_01_Al_encoder.ptm.balanced_accuracy,0.8569745620120108
frame_01_Al_encoder.ptm.ap.0,0.9976561229377441
frame_01_Al_encoder.ptm.ap.1,0.9920933670238505
frame_01_Al_encoder.ptm.ap.2,0.7581292672684105
frame_01_Al_encoder.ptm.ap.3,
frame_01_Al_encoder.ptm.ap.4,0.4595935577318755
frame_01_Al_encoder.liquid_order.train_count,1475
frame_01_Al_encoder.liquid_order.test_count,1507
frame_01_Al_encoder.liquid_order.conditional_r2_gain,0.1731942892074585
frame_01_Al_encoder.liquid_order.mean_r2,0.21334095299243927
frame_01_Al_encoder.context_cutoff_008.counts.0.train,499
frame_01_Al_encoder.context_cutoff_008.counts.0.test,517
frame_01_Al_encoder.context_cutoff_008.counts.1.train,237
frame_01_Al_encoder.context_cutoff_008.counts.1.test,199
frame_01_Al_encoder.context_cutoff_008.counts.2.train,93
frame_01_Al_encoder.context_cutoff_008.counts.2.test,83
frame_01_Al_encoder.context_cutoff_008.counts.3.train,25
frame_01_Al_encoder.context_cutoff_008.counts.3.test,26
frame_01_Al_encoder.context_cutoff_008.counts.4.train,0
frame_01_Al_encoder.context_cutoff_008.counts.4.test,0
frame_01_Al_encoder.context_cutoff_008.counts.5.train,657
frame_01_Al_encoder.context_cutoff_008.counts.5.test,686
frame_01_Al_encoder.context_cutoff_008.counts.6.train,351
frame_01_Al_encoder.context_cutoff_008.counts.6.test,347
frame_01_Al_encoder.context_cutoff_008.test_coverage,1.0
frame_01_Al_encoder.context_cutoff_008.balanced_accuracy,0.6967258478269215
frame_01_Al_encoder.context_cutoff_008.ap.0,0.5118062724306015
frame_01_Al_encoder.context_cutoff_008.ap.1,0.9978724880441849
frame_01_Al_encoder.context_cutoff_008.ap.2,0.7615147697371888
frame_01_Al_encoder.context_cutoff_008.ap.3,0.863256284221746
frame_01_Al_encoder.context_cutoff_008.ap.4,
frame_01_Al_encoder.context_cutoff_008.ap.5,0.7178805987489189
frame_01_Al_encoder.context_cutoff_008.ap.6,0.43928410246033306
frame_01_Al_encoder.context_cutoff_010.counts.0.train,498
frame_01_Al_encoder.context_cutoff_010.counts.0.test,514
frame_01_Al_encoder.context_cutoff_010.counts.1.train,238
frame_01_Al_encoder.context_cutoff_010.counts.1.test,201
frame_01_Al_encoder.context_cutoff_010.counts.2.train,124
frame_01_Al_encoder.context_cutoff_010.counts.2.test,124
frame_01_Al_encoder.context_cutoff_010.counts.3.train,25
frame_01_Al_encoder.context_cutoff_010.counts.3.test,26
frame_01_Al_encoder.context_cutoff_010.counts.4.train,0
frame_01_Al_encoder.context_cutoff_010.counts.4.test,0
frame_01_Al_encoder.context_cutoff_010.counts.5.train,654
frame_01_Al_encoder.context_cutoff_010.counts.5.test,683
frame_01_Al_encoder.context_cutoff_010.counts.6.train,323
frame_01_Al_encoder.context_cutoff_010.counts.6.test,310
frame_01_Al_encoder.context_cutoff_010.test_coverage,1.0
frame_01_Al_encoder.context_cutoff_010.balanced_accuracy,0.67078223812697
frame_01_Al_encoder.context_cutoff_010.ap.0,0.5118949494582765
frame_01_Al_encoder.context_cutoff_010.ap.1,0.9976433077708458
frame_01_Al_encoder.context_cutoff_010.ap.2,0.6545407421642532
frame_01_Al_encoder.context_cutoff_010.ap.3,0.8794363144732332
frame_01_Al_encoder.context_cutoff_010.ap.4,
frame_01_Al_encoder.context_cutoff_010.ap.5,0.7202737901403715
frame_01_Al_encoder.context_cutoff_010.ap.6,0.35108676905099817
frame_01_Al_encoder.context_cutoff_012.counts.0.train,493
frame_01_Al_encoder.context_cutoff_012.counts.0.test,512
frame_01_Al_encoder.context_cutoff_012.counts.1.train,242
frame_01_Al_encoder.context_cutoff_012.counts.1.test,207
frame_01_Al_encoder.context_cutoff_012.counts.2.train,192
frame_01_Al_encoder.context_cutoff_012.counts.2.test,192
frame_01_Al_encoder.context_cutoff_012.counts.3.train,25
frame_01_Al_encoder.context_cutoff_012.counts.3.test,26
frame_01_Al_encoder.context_cutoff_012.counts.4.train,0
frame_01_Al_encoder.context_cutoff_012.counts.4.test,0
frame_01_Al_encoder.context_cutoff_012.counts.5.train,643
frame_01_Al_encoder.context_cutoff_012.counts.5.test,674
frame_01_Al_encoder.context_cutoff_012.counts.6.train,267
frame_01_Al_encoder.context_cutoff_012.counts.6.test,247
frame_01_Al_encoder.context_cutoff_012.test_coverage,1.0
frame_01_Al_encoder.context_cutoff_012.balanced_accuracy,0.633312229699908
frame_01_Al_encoder.context_cutoff_012.ap.0,0.512664407555895
frame_01_Al_encoder.context_cutoff_012.ap.1,0.9967855861192016
frame_01_Al_encoder.context_cutoff_012.ap.2,0.6221726207481877
frame_01_Al_encoder.context_cutoff_012.ap.3,0.8863499087821338
frame_01_Al_encoder.context_cutoff_012.ap.4,
frame_01_Al_encoder.context_cutoff_012.ap.5,0.7119957697189314
frame_01_Al_encoder.context_cutoff_012.ap.6,0.2543488223948512
frame_01_Al_encoder.planar_fault.counts.0.train,1825
frame_01_Al_encoder.planar_fault.counts.0.test,1820
frame_01_Al_encoder.planar_fault.counts.1.train,12
frame_01_Al_encoder.planar_fault.counts.1.test,12
frame_01_Al_encoder.planar_fault.counts.2.train,2
frame_01_Al_encoder.planar_fault.counts.2.test,2
frame_01_Al_encoder.planar_fault.counts.3.train,23
frame_01_Al_encoder.planar_fault.counts.3.test,24
frame_01_Al_encoder.planar_fault.counts.4.train,0
frame_01_Al_encoder.planar_fault.counts.4.test,0
frame_01_Al_encoder.planar_fault.test_coverage,0.9924650161463939
frame_01_Al_encoder.planar_fault.balanced_accuracy,0.9572344322344322
frame_01_Al_encoder.planar_fault.ap.0,0.9980174601076137
frame_01_Al_encoder.planar_fault.ap.1,
frame_01_Al_encoder.planar_fault.ap.2,
frame_01_Al_encoder.planar_fault.ap.3,0.9368718337018695
frame_01_Al_encoder.planar_fault.ap.4,
frame_01_Al_encoder.spatial.auc,0.5298481561967774
frame_01_Al_encoder.spatial.pairs,1656
frame_01_Al_encoder.spatial.changed_pairs,798
frame_01_Al_encoder.spatial.bins,5
frame_01_Al_encoder.spatial.same_label_normalized_distance,0.30405672638199166
frame_01_Al_encoder.nonbulk_spatial.auc,0.4865598183937991
frame_01_Al_encoder.nonbulk_spatial.pairs,1457
frame_01_Al_encoder.nonbulk_spatial.changed_pairs,781
frame_01_Al_encoder.nonbulk_spatial.bins,5
frame_01_Al_encoder.nonbulk_spatial.same_label_normalized_distance,0.6454824290396541
frame_01_Al_encoder.shuffled_spatial.auc,0.5155643896642773
frame_01_Al_encoder.shuffled_spatial.pairs,1457
frame_01_Al_encoder.shuffled_spatial.changed_pairs,781
frame_01_Al_encoder.shuffled_spatial.bins,5
frame_01_Al_encoder.shuffled_spatial.same_label_normalized_distance,0.7130772007044632
frame_01_Al_encoder.collapsed_spatial.auc,0.5
frame_01_Al_encoder.collapsed_spatial.pairs,1457
frame_01_Al_encoder.collapsed_spatial.changed_pairs,781
frame_01_Al_encoder.collapsed_spatial.bins,5
frame_01_Al_encoder.collapsed_spatial.same_label_normalized_distance,
frame_01_Al_encoder.liquid_topology.train_count,393
frame_01_Al_encoder.liquid_topology.test_count,357
frame_01_Al_encoder.liquid_topology.conditional_r2_gain,-3002.568359375
frame_01_Al_encoder.liquid_topology.mean_r2,-2950.548828125
frame_01_Al_encoder.nonbulk_cluster_ami,0.16477164362412713
frame_01_Al_encoder.continuity.0.0001.pair_rms,5.318108685640459
frame_01_Al_encoder.continuity.0.0001.normalized_median,0.0001350812181014518
frame_01_Al_encoder.continuity.0.0001.normalized_p95,0.05710762701665518
frame_01_Al_encoder.continuity.0.01.pair_rms,5.318108685640459
frame_01_Al_encoder.continuity.0.01.normalized_median,0.09447687824905052
frame_01_Al_encoder.continuity.0.01.normalized_p95,0.2542382986562793
frame_01_Al_encoder.continuity.0.1.pair_rms,5.318108685640459
frame_01_Al_encoder.continuity.0.1.normalized_median,0.22563718865768984
frame_01_Al_encoder.continuity.0.1.normalized_p95,0.43521620771190167
frame_01_Al_encoder.triad_index_switch_fraction_1e4_A,0.00244140625
frame_01_Al_projector.collapse.effective_rank,3.0038582497230517
frame_01_Al_projector.collapse.variance,74.02456881300773
frame_01_Al_projector.collapse.pair_rms,12.167544436985446
frame_01_Al_projector.liquid_collapse.effective_rank,1.2408737897160111
frame_01_Al_projector.liquid_collapse.variance,3.2450130659121093
frame_01_Al_projector.liquid_collapse.pair_rms,2.5475529693853707
frame_01_Al_projector.reference_coverage.liquid_fraction,0.7822265625
frame_01_Al_projector.reference_coverage.cutoff_stable_fraction,0.9384765625
frame_01_Al_projector.context.counts.0.train,498
frame_01_Al_projector.context.counts.0.test,514
frame_01_Al_projector.context.counts.1.train,238
frame_01_Al_projector.context.counts.1.test,201
frame_01_Al_projector.context.counts.2.train,124
frame_01_Al_projector.context.counts.2.test,124
frame_01_Al_projector.context.counts.3.train,25
frame_01_Al_projector.context.counts.3.test,26
frame_01_Al_projector.context.counts.4.train,0
frame_01_Al_projector.context.counts.4.test,0
frame_01_Al_projector.context.counts.5.train,654
frame_01_Al_projector.context.counts.5.test,683
frame_01_Al_projector.context.counts.6.train,323
frame_01_Al_projector.context.counts.6.test,310
frame_01_Al_projector.context.test_coverage,1.0
frame_01_Al_projector.context.balanced_accuracy,0.6417275901783851
frame_01_Al_projector.context.ap.0,0.4175592629318601
frame_01_Al_projector.context.ap.1,0.9960979610531704
frame_01_Al_projector.context.ap.2,0.6863041126427082
frame_01_Al_projector.context.ap.3,0.747217460652638
frame_01_Al_projector.context.ap.4,
frame_01_Al_projector.context.ap.5,0.6618286824369557
frame_01_Al_projector.context.ap.6,0.32163529844782274
frame_01_Al_projector.ptm.counts.0.train,1527
frame_01_Al_projector.ptm.counts.0.test,1561
frame_01_Al_projector.ptm.counts.1.train,274
frame_01_Al_projector.ptm.counts.1.test,237
frame_01_Al_projector.ptm.counts.2.train,37
frame_01_Al_projector.ptm.counts.2.test,38
frame_01_Al_projector.ptm.counts.3.train,0
frame_01_Al_projector.ptm.counts.3.test,0
frame_01_Al_projector.ptm.counts.4.train,24
frame_01_Al_projector.ptm.counts.4.test,22
frame_01_Al_projector.ptm.test_coverage,1.0
frame_01_Al_projector.ptm.balanced_accuracy,0.8545798475247602
frame_01_Al_projector.ptm.ap.0,0.9954215294298532
frame_01_Al_projector.ptm.ap.1,0.9740979419618392
frame_01_Al_projector.ptm.ap.2,0.5419360064205465
frame_01_Al_projector.ptm.ap.3,
frame_01_Al_projector.ptm.ap.4,0.3793189267499136
frame_01_Al_projector.liquid_order.train_count,1475
frame_01_Al_projector.liquid_order.test_count,1507
frame_01_Al_projector.liquid_order.conditional_r2_gain,0.1509569138288498
frame_01_Al_projector.liquid_order.mean_r2,0.17808932065963745
frame_01_Al_projector.context_cutoff_008.counts.0.train,499
frame_01_Al_projector.context_cutoff_008.counts.0.test,517
frame_01_Al_projector.context_cutoff_008.counts.1.train,237
frame_01_Al_projector.context_cutoff_008.counts.1.test,199
frame_01_Al_projector.context_cutoff_008.counts.2.train,93
frame_01_Al_projector.context_cutoff_008.counts.2.test,83
frame_01_Al_projector.context_cutoff_008.counts.3.train,25
frame_01_Al_projector.context_cutoff_008.counts.3.test,26
frame_01_Al_projector.context_cutoff_008.counts.4.train,0
frame_01_Al_projector.context_cutoff_008.counts.4.test,0
frame_01_Al_projector.context_cutoff_008.counts.5.train,657
frame_01_Al_projector.context_cutoff_008.counts.5.test,686
frame_01_Al_projector.context_cutoff_008.counts.6.train,351
frame_01_Al_projector.context_cutoff_008.counts.6.test,347
frame_01_Al_projector.context_cutoff_008.test_coverage,1.0
frame_01_Al_projector.context_cutoff_008.balanced_accuracy,0.652948982584468
frame_01_Al_projector.context_cutoff_008.ap.0,0.4203289789003556
frame_01_Al_projector.context_cutoff_008.ap.1,0.9972447126217093
frame_01_Al_projector.context_cutoff_008.ap.2,0.7666158618922337
frame_01_Al_projector.context_cutoff_008.ap.3,0.7317257347372436
frame_01_Al_projector.context_cutoff_008.ap.4,
frame_01_Al_projector.context_cutoff_008.ap.5,0.6606205714719906
frame_01_Al_projector.context_cutoff_008.ap.6,0.43685926005483944
frame_01_Al_projector.context_cutoff_010.counts.0.train,498
frame_01_Al_projector.context_cutoff_010.counts.0.test,514
frame_01_Al_projector.context_cutoff_010.counts.1.train,238
frame_01_Al_projector.context_cutoff_010.counts.1.test,201
frame_01_Al_projector.context_cutoff_010.counts.2.train,124
frame_01_Al_projector.context_cutoff_010.counts.2.test,124
frame_01_Al_projector.context_cutoff_010.counts.3.train,25
frame_01_Al_projector.context_cutoff_010.counts.3.test,26
frame_01_Al_projector.context_cutoff_010.counts.4.train,0
frame_01_Al_projector.context_cutoff_010.counts.4.test,0
frame_01_Al_projector.context_cutoff_010.counts.5.train,654
frame_01_Al_projector.context_cutoff_010.counts.5.test,683
frame_01_Al_projector.context_cutoff_010.counts.6.train,323
frame_01_Al_projector.context_cutoff_010.counts.6.test,310
frame_01_Al_projector.context_cutoff_010.test_coverage,1.0
frame_01_Al_projector.context_cutoff_010.balanced_accuracy,0.6417275901783851
frame_01_Al_projector.context_cutoff_010.ap.0,0.4175592629318601
frame_01_Al_projector.context_cutoff_010.ap.1,0.9960979610531704
frame_01_Al_projector.context_cutoff_010.ap.2,0.6863041126427082
frame_01_Al_projector.context_cutoff_010.ap.3,0.747217460652638
frame_01_Al_projector.context_cutoff_010.ap.4,
frame_01_Al_projector.context_cutoff_010.ap.5,0.6618286824369557
frame_01_Al_projector.context_cutoff_010.ap.6,0.32163529844782274
frame_01_Al_projector.context_cutoff_012.counts.0.train,493
frame_01_Al_projector.context_cutoff_012.counts.0.test,512
frame_01_Al_projector.context_cutoff_012.counts.1.train,242
frame_01_Al_projector.context_cutoff_012.counts.1.test,207
frame_01_Al_projector.context_cutoff_012.counts.2.train,192
frame_01_Al_projector.context_cutoff_012.counts.2.test,192
frame_01_Al_projector.context_cutoff_012.counts.3.train,25
frame_01_Al_projector.context_cutoff_012.counts.3.test,26
frame_01_Al_projector.context_cutoff_012.counts.4.train,0
frame_01_Al_projector.context_cutoff_012.counts.4.test,0
frame_01_Al_projector.context_cutoff_012.counts.5.train,643
frame_01_Al_projector.context_cutoff_012.counts.5.test,674
frame_01_Al_projector.context_cutoff_012.counts.6.train,267
frame_01_Al_projector.context_cutoff_012.counts.6.test,247
frame_01_Al_projector.context_cutoff_012.test_coverage,1.0
frame_01_Al_projector.context_cutoff_012.balanced_accuracy,0.6321537972606367
frame_01_Al_projector.context_cutoff_012.ap.0,0.4155474991942472
frame_01_Al_projector.context_cutoff_012.ap.1,0.9952622804133946
frame_01_Al_projector.context_cutoff_012.ap.2,0.6504120618508057
frame_01_Al_projector.context_cutoff_012.ap.3,0.7542383807172593
frame_01_Al_projector.context_cutoff_012.ap.4,
frame_01_Al_projector.context_cutoff_012.ap.5,0.6589814032994682
frame_01_Al_projector.context_cutoff_012.ap.6,0.25267309677356536
frame_01_Al_projector.planar_fault.counts.0.train,1825
frame_01_Al_projector.planar_fault.counts.0.test,1820
frame_01_Al_projector.planar_fault.counts.1.train,12
frame_01_Al_projector.planar_fault.counts.1.test,12
frame_01_Al_projector.planar_fault.counts.2.train,2
frame_01_Al_projector.planar_fault.counts.2.test,2
frame_01_Al_projector.planar_fault.counts.3.train,23
frame_01_Al_projector.planar_fault.counts.3.test,24
frame_01_Al_projector.planar_fault.counts.4.train,0
frame_01_Al_projector.planar_fault.counts.4.test,0
frame_01_Al_projector.planar_fault.test_coverage,0.9924650161463939
frame_01_Al_projector.planar_fault.balanced_accuracy,0.9629578754578755
frame_01_Al_projector.planar_fault.ap.0,0.998062786034508
frame_01_Al_projector.planar_fault.ap.1,
frame_01_Al_projector.planar_fault.ap.2,
frame_01_Al_projector.planar_fault.ap.3,0.8026144602378958
frame_01_Al_projector.planar_fault.ap.4,
frame_01_Al_projector.spatial.auc,0.5316550376294101
frame_01_Al_projector.spatial.pairs,1656
frame_01_Al_projector.spatial.changed_pairs,798
frame_01_Al_projector.spatial.bins,5
frame_01_Al_projector.spatial.same_label_normalized_distance,0.23836891014465691
frame_01_Al_projector.nonbulk_spatial.auc,0.4861541544105783
frame_01_Al_projector.nonbulk_spatial.pairs,1457
frame_01_Al_projector.nonbulk_spatial.changed_pairs,781
frame_01_Al_projector.nonbulk_spatial.bins,5
frame_01_Al_projector.nonbulk_spatial.same_label_normalized_distance,0.3362866096610394
frame_01_Al_projector.shuffled_spatial.auc,0.5068739554195312
frame_01_Al_projector.shuffled_spatial.pairs,1457
frame_01_Al_projector.shuffled_spatial.changed_pairs,781
frame_01_Al_projector.shuffled_spatial.bins,5
frame_01_Al_projector.shuffled_spatial.same_label_normalized_distance,0.6506415101305467
frame_01_Al_projector.collapsed_spatial.auc,0.5
frame_01_Al_projector.collapsed_spatial.pairs,1457
frame_01_Al_projector.collapsed_spatial.changed_pairs,781
frame_01_Al_projector.collapsed_spatial.bins,5
frame_01_Al_projector.collapsed_spatial.same_label_normalized_distance,
frame_01_Al_projector.liquid_topology.train_count,393
frame_01_Al_projector.liquid_topology.test_count,357
frame_01_Al_projector.liquid_topology.conditional_r2_gain,-1709.3934326171875
frame_01_Al_projector.liquid_topology.mean_r2,-1692.255126953125
frame_01_Al_projector.nonbulk_cluster_ami,0.15612036522083622
frame_01_Al_projector.continuity.0.0001.pair_rms,11.851503084866662
frame_01_Al_projector.continuity.0.0001.normalized_median,8.767215320585571e-05
frame_01_Al_projector.continuity.0.0001.normalized_p95,0.021428005668000787
frame_01_Al_projector.continuity.0.01.pair_rms,11.851503084866662
frame_01_Al_projector.continuity.0.01.normalized_median,0.03899408122988973
frame_01_Al_projector.continuity.0.01.normalized_p95,0.16414658993267778
frame_01_Al_projector.continuity.0.1.pair_rms,11.851503084866662
frame_01_Al_projector.continuity.0.1.normalized_median,0.10251386682904731
frame_01_Al_projector.continuity.0.1.normalized_p95,0.3684583111315139
frame_01_Al_projector.triad_index_switch_fraction_1e4_A,0.00244140625
frame_02_Al_encoder.collapse.effective_rank,1.375657081685151
frame_02_Al_encoder.collapse.variance,22.818347702839084
frame_02_Al_encoder.collapse.pair_rms,6.755493720349251
frame_02_Al_encoder.liquid_collapse.effective_rank,7.763460013252823
frame_02_Al_encoder.liquid_collapse.variance,1.299095234822273
frame_02_Al_encoder.liquid_collapse.pair_rms,1.6118903404526457
frame_02_Al_encoder.reference_coverage.liquid_fraction,0.509033203125
frame_02_Al_encoder.reference_coverage.cutoff_stable_fraction,0.951904296875
frame_02_Al_encoder.context.counts.0.train,263
frame_02_Al_encoder.context.counts.0.test,337
frame_02_Al_encoder.context.counts.1.train,652
frame_02_Al_encoder.context.counts.1.test,563
frame_02_Al_encoder.context.counts.2.train,240
frame_02_Al_encoder.context.counts.2.test,211
frame_02_Al_encoder.context.counts.3.train,41
frame_02_Al_encoder.context.counts.3.test,50
frame_02_Al_encoder.context.counts.4.train,0
frame_02_Al_encoder.context.counts.4.test,0
frame_02_Al_encoder.context.counts.5.train,429
frame_02_Al_encoder.context.counts.5.test,525
frame_02_Al_encoder.context.counts.6.train,201
frame_02_Al_encoder.context.counts.6.test,224
frame_02_Al_encoder.context.test_coverage,1.0
frame_02_Al_encoder.context.balanced_accuracy,0.672782507614774
frame_02_Al_encoder.context.ap.0,0.4251748711317497
frame_02_Al_encoder.context.ap.1,0.9967746208865511
frame_02_Al_encoder.context.ap.2,0.8266827224800879
frame_02_Al_encoder.context.ap.3,0.9074788475087834
frame_02_Al_encoder.context.ap.4,
frame_02_Al_encoder.context.ap.5,0.7041439225847971
frame_02_Al_encoder.context.ap.6,0.3398229044431678
frame_02_Al_encoder.ptm.counts.0.train,1032
frame_02_Al_encoder.ptm.counts.0.test,1196
frame_02_Al_encoder.ptm.counts.1.train,734
frame_02_Al_encoder.ptm.counts.1.test,639
frame_02_Al_encoder.ptm.counts.2.train,52
frame_02_Al_encoder.ptm.counts.2.test,59
frame_02_Al_encoder.ptm.counts.3.train,0
frame_02_Al_encoder.ptm.counts.3.test,0
frame_02_Al_encoder.ptm.counts.4.train,8
frame_02_Al_encoder.ptm.counts.4.test,16
frame_02_Al_encoder.ptm.test_coverage,0.9916230366492147
frame_02_Al_encoder.ptm.balanced_accuracy,0.9150213939127969
frame_02_Al_encoder.ptm.ap.0,0.9703700926744769
frame_02_Al_encoder.ptm.ap.1,0.9936671224339677
frame_02_Al_encoder.ptm.ap.2,0.8229238943335877
frame_02_Al_encoder.ptm.ap.3,
frame_02_Al_encoder.ptm.ap.4,
frame_02_Al_encoder.liquid_order.train_count,893
frame_02_Al_encoder.liquid_order.test_count,1086
frame_02_Al_encoder.liquid_order.conditional_r2_gain,0.13528099656105042
frame_02_Al_encoder.liquid_order.mean_r2,0.1688794642686844
frame_02_Al_encoder.context_cutoff_008.counts.0.train,263
frame_02_Al_encoder.context_cutoff_008.counts.0.test,338
frame_02_Al_encoder.context_cutoff_008.counts.1.train,652
frame_02_Al_encoder.context_cutoff_008.counts.1.test,562
frame_02_Al_encoder.context_cutoff_008.counts.2.train,209
frame_02_Al_encoder.context_cutoff_008.counts.2.test,188
frame_02_Al_encoder.context_cutoff_008.counts.3.train,41
frame_02_Al_encoder.context_cutoff_008.counts.3.test,50
frame_02_Al_encoder.context_cutoff_008.counts.4.train,0
frame_02_Al_encoder.context_cutoff_008.counts.4.test,0
frame_02_Al_encoder.context_cutoff_008.counts.5.train,433
frame_02_Al_encoder.context_cutoff_008.counts.5.test,530
frame_02_Al_encoder.context_cutoff_008.counts.6.train,228
frame_02_Al_encoder.context_cutoff_008.counts.6.test,242
frame_02_Al_encoder.context_cutoff_008.test_coverage,1.0
frame_02_Al_encoder.context_cutoff_008.balanced_accuracy,0.6897894727103594
frame_02_Al_encoder.context_cutoff_008.ap.0,0.426719137696284
frame_02_Al_encoder.context_cutoff_008.ap.1,0.9964130492817435
frame_02_Al_encoder.context_cutoff_008.ap.2,0.8562773620979789
frame_02_Al_encoder.context_cutoff_008.ap.3,0.9004969691812404
frame_02_Al_encoder.context_cutoff_008.ap.4,
frame_02_Al_encoder.context_cutoff_008.ap.5,0.7073616635832495
frame_02_Al_encoder.context_cutoff_008.ap.6,0.38115555139431656
frame_02_Al_encoder.context_cutoff_010.counts.0.train,263
frame_02_Al_encoder.context_cutoff_010.counts.0.test,337
frame_02_Al_encoder.context_cutoff_010.counts.1.train,652
frame_02_Al_encoder.context_cutoff_010.counts.1.test,563
frame_02_Al_encoder.context_cutoff_010.counts.2.train,240
frame_02_Al_encoder.context_cutoff_010.counts.2.test,211
frame_02_Al_encoder.context_cutoff_010.counts.3.train,41
frame_02_Al_encoder.context_cutoff_010.counts.3.test,50
frame_02_Al_encoder.context_cutoff_010.counts.4.train,0
frame_02_Al_encoder.context_cutoff_010.counts.4.test,0
frame_02_Al_encoder.context_cutoff_010.counts.5.train,429
frame_02_Al_encoder.context_cutoff_010.counts.5.test,525
frame_02_Al_encoder.context_cutoff_010.counts.6.train,201
frame_02_Al_encoder.context_cutoff_010.counts.6.test,224
frame_02_Al_encoder.context_cutoff_010.test_coverage,1.0
frame_02_Al_encoder.context_cutoff_010.balanced_accuracy,0.672782507614774
frame_02_Al_encoder.context_cutoff_010.ap.0,0.4251748711317497
frame_02_Al_encoder.context_cutoff_010.ap.1,0.9967746208865511
frame_02_Al_encoder.context_cutoff_010.ap.2,0.8266827224800879
frame_02_Al_encoder.context_cutoff_010.ap.3,0.9074788475087834
frame_02_Al_encoder.context_cutoff_010.ap.4,
frame_02_Al_encoder.context_cutoff_010.ap.5,0.7041439225847971
frame_02_Al_encoder.context_cutoff_010.ap.6,0.3398229044431678
frame_02_Al_encoder.context_cutoff_012.counts.0.train,261
frame_02_Al_encoder.context_cutoff_012.counts.0.test,334
frame_02_Al_encoder.context_cutoff_012.counts.1.train,661
frame_02_Al_encoder.context_cutoff_012.counts.1.test,571
frame_02_Al_encoder.context_cutoff_012.counts.2.train,276
frame_02_Al_encoder.context_cutoff_012.counts.2.test,264
frame_02_Al_encoder.context_cutoff_012.counts.3.train,41
frame_02_Al_encoder.context_cutoff_012.counts.3.test,50
frame_02_Al_encoder.context_cutoff_012.counts.4.train,0
frame_02_Al_encoder.context_cutoff_012.counts.4.test,0
frame_02_Al_encoder.context_cutoff_012.counts.5.train,421
frame_02_Al_encoder.context_cutoff_012.counts.5.test,514
frame_02_Al_encoder.context_cutoff_012.counts.6.train,166
frame_02_Al_encoder.context_cutoff_012.counts.6.test,177
frame_02_Al_encoder.context_cutoff_012.test_coverage,1.0
frame_02_Al_encoder.context_cutoff_012.balanced_accuracy,0.6388024334756314
frame_02_Al_encoder.context_cutoff_012.ap.0,0.4317215192932957
frame_02_Al_encoder.context_cutoff_012.ap.1,0.9962767066840809
frame_02_Al_encoder.context_cutoff_012.ap.2,0.7467939602730284
frame_02_Al_encoder.context_cutoff_012.ap.3,0.9004827684674237
frame_02_Al_encoder.context_cutoff_012.ap.4,
frame_02_Al_encoder.context_cutoff_012.ap.5,0.6948735120363336
frame_02_Al_encoder.context_cutoff_012.ap.6,0.2313075230368466
frame_02_Al_encoder.planar_fault.counts.0.train,1774
frame_02_Al_encoder.planar_fault.counts.0.test,1851
frame_02_Al_encoder.planar_fault.counts.1.train,11
frame_02_Al_encoder.planar_fault.counts.1.test,9
frame_02_Al_encoder.planar_fault.counts.2.train,7
frame_02_Al_encoder.planar_fault.counts.2.test,3
frame_02_Al_encoder.planar_fault.counts.3.train,34
frame_02_Al_encoder.planar_fault.counts.3.test,47
frame_02_Al_encoder.planar_fault.counts.4.train,0
frame_02_Al_encoder.planar_fault.counts.4.test,0
frame_02_Al_encoder.planar_fault.test_coverage,0.993717277486911
frame_02_Al_encoder.planar_fault.balanced_accuracy,0.9023644493488281
frame_02_Al_encoder.planar_fault.ap.0,0.9967510479005606
frame_02_Al_encoder.planar_fault.ap.1,
frame_02_Al_encoder.planar_fault.ap.2,
frame_02_Al_encoder.planar_fault.ap.3,0.9065013210100212
frame_02_Al_encoder.planar_fault.ap.4,
frame_02_Al_encoder.spatial.auc,0.6265873322415928
frame_02_Al_encoder.spatial.pairs,1740
frame_02_Al_encoder.spatial.changed_pairs,639
frame_02_Al_encoder.spatial.bins,5
frame_02_Al_encoder.spatial.same_label_normalized_distance,0.2218881407389679
frame_02_Al_encoder.nonbulk_spatial.auc,0.4946463586620962
frame_02_Al_encoder.nonbulk_spatial.pairs,1169
frame_02_Al_encoder.nonbulk_spatial.changed_pairs,574
frame_02_Al_encoder.nonbulk_spatial.bins,5
frame_02_Al_encoder.nonbulk_spatial.same_label_normalized_distance,0.47344755279468337
frame_02_Al_encoder.shuffled_spatial.auc,0.5082025443500919
frame_02_Al_encoder.shuffled_spatial.pairs,1169
frame_02_Al_encoder.shuffled_spatial.changed_pairs,574
frame_02_Al_encoder.shuffled_spatial.bins,5
frame_02_Al_encoder.shuffled_spatial.same_label_normalized_distance,0.8169723253261457
frame_02_Al_encoder.collapsed_spatial.auc,0.5
frame_02_Al_encoder.collapsed_spatial.pairs,1169
frame_02_Al_encoder.collapsed_spatial.changed_pairs,574
frame_02_Al_encoder.collapsed_spatial.bins,5
frame_02_Al_encoder.collapsed_spatial.same_label_normalized_distance,
frame_02_Al_encoder.liquid_topology.train_count,218
frame_02_Al_encoder.liquid_topology.test_count,269
frame_02_Al_encoder.liquid_topology.conditional_r2_gain,-0.661186933517456
frame_02_Al_encoder.liquid_topology.mean_r2,-0.6643267869949341
frame_02_Al_encoder.nonbulk_cluster_ami,0.30076923165954284
frame_02_Al_encoder.continuity.0.0001.pair_rms,6.804884297369856
frame_02_Al_encoder.continuity.0.0001.normalized_median,0.00013186739111859528
frame_02_Al_encoder.continuity.0.0001.normalized_p95,0.062220563050905606
frame_02_Al_encoder.continuity.0.01.pair_rms,6.804884297369856
frame_02_Al_encoder.continuity.0.01.normalized_median,0.11420536962535577
frame_02_Al_encoder.continuity.0.01.normalized_p95,0.2215897453867171
frame_02_Al_encoder.continuity.0.1.pair_rms,6.804884297369856
frame_02_Al_encoder.continuity.0.1.normalized_median,0.2197606224797554
frame_02_Al_encoder.continuity.0.1.normalized_p95,0.406587169890458
frame_02_Al_encoder.triad_index_switch_fraction_1e4_A,0.00813802145421505
frame_02_Al_projector.collapse.effective_rank,2.9322246670303356
frame_02_Al_projector.collapse.variance,143.08799244379827
frame_02_Al_projector.collapse.pair_rms,16.916736827402516
frame_02_Al_projector.liquid_collapse.effective_rank,1.443748983547395
frame_02_Al_projector.liquid_collapse.variance,3.4456261903004823
frame_02_Al_projector.liquid_collapse.pair_rms,2.625119498346878
frame_02_Al_projector.reference_coverage.liquid_fraction,0.509033203125
frame_02_Al_projector.reference_coverage.cutoff_stable_fraction,0.951904296875
frame_02_Al_projector.context.counts.0.train,263
frame_02_Al_projector.context.counts.0.test,337
frame_02_Al_projector.context.counts.1.train,652
frame_02_Al_projector.context.counts.1.test,563
frame_02_Al_projector.context.counts.2.train,240
frame_02_Al_projector.context.counts.2.test,211
frame_02_Al_projector.context.counts.3.train,41
frame_02_Al_projector.context.counts.3.test,50
frame_02_Al_projector.context.counts.4.train,0
frame_02_Al_projector.context.counts.4.test,0
frame_02_Al_projector.context.counts.5.train,429
frame_02_Al_projector.context.counts.5.test,525
frame_02_Al_projector.context.counts.6.train,201
frame_02_Al_projector.context.counts.6.test,224
frame_02_Al_projector.context.test_coverage,1.0
frame_02_Al_projector.context.balanced_accuracy,0.670064925868393
frame_02_Al_projector.context.ap.0,0.40564334696370313
frame_02_Al_projector.context.ap.1,0.9958766501742218
frame_02_Al_projector.context.ap.2,0.797834348851713
frame_02_Al_projector.context.ap.3,0.8038707613321794
frame_02_Al_projector.context.ap.4,
frame_02_Al_projector.context.ap.5,0.677683096725806
frame_02_Al_projector.context.ap.6,0.4068660529381191
frame_02_Al_projector.ptm.counts.0.train,1032
frame_02_Al_projector.ptm.counts.0.test,1196
frame_02_Al_projector.ptm.counts.1.train,734
frame_02_Al_projector.ptm.counts.1.test,639
frame_02_Al_projector.ptm.counts.2.train,52
frame_02_Al_projector.ptm.counts.2.test,59
frame_02_Al_projector.ptm.counts.3.train,0
frame_02_Al_projector.ptm.counts.3.test,0
frame_02_Al_projector.ptm.counts.4.train,8
frame_02_Al_projector.ptm.counts.4.test,16
frame_02_Al_projector.ptm.test_coverage,0.9916230366492147
frame_02_Al_projector.ptm.balanced_accuracy,0.9065305909784721
frame_02_Al_projector.ptm.ap.0,0.9726483718418966
frame_02_Al_projector.ptm.ap.1,0.9888468013317421
frame_02_Al_projector.ptm.ap.2,0.6958667117215066
frame_02_Al_projector.ptm.ap.3,
frame_02_Al_projector.ptm.ap.4,
frame_02_Al_projector.liquid_order.train_count,893
frame_02_Al_projector.liquid_order.test_count,1086
frame_02_Al_projector.liquid_order.conditional_r2_gain,0.12496548891067505
frame_02_Al_projector.liquid_order.mean_r2,0.15176831185817719
frame_02_Al_projector.context_cutoff_008.counts.0.train,263
frame_02_Al_projector.context_cutoff_008.counts.0.test,338
frame_02_Al_projector.context_cutoff_008.counts.1.train,652
frame_02_Al_projector.context_cutoff_008.counts.1.test,562
frame_02_Al_projector.context_cutoff_008.counts.2.train,209
frame_02_Al_projector.context_cutoff_008.counts.2.test,188
frame_02_Al_projector.context_cutoff_008.counts.3.train,41
frame_02_Al_projector.context_cutoff_008.counts.3.test,50
frame_02_Al_projector.context_cutoff_008.counts.4.train,0
frame_02_Al_projector.context_cutoff_008.counts.4.test,0
frame_02_Al_projector.context_cutoff_008.counts.5.train,433
frame_02_Al_projector.context_cutoff_008.counts.5.test,530
frame_02_Al_projector.context_cutoff_008.counts.6.train,228
frame_02_Al_projector.context_cutoff_008.counts.6.test,242
frame_02_Al_projector.context_cutoff_008.test_coverage,1.0
frame_02_Al_projector.context_cutoff_008.balanced_accuracy,0.6830047912308648
frame_02_Al_projector.context_cutoff_008.ap.0,0.4102242005379989
frame_02_Al_projector.context_cutoff_008.ap.1,0.995934089656171
frame_02_Al_projector.context_cutoff_008.ap.2,0.8208836454617445
frame_02_Al_projector.context_cutoff_008.ap.3,0.8004182214358904
frame_02_Al_projector.context_cutoff_008.ap.4,
frame_02_Al_projector.context_cutoff_008.ap.5,0.6757189914677897
frame_02_Al_projector.context_cutoff_008.ap.6,0.4680460043131277
frame_02_Al_projector.context_cutoff_010.counts.0.train,263
frame_02_Al_projector.context_cutoff_010.counts.0.test,337
frame_02_Al_projector.context_cutoff_010.counts.1.train,652
frame_02_Al_projector.context_cutoff_010.counts.1.test,563
frame_02_Al_projector.context_cutoff_010.counts.2.train,240
frame_02_Al_projector.context_cutoff_010.counts.2.test,211
frame_02_Al_projector.context_cutoff_010.counts.3.train,41
frame_02_Al_projector.context_cutoff_010.counts.3.test,50
frame_02_Al_projector.context_cutoff_010.counts.4.train,0
frame_02_Al_projector.context_cutoff_010.counts.4.test,0
frame_02_Al_projector.context_cutoff_010.counts.5.train,429
frame_02_Al_projector.context_cutoff_010.counts.5.test,525
frame_02_Al_projector.context_cutoff_010.counts.6.train,201
frame_02_Al_projector.context_cutoff_010.counts.6.test,224
frame_02_Al_projector.context_cutoff_010.test_coverage,1.0
frame_02_Al_projector.context_cutoff_010.balanced_accuracy,0.670064925868393
frame_02_Al_projector.context_cutoff_010.ap.0,0.40564334696370313
frame_02_Al_projector.context_cutoff_010.ap.1,0.9958766501742218
frame_02_Al_projector.context_cutoff_010.ap.2,0.797834348851713
frame_02_Al_projector.context_cutoff_010.ap.3,0.8038707613321794
frame_02_Al_projector.context_cutoff_010.ap.4,
frame_02_Al_projector.context_cutoff_010.ap.5,0.677683096725806
frame_02_Al_projector.context_cutoff_010.ap.6,0.4068660529381191
frame_02_Al_projector.context_cutoff_012.counts.0.train,261
frame_02_Al_projector.context_cutoff_012.counts.0.test,334
frame_02_Al_projector.context_cutoff_012.counts.1.train,661
frame_02_Al_projector.context_cutoff_012.counts.1.test,571
frame_02_Al_projector.context_cutoff_012.counts.2.train,276
frame_02_Al_projector.context_cutoff_012.counts.2.test,264
frame_02_Al_projector.context_cutoff_012.counts.3.train,41
frame_02_Al_projector.context_cutoff_012.counts.3.test,50
frame_02_Al_projector.context_cutoff_012.counts.4.train,0
frame_02_Al_projector.context_cutoff_012.counts.4.test,0
frame_02_Al_projector.context_cutoff_012.counts.5.train,421
frame_02_Al_projector.context_cutoff_012.counts.5.test,514
frame_02_Al_projector.context_cutoff_012.counts.6.train,166
frame_02_Al_projector.context_cutoff_012.counts.6.test,177
frame_02_Al_projector.context_cutoff_012.test_coverage,1.0
frame_02_Al_projector.context_cutoff_012.balanced_accuracy,0.6407098854282264
frame_02_Al_projector.context_cutoff_012.ap.0,0.40627905092760686
frame_02_Al_projector.context_cutoff_012.ap.1,0.9950877923361402
frame_02_Al_projector.context_cutoff_012.ap.2,0.7293055382945728
frame_02_Al_projector.context_cutoff_012.ap.3,0.7975798478004145
frame_02_Al_projector.context_cutoff_012.ap.4,
frame_02_Al_projector.context_cutoff_012.ap.5,0.6681308176086693
frame_02_Al_projector.context_cutoff_012.ap.6,0.31415827855450806
frame_02_Al_projector.planar_fault.counts.0.train,1774
frame_02_Al_projector.planar_fault.counts.0.test,1851
frame_02_Al_projector.planar_fault.counts.1.train,11
frame_02_Al_projector.planar_fault.counts.1.test,9
frame_02_Al_projector.planar_fault.counts.2.train,7
frame_02_Al_projector.planar_fault.counts.2.test,3
frame_02_Al_projector.planar_fault.counts.3.train,34
frame_02_Al_projector.planar_fault.counts.3.test,47
frame_02_Al_projector.planar_fault.counts.4.train,0
frame_02_Al_projector.planar_fault.counts.4.test,0
frame_02_Al_projector.planar_fault.test_coverage,0.993717277486911
frame_02_Al_projector.planar_fault.balanced_accuracy,0.9472855385817902
frame_02_Al_projector.planar_fault.ap.0,0.9963975728538903
frame_02_Al_projector.planar_fault.ap.1,
frame_02_Al_projector.planar_fault.ap.2,
frame_02_Al_projector.planar_fault.ap.3,0.6522946975336215
frame_02_Al_projector.planar_fault.ap.4,
frame_02_Al_projector.spatial.auc,0.6131996223102086
frame_02_Al_projector.spatial.pairs,1740
frame_02_Al_projector.spatial.changed_pairs,639
frame_02_Al_projector.spatial.bins,5
frame_02_Al_projector.spatial.same_label_normalized_distance,0.18988397652362932
frame_02_Al_projector.nonbulk_spatial.auc,0.48015857478708107
frame_02_Al_projector.nonbulk_spatial.pairs,1169
frame_02_Al_projector.nonbulk_spatial.changed_pairs,574
frame_02_Al_projector.nonbulk_spatial.bins,5
frame_02_Al_projector.nonbulk_spatial.same_label_normalized_distance,0.27649149898250114
frame_02_Al_projector.shuffled_spatial.auc,0.4943183882824659
frame_02_Al_projector.shuffled_spatial.pairs,1169
frame_02_Al_projector.shuffled_spatial.changed_pairs,574
frame_02_Al_projector.shuffled_spatial.bins,5
frame_02_Al_projector.shuffled_spatial.same_label_normalized_distance,0.7741004811814591
frame_02_Al_projector.collapsed_spatial.auc,0.5
frame_02_Al_projector.collapsed_spatial.pairs,1169
frame_02_Al_projector.collapsed_spatial.changed_pairs,574
frame_02_Al_projector.collapsed_spatial.bins,5
frame_02_Al_projector.collapsed_spatial.same_label_normalized_distance,
frame_02_Al_projector.liquid_topology.train_count,218
frame_02_Al_projector.liquid_topology.test_count,269
frame_02_Al_projector.liquid_topology.conditional_r2_gain,-0.16725319623947144
frame_02_Al_projector.liquid_topology.mean_r2,-0.17185169458389282
frame_02_Al_projector.nonbulk_cluster_ami,0.284725179181772
frame_02_Al_projector.continuity.0.0001.pair_rms,16.31314710042785
frame_02_Al_projector.continuity.0.0001.normalized_median,0.00010509489128955073
frame_02_Al_projector.continuity.0.0001.normalized_p95,0.0218143524211237
frame_02_Al_projector.continuity.0.01.pair_rms,16.31314710042785
frame_02_Al_projector.continuity.0.01.normalized_median,0.036707978516168964
frame_02_Al_projector.continuity.0.01.normalized_p95,0.15436323081431785
frame_02_Al_projector.continuity.0.1.pair_rms,16.31314710042785
frame_02_Al_projector.continuity.0.1.normalized_median,0.08510228622303066
frame_02_Al_projector.continuity.0.1.normalized_p95,0.3197391800044966
frame_02_Al_projector.triad_index_switch_fraction_1e4_A,0.00813802145421505
frame_03_Ta_encoder.collapse.effective_rank,7.492685910932138
frame_03_Ta_encoder.collapse.variance,1.2476018947547878
frame_03_Ta_encoder.collapse.pair_rms,1.5796214070180157
frame_03_Ta_encoder.liquid_collapse.effective_rank,7.413389682622302
frame_03_Ta_encoder.liquid_collapse.variance,1.234255427699971
frame_03_Ta_encoder.liquid_collapse.pair_rms,1.5711495331126004
frame_03_Ta_encoder.reference_coverage.liquid_fraction,0.9990234375
frame_03_Ta_encoder.reference_coverage.cutoff_stable_fraction,0.996826171875
frame_03_Ta_encoder.context.counts.0.train,798
frame_03_Ta_encoder.context.counts.0.test,743
frame_03_Ta_encoder.context.counts.1.train,0
frame_03_Ta_encoder.context.counts.1.test,0
frame_03_Ta_encoder.context.counts.2.train,3
frame_03_Ta_encoder.context.counts.2.test,0
frame_03_Ta_encoder.context.counts.3.train,0
frame_03_Ta_encoder.context.counts.3.test,0
frame_03_Ta_encoder.context.counts.4.train,0
frame_03_Ta_encoder.context.counts.4.test,0
frame_03_Ta_encoder.context.counts.5.train,800
frame_03_Ta_encoder.context.counts.5.test,785
frame_03_Ta_encoder.context.counts.6.train,424
frame_03_Ta_encoder.context.counts.6.test,370
frame_03_Ta_encoder.context.test_coverage,1.0
frame_03_Ta_encoder.context.balanced_accuracy,0.5892780196506697
frame_03_Ta_encoder.context.ap.0,0.720566230079368
frame_03_Ta_encoder.context.ap.1,
frame_03_Ta_encoder.context.ap.2,
frame_03_Ta_encoder.context.ap.3,
frame_03_Ta_encoder.context.ap.4,
frame_03_Ta_encoder.context.ap.5,0.7780197008015077
frame_03_Ta_encoder.context.ap.6,0.4274798814313529
frame_03_Ta_encoder.ptm.counts.0.train,1905
frame_03_Ta_encoder.ptm.counts.0.test,1792
frame_03_Ta_encoder.ptm.counts.1.train,0
frame_03_Ta_encoder.ptm.counts.1.test,0
frame_03_Ta_encoder.ptm.counts.2.train,0
frame_03_Ta_encoder.ptm.counts.2.test,0
frame_03_Ta_encoder.ptm.counts.3.train,3
frame_03_Ta_encoder.ptm.counts.3.test,0
frame_03_Ta_encoder.ptm.counts.4.train,117
frame_03_Ta_encoder.ptm.counts.4.test,106
frame_03_Ta_encoder.ptm.test_coverage,1.0
frame_03_Ta_encoder.ptm.balanced_accuracy,0.8386276533018868
frame_03_Ta_encoder.ptm.ap.0,0.9964779955380433
frame_03_Ta_encoder.ptm.ap.1,
frame_03_Ta_encoder.ptm.ap.2,
frame_03_Ta_encoder.ptm.ap.3,
frame_03_Ta_encoder.ptm.ap.4,0.5403948200145011
frame_03_Ta_encoder.liquid_order.train_count,2022
frame_03_Ta_encoder.liquid_order.test_count,1898
frame_03_Ta_encoder.liquid_order.conditional_r2_gain,0.1510431170463562
frame_03_Ta_encoder.liquid_order.mean_r2,0.26624491810798645
frame_03_Ta_encoder.context_cutoff_008.counts.0.train,798
frame_03_Ta_encoder.context_cutoff_008.counts.0.test,743
frame_03_Ta_encoder.context_cutoff_008.counts.1.train,0
frame_03_Ta_encoder.context_cutoff_008.counts.1.test,0
frame_03_Ta_encoder.context_cutoff_008.counts.2.train,2
frame_03_Ta_encoder.context_cutoff_008.counts.2.test,0
frame_03_Ta_encoder.context_cutoff_008.counts.3.train,0
frame_03_Ta_encoder.context_cutoff_008.counts.3.test,0
frame_03_Ta_encoder.context_cutoff_008.counts.4.train,0
frame_03_Ta_encoder.context_cutoff_008.counts.4.test,0
frame_03_Ta_encoder.context_cutoff_008.counts.5.train,800
frame_03_Ta_encoder.context_cutoff_008.counts.5.test,785
frame_03_Ta_encoder.context_cutoff_008.counts.6.train,425
frame_03_Ta_encoder.context_cutoff_008.counts.6.test,370
frame_03_Ta_encoder.context_cutoff_008.test_coverage,1.0
frame_03_Ta_encoder.context_cutoff_008.balanced_accuracy,0.5892780196506697
frame_03_Ta_encoder.context_cutoff_008.ap.0,0.720497706135385
frame_03_Ta_encoder.context_cutoff_008.ap.1,
frame_03_Ta_encoder.context_cutoff_008.ap.2,
frame_03_Ta_encoder.context_cutoff_008.ap.3,
frame_03_Ta_encoder.context_cutoff_008.ap.4,
frame_03_Ta_encoder.context_cutoff_008.ap.5,0.7780222504654171
frame_03_Ta_encoder.context_cutoff_008.ap.6,0.4275466416433289
frame_03_Ta_encoder.context_cutoff_010.counts.0.train,798
frame_03_Ta_encoder.context_cutoff_010.counts.0.test,743
frame_03_Ta_encoder.context_cutoff_010.counts.1.train,0
frame_03_Ta_encoder.context_cutoff_010.counts.1.test,0
frame_03_Ta_encoder.context_cutoff_010.counts.2.train,3
frame_03_Ta_encoder.context_cutoff_010.counts.2.test,0
frame_03_Ta_encoder.context_cutoff_010.counts.3.train,0
frame_03_Ta_encoder.context_cutoff_010.counts.3.test,0
frame_03_Ta_encoder.context_cutoff_010.counts.4.train,0
frame_03_Ta_encoder.context_cutoff_010.counts.4.test,0
frame_03_Ta_encoder.context_cutoff_010.counts.5.train,800
frame_03_Ta_encoder.context_cutoff_010.counts.5.test,785
frame_03_Ta_encoder.context_cutoff_010.counts.6.train,424
frame_03_Ta_encoder.context_cutoff_010.counts.6.test,370
frame_03_Ta_encoder.context_cutoff_010.test_coverage,1.0
frame_03_Ta_encoder.context_cutoff_010.balanced_accuracy,0.5892780196506697
frame_03_Ta_encoder.context_cutoff_010.ap.0,0.720566230079368
frame_03_Ta_encoder.context_cutoff_010.ap.1,
frame_03_Ta_encoder.context_cutoff_010.ap.2,
frame_03_Ta_encoder.context_cutoff_010.ap.3,
frame_03_Ta_encoder.context_cutoff_010.ap.4,
frame_03_Ta_encoder.context_cutoff_010.ap.5,0.7780197008015077
frame_03_Ta_encoder.context_cutoff_010.ap.6,0.4274798814313529
frame_03_Ta_encoder.context_cutoff_012.counts.0.train,798
frame_03_Ta_encoder.context_cutoff_012.counts.0.test,743
frame_03_Ta_encoder.context_cutoff_012.counts.1.train,0
frame_03_Ta_encoder.context_cutoff_012.counts.1.test,0
frame_03_Ta_encoder.context_cutoff_012.counts.2.train,6
frame_03_Ta_encoder.context_cutoff_012.counts.2.test,7
frame_03_Ta_encoder.context_cutoff_012.counts.3.train,0
frame_03_Ta_encoder.context_cutoff_012.counts.3.test,0
frame_03_Ta_encoder.context_cutoff_012.counts.4.train,0
frame_03_Ta_encoder.context_cutoff_012.counts.4.test,0
frame_03_Ta_encoder.context_cutoff_012.counts.5.train,800
frame_03_Ta_encoder.context_cutoff_012.counts.5.test,784
frame_03_Ta_encoder.context_cutoff_012.counts.6.train,421
frame_03_Ta_encoder.context_cutoff_012.counts.6.test,364
frame_03_Ta_encoder.context_cutoff_012.test_coverage,0.9963119072708114
frame_03_Ta_encoder.context_cutoff_012.balanced_accuracy,0.5888842699311839
frame_03_Ta_encoder.context_cutoff_012.ap.0,0.7198839993250452
frame_03_Ta_encoder.context_cutoff_012.ap.1,
frame_03_Ta_encoder.context_cutoff_012.ap.2,
frame_03_Ta_encoder.context_cutoff_012.ap.3,
frame_03_Ta_encoder.context_cutoff_012.ap.4,
frame_03_Ta_encoder.context_cutoff_012.ap.5,0.7782307036145961
frame_03_Ta_encoder.context_cutoff_012.ap.6,0.3999525387158735
frame_03_Ta_encoder.spatial.auc,0.5225003152300934
frame_03_Ta_encoder.spatial.pairs,1884
frame_03_Ta_encoder.spatial.changed_pairs,1030
frame_03_Ta_encoder.spatial.bins,5
frame_03_Ta_encoder.spatial.same_label_normalized_distance,0.8991849501716682
frame_03_Ta_encoder.nonbulk_spatial.auc,0.5225003152300934
frame_03_Ta_encoder.nonbulk_spatial.pairs,1884
frame_03_Ta_encoder.nonbulk_spatial.changed_pairs,1030
frame_03_Ta_encoder.nonbulk_spatial.bins,5
frame_03_Ta_encoder.nonbulk_spatial.same_label_normalized_distance,0.8991849501716682
frame_03_Ta_encoder.shuffled_spatial.auc,0.5083006995557761
frame_03_Ta_encoder.shuffled_spatial.pairs,1884
frame_03_Ta_encoder.shuffled_spatial.changed_pairs,1030
frame_03_Ta_encoder.shuffled_spatial.bins,5
frame_03_Ta_encoder.shuffled_spatial.same_label_normalized_distance,0.9534856772811657
frame_03_Ta_encoder.collapsed_spatial.auc,0.5
frame_03_Ta_encoder.collapsed_spatial.pairs,1884
frame_03_Ta_encoder.collapsed_spatial.changed_pairs,1030
frame_03_Ta_encoder.collapsed_spatial.bins,5
frame_03_Ta_encoder.collapsed_spatial.same_label_normalized_distance,
frame_03_Ta_encoder.liquid_topology.train_count,521
frame_03_Ta_encoder.liquid_topology.test_count,465
frame_03_Ta_encoder.liquid_topology.conditional_r2_gain,-0.7250379920005798
frame_03_Ta_encoder.liquid_topology.mean_r2,-0.7331680655479431
frame_03_Ta_encoder.nonbulk_cluster_ami,0.05931875687155675
frame_03_Ta_encoder.continuity.0.0001.pair_rms,1.5827446830637977
frame_03_Ta_encoder.continuity.0.0001.normalized_median,0.00041325235423346317
frame_03_Ta_encoder.continuity.0.0001.normalized_p95,0.03626763169414831
frame_03_Ta_encoder.continuity.0.01.pair_rms,1.5827446830637977
frame_03_Ta_encoder.continuity.0.01.normalized_median,0.2603800607011305
frame_03_Ta_encoder.continuity.0.01.normalized_p95,0.5394111750383799
frame_03_Ta_encoder.continuity.0.1.pair_rms,1.5827446830637977
frame_03_Ta_encoder.continuity.0.1.normalized_median,0.6989579519872576
frame_03_Ta_encoder.continuity.0.1.normalized_p95,1.0145370513277525
frame_03_Ta_encoder.triad_index_switch_fraction_1e4_A,0.00032552084303461015
frame_03_Ta_projector.collapse.effective_rank,1.3035889075701863
frame_03_Ta_projector.collapse.variance,2.1728699790264403
frame_03_Ta_projector.collapse.pair_rms,2.084643844413928
frame_03_Ta_projector.liquid_collapse.effective_rank,1.2038788437129802
frame_03_Ta_projector.liquid_collapse.variance,2.083517626530287
frame_03_Ta_projector.liquid_collapse.pair_rms,2.0413317351818576
frame_03_Ta_projector.reference_coverage.liquid_fraction,0.9990234375
frame_03_Ta_projector.reference_coverage.cutoff_stable_fraction,0.996826171875
frame_03_Ta_projector.context.counts.0.train,798
frame_03_Ta_projector.context.counts.0.test,743
frame_03_Ta_projector.context.counts.1.train,0
frame_03_Ta_projector.context.counts.1.test,0
frame_03_Ta_projector.context.counts.2.train,3
frame_03_Ta_projector.context.counts.2.test,0
frame_03_Ta_projector.context.counts.3.train,0
frame_03_Ta_projector.context.counts.3.test,0
frame_03_Ta_projector.context.counts.4.train,0
frame_03_Ta_projector.context.counts.4.test,0
frame_03_Ta_projector.context.counts.5.train,800
frame_03_Ta_projector.context.counts.5.test,785
frame_03_Ta_projector.context.counts.6.train,424
frame_03_Ta_projector.context.counts.6.test,370
frame_03_Ta_projector.context.test_coverage,1.0
frame_03_Ta_projector.context.balanced_accuracy,0.5644457583918027
frame_03_Ta_projector.context.ap.0,0.6384141420687374
frame_03_Ta_projector.context.ap.1,
frame_03_Ta_projector.context.ap.2,
frame_03_Ta_projector.context.ap.3,
frame_03_Ta_projector.context.ap.4,
frame_03_Ta_projector.context.ap.5,0.7307882530151604
frame_03_Ta_projector.context.ap.6,0.4222390498596389
frame_03_Ta_projector.ptm.counts.0.train,1905
frame_03_Ta_projector.ptm.counts.0.test,1792
frame_03_Ta_projector.ptm.counts.1.train,0
frame_03_Ta_projector.ptm.counts.1.test,0
frame_03_Ta_projector.ptm.counts.2.train,0
frame_03_Ta_projector.ptm.counts.2.test,0
frame_03_Ta_projector.ptm.counts.3.train,3
frame_03_Ta_projector.ptm.counts.3.test,0
frame_03_Ta_projector.ptm.counts.4.train,117
frame_03_Ta_projector.ptm.counts.4.test,106
frame_03_Ta_projector.ptm.test_coverage,1.0
frame_03_Ta_projector.ptm.balanced_accuracy,0.823402754380054
frame_03_Ta_projector.ptm.ap.0,0.9930797064984425
frame_03_Ta_projector.ptm.ap.1,
frame_03_Ta_projector.ptm.ap.2,
frame_03_Ta_projector.ptm.ap.3,
frame_03_Ta_projector.ptm.ap.4,0.4272263573993331
frame_03_Ta_projector.liquid_order.train_count,2022
frame_03_Ta_projector.liquid_order.test_count,1898
frame_03_Ta_projector.liquid_order.conditional_r2_gain,0.12375620752573013
frame_03_Ta_projector.liquid_order.mean_r2,0.1981268972158432
frame_03_Ta_projector.context_cutoff_008.counts.0.train,798
frame_03_Ta_projector.context_cutoff_008.counts.0.test,743
frame_03_Ta_projector.context_cutoff_008.counts.1.train,0
frame_03_Ta_projector.context_cutoff_008.counts.1.test,0
frame_03_Ta_projector.context_cutoff_008.counts.2.train,2
frame_03_Ta_projector.context_cutoff_008.counts.2.test,0
frame_03_Ta_projector.context_cutoff_008.counts.3.train,0
frame_03_Ta_projector.context_cutoff_008.counts.3.test,0
frame_03_Ta_projector.context_cutoff_008.counts.4.train,0
frame_03_Ta_projector.context_cutoff_008.counts.4.test,0
frame_03_Ta_projector.context_cutoff_008.counts.5.train,800
frame_03_Ta_projector.context_cutoff_008.counts.5.test,785
frame_03_Ta_projector.context_cutoff_008.counts.6.train,425
frame_03_Ta_projector.context_cutoff_008.counts.6.test,370
frame_03_Ta_projector.context_cutoff_008.test_coverage,1.0
frame_03_Ta_projector.context_cutoff_008.balanced_accuracy,0.5653430217385949
frame_03_Ta_projector.context_cutoff_008.ap.0,0.6384817280559781
frame_03_Ta_projector.context_cutoff_008.ap.1,
frame_03_Ta_projector.context_cutoff_008.ap.2,
frame_03_Ta_projector.context_cutoff_008.ap.3,
frame_03_Ta_projector.context_cutoff_008.ap.4,
frame_03_Ta_projector.context_cutoff_008.ap.5,0.7308732867723104
frame_03_Ta_projector.context_cutoff_008.ap.6,0.42252368522503403
frame_03_Ta_projector.context_cutoff_010.counts.0.train,798
frame_03_Ta_projector.context_cutoff_010.counts.0.test,743
frame_03_Ta_projector.context_cutoff_010.counts.1.train,0
frame_03_Ta_projector.context_cutoff_010.counts.1.test,0
frame_03_Ta_projector.context_cutoff_010.counts.2.train,3
frame_03_Ta_projector.context_cutoff_010.counts.2.test,0
frame_03_Ta_projector.context_cutoff_010.counts.3.train,0
frame_03_Ta_projector.context_cutoff_010.counts.3.test,0
frame_03_Ta_projector.context_cutoff_010.counts.4.train,0
frame_03_Ta_projector.context_cutoff_010.counts.4.test,0
frame_03_Ta_projector.context_cutoff_010.counts.5.train,800
frame_03_Ta_projector.context_cutoff_010.counts.5.test,785
frame_03_Ta_projector.context_cutoff_010.counts.6.train,424
frame_03_Ta_projector.context_cutoff_010.counts.6.test,370
frame_03_Ta_projector.context_cutoff_010.test_coverage,1.0
frame_03_Ta_projector.context_cutoff_010.balanced_accuracy,0.5644457583918027
frame_03_Ta_projector.context_cutoff_010.ap.0,0.6384141420687374
frame_03_Ta_projector.context_cutoff_010.ap.1,
frame_03_Ta_projector.context_cutoff_010.ap.2,
frame_03_Ta_projector.context_cutoff_010.ap.3,
frame_03_Ta_projector.context_cutoff_010.ap.4,
frame_03_Ta_projector.context_cutoff_010.ap.5,0.7307882530151604
frame_03_Ta_projector.context_cutoff_010.ap.6,0.4222390498596389
frame_03_Ta_projector.context_cutoff_012.counts.0.train,798
frame_03_Ta_projector.context_cutoff_012.counts.0.test,743
frame_03_Ta_projector.context_cutoff_012.counts.1.train,0
frame_03_Ta_projector.context_cutoff_012.counts.1.test,0
frame_03_Ta_projector.context_cutoff_012.counts.2.train,6
frame_03_Ta_projector.context_cutoff_012.counts.2.test,7
frame_03_Ta_projector.context_cutoff_012.counts.3.train,0
frame_03_Ta_projector.context_cutoff_012.counts.3.test,0
frame_03_Ta_projector.context_cutoff_012.counts.4.train,0
frame_03_Ta_projector.context_cutoff_012.counts.4.test,0
frame_03_Ta_projector.context_cutoff_012.counts.5.train,800
frame_03_Ta_projector.context_cutoff_012.counts.5.test,784
frame_03_Ta_projector.context_cutoff_012.counts.6.train,421
frame_03_Ta_projector.context_cutoff_012.counts.6.test,364
frame_03_Ta_projector.context_cutoff_012.test_coverage,0.9963119072708114
frame_03_Ta_projector.context_cutoff_012.balanced_accuracy,0.5645792352555475
frame_03_Ta_projector.context_cutoff_012.ap.0,0.6391093533035245
frame_03_Ta_projector.context_cutoff_012.ap.1,
frame_03_Ta_projector.context_cutoff_012.ap.2,
frame_03_Ta_projector.context_cutoff_012.ap.3,
frame_03_Ta_projector.context_cutoff_012.ap.4,
frame_03_Ta_projector.context_cutoff_012.ap.5,0.7310818956663683
frame_03_Ta_projector.context_cutoff_012.ap.6,0.39712138443766876
frame_03_Ta_projector.spatial.auc,0.514887064558464
frame_03_Ta_projector.spatial.pairs,1884
frame_03_Ta_projector.spatial.changed_pairs,1030
frame_03_Ta_projector.spatial.bins,5
frame_03_Ta_projector.spatial.same_label_normalized_distance,0.7115632447292872
frame_03_Ta_projector.nonbulk_spatial.auc,0.514887064558464
frame_03_Ta_projector.nonbulk_spatial.pairs,1884
frame_03_Ta_projector.nonbulk_spatial.changed_pairs,1030
frame_03_Ta_projector.nonbulk_spatial.bins,5
frame_03_Ta_projector.nonbulk_spatial.same_label_normalized_distance,0.7115632447292872
frame_03_Ta_projector.shuffled_spatial.auc,0.5061518231755849
frame_03_Ta_projector.shuffled_spatial.pairs,1884
frame_03_Ta_projector.shuffled_spatial.changed_pairs,1030
frame_03_Ta_projector.shuffled_spatial.bins,5
frame_03_Ta_projector.shuffled_spatial.same_label_normalized_distance,0.7889772054739891
frame_03_Ta_projector.collapsed_spatial.auc,0.5
frame_03_Ta_projector.collapsed_spatial.pairs,1884
frame_03_Ta_projector.collapsed_spatial.changed_pairs,1030
frame_03_Ta_projector.collapsed_spatial.bins,5
frame_03_Ta_projector.collapsed_spatial.same_label_normalized_distance,
frame_03_Ta_projector.liquid_topology.train_count,521
frame_03_Ta_projector.liquid_topology.test_count,465
frame_03_Ta_projector.liquid_topology.conditional_r2_gain,-0.10592003911733627
frame_03_Ta_projector.liquid_topology.mean_r2,-0.11670517921447754
frame_03_Ta_projector.nonbulk_cluster_ami,0.031022609111136107
frame_03_Ta_projector.continuity.0.0001.pair_rms,2.335102790003858
frame_03_Ta_projector.continuity.0.0001.normalized_median,0.00030571132509991136
frame_03_Ta_projector.continuity.0.0001.normalized_p95,0.012676460265608975
frame_03_Ta_projector.continuity.0.01.pair_rms,2.335102790003858
frame_03_Ta_projector.continuity.0.01.normalized_median,0.13707188557781597
frame_03_Ta_projector.continuity.0.01.normalized_p95,0.4301417616140144
frame_03_Ta_projector.continuity.0.1.pair_rms,2.335102790003858
frame_03_Ta_projector.continuity.0.1.normalized_median,0.43644546024467373
frame_03_Ta_projector.continuity.0.1.normalized_p95,1.239877768029288
frame_03_Ta_projector.triad_index_switch_fraction_1e4_A,0.00032552084303461015
frame_04_Ta_encoder.collapse.effective_rank,1.7679144709180492
frame_04_Ta_encoder.collapse.variance,5.2128873307343495
frame_04_Ta_encoder.collapse.pair_rms,3.2288968180275903
frame_04_Ta_encoder.liquid_collapse.effective_rank,6.82830254415356
frame_04_Ta_encoder.liquid_collapse.variance,1.2783352790567488
frame_04_Ta_encoder.liquid_collapse.pair_rms,1.5989592108973567
frame_04_Ta_encoder.reference_coverage.liquid_fraction,0.927001953125
frame_04_Ta_encoder.reference_coverage.cutoff_stable_fraction,0.99365234375
frame_04_Ta_encoder.context.counts.0.train,667
frame_04_Ta_encoder.context.counts.0.test,749
frame_04_Ta_encoder.context.counts.1.train,168
frame_04_Ta_encoder.context.counts.1.test,58
frame_04_Ta_encoder.context.counts.2.train,32
frame_04_Ta_encoder.context.counts.2.test,40
frame_04_Ta_encoder.context.counts.3.train,0
frame_04_Ta_encoder.context.counts.3.test,0
frame_04_Ta_encoder.context.counts.4.train,0
frame_04_Ta_encoder.context.counts.4.test,0
frame_04_Ta_encoder.context.counts.5.train,725
frame_04_Ta_encoder.context.counts.5.test,759
frame_04_Ta_encoder.context.counts.6.train,381
frame_04_Ta_encoder.context.counts.6.test,364
frame_04_Ta_encoder.context.test_coverage,1.0
frame_04_Ta_encoder.context.balanced_accuracy,0.6929984911145499
frame_04_Ta_encoder.context.ap.0,0.718050174921522
frame_04_Ta_encoder.context.ap.1,0.9847614956187285
frame_04_Ta_encoder.context.ap.2,0.8463633803835152
frame_04_Ta_encoder.context.ap.3,
frame_04_Ta_encoder.context.ap.4,
frame_04_Ta_encoder.context.ap.5,0.7695007836800685
frame_04_Ta_encoder.context.ap.6,0.44477242885522006
frame_04_Ta_encoder.ptm.counts.0.train,1692
frame_04_Ta_encoder.ptm.counts.0.test,1809
frame_04_Ta_encoder.ptm.counts.1.train,0
frame_04_Ta_encoder.ptm.counts.1.test,0
frame_04_Ta_encoder.ptm.counts.2.train,0
frame_04_Ta_encoder.ptm.counts.2.test,0
frame_04_Ta_encoder.ptm.counts.3.train,188
frame_04_Ta_encoder.ptm.counts.3.test,73
frame_04_Ta_encoder.ptm.counts.4.train,93
frame_04_Ta_encoder.ptm.counts.4.test,88
frame_04_Ta_encoder.ptm.test_coverage,1.0
frame_04_Ta_encoder.ptm.balanced_accuracy,0.870865134913046
frame_04_Ta_encoder.ptm.ap.0,0.9964075311540108
frame_04_Ta_encoder.ptm.ap.1,
frame_04_Ta_encoder.ptm.ap.2,
frame_04_Ta_encoder.ptm.ap.3,0.9957149767705358
frame_04_Ta_encoder.ptm.ap.4,0.5017102317038374
frame_04_Ta_encoder.liquid_order.train_count,1773
frame_04_Ta_encoder.liquid_order.test_count,1872
frame_04_Ta_encoder.liquid_order.conditional_r2_gain,0.1687421351671219
frame_04_Ta_encoder.liquid_order.mean_r2,0.27317437529563904
frame_04_Ta_encoder.context_cutoff_008.counts.0.train,667
frame_04_Ta_encoder.context_cutoff_008.counts.0.test,749
frame_04_Ta_encoder.context_cutoff_008.counts.1.train,167
frame_04_Ta_encoder.context_cutoff_008.counts.1.test,58
frame_04_Ta_encoder.context_cutoff_008.counts.2.train,31
frame_04_Ta_encoder.context_cutoff_008.counts.2.test,32
frame_04_Ta_encoder.context_cutoff_008.counts.3.train,0
frame_04_Ta_encoder.context_cutoff_008.counts.3.test,0
frame_04_Ta_encoder.context_cutoff_008.counts.4.train,0
frame_04_Ta_encoder.context_cutoff_008.counts.4.test,0
frame_04_Ta_encoder.context_cutoff_008.counts.5.train,726
frame_04_Ta_encoder.context_cutoff_008.counts.5.test,760
frame_04_Ta_encoder.context_cutoff_008.counts.6.train,382
frame_04_Ta_encoder.context_cutoff_008.counts.6.test,371
frame_04_Ta_encoder.context_cutoff_008.test_coverage,1.0
frame_04_Ta_encoder.context_cutoff_008.balanced_accuracy,0.724657279401905
frame_04_Ta_encoder.context_cutoff_008.ap.0,0.7184895253006046
frame_04_Ta_encoder.context_cutoff_008.ap.1,0.989719495353506
frame_04_Ta_encoder.context_cutoff_008.ap.2,0.8691065112426763
frame_04_Ta_encoder.context_cutoff_008.ap.3,
frame_04_Ta_encoder.context_cutoff_008.ap.4,
frame_04_Ta_encoder.context_cutoff_008.ap.5,0.7690385712008817
frame_04_Ta_encoder.context_cutoff_008.ap.6,0.4686482545470974
frame_04_Ta_encoder.context_cutoff_010.counts.0.train,667
frame_04_Ta_encoder.context_cutoff_010.counts.0.test,749
frame_04_Ta_encoder.context_cutoff_010.counts.1.train,168
frame_04_Ta_encoder.context_cutoff_010.counts.1.test,58
frame_04_Ta_encoder.context_cutoff_010.counts.2.train,32
frame_04_Ta_encoder.context_cutoff_010.counts.2.test,40
frame_04_Ta_encoder.context_cutoff_010.counts.3.train,0
frame_04_Ta_encoder.context_cutoff_010.counts.3.test,0
frame_04_Ta_encoder.context_cutoff_010.counts.4.train,0
frame_04_Ta_encoder.context_cutoff_010.counts.4.test,0
frame_04_Ta_encoder.context_cutoff_010.counts.5.train,725
frame_04_Ta_encoder.context_cutoff_010.counts.5.test,759
frame_04_Ta_encoder.context_cutoff_010.counts.6.train,381
frame_04_Ta_encoder.context_cutoff_010.counts.6.test,364
frame_04_Ta_encoder.context_cutoff_010.test_coverage,1.0
frame_04_Ta_encoder.context_cutoff_010.balanced_accuracy,0.6929984911145499
frame_04_Ta_encoder.context_cutoff_010.ap.0,0.718050174921522
frame_04_Ta_encoder.context_cutoff_010.ap.1,0.9847614956187285
frame_04_Ta_encoder.context_cutoff_010.ap.2,0.8463633803835152
frame_04_Ta_encoder.context_cutoff_010.ap.3,
frame_04_Ta_encoder.context_cutoff_010.ap.4,
frame_04_Ta_encoder.context_cutoff_010.ap.5,0.7695007836800685
frame_04_Ta_encoder.context_cutoff_010.ap.6,0.44477242885522006
frame_04_Ta_encoder.context_cutoff_012.counts.0.train,667
frame_04_Ta_encoder.context_cutoff_012.counts.0.test,749
frame_04_Ta_encoder.context_cutoff_012.counts.1.train,171
frame_04_Ta_encoder.context_cutoff_012.counts.1.test,59
frame_04_Ta_encoder.context_cutoff_012.counts.2.train,34
frame_04_Ta_encoder.context_cutoff_012.counts.2.test,44
frame_04_Ta_encoder.context_cutoff_012.counts.3.train,0
frame_04_Ta_encoder.context_cutoff_012.counts.3.test,0
frame_04_Ta_encoder.context_cutoff_012.counts.4.train,0
frame_04_Ta_encoder.context_cutoff_012.counts.4.test,0
frame_04_Ta_encoder.context_cutoff_012.counts.5.train,725
frame_04_Ta_encoder.context_cutoff_012.counts.5.test,759
frame_04_Ta_encoder.context_cutoff_012.counts.6.train,376
frame_04_Ta_encoder.context_cutoff_012.counts.6.test,359
frame_04_Ta_encoder.context_cutoff_012.test_coverage,1.0
frame_04_Ta_encoder.context_cutoff_012.balanced_accuracy,0.6815337001003426
frame_04_Ta_encoder.context_cutoff_012.ap.0,0.7184501608949696
frame_04_Ta_encoder.context_cutoff_012.ap.1,0.9863905351832284
frame_04_Ta_encoder.context_cutoff_012.ap.2,0.8131997170859887
frame_04_Ta_encoder.context_cutoff_012.ap.3,
frame_04_Ta_encoder.context_cutoff_012.ap.4,
frame_04_Ta_encoder.context_cutoff_012.ap.5,0.7701388118384879
frame_04_Ta_encoder.context_cutoff_012.ap.6,0.4255825029875699
frame_04_Ta_encoder.spatial.auc,0.5180327078088502
frame_04_Ta_encoder.spatial.pairs,1936
frame_04_Ta_encoder.spatial.changed_pairs,1040
frame_04_Ta_encoder.spatial.bins,5
frame_04_Ta_encoder.spatial.same_label_normalized_distance,0.5402508484411329
frame_04_Ta_encoder.nonbulk_spatial.auc,0.5161472240469943
frame_04_Ta_encoder.nonbulk_spatial.pairs,1875
frame_04_Ta_encoder.nonbulk_spatial.changed_pairs,1031
frame_04_Ta_encoder.nonbulk_spatial.bins,5
frame_04_Ta_encoder.nonbulk_spatial.same_label_normalized_distance,0.7980268286556397
frame_04_Ta_encoder.shuffled_spatial.auc,0.5006008207575479
frame_04_Ta_encoder.shuffled_spatial.pairs,1875
frame_04_Ta_encoder.shuffled_spatial.changed_pairs,1031
frame_04_Ta_encoder.shuffled_spatial.bins,5
frame_04_Ta_encoder.shuffled_spatial.same_label_normalized_distance,0.7505746916497598
frame_04_Ta_encoder.collapsed_spatial.auc,0.5
frame_04_Ta_encoder.collapsed_spatial.pairs,1875
frame_04_Ta_encoder.collapsed_spatial.changed_pairs,1031
frame_04_Ta_encoder.collapsed_spatial.bins,5
frame_04_Ta_encoder.collapsed_spatial.same_label_normalized_distance,
frame_04_Ta_encoder.liquid_topology.train_count,431
frame_04_Ta_encoder.liquid_topology.test_count,475
frame_04_Ta_encoder.liquid_topology.conditional_r2_gain,-9.65721321105957
frame_04_Ta_encoder.liquid_topology.mean_r2,-9.8612060546875
frame_04_Ta_encoder.nonbulk_cluster_ami,0.0974157643865095
frame_04_Ta_encoder.continuity.0.0001.pair_rms,3.555767557929244
frame_04_Ta_encoder.continuity.0.0001.normalized_median,0.00018721720899111073
frame_04_Ta_encoder.continuity.0.0001.normalized_p95,0.04830723488379649
frame_04_Ta_encoder.continuity.0.01.pair_rms,3.555767557929244
frame_04_Ta_encoder.continuity.0.01.normalized_median,0.13173210171227379
frame_04_Ta_encoder.continuity.0.01.normalized_p95,0.35945966883290625
frame_04_Ta_encoder.continuity.0.1.pair_rms,3.555767557929244
frame_04_Ta_encoder.continuity.0.1.normalized_median,0.32185752489891734
frame_04_Ta_encoder.continuity.0.1.normalized_p95,0.7632067739391102
frame_04_Ta_encoder.triad_index_switch_fraction_1e4_A,0.00341796875
frame_04_Ta_projector.collapse.effective_rank,3.2298824000433766
frame_04_Ta_projector.collapse.variance,9.161686182606879
frame_04_Ta_projector.collapse.pair_rms,4.28058084437308
frame_04_Ta_projector.liquid_collapse.effective_rank,1.1843682578013828
frame_04_Ta_projector.liquid_collapse.variance,2.2079241013698763
frame_04_Ta_projector.liquid_collapse.pair_rms,2.101391967896459
frame_04_Ta_projector.reference_coverage.liquid_fraction,0.927001953125
frame_04_Ta_projector.reference_coverage.cutoff_stable_fraction,0.99365234375
frame_04_Ta_projector.context.counts.0.train,667
frame_04_Ta_projector.context.counts.0.test,749
frame_04_Ta_projector.context.counts.1.train,168
frame_04_Ta_projector.context.counts.1.test,58
frame_04_Ta_projector.context.counts.2.train,32
frame_04_Ta_projector.context.counts.2.test,40
frame_04_Ta_projector.context.counts.3.train,0
frame_04_Ta_projector.context.counts.3.test,0
frame_04_Ta_projector.context.counts.4.train,0
frame_04_Ta_projector.context.counts.4.test,0
frame_04_Ta_projector.context.counts.5.train,725
frame_04_Ta_projector.context.counts.5.test,759
frame_04_Ta_projector.context.counts.6.train,381
frame_04_Ta_projector.context.counts.6.test,364
frame_04_Ta_projector.context.test_coverage,1.0
frame_04_Ta_projector.context.balanced_accuracy,0.6492907773194733
frame_04_Ta_projector.context.ap.0,0.5883124345695082
frame_04_Ta_projector.context.ap.1,0.9463976630416132
frame_04_Ta_projector.context.ap.2,0.8053643455686279
frame_04_Ta_projector.context.ap.3,
frame_04_Ta_projector.context.ap.4,
frame_04_Ta_projector.context.ap.5,0.6911931777983278
frame_04_Ta_projector.context.ap.6,0.4158469581960278
frame_04_Ta_projector.ptm.counts.0.train,1692
frame_04_Ta_projector.ptm.counts.0.test,1809
frame_04_Ta_projector.ptm.counts.1.train,0
frame_04_Ta_projector.ptm.counts.1.test,0
frame_04_Ta_projector.ptm.counts.2.train,0
frame_04_Ta_projector.ptm.counts.2.test,0
frame_04_Ta_projector.ptm.counts.3.train,188
frame_04_Ta_projector.ptm.counts.3.test,73
frame_04_Ta_projector.ptm.counts.4.train,93
frame_04_Ta_projector.ptm.counts.4.test,88
frame_04_Ta_projector.ptm.test_coverage,1.0
frame_04_Ta_projector.ptm.balanced_accuracy,0.8787289625393626
frame_04_Ta_projector.ptm.ap.0,0.9900815654089857
frame_04_Ta_projector.ptm.ap.1,
frame_04_Ta_projector.ptm.ap.2,
frame_04_Ta_projector.ptm.ap.3,0.9411784573938528
frame_04_Ta_projector.ptm.ap.4,0.38930378199059995
frame_04_Ta_projector.liquid_order.train_count,1773
frame_04_Ta_projector.liquid_order.test_count,1872
frame_04_Ta_projector.liquid_order.conditional_r2_gain,0.13688237965106964
frame_04_Ta_projector.liquid_order.mean_r2,0.19194763898849487
frame_04_Ta_projector.context_cutoff_008.counts.0.train,667
frame_04_Ta_projector.context_cutoff_008.counts.0.test,749
frame_04_Ta_projector.context_cutoff_008.counts.1.train,167
frame_04_Ta_projector.context_cutoff_008.counts.1.test,58
frame_04_Ta_projector.context_cutoff_008.counts.2.train,31
frame_04_Ta_projector.context_cutoff_008.counts.2.test,32
frame_04_Ta_projector.context_cutoff_008.counts.3.train,0
frame_04_Ta_projector.context_cutoff_008.counts.3.test,0
frame_04_Ta_projector.context_cutoff_008.counts.4.train,0
frame_04_Ta_projector.context_cutoff_008.counts.4.test,0
frame_04_Ta_projector.context_cutoff_008.counts.5.train,726
frame_04_Ta_projector.context_cutoff_008.counts.5.test,760
frame_04_Ta_projector.context_cutoff_008.counts.6.train,382
frame_04_Ta_projector.context_cutoff_008.counts.6.test,371
frame_04_Ta_projector.context_cutoff_008.test_coverage,1.0
frame_04_Ta_projector.context_cutoff_008.balanced_accuracy,0.6717565337376178
frame_04_Ta_projector.context_cutoff_008.ap.0,0.5876912931500154
frame_04_Ta_projector.context_cutoff_008.ap.1,0.9641331552460211
frame_04_Ta_projector.context_cutoff_008.ap.2,0.8065924532586107
frame_04_Ta_projector.context_cutoff_008.ap.3,
frame_04_Ta_projector.context_cutoff_008.ap.4,
frame_04_Ta_projector.context_cutoff_008.ap.5,0.6911211469403071
frame_04_Ta_projector.context_cutoff_008.ap.6,0.45880939486916955
frame_04_Ta_projector.context_cutoff_010.counts.0.train,667
frame_04_Ta_projector.context_cutoff_010.counts.0.test,749
frame_04_Ta_projector.context_cutoff_010.counts.1.train,168
frame_04_Ta_projector.context_cutoff_010.counts.1.test,58
frame_04_Ta_projector.context_cutoff_010.counts.2.train,32
frame_04_Ta_projector.context_cutoff_010.counts.2.test,40
frame_04_Ta_projector.context_cutoff_010.counts.3.train,0
frame_04_Ta_projector.context_cutoff_010.counts.3.test,0
frame_04_Ta_projector.context_cutoff_010.counts.4.train,0
frame_04_Ta_projector.context_cutoff_010.counts.4.test,0
frame_04_Ta_projector.context_cutoff_010.counts.5.train,725
frame_04_Ta_projector.context_cutoff_010.counts.5.test,759
frame_04_Ta_projector.context_cutoff_010.counts.6.train,381
frame_04_Ta_projector.context_cutoff_010.counts.6.test,364
frame_04_Ta_projector.context_cutoff_010.test_coverage,1.0
frame_04_Ta_projector.context_cutoff_010.balanced_accuracy,0.6492907773194733
frame_04_Ta_projector.context_cutoff_010.ap.0,0.5883124345695082
frame_04_Ta_projector.context_cutoff_010.ap.1,0.9463976630416132
frame_04_Ta_projector.context_cutoff_010.ap.2,0.8053643455686279
frame_04_Ta_projector.context_cutoff_010.ap.3,
frame_04_Ta_projector.context_cutoff_010.ap.4,
frame_04_Ta_projector.context_cutoff_010.ap.5,0.6911931777983278
frame_04_Ta_projector.context_cutoff_010.ap.6,0.4158469581960278
frame_04_Ta_projector.context_cutoff_012.counts.0.train,667
frame_04_Ta_projector.context_cutoff_012.counts.0.test,749
frame_04_Ta_projector.context_cutoff_012.counts.1.train,171
frame_04_Ta_projector.context_cutoff_012.counts.1.test,59
frame_04_Ta_projector.context_cutoff_012.counts.2.train,34
frame_04_Ta_projector.context_cutoff_012.counts.2.test,44
frame_04_Ta_projector.context_cutoff_012.counts.3.train,0
frame_04_Ta_projector.context_cutoff_012.counts.3.test,0
frame_04_Ta_projector.context_cutoff_012.counts.4.train,0
frame_04_Ta_projector.context_cutoff_012.counts.4.test,0
frame_04_Ta_projector.context_cutoff_012.counts.5.train,725
frame_04_Ta_projector.context_cutoff_012.counts.5.test,759
frame_04_Ta_projector.context_cutoff_012.counts.6.train,376
frame_04_Ta_projector.context_cutoff_012.counts.6.test,359
frame_04_Ta_projector.context_cutoff_012.test_coverage,1.0
frame_04_Ta_projector.context_cutoff_012.balanced_accuracy,0.6479505830715344
frame_04_Ta_projector.context_cutoff_012.ap.0,0.5840527667600411
frame_04_Ta_projector.context_cutoff_012.ap.1,0.890879610050325
frame_04_Ta_projector.context_cutoff_012.ap.2,0.7533716313367401
frame_04_Ta_projector.context_cutoff_012.ap.3,
frame_04_Ta_projector.context_cutoff_012.ap.4,
frame_04_Ta_projector.context_cutoff_012.ap.5,0.6908134197827442
frame_04_Ta_projector.context_cutoff_012.ap.6,0.40512666637905176
frame_04_Ta_projector.spatial.auc,0.5280850776434947
frame_04_Ta_projector.spatial.pairs,1936
frame_04_Ta_projector.spatial.changed_pairs,1040
frame_04_Ta_projector.spatial.bins,5
frame_04_Ta_projector.spatial.same_label_normalized_distance,0.4763998814415715
frame_04_Ta_projector.nonbulk_spatial.auc,0.5285024717814846
frame_04_Ta_projector.nonbulk_spatial.pairs,1875
frame_04_Ta_projector.nonbulk_spatial.changed_pairs,1031
frame_04_Ta_projector.nonbulk_spatial.bins,5
frame_04_Ta_projector.nonbulk_spatial.same_label_normalized_distance,0.5877726928458825
frame_04_Ta_projector.shuffled_spatial.auc,0.5035012228975853
frame_04_Ta_projector.shuffled_spatial.pairs,1875
frame_04_Ta_projector.shuffled_spatial.changed_pairs,1031
frame_04_Ta_projector.shuffled_spatial.bins,5
frame_04_Ta_projector.shuffled_spatial.same_label_normalized_distance,0.6916056105038094
frame_04_Ta_projector.collapsed_spatial.auc,0.5
frame_04_Ta_projector.collapsed_spatial.pairs,1875
frame_04_Ta_projector.collapsed_spatial.changed_pairs,1031
frame_04_Ta_projector.collapsed_spatial.bins,5
frame_04_Ta_projector.collapsed_spatial.same_label_normalized_distance,
frame_04_Ta_projector.liquid_topology.train_count,431
frame_04_Ta_projector.liquid_topology.test_count,475
frame_04_Ta_projector.liquid_topology.conditional_r2_gain,-1.405733346939087
frame_04_Ta_projector.liquid_topology.mean_r2,-1.5081608295440674
frame_04_Ta_projector.nonbulk_cluster_ami,0.09639535701241196
frame_04_Ta_projector.continuity.0.0001.pair_rms,4.699533541190512
frame_04_Ta_projector.continuity.0.0001.normalized_median,0.00016390479105437444
frame_04_Ta_projector.continuity.0.0001.normalized_p95,0.03600765072362112
frame_04_Ta_projector.continuity.0.01.pair_rms,4.699533541190512
frame_04_Ta_projector.continuity.0.01.normalized_median,0.07914222754812877
frame_04_Ta_projector.continuity.0.01.normalized_p95,0.5491172420947276
frame_04_Ta_projector.continuity.0.1.pair_rms,4.699533541190512
frame_04_Ta_projector.continuity.0.1.normalized_median,0.23766038140938187
frame_04_Ta_projector.continuity.0.1.normalized_p95,2.8887666431092223
frame_04_Ta_projector.triad_index_switch_fraction_1e4_A,0.00341796875
frame_05_Ta_encoder.collapse.effective_rank,1.322134346182565
frame_05_Ta_encoder.collapse.variance,11.982231025827355
frame_05_Ta_encoder.collapse.pair_rms,4.895351065210207
frame_05_Ta_encoder.liquid_collapse.effective_rank,6.912849519827665
frame_05_Ta_encoder.liquid_collapse.variance,1.3222616147487158
frame_05_Ta_encoder.liquid_collapse.pair_rms,1.626199012881705
frame_05_Ta_encoder.reference_coverage.liquid_fraction,0.7783203125
frame_05_Ta_encoder.reference_coverage.cutoff_stable_fraction,0.990478515625
frame_05_Ta_encoder.context.counts.0.train,515
frame_05_Ta_encoder.context.counts.0.test,612
frame_05_Ta_encoder.context.counts.1.train,465
frame_05_Ta_encoder.context.counts.1.test,276
frame_05_Ta_encoder.context.counts.2.train,91
frame_05_Ta_encoder.context.counts.2.test,72
frame_05_Ta_encoder.context.counts.3.train,0
frame_05_Ta_encoder.context.counts.3.test,0
frame_05_Ta_encoder.context.counts.4.train,0
frame_05_Ta_encoder.context.counts.4.test,0
frame_05_Ta_encoder.context.counts.5.train,644
frame_05_Ta_encoder.context.counts.5.test,702
frame_05_Ta_encoder.context.counts.6.train,270
frame_05_Ta_encoder.context.counts.6.test,284
frame_05_Ta_encoder.context.test_coverage,1.0
frame_05_Ta_encoder.context.balanced_accuracy,0.7088743626791607
frame_05_Ta_encoder.context.ap.0,0.6572254935175047
frame_05_Ta_encoder.context.ap.1,0.9944464290713316
frame_05_Ta_encoder.context.ap.2,0.9102570510223272
frame_05_Ta_encoder.context.ap.3,
frame_05_Ta_encoder.context.ap.4,
frame_05_Ta_encoder.context.ap.5,0.7958590889566988
frame_05_Ta_encoder.context.ap.6,0.39915487330933075
frame_05_Ta_encoder.ptm.counts.0.train,1378
frame_05_Ta_encoder.ptm.counts.0.test,1535
frame_05_Ta_encoder.ptm.counts.1.train,0
frame_05_Ta_encoder.ptm.counts.1.test,0
frame_05_Ta_encoder.ptm.counts.2.train,0
frame_05_Ta_encoder.ptm.counts.2.test,0
frame_05_Ta_encoder.ptm.counts.3.train,502
frame_05_Ta_encoder.ptm.counts.3.test,314
frame_05_Ta_encoder.ptm.counts.4.train,105
frame_05_Ta_encoder.ptm.counts.4.test,97
frame_05_Ta_encoder.ptm.test_coverage,1.0
frame_05_Ta_encoder.ptm.balanced_accuracy,0.9237705235361217
frame_05_Ta_encoder.ptm.ap.0,0.9965448158377005
frame_05_Ta_encoder.ptm.ap.1,
frame_05_Ta_encoder.ptm.ap.2,
frame_05_Ta_encoder.ptm.ap.3,0.9988741596799771
frame_05_Ta_encoder.ptm.ap.4,0.6373817353039415
frame_05_Ta_encoder.liquid_order.train_count,1429
frame_05_Ta_encoder.liquid_order.test_count,1598
frame_05_Ta_encoder.liquid_order.conditional_r2_gain,0.16596832871437073
frame_05_Ta_encoder.liquid_order.mean_r2,0.2701101005077362
frame_05_Ta_encoder.context_cutoff_008.counts.0.train,515
frame_05_Ta_encoder.context_cutoff_008.counts.0.test,612
frame_05_Ta_encoder.context_cutoff_008.counts.1.train,463
frame_05_Ta_encoder.context_cutoff_008.counts.1.test,273
frame_05_Ta_encoder.context_cutoff_008.counts.2.train,89
frame_05_Ta_encoder.context_cutoff_008.counts.2.test,73
frame_05_Ta_encoder.context_cutoff_008.counts.3.train,0
frame_05_Ta_encoder.context_cutoff_008.counts.3.test,0
frame_05_Ta_encoder.context_cutoff_008.counts.4.train,0
frame_05_Ta_encoder.context_cutoff_008.counts.4.test,0
frame_05_Ta_encoder.context_cutoff_008.counts.5.train,645
frame_05_Ta_encoder.context_cutoff_008.counts.5.test,702
frame_05_Ta_encoder.context_cutoff_008.counts.6.train,273
frame_05_Ta_encoder.context_cutoff_008.counts.6.test,286
frame_05_Ta_encoder.context_cutoff_008.test_coverage,1.0
frame_05_Ta_encoder.context_cutoff_008.balanced_accuracy,0.7220805308637701
frame_05_Ta_encoder.context_cutoff_008.ap.0,0.6576315579595582
frame_05_Ta_encoder.context_cutoff_008.ap.1,0.9956375872471347
frame_05_Ta_encoder.context_cutoff_008.ap.2,0.936208516636088
frame_05_Ta_encoder.context_cutoff_008.ap.3,
frame_05_Ta_encoder.context_cutoff_008.ap.4,
frame_05_Ta_encoder.context_cutoff_008.ap.5,0.796324751846607
frame_05_Ta_encoder.context_cutoff_008.ap.6,0.4103549090040993
frame_05_Ta_encoder.context_cutoff_010.counts.0.train,515
frame_05_Ta_encoder.context_cutoff_010.counts.0.test,612
frame_05_Ta_encoder.context_cutoff_010.counts.1.train,465
frame_05_Ta_encoder.context_cutoff_010.counts.1.test,276
frame_05_Ta_encoder.context_cutoff_010.counts.2.train,91
frame_05_Ta_encoder.context_cutoff_010.counts.2.test,72
frame_05_Ta_encoder.context_cutoff_010.counts.3.train,0
frame_05_Ta_encoder.context_cutoff_010.counts.3.test,0
frame_05_Ta_encoder.context_cutoff_010.counts.4.train,0
frame_05_Ta_encoder.context_cutoff_010.counts.4.test,0
frame_05_Ta_encoder.context_cutoff_010.counts.5.train,644
frame_05_Ta_encoder.context_cutoff_010.counts.5.test,702
frame_05_Ta_encoder.context_cutoff_010.counts.6.train,270
frame_05_Ta_encoder.context_cutoff_010.counts.6.test,284
frame_05_Ta_encoder.context_cutoff_010.test_coverage,1.0
frame_05_Ta_encoder.context_cutoff_010.balanced_accuracy,0.7088743626791607
frame_05_Ta_encoder.context_cutoff_010.ap.0,0.6572254935175047
frame_05_Ta_encoder.context_cutoff_010.ap.1,0.9944464290713316
frame_05_Ta_encoder.context_cutoff_010.ap.2,0.9102570510223272
frame_05_Ta_encoder.context_cutoff_010.ap.3,
frame_05_Ta_encoder.context_cutoff_010.ap.4,
frame_05_Ta_encoder.context_cutoff_010.ap.5,0.7958590889566988
frame_05_Ta_encoder.context_cutoff_010.ap.6,0.39915487330933075
frame_05_Ta_encoder.context_cutoff_012.counts.0.train,515
frame_05_Ta_encoder.context_cutoff_012.counts.0.test,612
frame_05_Ta_encoder.context_cutoff_012.counts.1.train,469
frame_05_Ta_encoder.context_cutoff_012.counts.1.test,277
frame_05_Ta_encoder.context_cutoff_012.counts.2.train,98
frame_05_Ta_encoder.context_cutoff_012.counts.2.test,82
frame_05_Ta_encoder.context_cutoff_012.counts.3.train,0
frame_05_Ta_encoder.context_cutoff_012.counts.3.test,0
frame_05_Ta_encoder.context_cutoff_012.counts.4.train,0
frame_05_Ta_encoder.context_cutoff_012.counts.4.test,0
frame_05_Ta_encoder.context_cutoff_012.counts.5.train,641
frame_05_Ta_encoder.context_cutoff_012.counts.5.test,702
frame_05_Ta_encoder.context_cutoff_012.counts.6.train,262
frame_05_Ta_encoder.context_cutoff_012.counts.6.test,273
frame_05_Ta_encoder.context_cutoff_012.test_coverage,1.0
frame_05_Ta_encoder.context_cutoff_012.balanced_accuracy,0.687125523561979
frame_05_Ta_encoder.context_cutoff_012.ap.0,0.6603679208533375
frame_05_Ta_encoder.context_cutoff_012.ap.1,0.99344924780272
frame_05_Ta_encoder.context_cutoff_012.ap.2,0.8030134089669158
frame_05_Ta_encoder.context_cutoff_012.ap.3,
frame_05_Ta_encoder.context_cutoff_012.ap.4,
frame_05_Ta_encoder.context_cutoff_012.ap.5,0.7912344555228202
frame_05_Ta_encoder.context_cutoff_012.ap.6,0.3545998373770251
frame_05_Ta_encoder.spatial.auc,0.5203741300305484
frame_05_Ta_encoder.spatial.pairs,1907
frame_05_Ta_encoder.spatial.changed_pairs,885
frame_05_Ta_encoder.spatial.bins,5
frame_05_Ta_encoder.spatial.same_label_normalized_distance,0.3276622698803308
frame_05_Ta_encoder.nonbulk_spatial.auc,0.48330659238312407
frame_05_Ta_encoder.nonbulk_spatial.pairs,1626
frame_05_Ta_encoder.nonbulk_spatial.changed_pairs,853
frame_05_Ta_encoder.nonbulk_spatial.bins,5
frame_05_Ta_encoder.nonbulk_spatial.same_label_normalized_distance,0.7041891441672299
frame_05_Ta_encoder.shuffled_spatial.auc,0.505159500385356
frame_05_Ta_encoder.shuffled_spatial.pairs,1626
frame_05_Ta_encoder.shuffled_spatial.changed_pairs,853
frame_05_Ta_encoder.shuffled_spatial.bins,5
frame_05_Ta_encoder.shuffled_spatial.same_label_normalized_distance,0.8131880159392274
frame_05_Ta_encoder.collapsed_spatial.auc,0.5
frame_05_Ta_encoder.collapsed_spatial.pairs,1626
frame_05_Ta_encoder.collapsed_spatial.changed_pairs,853
frame_05_Ta_encoder.collapsed_spatial.bins,5
frame_05_Ta_encoder.collapsed_spatial.same_label_normalized_distance,
frame_05_Ta_encoder.liquid_topology.train_count,366
frame_05_Ta_encoder.liquid_topology.test_count,379
frame_05_Ta_encoder.liquid_topology.conditional_r2_gain,-0.8901672959327698
frame_05_Ta_encoder.liquid_topology.mean_r2,-0.887130618095398
frame_05_Ta_encoder.nonbulk_cluster_ami,0.15942604252427325
frame_05_Ta_encoder.continuity.0.0001.pair_rms,4.5200394941206925
frame_05_Ta_encoder.continuity.0.0001.normalized_median,0.00014355828293204133
frame_05_Ta_encoder.continuity.0.0001.normalized_p95,0.07881166171820705
frame_05_Ta_encoder.continuity.0.01.pair_rms,4.5200394941206925
frame_05_Ta_encoder.continuity.0.01.normalized_median,0.10564398449275149
frame_05_Ta_encoder.continuity.0.01.normalized_p95,0.3296763173775952
frame_05_Ta_encoder.continuity.0.1.pair_rms,4.5200394941206925
frame_05_Ta_encoder.continuity.0.1.normalized_median,0.2653321886289707
frame_05_Ta_encoder.continuity.0.1.normalized_p95,0.760124311781717
frame_05_Ta_encoder.triad_index_switch_fraction_1e4_A,0.005533854477107525
frame_05_Ta_projector.collapse.effective_rank,2.6113253570734143
frame_05_Ta_projector.collapse.variance,21.282926873630544
frame_05_Ta_projector.collapse.pair_rms,6.5242512020354555
frame_05_Ta_projector.liquid_collapse.effective_rank,1.2333574584464206
frame_05_Ta_projector.liquid_collapse.variance,2.2787662282541925
frame_05_Ta_projector.liquid_collapse.pair_rms,2.1348378056677713
frame_05_Ta_projector.reference_coverage.liquid_fraction,0.7783203125
frame_05_Ta_projector.reference_coverage.cutoff_stable_fraction,0.990478515625
frame_05_Ta_projector.context.counts.0.train,515
frame_05_Ta_projector.context.counts.0.test,612
frame_05_Ta_projector.context.counts.1.train,465
frame_05_Ta_projector.context.counts.1.test,276
frame_05_Ta_projector.context.counts.2.train,91
frame_05_Ta_projector.context.counts.2.test,72
frame_05_Ta_projector.context.counts.3.train,0
frame_05_Ta_projector.context.counts.3.test,0
frame_05_Ta_projector.context.counts.4.train,0
frame_05_Ta_projector.context.counts.4.test,0
frame_05_Ta_projector.context.counts.5.train,644
frame_05_Ta_projector.context.counts.5.test,702
frame_05_Ta_projector.context.counts.6.train,270
frame_05_Ta_projector.context.counts.6.test,284
frame_05_Ta_projector.context.test_coverage,1.0
frame_05_Ta_projector.context.balanced_accuracy,0.6637840050262154
frame_05_Ta_projector.context.ap.0,0.5581073949219589
frame_05_Ta_projector.context.ap.1,0.9962471286500922
frame_05_Ta_projector.context.ap.2,0.9257872490008894
frame_05_Ta_projector.context.ap.3,
frame_05_Ta_projector.context.ap.4,
frame_05_Ta_projector.context.ap.5,0.7021501878394543
frame_05_Ta_projector.context.ap.6,0.3593959012622383
frame_05_Ta_projector.ptm.counts.0.train,1378
frame_05_Ta_projector.ptm.counts.0.test,1535
frame_05_Ta_projector.ptm.counts.1.train,0
frame_05_Ta_projector.ptm.counts.1.test,0
frame_05_Ta_projector.ptm.counts.2.train,0
frame_05_Ta_projector.ptm.counts.2.test,0
frame_05_Ta_projector.ptm.counts.3.train,502
frame_05_Ta_projector.ptm.counts.3.test,314
frame_05_Ta_projector.ptm.counts.4.train,105
frame_05_Ta_projector.ptm.counts.4.test,97
frame_05_Ta_projector.ptm.test_coverage,1.0
frame_05_Ta_projector.ptm.balanced_accuracy,0.8807737808651118
frame_05_Ta_projector.ptm.ap.0,0.9913669777887453
frame_05_Ta_projector.ptm.ap.1,
frame_05_Ta_projector.ptm.ap.2,
frame_05_Ta_projector.ptm.ap.3,0.9984112623328714
frame_05_Ta_projector.ptm.ap.4,0.3700812930005338
frame_05_Ta_projector.liquid_order.train_count,1429
frame_05_Ta_projector.liquid_order.test_count,1598
frame_05_Ta_projector.liquid_order.conditional_r2_gain,0.12199453264474869
frame_05_Ta_projector.liquid_order.mean_r2,0.18252070248126984
frame_05_Ta_projector.context_cutoff_008.counts.0.train,515
frame_05_Ta_projector.context_cutoff_008.counts.0.test,612
frame_05_Ta_projector.context_cutoff_008.counts.1.train,463
frame_05_Ta_projector.context_cutoff_008.counts.1.test,273
frame_05_Ta_projector.context_cutoff_008.counts.2.train,89
frame_05_Ta_projector.context_cutoff_008.counts.2.test,73
frame_05_Ta_projector.context_cutoff_008.counts.3.train,0
frame_05_Ta_projector.context_cutoff_008.counts.3.test,0
frame_05_Ta_projector.context_cutoff_008.counts.4.train,0
frame_05_Ta_projector.context_cutoff_008.counts.4.test,0
frame_05_Ta_projector.context_cutoff_008.counts.5.train,645
frame_05_Ta_projector.context_cutoff_008.counts.5.test,702
frame_05_Ta_projector.context_cutoff_008.counts.6.train,273
frame_05_Ta_projector.context_cutoff_008.counts.6.test,286
frame_05_Ta_projector.context_cutoff_008.test_coverage,1.0
frame_05_Ta_projector.context_cutoff_008.balanced_accuracy,0.677986607358082
frame_05_Ta_projector.context_cutoff_008.ap.0,0.5587276282297066
frame_05_Ta_projector.context_cutoff_008.ap.1,0.9963741456964423
frame_05_Ta_projector.context_cutoff_008.ap.2,0.943502933673341
frame_05_Ta_projector.context_cutoff_008.ap.3,
frame_05_Ta_projector.context_cutoff_008.ap.4,
frame_05_Ta_projector.context_cutoff_008.ap.5,0.7029423356694675
frame_05_Ta_projector.context_cutoff_008.ap.6,0.36895363923855884
frame_05_Ta_projector.context_cutoff_010.counts.0.train,515
frame_05_Ta_projector.context_cutoff_010.counts.0.test,612
frame_05_Ta_projector.context_cutoff_010.counts.1.train,465
frame_05_Ta_projector.context_cutoff_010.counts.1.test,276
frame_05_Ta_projector.context_cutoff_010.counts.2.train,91
frame_05_Ta_projector.context_cutoff_010.counts.2.test,72
frame_05_Ta_projector.context_cutoff_010.counts.3.train,0
frame_05_Ta_projector.context_cutoff_010.counts.3.test,0
frame_05_Ta_projector.context_cutoff_010.counts.4.train,0
frame_05_Ta_projector.context_cutoff_010.counts.4.test,0
frame_05_Ta_projector.context_cutoff_010.counts.5.train,644
frame_05_Ta_projector.context_cutoff_010.counts.5.test,702
frame_05_Ta_projector.context_cutoff_010.counts.6.train,270
frame_05_Ta_projector.context_cutoff_010.counts.6.test,284
frame_05_Ta_projector.context_cutoff_010.test_coverage,1.0
frame_05_Ta_projector.context_cutoff_010.balanced_accuracy,0.6637840050262154
frame_05_Ta_projector.context_cutoff_010.ap.0,0.5581073949219589
frame_05_Ta_projector.context_cutoff_010.ap.1,0.9962471286500922
frame_05_Ta_projector.context_cutoff_010.ap.2,0.9257872490008894
frame_05_Ta_projector.context_cutoff_010.ap.3,
frame_05_Ta_projector.context_cutoff_010.ap.4,
frame_05_Ta_projector.context_cutoff_010.ap.5,0.7021501878394543
frame_05_Ta_projector.context_cutoff_010.ap.6,0.3593959012622383
frame_05_Ta_projector.context_cutoff_012.counts.0.train,515
frame_05_Ta_projector.context_cutoff_012.counts.0.test,612
frame_05_Ta_projector.context_cutoff_012.counts.1.train,469
frame_05_Ta_projector.context_cutoff_012.counts.1.test,277
frame_05_Ta_projector.context_cutoff_012.counts.2.train,98
frame_05_Ta_projector.context_cutoff_012.counts.2.test,82
frame_05_Ta_projector.context_cutoff_012.counts.3.train,0
frame_05_Ta_projector.context_cutoff_012.counts.3.test,0
frame_05_Ta_projector.context_cutoff_012.counts.4.train,0
frame_05_Ta_projector.context_cutoff_012.counts.4.test,0
frame_05_Ta_projector.context_cutoff_012.counts.5.train,641
frame_05_Ta_projector.context_cutoff_012.counts.5.test,702
frame_05_Ta_projector.context_cutoff_012.counts.6.train,262
frame_05_Ta_projector.context_cutoff_012.counts.6.test,273
frame_05_Ta_projector.context_cutoff_012.test_coverage,1.0
frame_05_Ta_projector.context_cutoff_012.balanced_accuracy,0.6466070465215848
frame_05_Ta_projector.context_cutoff_012.ap.0,0.558535891695793
frame_05_Ta_projector.context_cutoff_012.ap.1,0.9938867366517932
frame_05_Ta_projector.context_cutoff_012.ap.2,0.85711894216761
frame_05_Ta_projector.context_cutoff_012.ap.3,
frame_05_Ta_projector.context_cutoff_012.ap.4,
frame_05_Ta_projector.context_cutoff_012.ap.5,0.7006669175158621
frame_05_Ta_projector.context_cutoff_012.ap.6,0.3252074779794883
frame_05_Ta_projector.spatial.auc,0.5216302419911312
frame_05_Ta_projector.spatial.pairs,1907
frame_05_Ta_projector.spatial.changed_pairs,885
frame_05_Ta_projector.spatial.bins,5
frame_05_Ta_projector.spatial.same_label_normalized_distance,0.33446167037442465
frame_05_Ta_projector.nonbulk_spatial.auc,0.49890955384348973
frame_05_Ta_projector.nonbulk_spatial.pairs,1626
frame_05_Ta_projector.nonbulk_spatial.changed_pairs,853
frame_05_Ta_projector.nonbulk_spatial.bins,5
frame_05_Ta_projector.nonbulk_spatial.same_label_normalized_distance,0.5060981923980983
frame_05_Ta_projector.shuffled_spatial.auc,0.5063924622160412
frame_05_Ta_projector.shuffled_spatial.pairs,1626
frame_05_Ta_projector.shuffled_spatial.changed_pairs,853
frame_05_Ta_projector.shuffled_spatial.bins,5
frame_05_Ta_projector.shuffled_spatial.same_label_normalized_distance,0.7478159083347184
frame_05_Ta_projector.collapsed_spatial.auc,0.5
frame_05_Ta_projector.collapsed_spatial.pairs,1626
frame_05_Ta_projector.collapsed_spatial.changed_pairs,853
frame_05_Ta_projector.collapsed_spatial.bins,5
frame_05_Ta_projector.collapsed_spatial.same_label_normalized_distance,
frame_05_Ta_projector.liquid_topology.train_count,366
frame_05_Ta_projector.liquid_topology.test_count,379
frame_05_Ta_projector.liquid_topology.conditional_r2_gain,-0.07507263869047165
frame_05_Ta_projector.liquid_topology.mean_r2,-0.08341258019208908
frame_05_Ta_projector.nonbulk_cluster_ami,0.17106199592940308
frame_05_Ta_projector.continuity.0.0001.pair_rms,5.795981391234089
frame_05_Ta_projector.continuity.0.0001.normalized_median,0.00013331106572592738
frame_05_Ta_projector.continuity.0.0001.normalized_p95,0.062256842571825795
frame_05_Ta_projector.continuity.0.01.pair_rms,5.795981391234089
frame_05_Ta_projector.continuity.0.01.normalized_median,0.07625061271201118
frame_05_Ta_projector.continuity.0.01.normalized_p95,0.41688126304731127
frame_05_Ta_projector.continuity.0.1.pair_rms,5.795981391234089
frame_05_Ta_projector.continuity.0.1.normalized_median,0.21833987798777996
frame_05_Ta_projector.continuity.0.1.normalized_p95,2.504855147800152
frame_05_Ta_projector.triad_index_switch_fraction_1e4_A,0.005533854477107525
frame_06_Zr_encoder.collapse.effective_rank,7.074758608037466
frame_06_Zr_encoder.collapse.variance,1.5157769013481581
frame_06_Zr_encoder.collapse.pair_rms,1.7411357795118438
frame_06_Zr_encoder.liquid_collapse.effective_rank,9.667759862526138
frame_06_Zr_encoder.liquid_collapse.variance,1.1357814549250886
frame_06_Zr_encoder.liquid_collapse.pair_rms,1.5071704979365066
frame_06_Zr_encoder.reference_coverage.liquid_fraction,0.9765625
frame_06_Zr_encoder.reference_coverage.cutoff_stable_fraction,0.956298828125
frame_06_Zr_encoder.context.counts.0.train,968
frame_06_Zr_encoder.context.counts.0.test,920
frame_06_Zr_encoder.context.counts.1.train,16
frame_06_Zr_encoder.context.counts.1.test,0
frame_06_Zr_encoder.context.counts.2.train,53
frame_06_Zr_encoder.context.counts.2.test,20
frame_06_Zr_encoder.context.counts.3.train,0
frame_06_Zr_encoder.context.counts.3.test,0
frame_06_Zr_encoder.context.counts.4.train,0
frame_06_Zr_encoder.context.counts.4.test,0
frame_06_Zr_encoder.context.counts.5.train,489
frame_06_Zr_encoder.context.counts.5.test,492
frame_06_Zr_encoder.context.counts.6.train,390
frame_06_Zr_encoder.context.counts.6.test,399
frame_06_Zr_encoder.context.test_coverage,1.0
frame_06_Zr_encoder.context.balanced_accuracy,0.5851895612573321
frame_06_Zr_encoder.context.ap.0,0.7066549663800396
frame_06_Zr_encoder.context.ap.1,
frame_06_Zr_encoder.context.ap.2,0.7464858483879383
frame_06_Zr_encoder.context.ap.3,
frame_06_Zr_encoder.context.ap.4,
frame_06_Zr_encoder.context.ap.5,0.5416621518166527
frame_06_Zr_encoder.context.ap.6,0.4717727539955057
frame_06_Zr_encoder.ptm.counts.0.train,1854
frame_06_Zr_encoder.ptm.counts.0.test,1809
frame_06_Zr_encoder.ptm.counts.1.train,0
frame_06_Zr_encoder.ptm.counts.1.test,0
frame_06_Zr_encoder.ptm.counts.2.train,1
frame_06_Zr_encoder.ptm.counts.2.test,0
frame_06_Zr_encoder.ptm.counts.3.train,41
frame_06_Zr_encoder.ptm.counts.3.test,10
frame_06_Zr_encoder.ptm.counts.4.train,20
frame_06_Zr_encoder.ptm.counts.4.test,12
frame_06_Zr_encoder.ptm.test_coverage,1.0
frame_06_Zr_encoder.ptm.balanced_accuracy,0.6663257785148332
frame_06_Zr_encoder.ptm.ap.0,0.999452581202019
frame_06_Zr_encoder.ptm.ap.1,
frame_06_Zr_encoder.ptm.ap.2,
frame_06_Zr_encoder.ptm.ap.3,
frame_06_Zr_encoder.ptm.ap.4,
frame_06_Zr_encoder.liquid_order.train_count,1847
frame_06_Zr_encoder.liquid_order.test_count,1811
frame_06_Zr_encoder.liquid_order.conditional_r2_gain,0.14632050693035126
frame_06_Zr_encoder.liquid_order.mean_r2,0.1914587765932083
frame_06_Zr_encoder.context_cutoff_008.counts.0.train,968
frame_06_Zr_encoder.context_cutoff_008.counts.0.test,920
frame_06_Zr_encoder.context_cutoff_008.counts.1.train,15
frame_06_Zr_encoder.context_cutoff_008.counts.1.test,0
frame_06_Zr_encoder.context_cutoff_008.counts.2.train,31
frame_06_Zr_encoder.context_cutoff_008.counts.2.test,9
frame_06_Zr_encoder.context_cutoff_008.counts.3.train,0
frame_06_Zr_encoder.context_cutoff_008.counts.3.test,0
frame_06_Zr_encoder.context_cutoff_008.counts.4.train,0
frame_06_Zr_encoder.context_cutoff_008.counts.4.test,0
frame_06_Zr_encoder.context_cutoff_008.counts.5.train,489
frame_06_Zr_encoder.context_cutoff_008.counts.5.test,493
frame_06_Zr_encoder.context_cutoff_008.counts.6.train,413
frame_06_Zr_encoder.context_cutoff_008.counts.6.test,409
frame_06_Zr_encoder.context_cutoff_008.test_coverage,1.0
frame_06_Zr_encoder.context_cutoff_008.balanced_accuracy,0.557179127578691
frame_06_Zr_encoder.context_cutoff_008.ap.0,0.7068221533696833
frame_06_Zr_encoder.context_cutoff_008.ap.1,
frame_06_Zr_encoder.context_cutoff_008.ap.2,
frame_06_Zr_encoder.context_cutoff_008.ap.3,
frame_06_Zr_encoder.context_cutoff_008.ap.4,
frame_06_Zr_encoder.context_cutoff_008.ap.5,0.5452158616677968
frame_06_Zr_encoder.context_cutoff_008.ap.6,0.5405731236341381
frame_06_Zr_encoder.context_cutoff_010.counts.0.train,968
frame_06_Zr_encoder.context_cutoff_010.counts.0.test,920
frame_06_Zr_encoder.context_cutoff_010.counts.1.train,16
frame_06_Zr_encoder.context_cutoff_010.counts.1.test,0
frame_06_Zr_encoder.context_cutoff_010.counts.2.train,53
frame_06_Zr_encoder.context_cutoff_010.counts.2.test,20
frame_06_Zr_encoder.context_cutoff_010.counts.3.train,0
frame_06_Zr_encoder.context_cutoff_010.counts.3.test,0
frame_06_Zr_encoder.context_cutoff_010.counts.4.train,0
frame_06_Zr_encoder.context_cutoff_010.counts.4.test,0
frame_06_Zr_encoder.context_cutoff_010.counts.5.train,489
frame_06_Zr_encoder.context_cutoff_010.counts.5.test,492
frame_06_Zr_encoder.context_cutoff_010.counts.6.train,390
frame_06_Zr_encoder.context_cutoff_010.counts.6.test,399
frame_06_Zr_encoder.context_cutoff_010.test_coverage,1.0
frame_06_Zr_encoder.context_cutoff_010.balanced_accuracy,0.5851895612573321
frame_06_Zr_encoder.context_cutoff_010.ap.0,0.7066549663800396
frame_06_Zr_encoder.context_cutoff_010.ap.1,
frame_06_Zr_encoder.context_cutoff_010.ap.2,0.7464858483879383
frame_06_Zr_encoder.context_cutoff_010.ap.3,
frame_06_Zr_encoder.context_cutoff_010.ap.4,
frame_06_Zr_encoder.context_cutoff_010.ap.5,0.5416621518166527
frame_06_Zr_encoder.context_cutoff_010.ap.6,0.4717727539955057
frame_06_Zr_encoder.context_cutoff_012.counts.0.train,964
frame_06_Zr_encoder.context_cutoff_012.counts.0.test,918
frame_06_Zr_encoder.context_cutoff_012.counts.1.train,17
frame_06_Zr_encoder.context_cutoff_012.counts.1.test,1
frame_06_Zr_encoder.context_cutoff_012.counts.2.train,110
frame_06_Zr_encoder.context_cutoff_012.counts.2.test,90
frame_06_Zr_encoder.context_cutoff_012.counts.3.train,0
frame_06_Zr_encoder.context_cutoff_012.counts.3.test,0
frame_06_Zr_encoder.context_cutoff_012.counts.4.train,0
frame_06_Zr_encoder.context_cutoff_012.counts.4.test,0
frame_06_Zr_encoder.context_cutoff_012.counts.5.train,486
frame_06_Zr_encoder.context_cutoff_012.counts.5.test,490
frame_06_Zr_encoder.context_cutoff_012.counts.6.train,339
frame_06_Zr_encoder.context_cutoff_012.counts.6.test,332
frame_06_Zr_encoder.context_cutoff_012.test_coverage,0.9994538503549972
frame_06_Zr_encoder.context_cutoff_012.balanced_accuracy,0.5074046553025494
frame_06_Zr_encoder.context_cutoff_012.ap.0,0.6963728445011397
frame_06_Zr_encoder.context_cutoff_012.ap.1,
frame_06_Zr_encoder.context_cutoff_012.ap.2,0.42403992756119185
frame_06_Zr_encoder.context_cutoff_012.ap.3,
frame_06_Zr_encoder.context_cutoff_012.ap.4,
frame_06_Zr_encoder.context_cutoff_012.ap.5,0.5349077661706004
frame_06_Zr_encoder.context_cutoff_012.ap.6,0.3155587717658632
frame_06_Zr_encoder.spatial.auc,0.510294191955537
frame_06_Zr_encoder.spatial.pairs,1687
frame_06_Zr_encoder.spatial.changed_pairs,863
frame_06_Zr_encoder.spatial.bins,5
frame_06_Zr_encoder.spatial.same_label_normalized_distance,0.932893059320333
frame_06_Zr_encoder.nonbulk_spatial.auc,0.510294191955537
frame_06_Zr_encoder.nonbulk_spatial.pairs,1687
frame_06_Zr_encoder.nonbulk_spatial.changed_pairs,863
frame_06_Zr_encoder.nonbulk_spatial.bins,5
frame_06_Zr_encoder.nonbulk_spatial.same_label_normalized_distance,0.932893059320333
frame_06_Zr_encoder.shuffled_spatial.auc,0.47533191727492186
frame_06_Zr_encoder.shuffled_spatial.pairs,1687
frame_06_Zr_encoder.shuffled_spatial.changed_pairs,863
frame_06_Zr_encoder.shuffled_spatial.bins,5
frame_06_Zr_encoder.shuffled_spatial.same_label_normalized_distance,0.9508009135647603
frame_06_Zr_encoder.collapsed_spatial.auc,0.5
frame_06_Zr_encoder.collapsed_spatial.pairs,1687
frame_06_Zr_encoder.collapsed_spatial.changed_pairs,863
frame_06_Zr_encoder.collapsed_spatial.bins,5
frame_06_Zr_encoder.collapsed_spatial.same_label_normalized_distance,
frame_06_Zr_encoder.liquid_topology.train_count,444
frame_06_Zr_encoder.liquid_topology.test_count,470
frame_06_Zr_encoder.liquid_topology.conditional_r2_gain,-0.21572816371917725
frame_06_Zr_encoder.liquid_topology.mean_r2,-0.21759499609470367
frame_06_Zr_encoder.nonbulk_cluster_ami,0.06254075405704654
frame_06_Zr_encoder.continuity.0.0001.pair_rms,1.8973791379214564
frame_06_Zr_encoder.continuity.0.0001.normalized_median,0.000310920157814834
frame_06_Zr_encoder.continuity.0.0001.normalized_p95,0.045665259395186196
frame_06_Zr_encoder.continuity.0.01.pair_rms,1.8973791379214564
frame_06_Zr_encoder.continuity.0.01.normalized_median,0.2182174101433121
frame_06_Zr_encoder.continuity.0.01.normalized_p95,0.5223490875384966
frame_06_Zr_encoder.continuity.0.1.pair_rms,1.8973791379214564
frame_06_Zr_encoder.continuity.0.1.normalized_median,0.5672336157497432
frame_06_Zr_encoder.continuity.0.1.normalized_p95,0.8325587683428752
frame_06_Zr_encoder.triad_index_switch_fraction_1e4_A,0.0013020833721384406
frame_06_Zr_projector.collapse.effective_rank,2.6971549255771796
frame_06_Zr_projector.collapse.variance,4.6912236712685855
frame_06_Zr_projector.collapse.pair_rms,3.063078082997097
frame_06_Zr_projector.liquid_collapse.effective_rank,1.1652338117268173
frame_06_Zr_projector.liquid_collapse.variance,2.725967099080318
frame_06_Zr_projector.liquid_collapse.pair_rms,2.3349377289685127
frame_06_Zr_projector.reference_coverage.liquid_fraction,0.9765625
frame_06_Zr_projector.reference_coverage.cutoff_stable_fraction,0.956298828125
frame_06_Zr_projector.context.counts.0.train,968
frame_06_Zr_projector.context.counts.0.test,920
frame_06_Zr_projector.context.counts.1.train,16
frame_06_Zr_projector.context.counts.1.test,0
frame_06_Zr_projector.context.counts.2.train,53
frame_06_Zr_projector.context.counts.2.test,20
frame_06_Zr_projector.context.counts.3.train,0
frame_06_Zr_projector.context.counts.3.test,0
frame_06_Zr_projector.context.counts.4.train,0
frame_06_Zr_projector.context.counts.4.test,0
frame_06_Zr_projector.context.counts.5.train,489
frame_06_Zr_projector.context.counts.5.test,492
frame_06_Zr_projector.context.counts.6.train,390
frame_06_Zr_projector.context.counts.6.test,399
frame_06_Zr_projector.context.test_coverage,1.0
frame_06_Zr_projector.context.balanced_accuracy,0.5959438462274456
frame_06_Zr_projector.context.ap.0,0.6405405225786021
frame_06_Zr_projector.context.ap.1,
frame_06_Zr_projector.context.ap.2,0.7584983841575592
frame_06_Zr_projector.context.ap.3,
frame_06_Zr_projector.context.ap.4,
frame_06_Zr_projector.context.ap.5,0.4867910113956339
frame_06_Zr_projector.context.ap.6,0.43517165221902027
frame_06_Zr_projector.ptm.counts.0.train,1854
frame_06_Zr_projector.ptm.counts.0.test,1809
frame_06_Zr_projector.ptm.counts.1.train,0
frame_06_Zr_projector.ptm.counts.1.test,0
frame_06_Zr_projector.ptm.counts.2.train,1
frame_06_Zr_projector.ptm.counts.2.test,0
frame_06_Zr_projector.ptm.counts.3.train,41
frame_06_Zr_projector.ptm.counts.3.test,10
frame_06_Zr_projector.ptm.counts.4.train,20
frame_06_Zr_projector.ptm.counts.4.test,12
frame_06_Zr_projector.ptm.test_coverage,1.0
frame_06_Zr_projector.ptm.balanced_accuracy,0.8919016030956329
frame_06_Zr_projector.ptm.ap.0,0.9986642352786208
frame_06_Zr_projector.ptm.ap.1,
frame_06_Zr_projector.ptm.ap.2,
frame_06_Zr_projector.ptm.ap.3,
frame_06_Zr_projector.ptm.ap.4,
frame_06_Zr_projector.liquid_order.train_count,1847
frame_06_Zr_projector.liquid_order.test_count,1811
frame_06_Zr_projector.liquid_order.conditional_r2_gain,0.13628685474395752
frame_06_Zr_projector.liquid_order.mean_r2,0.15376819670200348
frame_06_Zr_projector.context_cutoff_008.counts.0.train,968
frame_06_Zr_projector.context_cutoff_008.counts.0.test,920
frame_06_Zr_projector.context_cutoff_008.counts.1.train,15
frame_06_Zr_projector.context_cutoff_008.counts.1.test,0
frame_06_Zr_projector.context_cutoff_008.counts.2.train,31
frame_06_Zr_projector.context_cutoff_008.counts.2.test,9
frame_06_Zr_projector.context_cutoff_008.counts.3.train,0
frame_06_Zr_projector.context_cutoff_008.counts.3.test,0
frame_06_Zr_projector.context_cutoff_008.counts.4.train,0
frame_06_Zr_projector.context_cutoff_008.counts.4.test,0
frame_06_Zr_projector.context_cutoff_008.counts.5.train,489
frame_06_Zr_projector.context_cutoff_008.counts.5.test,493
frame_06_Zr_projector.context_cutoff_008.counts.6.train,413
frame_06_Zr_projector.context_cutoff_008.counts.6.test,409
frame_06_Zr_projector.context_cutoff_008.test_coverage,1.0
frame_06_Zr_projector.context_cutoff_008.balanced_accuracy,0.5577758833800416
frame_06_Zr_projector.context_cutoff_008.ap.0,0.6434262652977589
frame_06_Zr_projector.context_cutoff_008.ap.1,
frame_06_Zr_projector.context_cutoff_008.ap.2,
frame_06_Zr_projector.context_cutoff_008.ap.3,
frame_06_Zr_projector.context_cutoff_008.ap.4,
frame_06_Zr_projector.context_cutoff_008.ap.5,0.48797444852595284
frame_06_Zr_projector.context_cutoff_008.ap.6,0.4980236884226583
frame_06_Zr_projector.context_cutoff_010.counts.0.train,968
frame_06_Zr_projector.context_cutoff_010.counts.0.test,920
frame_06_Zr_projector.context_cutoff_010.counts.1.train,16
frame_06_Zr_projector.context_cutoff_010.counts.1.test,0
frame_06_Zr_projector.context_cutoff_010.counts.2.train,53
frame_06_Zr_projector.context_cutoff_010.counts.2.test,20
frame_06_Zr_projector.context_cutoff_010.counts.3.train,0
frame_06_Zr_projector.context_cutoff_010.counts.3.test,0
frame_06_Zr_projector.context_cutoff_010.counts.4.train,0
frame_06_Zr_projector.context_cutoff_010.counts.4.test,0
frame_06_Zr_projector.context_cutoff_010.counts.5.train,489
frame_06_Zr_projector.context_cutoff_010.counts.5.test,492
frame_06_Zr_projector.context_cutoff_010.counts.6.train,390
frame_06_Zr_projector.context_cutoff_010.counts.6.test,399
frame_06_Zr_projector.context_cutoff_010.test_coverage,1.0
frame_06_Zr_projector.context_cutoff_010.balanced_accuracy,0.5959438462274456
frame_06_Zr_projector.context_cutoff_010.ap.0,0.6405405225786021
frame_06_Zr_projector.context_cutoff_010.ap.1,
frame_06_Zr_projector.context_cutoff_010.ap.2,0.7584983841575592
frame_06_Zr_projector.context_cutoff_010.ap.3,
frame_06_Zr_projector.context_cutoff_010.ap.4,
frame_06_Zr_projector.context_cutoff_010.ap.5,0.4867910113956339
frame_06_Zr_projector.context_cutoff_010.ap.6,0.43517165221902027
frame_06_Zr_projector.context_cutoff_012.counts.0.train,964
frame_06_Zr_projector.context_cutoff_012.counts.0.test,918
frame_06_Zr_projector.context_cutoff_012.counts.1.train,17
frame_06_Zr_projector.context_cutoff_012.counts.1.test,1
frame_06_Zr_projector.context_cutoff_012.counts.2.train,110
frame_06_Zr_projector.context_cutoff_012.counts.2.test,90
frame_06_Zr_projector.context_cutoff_012.counts.3.train,0
frame_06_Zr_projector.context_cutoff_012.counts.3.test,0
frame_06_Zr_projector.context_cutoff_012.counts.4.train,0
frame_06_Zr_projector.context_cutoff_012.counts.4.test,0
frame_06_Zr_projector.context_cutoff_012.counts.5.train,486
frame_06_Zr_projector.context_cutoff_012.counts.5.test,490
frame_06_Zr_projector.context_cutoff_012.counts.6.train,339
frame_06_Zr_projector.context_cutoff_012.counts.6.test,332
frame_06_Zr_projector.context_cutoff_012.test_coverage,0.9994538503549972
frame_06_Zr_projector.context_cutoff_012.balanced_accuracy,0.4849055686531641
frame_06_Zr_projector.context_cutoff_012.ap.0,0.6399183551942615
frame_06_Zr_projector.context_cutoff_012.ap.1,
frame_06_Zr_projector.context_cutoff_012.ap.2,0.48539841970540837
frame_06_Zr_projector.context_cutoff_012.ap.3,
frame_06_Zr_projector.context_cutoff_012.ap.4,
frame_06_Zr_projector.context_cutoff_012.ap.5,0.48061275455404173
frame_06_Zr_projector.context_cutoff_012.ap.6,0.3064151545420557
frame_06_Zr_projector.spatial.auc,0.5013871330498215
frame_06_Zr_projector.spatial.pairs,1687
frame_06_Zr_projector.spatial.changed_pairs,863
frame_06_Zr_projector.spatial.bins,5
frame_06_Zr_projector.spatial.same_label_normalized_distance,0.7702935257018161
frame_06_Zr_projector.nonbulk_spatial.auc,0.5013871330498215
frame_06_Zr_projector.nonbulk_spatial.pairs,1687
frame_06_Zr_projector.nonbulk_spatial.changed_pairs,863
frame_06_Zr_projector.nonbulk_spatial.bins,5
frame_06_Zr_projector.nonbulk_spatial.same_label_normalized_distance,0.7702935257018161
frame_06_Zr_projector.shuffled_spatial.auc,0.49666946644587223
frame_06_Zr_projector.shuffled_spatial.pairs,1687
frame_06_Zr_projector.shuffled_spatial.changed_pairs,863
frame_06_Zr_projector.shuffled_spatial.bins,5
frame_06_Zr_projector.shuffled_spatial.same_label_normalized_distance,0.7721309136814183
frame_06_Zr_projector.collapsed_spatial.auc,0.5
frame_06_Zr_projector.collapsed_spatial.pairs,1687
frame_06_Zr_projector.collapsed_spatial.changed_pairs,863
frame_06_Zr_projector.collapsed_spatial.bins,5
frame_06_Zr_projector.collapsed_spatial.same_label_normalized_distance,
frame_06_Zr_projector.liquid_topology.train_count,444
frame_06_Zr_projector.liquid_topology.test_count,470
frame_06_Zr_projector.liquid_topology.conditional_r2_gain,-0.025348396971821785
frame_06_Zr_projector.liquid_topology.mean_r2,-0.03087940253317356
frame_06_Zr_projector.nonbulk_cluster_ami,0.02869603112152393
frame_06_Zr_projector.continuity.0.0001.pair_rms,3.5285495569598617
frame_06_Zr_projector.continuity.0.0001.normalized_median,0.00021611550183737533
frame_06_Zr_projector.continuity.0.0001.normalized_p95,0.017318908497577803
frame_06_Zr_projector.continuity.0.01.pair_rms,3.5285495569598617
frame_06_Zr_projector.continuity.0.01.normalized_median,0.10246799108142478
frame_06_Zr_projector.continuity.0.01.normalized_p95,0.47306381646918894
frame_06_Zr_projector.continuity.0.1.pair_rms,3.5285495569598617
frame_06_Zr_projector.continuity.0.1.normalized_median,0.2989989833135679
frame_06_Zr_projector.continuity.0.1.normalized_p95,0.8415730271639549
frame_06_Zr_projector.triad_index_switch_fraction_1e4_A,0.0013020833721384406
frame_07_Zr_encoder.collapse.effective_rank,2.0903663879687344
frame_07_Zr_encoder.collapse.variance,4.183734801182256
frame_07_Zr_encoder.collapse.pair_rms,2.892657878554689
frame_07_Zr_encoder.liquid_collapse.effective_rank,9.633688035011438
frame_07_Zr_encoder.liquid_collapse.variance,1.186198533554444
frame_07_Zr_encoder.liquid_collapse.pair_rms,1.5402587662821101
frame_07_Zr_encoder.reference_coverage.liquid_fraction,0.91943359375
frame_07_Zr_encoder.reference_coverage.cutoff_stable_fraction,0.94775390625
frame_07_Zr_encoder.context.counts.0.train,797
frame_07_Zr_encoder.context.counts.0.test,925
frame_07_Zr_encoder.context.counts.1.train,128
frame_07_Zr_encoder.context.counts.1.test,13
frame_07_Zr_encoder.context.counts.2.train,114
frame_07_Zr_encoder.context.counts.2.test,40
frame_07_Zr_encoder.context.counts.3.train,0
frame_07_Zr_encoder.context.counts.3.test,0
frame_07_Zr_encoder.context.counts.4.train,0
frame_07_Zr_encoder.context.counts.4.test,0
frame_07_Zr_encoder.context.counts.5.train,408
frame_07_Zr_encoder.context.counts.5.test,507
frame_07_Zr_encoder.context.counts.6.train,381
frame_07_Zr_encoder.context.counts.6.test,423
frame_07_Zr_encoder.context.test_coverage,1.0
frame_07_Zr_encoder.context.balanced_accuracy,0.6440129942355801
frame_07_Zr_encoder.context.ap.0,0.7189413405868604
frame_07_Zr_encoder.context.ap.1,
frame_07_Zr_encoder.context.ap.2,0.6582908354398718
frame_07_Zr_encoder.context.ap.3,
frame_07_Zr_encoder.context.ap.4,
frame_07_Zr_encoder.context.ap.5,0.6240439353075826
frame_07_Zr_encoder.context.ap.6,0.4648235641516014
frame_07_Zr_encoder.ptm.counts.0.train,1637
frame_07_Zr_encoder.ptm.counts.0.test,1868
frame_07_Zr_encoder.ptm.counts.1.train,2
frame_07_Zr_encoder.ptm.counts.1.test,1
frame_07_Zr_encoder.ptm.counts.2.train,0
frame_07_Zr_encoder.ptm.counts.2.test,1
frame_07_Zr_encoder.ptm.counts.3.train,180
frame_07_Zr_encoder.ptm.counts.3.test,28
frame_07_Zr_encoder.ptm.counts.4.train,9
frame_07_Zr_encoder.ptm.counts.4.test,10
frame_07_Zr_encoder.ptm.test_coverage,0.9937106918238994
frame_07_Zr_encoder.ptm.balanced_accuracy,0.8744646680942184
frame_07_Zr_encoder.ptm.ap.0,0.9876101343837936
frame_07_Zr_encoder.ptm.ap.1,
frame_07_Zr_encoder.ptm.ap.2,
frame_07_Zr_encoder.ptm.ap.3,0.8357254007974974
frame_07_Zr_encoder.ptm.ap.4,
frame_07_Zr_encoder.liquid_order.train_count,1586
frame_07_Zr_encoder.liquid_order.test_count,1855
frame_07_Zr_encoder.liquid_order.conditional_r2_gain,0.16359594464302063
frame_07_Zr_encoder.liquid_order.mean_r2,0.21554255485534668
frame_07_Zr_encoder.context_cutoff_008.counts.0.train,797
frame_07_Zr_encoder.context_cutoff_008.counts.0.test,925
frame_07_Zr_encoder.context_cutoff_008.counts.1.train,123
frame_07_Zr_encoder.context_cutoff_008.counts.1.test,13
frame_07_Zr_encoder.context_cutoff_008.counts.2.train,95
frame_07_Zr_encoder.context_cutoff_008.counts.2.test,25
frame_07_Zr_encoder.context_cutoff_008.counts.3.train,0
frame_07_Zr_encoder.context_cutoff_008.counts.3.test,0
frame_07_Zr_encoder.context_cutoff_008.counts.4.train,0
frame_07_Zr_encoder.context_cutoff_008.counts.4.test,0
frame_07_Zr_encoder.context_cutoff_008.counts.5.train,409
frame_07_Zr_encoder.context_cutoff_008.counts.5.test,508
frame_07_Zr_encoder.context_cutoff_008.counts.6.train,404
frame_07_Zr_encoder.context_cutoff_008.counts.6.test,437
frame_07_Zr_encoder.context_cutoff_008.test_coverage,1.0
frame_07_Zr_encoder.context_cutoff_008.balanced_accuracy,0.6940179614032116
frame_07_Zr_encoder.context_cutoff_008.ap.0,0.7185291574227003
frame_07_Zr_encoder.context_cutoff_008.ap.1,
frame_07_Zr_encoder.context_cutoff_008.ap.2,0.8844498324896123
frame_07_Zr_encoder.context_cutoff_008.ap.3,
frame_07_Zr_encoder.context_cutoff_008.ap.4,
frame_07_Zr_encoder.context_cutoff_008.ap.5,0.6270591698441612
frame_07_Zr_encoder.context_cutoff_008.ap.6,0.5426366568800856
frame_07_Zr_encoder.context_cutoff_010.counts.0.train,797
frame_07_Zr_encoder.context_cutoff_010.counts.0.test,925
frame_07_Zr_encoder.context_cutoff_010.counts.1.train,128
frame_07_Zr_encoder.context_cutoff_010.counts.1.test,13
frame_07_Zr_encoder.context_cutoff_010.counts.2.train,114
frame_07_Zr_encoder.context_cutoff_010.counts.2.test,40
frame_07_Zr_encoder.context_cutoff_010.counts.3.train,0
frame_07_Zr_encoder.context_cutoff_010.counts.3.test,0
frame_07_Zr_encoder.context_cutoff_010.counts.4.train,0
frame_07_Zr_encoder.context_cutoff_010.counts.4.test,0
frame_07_Zr_encoder.context_cutoff_010.counts.5.train,408
frame_07_Zr_encoder.context_cutoff_010.counts.5.test,507
frame_07_Zr_encoder.context_cutoff_010.counts.6.train,381
frame_07_Zr_encoder.context_cutoff_010.counts.6.test,423
frame_07_Zr_encoder.context_cutoff_010.test_coverage,1.0
frame_07_Zr_encoder.context_cutoff_010.balanced_accuracy,0.6440129942355801
frame_07_Zr_encoder.context_cutoff_010.ap.0,0.7189413405868604
frame_07_Zr_encoder.context_cutoff_010.ap.1,
frame_07_Zr_encoder.context_cutoff_010.ap.2,0.6582908354398718
frame_07_Zr_encoder.context_cutoff_010.ap.3,
frame_07_Zr_encoder.context_cutoff_010.ap.4,
frame_07_Zr_encoder.context_cutoff_010.ap.5,0.6240439353075826
frame_07_Zr_encoder.context_cutoff_010.ap.6,0.4648235641516014
frame_07_Zr_encoder.context_cutoff_012.counts.0.train,792
frame_07_Zr_encoder.context_cutoff_012.counts.0.test,919
frame_07_Zr_encoder.context_cutoff_012.counts.1.train,140
frame_07_Zr_encoder.context_cutoff_012.counts.1.test,14
frame_07_Zr_encoder.context_cutoff_012.counts.2.train,165
frame_07_Zr_encoder.context_cutoff_012.counts.2.test,108
frame_07_Zr_encoder.context_cutoff_012.counts.3.train,0
frame_07_Zr_encoder.context_cutoff_012.counts.3.test,0
frame_07_Zr_encoder.context_cutoff_012.counts.4.train,0
frame_07_Zr_encoder.context_cutoff_012.counts.4.test,0
frame_07_Zr_encoder.context_cutoff_012.counts.5.train,406
frame_07_Zr_encoder.context_cutoff_012.counts.5.test,506
frame_07_Zr_encoder.context_cutoff_012.counts.6.train,325
frame_07_Zr_encoder.context_cutoff_012.counts.6.test,361
frame_07_Zr_encoder.context_cutoff_012.test_coverage,1.0
frame_07_Zr_encoder.context_cutoff_012.balanced_accuracy,0.6161204309323157
frame_07_Zr_encoder.context_cutoff_012.ap.0,0.7179804742374047
frame_07_Zr_encoder.context_cutoff_012.ap.1,
frame_07_Zr_encoder.context_cutoff_012.ap.2,0.5346203832230872
frame_07_Zr_encoder.context_cutoff_012.ap.3,
frame_07_Zr_encoder.context_cutoff_012.ap.4,
frame_07_Zr_encoder.context_cutoff_012.ap.5,0.6209075005649032
frame_07_Zr_encoder.context_cutoff_012.ap.6,0.29983097109988166
frame_07_Zr_encoder.spatial.auc,0.4933076426604596
frame_07_Zr_encoder.spatial.pairs,1768
frame_07_Zr_encoder.spatial.changed_pairs,850
frame_07_Zr_encoder.spatial.bins,5
frame_07_Zr_encoder.spatial.same_label_normalized_distance,0.8046164282035453
frame_07_Zr_encoder.nonbulk_spatial.auc,0.4940834830780856
frame_07_Zr_encoder.nonbulk_spatial.pairs,1758
frame_07_Zr_encoder.nonbulk_spatial.changed_pairs,849
frame_07_Zr_encoder.nonbulk_spatial.bins,5
frame_07_Zr_encoder.nonbulk_spatial.same_label_normalized_distance,0.8917174971347938
frame_07_Zr_encoder.shuffled_spatial.auc,0.4805635988111492
frame_07_Zr_encoder.shuffled_spatial.pairs,1758
frame_07_Zr_encoder.shuffled_spatial.changed_pairs,849
frame_07_Zr_encoder.shuffled_spatial.bins,5
frame_07_Zr_encoder.shuffled_spatial.same_label_normalized_distance,0.7495750773309006
frame_07_Zr_encoder.collapsed_spatial.auc,0.5
frame_07_Zr_encoder.collapsed_spatial.pairs,1758
frame_07_Zr_encoder.collapsed_spatial.changed_pairs,849
frame_07_Zr_encoder.collapsed_spatial.bins,5
frame_07_Zr_encoder.collapsed_spatial.same_label_normalized_distance,
frame_07_Zr_encoder.liquid_topology.train_count,378
frame_07_Zr_encoder.liquid_topology.test_count,465
frame_07_Zr_encoder.liquid_topology.conditional_r2_gain,-27.44296646118164
frame_07_Zr_encoder.liquid_topology.mean_r2,-28.149282455444336
frame_07_Zr_encoder.nonbulk_cluster_ami,0.11959560252426504
frame_07_Zr_encoder.continuity.0.0001.pair_rms,2.7983778337551253
frame_07_Zr_encoder.continuity.0.0001.normalized_median,0.00021862857461888807
frame_07_Zr_encoder.continuity.0.0001.normalized_p95,0.028380135663795887
frame_07_Zr_encoder.continuity.0.01.pair_rms,2.7983778337551253
frame_07_Zr_encoder.continuity.0.01.normalized_median,0.1540054876059978
frame_07_Zr_encoder.continuity.0.01.normalized_p95,0.3826274269667169
frame_07_Zr_encoder.continuity.0.1.pair_rms,2.7983778337551253
frame_07_Zr_encoder.continuity.0.1.normalized_median,0.4072604811730907
frame_07_Zr_encoder.continuity.0.1.normalized_p95,0.6096558389478383
frame_07_Zr_encoder.triad_index_switch_fraction_1e4_A,0.0006510416860692203
frame_07_Zr_projector.collapse.effective_rank,3.9389699135381795
frame_07_Zr_projector.collapse.variance,12.487106671568805
frame_07_Zr_projector.collapse.pair_rms,4.99742066901893
frame_07_Zr_projector.liquid_collapse.effective_rank,1.180532789145376
frame_07_Zr_projector.liquid_collapse.variance,2.858489971682408
frame_07_Zr_projector.liquid_collapse.pair_rms,2.391020690701947
frame_07_Zr_projector.reference_coverage.liquid_fraction,0.91943359375
frame_07_Zr_projector.reference_coverage.cutoff_stable_fraction,0.94775390625
frame_07_Zr_projector.context.counts.0.train,797
frame_07_Zr_projector.context.counts.0.test,925
frame_07_Zr_projector.context.counts.1.train,128
frame_07_Zr_projector.context.counts.1.test,13
frame_07_Zr_projector.context.counts.2.train,114
frame_07_Zr_projector.context.counts.2.test,40
frame_07_Zr_projector.context.counts.3.train,0
frame_07_Zr_projector.context.counts.3.test,0
frame_07_Zr_projector.context.counts.4.train,0
frame_07_Zr_projector.context.counts.4.test,0
frame_07_Zr_projector.context.counts.5.train,408
frame_07_Zr_projector.context.counts.5.test,507
frame_07_Zr_projector.context.counts.6.train,381
frame_07_Zr_projector.context.counts.6.test,423
frame_07_Zr_projector.context.test_coverage,1.0
frame_07_Zr_projector.context.balanced_accuracy,0.6886610617919947
frame_07_Zr_projector.context.ap.0,0.6473362921645822
frame_07_Zr_projector.context.ap.1,
frame_07_Zr_projector.context.ap.2,0.7645485916886177
frame_07_Zr_projector.context.ap.3,
frame_07_Zr_projector.context.ap.4,
frame_07_Zr_projector.context.ap.5,0.5109438581712261
frame_07_Zr_projector.context.ap.6,0.5201931347486661
frame_07_Zr_projector.ptm.counts.0.train,1637
frame_07_Zr_projector.ptm.counts.0.test,1868
frame_07_Zr_projector.ptm.counts.1.train,2
frame_07_Zr_projector.ptm.counts.1.test,1
frame_07_Zr_projector.ptm.counts.2.train,0
frame_07_Zr_projector.ptm.counts.2.test,1
frame_07_Zr_projector.ptm.counts.3.train,180
frame_07_Zr_projector.ptm.counts.3.test,28
frame_07_Zr_projector.ptm.counts.4.train,9
frame_07_Zr_projector.ptm.counts.4.test,10
frame_07_Zr_projector.ptm.test_coverage,0.9937106918238994
frame_07_Zr_projector.ptm.balanced_accuracy,0.9096436219027225
frame_07_Zr_projector.ptm.ap.0,0.9926823521430904
frame_07_Zr_projector.ptm.ap.1,
frame_07_Zr_projector.ptm.ap.2,
frame_07_Zr_projector.ptm.ap.3,0.8753203069307435
frame_07_Zr_projector.ptm.ap.4,
frame_07_Zr_projector.liquid_order.train_count,1586
frame_07_Zr_projector.liquid_order.test_count,1855
frame_07_Zr_projector.liquid_order.conditional_r2_gain,0.14994405210018158
frame_07_Zr_projector.liquid_order.mean_r2,0.17156881093978882
frame_07_Zr_projector.context_cutoff_008.counts.0.train,797
frame_07_Zr_projector.context_cutoff_008.counts.0.test,925
frame_07_Zr_projector.context_cutoff_008.counts.1.train,123
frame_07_Zr_projector.context_cutoff_008.counts.1.test,13
frame_07_Zr_projector.context_cutoff_008.counts.2.train,95
frame_07_Zr_projector.context_cutoff_008.counts.2.test,25
frame_07_Zr_projector.context_cutoff_008.counts.3.train,0
frame_07_Zr_projector.context_cutoff_008.counts.3.test,0
frame_07_Zr_projector.context_cutoff_008.counts.4.train,0
frame_07_Zr_projector.context_cutoff_008.counts.4.test,0
frame_07_Zr_projector.context_cutoff_008.counts.5.train,409
frame_07_Zr_projector.context_cutoff_008.counts.5.test,508
frame_07_Zr_projector.context_cutoff_008.counts.6.train,404
frame_07_Zr_projector.context_cutoff_008.counts.6.test,437
frame_07_Zr_projector.context_cutoff_008.test_coverage,1.0
frame_07_Zr_projector.context_cutoff_008.balanced_accuracy,0.7040537852398606
frame_07_Zr_projector.context_cutoff_008.ap.0,0.646995616132807
frame_07_Zr_projector.context_cutoff_008.ap.1,
frame_07_Zr_projector.context_cutoff_008.ap.2,0.8483092458030893
frame_07_Zr_projector.context_cutoff_008.ap.3,
frame_07_Zr_projector.context_cutoff_008.ap.4,
frame_07_Zr_projector.context_cutoff_008.ap.5,0.515744820681609
frame_07_Zr_projector.context_cutoff_008.ap.6,0.5724564389971798
frame_07_Zr_projector.context_cutoff_010.counts.0.train,797
frame_07_Zr_projector.context_cutoff_010.counts.0.test,925
frame_07_Zr_projector.context_cutoff_010.counts.1.train,128
frame_07_Zr_projector.context_cutoff_010.counts.1.test,13
frame_07_Zr_projector.context_cutoff_010.counts.2.train,114
frame_07_Zr_projector.context_cutoff_010.counts.2.test,40
frame_07_Zr_projector.context_cutoff_010.counts.3.train,0
frame_07_Zr_projector.context_cutoff_010.counts.3.test,0
frame_07_Zr_projector.context_cutoff_010.counts.4.train,0
frame_07_Zr_projector.context_cutoff_010.counts.4.test,0
frame_07_Zr_projector.context_cutoff_010.counts.5.train,408
frame_07_Zr_projector.context_cutoff_010.counts.5.test,507
frame_07_Zr_projector.context_cutoff_010.counts.6.train,381
frame_07_Zr_projector.context_cutoff_010.counts.6.test,423
frame_07_Zr_projector.context_cutoff_010.test_coverage,1.0
frame_07_Zr_projector.context_cutoff_010.balanced_accuracy,0.6886610617919947
frame_07_Zr_projector.context_cutoff_010.ap.0,0.6473362921645822
frame_07_Zr_projector.context_cutoff_010.ap.1,
frame_07_Zr_projector.context_cutoff_010.ap.2,0.7645485916886177
frame_07_Zr_projector.context_cutoff_010.ap.3,
frame_07_Zr_projector.context_cutoff_010.ap.4,
frame_07_Zr_projector.context_cutoff_010.ap.5,0.5109438581712261
frame_07_Zr_projector.context_cutoff_010.ap.6,0.5201931347486661
frame_07_Zr_projector.context_cutoff_012.counts.0.train,792
frame_07_Zr_projector.context_cutoff_012.counts.0.test,919
frame_07_Zr_projector.context_cutoff_012.counts.1.train,140
frame_07_Zr_projector.context_cutoff_012.counts.1.test,14
frame_07_Zr_projector.context_cutoff_012.counts.2.train,165
frame_07_Zr_projector.context_cutoff_012.counts.2.test,108
frame_07_Zr_projector.context_cutoff_012.counts.3.train,0
frame_07_Zr_projector.context_cutoff_012.counts.3.test,0
frame_07_Zr_projector.context_cutoff_012.counts.4.train,0
frame_07_Zr_projector.context_cutoff_012.counts.4.test,0
frame_07_Zr_projector.context_cutoff_012.counts.5.train,406
frame_07_Zr_projector.context_cutoff_012.counts.5.test,506
frame_07_Zr_projector.context_cutoff_012.counts.6.train,325
frame_07_Zr_projector.context_cutoff_012.counts.6.test,361
frame_07_Zr_projector.context_cutoff_012.test_coverage,1.0
frame_07_Zr_projector.context_cutoff_012.balanced_accuracy,0.620500801018829
frame_07_Zr_projector.context_cutoff_012.ap.0,0.6428366307668347
frame_07_Zr_projector.context_cutoff_012.ap.1,
frame_07_Zr_projector.context_cutoff_012.ap.2,0.5950983882281584
frame_07_Zr_projector.context_cutoff_012.ap.3,
frame_07_Zr_projector.context_cutoff_012.ap.4,
frame_07_Zr_projector.context_cutoff_012.ap.5,0.5099552382431851
frame_07_Zr_projector.context_cutoff_012.ap.6,0.3711459177442379
frame_07_Zr_projector.spatial.auc,0.47270071719451134
frame_07_Zr_projector.spatial.pairs,1768
frame_07_Zr_projector.spatial.changed_pairs,850
frame_07_Zr_projector.spatial.bins,5
frame_07_Zr_projector.spatial.same_label_normalized_distance,0.6489396812349073
frame_07_Zr_projector.nonbulk_spatial.auc,0.476074606318128
frame_07_Zr_projector.nonbulk_spatial.pairs,1758
frame_07_Zr_projector.nonbulk_spatial.changed_pairs,849
frame_07_Zr_projector.nonbulk_spatial.bins,5
frame_07_Zr_projector.nonbulk_spatial.same_label_normalized_distance,0.6899169928906325
frame_07_Zr_projector.shuffled_spatial.auc,0.49065401444998924
frame_07_Zr_projector.shuffled_spatial.pairs,1758
frame_07_Zr_projector.shuffled_spatial.changed_pairs,849
frame_07_Zr_projector.shuffled_spatial.bins,5
frame_07_Zr_projector.shuffled_spatial.same_label_normalized_distance,0.6548414648214291
frame_07_Zr_projector.collapsed_spatial.auc,0.5
frame_07_Zr_projector.collapsed_spatial.pairs,1758
frame_07_Zr_projector.collapsed_spatial.changed_pairs,849
frame_07_Zr_projector.collapsed_spatial.bins,5
frame_07_Zr_projector.collapsed_spatial.same_label_normalized_distance,
frame_07_Zr_projector.liquid_topology.train_count,378
frame_07_Zr_projector.liquid_topology.test_count,465
frame_07_Zr_projector.liquid_topology.conditional_r2_gain,-2.989955425262451
frame_07_Zr_projector.liquid_topology.mean_r2,-3.7457222938537598
frame_07_Zr_projector.nonbulk_cluster_ami,0.05358840915172472
frame_07_Zr_projector.continuity.0.0001.pair_rms,4.707700163910139
frame_07_Zr_projector.continuity.0.0001.normalized_median,0.00017799703516101394
frame_07_Zr_projector.continuity.0.0001.normalized_p95,0.02084838143838628
frame_07_Zr_projector.continuity.0.01.pair_rms,4.707700163910139
frame_07_Zr_projector.continuity.0.01.normalized_median,0.08102771129616378
frame_07_Zr_projector.continuity.0.01.normalized_p95,0.39826946230964727
frame_07_Zr_projector.continuity.0.1.pair_rms,4.707700163910139
frame_07_Zr_projector.continuity.0.1.normalized_median,0.2348647023787467
frame_07_Zr_projector.continuity.0.1.normalized_p95,1.0437675546338918
frame_07_Zr_projector.triad_index_switch_fraction_1e4_A,0.0006510416860692203
frame_08_Zr_encoder.collapse.effective_rank,1.4161297012768317
frame_08_Zr_encoder.collapse.variance,11.456240991478962
frame_08_Zr_encoder.collapse.pair_rms,4.786698442868312
frame_08_Zr_encoder.liquid_collapse.effective_rank,9.850960739277507
frame_08_Zr_encoder.liquid_collapse.variance,1.1998479822345758
frame_08_Zr_encoder.liquid_collapse.pair_rms,1.5490952083294143
frame_08_Zr_encoder.reference_coverage.liquid_fraction,0.739990234375
frame_08_Zr_encoder.reference_coverage.cutoff_stable_fraction,0.935791015625
frame_08_Zr_encoder.context.counts.0.train,576
frame_08_Zr_encoder.context.counts.0.test,733
frame_08_Zr_encoder.context.counts.1.train,446
frame_08_Zr_encoder.context.counts.1.test,156
frame_08_Zr_encoder.context.counts.2.train,211
frame_08_Zr_encoder.context.counts.2.test,150
frame_08_Zr_encoder.context.counts.3.train,0
frame_08_Zr_encoder.context.counts.3.test,0
frame_08_Zr_encoder.context.counts.4.train,0
frame_08_Zr_encoder.context.counts.4.test,0
frame_08_Zr_encoder.context.counts.5.train,321
frame_08_Zr_encoder.context.counts.5.test,392
frame_08_Zr_encoder.context.counts.6.train,331
frame_08_Zr_encoder.context.counts.6.test,386
frame_08_Zr_encoder.context.test_coverage,1.0
frame_08_Zr_encoder.context.balanced_accuracy,0.6972245826912564
frame_08_Zr_encoder.context.ap.0,0.7204976709577312
frame_08_Zr_encoder.context.ap.1,0.9992791063961555
frame_08_Zr_encoder.context.ap.2,0.9110350322085465
frame_08_Zr_encoder.context.ap.3,
frame_08_Zr_encoder.context.ap.4,
frame_08_Zr_encoder.context.ap.5,0.5785295159451017
frame_08_Zr_encoder.context.ap.6,0.47197914000292496
frame_08_Zr_encoder.ptm.counts.0.train,1351
frame_08_Zr_encoder.ptm.counts.0.test,1587
frame_08_Zr_encoder.ptm.counts.1.train,0
frame_08_Zr_encoder.ptm.counts.1.test,1
frame_08_Zr_encoder.ptm.counts.2.train,1
frame_08_Zr_encoder.ptm.counts.2.test,2
frame_08_Zr_encoder.ptm.counts.3.train,525
frame_08_Zr_encoder.ptm.counts.3.test,213
frame_08_Zr_encoder.ptm.counts.4.train,8
frame_08_Zr_encoder.ptm.counts.4.test,14
frame_08_Zr_encoder.ptm.test_coverage,0.9906439185470556
frame_08_Zr_encoder.ptm.balanced_accuracy,0.968050267579009
frame_08_Zr_encoder.ptm.ap.0,0.9837174657349952
frame_08_Zr_encoder.ptm.ap.1,
frame_08_Zr_encoder.ptm.ap.2,
frame_08_Zr_encoder.ptm.ap.3,0.9881874334411583
frame_08_Zr_encoder.ptm.ap.4,
frame_08_Zr_encoder.liquid_order.train_count,1228
frame_08_Zr_encoder.liquid_order.test_count,1511
frame_08_Zr_encoder.liquid_order.conditional_r2_gain,0.1446978896856308
frame_08_Zr_encoder.liquid_order.mean_r2,0.19079482555389404
frame_08_Zr_encoder.context_cutoff_008.counts.0.train,577
frame_08_Zr_encoder.context_cutoff_008.counts.0.test,733
frame_08_Zr_encoder.context_cutoff_008.counts.1.train,432
frame_08_Zr_encoder.context_cutoff_008.counts.1.test,150
frame_08_Zr_encoder.context_cutoff_008.counts.2.train,195
frame_08_Zr_encoder.context_cutoff_008.counts.2.test,121
frame_08_Zr_encoder.context_cutoff_008.counts.3.train,0
frame_08_Zr_encoder.context_cutoff_008.counts.3.test,0
frame_08_Zr_encoder.context_cutoff_008.counts.4.train,0
frame_08_Zr_encoder.context_cutoff_008.counts.4.test,0
frame_08_Zr_encoder.context_cutoff_008.counts.5.train,321
frame_08_Zr_encoder.context_cutoff_008.counts.5.test,392
frame_08_Zr_encoder.context_cutoff_008.counts.6.train,360
frame_08_Zr_encoder.context_cutoff_008.counts.6.test,421
frame_08_Zr_encoder.context_cutoff_008.test_coverage,1.0
frame_08_Zr_encoder.context_cutoff_008.balanced_accuracy,0.7206960767122215
frame_08_Zr_encoder.context_cutoff_008.ap.0,0.7190725690306239
frame_08_Zr_encoder.context_cutoff_008.ap.1,0.9968105776311944
frame_08_Zr_encoder.context_cutoff_008.ap.2,0.9474811137291776
frame_08_Zr_encoder.context_cutoff_008.ap.3,
frame_08_Zr_encoder.context_cutoff_008.ap.4,
frame_08_Zr_encoder.context_cutoff_008.ap.5,0.5787733575225867
frame_08_Zr_encoder.context_cutoff_008.ap.6,0.580262263656002
frame_08_Zr_encoder.context_cutoff_010.counts.0.train,576
frame_08_Zr_encoder.context_cutoff_010.counts.0.test,733
frame_08_Zr_encoder.context_cutoff_010.counts.1.train,446
frame_08_Zr_encoder.context_cutoff_010.counts.1.test,156
frame_08_Zr_encoder.context_cutoff_010.counts.2.train,211
frame_08_Zr_encoder.context_cutoff_010.counts.2.test,150
frame_08_Zr_encoder.context_cutoff_010.counts.3.train,0
frame_08_Zr_encoder.context_cutoff_010.counts.3.test,0
frame_08_Zr_encoder.context_cutoff_010.counts.4.train,0
frame_08_Zr_encoder.context_cutoff_010.counts.4.test,0
frame_08_Zr_encoder.context_cutoff_010.counts.5.train,321
frame_08_Zr_encoder.context_cutoff_010.counts.5.test,392
frame_08_Zr_encoder.context_cutoff_010.counts.6.train,331
frame_08_Zr_encoder.context_cutoff_010.counts.6.test,386
frame_08_Zr_encoder.context_cutoff_010.test_coverage,1.0
frame_08_Zr_encoder.context_cutoff_010.balanced_accuracy,0.6972245826912564
frame_08_Zr_encoder.context_cutoff_010.ap.0,0.7204976709577312
frame_08_Zr_encoder.context_cutoff_010.ap.1,0.9992791063961555
frame_08_Zr_encoder.context_cutoff_010.ap.2,0.9110350322085465
frame_08_Zr_encoder.context_cutoff_010.ap.3,
frame_08_Zr_encoder.context_cutoff_010.ap.4,
frame_08_Zr_encoder.context_cutoff_010.ap.5,0.5785295159451017
frame_08_Zr_encoder.context_cutoff_010.ap.6,0.47197914000292496
frame_08_Zr_encoder.context_cutoff_012.counts.0.train,573
frame_08_Zr_encoder.context_cutoff_012.counts.0.test,726
frame_08_Zr_encoder.context_cutoff_012.counts.1.train,456
frame_08_Zr_encoder.context_cutoff_012.counts.1.test,163
frame_08_Zr_encoder.context_cutoff_012.counts.2.train,264
frame_08_Zr_encoder.context_cutoff_012.counts.2.test,220
frame_08_Zr_encoder.context_cutoff_012.counts.3.train,0
frame_08_Zr_encoder.context_cutoff_012.counts.3.test,0
frame_08_Zr_encoder.context_cutoff_012.counts.4.train,2
frame_08_Zr_encoder.context_cutoff_012.counts.4.test,0
frame_08_Zr_encoder.context_cutoff_012.counts.5.train,319
frame_08_Zr_encoder.context_cutoff_012.counts.5.test,390
frame_08_Zr_encoder.context_cutoff_012.counts.6.train,271
frame_08_Zr_encoder.context_cutoff_012.counts.6.test,318
frame_08_Zr_encoder.context_cutoff_012.test_coverage,1.0
frame_08_Zr_encoder.context_cutoff_012.balanced_accuracy,0.6389085530288743
frame_08_Zr_encoder.context_cutoff_012.ap.0,0.7198744469474435
frame_08_Zr_encoder.context_cutoff_012.ap.1,0.9931776547340209
frame_08_Zr_encoder.context_cutoff_012.ap.2,0.7924694089495332
frame_08_Zr_encoder.context_cutoff_012.ap.3,
frame_08_Zr_encoder.context_cutoff_012.ap.4,
frame_08_Zr_encoder.context_cutoff_012.ap.5,0.575272131461751
frame_08_Zr_encoder.context_cutoff_012.ap.6,0.3387139386968857
frame_08_Zr_encoder.spatial.auc,0.5072517606485731
frame_08_Zr_encoder.spatial.pairs,1617
frame_08_Zr_encoder.spatial.changed_pairs,725
frame_08_Zr_encoder.spatial.bins,5
frame_08_Zr_encoder.spatial.same_label_normalized_distance,0.3888733189400247
frame_08_Zr_encoder.nonbulk_spatial.auc,0.4887608046408401
frame_08_Zr_encoder.nonbulk_spatial.pairs,1472
frame_08_Zr_encoder.nonbulk_spatial.changed_pairs,708
frame_08_Zr_encoder.nonbulk_spatial.bins,5
frame_08_Zr_encoder.nonbulk_spatial.same_label_normalized_distance,0.6956472548914028
frame_08_Zr_encoder.shuffled_spatial.auc,0.5044305681710989
frame_08_Zr_encoder.shuffled_spatial.pairs,1472
frame_08_Zr_encoder.shuffled_spatial.changed_pairs,708
frame_08_Zr_encoder.shuffled_spatial.bins,5
frame_08_Zr_encoder.shuffled_spatial.same_label_normalized_distance,0.7801205437794188
frame_08_Zr_encoder.collapsed_spatial.auc,0.5
frame_08_Zr_encoder.collapsed_spatial.pairs,1472
frame_08_Zr_encoder.collapsed_spatial.changed_pairs,708
frame_08_Zr_encoder.collapsed_spatial.bins,5
frame_08_Zr_encoder.collapsed_spatial.same_label_normalized_distance,
frame_08_Zr_encoder.liquid_topology.train_count,308
frame_08_Zr_encoder.liquid_topology.test_count,389
frame_08_Zr_encoder.liquid_topology.conditional_r2_gain,-2.0066192150115967
frame_08_Zr_encoder.liquid_topology.mean_r2,-2.066584587097168
frame_08_Zr_encoder.nonbulk_cluster_ami,0.22826889991693664
frame_08_Zr_encoder.continuity.0.0001.pair_rms,4.737524080395111
frame_08_Zr_encoder.continuity.0.0001.normalized_median,0.0001305635859538689
frame_08_Zr_encoder.continuity.0.0001.normalized_p95,0.031141231983259087
frame_08_Zr_encoder.continuity.0.01.pair_rms,4.737524080395111
frame_08_Zr_encoder.continuity.0.01.normalized_median,0.10495191638535009
frame_08_Zr_encoder.continuity.0.01.normalized_p95,0.26113109415651026
frame_08_Zr_encoder.continuity.0.1.pair_rms,4.737524080395111
frame_08_Zr_encoder.continuity.0.1.normalized_median,0.25111128661802967
frame_08_Zr_encoder.continuity.0.1.normalized_p95,0.6412201373846157
frame_08_Zr_encoder.triad_index_switch_fraction_1e4_A,0.0021158854942768812
frame_08_Zr_projector.collapse.effective_rank,3.609933003417173
frame_08_Zr_projector.collapse.variance,32.25987289266389
frame_08_Zr_projector.collapse.pair_rms,8.032418426932686
frame_08_Zr_projector.liquid_collapse.effective_rank,1.2039135273648114
frame_08_Zr_projector.liquid_collapse.variance,2.7087232829871373
frame_08_Zr_projector.liquid_collapse.pair_rms,2.327540883845926
frame_08_Zr_projector.reference_coverage.liquid_fraction,0.739990234375
frame_08_Zr_projector.reference_coverage.cutoff_stable_fraction,0.935791015625
frame_08_Zr_projector.context.counts.0.train,576
frame_08_Zr_projector.context.counts.0.test,733
frame_08_Zr_projector.context.counts.1.train,446
frame_08_Zr_projector.context.counts.1.test,156
frame_08_Zr_projector.context.counts.2.train,211
frame_08_Zr_projector.context.counts.2.test,150
frame_08_Zr_projector.context.counts.3.train,0
frame_08_Zr_projector.context.counts.3.test,0
frame_08_Zr_projector.context.counts.4.train,0
frame_08_Zr_projector.context.counts.4.test,0
frame_08_Zr_projector.context.counts.5.train,321
frame_08_Zr_projector.context.counts.5.test,392
frame_08_Zr_projector.context.counts.6.train,331
frame_08_Zr_projector.context.counts.6.test,386
frame_08_Zr_projector.context.test_coverage,1.0
frame_08_Zr_projector.context.balanced_accuracy,0.6704284825983755
frame_08_Zr_projector.context.ap.0,0.6232014064017393
frame_08_Zr_projector.context.ap.1,0.9990367057130523
frame_08_Zr_projector.context.ap.2,0.9285604941083049
frame_08_Zr_projector.context.ap.3,
frame_08_Zr_projector.context.ap.4,
frame_08_Zr_projector.context.ap.5,0.49765290099490167
frame_08_Zr_projector.context.ap.6,0.5134273850834978
frame_08_Zr_projector.ptm.counts.0.train,1351
frame_08_Zr_projector.ptm.counts.0.test,1587
frame_08_Zr_projector.ptm.counts.1.train,0
frame_08_Zr_projector.ptm.counts.1.test,1
frame_08_Zr_projector.ptm.counts.2.train,1
frame_08_Zr_projector.ptm.counts.2.test,2
frame_08_Zr_projector.ptm.counts.3.train,525
frame_08_Zr_projector.ptm.counts.3.test,213
frame_08_Zr_projector.ptm.counts.4.train,8
frame_08_Zr_projector.ptm.counts.4.test,14
frame_08_Zr_projector.ptm.test_coverage,0.9906439185470556
frame_08_Zr_projector.ptm.balanced_accuracy,0.9619221314021495
frame_08_Zr_projector.ptm.ap.0,0.9814520574980099
frame_08_Zr_projector.ptm.ap.1,
frame_08_Zr_projector.ptm.ap.2,
frame_08_Zr_projector.ptm.ap.3,0.9818466440291126
frame_08_Zr_projector.ptm.ap.4,
frame_08_Zr_projector.liquid_order.train_count,1228
frame_08_Zr_projector.liquid_order.test_count,1511
frame_08_Zr_projector.liquid_order.conditional_r2_gain,0.15360982716083527
frame_08_Zr_projector.liquid_order.mean_r2,0.16774864494800568
frame_08_Zr_projector.context_cutoff_008.counts.0.train,577
frame_08_Zr_projector.context_cutoff_008.counts.0.test,733
frame_08_Zr_projector.context_cutoff_008.counts.1.train,432
frame_08_Zr_projector.context_cutoff_008.counts.1.test,150
frame_08_Zr_projector.context_cutoff_008.counts.2.train,195
frame_08_Zr_projector.context_cutoff_008.counts.2.test,121
frame_08_Zr_projector.context_cutoff_008.counts.3.train,0
frame_08_Zr_projector.context_cutoff_008.counts.3.test,0
frame_08_Zr_projector.context_cutoff_008.counts.4.train,0
frame_08_Zr_projector.context_cutoff_008.counts.4.test,0
frame_08_Zr_projector.context_cutoff_008.counts.5.train,321
frame_08_Zr_projector.context_cutoff_008.counts.5.test,392
frame_08_Zr_projector.context_cutoff_008.counts.6.train,360
frame_08_Zr_projector.context_cutoff_008.counts.6.test,421
frame_08_Zr_projector.context_cutoff_008.test_coverage,1.0
frame_08_Zr_projector.context_cutoff_008.balanced_accuracy,0.6930869313066159
frame_08_Zr_projector.context_cutoff_008.ap.0,0.6284708528766623
frame_08_Zr_projector.context_cutoff_008.ap.1,0.997072069495763
frame_08_Zr_projector.context_cutoff_008.ap.2,0.9621324036915716
frame_08_Zr_projector.context_cutoff_008.ap.3,
frame_08_Zr_projector.context_cutoff_008.ap.4,
frame_08_Zr_projector.context_cutoff_008.ap.5,0.49831548136942094
frame_08_Zr_projector.context_cutoff_008.ap.6,0.6014778266497173
frame_08_Zr_projector.context_cutoff_010.counts.0.train,576
frame_08_Zr_projector.context_cutoff_010.counts.0.test,733
frame_08_Zr_projector.context_cutoff_010.counts.1.train,446
frame_08_Zr_projector.context_cutoff_010.counts.1.test,156
frame_08_Zr_projector.context_cutoff_010.counts.2.train,211
frame_08_Zr_projector.context_cutoff_010.counts.2.test,150
frame_08_Zr_projector.context_cutoff_010.counts.3.train,0
frame_08_Zr_projector.context_cutoff_010.counts.3.test,0
frame_08_Zr_projector.context_cutoff_010.counts.4.train,0
frame_08_Zr_projector.context_cutoff_010.counts.4.test,0
frame_08_Zr_projector.context_cutoff_010.counts.5.train,321
frame_08_Zr_projector.context_cutoff_010.counts.5.test,392
frame_08_Zr_projector.context_cutoff_010.counts.6.train,331
frame_08_Zr_projector.context_cutoff_010.counts.6.test,386
frame_08_Zr_projector.context_cutoff_010.test_coverage,1.0
frame_08_Zr_projector.context_cutoff_010.balanced_accuracy,0.6704284825983755
frame_08_Zr_projector.context_cutoff_010.ap.0,0.6232014064017393
frame_08_Zr_projector.context_cutoff_010.ap.1,0.9990367057130523
frame_08_Zr_projector.context_cutoff_010.ap.2,0.9285604941083049
frame_08_Zr_projector.context_cutoff_010.ap.3,
frame_08_Zr_projector.context_cutoff_010.ap.4,
frame_08_Zr_projector.context_cutoff_010.ap.5,0.49765290099490167
frame_08_Zr_projector.context_cutoff_010.ap.6,0.5134273850834978
frame_08_Zr_projector.context_cutoff_012.counts.0.train,573
frame_08_Zr_projector.context_cutoff_012.counts.0.test,726
frame_08_Zr_projector.context_cutoff_012.counts.1.train,456
frame_08_Zr_projector.context_cutoff_012.counts.1.test,163
frame_08_Zr_projector.context_cutoff_012.counts.2.train,264
frame_08_Zr_projector.context_cutoff_012.counts.2.test,220
frame_08_Zr_projector.context_cutoff_012.counts.3.train,0
frame_08_Zr_projector.context_cutoff_012.counts.3.test,0
frame_08_Zr_projector.context_cutoff_012.counts.4.train,2
frame_08_Zr_projector.context_cutoff_012.counts.4.test,0
frame_08_Zr_projector.context_cutoff_012.counts.5.train,319
frame_08_Zr_projector.context_cutoff_012.counts.5.test,390
frame_08_Zr_projector.context_cutoff_012.counts.6.train,271
frame_08_Zr_projector.context_cutoff_012.counts.6.test,318
frame_08_Zr_projector.context_cutoff_012.test_coverage,1.0
frame_08_Zr_projector.context_cutoff_012.balanced_accuracy,0.6276030347354891
frame_08_Zr_projector.context_cutoff_012.ap.0,0.6168795781832384
frame_08_Zr_projector.context_cutoff_012.ap.1,0.9865019373252576
frame_08_Zr_projector.context_cutoff_012.ap.2,0.8272137719763416
frame_08_Zr_projector.context_cutoff_012.ap.3,
frame_08_Zr_projector.context_cutoff_012.ap.4,
frame_08_Zr_projector.context_cutoff_012.ap.5,0.4967044545450094
frame_08_Zr_projector.context_cutoff_012.ap.6,0.38287673457333415
frame_08_Zr_projector.spatial.auc,0.48528763220243304
frame_08_Zr_projector.spatial.pairs,1617
frame_08_Zr_projector.spatial.changed_pairs,725
frame_08_Zr_projector.spatial.bins,5
frame_08_Zr_projector.spatial.same_label_normalized_distance,0.4131647368152392
frame_08_Zr_projector.nonbulk_spatial.auc,0.47664739298637293
frame_08_Zr_projector.nonbulk_spatial.pairs,1472
frame_08_Zr_projector.nonbulk_spatial.changed_pairs,708
frame_08_Zr_projector.nonbulk_spatial.bins,5
frame_08_Zr_projector.nonbulk_spatial.same_label_normalized_distance,0.5045363261971544
frame_08_Zr_projector.shuffled_spatial.auc,0.5066970176912405
frame_08_Zr_projector.shuffled_spatial.pairs,1472
frame_08_Zr_projector.shuffled_spatial.changed_pairs,708
frame_08_Zr_projector.shuffled_spatial.bins,5
frame_08_Zr_projector.shuffled_spatial.same_label_normalized_distance,0.7502170548753395
frame_08_Zr_projector.collapsed_spatial.auc,0.5
frame_08_Zr_projector.collapsed_spatial.pairs,1472
frame_08_Zr_projector.collapsed_spatial.changed_pairs,708
frame_08_Zr_projector.collapsed_spatial.bins,5
frame_08_Zr_projector.collapsed_spatial.same_label_normalized_distance,
frame_08_Zr_projector.liquid_topology.train_count,308
frame_08_Zr_projector.liquid_topology.test_count,389
frame_08_Zr_projector.liquid_topology.conditional_r2_gain,-0.44800594449043274
frame_08_Zr_projector.liquid_topology.mean_r2,-0.47850301861763
frame_08_Zr_projector.nonbulk_cluster_ami,0.18503959423601693
frame_08_Zr_projector.continuity.0.0001.pair_rms,8.071176729350903
frame_08_Zr_projector.continuity.0.0001.normalized_median,0.00010027407673737097
frame_08_Zr_projector.continuity.0.0001.normalized_p95,0.01401074241953444
frame_08_Zr_projector.continuity.0.01.pair_rms,8.071176729350903
frame_08_Zr_projector.continuity.0.01.normalized_median,0.05741859035026379
frame_08_Zr_projector.continuity.0.01.normalized_p95,0.3518082211953107
frame_08_Zr_projector.continuity.0.1.pair_rms,8.071176729350903
frame_08_Zr_projector.continuity.0.1.normalized_median,0.17299459103782858
frame_08_Zr_projector.continuity.0.1.normalized_p95,1.682182093632628
frame_08_Zr_projector.triad_index_switch_fraction_1e4_A,0.0021158854942768812
prediction_encoder.future_residual_9ps.groups.all.rows,960
prediction_encoder.future_residual_9ps.groups.all.sources,15
prediction_encoder.future_residual_9ps.groups.all.mse,1.3829277570567986
prediction_encoder.future_residual_9ps.groups.PTM_other.rows,686
prediction_encoder.future_residual_9ps.groups.PTM_other.sources,15
prediction_encoder.future_residual_9ps.groups.PTM_other.mse,1.7675605505240093
prediction_encoder.future_residual_9ps.groups.PTM_crystalline.rows,274
prediction_encoder.future_residual_9ps.groups.PTM_crystalline.sources,13
prediction_encoder.future_residual_9ps.groups.PTM_crystalline.mse,0.5799825925503996
prediction_encoder.future_residual_9ps.groups.T400.rows,192
prediction_encoder.future_residual_9ps.groups.T400.sources,3
prediction_encoder.future_residual_9ps.groups.T400.mse,1.5525909469773373
prediction_encoder.future_residual_9ps.groups.T450.rows,192
prediction_encoder.future_residual_9ps.groups.T450.sources,3
prediction_encoder.future_residual_9ps.groups.T450.mse,1.3369617384256949
prediction_encoder.future_residual_9ps.groups.T500.rows,192
prediction_encoder.future_residual_9ps.groups.T500.sources,3
prediction_encoder.future_residual_9ps.groups.T500.mse,1.2403383439717193
prediction_encoder.future_residual_9ps.groups.T510.rows,192
prediction_encoder.future_residual_9ps.groups.T510.sources,3
prediction_encoder.future_residual_9ps.groups.T510.mse,1.2658364319334698
prediction_encoder.future_residual_9ps.groups.T520.rows,192
prediction_encoder.future_residual_9ps.groups.T520.sources,3
prediction_encoder.future_residual_9ps.groups.T520.mse,1.5189113239757714
prediction_encoder.future_residual_9ps.per_source.876,1.3016328811645508
prediction_encoder.future_residual_9ps.per_source.878,1.8039404153823853
prediction_encoder.future_residual_9ps.per_source.879,1.4511606693267822
prediction_encoder.future_residual_9ps.per_source.902,1.6417889595031738
prediction_encoder.future_residual_9ps.per_source.903,1.4230313301086426
prediction_encoder.future_residual_9ps.per_source.906,1.5929527282714844
prediction_encoder.future_residual_9ps.per_source.935,1.633326768875122
prediction_encoder.future_residual_9ps.per_source.936,1.3873467445373535
prediction_encoder.future_residual_9ps.per_source.937,0.9902117252349854
prediction_encoder.future_residual_9ps.per_source.963,0.7355515956878662
prediction_encoder.future_residual_9ps.per_source.965,1.573457956314087
prediction_encoder.future_residual_9ps.per_source.967,1.4120055437088013
prediction_encoder.future_residual_9ps.per_source.992,0.7454802393913269
prediction_encoder.future_residual_9ps.per_source.994,1.3479173183441162
prediction_encoder.future_residual_9ps.per_source.997,1.7041116952896118
prediction_encoder.residual_constant.groups.all.rows,960
prediction_encoder.residual_constant.groups.all.sources,15
prediction_encoder.residual_constant.groups.all.mse,1.332023421890335
prediction_encoder.residual_constant.groups.PTM_other.rows,686
prediction_encoder.residual_constant.groups.PTM_other.sources,15
prediction_encoder.residual_constant.groups.PTM_other.mse,1.7201624557924204
prediction_encoder.residual_constant.groups.PTM_crystalline.rows,274
prediction_encoder.residual_constant.groups.PTM_crystalline.sources,13
prediction_encoder.residual_constant.groups.PTM_crystalline.mse,0.6290717859534679
prediction_encoder.residual_constant.groups.T400.rows,192
prediction_encoder.residual_constant.groups.T400.sources,3
prediction_encoder.residual_constant.groups.T400.mse,1.4719453435391188
prediction_encoder.residual_constant.groups.T450.rows,192
prediction_encoder.residual_constant.groups.T450.sources,3
prediction_encoder.residual_constant.groups.T450.mse,1.296212443509527
prediction_encoder.residual_constant.groups.T500.rows,192
prediction_encoder.residual_constant.groups.T500.sources,3
prediction_encoder.residual_constant.groups.T500.mse,1.1845963720988948
prediction_encoder.residual_constant.groups.T510.rows,192
prediction_encoder.residual_constant.groups.T510.sources,3
prediction_encoder.residual_constant.groups.T510.mse,1.227402587159304
prediction_encoder.residual_constant.groups.T520.rows,192
prediction_encoder.residual_constant.groups.T520.sources,3
prediction_encoder.residual_constant.groups.T520.mse,1.479960363144831
prediction_encoder.residual_constant.per_source.876,1.2510082721710205
prediction_encoder.residual_constant.per_source.878,1.784614086151123
prediction_encoder.residual_constant.per_source.879,1.4042587280273438
prediction_encoder.residual_constant.per_source.902,1.5010030269622803
prediction_encoder.residual_constant.per_source.903,1.3775594234466553
prediction_encoder.residual_constant.per_source.906,1.537273645401001
prediction_encoder.residual_constant.per_source.935,1.6242361068725586
prediction_encoder.residual_constant.per_source.936,1.31929349899292
prediction_encoder.residual_constant.per_source.937,0.9451076984405518
prediction_encoder.residual_constant.per_source.963,0.6611502170562744
prediction_encoder.residual_constant.per_source.965,1.5156984329223633
prediction_encoder.residual_constant.per_source.967,1.3769402503967285
prediction_encoder.residual_constant.per_source.992,0.6967796087265015
prediction_encoder.residual_constant.per_source.994,1.2939176559448242
prediction_encoder.residual_constant.per_source.997,1.6915104389190674
prediction_encoder.conditional_hazard.rows,643
prediction_encoder.conditional_hazard.events_12ps,18
prediction_encoder.conditional_hazard.nll,0.187118453605373
prediction_encoder.conditional_hazard.best_step,128
prediction_encoder.conditional_hazard.tuning_nll,0.24941291427458845
prediction_encoder.conditional_hazard.per_source.876,0.03215719759464264
prediction_encoder.conditional_hazard.per_source.878,0.12640036642551422
prediction_encoder.conditional_hazard.per_source.879,0.020848369225859642
prediction_encoder.conditional_hazard.per_source.902,0.020551808178424835
prediction_encoder.conditional_hazard.per_source.903,0.02161409705877304
prediction_encoder.conditional_hazard.per_source.906,0.04433410242199898
prediction_encoder.conditional_hazard.per_source.935,0.4505777359008789
prediction_encoder.conditional_hazard.per_source.936,0.27913281321525574
prediction_encoder.conditional_hazard.per_source.937,0.21117337048053741
prediction_encoder.conditional_hazard.per_source.963,0.09641999751329422
prediction_encoder.conditional_hazard.per_source.965,0.6355712413787842
prediction_encoder.conditional_hazard.per_source.967,0.2781062424182892
prediction_encoder.conditional_hazard.per_source.992,0.09626299142837524
prediction_encoder.conditional_hazard.per_source.994,0.16123506426811218
prediction_encoder.conditional_hazard.per_source.997,0.3323914408683777
prediction_encoder.conditional_hazard.horizons.0.75.n,643
prediction_encoder.conditional_hazard.horizons.0.75.sources,15
prediction_encoder.conditional_hazard.horizons.0.75.prevalence,0.0
prediction_encoder.conditional_hazard.horizons.0.75.log_loss,0.009066967311613161
prediction_encoder.conditional_hazard.horizons.0.75.brier,0.002591449088201225
prediction_encoder.conditional_hazard.horizons.0.75.average_precision,
prediction_encoder.conditional_hazard.horizons.0.75.threshold,0.0049162013456225395
prediction_encoder.conditional_hazard.horizons.0.75.recall,
prediction_encoder.conditional_hazard.horizons.0.75.false_positive_rate,0.07440860136391868
prediction_encoder.conditional_hazard.horizons.0.75.precision,0.0
prediction_encoder.conditional_hazard.horizons.0.75.events,0
prediction_encoder.conditional_hazard.horizons.0.75.missed,0
prediction_encoder.conditional_hazard.horizons.0.75.detected_timing_mae_ps,
prediction_encoder.conditional_hazard.horizons.0.75.timed_within_3ps_recall,
prediction_encoder.conditional_hazard.horizons.3.0.n,643
prediction_encoder.conditional_hazard.horizons.3.0.sources,15
prediction_encoder.conditional_hazard.horizons.3.0.prevalence,0.004964157706093189
prediction_encoder.conditional_hazard.horizons.3.0.log_loss,0.03720872235562176
prediction_encoder.conditional_hazard.horizons.3.0.brier,0.009269342823451774
prediction_encoder.conditional_hazard.horizons.3.0.average_precision,0.05286639118299749
prediction_encoder.conditional_hazard.horizons.3.0.threshold,0.034359272569417953
prediction_encoder.conditional_hazard.horizons.3.0.recall,0.552346570397112
prediction_encoder.conditional_hazard.horizons.3.0.false_positive_rate,0.06901597344908582
prediction_encoder.conditional_hazard.horizons.3.0.precision,0.03839422894025035
prediction_encoder.conditional_hazard.horizons.3.0.events,3
prediction_encoder.conditional_hazard.horizons.3.0.missed,1
prediction_encoder.conditional_hazard.horizons.3.0.detected_timing_mae_ps,0.33951866550952525
prediction_encoder.conditional_hazard.horizons.3.0.timed_within_3ps_recall,0.6666666666666666
prediction_encoder.conditional_hazard.horizons.6.0.n,643
prediction_encoder.conditional_hazard.horizons.6.0.sources,15
prediction_encoder.conditional_hazard.horizons.6.0.prevalence,0.012423636212083323
prediction_encoder.conditional_hazard.horizons.6.0.log_loss,0.06954105543353882
prediction_encoder.conditional_hazard.horizons.6.0.brier,0.0178316390476935
prediction_encoder.conditional_hazard.horizons.6.0.average_precision,0.08332275991304829
prediction_encoder.conditional_hazard.horizons.6.0.threshold,0.05508069694042206
prediction_encoder.conditional_hazard.horizons.6.0.recall,0.6869765966660771
prediction_encoder.conditional_hazard.horizons.6.0.false_positive_rate,0.06516198946675239
prediction_encoder.conditional_hazard.horizons.6.0.precision,0.1170953025442477
prediction_encoder.conditional_hazard.horizons.6.0.events,7
prediction_encoder.conditional_hazard.horizons.6.0.missed,2
prediction_encoder.conditional_hazard.horizons.6.0.detected_timing_mae_ps,1.257504304011796
prediction_encoder.conditional_hazard.horizons.6.0.timed_within_3ps_recall,0.7142857142857143
prediction_encoder.conditional_hazard.horizons.9.0.n,643
prediction_encoder.conditional_hazard.horizons.9.0.sources,15
prediction_encoder.conditional_hazard.horizons.9.0.prevalence,0.02264552139352361
prediction_encoder.conditional_hazard.horizons.9.0.log_loss,0.11375646858489623
prediction_encoder.conditional_hazard.horizons.9.0.brier,0.027590845660314417
prediction_encoder.conditional_hazard.horizons.9.0.average_precision,0.07758358859784281
prediction_encoder.conditional_hazard.horizons.9.0.threshold,0.07539093494415283
prediction_encoder.conditional_hazard.horizons.9.0.recall,0.4453478789398908
prediction_encoder.conditional_hazard.horizons.9.0.false_positive_rate,0.0649127402224051
prediction_encoder.conditional_hazard.horizons.9.0.precision,0.13716066930927764
prediction_encoder.conditional_hazard.horizons.9.0.events,13
prediction_encoder.conditional_hazard.horizons.9.0.missed,7
prediction_encoder.conditional_hazard.horizons.9.0.detected_timing_mae_ps,2.07259898430764
prediction_encoder.conditional_hazard.horizons.9.0.timed_within_3ps_recall,0.3076923076923077
prediction_encoder.conditional_hazard.horizons.12.0.n,643
prediction_encoder.conditional_hazard.horizons.12.0.sources,15
prediction_encoder.conditional_hazard.horizons.12.0.prevalence,0.032479084681539046
prediction_encoder.conditional_hazard.horizons.12.0.log_loss,0.13810752964589082
prediction_encoder.conditional_hazard.horizons.12.0.brier,0.03430974120875295
prediction_encoder.conditional_hazard.horizons.12.0.average_precision,0.14481979928711816
prediction_encoder.conditional_hazard.horizons.12.0.threshold,0.07678550481796265
prediction_encoder.conditional_hazard.horizons.12.0.recall,0.4312530259051907
prediction_encoder.conditional_hazard.horizons.12.0.false_positive_rate,0.06324189425306842
prediction_encoder.conditional_hazard.horizons.12.0.precision,0.18627283331324793
prediction_encoder.conditional_hazard.horizons.12.0.events,18
prediction_encoder.conditional_hazard.horizons.12.0.missed,11
prediction_encoder.conditional_hazard.horizons.12.0.detected_timing_mae_ps,3.0312704738541463
prediction_encoder.conditional_hazard.horizons.12.0.timed_within_3ps_recall,0.2222222222222222
prediction_encoder.temporal_response.low_change_threshold,1.2580139935016632
prediction_encoder.temporal_response.high_change_threshold,4.198172450065613
prediction_encoder.temporal_response.domains.all.pairs,720
prediction_encoder.temporal_response.domains.all.quiet,103
prediction_encoder.temporal_response.domains.all.changed,176
prediction_encoder.temporal_response.domains.all.change_distance_spearman,0.48472190339873333
prediction_encoder.temporal_response.domains.all.response_auc,0.8382060900264784
prediction_encoder.temporal_response.domains.all.quiet_normalized_distance,0.3226755019734976
prediction_encoder.temporal_response.domains.all.changed_normalized_distance,1.0153572663049386
prediction_encoder.temporal_response.domains.both_PTM_other.pairs,437
prediction_encoder.temporal_response.domains.both_PTM_other.quiet,15
prediction_encoder.temporal_response.domains.both_PTM_other.changed,67
prediction_encoder.temporal_response.domains.both_PTM_other.change_distance_spearman,0.17848999010413236
prediction_encoder.temporal_response.domains.both_PTM_other.response_auc,0.6527363184079602
prediction_encoder.temporal_response.domains.both_PTM_other.quiet_normalized_distance,0.23650829201753532
prediction_encoder.temporal_response.domains.both_PTM_other.changed_normalized_distance,0.36316455508912554
prediction_projector.future_residual_9ps.groups.all.rows,960
prediction_projector.future_residual_9ps.groups.all.sources,15
prediction_projector.future_residual_9ps.groups.all.mse,1.3368459492892726
prediction_projector.future_residual_9ps.groups.PTM_other.rows,686
prediction_projector.future_residual_9ps.groups.PTM_other.sources,15
prediction_projector.future_residual_9ps.groups.PTM_other.mse,1.7315934269321167
prediction_projector.future_residual_9ps.groups.PTM_crystalline.rows,274
prediction_projector.future_residual_9ps.groups.PTM_crystalline.sources,13
prediction_projector.future_residual_9ps.groups.PTM_crystalline.mse,0.5999944329886351
prediction_projector.future_residual_9ps.groups.T400.rows,192
prediction_projector.future_residual_9ps.groups.T400.sources,3
prediction_projector.future_residual_9ps.groups.T400.mse,1.467405698262155
prediction_projector.future_residual_9ps.groups.T450.rows,192
prediction_projector.future_residual_9ps.groups.T450.sources,3
prediction_projector.future_residual_9ps.groups.T450.mse,1.299612542420315
prediction_projector.future_residual_9ps.groups.T500.rows,192
prediction_projector.future_residual_9ps.groups.T500.sources,3
prediction_projector.future_residual_9ps.groups.T500.mse,1.1996228194911964
prediction_projector.future_residual_9ps.groups.T510.rows,192
prediction_projector.future_residual_9ps.groups.T510.sources,3
prediction_projector.future_residual_9ps.groups.T510.mse,1.217733504701755
prediction_projector.future_residual_9ps.groups.T520.rows,192
prediction_projector.future_residual_9ps.groups.T520.sources,3
prediction_projector.future_residual_9ps.groups.T520.mse,1.4998551815709407
prediction_projector.future_residual_9ps.per_source.876,1.2932405471801758
prediction_projector.future_residual_9ps.per_source.878,1.788846731185913
prediction_projector.future_residual_9ps.per_source.879,1.417478322982788
prediction_projector.future_residual_9ps.per_source.902,1.5020331144332886
prediction_projector.future_residual_9ps.per_source.903,1.3891255855560303
prediction_projector.future_residual_9ps.per_source.906,1.5110583305358887
prediction_projector.future_residual_9ps.per_source.935,1.6077699661254883
prediction_projector.future_residual_9ps.per_source.936,1.3228459358215332
prediction_projector.future_residual_9ps.per_source.937,0.9682216644287109
prediction_projector.future_residual_9ps.per_source.963,0.6672135591506958
prediction_projector.future_residual_9ps.per_source.965,1.5400471687316895
prediction_projector.future_residual_9ps.per_source.967,1.391607642173767
prediction_projector.future_residual_9ps.per_source.992,0.6932984590530396
prediction_projector.future_residual_9ps.per_source.994,1.274491786956787
prediction_projector.future_residual_9ps.per_source.997,1.6854103803634644
prediction_projector.residual_constant.groups.all.rows,960
prediction_projector.residual_constant.groups.all.sources,15
prediction_projector.residual_constant.groups.all.mse,1.332023421890335
prediction_projector.residual_constant.groups.PTM_other.rows,686
prediction_projector.residual_constant.groups.PTM_other.sources,15
prediction_projector.residual_constant.groups.PTM_other.mse,1.7201624557924204
prediction_projector.residual_constant.groups.PTM_crystalline.rows,274
prediction_projector.residual_constant.groups.PTM_crystalline.sources,13
prediction_projector.residual_constant.groups.PTM_crystalline.mse,0.6290717859534679
prediction_projector.residual_constant.groups.T400.rows,192
prediction_projector.residual_constant.groups.T400.sources,3
prediction_projector.residual_constant.groups.T400.mse,1.4719453435391188
prediction_projector.residual_constant.groups.T450.rows,192
prediction_projector.residual_constant.groups.T450.sources,3
prediction_projector.residual_constant.groups.T450.mse,1.296212443509527
prediction_projector.residual_constant.groups.T500.rows,192
prediction_projector.residual_constant.groups.T500.sources,3
prediction_projector.residual_constant.groups.T500.mse,1.1845963720988948
prediction_projector.residual_constant.groups.T510.rows,192
prediction_projector.residual_constant.groups.T510.sources,3
prediction_projector.residual_constant.groups.T510.mse,1.227402587159304
prediction_projector.residual_constant.groups.T520.rows,192
prediction_projector.residual_constant.groups.T520.sources,3
prediction_projector.residual_constant.groups.T520.mse,1.479960363144831
prediction_projector.residual_constant.per_source.876,1.2510082721710205
prediction_projector.residual_constant.per_source.878,1.784614086151123
prediction_projector.residual_constant.per_source.879,1.4042587280273438
prediction_projector.residual_constant.per_source.902,1.5010030269622803
prediction_projector.residual_constant.per_source.903,1.3775594234466553
prediction_projector.residual_constant.per_source.906,1.537273645401001
prediction_projector.residual_constant.per_source.935,1.6242361068725586
prediction_projector.residual_constant.per_source.936,1.31929349899292
prediction_projector.residual_constant.per_source.937,0.9451076984405518
prediction_projector.residual_constant.per_source.963,0.6611502170562744
prediction_projector.residual_constant.per_source.965,1.5156984329223633
prediction_projector.residual_constant.per_source.967,1.3769402503967285
prediction_projector.residual_constant.per_source.992,0.6967796087265015
prediction_projector.residual_constant.per_source.994,1.2939176559448242
prediction_projector.residual_constant.per_source.997,1.6915104389190674
prediction_projector.conditional_hazard.rows,643
prediction_projector.conditional_hazard.events_12ps,18
prediction_projector.conditional_hazard.nll,0.19559800495529914
prediction_projector.conditional_hazard.best_step,0
prediction_projector.conditional_hazard.tuning_nll,0.27174814963242233
prediction_projector.conditional_hazard.per_source.876,0.045317165553569794
prediction_projector.conditional_hazard.per_source.878,0.12049723416566849
prediction_projector.conditional_hazard.per_source.879,0.04531716927886009
prediction_projector.conditional_hazard.per_source.902,0.04531716927886009
prediction_projector.conditional_hazard.per_source.903,0.04531716927886009
prediction_projector.conditional_hazard.per_source.906,0.11370283365249634
prediction_projector.conditional_hazard.per_source.935,0.5063647031784058
prediction_projector.conditional_hazard.per_source.936,0.26027289032936096
prediction_projector.conditional_hazard.per_source.937,0.18313126266002655
prediction_projector.conditional_hazard.per_source.963,0.32834798097610474
prediction_projector.conditional_hazard.per_source.965,0.4947506785392761
prediction_projector.conditional_hazard.per_source.967,0.2519857585430145
prediction_projector.conditional_hazard.per_source.992,0.045317165553569794
prediction_projector.conditional_hazard.per_source.994,0.17193622887134552
prediction_projector.conditional_hazard.per_source.997,0.2763946056365967
prediction_projector.conditional_hazard.horizons.0.75.n,643
prediction_projector.conditional_hazard.horizons.0.75.sources,15
prediction_projector.conditional_hazard.horizons.0.75.prevalence,0.0
prediction_projector.conditional_hazard.horizons.0.75.log_loss,0.003913401680912204
prediction_projector.conditional_hazard.horizons.0.75.brier,1.5254916679774812e-05
prediction_projector.conditional_hazard.horizons.0.75.average_precision,
prediction_projector.conditional_hazard.horizons.0.75.threshold,0.0039057543035596613
prediction_projector.conditional_hazard.horizons.0.75.recall,
prediction_projector.conditional_hazard.horizons.0.75.false_positive_rate,0.0
prediction_projector.conditional_hazard.horizons.0.75.precision,
prediction_projector.conditional_hazard.horizons.0.75.events,0
prediction_projector.conditional_hazard.horizons.0.75.missed,0
prediction_projector.conditional_hazard.horizons.0.75.detected_timing_mae_ps,
prediction_projector.conditional_hazard.horizons.0.75.timed_within_3ps_recall,
prediction_projector.conditional_hazard.horizons.3.0.n,643
prediction_projector.conditional_hazard.horizons.3.0.sources,15
prediction_projector.conditional_hazard.horizons.3.0.prevalence,0.004964157706093189
prediction_projector.conditional_hazard.horizons.3.0.log_loss,0.03777881787235592
prediction_projector.conditional_hazard.horizons.3.0.brier,0.005101111639588548
prediction_projector.conditional_hazard.horizons.3.0.average_precision,0.00496415770609317
prediction_projector.conditional_hazard.horizons.3.0.threshold,0.017676230520009998
prediction_projector.conditional_hazard.horizons.3.0.recall,0.0
prediction_projector.conditional_hazard.horizons.3.0.false_positive_rate,0.0
prediction_projector.conditional_hazard.horizons.3.0.precision,
prediction_projector.conditional_hazard.horizons.3.0.events,3
prediction_projector.conditional_hazard.horizons.3.0.missed,3
prediction_projector.conditional_hazard.horizons.3.0.detected_timing_mae_ps,
prediction_projector.conditional_hazard.horizons.3.0.timed_within_3ps_recall,0.0
prediction_projector.conditional_hazard.horizons.6.0.n,643
prediction_projector.conditional_hazard.horizons.6.0.sources,15
prediction_projector.conditional_hazard.horizons.6.0.prevalence,0.012423636212083323
prediction_projector.conditional_hazard.horizons.6.0.log_loss,0.07235206248666551
prediction_projector.conditional_hazard.horizons.6.0.brier,0.012505624535516392
prediction_projector.conditional_hazard.horizons.6.0.average_precision,0.012423636212083278
prediction_projector.conditional_hazard.horizons.6.0.threshold,0.027796829119324688
prediction_projector.conditional_hazard.horizons.6.0.recall,0.0
prediction_projector.conditional_hazard.horizons.6.0.false_positive_rate,0.0
prediction_projector.conditional_hazard.horizons.6.0.precision,
prediction_projector.conditional_hazard.horizons.6.0.events,7
prediction_projector.conditional_hazard.horizons.6.0.missed,7
prediction_projector.conditional_hazard.horizons.6.0.detected_timing_mae_ps,
prediction_projector.conditional_hazard.horizons.6.0.timed_within_3ps_recall,0.0
prediction_projector.conditional_hazard.horizons.9.0.n,643
prediction_projector.conditional_hazard.horizons.9.0.sources,15
prediction_projector.conditional_hazard.horizons.9.0.prevalence,0.02264552139352361
prediction_projector.conditional_hazard.horizons.9.0.log_loss,0.11131956953968651
prediction_projector.conditional_hazard.horizons.9.0.brier,0.02232549930691915
prediction_projector.conditional_hazard.horizons.9.0.average_precision,0.022645521393523528
prediction_projector.conditional_hazard.horizons.9.0.threshold,0.03653067722916604
prediction_projector.conditional_hazard.horizons.9.0.recall,0.0
prediction_projector.conditional_hazard.horizons.9.0.false_positive_rate,0.0
prediction_projector.conditional_hazard.horizons.9.0.precision,
prediction_projector.conditional_hazard.horizons.9.0.events,13
prediction_projector.conditional_hazard.horizons.9.0.missed,13
prediction_projector.conditional_hazard.horizons.9.0.detected_timing_mae_ps,
prediction_projector.conditional_hazard.horizons.9.0.timed_within_3ps_recall,0.0
prediction_projector.conditional_hazard.horizons.12.0.n,643
prediction_projector.conditional_hazard.horizons.12.0.sources,15
prediction_projector.conditional_hazard.horizons.12.0.prevalence,0.032479084681539046
prediction_projector.conditional_hazard.horizons.12.0.log_loss,0.14507099669010734
prediction_projector.conditional_hazard.horizons.12.0.brier,0.03156406197200376
prediction_projector.conditional_hazard.horizons.12.0.average_precision,0.03247908468153893
prediction_projector.conditional_hazard.horizons.12.0.threshold,0.04430567473173142
prediction_projector.conditional_hazard.horizons.12.0.recall,0.0
prediction_projector.conditional_hazard.horizons.12.0.false_positive_rate,0.0
prediction_projector.conditional_hazard.horizons.12.0.precision,
prediction_projector.conditional_hazard.horizons.12.0.events,18
prediction_projector.conditional_hazard.horizons.12.0.missed,18
prediction_projector.conditional_hazard.horizons.12.0.detected_timing_mae_ps,
prediction_projector.conditional_hazard.horizons.12.0.timed_within_3ps_recall,0.0
prediction_projector.temporal_response.low_change_threshold,1.2580139935016632
prediction_projector.temporal_response.high_change_threshold,4.198172450065613
prediction_projector.temporal_response.domains.all.pairs,720
prediction_projector.temporal_response.domains.all.quiet,103
prediction_projector.temporal_response.domains.all.changed,176
prediction_projector.temporal_response.domains.all.change_distance_spearman,0.37978564773465995
prediction_projector.temporal_response.domains.all.response_auc,0.7521513680494264
prediction_projector.temporal_response.domains.all.quiet_normalized_distance,0.3289683918395676
prediction_projector.temporal_response.domains.all.changed_normalized_distance,0.8604345805023881
prediction_projector.temporal_response.domains.both_PTM_other.pairs,437
prediction_projector.temporal_response.domains.both_PTM_other.quiet,15
prediction_projector.temporal_response.domains.both_PTM_other.changed,67
prediction_projector.temporal_response.domains.both_PTM_other.change_distance_spearman,0.13469078217616487
prediction_projector.temporal_response.domains.both_PTM_other.response_auc,0.5223880597014925
prediction_projector.temporal_response.domains.both_PTM_other.quiet_normalized_distance,0.11344010353297877
prediction_projector.temporal_response.domains.both_PTM_other.changed_normalized_distance,0.275630891358953
prediction_current_physics.future_residual_9ps.groups.all.rows,960
prediction_current_physics.future_residual_9ps.groups.all.sources,15
prediction_current_physics.future_residual_9ps.groups.all.mse,1.332023421868022
prediction_current_physics.future_residual_9ps.groups.PTM_other.rows,686
prediction_current_physics.future_residual_9ps.groups.PTM_other.sources,15
prediction_current_physics.future_residual_9ps.groups.PTM_other.mse,1.7201624557924204
prediction_current_physics.future_residual_9ps.groups.PTM_crystalline.rows,274
prediction_current_physics.future_residual_9ps.groups.PTM_crystalline.sources,13
prediction_current_physics.future_residual_9ps.groups.PTM_crystalline.mse,0.629071785891294
prediction_current_physics.future_residual_9ps.groups.T400.rows,192
prediction_current_physics.future_residual_9ps.groups.T400.sources,3
prediction_current_physics.future_residual_9ps.groups.T400.mse,1.4719453435391188
prediction_current_physics.future_residual_9ps.groups.T450.rows,192
prediction_current_physics.future_residual_9ps.groups.T450.sources,3
prediction_current_physics.future_residual_9ps.groups.T450.mse,1.2962124434319169
prediction_current_physics.future_residual_9ps.groups.T500.rows,192
prediction_current_physics.future_residual_9ps.groups.T500.sources,3
prediction_current_physics.future_residual_9ps.groups.T500.mse,1.1845963720600896
prediction_current_physics.future_residual_9ps.groups.T510.rows,192
prediction_current_physics.future_residual_9ps.groups.T510.sources,3
prediction_current_physics.future_residual_9ps.groups.T510.mse,1.2274025871641547
prediction_current_physics.future_residual_9ps.groups.T520.rows,192
prediction_current_physics.future_residual_9ps.groups.T520.sources,3
prediction_current_physics.future_residual_9ps.groups.T520.mse,1.479960363144831
prediction_current_physics.future_residual_9ps.per_source.876,1.2510082721710205
prediction_current_physics.future_residual_9ps.per_source.878,1.784614086151123
prediction_current_physics.future_residual_9ps.per_source.879,1.4042587280273438
prediction_current_physics.future_residual_9ps.per_source.902,1.5010030269622803
prediction_current_physics.future_residual_9ps.per_source.903,1.3775594234466553
prediction_current_physics.future_residual_9ps.per_source.906,1.537273645401001
prediction_current_physics.future_residual_9ps.per_source.935,1.6242361068725586
prediction_current_physics.future_residual_9ps.per_source.936,1.31929349899292
prediction_current_physics.future_residual_9ps.per_source.937,0.9451076984405518
prediction_current_physics.future_residual_9ps.per_source.963,0.6611502170562744
prediction_current_physics.future_residual_9ps.per_source.965,1.5156984329223633
prediction_current_physics.future_residual_9ps.per_source.967,1.3769402503967285
prediction_current_physics.future_residual_9ps.per_source.992,0.6967796087265015
prediction_current_physics.future_residual_9ps.per_source.994,1.2939176559448242
prediction_current_physics.future_residual_9ps.per_source.997,1.6915104389190674
prediction_current_physics.residual_constant.groups.all.rows,960
prediction_current_physics.residual_constant.groups.all.sources,15
prediction_current_physics.residual_constant.groups.all.mse,1.332023421890335
prediction_current_physics.residual_constant.groups.PTM_other.rows,686
prediction_current_physics.residual_constant.groups.PTM_other.sources,15
prediction_current_physics.residual_constant.groups.PTM_other.mse,1.7201624557924204
prediction_current_physics.residual_constant.groups.PTM_crystalline.rows,274
prediction_current_physics.residual_constant.groups.PTM_crystalline.sources,13
prediction_current_physics.residual_constant.groups.PTM_crystalline.mse,0.6290717859534679
prediction_current_physics.residual_constant.groups.T400.rows,192
prediction_current_physics.residual_constant.groups.T400.sources,3
prediction_current_physics.residual_constant.groups.T400.mse,1.4719453435391188
prediction_current_physics.residual_constant.groups.T450.rows,192
prediction_current_physics.residual_constant.groups.T450.sources,3
prediction_current_physics.residual_constant.groups.T450.mse,1.296212443509527
prediction_current_physics.residual_constant.groups.T500.rows,192
prediction_current_physics.residual_constant.groups.T500.sources,3
prediction_current_physics.residual_constant.groups.T500.mse,1.1845963720988948
prediction_current_physics.residual_constant.groups.T510.rows,192
prediction_current_physics.residual_constant.groups.T510.sources,3
prediction_current_physics.residual_constant.groups.T510.mse,1.227402587159304
prediction_current_physics.residual_constant.groups.T520.rows,192
prediction_current_physics.residual_constant.groups.T520.sources,3
prediction_current_physics.residual_constant.groups.T520.mse,1.479960363144831
prediction_current_physics.residual_constant.per_source.876,1.2510082721710205
prediction_current_physics.residual_constant.per_source.878,1.784614086151123
prediction_current_physics.residual_constant.per_source.879,1.4042587280273438
prediction_current_physics.residual_constant.per_source.902,1.5010030269622803
prediction_current_physics.residual_constant.per_source.903,1.3775594234466553
prediction_current_physics.residual_constant.per_source.906,1.537273645401001
prediction_current_physics.residual_constant.per_source.935,1.6242361068725586
prediction_current_physics.residual_constant.per_source.936,1.31929349899292
prediction_current_physics.residual_constant.per_source.937,0.9451076984405518
prediction_current_physics.residual_constant.per_source.963,0.6611502170562744
prediction_current_physics.residual_constant.per_source.965,1.5156984329223633
prediction_current_physics.residual_constant.per_source.967,1.3769402503967285
prediction_current_physics.residual_constant.per_source.992,0.6967796087265015
prediction_current_physics.residual_constant.per_source.994,1.2939176559448242
prediction_current_physics.residual_constant.per_source.997,1.6915104389190674
prediction_current_physics.conditional_hazard.rows,643
prediction_current_physics.conditional_hazard.events_12ps,18
prediction_current_physics.conditional_hazard.nll,0.19540325506963602
prediction_current_physics.conditional_hazard.best_step,128
prediction_current_physics.conditional_hazard.tuning_nll,0.2561934801151333
prediction_current_physics.conditional_hazard.per_source.876,0.03283444046974182
prediction_current_physics.conditional_hazard.per_source.878,0.10592883825302124
prediction_current_physics.conditional_hazard.per_source.879,0.027593081817030907
prediction_current_physics.conditional_hazard.per_source.902,0.026391858235001564
prediction_current_physics.conditional_hazard.per_source.903,0.02586611919105053
prediction_current_physics.conditional_hazard.per_source.906,0.09201586991548538
prediction_current_physics.conditional_hazard.per_source.935,0.5200216174125671
prediction_current_physics.conditional_hazard.per_source.936,0.27840831875801086
prediction_current_physics.conditional_hazard.per_source.937,0.12092452496290207
prediction_current_physics.conditional_hazard.per_source.963,0.31395724415779114
prediction_current_physics.conditional_hazard.per_source.965,0.5928173065185547
prediction_current_physics.conditional_hazard.per_source.967,0.2722397744655609
prediction_current_physics.conditional_hazard.per_source.992,0.06770939379930496
prediction_current_physics.conditional_hazard.per_source.994,0.16438837349414825
prediction_current_physics.conditional_hazard.per_source.997,0.28995203971862793
prediction_current_physics.conditional_hazard.horizons.0.75.n,643
prediction_current_physics.conditional_hazard.horizons.0.75.sources,15
prediction_current_physics.conditional_hazard.horizons.0.75.prevalence,0.0
prediction_current_physics.conditional_hazard.horizons.0.75.log_loss,0.0018221962342550454
prediction_current_physics.conditional_hazard.horizons.0.75.brier,2.572840217057089e-05
prediction_current_physics.conditional_hazard.horizons.0.75.average_precision,
prediction_current_physics.conditional_hazard.horizons.0.75.threshold,0.011828443966805935
prediction_current_physics.conditional_hazard.horizons.0.75.recall,
prediction_current_physics.conditional_hazard.horizons.0.75.false_positive_rate,0.03939854824595747
prediction_current_physics.conditional_hazard.horizons.0.75.precision,0.0
prediction_current_physics.conditional_hazard.horizons.0.75.events,0
prediction_current_physics.conditional_hazard.horizons.0.75.missed,0
prediction_current_physics.conditional_hazard.horizons.0.75.detected_timing_mae_ps,
prediction_current_physics.conditional_hazard.horizons.0.75.timed_within_3ps_recall,
prediction_current_physics.conditional_hazard.horizons.3.0.n,643
prediction_current_physics.conditional_hazard.horizons.3.0.sources,15
prediction_current_physics.conditional_hazard.horizons.3.0.prevalence,0.004964157706093189
prediction_current_physics.conditional_hazard.horizons.3.0.log_loss,0.033494891115670174
prediction_current_physics.conditional_hazard.horizons.3.0.brier,0.0052732243378661
prediction_current_physics.conditional_hazard.horizons.3.0.average_precision,0.011237196934333817
prediction_current_physics.conditional_hazard.horizons.3.0.threshold,0.046833887696266174
prediction_current_physics.conditional_hazard.horizons.3.0.recall,0.0
prediction_current_physics.conditional_hazard.horizons.3.0.false_positive_rate,0.03815384140465163
prediction_current_physics.conditional_hazard.horizons.3.0.precision,0.0
prediction_current_physics.conditional_hazard.horizons.3.0.events,3
prediction_current_physics.conditional_hazard.horizons.3.0.missed,3
prediction_current_physics.conditional_hazard.horizons.3.0.detected_timing_mae_ps,
prediction_current_physics.conditional_hazard.horizons.3.0.timed_within_3ps_recall,0.0
prediction_current_physics.conditional_hazard.horizons.6.0.n,643
prediction_current_physics.conditional_hazard.horizons.6.0.sources,15
prediction_current_physics.conditional_hazard.horizons.6.0.prevalence,0.012423636212083323
prediction_current_physics.conditional_hazard.horizons.6.0.log_loss,0.06261243348197096
prediction_current_physics.conditional_hazard.horizons.6.0.brier,0.012434480697318579
prediction_current_physics.conditional_hazard.horizons.6.0.average_precision,0.04987511646410167
prediction_current_physics.conditional_hazard.horizons.6.0.threshold,0.05409042909741402
prediction_current_physics.conditional_hazard.horizons.6.0.recall,0.28740294356240587
prediction_current_physics.conditional_hazard.horizons.6.0.false_positive_rate,0.05540425631475534
prediction_current_physics.conditional_hazard.horizons.6.0.precision,0.06125926536961312
prediction_current_physics.conditional_hazard.horizons.6.0.events,7
prediction_current_physics.conditional_hazard.horizons.6.0.missed,5
prediction_current_physics.conditional_hazard.horizons.6.0.detected_timing_mae_ps,1.1745945380067804
prediction_current_physics.conditional_hazard.horizons.6.0.timed_within_3ps_recall,0.2857142857142857
prediction_current_physics.conditional_hazard.horizons.9.0.n,643
prediction_current_physics.conditional_hazard.horizons.9.0.sources,15
prediction_current_physics.conditional_hazard.horizons.9.0.prevalence,0.02264552139352361
prediction_current_physics.conditional_hazard.horizons.9.0.log_loss,0.1065822724154313
prediction_current_physics.conditional_hazard.horizons.9.0.brier,0.02236764432895219
prediction_current_physics.conditional_hazard.horizons.9.0.average_precision,0.048694118083437384
prediction_current_physics.conditional_hazard.horizons.9.0.threshold,0.09030628204345703
prediction_current_physics.conditional_hazard.horizons.9.0.recall,0.08920978170896862
prediction_current_physics.conditional_hazard.horizons.9.0.false_positive_rate,0.04314545625272642
prediction_current_physics.conditional_hazard.horizons.9.0.precision,0.0457177123470904
prediction_current_physics.conditional_hazard.horizons.9.0.events,13
prediction_current_physics.conditional_hazard.horizons.9.0.missed,12
prediction_current_physics.conditional_hazard.horizons.9.0.detected_timing_mae_ps,0.17285206840809098
prediction_current_physics.conditional_hazard.horizons.9.0.timed_within_3ps_recall,0.07692307692307693
prediction_current_physics.conditional_hazard.horizons.12.0.n,643
prediction_current_physics.conditional_hazard.horizons.12.0.sources,15
prediction_current_physics.conditional_hazard.horizons.12.0.prevalence,0.032479084681539046
prediction_current_physics.conditional_hazard.horizons.12.0.log_loss,0.141430123894987
prediction_current_physics.conditional_hazard.horizons.12.0.brier,0.0315640730195752
prediction_current_physics.conditional_hazard.horizons.12.0.average_precision,0.06091461042254151
prediction_current_physics.conditional_hazard.horizons.12.0.threshold,0.10798215121030807
prediction_current_physics.conditional_hazard.horizons.12.0.recall,0.06220009092036677
prediction_current_physics.conditional_hazard.horizons.12.0.false_positive_rate,0.040060440428074225
prediction_current_physics.conditional_hazard.horizons.12.0.precision,0.04953962719041437
prediction_current_physics.conditional_hazard.horizons.12.0.events,18
prediction_current_physics.conditional_hazard.horizons.12.0.missed,17
prediction_current_physics.conditional_hazard.horizons.12.0.detected_timing_mae_ps,0.3691432520556992
prediction_current_physics.conditional_hazard.horizons.12.0.timed_within_3ps_recall,0.05555555555555555
prediction_current_physics.temporal_response.low_change_threshold,1.2580139935016632
prediction_current_physics.temporal_response.high_change_threshold,4.198172450065613
prediction_current_physics.temporal_response.domains.all.pairs,720
prediction_current_physics.temporal_response.domains.all.quiet,103
prediction_current_physics.temporal_response.domains.all.changed,176
prediction_current_physics.temporal_response.domains.all.change_distance_spearman,
prediction_current_physics.temporal_response.domains.all.response_auc,0.5
prediction_current_physics.temporal_response.domains.all.quiet_normalized_distance,
prediction_current_physics.temporal_response.domains.all.changed_normalized_distance,
prediction_current_physics.temporal_response.domains.both_PTM_other.pairs,437
prediction_current_physics.temporal_response.domains.both_PTM_other.quiet,15
prediction_current_physics.temporal_response.domains.both_PTM_other.changed,67
prediction_current_physics.temporal_response.domains.both_PTM_other.change_distance_spearman,
prediction_current_physics.temporal_response.domains.both_PTM_other.response_auc,0.5
prediction_current_physics.temporal_response.domains.both_PTM_other.quiet_normalized_distance,
prediction_current_physics.temporal_response.domains.both_PTM_other.changed_normalized_distance,
