metric,value
frame_00_Al_encoder.collapse.effective_rank,7.741461199850577
frame_00_Al_encoder.collapse.variance,2.1475361293419173
frame_00_Al_encoder.collapse.pair_rms,2.0724556107873178
frame_00_Al_encoder.liquid_collapse.effective_rank,7.631368083184758
frame_00_Al_encoder.liquid_collapse.variance,1.8302151189436282
frame_00_Al_encoder.liquid_collapse.pair_rms,1.9132250881397244
frame_00_Al_encoder.reference_coverage.liquid_fraction,0.9658203125
frame_00_Al_encoder.reference_coverage.cutoff_stable_fraction,0.939453125
frame_00_Al_encoder.context.counts.0.train,583
frame_00_Al_encoder.context.counts.0.test,579
frame_00_Al_encoder.context.counts.1.train,0
frame_00_Al_encoder.context.counts.1.test,0
frame_00_Al_encoder.context.counts.2.train,58
frame_00_Al_encoder.context.counts.2.test,55
frame_00_Al_encoder.context.counts.3.train,0
frame_00_Al_encoder.context.counts.3.test,4
frame_00_Al_encoder.context.counts.4.train,0
frame_00_Al_encoder.context.counts.4.test,0
frame_00_Al_encoder.context.counts.5.train,851
frame_00_Al_encoder.context.counts.5.test,871
frame_00_Al_encoder.context.counts.6.train,379
frame_00_Al_encoder.context.counts.6.test,376
frame_00_Al_encoder.context.test_coverage,0.9978779840848806
frame_00_Al_encoder.context.balanced_accuracy,0.47710821477067694
frame_00_Al_encoder.context.ap.0,0.48966891765834636
frame_00_Al_encoder.context.ap.1,
frame_00_Al_encoder.context.ap.2,0.22644410024730227
frame_00_Al_encoder.context.ap.3,
frame_00_Al_encoder.context.ap.4,
frame_00_Al_encoder.context.ap.5,0.7280673508151569
frame_00_Al_encoder.context.ap.6,0.36873995167287776
frame_00_Al_encoder.ptm.counts.0.train,1828
frame_00_Al_encoder.ptm.counts.0.test,1838
frame_00_Al_encoder.ptm.counts.1.train,9
frame_00_Al_encoder.ptm.counts.1.test,7
frame_00_Al_encoder.ptm.counts.2.train,9
frame_00_Al_encoder.ptm.counts.2.test,16
frame_00_Al_encoder.ptm.counts.3.train,0
frame_00_Al_encoder.ptm.counts.3.test,0
frame_00_Al_encoder.ptm.counts.4.train,25
frame_00_Al_encoder.ptm.counts.4.test,24
frame_00_Al_encoder.ptm.test_coverage,0.9877984084880637
frame_00_Al_encoder.ptm.balanced_accuracy,0.734766050054407
frame_00_Al_encoder.ptm.ap.0,0.9662726971923632
frame_00_Al_encoder.ptm.ap.1,
frame_00_Al_encoder.ptm.ap.2,
frame_00_Al_encoder.ptm.ap.3,
frame_00_Al_encoder.ptm.ap.4,0.2680972794053748
frame_00_Al_encoder.liquid_order.train_count,1813
frame_00_Al_encoder.liquid_order.test_count,1826
frame_00_Al_encoder.liquid_order.conditional_r2_gain,0.19177798926830292
frame_00_Al_encoder.liquid_order.mean_r2,0.2262900322675705
frame_00_Al_encoder.context_cutoff_008.counts.0.train,583
frame_00_Al_encoder.context_cutoff_008.counts.0.test,580
frame_00_Al_encoder.context_cutoff_008.counts.1.train,0
frame_00_Al_encoder.context_cutoff_008.counts.1.test,0
frame_00_Al_encoder.context_cutoff_008.counts.2.train,20
frame_00_Al_encoder.context_cutoff_008.counts.2.test,19
frame_00_Al_encoder.context_cutoff_008.counts.3.train,0
frame_00_Al_encoder.context_cutoff_008.counts.3.test,4
frame_00_Al_encoder.context_cutoff_008.counts.4.train,0
frame_00_Al_encoder.context_cutoff_008.counts.4.test,0
frame_00_Al_encoder.context_cutoff_008.counts.5.train,854
frame_00_Al_encoder.context_cutoff_008.counts.5.test,874
frame_00_Al_encoder.context_cutoff_008.counts.6.train,414
frame_00_Al_encoder.context_cutoff_008.counts.6.test,408
frame_00_Al_encoder.context_cutoff_008.test_coverage,0.9978779840848806
frame_00_Al_encoder.context_cutoff_008.balanced_accuracy,0.5223966963886478
frame_00_Al_encoder.context_cutoff_008.ap.0,0.4925359397861999
frame_00_Al_encoder.context_cutoff_008.ap.1,
frame_00_Al_encoder.context_cutoff_008.ap.2,
frame_00_Al_encoder.context_cutoff_008.ap.3,
frame_00_Al_encoder.context_cutoff_008.ap.4,
frame_00_Al_encoder.context_cutoff_008.ap.5,0.7353167963698782
frame_00_Al_encoder.context_cutoff_008.ap.6,0.49015083047122754
frame_00_Al_encoder.context_cutoff_010.counts.0.train,583
frame_00_Al_encoder.context_cutoff_010.counts.0.test,579
frame_00_Al_encoder.context_cutoff_010.counts.1.train,0
frame_00_Al_encoder.context_cutoff_010.counts.1.test,0
frame_00_Al_encoder.context_cutoff_010.counts.2.train,58
frame_00_Al_encoder.context_cutoff_010.counts.2.test,55
frame_00_Al_encoder.context_cutoff_010.counts.3.train,0
frame_00_Al_encoder.context_cutoff_010.counts.3.test,4
frame_00_Al_encoder.context_cutoff_010.counts.4.train,0
frame_00_Al_encoder.context_cutoff_010.counts.4.test,0
frame_00_Al_encoder.context_cutoff_010.counts.5.train,851
frame_00_Al_encoder.context_cutoff_010.counts.5.test,871
frame_00_Al_encoder.context_cutoff_010.counts.6.train,379
frame_00_Al_encoder.context_cutoff_010.counts.6.test,376
frame_00_Al_encoder.context_cutoff_010.test_coverage,0.9978779840848806
frame_00_Al_encoder.context_cutoff_010.balanced_accuracy,0.47710821477067694
frame_00_Al_encoder.context_cutoff_010.ap.0,0.48966891765834636
frame_00_Al_encoder.context_cutoff_010.ap.1,
frame_00_Al_encoder.context_cutoff_010.ap.2,0.22644410024730227
frame_00_Al_encoder.context_cutoff_010.ap.3,
frame_00_Al_encoder.context_cutoff_010.ap.4,
frame_00_Al_encoder.context_cutoff_010.ap.5,0.7280673508151569
frame_00_Al_encoder.context_cutoff_010.ap.6,0.36873995167287776
frame_00_Al_encoder.context_cutoff_012.counts.0.train,574
frame_00_Al_encoder.context_cutoff_012.counts.0.test,576
frame_00_Al_encoder.context_cutoff_012.counts.1.train,1
frame_00_Al_encoder.context_cutoff_012.counts.1.test,0
frame_00_Al_encoder.context_cutoff_012.counts.2.train,140
frame_00_Al_encoder.context_cutoff_012.counts.2.test,124
frame_00_Al_encoder.context_cutoff_012.counts.3.train,0
frame_00_Al_encoder.context_cutoff_012.counts.3.test,4
frame_00_Al_encoder.context_cutoff_012.counts.4.train,0
frame_00_Al_encoder.context_cutoff_012.counts.4.test,0
frame_00_Al_encoder.context_cutoff_012.counts.5.train,840
frame_00_Al_encoder.context_cutoff_012.counts.5.test,861
frame_00_Al_encoder.context_cutoff_012.counts.6.train,316
frame_00_Al_encoder.context_cutoff_012.counts.6.test,320
frame_00_Al_encoder.context_cutoff_012.test_coverage,0.9978779840848806
frame_00_Al_encoder.context_cutoff_012.balanced_accuracy,0.467225121919998
frame_00_Al_encoder.context_cutoff_012.ap.0,0.4839924356118271
frame_00_Al_encoder.context_cutoff_012.ap.1,
frame_00_Al_encoder.context_cutoff_012.ap.2,0.3524321998969213
frame_00_Al_encoder.context_cutoff_012.ap.3,
frame_00_Al_encoder.context_cutoff_012.ap.4,
frame_00_Al_encoder.context_cutoff_012.ap.5,0.7248642402136054
frame_00_Al_encoder.context_cutoff_012.ap.6,0.2621055755484505
frame_00_Al_encoder.planar_fault.counts.0.train,1862
frame_00_Al_encoder.planar_fault.counts.0.test,1869
frame_00_Al_encoder.planar_fault.counts.1.train,9
frame_00_Al_encoder.planar_fault.counts.1.test,12
frame_00_Al_encoder.planar_fault.counts.2.train,0
frame_00_Al_encoder.planar_fault.counts.2.test,1
frame_00_Al_encoder.planar_fault.counts.3.train,0
frame_00_Al_encoder.planar_fault.counts.3.test,2
frame_00_Al_encoder.planar_fault.counts.4.train,0
frame_00_Al_encoder.planar_fault.counts.4.test,1
frame_00_Al_encoder.planar_fault.test_coverage,0.9915119363395225
frame_00_Al_encoder.planar_fault.balanced_accuracy,
frame_00_Al_encoder.spatial.auc,0.48626746907895313
frame_00_Al_encoder.spatial.pairs,1709
frame_00_Al_encoder.spatial.changed_pairs,927
frame_00_Al_encoder.spatial.bins,5
frame_00_Al_encoder.spatial.same_label_normalized_distance,0.9123561959433664
frame_00_Al_encoder.nonbulk_spatial.auc,0.48626746907895313
frame_00_Al_encoder.nonbulk_spatial.pairs,1709
frame_00_Al_encoder.nonbulk_spatial.changed_pairs,927
frame_00_Al_encoder.nonbulk_spatial.bins,5
frame_00_Al_encoder.nonbulk_spatial.same_label_normalized_distance,0.9123561959433664
frame_00_Al_encoder.shuffled_spatial.auc,0.4935749362764851
frame_00_Al_encoder.shuffled_spatial.pairs,1709
frame_00_Al_encoder.shuffled_spatial.changed_pairs,927
frame_00_Al_encoder.shuffled_spatial.bins,5
frame_00_Al_encoder.shuffled_spatial.same_label_normalized_distance,0.9357691841676363
frame_00_Al_encoder.collapsed_spatial.auc,0.5
frame_00_Al_encoder.collapsed_spatial.pairs,1709
frame_00_Al_encoder.collapsed_spatial.changed_pairs,927
frame_00_Al_encoder.collapsed_spatial.bins,5
frame_00_Al_encoder.collapsed_spatial.same_label_normalized_distance,
frame_00_Al_encoder.liquid_topology.train_count,444
frame_00_Al_encoder.liquid_topology.test_count,461
frame_00_Al_encoder.liquid_topology.conditional_r2_gain,-0.5137157440185547
frame_00_Al_encoder.liquid_topology.mean_r2,-0.5151578187942505
frame_00_Al_encoder.nonbulk_cluster_ami,0.06203594926312388
frame_00_Al_encoder.continuity.0.0001.pair_rms,2.292687712191557
frame_00_Al_encoder.continuity.0.0001.normalized_median,0.0003625022550349198
frame_00_Al_encoder.continuity.0.0001.normalized_p95,0.06953703266086149
frame_00_Al_encoder.continuity.0.01.pair_rms,2.292687712191557
frame_00_Al_encoder.continuity.0.01.normalized_median,0.23992491671518582
frame_00_Al_encoder.continuity.0.01.normalized_p95,0.5152193235330645
frame_00_Al_encoder.continuity.0.1.pair_rms,2.292687712191557
frame_00_Al_encoder.continuity.0.1.normalized_median,0.6129530454888167
frame_00_Al_encoder.continuity.0.1.normalized_p95,0.912657345113211
frame_00_Al_encoder.triad_index_switch_fraction_1e4_A,0.00146484375
frame_00_Al_projector.collapse.effective_rank,4.2235124199115095
frame_00_Al_projector.collapse.variance,11.834614028528419
frame_00_Al_projector.collapse.pair_rms,4.865103088019496
frame_00_Al_projector.liquid_collapse.effective_rank,3.5608978126208926
frame_00_Al_projector.liquid_collapse.variance,10.272473345130685
frame_00_Al_projector.liquid_collapse.pair_rms,4.532653382982353
frame_00_Al_projector.reference_coverage.liquid_fraction,0.9658203125
frame_00_Al_projector.reference_coverage.cutoff_stable_fraction,0.939453125
frame_00_Al_projector.context.counts.0.train,583
frame_00_Al_projector.context.counts.0.test,579
frame_00_Al_projector.context.counts.1.train,0
frame_00_Al_projector.context.counts.1.test,0
frame_00_Al_projector.context.counts.2.train,58
frame_00_Al_projector.context.counts.2.test,55
frame_00_Al_projector.context.counts.3.train,0
frame_00_Al_projector.context.counts.3.test,4
frame_00_Al_projector.context.counts.4.train,0
frame_00_Al_projector.context.counts.4.test,0
frame_00_Al_projector.context.counts.5.train,851
frame_00_Al_projector.context.counts.5.test,871
frame_00_Al_projector.context.counts.6.train,379
frame_00_Al_projector.context.counts.6.test,376
frame_00_Al_projector.context.test_coverage,0.9978779840848806
frame_00_Al_projector.context.balanced_accuracy,0.49450499720584024
frame_00_Al_projector.context.ap.0,0.39848580695442415
frame_00_Al_projector.context.ap.1,
frame_00_Al_projector.context.ap.2,0.3597097194465553
frame_00_Al_projector.context.ap.3,
frame_00_Al_projector.context.ap.4,
frame_00_Al_projector.context.ap.5,0.673135566695338
frame_00_Al_projector.context.ap.6,0.34539092164917073
frame_00_Al_projector.ptm.counts.0.train,1828
frame_00_Al_projector.ptm.counts.0.test,1838
frame_00_Al_projector.ptm.counts.1.train,9
frame_00_Al_projector.ptm.counts.1.test,7
frame_00_Al_projector.ptm.counts.2.train,9
frame_00_Al_projector.ptm.counts.2.test,16
frame_00_Al_projector.ptm.counts.3.train,0
frame_00_Al_projector.ptm.counts.3.test,0
frame_00_Al_projector.ptm.counts.4.train,25
frame_00_Al_projector.ptm.counts.4.test,24
frame_00_Al_projector.ptm.test_coverage,0.9877984084880637
frame_00_Al_projector.ptm.balanced_accuracy,0.7800145085237578
frame_00_Al_projector.ptm.ap.0,0.956342429218901
frame_00_Al_projector.ptm.ap.1,
frame_00_Al_projector.ptm.ap.2,
frame_00_Al_projector.ptm.ap.3,
frame_00_Al_projector.ptm.ap.4,0.17528608056268238
frame_00_Al_projector.liquid_order.train_count,1813
frame_00_Al_projector.liquid_order.test_count,1826
frame_00_Al_projector.liquid_order.conditional_r2_gain,0.1419580727815628
frame_00_Al_projector.liquid_order.mean_r2,0.17152039706707
frame_00_Al_projector.context_cutoff_008.counts.0.train,583
frame_00_Al_projector.context_cutoff_008.counts.0.test,580
frame_00_Al_projector.context_cutoff_008.counts.1.train,0
frame_00_Al_projector.context_cutoff_008.counts.1.test,0
frame_00_Al_projector.context_cutoff_008.counts.2.train,20
frame_00_Al_projector.context_cutoff_008.counts.2.test,19
frame_00_Al_projector.context_cutoff_008.counts.3.train,0
frame_00_Al_projector.context_cutoff_008.counts.3.test,4
frame_00_Al_projector.context_cutoff_008.counts.4.train,0
frame_00_Al_projector.context_cutoff_008.counts.4.test,0
frame_00_Al_projector.context_cutoff_008.counts.5.train,854
frame_00_Al_projector.context_cutoff_008.counts.5.test,874
frame_00_Al_projector.context_cutoff_008.counts.6.train,414
frame_00_Al_projector.context_cutoff_008.counts.6.test,408
frame_00_Al_projector.context_cutoff_008.test_coverage,0.9978779840848806
frame_00_Al_projector.context_cutoff_008.balanced_accuracy,0.48776724253972087
frame_00_Al_projector.context_cutoff_008.ap.0,0.3963897912298555
frame_00_Al_projector.context_cutoff_008.ap.1,
frame_00_Al_projector.context_cutoff_008.ap.2,
frame_00_Al_projector.context_cutoff_008.ap.3,
frame_00_Al_projector.context_cutoff_008.ap.4,
frame_00_Al_projector.context_cutoff_008.ap.5,0.670758069961885
frame_00_Al_projector.context_cutoff_008.ap.6,0.4074899420846243
frame_00_Al_projector.context_cutoff_010.counts.0.train,583
frame_00_Al_projector.context_cutoff_010.counts.0.test,579
frame_00_Al_projector.context_cutoff_010.counts.1.train,0
frame_00_Al_projector.context_cutoff_010.counts.1.test,0
frame_00_Al_projector.context_cutoff_010.counts.2.train,58
frame_00_Al_projector.context_cutoff_010.counts.2.test,55
frame_00_Al_projector.context_cutoff_010.counts.3.train,0
frame_00_Al_projector.context_cutoff_010.counts.3.test,4
frame_00_Al_projector.context_cutoff_010.counts.4.train,0
frame_00_Al_projector.context_cutoff_010.counts.4.test,0
frame_00_Al_projector.context_cutoff_010.counts.5.train,851
frame_00_Al_projector.context_cutoff_010.counts.5.test,871
frame_00_Al_projector.context_cutoff_010.counts.6.train,379
frame_00_Al_projector.context_cutoff_010.counts.6.test,376
frame_00_Al_projector.context_cutoff_010.test_coverage,0.9978779840848806
frame_00_Al_projector.context_cutoff_010.balanced_accuracy,0.49450499720584024
frame_00_Al_projector.context_cutoff_010.ap.0,0.39848580695442415
frame_00_Al_projector.context_cutoff_010.ap.1,
frame_00_Al_projector.context_cutoff_010.ap.2,0.3597097194465553
frame_00_Al_projector.context_cutoff_010.ap.3,
frame_00_Al_projector.context_cutoff_010.ap.4,
frame_00_Al_projector.context_cutoff_010.ap.5,0.673135566695338
frame_00_Al_projector.context_cutoff_010.ap.6,0.34539092164917073
frame_00_Al_projector.context_cutoff_012.counts.0.train,574
frame_00_Al_projector.context_cutoff_012.counts.0.test,576
frame_00_Al_projector.context_cutoff_012.counts.1.train,1
frame_00_Al_projector.context_cutoff_012.counts.1.test,0
frame_00_Al_projector.context_cutoff_012.counts.2.train,140
frame_00_Al_projector.context_cutoff_012.counts.2.test,124
frame_00_Al_projector.context_cutoff_012.counts.3.train,0
frame_00_Al_projector.context_cutoff_012.counts.3.test,4
frame_00_Al_projector.context_cutoff_012.counts.4.train,0
frame_00_Al_projector.context_cutoff_012.counts.4.test,0
frame_00_Al_projector.context_cutoff_012.counts.5.train,840
frame_00_Al_projector.context_cutoff_012.counts.5.test,861
frame_00_Al_projector.context_cutoff_012.counts.6.train,316
frame_00_Al_projector.context_cutoff_012.counts.6.test,320
frame_00_Al_projector.context_cutoff_012.test_coverage,0.9978779840848806
frame_00_Al_projector.context_cutoff_012.balanced_accuracy,0.43201383425124573
frame_00_Al_projector.context_cutoff_012.ap.0,0.38871276207235905
frame_00_Al_projector.context_cutoff_012.ap.1,
frame_00_Al_projector.context_cutoff_012.ap.2,0.3927892982039963
frame_00_Al_projector.context_cutoff_012.ap.3,
frame_00_Al_projector.context_cutoff_012.ap.4,
frame_00_Al_projector.context_cutoff_012.ap.5,0.6648739995796904
frame_00_Al_projector.context_cutoff_012.ap.6,0.282908328840109
frame_00_Al_projector.planar_fault.counts.0.train,1862
frame_00_Al_projector.planar_fault.counts.0.test,1869
frame_00_Al_projector.planar_fault.counts.1.train,9
frame_00_Al_projector.planar_fault.counts.1.test,12
frame_00_Al_projector.planar_fault.counts.2.train,0
frame_00_Al_projector.planar_fault.counts.2.test,1
frame_00_Al_projector.planar_fault.counts.3.train,0
frame_00_Al_projector.planar_fault.counts.3.test,2
frame_00_Al_projector.planar_fault.counts.4.train,0
frame_00_Al_projector.planar_fault.counts.4.test,1
frame_00_Al_projector.planar_fault.test_coverage,0.9915119363395225
frame_00_Al_projector.planar_fault.balanced_accuracy,
frame_00_Al_projector.spatial.auc,0.5162214634279039
frame_00_Al_projector.spatial.pairs,1709
frame_00_Al_projector.spatial.changed_pairs,927
frame_00_Al_projector.spatial.bins,5
frame_00_Al_projector.spatial.same_label_normalized_distance,0.8363262997783707
frame_00_Al_projector.nonbulk_spatial.auc,0.5162214634279039
frame_00_Al_projector.nonbulk_spatial.pairs,1709
frame_00_Al_projector.nonbulk_spatial.changed_pairs,927
frame_00_Al_projector.nonbulk_spatial.bins,5
frame_00_Al_projector.nonbulk_spatial.same_label_normalized_distance,0.8363262997783707
frame_00_Al_projector.shuffled_spatial.auc,0.5258152439268344
frame_00_Al_projector.shuffled_spatial.pairs,1709
frame_00_Al_projector.shuffled_spatial.changed_pairs,927
frame_00_Al_projector.shuffled_spatial.bins,5
frame_00_Al_projector.shuffled_spatial.same_label_normalized_distance,0.8922016903725368
frame_00_Al_projector.collapsed_spatial.auc,0.5
frame_00_Al_projector.collapsed_spatial.pairs,1709
frame_00_Al_projector.collapsed_spatial.changed_pairs,927
frame_00_Al_projector.collapsed_spatial.bins,5
frame_00_Al_projector.collapsed_spatial.same_label_normalized_distance,
frame_00_Al_projector.liquid_topology.train_count,444
frame_00_Al_projector.liquid_topology.test_count,461
frame_00_Al_projector.liquid_topology.conditional_r2_gain,-0.06645610928535461
frame_00_Al_projector.liquid_topology.mean_r2,-0.07027625292539597
frame_00_Al_projector.nonbulk_cluster_ami,0.0603608305094394
frame_00_Al_projector.continuity.0.0001.pair_rms,5.006882676737885
frame_00_Al_projector.continuity.0.0001.normalized_median,0.0003921471437753405
frame_00_Al_projector.continuity.0.0001.normalized_p95,0.07667374095861983
frame_00_Al_projector.continuity.0.01.pair_rms,5.006882676737885
frame_00_Al_projector.continuity.0.01.normalized_median,0.25804032716189623
frame_00_Al_projector.continuity.0.01.normalized_p95,0.6087043952007363
frame_00_Al_projector.continuity.0.1.pair_rms,5.006882676737885
frame_00_Al_projector.continuity.0.1.normalized_median,0.6267972751657214
frame_00_Al_projector.continuity.0.1.normalized_p95,1.2838988713197543
frame_00_Al_projector.triad_index_switch_fraction_1e4_A,0.00146484375
frame_01_Al_encoder.collapse.effective_rank,1.504955922013234
frame_01_Al_encoder.collapse.variance,16.45752753019707
frame_01_Al_encoder.collapse.pair_rms,5.737164374531563
frame_01_Al_encoder.liquid_collapse.effective_rank,7.43621622275243
frame_01_Al_encoder.liquid_collapse.variance,1.9163778790292563
frame_01_Al_encoder.liquid_collapse.pair_rms,1.9577425157712933
frame_01_Al_encoder.reference_coverage.liquid_fraction,0.7822265625
frame_01_Al_encoder.reference_coverage.cutoff_stable_fraction,0.9384765625
frame_01_Al_encoder.context.counts.0.train,498
frame_01_Al_encoder.context.counts.0.test,514
frame_01_Al_encoder.context.counts.1.train,238
frame_01_Al_encoder.context.counts.1.test,201
frame_01_Al_encoder.context.counts.2.train,124
frame_01_Al_encoder.context.counts.2.test,124
frame_01_Al_encoder.context.counts.3.train,25
frame_01_Al_encoder.context.counts.3.test,26
frame_01_Al_encoder.context.counts.4.train,0
frame_01_Al_encoder.context.counts.4.test,0
frame_01_Al_encoder.context.counts.5.train,654
frame_01_Al_encoder.context.counts.5.test,683
frame_01_Al_encoder.context.counts.6.train,323
frame_01_Al_encoder.context.counts.6.test,310
frame_01_Al_encoder.context.test_coverage,1.0
frame_01_Al_encoder.context.balanced_accuracy,0.6313258150585717
frame_01_Al_encoder.context.ap.0,0.49979609114134976
frame_01_Al_encoder.context.ap.1,0.996789075607165
frame_01_Al_encoder.context.ap.2,0.6354411691134562
frame_01_Al_encoder.context.ap.3,0.8256274790744215
frame_01_Al_encoder.context.ap.4,
frame_01_Al_encoder.context.ap.5,0.7172670671393884
frame_01_Al_encoder.context.ap.6,0.35937124570956414
frame_01_Al_encoder.ptm.counts.0.train,1527
frame_01_Al_encoder.ptm.counts.0.test,1561
frame_01_Al_encoder.ptm.counts.1.train,274
frame_01_Al_encoder.ptm.counts.1.test,237
frame_01_Al_encoder.ptm.counts.2.train,37
frame_01_Al_encoder.ptm.counts.2.test,38
frame_01_Al_encoder.ptm.counts.3.train,0
frame_01_Al_encoder.ptm.counts.3.test,0
frame_01_Al_encoder.ptm.counts.4.train,24
frame_01_Al_encoder.ptm.counts.4.test,22
frame_01_Al_encoder.ptm.test_coverage,1.0
frame_01_Al_encoder.ptm.balanced_accuracy,0.868404422288156
frame_01_Al_encoder.ptm.ap.0,0.9968873549998263
frame_01_Al_encoder.ptm.ap.1,0.9873687510060628
frame_01_Al_encoder.ptm.ap.2,0.8080502293622515
frame_01_Al_encoder.ptm.ap.3,
frame_01_Al_encoder.ptm.ap.4,0.5192175468390673
frame_01_Al_encoder.liquid_order.train_count,1475
frame_01_Al_encoder.liquid_order.test_count,1507
frame_01_Al_encoder.liquid_order.conditional_r2_gain,0.16442281007766724
frame_01_Al_encoder.liquid_order.mean_r2,0.20516230165958405
frame_01_Al_encoder.context_cutoff_008.counts.0.train,499
frame_01_Al_encoder.context_cutoff_008.counts.0.test,517
frame_01_Al_encoder.context_cutoff_008.counts.1.train,237
frame_01_Al_encoder.context_cutoff_008.counts.1.test,199
frame_01_Al_encoder.context_cutoff_008.counts.2.train,93
frame_01_Al_encoder.context_cutoff_008.counts.2.test,83
frame_01_Al_encoder.context_cutoff_008.counts.3.train,25
frame_01_Al_encoder.context_cutoff_008.counts.3.test,26
frame_01_Al_encoder.context_cutoff_008.counts.4.train,0
frame_01_Al_encoder.context_cutoff_008.counts.4.test,0
frame_01_Al_encoder.context_cutoff_008.counts.5.train,657
frame_01_Al_encoder.context_cutoff_008.counts.5.test,686
frame_01_Al_encoder.context_cutoff_008.counts.6.train,351
frame_01_Al_encoder.context_cutoff_008.counts.6.test,347
frame_01_Al_encoder.context_cutoff_008.test_coverage,1.0
frame_01_Al_encoder.context_cutoff_008.balanced_accuracy,0.6583357693897499
frame_01_Al_encoder.context_cutoff_008.ap.0,0.5076330528621291
frame_01_Al_encoder.context_cutoff_008.ap.1,0.9972821080849643
frame_01_Al_encoder.context_cutoff_008.ap.2,0.7505439449266401
frame_01_Al_encoder.context_cutoff_008.ap.3,0.8405581683190696
frame_01_Al_encoder.context_cutoff_008.ap.4,
frame_01_Al_encoder.context_cutoff_008.ap.5,0.7161938073264396
frame_01_Al_encoder.context_cutoff_008.ap.6,0.46412401708687995
frame_01_Al_encoder.context_cutoff_010.counts.0.train,498
frame_01_Al_encoder.context_cutoff_010.counts.0.test,514
frame_01_Al_encoder.context_cutoff_010.counts.1.train,238
frame_01_Al_encoder.context_cutoff_010.counts.1.test,201
frame_01_Al_encoder.context_cutoff_010.counts.2.train,124
frame_01_Al_encoder.context_cutoff_010.counts.2.test,124
frame_01_Al_encoder.context_cutoff_010.counts.3.train,25
frame_01_Al_encoder.context_cutoff_010.counts.3.test,26
frame_01_Al_encoder.context_cutoff_010.counts.4.train,0
frame_01_Al_encoder.context_cutoff_010.counts.4.test,0
frame_01_Al_encoder.context_cutoff_010.counts.5.train,654
frame_01_Al_encoder.context_cutoff_010.counts.5.test,683
frame_01_Al_encoder.context_cutoff_010.counts.6.train,323
frame_01_Al_encoder.context_cutoff_010.counts.6.test,310
frame_01_Al_encoder.context_cutoff_010.test_coverage,1.0
frame_01_Al_encoder.context_cutoff_010.balanced_accuracy,0.6313258150585717
frame_01_Al_encoder.context_cutoff_010.ap.0,0.49979609114134976
frame_01_Al_encoder.context_cutoff_010.ap.1,0.996789075607165
frame_01_Al_encoder.context_cutoff_010.ap.2,0.6354411691134562
frame_01_Al_encoder.context_cutoff_010.ap.3,0.8256274790744215
frame_01_Al_encoder.context_cutoff_010.ap.4,
frame_01_Al_encoder.context_cutoff_010.ap.5,0.7172670671393884
frame_01_Al_encoder.context_cutoff_010.ap.6,0.35937124570956414
frame_01_Al_encoder.context_cutoff_012.counts.0.train,493
frame_01_Al_encoder.context_cutoff_012.counts.0.test,512
frame_01_Al_encoder.context_cutoff_012.counts.1.train,242
frame_01_Al_encoder.context_cutoff_012.counts.1.test,207
frame_01_Al_encoder.context_cutoff_012.counts.2.train,192
frame_01_Al_encoder.context_cutoff_012.counts.2.test,192
frame_01_Al_encoder.context_cutoff_012.counts.3.train,25
frame_01_Al_encoder.context_cutoff_012.counts.3.test,26
frame_01_Al_encoder.context_cutoff_012.counts.4.train,0
frame_01_Al_encoder.context_cutoff_012.counts.4.test,0
frame_01_Al_encoder.context_cutoff_012.counts.5.train,643
frame_01_Al_encoder.context_cutoff_012.counts.5.test,674
frame_01_Al_encoder.context_cutoff_012.counts.6.train,267
frame_01_Al_encoder.context_cutoff_012.counts.6.test,247
frame_01_Al_encoder.context_cutoff_012.test_coverage,1.0
frame_01_Al_encoder.context_cutoff_012.balanced_accuracy,0.6248944918457174
frame_01_Al_encoder.context_cutoff_012.ap.0,0.49729537712535954
frame_01_Al_encoder.context_cutoff_012.ap.1,0.9961413806319843
frame_01_Al_encoder.context_cutoff_012.ap.2,0.5984519373278827
frame_01_Al_encoder.context_cutoff_012.ap.3,0.8583631852878327
frame_01_Al_encoder.context_cutoff_012.ap.4,
frame_01_Al_encoder.context_cutoff_012.ap.5,0.7156549179085064
frame_01_Al_encoder.context_cutoff_012.ap.6,0.2624610209186649
frame_01_Al_encoder.planar_fault.counts.0.train,1825
frame_01_Al_encoder.planar_fault.counts.0.test,1820
frame_01_Al_encoder.planar_fault.counts.1.train,12
frame_01_Al_encoder.planar_fault.counts.1.test,12
frame_01_Al_encoder.planar_fault.counts.2.train,2
frame_01_Al_encoder.planar_fault.counts.2.test,2
frame_01_Al_encoder.planar_fault.counts.3.train,23
frame_01_Al_encoder.planar_fault.counts.3.test,24
frame_01_Al_encoder.planar_fault.counts.4.train,0
frame_01_Al_encoder.planar_fault.counts.4.test,0
frame_01_Al_encoder.planar_fault.test_coverage,0.9924650161463939
frame_01_Al_encoder.planar_fault.balanced_accuracy,0.9777930402930404
frame_01_Al_encoder.planar_fault.ap.0,0.9987008728766398
frame_01_Al_encoder.planar_fault.ap.1,
frame_01_Al_encoder.planar_fault.ap.2,
frame_01_Al_encoder.planar_fault.ap.3,0.9550642413142412
frame_01_Al_encoder.planar_fault.ap.4,
frame_01_Al_encoder.spatial.auc,0.542079974772621
frame_01_Al_encoder.spatial.pairs,1656
frame_01_Al_encoder.spatial.changed_pairs,798
frame_01_Al_encoder.spatial.bins,5
frame_01_Al_encoder.spatial.same_label_normalized_distance,0.327064293189025
frame_01_Al_encoder.nonbulk_spatial.auc,0.49440536259048884
frame_01_Al_encoder.nonbulk_spatial.pairs,1457
frame_01_Al_encoder.nonbulk_spatial.changed_pairs,781
frame_01_Al_encoder.nonbulk_spatial.bins,5
frame_01_Al_encoder.nonbulk_spatial.same_label_normalized_distance,0.6746286066754461
frame_01_Al_encoder.shuffled_spatial.auc,0.5250776773252838
frame_01_Al_encoder.shuffled_spatial.pairs,1457
frame_01_Al_encoder.shuffled_spatial.changed_pairs,781
frame_01_Al_encoder.shuffled_spatial.bins,5
frame_01_Al_encoder.shuffled_spatial.same_label_normalized_distance,0.7314210606487801
frame_01_Al_encoder.collapsed_spatial.auc,0.5
frame_01_Al_encoder.collapsed_spatial.pairs,1457
frame_01_Al_encoder.collapsed_spatial.changed_pairs,781
frame_01_Al_encoder.collapsed_spatial.bins,5
frame_01_Al_encoder.collapsed_spatial.same_label_normalized_distance,
frame_01_Al_encoder.liquid_topology.train_count,393
frame_01_Al_encoder.liquid_topology.test_count,357
frame_01_Al_encoder.liquid_topology.conditional_r2_gain,-3391.50439453125
frame_01_Al_encoder.liquid_topology.mean_r2,-3186.421630859375
frame_01_Al_encoder.nonbulk_cluster_ami,0.19033369763160668
frame_01_Al_encoder.continuity.0.0001.pair_rms,5.886501555816684
frame_01_Al_encoder.continuity.0.0001.normalized_median,0.0001512430320864874
frame_01_Al_encoder.continuity.0.0001.normalized_p95,0.05569463016206142
frame_01_Al_encoder.continuity.0.01.pair_rms,5.886501555816684
frame_01_Al_encoder.continuity.0.01.normalized_median,0.11113360795454146
frame_01_Al_encoder.continuity.0.01.normalized_p95,0.24628879777601914
frame_01_Al_encoder.continuity.0.1.pair_rms,5.886501555816684
frame_01_Al_encoder.continuity.0.1.normalized_median,0.2583122356442784
frame_01_Al_encoder.continuity.0.1.normalized_p95,0.46059213050267256
frame_01_Al_encoder.triad_index_switch_fraction_1e4_A,0.00244140625
frame_01_Al_projector.collapse.effective_rank,3.6600610726689453
frame_01_Al_projector.collapse.variance,72.22956246051649
frame_01_Al_projector.collapse.pair_rms,12.019114980772628
frame_01_Al_projector.liquid_collapse.effective_rank,3.7958262060974883
frame_01_Al_projector.liquid_collapse.variance,11.017188394285153
frame_01_Al_projector.liquid_collapse.pair_rms,4.69407890736514
frame_01_Al_projector.reference_coverage.liquid_fraction,0.7822265625
frame_01_Al_projector.reference_coverage.cutoff_stable_fraction,0.9384765625
frame_01_Al_projector.context.counts.0.train,498
frame_01_Al_projector.context.counts.0.test,514
frame_01_Al_projector.context.counts.1.train,238
frame_01_Al_projector.context.counts.1.test,201
frame_01_Al_projector.context.counts.2.train,124
frame_01_Al_projector.context.counts.2.test,124
frame_01_Al_projector.context.counts.3.train,25
frame_01_Al_projector.context.counts.3.test,26
frame_01_Al_projector.context.counts.4.train,0
frame_01_Al_projector.context.counts.4.test,0
frame_01_Al_projector.context.counts.5.train,654
frame_01_Al_projector.context.counts.5.test,683
frame_01_Al_projector.context.counts.6.train,323
frame_01_Al_projector.context.counts.6.test,310
frame_01_Al_projector.context.test_coverage,1.0
frame_01_Al_projector.context.balanced_accuracy,0.5988818742008911
frame_01_Al_projector.context.ap.0,0.45081310791389806
frame_01_Al_projector.context.ap.1,0.9962031617125183
frame_01_Al_projector.context.ap.2,0.6861100621814457
frame_01_Al_projector.context.ap.3,0.6764000236198995
frame_01_Al_projector.context.ap.4,
frame_01_Al_projector.context.ap.5,0.6531190999223337
frame_01_Al_projector.context.ap.6,0.3213920923410539
frame_01_Al_projector.ptm.counts.0.train,1527
frame_01_Al_projector.ptm.counts.0.test,1561
frame_01_Al_projector.ptm.counts.1.train,274
frame_01_Al_projector.ptm.counts.1.test,237
frame_01_Al_projector.ptm.counts.2.train,37
frame_01_Al_projector.ptm.counts.2.test,38
frame_01_Al_projector.ptm.counts.3.train,0
frame_01_Al_projector.ptm.counts.3.test,0
frame_01_Al_projector.ptm.counts.4.train,24
frame_01_Al_projector.ptm.counts.4.test,22
frame_01_Al_projector.ptm.test_coverage,1.0
frame_01_Al_projector.ptm.balanced_accuracy,0.8045529938931348
frame_01_Al_projector.ptm.ap.0,0.994261078297445
frame_01_Al_projector.ptm.ap.1,0.9578220404407711
frame_01_Al_projector.ptm.ap.2,0.36491810075634346
frame_01_Al_projector.ptm.ap.3,
frame_01_Al_projector.ptm.ap.4,0.33235044921785317
frame_01_Al_projector.liquid_order.train_count,1475
frame_01_Al_projector.liquid_order.test_count,1507
frame_01_Al_projector.liquid_order.conditional_r2_gain,0.1315954625606537
frame_01_Al_projector.liquid_order.mean_r2,0.1654028594493866
frame_01_Al_projector.context_cutoff_008.counts.0.train,499
frame_01_Al_projector.context_cutoff_008.counts.0.test,517
frame_01_Al_projector.context_cutoff_008.counts.1.train,237
frame_01_Al_projector.context_cutoff_008.counts.1.test,199
frame_01_Al_projector.context_cutoff_008.counts.2.train,93
frame_01_Al_projector.context_cutoff_008.counts.2.test,83
frame_01_Al_projector.context_cutoff_008.counts.3.train,25
frame_01_Al_projector.context_cutoff_008.counts.3.test,26
frame_01_Al_projector.context_cutoff_008.counts.4.train,0
frame_01_Al_projector.context_cutoff_008.counts.4.test,0
frame_01_Al_projector.context_cutoff_008.counts.5.train,657
frame_01_Al_projector.context_cutoff_008.counts.5.test,686
frame_01_Al_projector.context_cutoff_008.counts.6.train,351
frame_01_Al_projector.context_cutoff_008.counts.6.test,347
frame_01_Al_projector.context_cutoff_008.test_coverage,1.0
frame_01_Al_projector.context_cutoff_008.balanced_accuracy,0.6210838545207411
frame_01_Al_projector.context_cutoff_008.ap.0,0.4518886766112783
frame_01_Al_projector.context_cutoff_008.ap.1,0.9974817620830763
frame_01_Al_projector.context_cutoff_008.ap.2,0.7549342777773346
frame_01_Al_projector.context_cutoff_008.ap.3,0.6460584457850074
frame_01_Al_projector.context_cutoff_008.ap.4,
frame_01_Al_projector.context_cutoff_008.ap.5,0.6519015063571603
frame_01_Al_projector.context_cutoff_008.ap.6,0.4166546625941974
frame_01_Al_projector.context_cutoff_010.counts.0.train,498
frame_01_Al_projector.context_cutoff_010.counts.0.test,514
frame_01_Al_projector.context_cutoff_010.counts.1.train,238
frame_01_Al_projector.context_cutoff_010.counts.1.test,201
frame_01_Al_projector.context_cutoff_010.counts.2.train,124
frame_01_Al_projector.context_cutoff_010.counts.2.test,124
frame_01_Al_projector.context_cutoff_010.counts.3.train,25
frame_01_Al_projector.context_cutoff_010.counts.3.test,26
frame_01_Al_projector.context_cutoff_010.counts.4.train,0
frame_01_Al_projector.context_cutoff_010.counts.4.test,0
frame_01_Al_projector.context_cutoff_010.counts.5.train,654
frame_01_Al_projector.context_cutoff_010.counts.5.test,683
frame_01_Al_projector.context_cutoff_010.counts.6.train,323
frame_01_Al_projector.context_cutoff_010.counts.6.test,310
frame_01_Al_projector.context_cutoff_010.test_coverage,1.0
frame_01_Al_projector.context_cutoff_010.balanced_accuracy,0.5988818742008911
frame_01_Al_projector.context_cutoff_010.ap.0,0.45081310791389806
frame_01_Al_projector.context_cutoff_010.ap.1,0.9962031617125183
frame_01_Al_projector.context_cutoff_010.ap.2,0.6861100621814457
frame_01_Al_projector.context_cutoff_010.ap.3,0.6764000236198995
frame_01_Al_projector.context_cutoff_010.ap.4,
frame_01_Al_projector.context_cutoff_010.ap.5,0.6531190999223337
frame_01_Al_projector.context_cutoff_010.ap.6,0.3213920923410539
frame_01_Al_projector.context_cutoff_012.counts.0.train,493
frame_01_Al_projector.context_cutoff_012.counts.0.test,512
frame_01_Al_projector.context_cutoff_012.counts.1.train,242
frame_01_Al_projector.context_cutoff_012.counts.1.test,207
frame_01_Al_projector.context_cutoff_012.counts.2.train,192
frame_01_Al_projector.context_cutoff_012.counts.2.test,192
frame_01_Al_projector.context_cutoff_012.counts.3.train,25
frame_01_Al_projector.context_cutoff_012.counts.3.test,26
frame_01_Al_projector.context_cutoff_012.counts.4.train,0
frame_01_Al_projector.context_cutoff_012.counts.4.test,0
frame_01_Al_projector.context_cutoff_012.counts.5.train,643
frame_01_Al_projector.context_cutoff_012.counts.5.test,674
frame_01_Al_projector.context_cutoff_012.counts.6.train,267
frame_01_Al_projector.context_cutoff_012.counts.6.test,247
frame_01_Al_projector.context_cutoff_012.test_coverage,1.0
frame_01_Al_projector.context_cutoff_012.balanced_accuracy,0.5764071262266409
frame_01_Al_projector.context_cutoff_012.ap.0,0.44534638123202175
frame_01_Al_projector.context_cutoff_012.ap.1,0.9935380067692187
frame_01_Al_projector.context_cutoff_012.ap.2,0.633829996485072
frame_01_Al_projector.context_cutoff_012.ap.3,0.6619936364064132
frame_01_Al_projector.context_cutoff_012.ap.4,
frame_01_Al_projector.context_cutoff_012.ap.5,0.649652831500808
frame_01_Al_projector.context_cutoff_012.ap.6,0.23814037476072691
frame_01_Al_projector.planar_fault.counts.0.train,1825
frame_01_Al_projector.planar_fault.counts.0.test,1820
frame_01_Al_projector.planar_fault.counts.1.train,12
frame_01_Al_projector.planar_fault.counts.1.test,12
frame_01_Al_projector.planar_fault.counts.2.train,2
frame_01_Al_projector.planar_fault.counts.2.test,2
frame_01_Al_projector.planar_fault.counts.3.train,23
frame_01_Al_projector.planar_fault.counts.3.test,24
frame_01_Al_projector.planar_fault.counts.4.train,0
frame_01_Al_projector.planar_fault.counts.4.test,0
frame_01_Al_projector.planar_fault.test_coverage,0.9924650161463939
frame_01_Al_projector.planar_fault.balanced_accuracy,0.9681776556776557
frame_01_Al_projector.planar_fault.ap.0,0.99606158472397
frame_01_Al_projector.planar_fault.ap.1,
frame_01_Al_projector.planar_fault.ap.2,
frame_01_Al_projector.planar_fault.ap.3,0.7069633519088899
frame_01_Al_projector.planar_fault.ap.4,
frame_01_Al_projector.spatial.auc,0.5440894488741177
frame_01_Al_projector.spatial.pairs,1656
frame_01_Al_projector.spatial.changed_pairs,798
frame_01_Al_projector.spatial.bins,5
frame_01_Al_projector.spatial.same_label_normalized_distance,0.36537996313175686
frame_01_Al_projector.nonbulk_spatial.auc,0.4897297615209743
frame_01_Al_projector.nonbulk_spatial.pairs,1457
frame_01_Al_projector.nonbulk_spatial.changed_pairs,781
frame_01_Al_projector.nonbulk_spatial.bins,5
frame_01_Al_projector.nonbulk_spatial.same_label_normalized_distance,0.5495860634736227
frame_01_Al_projector.shuffled_spatial.auc,0.5270087121936157
frame_01_Al_projector.shuffled_spatial.pairs,1457
frame_01_Al_projector.shuffled_spatial.changed_pairs,781
frame_01_Al_projector.shuffled_spatial.bins,5
frame_01_Al_projector.shuffled_spatial.same_label_normalized_distance,0.7588601260595992
frame_01_Al_projector.collapsed_spatial.auc,0.5
frame_01_Al_projector.collapsed_spatial.pairs,1457
frame_01_Al_projector.collapsed_spatial.changed_pairs,781
frame_01_Al_projector.collapsed_spatial.bins,5
frame_01_Al_projector.collapsed_spatial.same_label_normalized_distance,
frame_01_Al_projector.liquid_topology.train_count,393
frame_01_Al_projector.liquid_topology.test_count,357
frame_01_Al_projector.liquid_topology.conditional_r2_gain,-411.7524719238281
frame_01_Al_projector.liquid_topology.mean_r2,-435.8193359375
frame_01_Al_projector.nonbulk_cluster_ami,0.16099329754101058
frame_01_Al_projector.continuity.0.0001.pair_rms,11.802663290401679
frame_01_Al_projector.continuity.0.0001.normalized_median,0.00018063154848486476
frame_01_Al_projector.continuity.0.0001.normalized_p95,0.03681227757661562
frame_01_Al_projector.continuity.0.01.pair_rms,11.802663290401679
frame_01_Al_projector.continuity.0.01.normalized_median,0.10010268300278036
frame_01_Al_projector.continuity.0.01.normalized_p95,0.3201049610649034
frame_01_Al_projector.continuity.0.1.pair_rms,11.802663290401679
frame_01_Al_projector.continuity.0.1.normalized_median,0.26577984006808697
frame_01_Al_projector.continuity.0.1.normalized_p95,0.6200371007357216
frame_01_Al_projector.triad_index_switch_fraction_1e4_A,0.00244140625
frame_02_Al_encoder.collapse.effective_rank,1.4050329282991543
frame_02_Al_encoder.collapse.variance,27.605555643147156
frame_02_Al_encoder.collapse.pair_rms,7.430417975208011
frame_02_Al_encoder.liquid_collapse.effective_rank,7.212807059765746
frame_02_Al_encoder.liquid_collapse.variance,2.015809603089993
frame_02_Al_encoder.liquid_collapse.pair_rms,2.0078892415120877
frame_02_Al_encoder.reference_coverage.liquid_fraction,0.509033203125
frame_02_Al_encoder.reference_coverage.cutoff_stable_fraction,0.951904296875
frame_02_Al_encoder.context.counts.0.train,263
frame_02_Al_encoder.context.counts.0.test,337
frame_02_Al_encoder.context.counts.1.train,652
frame_02_Al_encoder.context.counts.1.test,563
frame_02_Al_encoder.context.counts.2.train,240
frame_02_Al_encoder.context.counts.2.test,211
frame_02_Al_encoder.context.counts.3.train,41
frame_02_Al_encoder.context.counts.3.test,50
frame_02_Al_encoder.context.counts.4.train,0
frame_02_Al_encoder.context.counts.4.test,0
frame_02_Al_encoder.context.counts.5.train,429
frame_02_Al_encoder.context.counts.5.test,525
frame_02_Al_encoder.context.counts.6.train,201
frame_02_Al_encoder.context.counts.6.test,224
frame_02_Al_encoder.context.test_coverage,1.0
frame_02_Al_encoder.context.balanced_accuracy,0.6741489674614582
frame_02_Al_encoder.context.ap.0,0.4124568897423539
frame_02_Al_encoder.context.ap.1,0.9971521841019367
frame_02_Al_encoder.context.ap.2,0.8376629115189546
frame_02_Al_encoder.context.ap.3,0.8648261195578401
frame_02_Al_encoder.context.ap.4,
frame_02_Al_encoder.context.ap.5,0.7054387247384472
frame_02_Al_encoder.context.ap.6,0.3721124132684691
frame_02_Al_encoder.ptm.counts.0.train,1032
frame_02_Al_encoder.ptm.counts.0.test,1196
frame_02_Al_encoder.ptm.counts.1.train,734
frame_02_Al_encoder.ptm.counts.1.test,639
frame_02_Al_encoder.ptm.counts.2.train,52
frame_02_Al_encoder.ptm.counts.2.test,59
frame_02_Al_encoder.ptm.counts.3.train,0
frame_02_Al_encoder.ptm.counts.3.test,0
frame_02_Al_encoder.ptm.counts.4.train,8
frame_02_Al_encoder.ptm.counts.4.test,16
frame_02_Al_encoder.ptm.test_coverage,0.9916230366492147
frame_02_Al_encoder.ptm.balanced_accuracy,0.9040364308769138
frame_02_Al_encoder.ptm.ap.0,0.9725759519908566
frame_02_Al_encoder.ptm.ap.1,0.9956281440715051
frame_02_Al_encoder.ptm.ap.2,0.7966816001234424
frame_02_Al_encoder.ptm.ap.3,
frame_02_Al_encoder.ptm.ap.4,
frame_02_Al_encoder.liquid_order.train_count,893
frame_02_Al_encoder.liquid_order.test_count,1086
frame_02_Al_encoder.liquid_order.conditional_r2_gain,0.13052400946617126
frame_02_Al_encoder.liquid_order.mean_r2,0.16763047873973846
frame_02_Al_encoder.context_cutoff_008.counts.0.train,263
frame_02_Al_encoder.context_cutoff_008.counts.0.test,338
frame_02_Al_encoder.context_cutoff_008.counts.1.train,652
frame_02_Al_encoder.context_cutoff_008.counts.1.test,562
frame_02_Al_encoder.context_cutoff_008.counts.2.train,209
frame_02_Al_encoder.context_cutoff_008.counts.2.test,188
frame_02_Al_encoder.context_cutoff_008.counts.3.train,41
frame_02_Al_encoder.context_cutoff_008.counts.3.test,50
frame_02_Al_encoder.context_cutoff_008.counts.4.train,0
frame_02_Al_encoder.context_cutoff_008.counts.4.test,0
frame_02_Al_encoder.context_cutoff_008.counts.5.train,433
frame_02_Al_encoder.context_cutoff_008.counts.5.test,530
frame_02_Al_encoder.context_cutoff_008.counts.6.train,228
frame_02_Al_encoder.context_cutoff_008.counts.6.test,242
frame_02_Al_encoder.context_cutoff_008.test_coverage,1.0
frame_02_Al_encoder.context_cutoff_008.balanced_accuracy,0.6823192850139174
frame_02_Al_encoder.context_cutoff_008.ap.0,0.4123866919109914
frame_02_Al_encoder.context_cutoff_008.ap.1,0.9974214956507078
frame_02_Al_encoder.context_cutoff_008.ap.2,0.8444673594546765
frame_02_Al_encoder.context_cutoff_008.ap.3,0.8633974188144444
frame_02_Al_encoder.context_cutoff_008.ap.4,
frame_02_Al_encoder.context_cutoff_008.ap.5,0.7045286361746409
frame_02_Al_encoder.context_cutoff_008.ap.6,0.3805628975520915
frame_02_Al_encoder.context_cutoff_010.counts.0.train,263
frame_02_Al_encoder.context_cutoff_010.counts.0.test,337
frame_02_Al_encoder.context_cutoff_010.counts.1.train,652
frame_02_Al_encoder.context_cutoff_010.counts.1.test,563
frame_02_Al_encoder.context_cutoff_010.counts.2.train,240
frame_02_Al_encoder.context_cutoff_010.counts.2.test,211
frame_02_Al_encoder.context_cutoff_010.counts.3.train,41
frame_02_Al_encoder.context_cutoff_010.counts.3.test,50
frame_02_Al_encoder.context_cutoff_010.counts.4.train,0
frame_02_Al_encoder.context_cutoff_010.counts.4.test,0
frame_02_Al_encoder.context_cutoff_010.counts.5.train,429
frame_02_Al_encoder.context_cutoff_010.counts.5.test,525
frame_02_Al_encoder.context_cutoff_010.counts.6.train,201
frame_02_Al_encoder.context_cutoff_010.counts.6.test,224
frame_02_Al_encoder.context_cutoff_010.test_coverage,1.0
frame_02_Al_encoder.context_cutoff_010.balanced_accuracy,0.6741489674614582
frame_02_Al_encoder.context_cutoff_010.ap.0,0.4124568897423539
frame_02_Al_encoder.context_cutoff_010.ap.1,0.9971521841019367
frame_02_Al_encoder.context_cutoff_010.ap.2,0.8376629115189546
frame_02_Al_encoder.context_cutoff_010.ap.3,0.8648261195578401
frame_02_Al_encoder.context_cutoff_010.ap.4,
frame_02_Al_encoder.context_cutoff_010.ap.5,0.7054387247384472
frame_02_Al_encoder.context_cutoff_010.ap.6,0.3721124132684691
frame_02_Al_encoder.context_cutoff_012.counts.0.train,261
frame_02_Al_encoder.context_cutoff_012.counts.0.test,334
frame_02_Al_encoder.context_cutoff_012.counts.1.train,661
frame_02_Al_encoder.context_cutoff_012.counts.1.test,571
frame_02_Al_encoder.context_cutoff_012.counts.2.train,276
frame_02_Al_encoder.context_cutoff_012.counts.2.test,264
frame_02_Al_encoder.context_cutoff_012.counts.3.train,41
frame_02_Al_encoder.context_cutoff_012.counts.3.test,50
frame_02_Al_encoder.context_cutoff_012.counts.4.train,0
frame_02_Al_encoder.context_cutoff_012.counts.4.test,0
frame_02_Al_encoder.context_cutoff_012.counts.5.train,421
frame_02_Al_encoder.context_cutoff_012.counts.5.test,514
frame_02_Al_encoder.context_cutoff_012.counts.6.train,166
frame_02_Al_encoder.context_cutoff_012.counts.6.test,177
frame_02_Al_encoder.context_cutoff_012.test_coverage,1.0
frame_02_Al_encoder.context_cutoff_012.balanced_accuracy,0.6403887296133615
frame_02_Al_encoder.context_cutoff_012.ap.0,0.41264939726447225
frame_02_Al_encoder.context_cutoff_012.ap.1,0.9965451987561135
frame_02_Al_encoder.context_cutoff_012.ap.2,0.7472409303182949
frame_02_Al_encoder.context_cutoff_012.ap.3,0.8559639089684545
frame_02_Al_encoder.context_cutoff_012.ap.4,
frame_02_Al_encoder.context_cutoff_012.ap.5,0.6909854160161246
frame_02_Al_encoder.context_cutoff_012.ap.6,0.24576738435116097
frame_02_Al_encoder.planar_fault.counts.0.train,1774
frame_02_Al_encoder.planar_fault.counts.0.test,1851
frame_02_Al_encoder.planar_fault.counts.1.train,11
frame_02_Al_encoder.planar_fault.counts.1.test,9
frame_02_Al_encoder.planar_fault.counts.2.train,7
frame_02_Al_encoder.planar_fault.counts.2.test,3
frame_02_Al_encoder.planar_fault.counts.3.train,34
frame_02_Al_encoder.planar_fault.counts.3.test,47
frame_02_Al_encoder.planar_fault.counts.4.train,0
frame_02_Al_encoder.planar_fault.counts.4.test,0
frame_02_Al_encoder.planar_fault.test_coverage,0.993717277486911
frame_02_Al_encoder.planar_fault.balanced_accuracy,0.8917261514764877
frame_02_Al_encoder.planar_fault.ap.0,0.9958248735641231
frame_02_Al_encoder.planar_fault.ap.1,
frame_02_Al_encoder.planar_fault.ap.2,
frame_02_Al_encoder.planar_fault.ap.3,0.8834902516591027
frame_02_Al_encoder.planar_fault.ap.4,
frame_02_Al_encoder.spatial.auc,0.6267678954786026
frame_02_Al_encoder.spatial.pairs,1740
frame_02_Al_encoder.spatial.changed_pairs,639
frame_02_Al_encoder.spatial.bins,5
frame_02_Al_encoder.spatial.same_label_normalized_distance,0.23016342039257473
frame_02_Al_encoder.nonbulk_spatial.auc,0.4982886134917734
frame_02_Al_encoder.nonbulk_spatial.pairs,1169
frame_02_Al_encoder.nonbulk_spatial.changed_pairs,574
frame_02_Al_encoder.nonbulk_spatial.bins,5
frame_02_Al_encoder.nonbulk_spatial.same_label_normalized_distance,0.49260716690776735
frame_02_Al_encoder.shuffled_spatial.auc,0.5081642580958454
frame_02_Al_encoder.shuffled_spatial.pairs,1169
frame_02_Al_encoder.shuffled_spatial.changed_pairs,574
frame_02_Al_encoder.shuffled_spatial.bins,5
frame_02_Al_encoder.shuffled_spatial.same_label_normalized_distance,0.8255631320977423
frame_02_Al_encoder.collapsed_spatial.auc,0.5
frame_02_Al_encoder.collapsed_spatial.pairs,1169
frame_02_Al_encoder.collapsed_spatial.changed_pairs,574
frame_02_Al_encoder.collapsed_spatial.bins,5
frame_02_Al_encoder.collapsed_spatial.same_label_normalized_distance,
frame_02_Al_encoder.liquid_topology.train_count,218
frame_02_Al_encoder.liquid_topology.test_count,269
frame_02_Al_encoder.liquid_topology.conditional_r2_gain,-0.5293287038803101
frame_02_Al_encoder.liquid_topology.mean_r2,-0.5309289693832397
frame_02_Al_encoder.nonbulk_cluster_ami,0.2931610755249435
frame_02_Al_encoder.continuity.0.0001.pair_rms,7.479286026805458
frame_02_Al_encoder.continuity.0.0001.normalized_median,0.00014114136994427165
frame_02_Al_encoder.continuity.0.0001.normalized_p95,0.0631332685583478
frame_02_Al_encoder.continuity.0.01.pair_rms,7.479286026805458
frame_02_Al_encoder.continuity.0.01.normalized_median,0.12164421190762847
frame_02_Al_encoder.continuity.0.01.normalized_p95,0.21827263209673542
frame_02_Al_encoder.continuity.0.1.pair_rms,7.479286026805458
frame_02_Al_encoder.continuity.0.1.normalized_median,0.23892925073955026
frame_02_Al_encoder.continuity.0.1.normalized_p95,0.432346194275906
frame_02_Al_encoder.triad_index_switch_fraction_1e4_A,0.00813802145421505
frame_02_Al_projector.collapse.effective_rank,3.2102760109183786
frame_02_Al_projector.collapse.variance,130.7563683168639
frame_02_Al_projector.collapse.pair_rms,16.171355435885015
frame_02_Al_projector.liquid_collapse.effective_rank,4.229576869914546
frame_02_Al_projector.liquid_collapse.variance,12.244910885650985
frame_02_Al_projector.liquid_collapse.pair_rms,4.94871920513803
frame_02_Al_projector.reference_coverage.liquid_fraction,0.509033203125
frame_02_Al_projector.reference_coverage.cutoff_stable_fraction,0.951904296875
frame_02_Al_projector.context.counts.0.train,263
frame_02_Al_projector.context.counts.0.test,337
frame_02_Al_projector.context.counts.1.train,652
frame_02_Al_projector.context.counts.1.test,563
frame_02_Al_projector.context.counts.2.train,240
frame_02_Al_projector.context.counts.2.test,211
frame_02_Al_projector.context.counts.3.train,41
frame_02_Al_projector.context.counts.3.test,50
frame_02_Al_projector.context.counts.4.train,0
frame_02_Al_projector.context.counts.4.test,0
frame_02_Al_projector.context.counts.5.train,429
frame_02_Al_projector.context.counts.5.test,525
frame_02_Al_projector.context.counts.6.train,201
frame_02_Al_projector.context.counts.6.test,224
frame_02_Al_projector.context.test_coverage,1.0
frame_02_Al_projector.context.balanced_accuracy,0.6732826989517009
frame_02_Al_projector.context.ap.0,0.44303017122239063
frame_02_Al_projector.context.ap.1,0.9961547929052148
frame_02_Al_projector.context.ap.2,0.8114865904256883
frame_02_Al_projector.context.ap.3,0.7020338967314461
frame_02_Al_projector.context.ap.4,
frame_02_Al_projector.context.ap.5,0.687991194319925
frame_02_Al_projector.context.ap.6,0.41446306863653354
frame_02_Al_projector.ptm.counts.0.train,1032
frame_02_Al_projector.ptm.counts.0.test,1196
frame_02_Al_projector.ptm.counts.1.train,734
frame_02_Al_projector.ptm.counts.1.test,639
frame_02_Al_projector.ptm.counts.2.train,52
frame_02_Al_projector.ptm.counts.2.test,59
frame_02_Al_projector.ptm.counts.3.train,0
frame_02_Al_projector.ptm.counts.3.test,0
frame_02_Al_projector.ptm.counts.4.train,8
frame_02_Al_projector.ptm.counts.4.test,16
frame_02_Al_projector.ptm.test_coverage,0.9916230366492147
frame_02_Al_projector.ptm.balanced_accuracy,0.9102536602251176
frame_02_Al_projector.ptm.ap.0,0.9665896633207046
frame_02_Al_projector.ptm.ap.1,0.9882751484201938
frame_02_Al_projector.ptm.ap.2,0.5661751432353893
frame_02_Al_projector.ptm.ap.3,
frame_02_Al_projector.ptm.ap.4,
frame_02_Al_projector.liquid_order.train_count,893
frame_02_Al_projector.liquid_order.test_count,1086
frame_02_Al_projector.liquid_order.conditional_r2_gain,0.12313156574964523
frame_02_Al_projector.liquid_order.mean_r2,0.15544049441814423
frame_02_Al_projector.context_cutoff_008.counts.0.train,263
frame_02_Al_projector.context_cutoff_008.counts.0.test,338
frame_02_Al_projector.context_cutoff_008.counts.1.train,652
frame_02_Al_projector.context_cutoff_008.counts.1.test,562
frame_02_Al_projector.context_cutoff_008.counts.2.train,209
frame_02_Al_projector.context_cutoff_008.counts.2.test,188
frame_02_Al_projector.context_cutoff_008.counts.3.train,41
frame_02_Al_projector.context_cutoff_008.counts.3.test,50
frame_02_Al_projector.context_cutoff_008.counts.4.train,0
frame_02_Al_projector.context_cutoff_008.counts.4.test,0
frame_02_Al_projector.context_cutoff_008.counts.5.train,433
frame_02_Al_projector.context_cutoff_008.counts.5.test,530
frame_02_Al_projector.context_cutoff_008.counts.6.train,228
frame_02_Al_projector.context_cutoff_008.counts.6.test,242
frame_02_Al_projector.context_cutoff_008.test_coverage,1.0
frame_02_Al_projector.context_cutoff_008.balanced_accuracy,0.679884451408656
frame_02_Al_projector.context_cutoff_008.ap.0,0.4432859643827214
frame_02_Al_projector.context_cutoff_008.ap.1,0.9961897888342583
frame_02_Al_projector.context_cutoff_008.ap.2,0.8302464092953628
frame_02_Al_projector.context_cutoff_008.ap.3,0.695242751810254
frame_02_Al_projector.context_cutoff_008.ap.4,
frame_02_Al_projector.context_cutoff_008.ap.5,0.6879703060464926
frame_02_Al_projector.context_cutoff_008.ap.6,0.43173099237480445
frame_02_Al_projector.context_cutoff_010.counts.0.train,263
frame_02_Al_projector.context_cutoff_010.counts.0.test,337
frame_02_Al_projector.context_cutoff_010.counts.1.train,652
frame_02_Al_projector.context_cutoff_010.counts.1.test,563
frame_02_Al_projector.context_cutoff_010.counts.2.train,240
frame_02_Al_projector.context_cutoff_010.counts.2.test,211
frame_02_Al_projector.context_cutoff_010.counts.3.train,41
frame_02_Al_projector.context_cutoff_010.counts.3.test,50
frame_02_Al_projector.context_cutoff_010.counts.4.train,0
frame_02_Al_projector.context_cutoff_010.counts.4.test,0
frame_02_Al_projector.context_cutoff_010.counts.5.train,429
frame_02_Al_projector.context_cutoff_010.counts.5.test,525
frame_02_Al_projector.context_cutoff_010.counts.6.train,201
frame_02_Al_projector.context_cutoff_010.counts.6.test,224
frame_02_Al_projector.context_cutoff_010.test_coverage,1.0
frame_02_Al_projector.context_cutoff_010.balanced_accuracy,0.6732826989517009
frame_02_Al_projector.context_cutoff_010.ap.0,0.44303017122239063
frame_02_Al_projector.context_cutoff_010.ap.1,0.9961547929052148
frame_02_Al_projector.context_cutoff_010.ap.2,0.8114865904256883
frame_02_Al_projector.context_cutoff_010.ap.3,0.7020338967314461
frame_02_Al_projector.context_cutoff_010.ap.4,
frame_02_Al_projector.context_cutoff_010.ap.5,0.687991194319925
frame_02_Al_projector.context_cutoff_010.ap.6,0.41446306863653354
frame_02_Al_projector.context_cutoff_012.counts.0.train,261
frame_02_Al_projector.context_cutoff_012.counts.0.test,334
frame_02_Al_projector.context_cutoff_012.counts.1.train,661
frame_02_Al_projector.context_cutoff_012.counts.1.test,571
frame_02_Al_projector.context_cutoff_012.counts.2.train,276
frame_02_Al_projector.context_cutoff_012.counts.2.test,264
frame_02_Al_projector.context_cutoff_012.counts.3.train,41
frame_02_Al_projector.context_cutoff_012.counts.3.test,50
frame_02_Al_projector.context_cutoff_012.counts.4.train,0
frame_02_Al_projector.context_cutoff_012.counts.4.test,0
frame_02_Al_projector.context_cutoff_012.counts.5.train,421
frame_02_Al_projector.context_cutoff_012.counts.5.test,514
frame_02_Al_projector.context_cutoff_012.counts.6.train,166
frame_02_Al_projector.context_cutoff_012.counts.6.test,177
frame_02_Al_projector.context_cutoff_012.test_coverage,1.0
frame_02_Al_projector.context_cutoff_012.balanced_accuracy,0.6395297490634073
frame_02_Al_projector.context_cutoff_012.ap.0,0.4400579443048323
frame_02_Al_projector.context_cutoff_012.ap.1,0.9954665972958633
frame_02_Al_projector.context_cutoff_012.ap.2,0.7452217134040381
frame_02_Al_projector.context_cutoff_012.ap.3,0.7196889032316558
frame_02_Al_projector.context_cutoff_012.ap.4,
frame_02_Al_projector.context_cutoff_012.ap.5,0.6772425841374943
frame_02_Al_projector.context_cutoff_012.ap.6,0.25607487527022416
frame_02_Al_projector.planar_fault.counts.0.train,1774
frame_02_Al_projector.planar_fault.counts.0.test,1851
frame_02_Al_projector.planar_fault.counts.1.train,11
frame_02_Al_projector.planar_fault.counts.1.test,9
frame_02_Al_projector.planar_fault.counts.2.train,7
frame_02_Al_projector.planar_fault.counts.2.test,3
frame_02_Al_projector.planar_fault.counts.3.train,34
frame_02_Al_projector.planar_fault.counts.3.test,47
frame_02_Al_projector.planar_fault.counts.4.train,0
frame_02_Al_projector.planar_fault.counts.4.test,0
frame_02_Al_projector.planar_fault.test_coverage,0.993717277486911
frame_02_Al_projector.planar_fault.balanced_accuracy,0.9281699368943757
frame_02_Al_projector.planar_fault.ap.0,0.9905189087420969
frame_02_Al_projector.planar_fault.ap.1,
frame_02_Al_projector.planar_fault.ap.2,
frame_02_Al_projector.planar_fault.ap.3,0.6961218344839726
frame_02_Al_projector.planar_fault.ap.4,
frame_02_Al_projector.spatial.auc,0.6553113875395364
frame_02_Al_projector.spatial.pairs,1740
frame_02_Al_projector.spatial.changed_pairs,639
frame_02_Al_projector.spatial.bins,5
frame_02_Al_projector.spatial.same_label_normalized_distance,0.23637426060764713
frame_02_Al_projector.nonbulk_spatial.auc,0.5328222791224562
frame_02_Al_projector.nonbulk_spatial.pairs,1169
frame_02_Al_projector.nonbulk_spatial.changed_pairs,574
frame_02_Al_projector.nonbulk_spatial.bins,5
frame_02_Al_projector.nonbulk_spatial.same_label_normalized_distance,0.39426779606046924
frame_02_Al_projector.shuffled_spatial.auc,0.5144868742007264
frame_02_Al_projector.shuffled_spatial.pairs,1169
frame_02_Al_projector.shuffled_spatial.changed_pairs,574
frame_02_Al_projector.shuffled_spatial.bins,5
frame_02_Al_projector.shuffled_spatial.same_label_normalized_distance,0.8171179317477331
frame_02_Al_projector.collapsed_spatial.auc,0.5
frame_02_Al_projector.collapsed_spatial.pairs,1169
frame_02_Al_projector.collapsed_spatial.changed_pairs,574
frame_02_Al_projector.collapsed_spatial.bins,5
frame_02_Al_projector.collapsed_spatial.same_label_normalized_distance,
frame_02_Al_projector.liquid_topology.train_count,218
frame_02_Al_projector.liquid_topology.test_count,269
frame_02_Al_projector.liquid_topology.conditional_r2_gain,-0.14952394366264343
frame_02_Al_projector.liquid_topology.mean_r2,-0.14465945959091187
frame_02_Al_projector.nonbulk_cluster_ami,0.3094120660691184
frame_02_Al_projector.continuity.0.0001.pair_rms,15.290997606522795
frame_02_Al_projector.continuity.0.0001.normalized_median,0.00018648057976575989
frame_02_Al_projector.continuity.0.0001.normalized_p95,0.023069909063116647
frame_02_Al_projector.continuity.0.01.pair_rms,15.290997606522795
frame_02_Al_projector.continuity.0.01.normalized_median,0.06585989573395537
frame_02_Al_projector.continuity.0.01.normalized_p95,0.21833966741950434
frame_02_Al_projector.continuity.0.1.pair_rms,15.290997606522795
frame_02_Al_projector.continuity.0.1.normalized_median,0.1770226341105155
frame_02_Al_projector.continuity.0.1.normalized_p95,0.49594342655982576
frame_02_Al_projector.triad_index_switch_fraction_1e4_A,0.00813802145421505
frame_03_Ta_encoder.collapse.effective_rank,6.319272517023299
frame_03_Ta_encoder.collapse.variance,2.0635724104129998
frame_03_Ta_encoder.collapse.pair_rms,2.0315375509268834
frame_03_Ta_encoder.liquid_collapse.effective_rank,6.228472347898704
frame_03_Ta_encoder.liquid_collapse.variance,2.0432856599034928
frame_03_Ta_encoder.liquid_collapse.pair_rms,2.021526977264213
frame_03_Ta_encoder.reference_coverage.liquid_fraction,0.9990234375
frame_03_Ta_encoder.reference_coverage.cutoff_stable_fraction,0.996826171875
frame_03_Ta_encoder.context.counts.0.train,798
frame_03_Ta_encoder.context.counts.0.test,743
frame_03_Ta_encoder.context.counts.1.train,0
frame_03_Ta_encoder.context.counts.1.test,0
frame_03_Ta_encoder.context.counts.2.train,3
frame_03_Ta_encoder.context.counts.2.test,0
frame_03_Ta_encoder.context.counts.3.train,0
frame_03_Ta_encoder.context.counts.3.test,0
frame_03_Ta_encoder.context.counts.4.train,0
frame_03_Ta_encoder.context.counts.4.test,0
frame_03_Ta_encoder.context.counts.5.train,800
frame_03_Ta_encoder.context.counts.5.test,785
frame_03_Ta_encoder.context.counts.6.train,424
frame_03_Ta_encoder.context.counts.6.test,370
frame_03_Ta_encoder.context.test_coverage,1.0
frame_03_Ta_encoder.context.balanced_accuracy,0.6099856498104262
frame_03_Ta_encoder.context.ap.0,0.7114259647315277
frame_03_Ta_encoder.context.ap.1,
frame_03_Ta_encoder.context.ap.2,
frame_03_Ta_encoder.context.ap.3,
frame_03_Ta_encoder.context.ap.4,
frame_03_Ta_encoder.context.ap.5,0.7740440879956905
frame_03_Ta_encoder.context.ap.6,0.4535733891983059
frame_03_Ta_encoder.ptm.counts.0.train,1905
frame_03_Ta_encoder.ptm.counts.0.test,1792
frame_03_Ta_encoder.ptm.counts.1.train,0
frame_03_Ta_encoder.ptm.counts.1.test,0
frame_03_Ta_encoder.ptm.counts.2.train,0
frame_03_Ta_encoder.ptm.counts.2.test,0
frame_03_Ta_encoder.ptm.counts.3.train,3
frame_03_Ta_encoder.ptm.counts.3.test,0
frame_03_Ta_encoder.ptm.counts.4.train,117
frame_03_Ta_encoder.ptm.counts.4.test,106
frame_03_Ta_encoder.ptm.test_coverage,1.0
frame_03_Ta_encoder.ptm.balanced_accuracy,0.8508254716981132
frame_03_Ta_encoder.ptm.ap.0,0.9964389130702169
frame_03_Ta_encoder.ptm.ap.1,
frame_03_Ta_encoder.ptm.ap.2,
frame_03_Ta_encoder.ptm.ap.3,
frame_03_Ta_encoder.ptm.ap.4,0.5917242122570665
frame_03_Ta_encoder.liquid_order.train_count,2022
frame_03_Ta_encoder.liquid_order.test_count,1898
frame_03_Ta_encoder.liquid_order.conditional_r2_gain,0.15643233060836792
frame_03_Ta_encoder.liquid_order.mean_r2,0.2697596251964569
frame_03_Ta_encoder.context_cutoff_008.counts.0.train,798
frame_03_Ta_encoder.context_cutoff_008.counts.0.test,743
frame_03_Ta_encoder.context_cutoff_008.counts.1.train,0
frame_03_Ta_encoder.context_cutoff_008.counts.1.test,0
frame_03_Ta_encoder.context_cutoff_008.counts.2.train,2
frame_03_Ta_encoder.context_cutoff_008.counts.2.test,0
frame_03_Ta_encoder.context_cutoff_008.counts.3.train,0
frame_03_Ta_encoder.context_cutoff_008.counts.3.test,0
frame_03_Ta_encoder.context_cutoff_008.counts.4.train,0
frame_03_Ta_encoder.context_cutoff_008.counts.4.test,0
frame_03_Ta_encoder.context_cutoff_008.counts.5.train,800
frame_03_Ta_encoder.context_cutoff_008.counts.5.test,785
frame_03_Ta_encoder.context_cutoff_008.counts.6.train,425
frame_03_Ta_encoder.context_cutoff_008.counts.6.test,370
frame_03_Ta_encoder.context_cutoff_008.test_coverage,1.0
frame_03_Ta_encoder.context_cutoff_008.balanced_accuracy,0.6081838480086245
frame_03_Ta_encoder.context_cutoff_008.ap.0,0.7114744729096146
frame_03_Ta_encoder.context_cutoff_008.ap.1,
frame_03_Ta_encoder.context_cutoff_008.ap.2,
frame_03_Ta_encoder.context_cutoff_008.ap.3,
frame_03_Ta_encoder.context_cutoff_008.ap.4,
frame_03_Ta_encoder.context_cutoff_008.ap.5,0.7739724112439341
frame_03_Ta_encoder.context_cutoff_008.ap.6,0.45368698271760827
frame_03_Ta_encoder.context_cutoff_010.counts.0.train,798
frame_03_Ta_encoder.context_cutoff_010.counts.0.test,743
frame_03_Ta_encoder.context_cutoff_010.counts.1.train,0
frame_03_Ta_encoder.context_cutoff_010.counts.1.test,0
frame_03_Ta_encoder.context_cutoff_010.counts.2.train,3
frame_03_Ta_encoder.context_cutoff_010.counts.2.test,0
frame_03_Ta_encoder.context_cutoff_010.counts.3.train,0
frame_03_Ta_encoder.context_cutoff_010.counts.3.test,0
frame_03_Ta_encoder.context_cutoff_010.counts.4.train,0
frame_03_Ta_encoder.context_cutoff_010.counts.4.test,0
frame_03_Ta_encoder.context_cutoff_010.counts.5.train,800
frame_03_Ta_encoder.context_cutoff_010.counts.5.test,785
frame_03_Ta_encoder.context_cutoff_010.counts.6.train,424
frame_03_Ta_encoder.context_cutoff_010.counts.6.test,370
frame_03_Ta_encoder.context_cutoff_010.test_coverage,1.0
frame_03_Ta_encoder.context_cutoff_010.balanced_accuracy,0.6099856498104262
frame_03_Ta_encoder.context_cutoff_010.ap.0,0.7114259647315277
frame_03_Ta_encoder.context_cutoff_010.ap.1,
frame_03_Ta_encoder.context_cutoff_010.ap.2,
frame_03_Ta_encoder.context_cutoff_010.ap.3,
frame_03_Ta_encoder.context_cutoff_010.ap.4,
frame_03_Ta_encoder.context_cutoff_010.ap.5,0.7740440879956905
frame_03_Ta_encoder.context_cutoff_010.ap.6,0.4535733891983059
frame_03_Ta_encoder.context_cutoff_012.counts.0.train,798
frame_03_Ta_encoder.context_cutoff_012.counts.0.test,743
frame_03_Ta_encoder.context_cutoff_012.counts.1.train,0
frame_03_Ta_encoder.context_cutoff_012.counts.1.test,0
frame_03_Ta_encoder.context_cutoff_012.counts.2.train,6
frame_03_Ta_encoder.context_cutoff_012.counts.2.test,7
frame_03_Ta_encoder.context_cutoff_012.counts.3.train,0
frame_03_Ta_encoder.context_cutoff_012.counts.3.test,0
frame_03_Ta_encoder.context_cutoff_012.counts.4.train,0
frame_03_Ta_encoder.context_cutoff_012.counts.4.test,0
frame_03_Ta_encoder.context_cutoff_012.counts.5.train,800
frame_03_Ta_encoder.context_cutoff_012.counts.5.test,784
frame_03_Ta_encoder.context_cutoff_012.counts.6.train,421
frame_03_Ta_encoder.context_cutoff_012.counts.6.test,364
frame_03_Ta_encoder.context_cutoff_012.test_coverage,0.9963119072708114
frame_03_Ta_encoder.context_cutoff_012.balanced_accuracy,0.6066703236838787
frame_03_Ta_encoder.context_cutoff_012.ap.0,0.7109711720238338
frame_03_Ta_encoder.context_cutoff_012.ap.1,
frame_03_Ta_encoder.context_cutoff_012.ap.2,
frame_03_Ta_encoder.context_cutoff_012.ap.3,
frame_03_Ta_encoder.context_cutoff_012.ap.4,
frame_03_Ta_encoder.context_cutoff_012.ap.5,0.7742166917672834
frame_03_Ta_encoder.context_cutoff_012.ap.6,0.42894165433151665
frame_03_Ta_encoder.spatial.auc,0.4997628681915998
frame_03_Ta_encoder.spatial.pairs,1884
frame_03_Ta_encoder.spatial.changed_pairs,1030
frame_03_Ta_encoder.spatial.bins,5
frame_03_Ta_encoder.spatial.same_label_normalized_distance,0.8955486324702753
frame_03_Ta_encoder.nonbulk_spatial.auc,0.4997628681915998
frame_03_Ta_encoder.nonbulk_spatial.pairs,1884
frame_03_Ta_encoder.nonbulk_spatial.changed_pairs,1030
frame_03_Ta_encoder.nonbulk_spatial.bins,5
frame_03_Ta_encoder.nonbulk_spatial.same_label_normalized_distance,0.8955486324702753
frame_03_Ta_encoder.shuffled_spatial.auc,0.49412786805934955
frame_03_Ta_encoder.shuffled_spatial.pairs,1884
frame_03_Ta_encoder.shuffled_spatial.changed_pairs,1030
frame_03_Ta_encoder.shuffled_spatial.bins,5
frame_03_Ta_encoder.shuffled_spatial.same_label_normalized_distance,0.9604575869126547
frame_03_Ta_encoder.collapsed_spatial.auc,0.5
frame_03_Ta_encoder.collapsed_spatial.pairs,1884
frame_03_Ta_encoder.collapsed_spatial.changed_pairs,1030
frame_03_Ta_encoder.collapsed_spatial.bins,5
frame_03_Ta_encoder.collapsed_spatial.same_label_normalized_distance,
frame_03_Ta_encoder.liquid_topology.train_count,521
frame_03_Ta_encoder.liquid_topology.test_count,465
frame_03_Ta_encoder.liquid_topology.conditional_r2_gain,-0.8299103379249573
frame_03_Ta_encoder.liquid_topology.mean_r2,-0.821081817150116
frame_03_Ta_encoder.nonbulk_cluster_ami,0.044202271970590845
frame_03_Ta_encoder.continuity.0.0001.pair_rms,2.0304984600753735
frame_03_Ta_encoder.continuity.0.0001.normalized_median,0.00040975908092639367
frame_03_Ta_encoder.continuity.0.0001.normalized_p95,0.026118813493529312
frame_03_Ta_encoder.continuity.0.01.pair_rms,2.0304984600753735
frame_03_Ta_encoder.continuity.0.01.normalized_median,0.2558255309930135
frame_03_Ta_encoder.continuity.0.01.normalized_p95,0.5553515298490038
frame_03_Ta_encoder.continuity.0.1.pair_rms,2.0304984600753735
frame_03_Ta_encoder.continuity.0.1.normalized_median,0.7158409076796637
frame_03_Ta_encoder.continuity.0.1.normalized_p95,1.1254522923379764
frame_03_Ta_encoder.triad_index_switch_fraction_1e4_A,0.00032552084303461015
frame_03_Ta_projector.collapse.effective_rank,3.1989413259363064
frame_03_Ta_projector.collapse.variance,10.808595962350603
frame_03_Ta_projector.collapse.pair_rms,4.64942920418208
frame_03_Ta_projector.liquid_collapse.effective_rank,3.1842680956991822
frame_03_Ta_projector.liquid_collapse.variance,10.650625100877129
frame_03_Ta_projector.liquid_collapse.pair_rms,4.61532774586532
frame_03_Ta_projector.reference_coverage.liquid_fraction,0.9990234375
frame_03_Ta_projector.reference_coverage.cutoff_stable_fraction,0.996826171875
frame_03_Ta_projector.context.counts.0.train,798
frame_03_Ta_projector.context.counts.0.test,743
frame_03_Ta_projector.context.counts.1.train,0
frame_03_Ta_projector.context.counts.1.test,0
frame_03_Ta_projector.context.counts.2.train,3
frame_03_Ta_projector.context.counts.2.test,0
frame_03_Ta_projector.context.counts.3.train,0
frame_03_Ta_projector.context.counts.3.test,0
frame_03_Ta_projector.context.counts.4.train,0
frame_03_Ta_projector.context.counts.4.test,0
frame_03_Ta_projector.context.counts.5.train,800
frame_03_Ta_projector.context.counts.5.test,785
frame_03_Ta_projector.context.counts.6.train,424
frame_03_Ta_projector.context.counts.6.test,370
frame_03_Ta_projector.context.test_coverage,1.0
frame_03_Ta_projector.context.balanced_accuracy,0.5793704652694288
frame_03_Ta_projector.context.ap.0,0.6443946907697427
frame_03_Ta_projector.context.ap.1,
frame_03_Ta_projector.context.ap.2,
frame_03_Ta_projector.context.ap.3,
frame_03_Ta_projector.context.ap.4,
frame_03_Ta_projector.context.ap.5,0.7523411965293831
frame_03_Ta_projector.context.ap.6,0.4356351834872444
frame_03_Ta_projector.ptm.counts.0.train,1905
frame_03_Ta_projector.ptm.counts.0.test,1792
frame_03_Ta_projector.ptm.counts.1.train,0
frame_03_Ta_projector.ptm.counts.1.test,0
frame_03_Ta_projector.ptm.counts.2.train,0
frame_03_Ta_projector.ptm.counts.2.test,0
frame_03_Ta_projector.ptm.counts.3.train,3
frame_03_Ta_projector.ptm.counts.3.test,0
frame_03_Ta_projector.ptm.counts.4.train,117
frame_03_Ta_projector.ptm.counts.4.test,106
frame_03_Ta_projector.ptm.test_coverage,1.0
frame_03_Ta_projector.ptm.balanced_accuracy,0.8650448534366577
frame_03_Ta_projector.ptm.ap.0,0.9957939564003764
frame_03_Ta_projector.ptm.ap.1,
frame_03_Ta_projector.ptm.ap.2,
frame_03_Ta_projector.ptm.ap.3,
frame_03_Ta_projector.ptm.ap.4,0.5247577597856742
frame_03_Ta_projector.liquid_order.train_count,2022
frame_03_Ta_projector.liquid_order.test_count,1898
frame_03_Ta_projector.liquid_order.conditional_r2_gain,0.13630789518356323
frame_03_Ta_projector.liquid_order.mean_r2,0.21179933845996857
frame_03_Ta_projector.context_cutoff_008.counts.0.train,798
frame_03_Ta_projector.context_cutoff_008.counts.0.test,743
frame_03_Ta_projector.context_cutoff_008.counts.1.train,0
frame_03_Ta_projector.context_cutoff_008.counts.1.test,0
frame_03_Ta_projector.context_cutoff_008.counts.2.train,2
frame_03_Ta_projector.context_cutoff_008.counts.2.test,0
frame_03_Ta_projector.context_cutoff_008.counts.3.train,0
frame_03_Ta_projector.context_cutoff_008.counts.3.test,0
frame_03_Ta_projector.context_cutoff_008.counts.4.train,0
frame_03_Ta_projector.context_cutoff_008.counts.4.test,0
frame_03_Ta_projector.context_cutoff_008.counts.5.train,800
frame_03_Ta_projector.context_cutoff_008.counts.5.test,785
frame_03_Ta_projector.context_cutoff_008.counts.6.train,425
frame_03_Ta_projector.context_cutoff_008.counts.6.test,370
frame_03_Ta_projector.context_cutoff_008.test_coverage,1.0
frame_03_Ta_projector.context_cutoff_008.balanced_accuracy,0.5794221092701174
frame_03_Ta_projector.context_cutoff_008.ap.0,0.6444897274722898
frame_03_Ta_projector.context_cutoff_008.ap.1,
frame_03_Ta_projector.context_cutoff_008.ap.2,
frame_03_Ta_projector.context_cutoff_008.ap.3,
frame_03_Ta_projector.context_cutoff_008.ap.4,
frame_03_Ta_projector.context_cutoff_008.ap.5,0.75234990847477
frame_03_Ta_projector.context_cutoff_008.ap.6,0.4357427509312738
frame_03_Ta_projector.context_cutoff_010.counts.0.train,798
frame_03_Ta_projector.context_cutoff_010.counts.0.test,743
frame_03_Ta_projector.context_cutoff_010.counts.1.train,0
frame_03_Ta_projector.context_cutoff_010.counts.1.test,0
frame_03_Ta_projector.context_cutoff_010.counts.2.train,3
frame_03_Ta_projector.context_cutoff_010.counts.2.test,0
frame_03_Ta_projector.context_cutoff_010.counts.3.train,0
frame_03_Ta_projector.context_cutoff_010.counts.3.test,0
frame_03_Ta_projector.context_cutoff_010.counts.4.train,0
frame_03_Ta_projector.context_cutoff_010.counts.4.test,0
frame_03_Ta_projector.context_cutoff_010.counts.5.train,800
frame_03_Ta_projector.context_cutoff_010.counts.5.test,785
frame_03_Ta_projector.context_cutoff_010.counts.6.train,424
frame_03_Ta_projector.context_cutoff_010.counts.6.test,370
frame_03_Ta_projector.context_cutoff_010.test_coverage,1.0
frame_03_Ta_projector.context_cutoff_010.balanced_accuracy,0.5793704652694288
frame_03_Ta_projector.context_cutoff_010.ap.0,0.6443946907697427
frame_03_Ta_projector.context_cutoff_010.ap.1,
frame_03_Ta_projector.context_cutoff_010.ap.2,
frame_03_Ta_projector.context_cutoff_010.ap.3,
frame_03_Ta_projector.context_cutoff_010.ap.4,
frame_03_Ta_projector.context_cutoff_010.ap.5,0.7523411965293831
frame_03_Ta_projector.context_cutoff_010.ap.6,0.4356351834872444
frame_03_Ta_projector.context_cutoff_012.counts.0.train,798
frame_03_Ta_projector.context_cutoff_012.counts.0.test,743
frame_03_Ta_projector.context_cutoff_012.counts.1.train,0
frame_03_Ta_projector.context_cutoff_012.counts.1.test,0
frame_03_Ta_projector.context_cutoff_012.counts.2.train,6
frame_03_Ta_projector.context_cutoff_012.counts.2.test,7
frame_03_Ta_projector.context_cutoff_012.counts.3.train,0
frame_03_Ta_projector.context_cutoff_012.counts.3.test,0
frame_03_Ta_projector.context_cutoff_012.counts.4.train,0
frame_03_Ta_projector.context_cutoff_012.counts.4.test,0
frame_03_Ta_projector.context_cutoff_012.counts.5.train,800
frame_03_Ta_projector.context_cutoff_012.counts.5.test,784
frame_03_Ta_projector.context_cutoff_012.counts.6.train,421
frame_03_Ta_projector.context_cutoff_012.counts.6.test,364
frame_03_Ta_projector.context_cutoff_012.test_coverage,0.9963119072708114
frame_03_Ta_projector.context_cutoff_012.balanced_accuracy,0.577227681630681
frame_03_Ta_projector.context_cutoff_012.ap.0,0.644041487020242
frame_03_Ta_projector.context_cutoff_012.ap.1,
frame_03_Ta_projector.context_cutoff_012.ap.2,
frame_03_Ta_projector.context_cutoff_012.ap.3,
frame_03_Ta_projector.context_cutoff_012.ap.4,
frame_03_Ta_projector.context_cutoff_012.ap.5,0.7527441986623888
frame_03_Ta_projector.context_cutoff_012.ap.6,0.40921989223358013
frame_03_Ta_projector.spatial.auc,0.5280062978443916
frame_03_Ta_projector.spatial.pairs,1884
frame_03_Ta_projector.spatial.changed_pairs,1030
frame_03_Ta_projector.spatial.bins,5
frame_03_Ta_projector.spatial.same_label_normalized_distance,0.8330007943075716
frame_03_Ta_projector.nonbulk_spatial.auc,0.5280062978443916
frame_03_Ta_projector.nonbulk_spatial.pairs,1884
frame_03_Ta_projector.nonbulk_spatial.changed_pairs,1030
frame_03_Ta_projector.nonbulk_spatial.bins,5
frame_03_Ta_projector.nonbulk_spatial.same_label_normalized_distance,0.8330007943075716
frame_03_Ta_projector.shuffled_spatial.auc,0.48464326371037114
frame_03_Ta_projector.shuffled_spatial.pairs,1884
frame_03_Ta_projector.shuffled_spatial.changed_pairs,1030
frame_03_Ta_projector.shuffled_spatial.bins,5
frame_03_Ta_projector.shuffled_spatial.same_label_normalized_distance,0.9207235082627077
frame_03_Ta_projector.collapsed_spatial.auc,0.5
frame_03_Ta_projector.collapsed_spatial.pairs,1884
frame_03_Ta_projector.collapsed_spatial.changed_pairs,1030
frame_03_Ta_projector.collapsed_spatial.bins,5
frame_03_Ta_projector.collapsed_spatial.same_label_normalized_distance,
frame_03_Ta_projector.liquid_topology.train_count,521
frame_03_Ta_projector.liquid_topology.test_count,465
frame_03_Ta_projector.liquid_topology.conditional_r2_gain,-0.049513500183820724
frame_03_Ta_projector.liquid_topology.mean_r2,-0.059362661093473434
frame_03_Ta_projector.nonbulk_cluster_ami,0.03156519298095491
frame_03_Ta_projector.continuity.0.0001.pair_rms,4.897587555622562
frame_03_Ta_projector.continuity.0.0001.normalized_median,0.00035800462276258416
frame_03_Ta_projector.continuity.0.0001.normalized_p95,0.02860146129516051
frame_03_Ta_projector.continuity.0.01.pair_rms,4.897587555622562
frame_03_Ta_projector.continuity.0.01.normalized_median,0.25006125173046584
frame_03_Ta_projector.continuity.0.01.normalized_p95,0.5821116779106074
frame_03_Ta_projector.continuity.0.1.pair_rms,4.897587555622562
frame_03_Ta_projector.continuity.0.1.normalized_median,0.6197343942109146
frame_03_Ta_projector.continuity.0.1.normalized_p95,1.2281310254023592
frame_03_Ta_projector.triad_index_switch_fraction_1e4_A,0.00032552084303461015
frame_04_Ta_encoder.collapse.effective_rank,1.7913226861474492
frame_04_Ta_encoder.collapse.variance,8.356182190849378
frame_04_Ta_encoder.collapse.pair_rms,4.088075877683627
frame_04_Ta_encoder.liquid_collapse.effective_rank,5.721945746979751
frame_04_Ta_encoder.liquid_collapse.variance,2.116512183875536
frame_04_Ta_encoder.liquid_collapse.pair_rms,2.057431497705591
frame_04_Ta_encoder.reference_coverage.liquid_fraction,0.927001953125
frame_04_Ta_encoder.reference_coverage.cutoff_stable_fraction,0.99365234375
frame_04_Ta_encoder.context.counts.0.train,667
frame_04_Ta_encoder.context.counts.0.test,749
frame_04_Ta_encoder.context.counts.1.train,168
frame_04_Ta_encoder.context.counts.1.test,58
frame_04_Ta_encoder.context.counts.2.train,32
frame_04_Ta_encoder.context.counts.2.test,40
frame_04_Ta_encoder.context.counts.3.train,0
frame_04_Ta_encoder.context.counts.3.test,0
frame_04_Ta_encoder.context.counts.4.train,0
frame_04_Ta_encoder.context.counts.4.test,0
frame_04_Ta_encoder.context.counts.5.train,725
frame_04_Ta_encoder.context.counts.5.test,759
frame_04_Ta_encoder.context.counts.6.train,381
frame_04_Ta_encoder.context.counts.6.test,364
frame_04_Ta_encoder.context.test_coverage,1.0
frame_04_Ta_encoder.context.balanced_accuracy,0.721097243912612
frame_04_Ta_encoder.context.ap.0,0.7314883967620963
frame_04_Ta_encoder.context.ap.1,0.9916980823611647
frame_04_Ta_encoder.context.ap.2,0.9014876122980919
frame_04_Ta_encoder.context.ap.3,
frame_04_Ta_encoder.context.ap.4,
frame_04_Ta_encoder.context.ap.5,0.768559077517571
frame_04_Ta_encoder.context.ap.6,0.46768806730966445
frame_04_Ta_encoder.ptm.counts.0.train,1692
frame_04_Ta_encoder.ptm.counts.0.test,1809
frame_04_Ta_encoder.ptm.counts.1.train,0
frame_04_Ta_encoder.ptm.counts.1.test,0
frame_04_Ta_encoder.ptm.counts.2.train,0
frame_04_Ta_encoder.ptm.counts.2.test,0
frame_04_Ta_encoder.ptm.counts.3.train,188
frame_04_Ta_encoder.ptm.counts.3.test,73
frame_04_Ta_encoder.ptm.counts.4.train,93
frame_04_Ta_encoder.ptm.counts.4.test,88
frame_04_Ta_encoder.ptm.test_coverage,1.0
frame_04_Ta_encoder.ptm.balanced_accuracy,0.8578431237567066
frame_04_Ta_encoder.ptm.ap.0,0.996561374206844
frame_04_Ta_encoder.ptm.ap.1,
frame_04_Ta_encoder.ptm.ap.2,
frame_04_Ta_encoder.ptm.ap.3,0.9689837737097318
frame_04_Ta_encoder.ptm.ap.4,0.43812265183750815
frame_04_Ta_encoder.liquid_order.train_count,1773
frame_04_Ta_encoder.liquid_order.test_count,1872
frame_04_Ta_encoder.liquid_order.conditional_r2_gain,0.1728656142950058
frame_04_Ta_encoder.liquid_order.mean_r2,0.27942967414855957
frame_04_Ta_encoder.context_cutoff_008.counts.0.train,667
frame_04_Ta_encoder.context_cutoff_008.counts.0.test,749
frame_04_Ta_encoder.context_cutoff_008.counts.1.train,167
frame_04_Ta_encoder.context_cutoff_008.counts.1.test,58
frame_04_Ta_encoder.context_cutoff_008.counts.2.train,31
frame_04_Ta_encoder.context_cutoff_008.counts.2.test,32
frame_04_Ta_encoder.context_cutoff_008.counts.3.train,0
frame_04_Ta_encoder.context_cutoff_008.counts.3.test,0
frame_04_Ta_encoder.context_cutoff_008.counts.4.train,0
frame_04_Ta_encoder.context_cutoff_008.counts.4.test,0
frame_04_Ta_encoder.context_cutoff_008.counts.5.train,726
frame_04_Ta_encoder.context_cutoff_008.counts.5.test,760
frame_04_Ta_encoder.context_cutoff_008.counts.6.train,382
frame_04_Ta_encoder.context_cutoff_008.counts.6.test,371
frame_04_Ta_encoder.context_cutoff_008.test_coverage,1.0
frame_04_Ta_encoder.context_cutoff_008.balanced_accuracy,0.7404054279680375
frame_04_Ta_encoder.context_cutoff_008.ap.0,0.7315346802316187
frame_04_Ta_encoder.context_cutoff_008.ap.1,0.9938755895845448
frame_04_Ta_encoder.context_cutoff_008.ap.2,0.9106205379075432
frame_04_Ta_encoder.context_cutoff_008.ap.3,
frame_04_Ta_encoder.context_cutoff_008.ap.4,
frame_04_Ta_encoder.context_cutoff_008.ap.5,0.7680786058663981
frame_04_Ta_encoder.context_cutoff_008.ap.6,0.48587086895088755
frame_04_Ta_encoder.context_cutoff_010.counts.0.train,667
frame_04_Ta_encoder.context_cutoff_010.counts.0.test,749
frame_04_Ta_encoder.context_cutoff_010.counts.1.train,168
frame_04_Ta_encoder.context_cutoff_010.counts.1.test,58
frame_04_Ta_encoder.context_cutoff_010.counts.2.train,32
frame_04_Ta_encoder.context_cutoff_010.counts.2.test,40
frame_04_Ta_encoder.context_cutoff_010.counts.3.train,0
frame_04_Ta_encoder.context_cutoff_010.counts.3.test,0
frame_04_Ta_encoder.context_cutoff_010.counts.4.train,0
frame_04_Ta_encoder.context_cutoff_010.counts.4.test,0
frame_04_Ta_encoder.context_cutoff_010.counts.5.train,725
frame_04_Ta_encoder.context_cutoff_010.counts.5.test,759
frame_04_Ta_encoder.context_cutoff_010.counts.6.train,381
frame_04_Ta_encoder.context_cutoff_010.counts.6.test,364
frame_04_Ta_encoder.context_cutoff_010.test_coverage,1.0
frame_04_Ta_encoder.context_cutoff_010.balanced_accuracy,0.721097243912612
frame_04_Ta_encoder.context_cutoff_010.ap.0,0.7314883967620963
frame_04_Ta_encoder.context_cutoff_010.ap.1,0.9916980823611647
frame_04_Ta_encoder.context_cutoff_010.ap.2,0.9014876122980919
frame_04_Ta_encoder.context_cutoff_010.ap.3,
frame_04_Ta_encoder.context_cutoff_010.ap.4,
frame_04_Ta_encoder.context_cutoff_010.ap.5,0.768559077517571
frame_04_Ta_encoder.context_cutoff_010.ap.6,0.46768806730966445
frame_04_Ta_encoder.context_cutoff_012.counts.0.train,667
frame_04_Ta_encoder.context_cutoff_012.counts.0.test,749
frame_04_Ta_encoder.context_cutoff_012.counts.1.train,171
frame_04_Ta_encoder.context_cutoff_012.counts.1.test,59
frame_04_Ta_encoder.context_cutoff_012.counts.2.train,34
frame_04_Ta_encoder.context_cutoff_012.counts.2.test,44
frame_04_Ta_encoder.context_cutoff_012.counts.3.train,0
frame_04_Ta_encoder.context_cutoff_012.counts.3.test,0
frame_04_Ta_encoder.context_cutoff_012.counts.4.train,0
frame_04_Ta_encoder.context_cutoff_012.counts.4.test,0
frame_04_Ta_encoder.context_cutoff_012.counts.5.train,725
frame_04_Ta_encoder.context_cutoff_012.counts.5.test,759
frame_04_Ta_encoder.context_cutoff_012.counts.6.train,376
frame_04_Ta_encoder.context_cutoff_012.counts.6.test,359
frame_04_Ta_encoder.context_cutoff_012.test_coverage,1.0
frame_04_Ta_encoder.context_cutoff_012.balanced_accuracy,0.7036467731908986
frame_04_Ta_encoder.context_cutoff_012.ap.0,0.7319599200030841
frame_04_Ta_encoder.context_cutoff_012.ap.1,0.9881677008122591
frame_04_Ta_encoder.context_cutoff_012.ap.2,0.8342676610435172
frame_04_Ta_encoder.context_cutoff_012.ap.3,
frame_04_Ta_encoder.context_cutoff_012.ap.4,
frame_04_Ta_encoder.context_cutoff_012.ap.5,0.768187956432582
frame_04_Ta_encoder.context_cutoff_012.ap.6,0.4455452394446763
frame_04_Ta_encoder.spatial.auc,0.5122090841165294
frame_04_Ta_encoder.spatial.pairs,1936
frame_04_Ta_encoder.spatial.changed_pairs,1040
frame_04_Ta_encoder.spatial.bins,5
frame_04_Ta_encoder.spatial.same_label_normalized_distance,0.5370371751800244
frame_04_Ta_encoder.nonbulk_spatial.auc,0.5045801481166309
frame_04_Ta_encoder.nonbulk_spatial.pairs,1875
frame_04_Ta_encoder.nonbulk_spatial.changed_pairs,1031
frame_04_Ta_encoder.nonbulk_spatial.bins,5
frame_04_Ta_encoder.nonbulk_spatial.same_label_normalized_distance,0.7934765458363988
frame_04_Ta_encoder.shuffled_spatial.auc,0.48668184048696933
frame_04_Ta_encoder.shuffled_spatial.pairs,1875
frame_04_Ta_encoder.shuffled_spatial.changed_pairs,1031
frame_04_Ta_encoder.shuffled_spatial.bins,5
frame_04_Ta_encoder.shuffled_spatial.same_label_normalized_distance,0.7552065636560664
frame_04_Ta_encoder.collapsed_spatial.auc,0.5
frame_04_Ta_encoder.collapsed_spatial.pairs,1875
frame_04_Ta_encoder.collapsed_spatial.changed_pairs,1031
frame_04_Ta_encoder.collapsed_spatial.bins,5
frame_04_Ta_encoder.collapsed_spatial.same_label_normalized_distance,
frame_04_Ta_encoder.liquid_topology.train_count,431
frame_04_Ta_encoder.liquid_topology.test_count,475
frame_04_Ta_encoder.liquid_topology.conditional_r2_gain,-10.298625946044922
frame_04_Ta_encoder.liquid_topology.mean_r2,-10.467266082763672
frame_04_Ta_encoder.nonbulk_cluster_ami,0.07493078925736767
frame_04_Ta_encoder.continuity.0.0001.pair_rms,4.497233871084779
frame_04_Ta_encoder.continuity.0.0001.normalized_median,0.00019207657329860353
frame_04_Ta_encoder.continuity.0.0001.normalized_p95,0.041007140371587904
frame_04_Ta_encoder.continuity.0.01.pair_rms,4.497233871084779
frame_04_Ta_encoder.continuity.0.01.normalized_median,0.13194573362657955
frame_04_Ta_encoder.continuity.0.01.normalized_p95,0.288656240597786
frame_04_Ta_encoder.continuity.0.1.pair_rms,4.497233871084779
frame_04_Ta_encoder.continuity.0.1.normalized_median,0.34927496820780307
frame_04_Ta_encoder.continuity.0.1.normalized_p95,0.7216204261660053
frame_04_Ta_encoder.triad_index_switch_fraction_1e4_A,0.00341796875
frame_04_Ta_projector.collapse.effective_rank,3.3386752900311234
frame_04_Ta_projector.collapse.variance,20.373799351509028
frame_04_Ta_projector.collapse.pair_rms,6.383384580535474
frame_04_Ta_projector.liquid_collapse.effective_rank,3.138259465570251
frame_04_Ta_projector.liquid_collapse.variance,10.736695618230142
frame_04_Ta_projector.liquid_collapse.pair_rms,4.633939062661516
frame_04_Ta_projector.reference_coverage.liquid_fraction,0.927001953125
frame_04_Ta_projector.reference_coverage.cutoff_stable_fraction,0.99365234375
frame_04_Ta_projector.context.counts.0.train,667
frame_04_Ta_projector.context.counts.0.test,749
frame_04_Ta_projector.context.counts.1.train,168
frame_04_Ta_projector.context.counts.1.test,58
frame_04_Ta_projector.context.counts.2.train,32
frame_04_Ta_projector.context.counts.2.test,40
frame_04_Ta_projector.context.counts.3.train,0
frame_04_Ta_projector.context.counts.3.test,0
frame_04_Ta_projector.context.counts.4.train,0
frame_04_Ta_projector.context.counts.4.test,0
frame_04_Ta_projector.context.counts.5.train,725
frame_04_Ta_projector.context.counts.5.test,759
frame_04_Ta_projector.context.counts.6.train,381
frame_04_Ta_projector.context.counts.6.test,364
frame_04_Ta_projector.context.test_coverage,1.0
frame_04_Ta_projector.context.balanced_accuracy,0.6833675618799411
frame_04_Ta_projector.context.ap.0,0.627818653376102
frame_04_Ta_projector.context.ap.1,0.9898807389760076
frame_04_Ta_projector.context.ap.2,0.8440003324929067
frame_04_Ta_projector.context.ap.3,
frame_04_Ta_projector.context.ap.4,
frame_04_Ta_projector.context.ap.5,0.7090943644326568
frame_04_Ta_projector.context.ap.6,0.4573442395973587
frame_04_Ta_projector.ptm.counts.0.train,1692
frame_04_Ta_projector.ptm.counts.0.test,1809
frame_04_Ta_projector.ptm.counts.1.train,0
frame_04_Ta_projector.ptm.counts.1.test,0
frame_04_Ta_projector.ptm.counts.2.train,0
frame_04_Ta_projector.ptm.counts.2.test,0
frame_04_Ta_projector.ptm.counts.3.train,188
frame_04_Ta_projector.ptm.counts.3.test,73
frame_04_Ta_projector.ptm.counts.4.train,93
frame_04_Ta_projector.ptm.counts.4.test,88
frame_04_Ta_projector.ptm.test_coverage,1.0
frame_04_Ta_projector.ptm.balanced_accuracy,0.8794046923263853
frame_04_Ta_projector.ptm.ap.0,0.9934480507137415
frame_04_Ta_projector.ptm.ap.1,
frame_04_Ta_projector.ptm.ap.2,
frame_04_Ta_projector.ptm.ap.3,0.9818172642767398
frame_04_Ta_projector.ptm.ap.4,0.4532780803641133
frame_04_Ta_projector.liquid_order.train_count,1773
frame_04_Ta_projector.liquid_order.test_count,1872
frame_04_Ta_projector.liquid_order.conditional_r2_gain,0.14419537782669067
frame_04_Ta_projector.liquid_order.mean_r2,0.2057809680700302
frame_04_Ta_projector.context_cutoff_008.counts.0.train,667
frame_04_Ta_projector.context_cutoff_008.counts.0.test,749
frame_04_Ta_projector.context_cutoff_008.counts.1.train,167
frame_04_Ta_projector.context_cutoff_008.counts.1.test,58
frame_04_Ta_projector.context_cutoff_008.counts.2.train,31
frame_04_Ta_projector.context_cutoff_008.counts.2.test,32
frame_04_Ta_projector.context_cutoff_008.counts.3.train,0
frame_04_Ta_projector.context_cutoff_008.counts.3.test,0
frame_04_Ta_projector.context_cutoff_008.counts.4.train,0
frame_04_Ta_projector.context_cutoff_008.counts.4.test,0
frame_04_Ta_projector.context_cutoff_008.counts.5.train,726
frame_04_Ta_projector.context_cutoff_008.counts.5.test,760
frame_04_Ta_projector.context_cutoff_008.counts.6.train,382
frame_04_Ta_projector.context_cutoff_008.counts.6.test,371
frame_04_Ta_projector.context_cutoff_008.test_coverage,1.0
frame_04_Ta_projector.context_cutoff_008.balanced_accuracy,0.6967943470564479
frame_04_Ta_projector.context_cutoff_008.ap.0,0.6282604487871096
frame_04_Ta_projector.context_cutoff_008.ap.1,0.9877336143636204
frame_04_Ta_projector.context_cutoff_008.ap.2,0.8866162081853359
frame_04_Ta_projector.context_cutoff_008.ap.3,
frame_04_Ta_projector.context_cutoff_008.ap.4,
frame_04_Ta_projector.context_cutoff_008.ap.5,0.7091604948925474
frame_04_Ta_projector.context_cutoff_008.ap.6,0.46855172810355067
frame_04_Ta_projector.context_cutoff_010.counts.0.train,667
frame_04_Ta_projector.context_cutoff_010.counts.0.test,749
frame_04_Ta_projector.context_cutoff_010.counts.1.train,168
frame_04_Ta_projector.context_cutoff_010.counts.1.test,58
frame_04_Ta_projector.context_cutoff_010.counts.2.train,32
frame_04_Ta_projector.context_cutoff_010.counts.2.test,40
frame_04_Ta_projector.context_cutoff_010.counts.3.train,0
frame_04_Ta_projector.context_cutoff_010.counts.3.test,0
frame_04_Ta_projector.context_cutoff_010.counts.4.train,0
frame_04_Ta_projector.context_cutoff_010.counts.4.test,0
frame_04_Ta_projector.context_cutoff_010.counts.5.train,725
frame_04_Ta_projector.context_cutoff_010.counts.5.test,759
frame_04_Ta_projector.context_cutoff_010.counts.6.train,381
frame_04_Ta_projector.context_cutoff_010.counts.6.test,364
frame_04_Ta_projector.context_cutoff_010.test_coverage,1.0
frame_04_Ta_projector.context_cutoff_010.balanced_accuracy,0.6833675618799411
frame_04_Ta_projector.context_cutoff_010.ap.0,0.627818653376102
frame_04_Ta_projector.context_cutoff_010.ap.1,0.9898807389760076
frame_04_Ta_projector.context_cutoff_010.ap.2,0.8440003324929067
frame_04_Ta_projector.context_cutoff_010.ap.3,
frame_04_Ta_projector.context_cutoff_010.ap.4,
frame_04_Ta_projector.context_cutoff_010.ap.5,0.7090943644326568
frame_04_Ta_projector.context_cutoff_010.ap.6,0.4573442395973587
frame_04_Ta_projector.context_cutoff_012.counts.0.train,667
frame_04_Ta_projector.context_cutoff_012.counts.0.test,749
frame_04_Ta_projector.context_cutoff_012.counts.1.train,171
frame_04_Ta_projector.context_cutoff_012.counts.1.test,59
frame_04_Ta_projector.context_cutoff_012.counts.2.train,34
frame_04_Ta_projector.context_cutoff_012.counts.2.test,44
frame_04_Ta_projector.context_cutoff_012.counts.3.train,0
frame_04_Ta_projector.context_cutoff_012.counts.3.test,0
frame_04_Ta_projector.context_cutoff_012.counts.4.train,0
frame_04_Ta_projector.context_cutoff_012.counts.4.test,0
frame_04_Ta_projector.context_cutoff_012.counts.5.train,725
frame_04_Ta_projector.context_cutoff_012.counts.5.test,759
frame_04_Ta_projector.context_cutoff_012.counts.6.train,376
frame_04_Ta_projector.context_cutoff_012.counts.6.test,359
frame_04_Ta_projector.context_cutoff_012.test_coverage,1.0
frame_04_Ta_projector.context_cutoff_012.balanced_accuracy,0.6619666303242744
frame_04_Ta_projector.context_cutoff_012.ap.0,0.6276364171657565
frame_04_Ta_projector.context_cutoff_012.ap.1,0.9760368143560845
frame_04_Ta_projector.context_cutoff_012.ap.2,0.8029309652436966
frame_04_Ta_projector.context_cutoff_012.ap.3,
frame_04_Ta_projector.context_cutoff_012.ap.4,
frame_04_Ta_projector.context_cutoff_012.ap.5,0.7079207099551714
frame_04_Ta_projector.context_cutoff_012.ap.6,0.40842793239529374
frame_04_Ta_projector.spatial.auc,0.5395137665254813
frame_04_Ta_projector.spatial.pairs,1936
frame_04_Ta_projector.spatial.changed_pairs,1040
frame_04_Ta_projector.spatial.bins,5
frame_04_Ta_projector.spatial.same_label_normalized_distance,0.6306309310247039
frame_04_Ta_projector.nonbulk_spatial.auc,0.514769749762653
frame_04_Ta_projector.nonbulk_spatial.pairs,1875
frame_04_Ta_projector.nonbulk_spatial.changed_pairs,1031
frame_04_Ta_projector.nonbulk_spatial.bins,5
frame_04_Ta_projector.nonbulk_spatial.same_label_normalized_distance,0.7272376572774485
frame_04_Ta_projector.shuffled_spatial.auc,0.4854380864760236
frame_04_Ta_projector.shuffled_spatial.pairs,1875
frame_04_Ta_projector.shuffled_spatial.changed_pairs,1031
frame_04_Ta_projector.shuffled_spatial.bins,5
frame_04_Ta_projector.shuffled_spatial.same_label_normalized_distance,0.8602954570370495
frame_04_Ta_projector.collapsed_spatial.auc,0.5
frame_04_Ta_projector.collapsed_spatial.pairs,1875
frame_04_Ta_projector.collapsed_spatial.changed_pairs,1031
frame_04_Ta_projector.collapsed_spatial.bins,5
frame_04_Ta_projector.collapsed_spatial.same_label_normalized_distance,
frame_04_Ta_projector.liquid_topology.train_count,431
frame_04_Ta_projector.liquid_topology.test_count,475
frame_04_Ta_projector.liquid_topology.conditional_r2_gain,-1.3880746364593506
frame_04_Ta_projector.liquid_topology.mean_r2,-1.4616373777389526
frame_04_Ta_projector.nonbulk_cluster_ami,0.07532571530277415
frame_04_Ta_projector.continuity.0.0001.pair_rms,6.8547024128775265
frame_04_Ta_projector.continuity.0.0001.normalized_median,0.00027425586952497155
frame_04_Ta_projector.continuity.0.0001.normalized_p95,0.01802391325917163
frame_04_Ta_projector.continuity.0.01.pair_rms,6.8547024128775265
frame_04_Ta_projector.continuity.0.01.normalized_median,0.16964766161072695
frame_04_Ta_projector.continuity.0.01.normalized_p95,0.4402105938000413
frame_04_Ta_projector.continuity.0.1.pair_rms,6.8547024128775265
frame_04_Ta_projector.continuity.0.1.normalized_median,0.4213299703212176
frame_04_Ta_projector.continuity.0.1.normalized_p95,0.8229700239864972
frame_04_Ta_projector.triad_index_switch_fraction_1e4_A,0.00341796875
frame_05_Ta_encoder.collapse.effective_rank,1.3147528895307379
frame_05_Ta_encoder.collapse.variance,19.27603309492743
frame_05_Ta_encoder.collapse.pair_rms,6.2090310185933895
frame_05_Ta_encoder.liquid_collapse.effective_rank,5.696998116997302
frame_05_Ta_encoder.liquid_collapse.variance,2.204922872106828
frame_05_Ta_encoder.liquid_collapse.pair_rms,2.099963272110647
frame_05_Ta_encoder.reference_coverage.liquid_fraction,0.7783203125
frame_05_Ta_encoder.reference_coverage.cutoff_stable_fraction,0.990478515625
frame_05_Ta_encoder.context.counts.0.train,515
frame_05_Ta_encoder.context.counts.0.test,612
frame_05_Ta_encoder.context.counts.1.train,465
frame_05_Ta_encoder.context.counts.1.test,276
frame_05_Ta_encoder.context.counts.2.train,91
frame_05_Ta_encoder.context.counts.2.test,72
frame_05_Ta_encoder.context.counts.3.train,0
frame_05_Ta_encoder.context.counts.3.test,0
frame_05_Ta_encoder.context.counts.4.train,0
frame_05_Ta_encoder.context.counts.4.test,0
frame_05_Ta_encoder.context.counts.5.train,644
frame_05_Ta_encoder.context.counts.5.test,702
frame_05_Ta_encoder.context.counts.6.train,270
frame_05_Ta_encoder.context.counts.6.test,284
frame_05_Ta_encoder.context.test_coverage,1.0
frame_05_Ta_encoder.context.balanced_accuracy,0.6992226971757608
frame_05_Ta_encoder.context.ap.0,0.6528628421313923
frame_05_Ta_encoder.context.ap.1,0.9945772690880347
frame_05_Ta_encoder.context.ap.2,0.8945182701214065
frame_05_Ta_encoder.context.ap.3,
frame_05_Ta_encoder.context.ap.4,
frame_05_Ta_encoder.context.ap.5,0.7835373939227157
frame_05_Ta_encoder.context.ap.6,0.3838311968802651
frame_05_Ta_encoder.ptm.counts.0.train,1378
frame_05_Ta_encoder.ptm.counts.0.test,1535
frame_05_Ta_encoder.ptm.counts.1.train,0
frame_05_Ta_encoder.ptm.counts.1.test,0
frame_05_Ta_encoder.ptm.counts.2.train,0
frame_05_Ta_encoder.ptm.counts.2.test,0
frame_05_Ta_encoder.ptm.counts.3.train,502
frame_05_Ta_encoder.ptm.counts.3.test,314
frame_05_Ta_encoder.ptm.counts.4.train,105
frame_05_Ta_encoder.ptm.counts.4.test,97
frame_05_Ta_encoder.ptm.test_coverage,1.0
frame_05_Ta_encoder.ptm.balanced_accuracy,0.9112896925254542
frame_05_Ta_encoder.ptm.ap.0,0.9956733394969502
frame_05_Ta_encoder.ptm.ap.1,
frame_05_Ta_encoder.ptm.ap.2,
frame_05_Ta_encoder.ptm.ap.3,0.9991239614717832
frame_05_Ta_encoder.ptm.ap.4,0.5797773954773702
frame_05_Ta_encoder.liquid_order.train_count,1429
frame_05_Ta_encoder.liquid_order.test_count,1598
frame_05_Ta_encoder.liquid_order.conditional_r2_gain,0.1528867930173874
frame_05_Ta_encoder.liquid_order.mean_r2,0.2623744308948517
frame_05_Ta_encoder.context_cutoff_008.counts.0.train,515
frame_05_Ta_encoder.context_cutoff_008.counts.0.test,612
frame_05_Ta_encoder.context_cutoff_008.counts.1.train,463
frame_05_Ta_encoder.context_cutoff_008.counts.1.test,273
frame_05_Ta_encoder.context_cutoff_008.counts.2.train,89
frame_05_Ta_encoder.context_cutoff_008.counts.2.test,73
frame_05_Ta_encoder.context_cutoff_008.counts.3.train,0
frame_05_Ta_encoder.context_cutoff_008.counts.3.test,0
frame_05_Ta_encoder.context_cutoff_008.counts.4.train,0
frame_05_Ta_encoder.context_cutoff_008.counts.4.test,0
frame_05_Ta_encoder.context_cutoff_008.counts.5.train,645
frame_05_Ta_encoder.context_cutoff_008.counts.5.test,702
frame_05_Ta_encoder.context_cutoff_008.counts.6.train,273
frame_05_Ta_encoder.context_cutoff_008.counts.6.test,286
frame_05_Ta_encoder.context_cutoff_008.test_coverage,1.0
frame_05_Ta_encoder.context_cutoff_008.balanced_accuracy,0.7046165312885699
frame_05_Ta_encoder.context_cutoff_008.ap.0,0.6540424279351292
frame_05_Ta_encoder.context_cutoff_008.ap.1,0.9957032861405808
frame_05_Ta_encoder.context_cutoff_008.ap.2,0.9272312371430885
frame_05_Ta_encoder.context_cutoff_008.ap.3,
frame_05_Ta_encoder.context_cutoff_008.ap.4,
frame_05_Ta_encoder.context_cutoff_008.ap.5,0.7831160187428496
frame_05_Ta_encoder.context_cutoff_008.ap.6,0.40052647884534787
frame_05_Ta_encoder.context_cutoff_010.counts.0.train,515
frame_05_Ta_encoder.context_cutoff_010.counts.0.test,612
frame_05_Ta_encoder.context_cutoff_010.counts.1.train,465
frame_05_Ta_encoder.context_cutoff_010.counts.1.test,276
frame_05_Ta_encoder.context_cutoff_010.counts.2.train,91
frame_05_Ta_encoder.context_cutoff_010.counts.2.test,72
frame_05_Ta_encoder.context_cutoff_010.counts.3.train,0
frame_05_Ta_encoder.context_cutoff_010.counts.3.test,0
frame_05_Ta_encoder.context_cutoff_010.counts.4.train,0
frame_05_Ta_encoder.context_cutoff_010.counts.4.test,0
frame_05_Ta_encoder.context_cutoff_010.counts.5.train,644
frame_05_Ta_encoder.context_cutoff_010.counts.5.test,702
frame_05_Ta_encoder.context_cutoff_010.counts.6.train,270
frame_05_Ta_encoder.context_cutoff_010.counts.6.test,284
frame_05_Ta_encoder.context_cutoff_010.test_coverage,1.0
frame_05_Ta_encoder.context_cutoff_010.balanced_accuracy,0.6992226971757608
frame_05_Ta_encoder.context_cutoff_010.ap.0,0.6528628421313923
frame_05_Ta_encoder.context_cutoff_010.ap.1,0.9945772690880347
frame_05_Ta_encoder.context_cutoff_010.ap.2,0.8945182701214065
frame_05_Ta_encoder.context_cutoff_010.ap.3,
frame_05_Ta_encoder.context_cutoff_010.ap.4,
frame_05_Ta_encoder.context_cutoff_010.ap.5,0.7835373939227157
frame_05_Ta_encoder.context_cutoff_010.ap.6,0.3838311968802651
frame_05_Ta_encoder.context_cutoff_012.counts.0.train,515
frame_05_Ta_encoder.context_cutoff_012.counts.0.test,612
frame_05_Ta_encoder.context_cutoff_012.counts.1.train,469
frame_05_Ta_encoder.context_cutoff_012.counts.1.test,277
frame_05_Ta_encoder.context_cutoff_012.counts.2.train,98
frame_05_Ta_encoder.context_cutoff_012.counts.2.test,82
frame_05_Ta_encoder.context_cutoff_012.counts.3.train,0
frame_05_Ta_encoder.context_cutoff_012.counts.3.test,0
frame_05_Ta_encoder.context_cutoff_012.counts.4.train,0
frame_05_Ta_encoder.context_cutoff_012.counts.4.test,0
frame_05_Ta_encoder.context_cutoff_012.counts.5.train,641
frame_05_Ta_encoder.context_cutoff_012.counts.5.test,702
frame_05_Ta_encoder.context_cutoff_012.counts.6.train,262
frame_05_Ta_encoder.context_cutoff_012.counts.6.test,273
frame_05_Ta_encoder.context_cutoff_012.test_coverage,1.0
frame_05_Ta_encoder.context_cutoff_012.balanced_accuracy,0.6699730163256157
frame_05_Ta_encoder.context_cutoff_012.ap.0,0.6563963657934757
frame_05_Ta_encoder.context_cutoff_012.ap.1,0.9933077821549339
frame_05_Ta_encoder.context_cutoff_012.ap.2,0.8108436606073735
frame_05_Ta_encoder.context_cutoff_012.ap.3,
frame_05_Ta_encoder.context_cutoff_012.ap.4,
frame_05_Ta_encoder.context_cutoff_012.ap.5,0.7783495772981504
frame_05_Ta_encoder.context_cutoff_012.ap.6,0.3393772243151407
frame_05_Ta_encoder.spatial.auc,0.5520237396473741
frame_05_Ta_encoder.spatial.pairs,1907
frame_05_Ta_encoder.spatial.changed_pairs,885
frame_05_Ta_encoder.spatial.bins,5
frame_05_Ta_encoder.spatial.same_label_normalized_distance,0.31512888825438123
frame_05_Ta_encoder.nonbulk_spatial.auc,0.5011546355706477
frame_05_Ta_encoder.nonbulk_spatial.pairs,1626
frame_05_Ta_encoder.nonbulk_spatial.changed_pairs,853
frame_05_Ta_encoder.nonbulk_spatial.bins,5
frame_05_Ta_encoder.nonbulk_spatial.same_label_normalized_distance,0.6937704374775754
frame_05_Ta_encoder.shuffled_spatial.auc,0.5040589785715545
frame_05_Ta_encoder.shuffled_spatial.pairs,1626
frame_05_Ta_encoder.shuffled_spatial.changed_pairs,853
frame_05_Ta_encoder.shuffled_spatial.bins,5
frame_05_Ta_encoder.shuffled_spatial.same_label_normalized_distance,0.8157836034611101
frame_05_Ta_encoder.collapsed_spatial.auc,0.5
frame_05_Ta_encoder.collapsed_spatial.pairs,1626
frame_05_Ta_encoder.collapsed_spatial.changed_pairs,853
frame_05_Ta_encoder.collapsed_spatial.bins,5
frame_05_Ta_encoder.collapsed_spatial.same_label_normalized_distance,
frame_05_Ta_encoder.liquid_topology.train_count,366
frame_05_Ta_encoder.liquid_topology.test_count,379
frame_05_Ta_encoder.liquid_topology.conditional_r2_gain,-0.8824933767318726
frame_05_Ta_encoder.liquid_topology.mean_r2,-0.8749064207077026
frame_05_Ta_encoder.nonbulk_cluster_ami,0.15171359999812012
frame_05_Ta_encoder.continuity.0.0001.pair_rms,5.746213332605998
frame_05_Ta_encoder.continuity.0.0001.normalized_median,0.00015023392610479712
frame_05_Ta_encoder.continuity.0.0001.normalized_p95,0.0660248947577425
frame_05_Ta_encoder.continuity.0.01.pair_rms,5.746213332605998
frame_05_Ta_encoder.continuity.0.01.normalized_median,0.10694373283384367
frame_05_Ta_encoder.continuity.0.01.normalized_p95,0.29427243367750633
frame_05_Ta_encoder.continuity.0.1.pair_rms,5.746213332605998
frame_05_Ta_encoder.continuity.0.1.normalized_median,0.27168103741353006
frame_05_Ta_encoder.continuity.0.1.normalized_p95,0.741908646262405
frame_05_Ta_encoder.triad_index_switch_fraction_1e4_A,0.005533854477107525
frame_05_Ta_projector.collapse.effective_rank,2.4862945766278552
frame_05_Ta_projector.collapse.variance,36.72263974215705
frame_05_Ta_projector.collapse.pair_rms,8.570022140246436
frame_05_Ta_projector.liquid_collapse.effective_rank,3.0470993847231083
frame_05_Ta_projector.liquid_collapse.variance,11.593584016118951
frame_05_Ta_projector.liquid_collapse.pair_rms,4.815305601126257
frame_05_Ta_projector.reference_coverage.liquid_fraction,0.7783203125
frame_05_Ta_projector.reference_coverage.cutoff_stable_fraction,0.990478515625
frame_05_Ta_projector.context.counts.0.train,515
frame_05_Ta_projector.context.counts.0.test,612
frame_05_Ta_projector.context.counts.1.train,465
frame_05_Ta_projector.context.counts.1.test,276
frame_05_Ta_projector.context.counts.2.train,91
frame_05_Ta_projector.context.counts.2.test,72
frame_05_Ta_projector.context.counts.3.train,0
frame_05_Ta_projector.context.counts.3.test,0
frame_05_Ta_projector.context.counts.4.train,0
frame_05_Ta_projector.context.counts.4.test,0
frame_05_Ta_projector.context.counts.5.train,644
frame_05_Ta_projector.context.counts.5.test,702
frame_05_Ta_projector.context.counts.6.train,270
frame_05_Ta_projector.context.counts.6.test,284
frame_05_Ta_projector.context.test_coverage,1.0
frame_05_Ta_projector.context.balanced_accuracy,0.6785382909739022
frame_05_Ta_projector.context.ap.0,0.5916827139486074
frame_05_Ta_projector.context.ap.1,0.9914308890314517
frame_05_Ta_projector.context.ap.2,0.8900564852070996
frame_05_Ta_projector.context.ap.3,
frame_05_Ta_projector.context.ap.4,
frame_05_Ta_projector.context.ap.5,0.7174414725922086
frame_05_Ta_projector.context.ap.6,0.3553398061773792
frame_05_Ta_projector.ptm.counts.0.train,1378
frame_05_Ta_projector.ptm.counts.0.test,1535
frame_05_Ta_projector.ptm.counts.1.train,0
frame_05_Ta_projector.ptm.counts.1.test,0
frame_05_Ta_projector.ptm.counts.2.train,0
frame_05_Ta_projector.ptm.counts.2.test,0
frame_05_Ta_projector.ptm.counts.3.train,502
frame_05_Ta_projector.ptm.counts.3.test,314
frame_05_Ta_projector.ptm.counts.4.train,105
frame_05_Ta_projector.ptm.counts.4.test,97
frame_05_Ta_projector.ptm.test_coverage,1.0
frame_05_Ta_projector.ptm.balanced_accuracy,0.9033440755960985
frame_05_Ta_projector.ptm.ap.0,0.9932649327910934
frame_05_Ta_projector.ptm.ap.1,
frame_05_Ta_projector.ptm.ap.2,
frame_05_Ta_projector.ptm.ap.3,0.9966433210764626
frame_05_Ta_projector.ptm.ap.4,0.5368053759892439
frame_05_Ta_projector.liquid_order.train_count,1429
frame_05_Ta_projector.liquid_order.test_count,1598
frame_05_Ta_projector.liquid_order.conditional_r2_gain,0.13695748150348663
frame_05_Ta_projector.liquid_order.mean_r2,0.1987961083650589
frame_05_Ta_projector.context_cutoff_008.counts.0.train,515
frame_05_Ta_projector.context_cutoff_008.counts.0.test,612
frame_05_Ta_projector.context_cutoff_008.counts.1.train,463
frame_05_Ta_projector.context_cutoff_008.counts.1.test,273
frame_05_Ta_projector.context_cutoff_008.counts.2.train,89
frame_05_Ta_projector.context_cutoff_008.counts.2.test,73
frame_05_Ta_projector.context_cutoff_008.counts.3.train,0
frame_05_Ta_projector.context_cutoff_008.counts.3.test,0
frame_05_Ta_projector.context_cutoff_008.counts.4.train,0
frame_05_Ta_projector.context_cutoff_008.counts.4.test,0
frame_05_Ta_projector.context_cutoff_008.counts.5.train,645
frame_05_Ta_projector.context_cutoff_008.counts.5.test,702
frame_05_Ta_projector.context_cutoff_008.counts.6.train,273
frame_05_Ta_projector.context_cutoff_008.counts.6.test,286
frame_05_Ta_projector.context_cutoff_008.test_coverage,1.0
frame_05_Ta_projector.context_cutoff_008.balanced_accuracy,0.6792417970903062
frame_05_Ta_projector.context_cutoff_008.ap.0,0.5911125544288933
frame_05_Ta_projector.context_cutoff_008.ap.1,0.9926188934846663
frame_05_Ta_projector.context_cutoff_008.ap.2,0.897131392005627
frame_05_Ta_projector.context_cutoff_008.ap.3,
frame_05_Ta_projector.context_cutoff_008.ap.4,
frame_05_Ta_projector.context_cutoff_008.ap.5,0.7181360772378144
frame_05_Ta_projector.context_cutoff_008.ap.6,0.3729008540181411
frame_05_Ta_projector.context_cutoff_010.counts.0.train,515
frame_05_Ta_projector.context_cutoff_010.counts.0.test,612
frame_05_Ta_projector.context_cutoff_010.counts.1.train,465
frame_05_Ta_projector.context_cutoff_010.counts.1.test,276
frame_05_Ta_projector.context_cutoff_010.counts.2.train,91
frame_05_Ta_projector.context_cutoff_010.counts.2.test,72
frame_05_Ta_projector.context_cutoff_010.counts.3.train,0
frame_05_Ta_projector.context_cutoff_010.counts.3.test,0
frame_05_Ta_projector.context_cutoff_010.counts.4.train,0
frame_05_Ta_projector.context_cutoff_010.counts.4.test,0
frame_05_Ta_projector.context_cutoff_010.counts.5.train,644
frame_05_Ta_projector.context_cutoff_010.counts.5.test,702
frame_05_Ta_projector.context_cutoff_010.counts.6.train,270
frame_05_Ta_projector.context_cutoff_010.counts.6.test,284
frame_05_Ta_projector.context_cutoff_010.test_coverage,1.0
frame_05_Ta_projector.context_cutoff_010.balanced_accuracy,0.6785382909739022
frame_05_Ta_projector.context_cutoff_010.ap.0,0.5916827139486074
frame_05_Ta_projector.context_cutoff_010.ap.1,0.9914308890314517
frame_05_Ta_projector.context_cutoff_010.ap.2,0.8900564852070996
frame_05_Ta_projector.context_cutoff_010.ap.3,
frame_05_Ta_projector.context_cutoff_010.ap.4,
frame_05_Ta_projector.context_cutoff_010.ap.5,0.7174414725922086
frame_05_Ta_projector.context_cutoff_010.ap.6,0.3553398061773792
frame_05_Ta_projector.context_cutoff_012.counts.0.train,515
frame_05_Ta_projector.context_cutoff_012.counts.0.test,612
frame_05_Ta_projector.context_cutoff_012.counts.1.train,469
frame_05_Ta_projector.context_cutoff_012.counts.1.test,277
frame_05_Ta_projector.context_cutoff_012.counts.2.train,98
frame_05_Ta_projector.context_cutoff_012.counts.2.test,82
frame_05_Ta_projector.context_cutoff_012.counts.3.train,0
frame_05_Ta_projector.context_cutoff_012.counts.3.test,0
frame_05_Ta_projector.context_cutoff_012.counts.4.train,0
frame_05_Ta_projector.context_cutoff_012.counts.4.test,0
frame_05_Ta_projector.context_cutoff_012.counts.5.train,641
frame_05_Ta_projector.context_cutoff_012.counts.5.test,702
frame_05_Ta_projector.context_cutoff_012.counts.6.train,262
frame_05_Ta_projector.context_cutoff_012.counts.6.test,273
frame_05_Ta_projector.context_cutoff_012.test_coverage,1.0
frame_05_Ta_projector.context_cutoff_012.balanced_accuracy,0.6610577606219061
frame_05_Ta_projector.context_cutoff_012.ap.0,0.5910552784527903
frame_05_Ta_projector.context_cutoff_012.ap.1,0.9916673304187682
frame_05_Ta_projector.context_cutoff_012.ap.2,0.8435203159236068
frame_05_Ta_projector.context_cutoff_012.ap.3,
frame_05_Ta_projector.context_cutoff_012.ap.4,
frame_05_Ta_projector.context_cutoff_012.ap.5,0.7174755589911038
frame_05_Ta_projector.context_cutoff_012.ap.6,0.312500953600746
frame_05_Ta_projector.spatial.auc,0.592759803295808
frame_05_Ta_projector.spatial.pairs,1907
frame_05_Ta_projector.spatial.changed_pairs,885
frame_05_Ta_projector.spatial.bins,5
frame_05_Ta_projector.spatial.same_label_normalized_distance,0.4031103387611861
frame_05_Ta_projector.nonbulk_spatial.auc,0.5241266733731214
frame_05_Ta_projector.nonbulk_spatial.pairs,1626
frame_05_Ta_projector.nonbulk_spatial.changed_pairs,853
frame_05_Ta_projector.nonbulk_spatial.bins,5
frame_05_Ta_projector.nonbulk_spatial.same_label_normalized_distance,0.6313059033467778
frame_05_Ta_projector.shuffled_spatial.auc,0.5032748653696869
frame_05_Ta_projector.shuffled_spatial.pairs,1626
frame_05_Ta_projector.shuffled_spatial.changed_pairs,853
frame_05_Ta_projector.shuffled_spatial.bins,5
frame_05_Ta_projector.shuffled_spatial.same_label_normalized_distance,0.832377413019461
frame_05_Ta_projector.collapsed_spatial.auc,0.5
frame_05_Ta_projector.collapsed_spatial.pairs,1626
frame_05_Ta_projector.collapsed_spatial.changed_pairs,853
frame_05_Ta_projector.collapsed_spatial.bins,5
frame_05_Ta_projector.collapsed_spatial.same_label_normalized_distance,
frame_05_Ta_projector.liquid_topology.train_count,366
frame_05_Ta_projector.liquid_topology.test_count,379
frame_05_Ta_projector.liquid_topology.conditional_r2_gain,-0.031235644593834877
frame_05_Ta_projector.liquid_topology.mean_r2,-0.04268195107579231
frame_05_Ta_projector.nonbulk_cluster_ami,0.1412868194060052
frame_05_Ta_projector.continuity.0.0001.pair_rms,7.5891921986272814
frame_05_Ta_projector.continuity.0.0001.normalized_median,0.00026568816422281344
frame_05_Ta_projector.continuity.0.0001.normalized_p95,0.04110781371471862
frame_05_Ta_projector.continuity.0.01.pair_rms,7.5891921986272814
frame_05_Ta_projector.continuity.0.01.normalized_median,0.14104161093461978
frame_05_Ta_projector.continuity.0.01.normalized_p95,0.442827906181504
frame_05_Ta_projector.continuity.0.1.pair_rms,7.5891921986272814
frame_05_Ta_projector.continuity.0.1.normalized_median,0.38767870924536374
frame_05_Ta_projector.continuity.0.1.normalized_p95,0.8294176114039151
frame_05_Ta_projector.triad_index_switch_fraction_1e4_A,0.005533854477107525
frame_06_Zr_encoder.collapse.effective_rank,7.732368945199997
frame_06_Zr_encoder.collapse.variance,2.239721633774612
frame_06_Zr_encoder.collapse.pair_rms,2.1164695290859314
frame_06_Zr_encoder.liquid_collapse.effective_rank,9.793345726342855
frame_06_Zr_encoder.liquid_collapse.variance,1.6837790387758114
frame_06_Zr_encoder.liquid_collapse.pair_rms,1.8350907545818063
frame_06_Zr_encoder.reference_coverage.liquid_fraction,0.9765625
frame_06_Zr_encoder.reference_coverage.cutoff_stable_fraction,0.956298828125
frame_06_Zr_encoder.context.counts.0.train,968
frame_06_Zr_encoder.context.counts.0.test,920
frame_06_Zr_encoder.context.counts.1.train,16
frame_06_Zr_encoder.context.counts.1.test,0
frame_06_Zr_encoder.context.counts.2.train,53
frame_06_Zr_encoder.context.counts.2.test,20
frame_06_Zr_encoder.context.counts.3.train,0
frame_06_Zr_encoder.context.counts.3.test,0
frame_06_Zr_encoder.context.counts.4.train,0
frame_06_Zr_encoder.context.counts.4.test,0
frame_06_Zr_encoder.context.counts.5.train,489
frame_06_Zr_encoder.context.counts.5.test,492
frame_06_Zr_encoder.context.counts.6.train,390
frame_06_Zr_encoder.context.counts.6.test,399
frame_06_Zr_encoder.context.test_coverage,1.0
frame_06_Zr_encoder.context.balanced_accuracy,0.6102129993594804
frame_06_Zr_encoder.context.ap.0,0.7151768562085523
frame_06_Zr_encoder.context.ap.1,
frame_06_Zr_encoder.context.ap.2,0.7448592147485887
frame_06_Zr_encoder.context.ap.3,
frame_06_Zr_encoder.context.ap.4,
frame_06_Zr_encoder.context.ap.5,0.5348468018596464
frame_06_Zr_encoder.context.ap.6,0.48258827193861176
frame_06_Zr_encoder.ptm.counts.0.train,1854
frame_06_Zr_encoder.ptm.counts.0.test,1809
frame_06_Zr_encoder.ptm.counts.1.train,0
frame_06_Zr_encoder.ptm.counts.1.test,0
frame_06_Zr_encoder.ptm.counts.2.train,1
frame_06_Zr_encoder.ptm.counts.2.test,0
frame_06_Zr_encoder.ptm.counts.3.train,41
frame_06_Zr_encoder.ptm.counts.3.test,10
frame_06_Zr_encoder.ptm.counts.4.train,20
frame_06_Zr_encoder.ptm.counts.4.test,12
frame_06_Zr_encoder.ptm.test_coverage,1.0
frame_06_Zr_encoder.ptm.balanced_accuracy,0.698737792518887
frame_06_Zr_encoder.ptm.ap.0,0.9992898096213783
frame_06_Zr_encoder.ptm.ap.1,
frame_06_Zr_encoder.ptm.ap.2,
frame_06_Zr_encoder.ptm.ap.3,
frame_06_Zr_encoder.ptm.ap.4,
frame_06_Zr_encoder.liquid_order.train_count,1847
frame_06_Zr_encoder.liquid_order.test_count,1811
frame_06_Zr_encoder.liquid_order.conditional_r2_gain,0.14934688806533813
frame_06_Zr_encoder.liquid_order.mean_r2,0.1965070217847824
frame_06_Zr_encoder.context_cutoff_008.counts.0.train,968
frame_06_Zr_encoder.context_cutoff_008.counts.0.test,920
frame_06_Zr_encoder.context_cutoff_008.counts.1.train,15
frame_06_Zr_encoder.context_cutoff_008.counts.1.test,0
frame_06_Zr_encoder.context_cutoff_008.counts.2.train,31
frame_06_Zr_encoder.context_cutoff_008.counts.2.test,9
frame_06_Zr_encoder.context_cutoff_008.counts.3.train,0
frame_06_Zr_encoder.context_cutoff_008.counts.3.test,0
frame_06_Zr_encoder.context_cutoff_008.counts.4.train,0
frame_06_Zr_encoder.context_cutoff_008.counts.4.test,0
frame_06_Zr_encoder.context_cutoff_008.counts.5.train,489
frame_06_Zr_encoder.context_cutoff_008.counts.5.test,493
frame_06_Zr_encoder.context_cutoff_008.counts.6.train,413
frame_06_Zr_encoder.context_cutoff_008.counts.6.test,409
frame_06_Zr_encoder.context_cutoff_008.test_coverage,1.0
frame_06_Zr_encoder.context_cutoff_008.balanced_accuracy,0.6166788929831551
frame_06_Zr_encoder.context_cutoff_008.ap.0,0.7145430231739441
frame_06_Zr_encoder.context_cutoff_008.ap.1,
frame_06_Zr_encoder.context_cutoff_008.ap.2,
frame_06_Zr_encoder.context_cutoff_008.ap.3,
frame_06_Zr_encoder.context_cutoff_008.ap.4,
frame_06_Zr_encoder.context_cutoff_008.ap.5,0.5377790069629478
frame_06_Zr_encoder.context_cutoff_008.ap.6,0.5450043129194101
frame_06_Zr_encoder.context_cutoff_010.counts.0.train,968
frame_06_Zr_encoder.context_cutoff_010.counts.0.test,920
frame_06_Zr_encoder.context_cutoff_010.counts.1.train,16
frame_06_Zr_encoder.context_cutoff_010.counts.1.test,0
frame_06_Zr_encoder.context_cutoff_010.counts.2.train,53
frame_06_Zr_encoder.context_cutoff_010.counts.2.test,20
frame_06_Zr_encoder.context_cutoff_010.counts.3.train,0
frame_06_Zr_encoder.context_cutoff_010.counts.3.test,0
frame_06_Zr_encoder.context_cutoff_010.counts.4.train,0
frame_06_Zr_encoder.context_cutoff_010.counts.4.test,0
frame_06_Zr_encoder.context_cutoff_010.counts.5.train,489
frame_06_Zr_encoder.context_cutoff_010.counts.5.test,492
frame_06_Zr_encoder.context_cutoff_010.counts.6.train,390
frame_06_Zr_encoder.context_cutoff_010.counts.6.test,399
frame_06_Zr_encoder.context_cutoff_010.test_coverage,1.0
frame_06_Zr_encoder.context_cutoff_010.balanced_accuracy,0.6102129993594804
frame_06_Zr_encoder.context_cutoff_010.ap.0,0.7151768562085523
frame_06_Zr_encoder.context_cutoff_010.ap.1,
frame_06_Zr_encoder.context_cutoff_010.ap.2,0.7448592147485887
frame_06_Zr_encoder.context_cutoff_010.ap.3,
frame_06_Zr_encoder.context_cutoff_010.ap.4,
frame_06_Zr_encoder.context_cutoff_010.ap.5,0.5348468018596464
frame_06_Zr_encoder.context_cutoff_010.ap.6,0.48258827193861176
frame_06_Zr_encoder.context_cutoff_012.counts.0.train,964
frame_06_Zr_encoder.context_cutoff_012.counts.0.test,918
frame_06_Zr_encoder.context_cutoff_012.counts.1.train,17
frame_06_Zr_encoder.context_cutoff_012.counts.1.test,1
frame_06_Zr_encoder.context_cutoff_012.counts.2.train,110
frame_06_Zr_encoder.context_cutoff_012.counts.2.test,90
frame_06_Zr_encoder.context_cutoff_012.counts.3.train,0
frame_06_Zr_encoder.context_cutoff_012.counts.3.test,0
frame_06_Zr_encoder.context_cutoff_012.counts.4.train,0
frame_06_Zr_encoder.context_cutoff_012.counts.4.test,0
frame_06_Zr_encoder.context_cutoff_012.counts.5.train,486
frame_06_Zr_encoder.context_cutoff_012.counts.5.test,490
frame_06_Zr_encoder.context_cutoff_012.counts.6.train,339
frame_06_Zr_encoder.context_cutoff_012.counts.6.test,332
frame_06_Zr_encoder.context_cutoff_012.test_coverage,0.9994538503549972
frame_06_Zr_encoder.context_cutoff_012.balanced_accuracy,0.4929865788350146
frame_06_Zr_encoder.context_cutoff_012.ap.0,0.7123154456503606
frame_06_Zr_encoder.context_cutoff_012.ap.1,
frame_06_Zr_encoder.context_cutoff_012.ap.2,0.39982928872568035
frame_06_Zr_encoder.context_cutoff_012.ap.3,
frame_06_Zr_encoder.context_cutoff_012.ap.4,
frame_06_Zr_encoder.context_cutoff_012.ap.5,0.5337498759667128
frame_06_Zr_encoder.context_cutoff_012.ap.6,0.31342493515417713
frame_06_Zr_encoder.spatial.auc,0.5122550402926722
frame_06_Zr_encoder.spatial.pairs,1687
frame_06_Zr_encoder.spatial.changed_pairs,863
frame_06_Zr_encoder.spatial.bins,5
frame_06_Zr_encoder.spatial.same_label_normalized_distance,0.9289396493152784
frame_06_Zr_encoder.nonbulk_spatial.auc,0.5122550402926722
frame_06_Zr_encoder.nonbulk_spatial.pairs,1687
frame_06_Zr_encoder.nonbulk_spatial.changed_pairs,863
frame_06_Zr_encoder.nonbulk_spatial.bins,5
frame_06_Zr_encoder.nonbulk_spatial.same_label_normalized_distance,0.9289396493152784
frame_06_Zr_encoder.shuffled_spatial.auc,0.4607234397035474
frame_06_Zr_encoder.shuffled_spatial.pairs,1687
frame_06_Zr_encoder.shuffled_spatial.changed_pairs,863
frame_06_Zr_encoder.shuffled_spatial.bins,5
frame_06_Zr_encoder.shuffled_spatial.same_label_normalized_distance,0.956983217585441
frame_06_Zr_encoder.collapsed_spatial.auc,0.5
frame_06_Zr_encoder.collapsed_spatial.pairs,1687
frame_06_Zr_encoder.collapsed_spatial.changed_pairs,863
frame_06_Zr_encoder.collapsed_spatial.bins,5
frame_06_Zr_encoder.collapsed_spatial.same_label_normalized_distance,
frame_06_Zr_encoder.liquid_topology.train_count,444
frame_06_Zr_encoder.liquid_topology.test_count,470
frame_06_Zr_encoder.liquid_topology.conditional_r2_gain,-0.24176277220249176
frame_06_Zr_encoder.liquid_topology.mean_r2,-0.2432825267314911
frame_06_Zr_encoder.nonbulk_cluster_ami,0.06828168848609333
frame_06_Zr_encoder.continuity.0.0001.pair_rms,2.3121021539775906
frame_06_Zr_encoder.continuity.0.0001.normalized_median,0.0003075428517924296
frame_06_Zr_encoder.continuity.0.0001.normalized_p95,0.03878102053989202
frame_06_Zr_encoder.continuity.0.01.pair_rms,2.3121021539775906
frame_06_Zr_encoder.continuity.0.01.normalized_median,0.2267879216058625
frame_06_Zr_encoder.continuity.0.01.normalized_p95,0.5167825130097274
frame_06_Zr_encoder.continuity.0.1.pair_rms,2.3121021539775906
frame_06_Zr_encoder.continuity.0.1.normalized_median,0.5744222724576684
frame_06_Zr_encoder.continuity.0.1.normalized_p95,0.8802452452315422
frame_06_Zr_encoder.triad_index_switch_fraction_1e4_A,0.0013020833721384406
frame_06_Zr_projector.collapse.effective_rank,3.357116378620155
frame_06_Zr_projector.collapse.variance,18.35506945825679
frame_06_Zr_projector.collapse.pair_rms,6.0588892477510745
frame_06_Zr_projector.liquid_collapse.effective_rank,3.4253616228419164
frame_06_Zr_projector.liquid_collapse.variance,14.282891142939537
frame_06_Zr_projector.liquid_collapse.pair_rms,5.3446966505012306
frame_06_Zr_projector.reference_coverage.liquid_fraction,0.9765625
frame_06_Zr_projector.reference_coverage.cutoff_stable_fraction,0.956298828125
frame_06_Zr_projector.context.counts.0.train,968
frame_06_Zr_projector.context.counts.0.test,920
frame_06_Zr_projector.context.counts.1.train,16
frame_06_Zr_projector.context.counts.1.test,0
frame_06_Zr_projector.context.counts.2.train,53
frame_06_Zr_projector.context.counts.2.test,20
frame_06_Zr_projector.context.counts.3.train,0
frame_06_Zr_projector.context.counts.3.test,0
frame_06_Zr_projector.context.counts.4.train,0
frame_06_Zr_projector.context.counts.4.test,0
frame_06_Zr_projector.context.counts.5.train,489
frame_06_Zr_projector.context.counts.5.test,492
frame_06_Zr_projector.context.counts.6.train,390
frame_06_Zr_projector.context.counts.6.test,399
frame_06_Zr_projector.context.test_coverage,1.0
frame_06_Zr_projector.context.balanced_accuracy,0.5934432615207159
frame_06_Zr_projector.context.ap.0,0.6681304242918689
frame_06_Zr_projector.context.ap.1,
frame_06_Zr_projector.context.ap.2,0.6988131153277456
frame_06_Zr_projector.context.ap.3,
frame_06_Zr_projector.context.ap.4,
frame_06_Zr_projector.context.ap.5,0.4934303545086598
frame_06_Zr_projector.context.ap.6,0.4489157399021403
frame_06_Zr_projector.ptm.counts.0.train,1854
frame_06_Zr_projector.ptm.counts.0.test,1809
frame_06_Zr_projector.ptm.counts.1.train,0
frame_06_Zr_projector.ptm.counts.1.test,0
frame_06_Zr_projector.ptm.counts.2.train,1
frame_06_Zr_projector.ptm.counts.2.test,0
frame_06_Zr_projector.ptm.counts.3.train,41
frame_06_Zr_projector.ptm.counts.3.test,10
frame_06_Zr_projector.ptm.counts.4.train,20
frame_06_Zr_projector.ptm.counts.4.test,12
frame_06_Zr_projector.ptm.test_coverage,1.0
frame_06_Zr_projector.ptm.balanced_accuracy,0.7225999631472267
frame_06_Zr_projector.ptm.ap.0,0.9988766326157459
frame_06_Zr_projector.ptm.ap.1,
frame_06_Zr_projector.ptm.ap.2,
frame_06_Zr_projector.ptm.ap.3,
frame_06_Zr_projector.ptm.ap.4,
frame_06_Zr_projector.liquid_order.train_count,1847
frame_06_Zr_projector.liquid_order.test_count,1811
frame_06_Zr_projector.liquid_order.conditional_r2_gain,0.13829636573791504
frame_06_Zr_projector.liquid_order.mean_r2,0.1579398363828659
frame_06_Zr_projector.context_cutoff_008.counts.0.train,968
frame_06_Zr_projector.context_cutoff_008.counts.0.test,920
frame_06_Zr_projector.context_cutoff_008.counts.1.train,15
frame_06_Zr_projector.context_cutoff_008.counts.1.test,0
frame_06_Zr_projector.context_cutoff_008.counts.2.train,31
frame_06_Zr_projector.context_cutoff_008.counts.2.test,9
frame_06_Zr_projector.context_cutoff_008.counts.3.train,0
frame_06_Zr_projector.context_cutoff_008.counts.3.test,0
frame_06_Zr_projector.context_cutoff_008.counts.4.train,0
frame_06_Zr_projector.context_cutoff_008.counts.4.test,0
frame_06_Zr_projector.context_cutoff_008.counts.5.train,489
frame_06_Zr_projector.context_cutoff_008.counts.5.test,493
frame_06_Zr_projector.context_cutoff_008.counts.6.train,413
frame_06_Zr_projector.context_cutoff_008.counts.6.test,409
frame_06_Zr_projector.context_cutoff_008.test_coverage,1.0
frame_06_Zr_projector.context_cutoff_008.balanced_accuracy,0.6257995963066456
frame_06_Zr_projector.context_cutoff_008.ap.0,0.6670661954496544
frame_06_Zr_projector.context_cutoff_008.ap.1,
frame_06_Zr_projector.context_cutoff_008.ap.2,
frame_06_Zr_projector.context_cutoff_008.ap.3,
frame_06_Zr_projector.context_cutoff_008.ap.4,
frame_06_Zr_projector.context_cutoff_008.ap.5,0.4939390142378205
frame_06_Zr_projector.context_cutoff_008.ap.6,0.5491613055644362
frame_06_Zr_projector.context_cutoff_010.counts.0.train,968
frame_06_Zr_projector.context_cutoff_010.counts.0.test,920
frame_06_Zr_projector.context_cutoff_010.counts.1.train,16
frame_06_Zr_projector.context_cutoff_010.counts.1.test,0
frame_06_Zr_projector.context_cutoff_010.counts.2.train,53
frame_06_Zr_projector.context_cutoff_010.counts.2.test,20
frame_06_Zr_projector.context_cutoff_010.counts.3.train,0
frame_06_Zr_projector.context_cutoff_010.counts.3.test,0
frame_06_Zr_projector.context_cutoff_010.counts.4.train,0
frame_06_Zr_projector.context_cutoff_010.counts.4.test,0
frame_06_Zr_projector.context_cutoff_010.counts.5.train,489
frame_06_Zr_projector.context_cutoff_010.counts.5.test,492
frame_06_Zr_projector.context_cutoff_010.counts.6.train,390
frame_06_Zr_projector.context_cutoff_010.counts.6.test,399
frame_06_Zr_projector.context_cutoff_010.test_coverage,1.0
frame_06_Zr_projector.context_cutoff_010.balanced_accuracy,0.5934432615207159
frame_06_Zr_projector.context_cutoff_010.ap.0,0.6681304242918689
frame_06_Zr_projector.context_cutoff_010.ap.1,
frame_06_Zr_projector.context_cutoff_010.ap.2,0.6988131153277456
frame_06_Zr_projector.context_cutoff_010.ap.3,
frame_06_Zr_projector.context_cutoff_010.ap.4,
frame_06_Zr_projector.context_cutoff_010.ap.5,0.4934303545086598
frame_06_Zr_projector.context_cutoff_010.ap.6,0.4489157399021403
frame_06_Zr_projector.context_cutoff_012.counts.0.train,964
frame_06_Zr_projector.context_cutoff_012.counts.0.test,918
frame_06_Zr_projector.context_cutoff_012.counts.1.train,17
frame_06_Zr_projector.context_cutoff_012.counts.1.test,1
frame_06_Zr_projector.context_cutoff_012.counts.2.train,110
frame_06_Zr_projector.context_cutoff_012.counts.2.test,90
frame_06_Zr_projector.context_cutoff_012.counts.3.train,0
frame_06_Zr_projector.context_cutoff_012.counts.3.test,0
frame_06_Zr_projector.context_cutoff_012.counts.4.train,0
frame_06_Zr_projector.context_cutoff_012.counts.4.test,0
frame_06_Zr_projector.context_cutoff_012.counts.5.train,486
frame_06_Zr_projector.context_cutoff_012.counts.5.test,490
frame_06_Zr_projector.context_cutoff_012.counts.6.train,339
frame_06_Zr_projector.context_cutoff_012.counts.6.test,332
frame_06_Zr_projector.context_cutoff_012.test_coverage,0.9994538503549972
frame_06_Zr_projector.context_cutoff_012.balanced_accuracy,0.5042782909683284
frame_06_Zr_projector.context_cutoff_012.ap.0,0.6671350494746769
frame_06_Zr_projector.context_cutoff_012.ap.1,
frame_06_Zr_projector.context_cutoff_012.ap.2,0.4850895377119177
frame_06_Zr_projector.context_cutoff_012.ap.3,
frame_06_Zr_projector.context_cutoff_012.ap.4,
frame_06_Zr_projector.context_cutoff_012.ap.5,0.48879762507550806
frame_06_Zr_projector.context_cutoff_012.ap.6,0.32724190240719636
frame_06_Zr_projector.spatial.auc,0.4978143899705337
frame_06_Zr_projector.spatial.pairs,1687
frame_06_Zr_projector.spatial.changed_pairs,863
frame_06_Zr_projector.spatial.bins,5
frame_06_Zr_projector.spatial.same_label_normalized_distance,0.8592737345374128
frame_06_Zr_projector.nonbulk_spatial.auc,0.4978143899705337
frame_06_Zr_projector.nonbulk_spatial.pairs,1687
frame_06_Zr_projector.nonbulk_spatial.changed_pairs,863
frame_06_Zr_projector.nonbulk_spatial.bins,5
frame_06_Zr_projector.nonbulk_spatial.same_label_normalized_distance,0.8592737345374128
frame_06_Zr_projector.shuffled_spatial.auc,0.4816937451761298
frame_06_Zr_projector.shuffled_spatial.pairs,1687
frame_06_Zr_projector.shuffled_spatial.changed_pairs,863
frame_06_Zr_projector.shuffled_spatial.bins,5
frame_06_Zr_projector.shuffled_spatial.same_label_normalized_distance,0.8951022587412689
frame_06_Zr_projector.collapsed_spatial.auc,0.5
frame_06_Zr_projector.collapsed_spatial.pairs,1687
frame_06_Zr_projector.collapsed_spatial.changed_pairs,863
frame_06_Zr_projector.collapsed_spatial.bins,5
frame_06_Zr_projector.collapsed_spatial.same_label_normalized_distance,
frame_06_Zr_projector.liquid_topology.train_count,444
frame_06_Zr_projector.liquid_topology.test_count,470
frame_06_Zr_projector.liquid_topology.conditional_r2_gain,-0.014228707179427147
frame_06_Zr_projector.liquid_topology.mean_r2,-0.01724245771765709
frame_06_Zr_projector.nonbulk_cluster_ami,0.047512250310200406
frame_06_Zr_projector.continuity.0.0001.pair_rms,6.481418473393638
frame_06_Zr_projector.continuity.0.0001.normalized_median,0.0002958494047981839
frame_06_Zr_projector.continuity.0.0001.normalized_p95,0.03433885779624504
frame_06_Zr_projector.continuity.0.01.pair_rms,6.481418473393638
frame_06_Zr_projector.continuity.0.01.normalized_median,0.21397609208078305
frame_06_Zr_projector.continuity.0.01.normalized_p95,0.5512406663724985
frame_06_Zr_projector.continuity.0.1.pair_rms,6.481418473393638
frame_06_Zr_projector.continuity.0.1.normalized_median,0.5735815848616732
frame_06_Zr_projector.continuity.0.1.normalized_p95,1.0102234934071306
frame_06_Zr_projector.triad_index_switch_fraction_1e4_A,0.0013020833721384406
frame_07_Zr_encoder.collapse.effective_rank,2.0730560416255455
frame_07_Zr_encoder.collapse.variance,6.4432316357225465
frame_07_Zr_encoder.collapse.pair_rms,3.5897720361389376
frame_07_Zr_encoder.liquid_collapse.effective_rank,9.685998802858164
frame_07_Zr_encoder.liquid_collapse.variance,1.7516171541515388
frame_07_Zr_encoder.liquid_collapse.pair_rms,1.871692899036345
frame_07_Zr_encoder.reference_coverage.liquid_fraction,0.91943359375
frame_07_Zr_encoder.reference_coverage.cutoff_stable_fraction,0.94775390625
frame_07_Zr_encoder.context.counts.0.train,797
frame_07_Zr_encoder.context.counts.0.test,925
frame_07_Zr_encoder.context.counts.1.train,128
frame_07_Zr_encoder.context.counts.1.test,13
frame_07_Zr_encoder.context.counts.2.train,114
frame_07_Zr_encoder.context.counts.2.test,40
frame_07_Zr_encoder.context.counts.3.train,0
frame_07_Zr_encoder.context.counts.3.test,0
frame_07_Zr_encoder.context.counts.4.train,0
frame_07_Zr_encoder.context.counts.4.test,0
frame_07_Zr_encoder.context.counts.5.train,408
frame_07_Zr_encoder.context.counts.5.test,507
frame_07_Zr_encoder.context.counts.6.train,381
frame_07_Zr_encoder.context.counts.6.test,423
frame_07_Zr_encoder.context.test_coverage,1.0
frame_07_Zr_encoder.context.balanced_accuracy,0.6786410131647448
frame_07_Zr_encoder.context.ap.0,0.7208492446838686
frame_07_Zr_encoder.context.ap.1,
frame_07_Zr_encoder.context.ap.2,0.6629271162386785
frame_07_Zr_encoder.context.ap.3,
frame_07_Zr_encoder.context.ap.4,
frame_07_Zr_encoder.context.ap.5,0.6266676607260544
frame_07_Zr_encoder.context.ap.6,0.495532769147067
frame_07_Zr_encoder.ptm.counts.0.train,1637
frame_07_Zr_encoder.ptm.counts.0.test,1868
frame_07_Zr_encoder.ptm.counts.1.train,2
frame_07_Zr_encoder.ptm.counts.1.test,1
frame_07_Zr_encoder.ptm.counts.2.train,0
frame_07_Zr_encoder.ptm.counts.2.test,1
frame_07_Zr_encoder.ptm.counts.3.train,180
frame_07_Zr_encoder.ptm.counts.3.test,28
frame_07_Zr_encoder.ptm.counts.4.train,9
frame_07_Zr_encoder.ptm.counts.4.test,10
frame_07_Zr_encoder.ptm.test_coverage,0.9937106918238994
frame_07_Zr_encoder.ptm.balanced_accuracy,0.8741970021413277
frame_07_Zr_encoder.ptm.ap.0,0.9892714230811388
frame_07_Zr_encoder.ptm.ap.1,
frame_07_Zr_encoder.ptm.ap.2,
frame_07_Zr_encoder.ptm.ap.3,0.8335755553887778
frame_07_Zr_encoder.ptm.ap.4,
frame_07_Zr_encoder.liquid_order.train_count,1586
frame_07_Zr_encoder.liquid_order.test_count,1855
frame_07_Zr_encoder.liquid_order.conditional_r2_gain,0.16982273757457733
frame_07_Zr_encoder.liquid_order.mean_r2,0.22071778774261475
frame_07_Zr_encoder.context_cutoff_008.counts.0.train,797
frame_07_Zr_encoder.context_cutoff_008.counts.0.test,925
frame_07_Zr_encoder.context_cutoff_008.counts.1.train,123
frame_07_Zr_encoder.context_cutoff_008.counts.1.test,13
frame_07_Zr_encoder.context_cutoff_008.counts.2.train,95
frame_07_Zr_encoder.context_cutoff_008.counts.2.test,25
frame_07_Zr_encoder.context_cutoff_008.counts.3.train,0
frame_07_Zr_encoder.context_cutoff_008.counts.3.test,0
frame_07_Zr_encoder.context_cutoff_008.counts.4.train,0
frame_07_Zr_encoder.context_cutoff_008.counts.4.test,0
frame_07_Zr_encoder.context_cutoff_008.counts.5.train,409
frame_07_Zr_encoder.context_cutoff_008.counts.5.test,508
frame_07_Zr_encoder.context_cutoff_008.counts.6.train,404
frame_07_Zr_encoder.context_cutoff_008.counts.6.test,437
frame_07_Zr_encoder.context_cutoff_008.test_coverage,1.0
frame_07_Zr_encoder.context_cutoff_008.balanced_accuracy,0.725765576492004
frame_07_Zr_encoder.context_cutoff_008.ap.0,0.7210305144872037
frame_07_Zr_encoder.context_cutoff_008.ap.1,
frame_07_Zr_encoder.context_cutoff_008.ap.2,0.8921065951666975
frame_07_Zr_encoder.context_cutoff_008.ap.3,
frame_07_Zr_encoder.context_cutoff_008.ap.4,
frame_07_Zr_encoder.context_cutoff_008.ap.5,0.6290075504913765
frame_07_Zr_encoder.context_cutoff_008.ap.6,0.5731068024194554
frame_07_Zr_encoder.context_cutoff_010.counts.0.train,797
frame_07_Zr_encoder.context_cutoff_010.counts.0.test,925
frame_07_Zr_encoder.context_cutoff_010.counts.1.train,128
frame_07_Zr_encoder.context_cutoff_010.counts.1.test,13
frame_07_Zr_encoder.context_cutoff_010.counts.2.train,114
frame_07_Zr_encoder.context_cutoff_010.counts.2.test,40
frame_07_Zr_encoder.context_cutoff_010.counts.3.train,0
frame_07_Zr_encoder.context_cutoff_010.counts.3.test,0
frame_07_Zr_encoder.context_cutoff_010.counts.4.train,0
frame_07_Zr_encoder.context_cutoff_010.counts.4.test,0
frame_07_Zr_encoder.context_cutoff_010.counts.5.train,408
frame_07_Zr_encoder.context_cutoff_010.counts.5.test,507
frame_07_Zr_encoder.context_cutoff_010.counts.6.train,381
frame_07_Zr_encoder.context_cutoff_010.counts.6.test,423
frame_07_Zr_encoder.context_cutoff_010.test_coverage,1.0
frame_07_Zr_encoder.context_cutoff_010.balanced_accuracy,0.6786410131647448
frame_07_Zr_encoder.context_cutoff_010.ap.0,0.7208492446838686
frame_07_Zr_encoder.context_cutoff_010.ap.1,
frame_07_Zr_encoder.context_cutoff_010.ap.2,0.6629271162386785
frame_07_Zr_encoder.context_cutoff_010.ap.3,
frame_07_Zr_encoder.context_cutoff_010.ap.4,
frame_07_Zr_encoder.context_cutoff_010.ap.5,0.6266676607260544
frame_07_Zr_encoder.context_cutoff_010.ap.6,0.495532769147067
frame_07_Zr_encoder.context_cutoff_012.counts.0.train,792
frame_07_Zr_encoder.context_cutoff_012.counts.0.test,919
frame_07_Zr_encoder.context_cutoff_012.counts.1.train,140
frame_07_Zr_encoder.context_cutoff_012.counts.1.test,14
frame_07_Zr_encoder.context_cutoff_012.counts.2.train,165
frame_07_Zr_encoder.context_cutoff_012.counts.2.test,108
frame_07_Zr_encoder.context_cutoff_012.counts.3.train,0
frame_07_Zr_encoder.context_cutoff_012.counts.3.test,0
frame_07_Zr_encoder.context_cutoff_012.counts.4.train,0
frame_07_Zr_encoder.context_cutoff_012.counts.4.test,0
frame_07_Zr_encoder.context_cutoff_012.counts.5.train,406
frame_07_Zr_encoder.context_cutoff_012.counts.5.test,506
frame_07_Zr_encoder.context_cutoff_012.counts.6.train,325
frame_07_Zr_encoder.context_cutoff_012.counts.6.test,361
frame_07_Zr_encoder.context_cutoff_012.test_coverage,1.0
frame_07_Zr_encoder.context_cutoff_012.balanced_accuracy,0.6362504692667421
frame_07_Zr_encoder.context_cutoff_012.ap.0,0.7171064053359224
frame_07_Zr_encoder.context_cutoff_012.ap.1,
frame_07_Zr_encoder.context_cutoff_012.ap.2,0.5498879352022529
frame_07_Zr_encoder.context_cutoff_012.ap.3,
frame_07_Zr_encoder.context_cutoff_012.ap.4,
frame_07_Zr_encoder.context_cutoff_012.ap.5,0.6209296590417445
frame_07_Zr_encoder.context_cutoff_012.ap.6,0.34469627403940695
frame_07_Zr_encoder.spatial.auc,0.501894410212977
frame_07_Zr_encoder.spatial.pairs,1768
frame_07_Zr_encoder.spatial.changed_pairs,850
frame_07_Zr_encoder.spatial.bins,5
frame_07_Zr_encoder.spatial.same_label_normalized_distance,0.7976678838863221
frame_07_Zr_encoder.nonbulk_spatial.auc,0.5008850394428039
frame_07_Zr_encoder.nonbulk_spatial.pairs,1758
frame_07_Zr_encoder.nonbulk_spatial.changed_pairs,849
frame_07_Zr_encoder.nonbulk_spatial.bins,5
frame_07_Zr_encoder.nonbulk_spatial.same_label_normalized_distance,0.8892716303624366
frame_07_Zr_encoder.shuffled_spatial.auc,0.483859648794839
frame_07_Zr_encoder.shuffled_spatial.pairs,1758
frame_07_Zr_encoder.shuffled_spatial.changed_pairs,849
frame_07_Zr_encoder.shuffled_spatial.bins,5
frame_07_Zr_encoder.shuffled_spatial.same_label_normalized_distance,0.7387700561283598
frame_07_Zr_encoder.collapsed_spatial.auc,0.5
frame_07_Zr_encoder.collapsed_spatial.pairs,1758
frame_07_Zr_encoder.collapsed_spatial.changed_pairs,849
frame_07_Zr_encoder.collapsed_spatial.bins,5
frame_07_Zr_encoder.collapsed_spatial.same_label_normalized_distance,
frame_07_Zr_encoder.liquid_topology.train_count,378
frame_07_Zr_encoder.liquid_topology.test_count,465
frame_07_Zr_encoder.liquid_topology.conditional_r2_gain,-25.49847984313965
frame_07_Zr_encoder.liquid_topology.mean_r2,-26.262182235717773
frame_07_Zr_encoder.nonbulk_cluster_ami,0.09501488428634942
frame_07_Zr_encoder.continuity.0.0001.pair_rms,3.486411508758281
frame_07_Zr_encoder.continuity.0.0001.normalized_median,0.00021324222037463848
frame_07_Zr_encoder.continuity.0.0001.normalized_p95,0.03336041799221582
frame_07_Zr_encoder.continuity.0.01.pair_rms,3.486411508758281
frame_07_Zr_encoder.continuity.0.01.normalized_median,0.15856154294060684
frame_07_Zr_encoder.continuity.0.01.normalized_p95,0.3883426993921113
frame_07_Zr_encoder.continuity.0.1.pair_rms,3.486411508758281
frame_07_Zr_encoder.continuity.0.1.normalized_median,0.40278208378950525
frame_07_Zr_encoder.continuity.0.1.normalized_p95,0.5914422146409283
frame_07_Zr_encoder.triad_index_switch_fraction_1e4_A,0.0006510416860692203
frame_07_Zr_projector.collapse.effective_rank,3.1597434041954715
frame_07_Zr_projector.collapse.variance,30.288923270143247
frame_07_Zr_projector.collapse.pair_rms,7.7831771494863515
frame_07_Zr_projector.liquid_collapse.effective_rank,3.36422047738426
frame_07_Zr_projector.liquid_collapse.variance,15.238107656685054
frame_07_Zr_projector.liquid_collapse.pair_rms,5.520526724269171
frame_07_Zr_projector.reference_coverage.liquid_fraction,0.91943359375
frame_07_Zr_projector.reference_coverage.cutoff_stable_fraction,0.94775390625
frame_07_Zr_projector.context.counts.0.train,797
frame_07_Zr_projector.context.counts.0.test,925
frame_07_Zr_projector.context.counts.1.train,128
frame_07_Zr_projector.context.counts.1.test,13
frame_07_Zr_projector.context.counts.2.train,114
frame_07_Zr_projector.context.counts.2.test,40
frame_07_Zr_projector.context.counts.3.train,0
frame_07_Zr_projector.context.counts.3.test,0
frame_07_Zr_projector.context.counts.4.train,0
frame_07_Zr_projector.context.counts.4.test,0
frame_07_Zr_projector.context.counts.5.train,408
frame_07_Zr_projector.context.counts.5.test,507
frame_07_Zr_projector.context.counts.6.train,381
frame_07_Zr_projector.context.counts.6.test,423
frame_07_Zr_projector.context.test_coverage,1.0
frame_07_Zr_projector.context.balanced_accuracy,0.6402817238741952
frame_07_Zr_projector.context.ap.0,0.6608038438644637
frame_07_Zr_projector.context.ap.1,
frame_07_Zr_projector.context.ap.2,0.7600575274030089
frame_07_Zr_projector.context.ap.3,
frame_07_Zr_projector.context.ap.4,
frame_07_Zr_projector.context.ap.5,0.5358810144141803
frame_07_Zr_projector.context.ap.6,0.5289033438980497
frame_07_Zr_projector.ptm.counts.0.train,1637
frame_07_Zr_projector.ptm.counts.0.test,1868
frame_07_Zr_projector.ptm.counts.1.train,2
frame_07_Zr_projector.ptm.counts.1.test,1
frame_07_Zr_projector.ptm.counts.2.train,0
frame_07_Zr_projector.ptm.counts.2.test,1
frame_07_Zr_projector.ptm.counts.3.train,180
frame_07_Zr_projector.ptm.counts.3.test,28
frame_07_Zr_projector.ptm.counts.4.train,9
frame_07_Zr_projector.ptm.counts.4.test,10
frame_07_Zr_projector.ptm.test_coverage,0.9937106918238994
frame_07_Zr_projector.ptm.balanced_accuracy,0.9088406240440501
frame_07_Zr_projector.ptm.ap.0,0.9965041814845903
frame_07_Zr_projector.ptm.ap.1,
frame_07_Zr_projector.ptm.ap.2,
frame_07_Zr_projector.ptm.ap.3,0.8817181206344618
frame_07_Zr_projector.ptm.ap.4,
frame_07_Zr_projector.liquid_order.train_count,1586
frame_07_Zr_projector.liquid_order.test_count,1855
frame_07_Zr_projector.liquid_order.conditional_r2_gain,0.149152010679245
frame_07_Zr_projector.liquid_order.mean_r2,0.16675972938537598
frame_07_Zr_projector.context_cutoff_008.counts.0.train,797
frame_07_Zr_projector.context_cutoff_008.counts.0.test,925
frame_07_Zr_projector.context_cutoff_008.counts.1.train,123
frame_07_Zr_projector.context_cutoff_008.counts.1.test,13
frame_07_Zr_projector.context_cutoff_008.counts.2.train,95
frame_07_Zr_projector.context_cutoff_008.counts.2.test,25
frame_07_Zr_projector.context_cutoff_008.counts.3.train,0
frame_07_Zr_projector.context_cutoff_008.counts.3.test,0
frame_07_Zr_projector.context_cutoff_008.counts.4.train,0
frame_07_Zr_projector.context_cutoff_008.counts.4.test,0
frame_07_Zr_projector.context_cutoff_008.counts.5.train,409
frame_07_Zr_projector.context_cutoff_008.counts.5.test,508
frame_07_Zr_projector.context_cutoff_008.counts.6.train,404
frame_07_Zr_projector.context_cutoff_008.counts.6.test,437
frame_07_Zr_projector.context_cutoff_008.test_coverage,1.0
frame_07_Zr_projector.context_cutoff_008.balanced_accuracy,0.6425423823822713
frame_07_Zr_projector.context_cutoff_008.ap.0,0.6618972849920376
frame_07_Zr_projector.context_cutoff_008.ap.1,
frame_07_Zr_projector.context_cutoff_008.ap.2,0.8535972725291612
frame_07_Zr_projector.context_cutoff_008.ap.3,
frame_07_Zr_projector.context_cutoff_008.ap.4,
frame_07_Zr_projector.context_cutoff_008.ap.5,0.5356297920341961
frame_07_Zr_projector.context_cutoff_008.ap.6,0.5831451544919053
frame_07_Zr_projector.context_cutoff_010.counts.0.train,797
frame_07_Zr_projector.context_cutoff_010.counts.0.test,925
frame_07_Zr_projector.context_cutoff_010.counts.1.train,128
frame_07_Zr_projector.context_cutoff_010.counts.1.test,13
frame_07_Zr_projector.context_cutoff_010.counts.2.train,114
frame_07_Zr_projector.context_cutoff_010.counts.2.test,40
frame_07_Zr_projector.context_cutoff_010.counts.3.train,0
frame_07_Zr_projector.context_cutoff_010.counts.3.test,0
frame_07_Zr_projector.context_cutoff_010.counts.4.train,0
frame_07_Zr_projector.context_cutoff_010.counts.4.test,0
frame_07_Zr_projector.context_cutoff_010.counts.5.train,408
frame_07_Zr_projector.context_cutoff_010.counts.5.test,507
frame_07_Zr_projector.context_cutoff_010.counts.6.train,381
frame_07_Zr_projector.context_cutoff_010.counts.6.test,423
frame_07_Zr_projector.context_cutoff_010.test_coverage,1.0
frame_07_Zr_projector.context_cutoff_010.balanced_accuracy,0.6402817238741952
frame_07_Zr_projector.context_cutoff_010.ap.0,0.6608038438644637
frame_07_Zr_projector.context_cutoff_010.ap.1,
frame_07_Zr_projector.context_cutoff_010.ap.2,0.7600575274030089
frame_07_Zr_projector.context_cutoff_010.ap.3,
frame_07_Zr_projector.context_cutoff_010.ap.4,
frame_07_Zr_projector.context_cutoff_010.ap.5,0.5358810144141803
frame_07_Zr_projector.context_cutoff_010.ap.6,0.5289033438980497
frame_07_Zr_projector.context_cutoff_012.counts.0.train,792
frame_07_Zr_projector.context_cutoff_012.counts.0.test,919
frame_07_Zr_projector.context_cutoff_012.counts.1.train,140
frame_07_Zr_projector.context_cutoff_012.counts.1.test,14
frame_07_Zr_projector.context_cutoff_012.counts.2.train,165
frame_07_Zr_projector.context_cutoff_012.counts.2.test,108
frame_07_Zr_projector.context_cutoff_012.counts.3.train,0
frame_07_Zr_projector.context_cutoff_012.counts.3.test,0
frame_07_Zr_projector.context_cutoff_012.counts.4.train,0
frame_07_Zr_projector.context_cutoff_012.counts.4.test,0
frame_07_Zr_projector.context_cutoff_012.counts.5.train,406
frame_07_Zr_projector.context_cutoff_012.counts.5.test,506
frame_07_Zr_projector.context_cutoff_012.counts.6.train,325
frame_07_Zr_projector.context_cutoff_012.counts.6.test,361
frame_07_Zr_projector.context_cutoff_012.test_coverage,1.0
frame_07_Zr_projector.context_cutoff_012.balanced_accuracy,0.6221508888279962
frame_07_Zr_projector.context_cutoff_012.ap.0,0.6562676835346565
frame_07_Zr_projector.context_cutoff_012.ap.1,
frame_07_Zr_projector.context_cutoff_012.ap.2,0.6080306191252397
frame_07_Zr_projector.context_cutoff_012.ap.3,
frame_07_Zr_projector.context_cutoff_012.ap.4,
frame_07_Zr_projector.context_cutoff_012.ap.5,0.531299058133498
frame_07_Zr_projector.context_cutoff_012.ap.6,0.3830799540734888
frame_07_Zr_projector.spatial.auc,0.48622427313109784
frame_07_Zr_projector.spatial.pairs,1768
frame_07_Zr_projector.spatial.changed_pairs,850
frame_07_Zr_projector.spatial.bins,5
frame_07_Zr_projector.spatial.same_label_normalized_distance,0.7772763181144196
frame_07_Zr_projector.nonbulk_spatial.auc,0.48464362171564285
frame_07_Zr_projector.nonbulk_spatial.pairs,1758
frame_07_Zr_projector.nonbulk_spatial.changed_pairs,849
frame_07_Zr_projector.nonbulk_spatial.bins,5
frame_07_Zr_projector.nonbulk_spatial.same_label_normalized_distance,0.7925224697338861
frame_07_Zr_projector.shuffled_spatial.auc,0.4909361026014515
frame_07_Zr_projector.shuffled_spatial.pairs,1758
frame_07_Zr_projector.shuffled_spatial.changed_pairs,849
frame_07_Zr_projector.shuffled_spatial.bins,5
frame_07_Zr_projector.shuffled_spatial.same_label_normalized_distance,0.8175856361011625
frame_07_Zr_projector.collapsed_spatial.auc,0.5
frame_07_Zr_projector.collapsed_spatial.pairs,1758
frame_07_Zr_projector.collapsed_spatial.changed_pairs,849
frame_07_Zr_projector.collapsed_spatial.bins,5
frame_07_Zr_projector.collapsed_spatial.same_label_normalized_distance,
frame_07_Zr_projector.liquid_topology.train_count,378
frame_07_Zr_projector.liquid_topology.test_count,465
frame_07_Zr_projector.liquid_topology.conditional_r2_gain,-3.2395565509796143
frame_07_Zr_projector.liquid_topology.mean_r2,-3.863260507583618
frame_07_Zr_projector.nonbulk_cluster_ami,0.06531707268690437
frame_07_Zr_projector.continuity.0.0001.pair_rms,7.546021346887452
frame_07_Zr_projector.continuity.0.0001.normalized_median,0.00025068998252908924
frame_07_Zr_projector.continuity.0.0001.normalized_p95,0.03825162675782497
frame_07_Zr_projector.continuity.0.01.pair_rms,7.546021346887452
frame_07_Zr_projector.continuity.0.01.normalized_median,0.17429331442135165
frame_07_Zr_projector.continuity.0.01.normalized_p95,0.4929948860834206
frame_07_Zr_projector.continuity.0.1.pair_rms,7.546021346887452
frame_07_Zr_projector.continuity.0.1.normalized_median,0.4821716816077381
frame_07_Zr_projector.continuity.0.1.normalized_p95,0.8653577373069105
frame_07_Zr_projector.triad_index_switch_fraction_1e4_A,0.0006510416860692203
frame_08_Zr_encoder.collapse.effective_rank,1.390446464567668
frame_08_Zr_encoder.collapse.variance,17.929418263012494
frame_08_Zr_encoder.collapse.pair_rms,5.988224822601852
frame_08_Zr_encoder.liquid_collapse.effective_rank,9.730847607985766
frame_08_Zr_encoder.liquid_collapse.variance,1.7951790736415223
frame_08_Zr_encoder.liquid_collapse.pair_rms,1.8948240412457946
frame_08_Zr_encoder.reference_coverage.liquid_fraction,0.739990234375
frame_08_Zr_encoder.reference_coverage.cutoff_stable_fraction,0.935791015625
frame_08_Zr_encoder.context.counts.0.train,576
frame_08_Zr_encoder.context.counts.0.test,733
frame_08_Zr_encoder.context.counts.1.train,446
frame_08_Zr_encoder.context.counts.1.test,156
frame_08_Zr_encoder.context.counts.2.train,211
frame_08_Zr_encoder.context.counts.2.test,150
frame_08_Zr_encoder.context.counts.3.train,0
frame_08_Zr_encoder.context.counts.3.test,0
frame_08_Zr_encoder.context.counts.4.train,0
frame_08_Zr_encoder.context.counts.4.test,0
frame_08_Zr_encoder.context.counts.5.train,321
frame_08_Zr_encoder.context.counts.5.test,392
frame_08_Zr_encoder.context.counts.6.train,331
frame_08_Zr_encoder.context.counts.6.test,386
frame_08_Zr_encoder.context.test_coverage,1.0
frame_08_Zr_encoder.context.balanced_accuracy,0.7003495532018692
frame_08_Zr_encoder.context.ap.0,0.7231355070801996
frame_08_Zr_encoder.context.ap.1,0.9985005661185702
frame_08_Zr_encoder.context.ap.2,0.9168343875203674
frame_08_Zr_encoder.context.ap.3,
frame_08_Zr_encoder.context.ap.4,
frame_08_Zr_encoder.context.ap.5,0.5567555568447117
frame_08_Zr_encoder.context.ap.6,0.5034513424848812
frame_08_Zr_encoder.ptm.counts.0.train,1351
frame_08_Zr_encoder.ptm.counts.0.test,1587
frame_08_Zr_encoder.ptm.counts.1.train,0
frame_08_Zr_encoder.ptm.counts.1.test,1
frame_08_Zr_encoder.ptm.counts.2.train,1
frame_08_Zr_encoder.ptm.counts.2.test,2
frame_08_Zr_encoder.ptm.counts.3.train,525
frame_08_Zr_encoder.ptm.counts.3.test,213
frame_08_Zr_encoder.ptm.counts.4.train,8
frame_08_Zr_encoder.ptm.counts.4.test,14
frame_08_Zr_encoder.ptm.test_coverage,0.9906439185470556
frame_08_Zr_encoder.ptm.balanced_accuracy,0.9633554318982579
frame_08_Zr_encoder.ptm.ap.0,0.985086803375737
frame_08_Zr_encoder.ptm.ap.1,
frame_08_Zr_encoder.ptm.ap.2,
frame_08_Zr_encoder.ptm.ap.3,0.9892706362149402
frame_08_Zr_encoder.ptm.ap.4,
frame_08_Zr_encoder.liquid_order.train_count,1228
frame_08_Zr_encoder.liquid_order.test_count,1511
frame_08_Zr_encoder.liquid_order.conditional_r2_gain,0.14835883677005768
frame_08_Zr_encoder.liquid_order.mean_r2,0.19301088154315948
frame_08_Zr_encoder.context_cutoff_008.counts.0.train,577
frame_08_Zr_encoder.context_cutoff_008.counts.0.test,733
frame_08_Zr_encoder.context_cutoff_008.counts.1.train,432
frame_08_Zr_encoder.context_cutoff_008.counts.1.test,150
frame_08_Zr_encoder.context_cutoff_008.counts.2.train,195
frame_08_Zr_encoder.context_cutoff_008.counts.2.test,121
frame_08_Zr_encoder.context_cutoff_008.counts.3.train,0
frame_08_Zr_encoder.context_cutoff_008.counts.3.test,0
frame_08_Zr_encoder.context_cutoff_008.counts.4.train,0
frame_08_Zr_encoder.context_cutoff_008.counts.4.test,0
frame_08_Zr_encoder.context_cutoff_008.counts.5.train,321
frame_08_Zr_encoder.context_cutoff_008.counts.5.test,392
frame_08_Zr_encoder.context_cutoff_008.counts.6.train,360
frame_08_Zr_encoder.context_cutoff_008.counts.6.test,421
frame_08_Zr_encoder.context_cutoff_008.test_coverage,1.0
frame_08_Zr_encoder.context_cutoff_008.balanced_accuracy,0.7209565559646036
frame_08_Zr_encoder.context_cutoff_008.ap.0,0.7200641213861633
frame_08_Zr_encoder.context_cutoff_008.ap.1,0.9957511435451097
frame_08_Zr_encoder.context_cutoff_008.ap.2,0.9434486681185655
frame_08_Zr_encoder.context_cutoff_008.ap.3,
frame_08_Zr_encoder.context_cutoff_008.ap.4,
frame_08_Zr_encoder.context_cutoff_008.ap.5,0.5592965914977468
frame_08_Zr_encoder.context_cutoff_008.ap.6,0.5962396572067519
frame_08_Zr_encoder.context_cutoff_010.counts.0.train,576
frame_08_Zr_encoder.context_cutoff_010.counts.0.test,733
frame_08_Zr_encoder.context_cutoff_010.counts.1.train,446
frame_08_Zr_encoder.context_cutoff_010.counts.1.test,156
frame_08_Zr_encoder.context_cutoff_010.counts.2.train,211
frame_08_Zr_encoder.context_cutoff_010.counts.2.test,150
frame_08_Zr_encoder.context_cutoff_010.counts.3.train,0
frame_08_Zr_encoder.context_cutoff_010.counts.3.test,0
frame_08_Zr_encoder.context_cutoff_010.counts.4.train,0
frame_08_Zr_encoder.context_cutoff_010.counts.4.test,0
frame_08_Zr_encoder.context_cutoff_010.counts.5.train,321
frame_08_Zr_encoder.context_cutoff_010.counts.5.test,392
frame_08_Zr_encoder.context_cutoff_010.counts.6.train,331
frame_08_Zr_encoder.context_cutoff_010.counts.6.test,386
frame_08_Zr_encoder.context_cutoff_010.test_coverage,1.0
frame_08_Zr_encoder.context_cutoff_010.balanced_accuracy,0.7003495532018692
frame_08_Zr_encoder.context_cutoff_010.ap.0,0.7231355070801996
frame_08_Zr_encoder.context_cutoff_010.ap.1,0.9985005661185702
frame_08_Zr_encoder.context_cutoff_010.ap.2,0.9168343875203674
frame_08_Zr_encoder.context_cutoff_010.ap.3,
frame_08_Zr_encoder.context_cutoff_010.ap.4,
frame_08_Zr_encoder.context_cutoff_010.ap.5,0.5567555568447117
frame_08_Zr_encoder.context_cutoff_010.ap.6,0.5034513424848812
frame_08_Zr_encoder.context_cutoff_012.counts.0.train,573
frame_08_Zr_encoder.context_cutoff_012.counts.0.test,726
frame_08_Zr_encoder.context_cutoff_012.counts.1.train,456
frame_08_Zr_encoder.context_cutoff_012.counts.1.test,163
frame_08_Zr_encoder.context_cutoff_012.counts.2.train,264
frame_08_Zr_encoder.context_cutoff_012.counts.2.test,220
frame_08_Zr_encoder.context_cutoff_012.counts.3.train,0
frame_08_Zr_encoder.context_cutoff_012.counts.3.test,0
frame_08_Zr_encoder.context_cutoff_012.counts.4.train,2
frame_08_Zr_encoder.context_cutoff_012.counts.4.test,0
frame_08_Zr_encoder.context_cutoff_012.counts.5.train,319
frame_08_Zr_encoder.context_cutoff_012.counts.5.test,390
frame_08_Zr_encoder.context_cutoff_012.counts.6.train,271
frame_08_Zr_encoder.context_cutoff_012.counts.6.test,318
frame_08_Zr_encoder.context_cutoff_012.test_coverage,1.0
frame_08_Zr_encoder.context_cutoff_012.balanced_accuracy,0.644415038216404
frame_08_Zr_encoder.context_cutoff_012.ap.0,0.7202090575785043
frame_08_Zr_encoder.context_cutoff_012.ap.1,0.9945969316645302
frame_08_Zr_encoder.context_cutoff_012.ap.2,0.7914658224743703
frame_08_Zr_encoder.context_cutoff_012.ap.3,
frame_08_Zr_encoder.context_cutoff_012.ap.4,
frame_08_Zr_encoder.context_cutoff_012.ap.5,0.5562258466455268
frame_08_Zr_encoder.context_cutoff_012.ap.6,0.36690735688281234
frame_08_Zr_encoder.spatial.auc,0.5101267599539433
frame_08_Zr_encoder.spatial.pairs,1617
frame_08_Zr_encoder.spatial.changed_pairs,725
frame_08_Zr_encoder.spatial.bins,5
frame_08_Zr_encoder.spatial.same_label_normalized_distance,0.3752935241251002
frame_08_Zr_encoder.nonbulk_spatial.auc,0.484162149263935
frame_08_Zr_encoder.nonbulk_spatial.pairs,1472
frame_08_Zr_encoder.nonbulk_spatial.changed_pairs,708
frame_08_Zr_encoder.nonbulk_spatial.bins,5
frame_08_Zr_encoder.nonbulk_spatial.same_label_normalized_distance,0.7089474381418379
frame_08_Zr_encoder.shuffled_spatial.auc,0.4954550892804682
frame_08_Zr_encoder.shuffled_spatial.pairs,1472
frame_08_Zr_encoder.shuffled_spatial.changed_pairs,708
frame_08_Zr_encoder.shuffled_spatial.bins,5
frame_08_Zr_encoder.shuffled_spatial.same_label_normalized_distance,0.7728022430863947
frame_08_Zr_encoder.collapsed_spatial.auc,0.5
frame_08_Zr_encoder.collapsed_spatial.pairs,1472
frame_08_Zr_encoder.collapsed_spatial.changed_pairs,708
frame_08_Zr_encoder.collapsed_spatial.bins,5
frame_08_Zr_encoder.collapsed_spatial.same_label_normalized_distance,
frame_08_Zr_encoder.liquid_topology.train_count,308
frame_08_Zr_encoder.liquid_topology.test_count,389
frame_08_Zr_encoder.liquid_topology.conditional_r2_gain,-1.9357495307922363
frame_08_Zr_encoder.liquid_topology.mean_r2,-1.9840009212493896
frame_08_Zr_encoder.nonbulk_cluster_ami,0.22403772101714595
frame_08_Zr_encoder.continuity.0.0001.pair_rms,5.906485108777611
frame_08_Zr_encoder.continuity.0.0001.normalized_median,0.00012887796952857627
frame_08_Zr_encoder.continuity.0.0001.normalized_p95,0.024297994606291572
frame_08_Zr_encoder.continuity.0.01.pair_rms,5.906485108777611
frame_08_Zr_encoder.continuity.0.01.normalized_median,0.1012950316405022
frame_08_Zr_encoder.continuity.0.01.normalized_p95,0.26012725361473865
frame_08_Zr_encoder.continuity.0.1.pair_rms,5.906485108777611
frame_08_Zr_encoder.continuity.0.1.normalized_median,0.2530861073373211
frame_08_Zr_encoder.continuity.0.1.normalized_p95,0.6251599657452687
frame_08_Zr_encoder.triad_index_switch_fraction_1e4_A,0.0021158854942768812
frame_08_Zr_projector.collapse.effective_rank,2.467566261504283
frame_08_Zr_projector.collapse.variance,62.055675977130825
frame_08_Zr_projector.collapse.pair_rms,11.140527454041916
frame_08_Zr_projector.liquid_collapse.effective_rank,3.2227262541557686
frame_08_Zr_projector.liquid_collapse.variance,16.149394452992624
frame_08_Zr_projector.liquid_collapse.pair_rms,5.683202346035662
frame_08_Zr_projector.reference_coverage.liquid_fraction,0.739990234375
frame_08_Zr_projector.reference_coverage.cutoff_stable_fraction,0.935791015625
frame_08_Zr_projector.context.counts.0.train,576
frame_08_Zr_projector.context.counts.0.test,733
frame_08_Zr_projector.context.counts.1.train,446
frame_08_Zr_projector.context.counts.1.test,156
frame_08_Zr_projector.context.counts.2.train,211
frame_08_Zr_projector.context.counts.2.test,150
frame_08_Zr_projector.context.counts.3.train,0
frame_08_Zr_projector.context.counts.3.test,0
frame_08_Zr_projector.context.counts.4.train,0
frame_08_Zr_projector.context.counts.4.test,0
frame_08_Zr_projector.context.counts.5.train,321
frame_08_Zr_projector.context.counts.5.test,392
frame_08_Zr_projector.context.counts.6.train,331
frame_08_Zr_projector.context.counts.6.test,386
frame_08_Zr_projector.context.test_coverage,1.0
frame_08_Zr_projector.context.balanced_accuracy,0.6891977893143721
frame_08_Zr_projector.context.ap.0,0.6550749442535319
frame_08_Zr_projector.context.ap.1,0.9982413869357958
frame_08_Zr_projector.context.ap.2,0.9222993814301086
frame_08_Zr_projector.context.ap.3,
frame_08_Zr_projector.context.ap.4,
frame_08_Zr_projector.context.ap.5,0.4635959918288019
frame_08_Zr_projector.context.ap.6,0.5344921741162001
frame_08_Zr_projector.ptm.counts.0.train,1351
frame_08_Zr_projector.ptm.counts.0.test,1587
frame_08_Zr_projector.ptm.counts.1.train,0
frame_08_Zr_projector.ptm.counts.1.test,1
frame_08_Zr_projector.ptm.counts.2.train,1
frame_08_Zr_projector.ptm.counts.2.test,2
frame_08_Zr_projector.ptm.counts.3.train,525
frame_08_Zr_projector.ptm.counts.3.test,213
frame_08_Zr_projector.ptm.counts.4.train,8
frame_08_Zr_projector.ptm.counts.4.test,14
frame_08_Zr_projector.ptm.test_coverage,0.9906439185470556
frame_08_Zr_projector.ptm.balanced_accuracy,0.956597175998651
frame_08_Zr_projector.ptm.ap.0,0.9919449990410931
frame_08_Zr_projector.ptm.ap.1,
frame_08_Zr_projector.ptm.ap.2,
frame_08_Zr_projector.ptm.ap.3,0.9777052398486332
frame_08_Zr_projector.ptm.ap.4,
frame_08_Zr_projector.liquid_order.train_count,1228
frame_08_Zr_projector.liquid_order.test_count,1511
frame_08_Zr_projector.liquid_order.conditional_r2_gain,0.15732014179229736
frame_08_Zr_projector.liquid_order.mean_r2,0.1734113246202469
frame_08_Zr_projector.context_cutoff_008.counts.0.train,577
frame_08_Zr_projector.context_cutoff_008.counts.0.test,733
frame_08_Zr_projector.context_cutoff_008.counts.1.train,432
frame_08_Zr_projector.context_cutoff_008.counts.1.test,150
frame_08_Zr_projector.context_cutoff_008.counts.2.train,195
frame_08_Zr_projector.context_cutoff_008.counts.2.test,121
frame_08_Zr_projector.context_cutoff_008.counts.3.train,0
frame_08_Zr_projector.context_cutoff_008.counts.3.test,0
frame_08_Zr_projector.context_cutoff_008.counts.4.train,0
frame_08_Zr_projector.context_cutoff_008.counts.4.test,0
frame_08_Zr_projector.context_cutoff_008.counts.5.train,321
frame_08_Zr_projector.context_cutoff_008.counts.5.test,392
frame_08_Zr_projector.context_cutoff_008.counts.6.train,360
frame_08_Zr_projector.context_cutoff_008.counts.6.test,421
frame_08_Zr_projector.context_cutoff_008.test_coverage,1.0
frame_08_Zr_projector.context_cutoff_008.balanced_accuracy,0.7118604506416679
frame_08_Zr_projector.context_cutoff_008.ap.0,0.6551381577039204
frame_08_Zr_projector.context_cutoff_008.ap.1,0.9981168055604006
frame_08_Zr_projector.context_cutoff_008.ap.2,0.9618798793670965
frame_08_Zr_projector.context_cutoff_008.ap.3,
frame_08_Zr_projector.context_cutoff_008.ap.4,
frame_08_Zr_projector.context_cutoff_008.ap.5,0.461612900493071
frame_08_Zr_projector.context_cutoff_008.ap.6,0.6250957334735132
frame_08_Zr_projector.context_cutoff_010.counts.0.train,576
frame_08_Zr_projector.context_cutoff_010.counts.0.test,733
frame_08_Zr_projector.context_cutoff_010.counts.1.train,446
frame_08_Zr_projector.context_cutoff_010.counts.1.test,156
frame_08_Zr_projector.context_cutoff_010.counts.2.train,211
frame_08_Zr_projector.context_cutoff_010.counts.2.test,150
frame_08_Zr_projector.context_cutoff_010.counts.3.train,0
frame_08_Zr_projector.context_cutoff_010.counts.3.test,0
frame_08_Zr_projector.context_cutoff_010.counts.4.train,0
frame_08_Zr_projector.context_cutoff_010.counts.4.test,0
frame_08_Zr_projector.context_cutoff_010.counts.5.train,321
frame_08_Zr_projector.context_cutoff_010.counts.5.test,392
frame_08_Zr_projector.context_cutoff_010.counts.6.train,331
frame_08_Zr_projector.context_cutoff_010.counts.6.test,386
frame_08_Zr_projector.context_cutoff_010.test_coverage,1.0
frame_08_Zr_projector.context_cutoff_010.balanced_accuracy,0.6891977893143721
frame_08_Zr_projector.context_cutoff_010.ap.0,0.6550749442535319
frame_08_Zr_projector.context_cutoff_010.ap.1,0.9982413869357958
frame_08_Zr_projector.context_cutoff_010.ap.2,0.9222993814301086
frame_08_Zr_projector.context_cutoff_010.ap.3,
frame_08_Zr_projector.context_cutoff_010.ap.4,
frame_08_Zr_projector.context_cutoff_010.ap.5,0.4635959918288019
frame_08_Zr_projector.context_cutoff_010.ap.6,0.5344921741162001
frame_08_Zr_projector.context_cutoff_012.counts.0.train,573
frame_08_Zr_projector.context_cutoff_012.counts.0.test,726
frame_08_Zr_projector.context_cutoff_012.counts.1.train,456
frame_08_Zr_projector.context_cutoff_012.counts.1.test,163
frame_08_Zr_projector.context_cutoff_012.counts.2.train,264
frame_08_Zr_projector.context_cutoff_012.counts.2.test,220
frame_08_Zr_projector.context_cutoff_012.counts.3.train,0
frame_08_Zr_projector.context_cutoff_012.counts.3.test,0
frame_08_Zr_projector.context_cutoff_012.counts.4.train,2
frame_08_Zr_projector.context_cutoff_012.counts.4.test,0
frame_08_Zr_projector.context_cutoff_012.counts.5.train,319
frame_08_Zr_projector.context_cutoff_012.counts.5.test,390
frame_08_Zr_projector.context_cutoff_012.counts.6.train,271
frame_08_Zr_projector.context_cutoff_012.counts.6.test,318
frame_08_Zr_projector.context_cutoff_012.test_coverage,1.0
frame_08_Zr_projector.context_cutoff_012.balanced_accuracy,0.6429868904452453
frame_08_Zr_projector.context_cutoff_012.ap.0,0.6516528966036547
frame_08_Zr_projector.context_cutoff_012.ap.1,0.992971655684406
frame_08_Zr_projector.context_cutoff_012.ap.2,0.8148336999008182
frame_08_Zr_projector.context_cutoff_012.ap.3,
frame_08_Zr_projector.context_cutoff_012.ap.4,
frame_08_Zr_projector.context_cutoff_012.ap.5,0.4639305997065454
frame_08_Zr_projector.context_cutoff_012.ap.6,0.3909600031244963
frame_08_Zr_projector.spatial.auc,0.5558733526568367
frame_08_Zr_projector.spatial.pairs,1617
frame_08_Zr_projector.spatial.changed_pairs,725
frame_08_Zr_projector.spatial.bins,5
frame_08_Zr_projector.spatial.same_label_normalized_distance,0.472078699600067
frame_08_Zr_projector.nonbulk_spatial.auc,0.5038937685703758
frame_08_Zr_projector.nonbulk_spatial.pairs,1472
frame_08_Zr_projector.nonbulk_spatial.changed_pairs,708
frame_08_Zr_projector.nonbulk_spatial.bins,5
frame_08_Zr_projector.nonbulk_spatial.same_label_normalized_distance,0.5667688574767349
frame_08_Zr_projector.shuffled_spatial.auc,0.4901228268510983
frame_08_Zr_projector.shuffled_spatial.pairs,1472
frame_08_Zr_projector.shuffled_spatial.changed_pairs,708
frame_08_Zr_projector.shuffled_spatial.bins,5
frame_08_Zr_projector.shuffled_spatial.same_label_normalized_distance,0.8350438505937972
frame_08_Zr_projector.collapsed_spatial.auc,0.5
frame_08_Zr_projector.collapsed_spatial.pairs,1472
frame_08_Zr_projector.collapsed_spatial.changed_pairs,708
frame_08_Zr_projector.collapsed_spatial.bins,5
frame_08_Zr_projector.collapsed_spatial.same_label_normalized_distance,
frame_08_Zr_projector.liquid_topology.train_count,308
frame_08_Zr_projector.liquid_topology.test_count,389
frame_08_Zr_projector.liquid_topology.conditional_r2_gain,-0.4265866279602051
frame_08_Zr_projector.liquid_topology.mean_r2,-0.46554461121559143
frame_08_Zr_projector.nonbulk_cluster_ami,0.19277754566121055
frame_08_Zr_projector.continuity.0.0001.pair_rms,11.266947780857118
frame_08_Zr_projector.continuity.0.0001.normalized_median,0.0001694932695276593
frame_08_Zr_projector.continuity.0.0001.normalized_p95,0.020829978056878452
frame_08_Zr_projector.continuity.0.01.pair_rms,11.266947780857118
frame_08_Zr_projector.continuity.0.01.normalized_median,0.09934986537847983
frame_08_Zr_projector.continuity.0.01.normalized_p95,0.3944130893865864
frame_08_Zr_projector.continuity.0.1.pair_rms,11.266947780857118
frame_08_Zr_projector.continuity.0.1.normalized_median,0.30477274767134455
frame_08_Zr_projector.continuity.0.1.normalized_p95,0.7093436011541635
frame_08_Zr_projector.triad_index_switch_fraction_1e4_A,0.0021158854942768812
prediction_encoder.future_residual_9ps.groups.all.rows,960
prediction_encoder.future_residual_9ps.groups.all.sources,15
prediction_encoder.future_residual_9ps.groups.all.mse,1.3762116138765124
prediction_encoder.future_residual_9ps.groups.PTM_other.rows,686
prediction_encoder.future_residual_9ps.groups.PTM_other.sources,15
prediction_encoder.future_residual_9ps.groups.PTM_other.mse,1.7648450264077966
prediction_encoder.future_residual_9ps.groups.PTM_crystalline.rows,274
prediction_encoder.future_residual_9ps.groups.PTM_crystalline.sources,13
prediction_encoder.future_residual_9ps.groups.PTM_crystalline.mse,0.6105524297559966
prediction_encoder.future_residual_9ps.groups.T400.rows,192
prediction_encoder.future_residual_9ps.groups.T400.sources,3
prediction_encoder.future_residual_9ps.groups.T400.mse,1.5341842252916345
prediction_encoder.future_residual_9ps.groups.T450.rows,192
prediction_encoder.future_residual_9ps.groups.T450.sources,3
prediction_encoder.future_residual_9ps.groups.T450.mse,1.3120466640490729
prediction_encoder.future_residual_9ps.groups.T500.rows,192
prediction_encoder.future_residual_9ps.groups.T500.sources,3
prediction_encoder.future_residual_9ps.groups.T500.mse,1.227397252980154
prediction_encoder.future_residual_9ps.groups.T510.rows,192
prediction_encoder.future_residual_9ps.groups.T510.sources,3
prediction_encoder.future_residual_9ps.groups.T510.mse,1.2662934388305682
prediction_encoder.future_residual_9ps.groups.T520.rows,192
prediction_encoder.future_residual_9ps.groups.T520.sources,3
prediction_encoder.future_residual_9ps.groups.T520.mse,1.5411364882311318
prediction_encoder.future_residual_9ps.per_source.876,1.3428822755813599
prediction_encoder.future_residual_9ps.per_source.878,1.8061201572418213
prediction_encoder.future_residual_9ps.per_source.879,1.4744070768356323
prediction_encoder.future_residual_9ps.per_source.902,1.6318764686584473
prediction_encoder.future_residual_9ps.per_source.903,1.4357110261917114
prediction_encoder.future_residual_9ps.per_source.906,1.5349652767181396
prediction_encoder.future_residual_9ps.per_source.935,1.5808972120285034
prediction_encoder.future_residual_9ps.per_source.936,1.3671295642852783
prediction_encoder.future_residual_9ps.per_source.937,0.988113284111023
prediction_encoder.future_residual_9ps.per_source.963,0.6947014331817627
prediction_encoder.future_residual_9ps.per_source.965,1.5664842128753662
prediction_encoder.future_residual_9ps.per_source.967,1.421006202697754
prediction_encoder.future_residual_9ps.per_source.992,0.775705099105835
prediction_encoder.future_residual_9ps.per_source.994,1.3226319551467896
prediction_encoder.future_residual_9ps.per_source.997,1.7005432844161987
prediction_encoder.residual_constant.groups.all.rows,960
prediction_encoder.residual_constant.groups.all.sources,15
prediction_encoder.residual_constant.groups.all.mse,1.332023421890335
prediction_encoder.residual_constant.groups.PTM_other.rows,686
prediction_encoder.residual_constant.groups.PTM_other.sources,15
prediction_encoder.residual_constant.groups.PTM_other.mse,1.7201624557924204
prediction_encoder.residual_constant.groups.PTM_crystalline.rows,274
prediction_encoder.residual_constant.groups.PTM_crystalline.sources,13
prediction_encoder.residual_constant.groups.PTM_crystalline.mse,0.6290717859534679
prediction_encoder.residual_constant.groups.T400.rows,192
prediction_encoder.residual_constant.groups.T400.sources,3
prediction_encoder.residual_constant.groups.T400.mse,1.4719453435391188
prediction_encoder.residual_constant.groups.T450.rows,192
prediction_encoder.residual_constant.groups.T450.sources,3
prediction_encoder.residual_constant.groups.T450.mse,1.296212443509527
prediction_encoder.residual_constant.groups.T500.rows,192
prediction_encoder.residual_constant.groups.T500.sources,3
prediction_encoder.residual_constant.groups.T500.mse,1.1845963720988948
prediction_encoder.residual_constant.groups.T510.rows,192
prediction_encoder.residual_constant.groups.T510.sources,3
prediction_encoder.residual_constant.groups.T510.mse,1.227402587159304
prediction_encoder.residual_constant.groups.T520.rows,192
prediction_encoder.residual_constant.groups.T520.sources,3
prediction_encoder.residual_constant.groups.T520.mse,1.479960363144831
prediction_encoder.residual_constant.per_source.876,1.2510082721710205
prediction_encoder.residual_constant.per_source.878,1.784614086151123
prediction_encoder.residual_constant.per_source.879,1.4042587280273438
prediction_encoder.residual_constant.per_source.902,1.5010030269622803
prediction_encoder.residual_constant.per_source.903,1.3775594234466553
prediction_encoder.residual_constant.per_source.906,1.537273645401001
prediction_encoder.residual_constant.per_source.935,1.6242361068725586
prediction_encoder.residual_constant.per_source.936,1.31929349899292
prediction_encoder.residual_constant.per_source.937,0.9451076984405518
prediction_encoder.residual_constant.per_source.963,0.6611502170562744
prediction_encoder.residual_constant.per_source.965,1.5156984329223633
prediction_encoder.residual_constant.per_source.967,1.3769402503967285
prediction_encoder.residual_constant.per_source.992,0.6967796087265015
prediction_encoder.residual_constant.per_source.994,1.2939176559448242
prediction_encoder.residual_constant.per_source.997,1.6915104389190674
prediction_encoder.conditional_hazard.rows,643
prediction_encoder.conditional_hazard.events_12ps,18
prediction_encoder.conditional_hazard.nll,0.17994632699942595
prediction_encoder.conditional_hazard.best_step,128
prediction_encoder.conditional_hazard.tuning_nll,0.24538177641386855
prediction_encoder.conditional_hazard.per_source.876,0.03335683047771454
prediction_encoder.conditional_hazard.per_source.878,0.12429793924093246
prediction_encoder.conditional_hazard.per_source.879,0.019962675869464874
prediction_encoder.conditional_hazard.per_source.902,0.02104717120528221
prediction_encoder.conditional_hazard.per_source.903,0.0217448677867651
prediction_encoder.conditional_hazard.per_source.906,0.04837187007069588
prediction_encoder.conditional_hazard.per_source.935,0.4595656394958496
prediction_encoder.conditional_hazard.per_source.936,0.26642969250679016
prediction_encoder.conditional_hazard.per_source.937,0.15942953526973724
prediction_encoder.conditional_hazard.per_source.963,0.07232577353715897
prediction_encoder.conditional_hazard.per_source.965,0.5761839747428894
prediction_encoder.conditional_hazard.per_source.967,0.2896740734577179
prediction_encoder.conditional_hazard.per_source.992,0.12487205117940903
prediction_encoder.conditional_hazard.per_source.994,0.1678788959980011
prediction_encoder.conditional_hazard.per_source.997,0.31405404210090637
prediction_encoder.conditional_hazard.horizons.0.75.n,643
prediction_encoder.conditional_hazard.horizons.0.75.sources,15
prediction_encoder.conditional_hazard.horizons.0.75.prevalence,0.0
prediction_encoder.conditional_hazard.horizons.0.75.log_loss,0.0028975926641323993
prediction_encoder.conditional_hazard.horizons.0.75.brier,0.0002019100707766157
prediction_encoder.conditional_hazard.horizons.0.75.average_precision,
prediction_encoder.conditional_hazard.horizons.0.75.threshold,0.004435830749571323
prediction_encoder.conditional_hazard.horizons.0.75.recall,
prediction_encoder.conditional_hazard.horizons.0.75.false_positive_rate,0.08678513055645372
prediction_encoder.conditional_hazard.horizons.0.75.precision,0.0
prediction_encoder.conditional_hazard.horizons.0.75.events,0
prediction_encoder.conditional_hazard.horizons.0.75.missed,0
prediction_encoder.conditional_hazard.horizons.0.75.detected_timing_mae_ps,
prediction_encoder.conditional_hazard.horizons.0.75.timed_within_3ps_recall,
prediction_encoder.conditional_hazard.horizons.3.0.n,643
prediction_encoder.conditional_hazard.horizons.3.0.sources,15
prediction_encoder.conditional_hazard.horizons.3.0.prevalence,0.004964157706093189
prediction_encoder.conditional_hazard.horizons.3.0.log_loss,0.03303776731653383
prediction_encoder.conditional_hazard.horizons.3.0.brier,0.007478137040999102
prediction_encoder.conditional_hazard.horizons.3.0.average_precision,0.059748122649534045
prediction_encoder.conditional_hazard.horizons.3.0.threshold,0.03130031004548073
prediction_encoder.conditional_hazard.horizons.3.0.recall,1.0
prediction_encoder.conditional_hazard.horizons.3.0.false_positive_rate,0.06641098762506736
prediction_encoder.conditional_hazard.horizons.3.0.precision,0.06987296524496184
prediction_encoder.conditional_hazard.horizons.3.0.events,3
prediction_encoder.conditional_hazard.horizons.3.0.missed,0
prediction_encoder.conditional_hazard.horizons.3.0.detected_timing_mae_ps,0.30498898956008663
prediction_encoder.conditional_hazard.horizons.3.0.timed_within_3ps_recall,1.0
prediction_encoder.conditional_hazard.horizons.6.0.n,643
prediction_encoder.conditional_hazard.horizons.6.0.sources,15
prediction_encoder.conditional_hazard.horizons.6.0.prevalence,0.012423636212083323
prediction_encoder.conditional_hazard.horizons.6.0.log_loss,0.0635765716321231
prediction_encoder.conditional_hazard.horizons.6.0.brier,0.015338445505696479
prediction_encoder.conditional_hazard.horizons.6.0.average_precision,0.1005700696973697
prediction_encoder.conditional_hazard.horizons.6.0.threshold,0.06686144322156906
prediction_encoder.conditional_hazard.horizons.6.0.recall,0.6869765966660771
prediction_encoder.conditional_hazard.horizons.6.0.false_positive_rate,0.062366797591396114
prediction_encoder.conditional_hazard.horizons.6.0.precision,0.1217046372304905
prediction_encoder.conditional_hazard.horizons.6.0.events,7
prediction_encoder.conditional_hazard.horizons.6.0.missed,2
prediction_encoder.conditional_hazard.horizons.6.0.detected_timing_mae_ps,1.2217385522693711
prediction_encoder.conditional_hazard.horizons.6.0.timed_within_3ps_recall,0.7142857142857143
prediction_encoder.conditional_hazard.horizons.9.0.n,643
prediction_encoder.conditional_hazard.horizons.9.0.sources,15
prediction_encoder.conditional_hazard.horizons.9.0.prevalence,0.02264552139352361
prediction_encoder.conditional_hazard.horizons.9.0.log_loss,0.10783256006112096
prediction_encoder.conditional_hazard.horizons.9.0.brier,0.024880324021633482
prediction_encoder.conditional_hazard.horizons.9.0.average_precision,0.09253011766707162
prediction_encoder.conditional_hazard.horizons.9.0.threshold,0.0819869413971901
prediction_encoder.conditional_hazard.horizons.9.0.recall,0.4453478789398908
prediction_encoder.conditional_hazard.horizons.9.0.false_positive_rate,0.056594668000948235
prediction_encoder.conditional_hazard.horizons.9.0.precision,0.1542112305961382
prediction_encoder.conditional_hazard.horizons.9.0.events,13
prediction_encoder.conditional_hazard.horizons.9.0.missed,7
prediction_encoder.conditional_hazard.horizons.9.0.detected_timing_mae_ps,2.0655519017813924
prediction_encoder.conditional_hazard.horizons.9.0.timed_within_3ps_recall,0.3076923076923077
prediction_encoder.conditional_hazard.horizons.12.0.n,643
prediction_encoder.conditional_hazard.horizons.12.0.sources,15
prediction_encoder.conditional_hazard.horizons.12.0.prevalence,0.032479084681539046
prediction_encoder.conditional_hazard.horizons.12.0.log_loss,0.13385878279430824
prediction_encoder.conditional_hazard.horizons.12.0.brier,0.032120792652575766
prediction_encoder.conditional_hazard.horizons.12.0.average_precision,0.1654622274877209
prediction_encoder.conditional_hazard.horizons.12.0.threshold,0.08775956928730011
prediction_encoder.conditional_hazard.horizons.12.0.recall,0.4312530259051907
prediction_encoder.conditional_hazard.horizons.12.0.false_positive_rate,0.05311666424452109
prediction_encoder.conditional_hazard.horizons.12.0.precision,0.21417571582097325
prediction_encoder.conditional_hazard.horizons.12.0.events,18
prediction_encoder.conditional_hazard.horizons.12.0.missed,11
prediction_encoder.conditional_hazard.horizons.12.0.detected_timing_mae_ps,2.6790168613794187
prediction_encoder.conditional_hazard.horizons.12.0.timed_within_3ps_recall,0.2222222222222222
prediction_encoder.temporal_response.low_change_threshold,1.2580139935016632
prediction_encoder.temporal_response.high_change_threshold,4.198172450065613
prediction_encoder.temporal_response.domains.all.pairs,720
prediction_encoder.temporal_response.domains.all.quiet,103
prediction_encoder.temporal_response.domains.all.changed,176
prediction_encoder.temporal_response.domains.all.change_distance_spearman,0.49581094870939174
prediction_encoder.temporal_response.domains.all.response_auc,0.8490732568402471
prediction_encoder.temporal_response.domains.all.quiet_normalized_distance,0.3254641641058374
prediction_encoder.temporal_response.domains.all.changed_normalized_distance,1.0161846853205594
prediction_encoder.temporal_response.domains.both_PTM_other.pairs,437
prediction_encoder.temporal_response.domains.both_PTM_other.quiet,15
prediction_encoder.temporal_response.domains.both_PTM_other.changed,67
prediction_encoder.temporal_response.domains.both_PTM_other.change_distance_spearman,0.16772115222294662
prediction_encoder.temporal_response.domains.both_PTM_other.response_auc,0.6925373134328359
prediction_encoder.temporal_response.domains.both_PTM_other.quiet_normalized_distance,0.2438866386529881
prediction_encoder.temporal_response.domains.both_PTM_other.changed_normalized_distance,0.377915264167213
prediction_projector.future_residual_9ps.groups.all.rows,960
prediction_projector.future_residual_9ps.groups.all.sources,15
prediction_projector.future_residual_9ps.groups.all.mse,1.331344915399677
prediction_projector.future_residual_9ps.groups.PTM_other.rows,686
prediction_projector.future_residual_9ps.groups.PTM_other.sources,15
prediction_projector.future_residual_9ps.groups.PTM_other.mse,1.721732756989979
prediction_projector.future_residual_9ps.groups.PTM_crystalline.rows,274
prediction_projector.future_residual_9ps.groups.PTM_crystalline.sources,13
prediction_projector.future_residual_9ps.groups.PTM_crystalline.mse,0.44584367913061973
prediction_projector.future_residual_9ps.groups.T400.rows,192
prediction_projector.future_residual_9ps.groups.T400.sources,3
prediction_projector.future_residual_9ps.groups.T400.mse,1.4696249519474804
prediction_projector.future_residual_9ps.groups.T450.rows,192
prediction_projector.future_residual_9ps.groups.T450.sources,3
prediction_projector.future_residual_9ps.groups.T450.mse,1.2841886627187098
prediction_projector.future_residual_9ps.groups.T500.rows,192
prediction_projector.future_residual_9ps.groups.T500.sources,3
prediction_projector.future_residual_9ps.groups.T500.mse,1.1875513212289661
prediction_projector.future_residual_9ps.groups.T510.rows,192
prediction_projector.future_residual_9ps.groups.T510.sources,3
prediction_projector.future_residual_9ps.groups.T510.mse,1.2205905490748894
prediction_projector.future_residual_9ps.groups.T520.rows,192
prediction_projector.future_residual_9ps.groups.T520.sources,3
prediction_projector.future_residual_9ps.groups.T520.mse,1.4947690920283396
prediction_projector.future_residual_9ps.per_source.876,1.276733636856079
prediction_projector.future_residual_9ps.per_source.878,1.8041460514068604
prediction_projector.future_residual_9ps.per_source.879,1.4034273624420166
prediction_projector.future_residual_9ps.per_source.902,1.5173423290252686
prediction_projector.future_residual_9ps.per_source.903,1.3679239749908447
prediction_projector.future_residual_9ps.per_source.906,1.523608684539795
prediction_projector.future_residual_9ps.per_source.935,1.5743350982666016
prediction_projector.future_residual_9ps.per_source.936,1.3249683380126953
prediction_projector.future_residual_9ps.per_source.937,0.9532625675201416
prediction_projector.future_residual_9ps.per_source.963,0.6559044718742371
prediction_projector.future_residual_9ps.per_source.965,1.52170729637146
prediction_projector.future_residual_9ps.per_source.967,1.3850421905517578
prediction_projector.future_residual_9ps.per_source.992,0.6897388696670532
prediction_projector.future_residual_9ps.per_source.994,1.2706104516983032
prediction_projector.future_residual_9ps.per_source.997,1.7014223337173462
prediction_projector.residual_constant.groups.all.rows,960
prediction_projector.residual_constant.groups.all.sources,15
prediction_projector.residual_constant.groups.all.mse,1.332023421890335
prediction_projector.residual_constant.groups.PTM_other.rows,686
prediction_projector.residual_constant.groups.PTM_other.sources,15
prediction_projector.residual_constant.groups.PTM_other.mse,1.7201624557924204
prediction_projector.residual_constant.groups.PTM_crystalline.rows,274
prediction_projector.residual_constant.groups.PTM_crystalline.sources,13
prediction_projector.residual_constant.groups.PTM_crystalline.mse,0.6290717859534679
prediction_projector.residual_constant.groups.T400.rows,192
prediction_projector.residual_constant.groups.T400.sources,3
prediction_projector.residual_constant.groups.T400.mse,1.4719453435391188
prediction_projector.residual_constant.groups.T450.rows,192
prediction_projector.residual_constant.groups.T450.sources,3
prediction_projector.residual_constant.groups.T450.mse,1.296212443509527
prediction_projector.residual_constant.groups.T500.rows,192
prediction_projector.residual_constant.groups.T500.sources,3
prediction_projector.residual_constant.groups.T500.mse,1.1845963720988948
prediction_projector.residual_constant.groups.T510.rows,192
prediction_projector.residual_constant.groups.T510.sources,3
prediction_projector.residual_constant.groups.T510.mse,1.227402587159304
prediction_projector.residual_constant.groups.T520.rows,192
prediction_projector.residual_constant.groups.T520.sources,3
prediction_projector.residual_constant.groups.T520.mse,1.479960363144831
prediction_projector.residual_constant.per_source.876,1.2510082721710205
prediction_projector.residual_constant.per_source.878,1.784614086151123
prediction_projector.residual_constant.per_source.879,1.4042587280273438
prediction_projector.residual_constant.per_source.902,1.5010030269622803
prediction_projector.residual_constant.per_source.903,1.3775594234466553
prediction_projector.residual_constant.per_source.906,1.537273645401001
prediction_projector.residual_constant.per_source.935,1.6242361068725586
prediction_projector.residual_constant.per_source.936,1.31929349899292
prediction_projector.residual_constant.per_source.937,0.9451076984405518
prediction_projector.residual_constant.per_source.963,0.6611502170562744
prediction_projector.residual_constant.per_source.965,1.5156984329223633
prediction_projector.residual_constant.per_source.967,1.3769402503967285
prediction_projector.residual_constant.per_source.992,0.6967796087265015
prediction_projector.residual_constant.per_source.994,1.2939176559448242
prediction_projector.residual_constant.per_source.997,1.6915104389190674
prediction_projector.conditional_hazard.rows,643
prediction_projector.conditional_hazard.events_12ps,18
prediction_projector.conditional_hazard.nll,0.19559800495529914
prediction_projector.conditional_hazard.best_step,0
prediction_projector.conditional_hazard.tuning_nll,0.27174814963242233
prediction_projector.conditional_hazard.per_source.876,0.045317165553569794
prediction_projector.conditional_hazard.per_source.878,0.12049723416566849
prediction_projector.conditional_hazard.per_source.879,0.04531716927886009
prediction_projector.conditional_hazard.per_source.902,0.04531716927886009
prediction_projector.conditional_hazard.per_source.903,0.04531716927886009
prediction_projector.conditional_hazard.per_source.906,0.11370283365249634
prediction_projector.conditional_hazard.per_source.935,0.5063647031784058
prediction_projector.conditional_hazard.per_source.936,0.26027289032936096
prediction_projector.conditional_hazard.per_source.937,0.18313126266002655
prediction_projector.conditional_hazard.per_source.963,0.32834798097610474
prediction_projector.conditional_hazard.per_source.965,0.4947506785392761
prediction_projector.conditional_hazard.per_source.967,0.2519857585430145
prediction_projector.conditional_hazard.per_source.992,0.045317165553569794
prediction_projector.conditional_hazard.per_source.994,0.17193622887134552
prediction_projector.conditional_hazard.per_source.997,0.2763946056365967
prediction_projector.conditional_hazard.horizons.0.75.n,643
prediction_projector.conditional_hazard.horizons.0.75.sources,15
prediction_projector.conditional_hazard.horizons.0.75.prevalence,0.0
prediction_projector.conditional_hazard.horizons.0.75.log_loss,0.003913401680912204
prediction_projector.conditional_hazard.horizons.0.75.brier,1.5254916679774812e-05
prediction_projector.conditional_hazard.horizons.0.75.average_precision,
prediction_projector.conditional_hazard.horizons.0.75.threshold,0.0039057543035596613
prediction_projector.conditional_hazard.horizons.0.75.recall,
prediction_projector.conditional_hazard.horizons.0.75.false_positive_rate,0.0
prediction_projector.conditional_hazard.horizons.0.75.precision,
prediction_projector.conditional_hazard.horizons.0.75.events,0
prediction_projector.conditional_hazard.horizons.0.75.missed,0
prediction_projector.conditional_hazard.horizons.0.75.detected_timing_mae_ps,
prediction_projector.conditional_hazard.horizons.0.75.timed_within_3ps_recall,
prediction_projector.conditional_hazard.horizons.3.0.n,643
prediction_projector.conditional_hazard.horizons.3.0.sources,15
prediction_projector.conditional_hazard.horizons.3.0.prevalence,0.004964157706093189
prediction_projector.conditional_hazard.horizons.3.0.log_loss,0.03777881787235592
prediction_projector.conditional_hazard.horizons.3.0.brier,0.005101111639588548
prediction_projector.conditional_hazard.horizons.3.0.average_precision,0.00496415770609317
prediction_projector.conditional_hazard.horizons.3.0.threshold,0.017676230520009998
prediction_projector.conditional_hazard.horizons.3.0.recall,0.0
prediction_projector.conditional_hazard.horizons.3.0.false_positive_rate,0.0
prediction_projector.conditional_hazard.horizons.3.0.precision,
prediction_projector.conditional_hazard.horizons.3.0.events,3
prediction_projector.conditional_hazard.horizons.3.0.missed,3
prediction_projector.conditional_hazard.horizons.3.0.detected_timing_mae_ps,
prediction_projector.conditional_hazard.horizons.3.0.timed_within_3ps_recall,0.0
prediction_projector.conditional_hazard.horizons.6.0.n,643
prediction_projector.conditional_hazard.horizons.6.0.sources,15
prediction_projector.conditional_hazard.horizons.6.0.prevalence,0.012423636212083323
prediction_projector.conditional_hazard.horizons.6.0.log_loss,0.07235206248666551
prediction_projector.conditional_hazard.horizons.6.0.brier,0.012505624535516392
prediction_projector.conditional_hazard.horizons.6.0.average_precision,0.012423636212083278
prediction_projector.conditional_hazard.horizons.6.0.threshold,0.027796829119324688
prediction_projector.conditional_hazard.horizons.6.0.recall,0.0
prediction_projector.conditional_hazard.horizons.6.0.false_positive_rate,0.0
prediction_projector.conditional_hazard.horizons.6.0.precision,
prediction_projector.conditional_hazard.horizons.6.0.events,7
prediction_projector.conditional_hazard.horizons.6.0.missed,7
prediction_projector.conditional_hazard.horizons.6.0.detected_timing_mae_ps,
prediction_projector.conditional_hazard.horizons.6.0.timed_within_3ps_recall,0.0
prediction_projector.conditional_hazard.horizons.9.0.n,643
prediction_projector.conditional_hazard.horizons.9.0.sources,15
prediction_projector.conditional_hazard.horizons.9.0.prevalence,0.02264552139352361
prediction_projector.conditional_hazard.horizons.9.0.log_loss,0.11131956953968651
prediction_projector.conditional_hazard.horizons.9.0.brier,0.02232549930691915
prediction_projector.conditional_hazard.horizons.9.0.average_precision,0.022645521393523528
prediction_projector.conditional_hazard.horizons.9.0.threshold,0.03653067722916604
prediction_projector.conditional_hazard.horizons.9.0.recall,0.0
prediction_projector.conditional_hazard.horizons.9.0.false_positive_rate,0.0
prediction_projector.conditional_hazard.horizons.9.0.precision,
prediction_projector.conditional_hazard.horizons.9.0.events,13
prediction_projector.conditional_hazard.horizons.9.0.missed,13
prediction_projector.conditional_hazard.horizons.9.0.detected_timing_mae_ps,
prediction_projector.conditional_hazard.horizons.9.0.timed_within_3ps_recall,0.0
prediction_projector.conditional_hazard.horizons.12.0.n,643
prediction_projector.conditional_hazard.horizons.12.0.sources,15
prediction_projector.conditional_hazard.horizons.12.0.prevalence,0.032479084681539046
prediction_projector.conditional_hazard.horizons.12.0.log_loss,0.14507099669010734
prediction_projector.conditional_hazard.horizons.12.0.brier,0.03156406197200376
prediction_projector.conditional_hazard.horizons.12.0.average_precision,0.03247908468153893
prediction_projector.conditional_hazard.horizons.12.0.threshold,0.04430567473173142
prediction_projector.conditional_hazard.horizons.12.0.recall,0.0
prediction_projector.conditional_hazard.horizons.12.0.false_positive_rate,0.0
prediction_projector.conditional_hazard.horizons.12.0.precision,
prediction_projector.conditional_hazard.horizons.12.0.events,18
prediction_projector.conditional_hazard.horizons.12.0.missed,18
prediction_projector.conditional_hazard.horizons.12.0.detected_timing_mae_ps,
prediction_projector.conditional_hazard.horizons.12.0.timed_within_3ps_recall,0.0
prediction_projector.temporal_response.low_change_threshold,1.2580139935016632
prediction_projector.temporal_response.high_change_threshold,4.198172450065613
prediction_projector.temporal_response.domains.all.pairs,720
prediction_projector.temporal_response.domains.all.quiet,103
prediction_projector.temporal_response.domains.all.changed,176
prediction_projector.temporal_response.domains.all.change_distance_spearman,0.49622173666922686
prediction_projector.temporal_response.domains.all.response_auc,0.8377647837599294
prediction_projector.temporal_response.domains.all.quiet_normalized_distance,0.3367208096162829
prediction_projector.temporal_response.domains.all.changed_normalized_distance,0.9206816379117805
prediction_projector.temporal_response.domains.both_PTM_other.pairs,437
prediction_projector.temporal_response.domains.both_PTM_other.quiet,15
prediction_projector.temporal_response.domains.both_PTM_other.changed,67
prediction_projector.temporal_response.domains.both_PTM_other.change_distance_spearman,0.21504545743439638
prediction_projector.temporal_response.domains.both_PTM_other.response_auc,0.7512437810945274
prediction_projector.temporal_response.domains.both_PTM_other.quiet_normalized_distance,0.21448801206375512
prediction_projector.temporal_response.domains.both_PTM_other.changed_normalized_distance,0.46824676657367503
prediction_current_physics.future_residual_9ps.groups.all.rows,960
prediction_current_physics.future_residual_9ps.groups.all.sources,15
prediction_current_physics.future_residual_9ps.groups.all.mse,1.332023421868022
prediction_current_physics.future_residual_9ps.groups.PTM_other.rows,686
prediction_current_physics.future_residual_9ps.groups.PTM_other.sources,15
prediction_current_physics.future_residual_9ps.groups.PTM_other.mse,1.7201624557924204
prediction_current_physics.future_residual_9ps.groups.PTM_crystalline.rows,274
prediction_current_physics.future_residual_9ps.groups.PTM_crystalline.sources,13
prediction_current_physics.future_residual_9ps.groups.PTM_crystalline.mse,0.629071785891294
prediction_current_physics.future_residual_9ps.groups.T400.rows,192
prediction_current_physics.future_residual_9ps.groups.T400.sources,3
prediction_current_physics.future_residual_9ps.groups.T400.mse,1.4719453435391188
prediction_current_physics.future_residual_9ps.groups.T450.rows,192
prediction_current_physics.future_residual_9ps.groups.T450.sources,3
prediction_current_physics.future_residual_9ps.groups.T450.mse,1.2962124434319169
prediction_current_physics.future_residual_9ps.groups.T500.rows,192
prediction_current_physics.future_residual_9ps.groups.T500.sources,3
prediction_current_physics.future_residual_9ps.groups.T500.mse,1.1845963720600896
prediction_current_physics.future_residual_9ps.groups.T510.rows,192
prediction_current_physics.future_residual_9ps.groups.T510.sources,3
prediction_current_physics.future_residual_9ps.groups.T510.mse,1.2274025871641547
prediction_current_physics.future_residual_9ps.groups.T520.rows,192
prediction_current_physics.future_residual_9ps.groups.T520.sources,3
prediction_current_physics.future_residual_9ps.groups.T520.mse,1.479960363144831
prediction_current_physics.future_residual_9ps.per_source.876,1.2510082721710205
prediction_current_physics.future_residual_9ps.per_source.878,1.784614086151123
prediction_current_physics.future_residual_9ps.per_source.879,1.4042587280273438
prediction_current_physics.future_residual_9ps.per_source.902,1.5010030269622803
prediction_current_physics.future_residual_9ps.per_source.903,1.3775594234466553
prediction_current_physics.future_residual_9ps.per_source.906,1.537273645401001
prediction_current_physics.future_residual_9ps.per_source.935,1.6242361068725586
prediction_current_physics.future_residual_9ps.per_source.936,1.31929349899292
prediction_current_physics.future_residual_9ps.per_source.937,0.9451076984405518
prediction_current_physics.future_residual_9ps.per_source.963,0.6611502170562744
prediction_current_physics.future_residual_9ps.per_source.965,1.5156984329223633
prediction_current_physics.future_residual_9ps.per_source.967,1.3769402503967285
prediction_current_physics.future_residual_9ps.per_source.992,0.6967796087265015
prediction_current_physics.future_residual_9ps.per_source.994,1.2939176559448242
prediction_current_physics.future_residual_9ps.per_source.997,1.6915104389190674
prediction_current_physics.residual_constant.groups.all.rows,960
prediction_current_physics.residual_constant.groups.all.sources,15
prediction_current_physics.residual_constant.groups.all.mse,1.332023421890335
prediction_current_physics.residual_constant.groups.PTM_other.rows,686
prediction_current_physics.residual_constant.groups.PTM_other.sources,15
prediction_current_physics.residual_constant.groups.PTM_other.mse,1.7201624557924204
prediction_current_physics.residual_constant.groups.PTM_crystalline.rows,274
prediction_current_physics.residual_constant.groups.PTM_crystalline.sources,13
prediction_current_physics.residual_constant.groups.PTM_crystalline.mse,0.6290717859534679
prediction_current_physics.residual_constant.groups.T400.rows,192
prediction_current_physics.residual_constant.groups.T400.sources,3
prediction_current_physics.residual_constant.groups.T400.mse,1.4719453435391188
prediction_current_physics.residual_constant.groups.T450.rows,192
prediction_current_physics.residual_constant.groups.T450.sources,3
prediction_current_physics.residual_constant.groups.T450.mse,1.296212443509527
prediction_current_physics.residual_constant.groups.T500.rows,192
prediction_current_physics.residual_constant.groups.T500.sources,3
prediction_current_physics.residual_constant.groups.T500.mse,1.1845963720988948
prediction_current_physics.residual_constant.groups.T510.rows,192
prediction_current_physics.residual_constant.groups.T510.sources,3
prediction_current_physics.residual_constant.groups.T510.mse,1.227402587159304
prediction_current_physics.residual_constant.groups.T520.rows,192
prediction_current_physics.residual_constant.groups.T520.sources,3
prediction_current_physics.residual_constant.groups.T520.mse,1.479960363144831
prediction_current_physics.residual_constant.per_source.876,1.2510082721710205
prediction_current_physics.residual_constant.per_source.878,1.784614086151123
prediction_current_physics.residual_constant.per_source.879,1.4042587280273438
prediction_current_physics.residual_constant.per_source.902,1.5010030269622803
prediction_current_physics.residual_constant.per_source.903,1.3775594234466553
prediction_current_physics.residual_constant.per_source.906,1.537273645401001
prediction_current_physics.residual_constant.per_source.935,1.6242361068725586
prediction_current_physics.residual_constant.per_source.936,1.31929349899292
prediction_current_physics.residual_constant.per_source.937,0.9451076984405518
prediction_current_physics.residual_constant.per_source.963,0.6611502170562744
prediction_current_physics.residual_constant.per_source.965,1.5156984329223633
prediction_current_physics.residual_constant.per_source.967,1.3769402503967285
prediction_current_physics.residual_constant.per_source.992,0.6967796087265015
prediction_current_physics.residual_constant.per_source.994,1.2939176559448242
prediction_current_physics.residual_constant.per_source.997,1.6915104389190674
prediction_current_physics.conditional_hazard.rows,643
prediction_current_physics.conditional_hazard.events_12ps,18
prediction_current_physics.conditional_hazard.nll,0.19540325506963602
prediction_current_physics.conditional_hazard.best_step,128
prediction_current_physics.conditional_hazard.tuning_nll,0.2561934801151333
prediction_current_physics.conditional_hazard.per_source.876,0.03283444046974182
prediction_current_physics.conditional_hazard.per_source.878,0.10592883825302124
prediction_current_physics.conditional_hazard.per_source.879,0.027593081817030907
prediction_current_physics.conditional_hazard.per_source.902,0.026391858235001564
prediction_current_physics.conditional_hazard.per_source.903,0.02586611919105053
prediction_current_physics.conditional_hazard.per_source.906,0.09201586991548538
prediction_current_physics.conditional_hazard.per_source.935,0.5200216174125671
prediction_current_physics.conditional_hazard.per_source.936,0.27840831875801086
prediction_current_physics.conditional_hazard.per_source.937,0.12092452496290207
prediction_current_physics.conditional_hazard.per_source.963,0.31395724415779114
prediction_current_physics.conditional_hazard.per_source.965,0.5928173065185547
prediction_current_physics.conditional_hazard.per_source.967,0.2722397744655609
prediction_current_physics.conditional_hazard.per_source.992,0.06770939379930496
prediction_current_physics.conditional_hazard.per_source.994,0.16438837349414825
prediction_current_physics.conditional_hazard.per_source.997,0.28995203971862793
prediction_current_physics.conditional_hazard.horizons.0.75.n,643
prediction_current_physics.conditional_hazard.horizons.0.75.sources,15
prediction_current_physics.conditional_hazard.horizons.0.75.prevalence,0.0
prediction_current_physics.conditional_hazard.horizons.0.75.log_loss,0.0018221962342550454
prediction_current_physics.conditional_hazard.horizons.0.75.brier,2.572840217057089e-05
prediction_current_physics.conditional_hazard.horizons.0.75.average_precision,
prediction_current_physics.conditional_hazard.horizons.0.75.threshold,0.011828443966805935
prediction_current_physics.conditional_hazard.horizons.0.75.recall,
prediction_current_physics.conditional_hazard.horizons.0.75.false_positive_rate,0.03939854824595747
prediction_current_physics.conditional_hazard.horizons.0.75.precision,0.0
prediction_current_physics.conditional_hazard.horizons.0.75.events,0
prediction_current_physics.conditional_hazard.horizons.0.75.missed,0
prediction_current_physics.conditional_hazard.horizons.0.75.detected_timing_mae_ps,
prediction_current_physics.conditional_hazard.horizons.0.75.timed_within_3ps_recall,
prediction_current_physics.conditional_hazard.horizons.3.0.n,643
prediction_current_physics.conditional_hazard.horizons.3.0.sources,15
prediction_current_physics.conditional_hazard.horizons.3.0.prevalence,0.004964157706093189
prediction_current_physics.conditional_hazard.horizons.3.0.log_loss,0.033494891115670174
prediction_current_physics.conditional_hazard.horizons.3.0.brier,0.0052732243378661
prediction_current_physics.conditional_hazard.horizons.3.0.average_precision,0.011237196934333817
prediction_current_physics.conditional_hazard.horizons.3.0.threshold,0.046833887696266174
prediction_current_physics.conditional_hazard.horizons.3.0.recall,0.0
prediction_current_physics.conditional_hazard.horizons.3.0.false_positive_rate,0.03815384140465163
prediction_current_physics.conditional_hazard.horizons.3.0.precision,0.0
prediction_current_physics.conditional_hazard.horizons.3.0.events,3
prediction_current_physics.conditional_hazard.horizons.3.0.missed,3
prediction_current_physics.conditional_hazard.horizons.3.0.detected_timing_mae_ps,
prediction_current_physics.conditional_hazard.horizons.3.0.timed_within_3ps_recall,0.0
prediction_current_physics.conditional_hazard.horizons.6.0.n,643
prediction_current_physics.conditional_hazard.horizons.6.0.sources,15
prediction_current_physics.conditional_hazard.horizons.6.0.prevalence,0.012423636212083323
prediction_current_physics.conditional_hazard.horizons.6.0.log_loss,0.06261243348197096
prediction_current_physics.conditional_hazard.horizons.6.0.brier,0.012434480697318579
prediction_current_physics.conditional_hazard.horizons.6.0.average_precision,0.04987511646410167
prediction_current_physics.conditional_hazard.horizons.6.0.threshold,0.05409042909741402
prediction_current_physics.conditional_hazard.horizons.6.0.recall,0.28740294356240587
prediction_current_physics.conditional_hazard.horizons.6.0.false_positive_rate,0.05540425631475534
prediction_current_physics.conditional_hazard.horizons.6.0.precision,0.06125926536961312
prediction_current_physics.conditional_hazard.horizons.6.0.events,7
prediction_current_physics.conditional_hazard.horizons.6.0.missed,5
prediction_current_physics.conditional_hazard.horizons.6.0.detected_timing_mae_ps,1.1745945380067804
prediction_current_physics.conditional_hazard.horizons.6.0.timed_within_3ps_recall,0.2857142857142857
prediction_current_physics.conditional_hazard.horizons.9.0.n,643
prediction_current_physics.conditional_hazard.horizons.9.0.sources,15
prediction_current_physics.conditional_hazard.horizons.9.0.prevalence,0.02264552139352361
prediction_current_physics.conditional_hazard.horizons.9.0.log_loss,0.1065822724154313
prediction_current_physics.conditional_hazard.horizons.9.0.brier,0.02236764432895219
prediction_current_physics.conditional_hazard.horizons.9.0.average_precision,0.048694118083437384
prediction_current_physics.conditional_hazard.horizons.9.0.threshold,0.09030628204345703
prediction_current_physics.conditional_hazard.horizons.9.0.recall,0.08920978170896862
prediction_current_physics.conditional_hazard.horizons.9.0.false_positive_rate,0.04314545625272642
prediction_current_physics.conditional_hazard.horizons.9.0.precision,0.0457177123470904
prediction_current_physics.conditional_hazard.horizons.9.0.events,13
prediction_current_physics.conditional_hazard.horizons.9.0.missed,12
prediction_current_physics.conditional_hazard.horizons.9.0.detected_timing_mae_ps,0.17285206840809098
prediction_current_physics.conditional_hazard.horizons.9.0.timed_within_3ps_recall,0.07692307692307693
prediction_current_physics.conditional_hazard.horizons.12.0.n,643
prediction_current_physics.conditional_hazard.horizons.12.0.sources,15
prediction_current_physics.conditional_hazard.horizons.12.0.prevalence,0.032479084681539046
prediction_current_physics.conditional_hazard.horizons.12.0.log_loss,0.141430123894987
prediction_current_physics.conditional_hazard.horizons.12.0.brier,0.0315640730195752
prediction_current_physics.conditional_hazard.horizons.12.0.average_precision,0.06091461042254151
prediction_current_physics.conditional_hazard.horizons.12.0.threshold,0.10798215121030807
prediction_current_physics.conditional_hazard.horizons.12.0.recall,0.06220009092036677
prediction_current_physics.conditional_hazard.horizons.12.0.false_positive_rate,0.040060440428074225
prediction_current_physics.conditional_hazard.horizons.12.0.precision,0.04953962719041437
prediction_current_physics.conditional_hazard.horizons.12.0.events,18
prediction_current_physics.conditional_hazard.horizons.12.0.missed,17
prediction_current_physics.conditional_hazard.horizons.12.0.detected_timing_mae_ps,0.3691432520556992
prediction_current_physics.conditional_hazard.horizons.12.0.timed_within_3ps_recall,0.05555555555555555
prediction_current_physics.temporal_response.low_change_threshold,1.2580139935016632
prediction_current_physics.temporal_response.high_change_threshold,4.198172450065613
prediction_current_physics.temporal_response.domains.all.pairs,720
prediction_current_physics.temporal_response.domains.all.quiet,103
prediction_current_physics.temporal_response.domains.all.changed,176
prediction_current_physics.temporal_response.domains.all.change_distance_spearman,
prediction_current_physics.temporal_response.domains.all.response_auc,0.5
prediction_current_physics.temporal_response.domains.all.quiet_normalized_distance,
prediction_current_physics.temporal_response.domains.all.changed_normalized_distance,
prediction_current_physics.temporal_response.domains.both_PTM_other.pairs,437
prediction_current_physics.temporal_response.domains.both_PTM_other.quiet,15
prediction_current_physics.temporal_response.domains.both_PTM_other.changed,67
prediction_current_physics.temporal_response.domains.both_PTM_other.change_distance_spearman,
prediction_current_physics.temporal_response.domains.both_PTM_other.response_auc,0.5
prediction_current_physics.temporal_response.domains.both_PTM_other.quiet_normalized_distance,
prediction_current_physics.temporal_response.domains.both_PTM_other.changed_normalized_distance,
