metric,value
frame_00_Al_encoder.collapse.effective_rank,8.340252695789117
frame_00_Al_encoder.collapse.variance,1.7732111073239087
frame_00_Al_encoder.collapse.pair_rms,1.8831946831508997
frame_00_Al_encoder.liquid_collapse.effective_rank,8.351791123898254
frame_00_Al_encoder.liquid_collapse.variance,1.4601042749498678
frame_00_Al_encoder.liquid_collapse.pair_rms,1.7088617702727555
frame_00_Al_encoder.reference_coverage.liquid_fraction,0.9658203125
frame_00_Al_encoder.reference_coverage.cutoff_stable_fraction,0.939453125
frame_00_Al_encoder.context.counts.0.train,583
frame_00_Al_encoder.context.counts.0.test,579
frame_00_Al_encoder.context.counts.1.train,0
frame_00_Al_encoder.context.counts.1.test,0
frame_00_Al_encoder.context.counts.2.train,58
frame_00_Al_encoder.context.counts.2.test,55
frame_00_Al_encoder.context.counts.3.train,0
frame_00_Al_encoder.context.counts.3.test,4
frame_00_Al_encoder.context.counts.4.train,0
frame_00_Al_encoder.context.counts.4.test,0
frame_00_Al_encoder.context.counts.5.train,851
frame_00_Al_encoder.context.counts.5.test,871
frame_00_Al_encoder.context.counts.6.train,379
frame_00_Al_encoder.context.counts.6.test,376
frame_00_Al_encoder.context.test_coverage,0.9978779840848806
frame_00_Al_encoder.context.balanced_accuracy,0.49399109103951044
frame_00_Al_encoder.context.ap.0,0.49458667534680745
frame_00_Al_encoder.context.ap.1,
frame_00_Al_encoder.context.ap.2,0.20787944490696367
frame_00_Al_encoder.context.ap.3,
frame_00_Al_encoder.context.ap.4,
frame_00_Al_encoder.context.ap.5,0.7321195381832046
frame_00_Al_encoder.context.ap.6,0.40144407757227984
frame_00_Al_encoder.ptm.counts.0.train,1828
frame_00_Al_encoder.ptm.counts.0.test,1838
frame_00_Al_encoder.ptm.counts.1.train,9
frame_00_Al_encoder.ptm.counts.1.test,7
frame_00_Al_encoder.ptm.counts.2.train,9
frame_00_Al_encoder.ptm.counts.2.test,16
frame_00_Al_encoder.ptm.counts.3.train,0
frame_00_Al_encoder.ptm.counts.3.test,0
frame_00_Al_encoder.ptm.counts.4.train,25
frame_00_Al_encoder.ptm.counts.4.test,24
frame_00_Al_encoder.ptm.test_coverage,0.9877984084880637
frame_00_Al_encoder.ptm.balanced_accuracy,0.7794250997461009
frame_00_Al_encoder.ptm.ap.0,0.9651565643559491
frame_00_Al_encoder.ptm.ap.1,
frame_00_Al_encoder.ptm.ap.2,
frame_00_Al_encoder.ptm.ap.3,
frame_00_Al_encoder.ptm.ap.4,0.22469115906060722
frame_00_Al_encoder.liquid_order.train_count,1813
frame_00_Al_encoder.liquid_order.test_count,1826
frame_00_Al_encoder.liquid_order.conditional_r2_gain,0.20254488289356232
frame_00_Al_encoder.liquid_order.mean_r2,0.23844730854034424
frame_00_Al_encoder.context_cutoff_008.counts.0.train,583
frame_00_Al_encoder.context_cutoff_008.counts.0.test,580
frame_00_Al_encoder.context_cutoff_008.counts.1.train,0
frame_00_Al_encoder.context_cutoff_008.counts.1.test,0
frame_00_Al_encoder.context_cutoff_008.counts.2.train,20
frame_00_Al_encoder.context_cutoff_008.counts.2.test,19
frame_00_Al_encoder.context_cutoff_008.counts.3.train,0
frame_00_Al_encoder.context_cutoff_008.counts.3.test,4
frame_00_Al_encoder.context_cutoff_008.counts.4.train,0
frame_00_Al_encoder.context_cutoff_008.counts.4.test,0
frame_00_Al_encoder.context_cutoff_008.counts.5.train,854
frame_00_Al_encoder.context_cutoff_008.counts.5.test,874
frame_00_Al_encoder.context_cutoff_008.counts.6.train,414
frame_00_Al_encoder.context_cutoff_008.counts.6.test,408
frame_00_Al_encoder.context_cutoff_008.test_coverage,0.9978779840848806
frame_00_Al_encoder.context_cutoff_008.balanced_accuracy,0.5063297685522564
frame_00_Al_encoder.context_cutoff_008.ap.0,0.497012951671082
frame_00_Al_encoder.context_cutoff_008.ap.1,
frame_00_Al_encoder.context_cutoff_008.ap.2,
frame_00_Al_encoder.context_cutoff_008.ap.3,
frame_00_Al_encoder.context_cutoff_008.ap.4,
frame_00_Al_encoder.context_cutoff_008.ap.5,0.7357709630377575
frame_00_Al_encoder.context_cutoff_008.ap.6,0.5143718048208272
frame_00_Al_encoder.context_cutoff_010.counts.0.train,583
frame_00_Al_encoder.context_cutoff_010.counts.0.test,579
frame_00_Al_encoder.context_cutoff_010.counts.1.train,0
frame_00_Al_encoder.context_cutoff_010.counts.1.test,0
frame_00_Al_encoder.context_cutoff_010.counts.2.train,58
frame_00_Al_encoder.context_cutoff_010.counts.2.test,55
frame_00_Al_encoder.context_cutoff_010.counts.3.train,0
frame_00_Al_encoder.context_cutoff_010.counts.3.test,4
frame_00_Al_encoder.context_cutoff_010.counts.4.train,0
frame_00_Al_encoder.context_cutoff_010.counts.4.test,0
frame_00_Al_encoder.context_cutoff_010.counts.5.train,851
frame_00_Al_encoder.context_cutoff_010.counts.5.test,871
frame_00_Al_encoder.context_cutoff_010.counts.6.train,379
frame_00_Al_encoder.context_cutoff_010.counts.6.test,376
frame_00_Al_encoder.context_cutoff_010.test_coverage,0.9978779840848806
frame_00_Al_encoder.context_cutoff_010.balanced_accuracy,0.49399109103951044
frame_00_Al_encoder.context_cutoff_010.ap.0,0.49458667534680745
frame_00_Al_encoder.context_cutoff_010.ap.1,
frame_00_Al_encoder.context_cutoff_010.ap.2,0.20787944490696367
frame_00_Al_encoder.context_cutoff_010.ap.3,
frame_00_Al_encoder.context_cutoff_010.ap.4,
frame_00_Al_encoder.context_cutoff_010.ap.5,0.7321195381832046
frame_00_Al_encoder.context_cutoff_010.ap.6,0.40144407757227984
frame_00_Al_encoder.context_cutoff_012.counts.0.train,574
frame_00_Al_encoder.context_cutoff_012.counts.0.test,576
frame_00_Al_encoder.context_cutoff_012.counts.1.train,1
frame_00_Al_encoder.context_cutoff_012.counts.1.test,0
frame_00_Al_encoder.context_cutoff_012.counts.2.train,140
frame_00_Al_encoder.context_cutoff_012.counts.2.test,124
frame_00_Al_encoder.context_cutoff_012.counts.3.train,0
frame_00_Al_encoder.context_cutoff_012.counts.3.test,4
frame_00_Al_encoder.context_cutoff_012.counts.4.train,0
frame_00_Al_encoder.context_cutoff_012.counts.4.test,0
frame_00_Al_encoder.context_cutoff_012.counts.5.train,840
frame_00_Al_encoder.context_cutoff_012.counts.5.test,861
frame_00_Al_encoder.context_cutoff_012.counts.6.train,316
frame_00_Al_encoder.context_cutoff_012.counts.6.test,320
frame_00_Al_encoder.context_cutoff_012.test_coverage,0.9978779840848806
frame_00_Al_encoder.context_cutoff_012.balanced_accuracy,0.4893497866790304
frame_00_Al_encoder.context_cutoff_012.ap.0,0.48494075633757755
frame_00_Al_encoder.context_cutoff_012.ap.1,
frame_00_Al_encoder.context_cutoff_012.ap.2,0.3599340302515619
frame_00_Al_encoder.context_cutoff_012.ap.3,
frame_00_Al_encoder.context_cutoff_012.ap.4,
frame_00_Al_encoder.context_cutoff_012.ap.5,0.7292086505930281
frame_00_Al_encoder.context_cutoff_012.ap.6,0.312882005366229
frame_00_Al_encoder.planar_fault.counts.0.train,1862
frame_00_Al_encoder.planar_fault.counts.0.test,1869
frame_00_Al_encoder.planar_fault.counts.1.train,9
frame_00_Al_encoder.planar_fault.counts.1.test,12
frame_00_Al_encoder.planar_fault.counts.2.train,0
frame_00_Al_encoder.planar_fault.counts.2.test,1
frame_00_Al_encoder.planar_fault.counts.3.train,0
frame_00_Al_encoder.planar_fault.counts.3.test,2
frame_00_Al_encoder.planar_fault.counts.4.train,0
frame_00_Al_encoder.planar_fault.counts.4.test,1
frame_00_Al_encoder.planar_fault.test_coverage,0.9915119363395225
frame_00_Al_encoder.planar_fault.balanced_accuracy,
frame_00_Al_encoder.spatial.auc,0.5043024770216826
frame_00_Al_encoder.spatial.pairs,1709
frame_00_Al_encoder.spatial.changed_pairs,927
frame_00_Al_encoder.spatial.bins,5
frame_00_Al_encoder.spatial.same_label_normalized_distance,0.9057044179692451
frame_00_Al_encoder.nonbulk_spatial.auc,0.5043024770216826
frame_00_Al_encoder.nonbulk_spatial.pairs,1709
frame_00_Al_encoder.nonbulk_spatial.changed_pairs,927
frame_00_Al_encoder.nonbulk_spatial.bins,5
frame_00_Al_encoder.nonbulk_spatial.same_label_normalized_distance,0.9057044179692451
frame_00_Al_encoder.shuffled_spatial.auc,0.494628545402357
frame_00_Al_encoder.shuffled_spatial.pairs,1709
frame_00_Al_encoder.shuffled_spatial.changed_pairs,927
frame_00_Al_encoder.shuffled_spatial.bins,5
frame_00_Al_encoder.shuffled_spatial.same_label_normalized_distance,0.9198952044101816
frame_00_Al_encoder.collapsed_spatial.auc,0.5
frame_00_Al_encoder.collapsed_spatial.pairs,1709
frame_00_Al_encoder.collapsed_spatial.changed_pairs,927
frame_00_Al_encoder.collapsed_spatial.bins,5
frame_00_Al_encoder.collapsed_spatial.same_label_normalized_distance,
frame_00_Al_encoder.liquid_topology.train_count,444
frame_00_Al_encoder.liquid_topology.test_count,461
frame_00_Al_encoder.liquid_topology.conditional_r2_gain,-0.529365062713623
frame_00_Al_encoder.liquid_topology.mean_r2,-0.5269336700439453
frame_00_Al_encoder.nonbulk_cluster_ami,0.0631950854303399
frame_00_Al_encoder.continuity.0.0001.pair_rms,2.0983533880926357
frame_00_Al_encoder.continuity.0.0001.normalized_median,0.0003589567599730388
frame_00_Al_encoder.continuity.0.0001.normalized_p95,0.07570972645186565
frame_00_Al_encoder.continuity.0.01.pair_rms,2.0983533880926357
frame_00_Al_encoder.continuity.0.01.normalized_median,0.23641237261876025
frame_00_Al_encoder.continuity.0.01.normalized_p95,0.4929608765689166
frame_00_Al_encoder.continuity.0.1.pair_rms,2.0983533880926357
frame_00_Al_encoder.continuity.0.1.normalized_median,0.5875650989734892
frame_00_Al_encoder.continuity.0.1.normalized_p95,0.8866801585227491
frame_00_Al_encoder.triad_index_switch_fraction_1e4_A,0.00146484375
frame_00_Al_projector.collapse.effective_rank,2.0843006270172366
frame_00_Al_projector.collapse.variance,3.579894582699503
frame_00_Al_projector.collapse.pair_rms,2.675778235467021
frame_00_Al_projector.liquid_collapse.effective_rank,1.0972030601740066
frame_00_Al_projector.liquid_collapse.variance,2.3977084969945337
frame_00_Al_projector.liquid_collapse.pair_rms,2.189844057002477
frame_00_Al_projector.reference_coverage.liquid_fraction,0.9658203125
frame_00_Al_projector.reference_coverage.cutoff_stable_fraction,0.939453125
frame_00_Al_projector.context.counts.0.train,583
frame_00_Al_projector.context.counts.0.test,579
frame_00_Al_projector.context.counts.1.train,0
frame_00_Al_projector.context.counts.1.test,0
frame_00_Al_projector.context.counts.2.train,58
frame_00_Al_projector.context.counts.2.test,55
frame_00_Al_projector.context.counts.3.train,0
frame_00_Al_projector.context.counts.3.test,4
frame_00_Al_projector.context.counts.4.train,0
frame_00_Al_projector.context.counts.4.test,0
frame_00_Al_projector.context.counts.5.train,851
frame_00_Al_projector.context.counts.5.test,871
frame_00_Al_projector.context.counts.6.train,379
frame_00_Al_projector.context.counts.6.test,376
frame_00_Al_projector.context.test_coverage,0.9978779840848806
frame_00_Al_projector.context.balanced_accuracy,0.4929860676118741
frame_00_Al_projector.context.ap.0,0.41660778573911084
frame_00_Al_projector.context.ap.1,
frame_00_Al_projector.context.ap.2,0.34715077091528485
frame_00_Al_projector.context.ap.3,
frame_00_Al_projector.context.ap.4,
frame_00_Al_projector.context.ap.5,0.6855965552051494
frame_00_Al_projector.context.ap.6,0.3404283031115496
frame_00_Al_projector.ptm.counts.0.train,1828
frame_00_Al_projector.ptm.counts.0.test,1838
frame_00_Al_projector.ptm.counts.1.train,9
frame_00_Al_projector.ptm.counts.1.test,7
frame_00_Al_projector.ptm.counts.2.train,9
frame_00_Al_projector.ptm.counts.2.test,16
frame_00_Al_projector.ptm.counts.3.train,0
frame_00_Al_projector.ptm.counts.3.test,0
frame_00_Al_projector.ptm.counts.4.train,25
frame_00_Al_projector.ptm.counts.4.test,24
frame_00_Al_projector.ptm.test_coverage,0.9877984084880637
frame_00_Al_projector.ptm.balanced_accuracy,0.8768362350380849
frame_00_Al_projector.ptm.ap.0,0.972331094760063
frame_00_Al_projector.ptm.ap.1,
frame_00_Al_projector.ptm.ap.2,
frame_00_Al_projector.ptm.ap.3,
frame_00_Al_projector.ptm.ap.4,0.19355219314180486
frame_00_Al_projector.liquid_order.train_count,1813
frame_00_Al_projector.liquid_order.test_count,1826
frame_00_Al_projector.liquid_order.conditional_r2_gain,0.13732187449932098
frame_00_Al_projector.liquid_order.mean_r2,0.16666348278522491
frame_00_Al_projector.context_cutoff_008.counts.0.train,583
frame_00_Al_projector.context_cutoff_008.counts.0.test,580
frame_00_Al_projector.context_cutoff_008.counts.1.train,0
frame_00_Al_projector.context_cutoff_008.counts.1.test,0
frame_00_Al_projector.context_cutoff_008.counts.2.train,20
frame_00_Al_projector.context_cutoff_008.counts.2.test,19
frame_00_Al_projector.context_cutoff_008.counts.3.train,0
frame_00_Al_projector.context_cutoff_008.counts.3.test,4
frame_00_Al_projector.context_cutoff_008.counts.4.train,0
frame_00_Al_projector.context_cutoff_008.counts.4.test,0
frame_00_Al_projector.context_cutoff_008.counts.5.train,854
frame_00_Al_projector.context_cutoff_008.counts.5.test,874
frame_00_Al_projector.context_cutoff_008.counts.6.train,414
frame_00_Al_projector.context_cutoff_008.counts.6.test,408
frame_00_Al_projector.context_cutoff_008.test_coverage,0.9978779840848806
frame_00_Al_projector.context_cutoff_008.balanced_accuracy,0.5443408713599857
frame_00_Al_projector.context_cutoff_008.ap.0,0.4226585230234454
frame_00_Al_projector.context_cutoff_008.ap.1,
frame_00_Al_projector.context_cutoff_008.ap.2,
frame_00_Al_projector.context_cutoff_008.ap.3,
frame_00_Al_projector.context_cutoff_008.ap.4,
frame_00_Al_projector.context_cutoff_008.ap.5,0.6809117282739517
frame_00_Al_projector.context_cutoff_008.ap.6,0.438963118601847
frame_00_Al_projector.context_cutoff_010.counts.0.train,583
frame_00_Al_projector.context_cutoff_010.counts.0.test,579
frame_00_Al_projector.context_cutoff_010.counts.1.train,0
frame_00_Al_projector.context_cutoff_010.counts.1.test,0
frame_00_Al_projector.context_cutoff_010.counts.2.train,58
frame_00_Al_projector.context_cutoff_010.counts.2.test,55
frame_00_Al_projector.context_cutoff_010.counts.3.train,0
frame_00_Al_projector.context_cutoff_010.counts.3.test,4
frame_00_Al_projector.context_cutoff_010.counts.4.train,0
frame_00_Al_projector.context_cutoff_010.counts.4.test,0
frame_00_Al_projector.context_cutoff_010.counts.5.train,851
frame_00_Al_projector.context_cutoff_010.counts.5.test,871
frame_00_Al_projector.context_cutoff_010.counts.6.train,379
frame_00_Al_projector.context_cutoff_010.counts.6.test,376
frame_00_Al_projector.context_cutoff_010.test_coverage,0.9978779840848806
frame_00_Al_projector.context_cutoff_010.balanced_accuracy,0.4929860676118741
frame_00_Al_projector.context_cutoff_010.ap.0,0.41660778573911084
frame_00_Al_projector.context_cutoff_010.ap.1,
frame_00_Al_projector.context_cutoff_010.ap.2,0.34715077091528485
frame_00_Al_projector.context_cutoff_010.ap.3,
frame_00_Al_projector.context_cutoff_010.ap.4,
frame_00_Al_projector.context_cutoff_010.ap.5,0.6855965552051494
frame_00_Al_projector.context_cutoff_010.ap.6,0.3404283031115496
frame_00_Al_projector.context_cutoff_012.counts.0.train,574
frame_00_Al_projector.context_cutoff_012.counts.0.test,576
frame_00_Al_projector.context_cutoff_012.counts.1.train,1
frame_00_Al_projector.context_cutoff_012.counts.1.test,0
frame_00_Al_projector.context_cutoff_012.counts.2.train,140
frame_00_Al_projector.context_cutoff_012.counts.2.test,124
frame_00_Al_projector.context_cutoff_012.counts.3.train,0
frame_00_Al_projector.context_cutoff_012.counts.3.test,4
frame_00_Al_projector.context_cutoff_012.counts.4.train,0
frame_00_Al_projector.context_cutoff_012.counts.4.test,0
frame_00_Al_projector.context_cutoff_012.counts.5.train,840
frame_00_Al_projector.context_cutoff_012.counts.5.test,861
frame_00_Al_projector.context_cutoff_012.counts.6.train,316
frame_00_Al_projector.context_cutoff_012.counts.6.test,320
frame_00_Al_projector.context_cutoff_012.test_coverage,0.9978779840848806
frame_00_Al_projector.context_cutoff_012.balanced_accuracy,0.4558130842325129
frame_00_Al_projector.context_cutoff_012.ap.0,0.41297125300783555
frame_00_Al_projector.context_cutoff_012.ap.1,
frame_00_Al_projector.context_cutoff_012.ap.2,0.40694793134989365
frame_00_Al_projector.context_cutoff_012.ap.3,
frame_00_Al_projector.context_cutoff_012.ap.4,
frame_00_Al_projector.context_cutoff_012.ap.5,0.6840569011218942
frame_00_Al_projector.context_cutoff_012.ap.6,0.2591587669009257
frame_00_Al_projector.planar_fault.counts.0.train,1862
frame_00_Al_projector.planar_fault.counts.0.test,1869
frame_00_Al_projector.planar_fault.counts.1.train,9
frame_00_Al_projector.planar_fault.counts.1.test,12
frame_00_Al_projector.planar_fault.counts.2.train,0
frame_00_Al_projector.planar_fault.counts.2.test,1
frame_00_Al_projector.planar_fault.counts.3.train,0
frame_00_Al_projector.planar_fault.counts.3.test,2
frame_00_Al_projector.planar_fault.counts.4.train,0
frame_00_Al_projector.planar_fault.counts.4.test,1
frame_00_Al_projector.planar_fault.test_coverage,0.9915119363395225
frame_00_Al_projector.planar_fault.balanced_accuracy,
frame_00_Al_projector.spatial.auc,0.5032572680157819
frame_00_Al_projector.spatial.pairs,1709
frame_00_Al_projector.spatial.changed_pairs,927
frame_00_Al_projector.spatial.bins,5
frame_00_Al_projector.spatial.same_label_normalized_distance,0.667514981084594
frame_00_Al_projector.nonbulk_spatial.auc,0.5032572680157819
frame_00_Al_projector.nonbulk_spatial.pairs,1709
frame_00_Al_projector.nonbulk_spatial.changed_pairs,927
frame_00_Al_projector.nonbulk_spatial.bins,5
frame_00_Al_projector.nonbulk_spatial.same_label_normalized_distance,0.667514981084594
frame_00_Al_projector.shuffled_spatial.auc,0.4925885615631642
frame_00_Al_projector.shuffled_spatial.pairs,1709
frame_00_Al_projector.shuffled_spatial.changed_pairs,927
frame_00_Al_projector.shuffled_spatial.bins,5
frame_00_Al_projector.shuffled_spatial.same_label_normalized_distance,0.735434026215273
frame_00_Al_projector.collapsed_spatial.auc,0.5
frame_00_Al_projector.collapsed_spatial.pairs,1709
frame_00_Al_projector.collapsed_spatial.changed_pairs,927
frame_00_Al_projector.collapsed_spatial.bins,5
frame_00_Al_projector.collapsed_spatial.same_label_normalized_distance,
frame_00_Al_projector.liquid_topology.train_count,444
frame_00_Al_projector.liquid_topology.test_count,461
frame_00_Al_projector.liquid_topology.conditional_r2_gain,-0.04278867691755295
frame_00_Al_projector.liquid_topology.mean_r2,-0.04440811648964882
frame_00_Al_projector.nonbulk_cluster_ami,0.05935893388219475
frame_00_Al_projector.continuity.0.0001.pair_rms,3.458339529269588
frame_00_Al_projector.continuity.0.0001.normalized_median,0.00020580703032652326
frame_00_Al_projector.continuity.0.0001.normalized_p95,0.02276353158091565
frame_00_Al_projector.continuity.0.01.pair_rms,3.458339529269588
frame_00_Al_projector.continuity.0.01.normalized_median,0.09689769275097372
frame_00_Al_projector.continuity.0.01.normalized_p95,0.30088421332549936
frame_00_Al_projector.continuity.0.1.pair_rms,3.458339529269588
frame_00_Al_projector.continuity.0.1.normalized_median,0.26153287795958435
frame_00_Al_projector.continuity.0.1.normalized_p95,0.8539473619523009
frame_00_Al_projector.triad_index_switch_fraction_1e4_A,0.00146484375
frame_01_Al_encoder.collapse.effective_rank,1.5294493068051118
frame_01_Al_encoder.collapse.variance,15.441397140590155
frame_01_Al_encoder.collapse.pair_rms,5.557229011043211
frame_01_Al_encoder.liquid_collapse.effective_rank,8.010394999334023
frame_01_Al_encoder.liquid_collapse.variance,1.5378492089657305
frame_01_Al_encoder.liquid_collapse.pair_rms,1.7537669223507042
frame_01_Al_encoder.reference_coverage.liquid_fraction,0.7822265625
frame_01_Al_encoder.reference_coverage.cutoff_stable_fraction,0.9384765625
frame_01_Al_encoder.context.counts.0.train,498
frame_01_Al_encoder.context.counts.0.test,514
frame_01_Al_encoder.context.counts.1.train,238
frame_01_Al_encoder.context.counts.1.test,201
frame_01_Al_encoder.context.counts.2.train,124
frame_01_Al_encoder.context.counts.2.test,124
frame_01_Al_encoder.context.counts.3.train,25
frame_01_Al_encoder.context.counts.3.test,26
frame_01_Al_encoder.context.counts.4.train,0
frame_01_Al_encoder.context.counts.4.test,0
frame_01_Al_encoder.context.counts.5.train,654
frame_01_Al_encoder.context.counts.5.test,683
frame_01_Al_encoder.context.counts.6.train,323
frame_01_Al_encoder.context.counts.6.test,310
frame_01_Al_encoder.context.test_coverage,1.0
frame_01_Al_encoder.context.balanced_accuracy,0.6496754190773971
frame_01_Al_encoder.context.ap.0,0.5001229624854112
frame_01_Al_encoder.context.ap.1,0.9955933573816547
frame_01_Al_encoder.context.ap.2,0.5933501543434447
frame_01_Al_encoder.context.ap.3,0.8384267694196716
frame_01_Al_encoder.context.ap.4,
frame_01_Al_encoder.context.ap.5,0.7243988373066318
frame_01_Al_encoder.context.ap.6,0.3963845029682511
frame_01_Al_encoder.ptm.counts.0.train,1527
frame_01_Al_encoder.ptm.counts.0.test,1561
frame_01_Al_encoder.ptm.counts.1.train,274
frame_01_Al_encoder.ptm.counts.1.test,237
frame_01_Al_encoder.ptm.counts.2.train,37
frame_01_Al_encoder.ptm.counts.2.test,38
frame_01_Al_encoder.ptm.counts.3.train,0
frame_01_Al_encoder.ptm.counts.3.test,0
frame_01_Al_encoder.ptm.counts.4.train,24
frame_01_Al_encoder.ptm.counts.4.test,22
frame_01_Al_encoder.ptm.test_coverage,1.0
frame_01_Al_encoder.ptm.balanced_accuracy,0.8723269798599249
frame_01_Al_encoder.ptm.ap.0,0.9963590876677604
frame_01_Al_encoder.ptm.ap.1,0.9906312814868791
frame_01_Al_encoder.ptm.ap.2,0.7253660827716097
frame_01_Al_encoder.ptm.ap.3,
frame_01_Al_encoder.ptm.ap.4,0.5259428003278438
frame_01_Al_encoder.liquid_order.train_count,1475
frame_01_Al_encoder.liquid_order.test_count,1507
frame_01_Al_encoder.liquid_order.conditional_r2_gain,0.18379826843738556
frame_01_Al_encoder.liquid_order.mean_r2,0.22498394548892975
frame_01_Al_encoder.context_cutoff_008.counts.0.train,499
frame_01_Al_encoder.context_cutoff_008.counts.0.test,517
frame_01_Al_encoder.context_cutoff_008.counts.1.train,237
frame_01_Al_encoder.context_cutoff_008.counts.1.test,199
frame_01_Al_encoder.context_cutoff_008.counts.2.train,93
frame_01_Al_encoder.context_cutoff_008.counts.2.test,83
frame_01_Al_encoder.context_cutoff_008.counts.3.train,25
frame_01_Al_encoder.context_cutoff_008.counts.3.test,26
frame_01_Al_encoder.context_cutoff_008.counts.4.train,0
frame_01_Al_encoder.context_cutoff_008.counts.4.test,0
frame_01_Al_encoder.context_cutoff_008.counts.5.train,657
frame_01_Al_encoder.context_cutoff_008.counts.5.test,686
frame_01_Al_encoder.context_cutoff_008.counts.6.train,351
frame_01_Al_encoder.context_cutoff_008.counts.6.test,347
frame_01_Al_encoder.context_cutoff_008.test_coverage,1.0
frame_01_Al_encoder.context_cutoff_008.balanced_accuracy,0.6710198133899873
frame_01_Al_encoder.context_cutoff_008.ap.0,0.5009300695081049
frame_01_Al_encoder.context_cutoff_008.ap.1,0.9936523084288016
frame_01_Al_encoder.context_cutoff_008.ap.2,0.7136325451789138
frame_01_Al_encoder.context_cutoff_008.ap.3,0.8038567788900646
frame_01_Al_encoder.context_cutoff_008.ap.4,
frame_01_Al_encoder.context_cutoff_008.ap.5,0.7225952978249234
frame_01_Al_encoder.context_cutoff_008.ap.6,0.5054887614305369
frame_01_Al_encoder.context_cutoff_010.counts.0.train,498
frame_01_Al_encoder.context_cutoff_010.counts.0.test,514
frame_01_Al_encoder.context_cutoff_010.counts.1.train,238
frame_01_Al_encoder.context_cutoff_010.counts.1.test,201
frame_01_Al_encoder.context_cutoff_010.counts.2.train,124
frame_01_Al_encoder.context_cutoff_010.counts.2.test,124
frame_01_Al_encoder.context_cutoff_010.counts.3.train,25
frame_01_Al_encoder.context_cutoff_010.counts.3.test,26
frame_01_Al_encoder.context_cutoff_010.counts.4.train,0
frame_01_Al_encoder.context_cutoff_010.counts.4.test,0
frame_01_Al_encoder.context_cutoff_010.counts.5.train,654
frame_01_Al_encoder.context_cutoff_010.counts.5.test,683
frame_01_Al_encoder.context_cutoff_010.counts.6.train,323
frame_01_Al_encoder.context_cutoff_010.counts.6.test,310
frame_01_Al_encoder.context_cutoff_010.test_coverage,1.0
frame_01_Al_encoder.context_cutoff_010.balanced_accuracy,0.6496754190773971
frame_01_Al_encoder.context_cutoff_010.ap.0,0.5001229624854112
frame_01_Al_encoder.context_cutoff_010.ap.1,0.9955933573816547
frame_01_Al_encoder.context_cutoff_010.ap.2,0.5933501543434447
frame_01_Al_encoder.context_cutoff_010.ap.3,0.8384267694196716
frame_01_Al_encoder.context_cutoff_010.ap.4,
frame_01_Al_encoder.context_cutoff_010.ap.5,0.7243988373066318
frame_01_Al_encoder.context_cutoff_010.ap.6,0.3963845029682511
frame_01_Al_encoder.context_cutoff_012.counts.0.train,493
frame_01_Al_encoder.context_cutoff_012.counts.0.test,512
frame_01_Al_encoder.context_cutoff_012.counts.1.train,242
frame_01_Al_encoder.context_cutoff_012.counts.1.test,207
frame_01_Al_encoder.context_cutoff_012.counts.2.train,192
frame_01_Al_encoder.context_cutoff_012.counts.2.test,192
frame_01_Al_encoder.context_cutoff_012.counts.3.train,25
frame_01_Al_encoder.context_cutoff_012.counts.3.test,26
frame_01_Al_encoder.context_cutoff_012.counts.4.train,0
frame_01_Al_encoder.context_cutoff_012.counts.4.test,0
frame_01_Al_encoder.context_cutoff_012.counts.5.train,643
frame_01_Al_encoder.context_cutoff_012.counts.5.test,674
frame_01_Al_encoder.context_cutoff_012.counts.6.train,267
frame_01_Al_encoder.context_cutoff_012.counts.6.test,247
frame_01_Al_encoder.context_cutoff_012.test_coverage,1.0
frame_01_Al_encoder.context_cutoff_012.balanced_accuracy,0.6316402563157412
frame_01_Al_encoder.context_cutoff_012.ap.0,0.49946667006475204
frame_01_Al_encoder.context_cutoff_012.ap.1,0.9961037547029477
frame_01_Al_encoder.context_cutoff_012.ap.2,0.5931271703895161
frame_01_Al_encoder.context_cutoff_012.ap.3,0.8512571095495094
frame_01_Al_encoder.context_cutoff_012.ap.4,
frame_01_Al_encoder.context_cutoff_012.ap.5,0.7210703552520413
frame_01_Al_encoder.context_cutoff_012.ap.6,0.2760615892897102
frame_01_Al_encoder.planar_fault.counts.0.train,1825
frame_01_Al_encoder.planar_fault.counts.0.test,1820
frame_01_Al_encoder.planar_fault.counts.1.train,12
frame_01_Al_encoder.planar_fault.counts.1.test,12
frame_01_Al_encoder.planar_fault.counts.2.train,2
frame_01_Al_encoder.planar_fault.counts.2.test,2
frame_01_Al_encoder.planar_fault.counts.3.train,23
frame_01_Al_encoder.planar_fault.counts.3.test,24
frame_01_Al_encoder.planar_fault.counts.4.train,0
frame_01_Al_encoder.planar_fault.counts.4.test,0
frame_01_Al_encoder.planar_fault.test_coverage,0.9924650161463939
frame_01_Al_encoder.planar_fault.balanced_accuracy,0.9775183150183151
frame_01_Al_encoder.planar_fault.ap.0,0.9987301227732662
frame_01_Al_encoder.planar_fault.ap.1,
frame_01_Al_encoder.planar_fault.ap.2,
frame_01_Al_encoder.planar_fault.ap.3,0.9583166109253065
frame_01_Al_encoder.planar_fault.ap.4,
frame_01_Al_encoder.spatial.auc,0.5399683901780084
frame_01_Al_encoder.spatial.pairs,1656
frame_01_Al_encoder.spatial.changed_pairs,798
frame_01_Al_encoder.spatial.bins,5
frame_01_Al_encoder.spatial.same_label_normalized_distance,0.31151219239983574
frame_01_Al_encoder.nonbulk_spatial.auc,0.49279891265012316
frame_01_Al_encoder.nonbulk_spatial.pairs,1457
frame_01_Al_encoder.nonbulk_spatial.changed_pairs,781
frame_01_Al_encoder.nonbulk_spatial.bins,5
frame_01_Al_encoder.nonbulk_spatial.same_label_normalized_distance,0.6359288943472176
frame_01_Al_encoder.shuffled_spatial.auc,0.5254861564370729
frame_01_Al_encoder.shuffled_spatial.pairs,1457
frame_01_Al_encoder.shuffled_spatial.changed_pairs,781
frame_01_Al_encoder.shuffled_spatial.bins,5
frame_01_Al_encoder.shuffled_spatial.same_label_normalized_distance,0.7229240056999642
frame_01_Al_encoder.collapsed_spatial.auc,0.5
frame_01_Al_encoder.collapsed_spatial.pairs,1457
frame_01_Al_encoder.collapsed_spatial.changed_pairs,781
frame_01_Al_encoder.collapsed_spatial.bins,5
frame_01_Al_encoder.collapsed_spatial.same_label_normalized_distance,
frame_01_Al_encoder.liquid_topology.train_count,393
frame_01_Al_encoder.liquid_topology.test_count,357
frame_01_Al_encoder.liquid_topology.conditional_r2_gain,-3461.400146484375
frame_01_Al_encoder.liquid_topology.mean_r2,-3557.216796875
frame_01_Al_encoder.nonbulk_cluster_ami,0.18365059136573939
frame_01_Al_encoder.continuity.0.0001.pair_rms,5.6934775532341195
frame_01_Al_encoder.continuity.0.0001.normalized_median,0.00014289282082509703
frame_01_Al_encoder.continuity.0.0001.normalized_p95,0.06625164567474832
frame_01_Al_encoder.continuity.0.01.pair_rms,5.6934775532341195
frame_01_Al_encoder.continuity.0.01.normalized_median,0.09713716228585709
frame_01_Al_encoder.continuity.0.01.normalized_p95,0.23556046871067812
frame_01_Al_encoder.continuity.0.1.pair_rms,5.6934775532341195
frame_01_Al_encoder.continuity.0.1.normalized_median,0.23272525610922173
frame_01_Al_encoder.continuity.0.1.normalized_p95,0.40396165342792123
frame_01_Al_encoder.triad_index_switch_fraction_1e4_A,0.00244140625
frame_01_Al_projector.collapse.effective_rank,3.2182285754082636
frame_01_Al_projector.collapse.variance,73.60545790208225
frame_01_Al_projector.collapse.pair_rms,12.133050556400253
frame_01_Al_projector.liquid_collapse.effective_rank,1.2537411759009323
frame_01_Al_projector.liquid_collapse.variance,2.7257880308639733
frame_01_Al_projector.liquid_collapse.pair_rms,2.334861036920173
frame_01_Al_projector.reference_coverage.liquid_fraction,0.7822265625
frame_01_Al_projector.reference_coverage.cutoff_stable_fraction,0.9384765625
frame_01_Al_projector.context.counts.0.train,498
frame_01_Al_projector.context.counts.0.test,514
frame_01_Al_projector.context.counts.1.train,238
frame_01_Al_projector.context.counts.1.test,201
frame_01_Al_projector.context.counts.2.train,124
frame_01_Al_projector.context.counts.2.test,124
frame_01_Al_projector.context.counts.3.train,25
frame_01_Al_projector.context.counts.3.test,26
frame_01_Al_projector.context.counts.4.train,0
frame_01_Al_projector.context.counts.4.test,0
frame_01_Al_projector.context.counts.5.train,654
frame_01_Al_projector.context.counts.5.test,683
frame_01_Al_projector.context.counts.6.train,323
frame_01_Al_projector.context.counts.6.test,310
frame_01_Al_projector.context.test_coverage,1.0
frame_01_Al_projector.context.balanced_accuracy,0.6461703778528198
frame_01_Al_projector.context.ap.0,0.4105885862765315
frame_01_Al_projector.context.ap.1,0.9927566933498116
frame_01_Al_projector.context.ap.2,0.7205816032913035
frame_01_Al_projector.context.ap.3,0.8457718996461441
frame_01_Al_projector.context.ap.4,
frame_01_Al_projector.context.ap.5,0.6573867657037957
frame_01_Al_projector.context.ap.6,0.3231198087773786
frame_01_Al_projector.ptm.counts.0.train,1527
frame_01_Al_projector.ptm.counts.0.test,1561
frame_01_Al_projector.ptm.counts.1.train,274
frame_01_Al_projector.ptm.counts.1.test,237
frame_01_Al_projector.ptm.counts.2.train,37
frame_01_Al_projector.ptm.counts.2.test,38
frame_01_Al_projector.ptm.counts.3.train,0
frame_01_Al_projector.ptm.counts.3.test,0
frame_01_Al_projector.ptm.counts.4.train,24
frame_01_Al_projector.ptm.counts.4.test,22
frame_01_Al_projector.ptm.test_coverage,1.0
frame_01_Al_projector.ptm.balanced_accuracy,0.8448772796729914
frame_01_Al_projector.ptm.ap.0,0.9894956576534172
frame_01_Al_projector.ptm.ap.1,0.9262873710783034
frame_01_Al_projector.ptm.ap.2,0.4469295090391236
frame_01_Al_projector.ptm.ap.3,
frame_01_Al_projector.ptm.ap.4,0.3254727331359442
frame_01_Al_projector.liquid_order.train_count,1475
frame_01_Al_projector.liquid_order.test_count,1507
frame_01_Al_projector.liquid_order.conditional_r2_gain,0.12948662042617798
frame_01_Al_projector.liquid_order.mean_r2,0.16376817226409912
frame_01_Al_projector.context_cutoff_008.counts.0.train,499
frame_01_Al_projector.context_cutoff_008.counts.0.test,517
frame_01_Al_projector.context_cutoff_008.counts.1.train,237
frame_01_Al_projector.context_cutoff_008.counts.1.test,199
frame_01_Al_projector.context_cutoff_008.counts.2.train,93
frame_01_Al_projector.context_cutoff_008.counts.2.test,83
frame_01_Al_projector.context_cutoff_008.counts.3.train,25
frame_01_Al_projector.context_cutoff_008.counts.3.test,26
frame_01_Al_projector.context_cutoff_008.counts.4.train,0
frame_01_Al_projector.context_cutoff_008.counts.4.test,0
frame_01_Al_projector.context_cutoff_008.counts.5.train,657
frame_01_Al_projector.context_cutoff_008.counts.5.test,686
frame_01_Al_projector.context_cutoff_008.counts.6.train,351
frame_01_Al_projector.context_cutoff_008.counts.6.test,347
frame_01_Al_projector.context_cutoff_008.test_coverage,1.0
frame_01_Al_projector.context_cutoff_008.balanced_accuracy,0.6635799996152322
frame_01_Al_projector.context_cutoff_008.ap.0,0.41022284912732665
frame_01_Al_projector.context_cutoff_008.ap.1,0.9870540005106144
frame_01_Al_projector.context_cutoff_008.ap.2,0.8042031178409429
frame_01_Al_projector.context_cutoff_008.ap.3,0.8408472298150642
frame_01_Al_projector.context_cutoff_008.ap.4,
frame_01_Al_projector.context_cutoff_008.ap.5,0.6571061275620437
frame_01_Al_projector.context_cutoff_008.ap.6,0.4317077301576544
frame_01_Al_projector.context_cutoff_010.counts.0.train,498
frame_01_Al_projector.context_cutoff_010.counts.0.test,514
frame_01_Al_projector.context_cutoff_010.counts.1.train,238
frame_01_Al_projector.context_cutoff_010.counts.1.test,201
frame_01_Al_projector.context_cutoff_010.counts.2.train,124
frame_01_Al_projector.context_cutoff_010.counts.2.test,124
frame_01_Al_projector.context_cutoff_010.counts.3.train,25
frame_01_Al_projector.context_cutoff_010.counts.3.test,26
frame_01_Al_projector.context_cutoff_010.counts.4.train,0
frame_01_Al_projector.context_cutoff_010.counts.4.test,0
frame_01_Al_projector.context_cutoff_010.counts.5.train,654
frame_01_Al_projector.context_cutoff_010.counts.5.test,683
frame_01_Al_projector.context_cutoff_010.counts.6.train,323
frame_01_Al_projector.context_cutoff_010.counts.6.test,310
frame_01_Al_projector.context_cutoff_010.test_coverage,1.0
frame_01_Al_projector.context_cutoff_010.balanced_accuracy,0.6461703778528198
frame_01_Al_projector.context_cutoff_010.ap.0,0.4105885862765315
frame_01_Al_projector.context_cutoff_010.ap.1,0.9927566933498116
frame_01_Al_projector.context_cutoff_010.ap.2,0.7205816032913035
frame_01_Al_projector.context_cutoff_010.ap.3,0.8457718996461441
frame_01_Al_projector.context_cutoff_010.ap.4,
frame_01_Al_projector.context_cutoff_010.ap.5,0.6573867657037957
frame_01_Al_projector.context_cutoff_010.ap.6,0.3231198087773786
frame_01_Al_projector.context_cutoff_012.counts.0.train,493
frame_01_Al_projector.context_cutoff_012.counts.0.test,512
frame_01_Al_projector.context_cutoff_012.counts.1.train,242
frame_01_Al_projector.context_cutoff_012.counts.1.test,207
frame_01_Al_projector.context_cutoff_012.counts.2.train,192
frame_01_Al_projector.context_cutoff_012.counts.2.test,192
frame_01_Al_projector.context_cutoff_012.counts.3.train,25
frame_01_Al_projector.context_cutoff_012.counts.3.test,26
frame_01_Al_projector.context_cutoff_012.counts.4.train,0
frame_01_Al_projector.context_cutoff_012.counts.4.test,0
frame_01_Al_projector.context_cutoff_012.counts.5.train,643
frame_01_Al_projector.context_cutoff_012.counts.5.test,674
frame_01_Al_projector.context_cutoff_012.counts.6.train,267
frame_01_Al_projector.context_cutoff_012.counts.6.test,247
frame_01_Al_projector.context_cutoff_012.test_coverage,1.0
frame_01_Al_projector.context_cutoff_012.balanced_accuracy,0.6219237500030892
frame_01_Al_projector.context_cutoff_012.ap.0,0.40499958458929664
frame_01_Al_projector.context_cutoff_012.ap.1,0.9939755832055225
frame_01_Al_projector.context_cutoff_012.ap.2,0.6484807734169746
frame_01_Al_projector.context_cutoff_012.ap.3,0.8529093418090874
frame_01_Al_projector.context_cutoff_012.ap.4,
frame_01_Al_projector.context_cutoff_012.ap.5,0.6543457494715513
frame_01_Al_projector.context_cutoff_012.ap.6,0.2269346755777332
frame_01_Al_projector.planar_fault.counts.0.train,1825
frame_01_Al_projector.planar_fault.counts.0.test,1820
frame_01_Al_projector.planar_fault.counts.1.train,12
frame_01_Al_projector.planar_fault.counts.1.test,12
frame_01_Al_projector.planar_fault.counts.2.train,2
frame_01_Al_projector.planar_fault.counts.2.test,2
frame_01_Al_projector.planar_fault.counts.3.train,23
frame_01_Al_projector.planar_fault.counts.3.test,24
frame_01_Al_projector.planar_fault.counts.4.train,0
frame_01_Al_projector.planar_fault.counts.4.test,0
frame_01_Al_projector.planar_fault.test_coverage,0.9924650161463939
frame_01_Al_projector.planar_fault.balanced_accuracy,0.9445970695970696
frame_01_Al_projector.planar_fault.ap.0,0.9980982084071909
frame_01_Al_projector.planar_fault.ap.1,
frame_01_Al_projector.planar_fault.ap.2,
frame_01_Al_projector.planar_fault.ap.3,0.6490566522881137
frame_01_Al_projector.planar_fault.ap.4,
frame_01_Al_projector.spatial.auc,0.5337984732450691
frame_01_Al_projector.spatial.pairs,1656
frame_01_Al_projector.spatial.changed_pairs,798
frame_01_Al_projector.spatial.bins,5
frame_01_Al_projector.spatial.same_label_normalized_distance,0.2251302379284423
frame_01_Al_projector.nonbulk_spatial.auc,0.4880809100710483
frame_01_Al_projector.nonbulk_spatial.pairs,1457
frame_01_Al_projector.nonbulk_spatial.changed_pairs,781
frame_01_Al_projector.nonbulk_spatial.bins,5
frame_01_Al_projector.nonbulk_spatial.same_label_normalized_distance,0.2787166658906101
frame_01_Al_projector.shuffled_spatial.auc,0.5105554136822376
frame_01_Al_projector.shuffled_spatial.pairs,1457
frame_01_Al_projector.shuffled_spatial.changed_pairs,781
frame_01_Al_projector.shuffled_spatial.bins,5
frame_01_Al_projector.shuffled_spatial.same_label_normalized_distance,0.640185411103183
frame_01_Al_projector.collapsed_spatial.auc,0.5
frame_01_Al_projector.collapsed_spatial.pairs,1457
frame_01_Al_projector.collapsed_spatial.changed_pairs,781
frame_01_Al_projector.collapsed_spatial.bins,5
frame_01_Al_projector.collapsed_spatial.same_label_normalized_distance,
frame_01_Al_projector.liquid_topology.train_count,393
frame_01_Al_projector.liquid_topology.test_count,357
frame_01_Al_projector.liquid_topology.conditional_r2_gain,-593.2175903320312
frame_01_Al_projector.liquid_topology.mean_r2,-593.42041015625
frame_01_Al_projector.nonbulk_cluster_ami,0.18804569329937565
frame_01_Al_projector.continuity.0.0001.pair_rms,11.981981815565169
frame_01_Al_projector.continuity.0.0001.normalized_median,6.38826210276387e-05
frame_01_Al_projector.continuity.0.0001.normalized_p95,0.01885642335799648
frame_01_Al_projector.continuity.0.01.pair_rms,11.981981815565169
frame_01_Al_projector.continuity.0.01.normalized_median,0.03022270237890466
frame_01_Al_projector.continuity.0.01.normalized_p95,0.1900456341091695
frame_01_Al_projector.continuity.0.1.pair_rms,11.981981815565169
frame_01_Al_projector.continuity.0.1.normalized_median,0.08882130301657003
frame_01_Al_projector.continuity.0.1.normalized_p95,0.42609894060791376
frame_01_Al_projector.triad_index_switch_fraction_1e4_A,0.00244140625
frame_02_Al_encoder.collapse.effective_rank,1.4619794231872854
frame_02_Al_encoder.collapse.variance,26.21919908613847
frame_02_Al_encoder.collapse.pair_rms,7.241436195415723
frame_02_Al_encoder.liquid_collapse.effective_rank,7.8486672796621795
frame_02_Al_encoder.liquid_collapse.variance,1.6257335739533398
frame_02_Al_encoder.liquid_collapse.pair_rms,1.8031825054349544
frame_02_Al_encoder.reference_coverage.liquid_fraction,0.509033203125
frame_02_Al_encoder.reference_coverage.cutoff_stable_fraction,0.951904296875
frame_02_Al_encoder.context.counts.0.train,263
frame_02_Al_encoder.context.counts.0.test,337
frame_02_Al_encoder.context.counts.1.train,652
frame_02_Al_encoder.context.counts.1.test,563
frame_02_Al_encoder.context.counts.2.train,240
frame_02_Al_encoder.context.counts.2.test,211
frame_02_Al_encoder.context.counts.3.train,41
frame_02_Al_encoder.context.counts.3.test,50
frame_02_Al_encoder.context.counts.4.train,0
frame_02_Al_encoder.context.counts.4.test,0
frame_02_Al_encoder.context.counts.5.train,429
frame_02_Al_encoder.context.counts.5.test,525
frame_02_Al_encoder.context.counts.6.train,201
frame_02_Al_encoder.context.counts.6.test,224
frame_02_Al_encoder.context.test_coverage,1.0
frame_02_Al_encoder.context.balanced_accuracy,0.6819824091760535
frame_02_Al_encoder.context.ap.0,0.43500869257329255
frame_02_Al_encoder.context.ap.1,0.9979363421566494
frame_02_Al_encoder.context.ap.2,0.8382355843339807
frame_02_Al_encoder.context.ap.3,0.8788365779245619
frame_02_Al_encoder.context.ap.4,
frame_02_Al_encoder.context.ap.5,0.6813121371337563
frame_02_Al_encoder.context.ap.6,0.3422123668072347
frame_02_Al_encoder.ptm.counts.0.train,1032
frame_02_Al_encoder.ptm.counts.0.test,1196
frame_02_Al_encoder.ptm.counts.1.train,734
frame_02_Al_encoder.ptm.counts.1.test,639
frame_02_Al_encoder.ptm.counts.2.train,52
frame_02_Al_encoder.ptm.counts.2.test,59
frame_02_Al_encoder.ptm.counts.3.train,0
frame_02_Al_encoder.ptm.counts.3.test,0
frame_02_Al_encoder.ptm.counts.4.train,8
frame_02_Al_encoder.ptm.counts.4.test,16
frame_02_Al_encoder.ptm.test_coverage,0.9916230366492147
frame_02_Al_encoder.ptm.balanced_accuracy,0.9186445823185939
frame_02_Al_encoder.ptm.ap.0,0.972522086407406
frame_02_Al_encoder.ptm.ap.1,0.9966211382197292
frame_02_Al_encoder.ptm.ap.2,0.8484806128446726
frame_02_Al_encoder.ptm.ap.3,
frame_02_Al_encoder.ptm.ap.4,
frame_02_Al_encoder.liquid_order.train_count,893
frame_02_Al_encoder.liquid_order.test_count,1086
frame_02_Al_encoder.liquid_order.conditional_r2_gain,0.1357986032962799
frame_02_Al_encoder.liquid_order.mean_r2,0.17476330697536469
frame_02_Al_encoder.context_cutoff_008.counts.0.train,263
frame_02_Al_encoder.context_cutoff_008.counts.0.test,338
frame_02_Al_encoder.context_cutoff_008.counts.1.train,652
frame_02_Al_encoder.context_cutoff_008.counts.1.test,562
frame_02_Al_encoder.context_cutoff_008.counts.2.train,209
frame_02_Al_encoder.context_cutoff_008.counts.2.test,188
frame_02_Al_encoder.context_cutoff_008.counts.3.train,41
frame_02_Al_encoder.context_cutoff_008.counts.3.test,50
frame_02_Al_encoder.context_cutoff_008.counts.4.train,0
frame_02_Al_encoder.context_cutoff_008.counts.4.test,0
frame_02_Al_encoder.context_cutoff_008.counts.5.train,433
frame_02_Al_encoder.context_cutoff_008.counts.5.test,530
frame_02_Al_encoder.context_cutoff_008.counts.6.train,228
frame_02_Al_encoder.context_cutoff_008.counts.6.test,242
frame_02_Al_encoder.context_cutoff_008.test_coverage,1.0
frame_02_Al_encoder.context_cutoff_008.balanced_accuracy,0.6884057062776624
frame_02_Al_encoder.context_cutoff_008.ap.0,0.4355855798886426
frame_02_Al_encoder.context_cutoff_008.ap.1,0.9977106294135123
frame_02_Al_encoder.context_cutoff_008.ap.2,0.8379986218140355
frame_02_Al_encoder.context_cutoff_008.ap.3,0.862351445696945
frame_02_Al_encoder.context_cutoff_008.ap.4,
frame_02_Al_encoder.context_cutoff_008.ap.5,0.682325010317046
frame_02_Al_encoder.context_cutoff_008.ap.6,0.38384296329617645
frame_02_Al_encoder.context_cutoff_010.counts.0.train,263
frame_02_Al_encoder.context_cutoff_010.counts.0.test,337
frame_02_Al_encoder.context_cutoff_010.counts.1.train,652
frame_02_Al_encoder.context_cutoff_010.counts.1.test,563
frame_02_Al_encoder.context_cutoff_010.counts.2.train,240
frame_02_Al_encoder.context_cutoff_010.counts.2.test,211
frame_02_Al_encoder.context_cutoff_010.counts.3.train,41
frame_02_Al_encoder.context_cutoff_010.counts.3.test,50
frame_02_Al_encoder.context_cutoff_010.counts.4.train,0
frame_02_Al_encoder.context_cutoff_010.counts.4.test,0
frame_02_Al_encoder.context_cutoff_010.counts.5.train,429
frame_02_Al_encoder.context_cutoff_010.counts.5.test,525
frame_02_Al_encoder.context_cutoff_010.counts.6.train,201
frame_02_Al_encoder.context_cutoff_010.counts.6.test,224
frame_02_Al_encoder.context_cutoff_010.test_coverage,1.0
frame_02_Al_encoder.context_cutoff_010.balanced_accuracy,0.6819824091760535
frame_02_Al_encoder.context_cutoff_010.ap.0,0.43500869257329255
frame_02_Al_encoder.context_cutoff_010.ap.1,0.9979363421566494
frame_02_Al_encoder.context_cutoff_010.ap.2,0.8382355843339807
frame_02_Al_encoder.context_cutoff_010.ap.3,0.8788365779245619
frame_02_Al_encoder.context_cutoff_010.ap.4,
frame_02_Al_encoder.context_cutoff_010.ap.5,0.6813121371337563
frame_02_Al_encoder.context_cutoff_010.ap.6,0.3422123668072347
frame_02_Al_encoder.context_cutoff_012.counts.0.train,261
frame_02_Al_encoder.context_cutoff_012.counts.0.test,334
frame_02_Al_encoder.context_cutoff_012.counts.1.train,661
frame_02_Al_encoder.context_cutoff_012.counts.1.test,571
frame_02_Al_encoder.context_cutoff_012.counts.2.train,276
frame_02_Al_encoder.context_cutoff_012.counts.2.test,264
frame_02_Al_encoder.context_cutoff_012.counts.3.train,41
frame_02_Al_encoder.context_cutoff_012.counts.3.test,50
frame_02_Al_encoder.context_cutoff_012.counts.4.train,0
frame_02_Al_encoder.context_cutoff_012.counts.4.test,0
frame_02_Al_encoder.context_cutoff_012.counts.5.train,421
frame_02_Al_encoder.context_cutoff_012.counts.5.test,514
frame_02_Al_encoder.context_cutoff_012.counts.6.train,166
frame_02_Al_encoder.context_cutoff_012.counts.6.test,177
frame_02_Al_encoder.context_cutoff_012.test_coverage,1.0
frame_02_Al_encoder.context_cutoff_012.balanced_accuracy,0.6459756297656977
frame_02_Al_encoder.context_cutoff_012.ap.0,0.43233551352465716
frame_02_Al_encoder.context_cutoff_012.ap.1,0.9977550131670854
frame_02_Al_encoder.context_cutoff_012.ap.2,0.7607360160063186
frame_02_Al_encoder.context_cutoff_012.ap.3,0.8811122294727591
frame_02_Al_encoder.context_cutoff_012.ap.4,
frame_02_Al_encoder.context_cutoff_012.ap.5,0.666403564451692
frame_02_Al_encoder.context_cutoff_012.ap.6,0.2373688389661244
frame_02_Al_encoder.planar_fault.counts.0.train,1774
frame_02_Al_encoder.planar_fault.counts.0.test,1851
frame_02_Al_encoder.planar_fault.counts.1.train,11
frame_02_Al_encoder.planar_fault.counts.1.test,9
frame_02_Al_encoder.planar_fault.counts.2.train,7
frame_02_Al_encoder.planar_fault.counts.2.test,3
frame_02_Al_encoder.planar_fault.counts.3.train,34
frame_02_Al_encoder.planar_fault.counts.3.test,47
frame_02_Al_encoder.planar_fault.counts.4.train,0
frame_02_Al_encoder.planar_fault.counts.4.test,0
frame_02_Al_encoder.planar_fault.test_coverage,0.993717277486911
frame_02_Al_encoder.planar_fault.balanced_accuracy,0.9023644493488281
frame_02_Al_encoder.planar_fault.ap.0,0.9976172541610744
frame_02_Al_encoder.planar_fault.ap.1,
frame_02_Al_encoder.planar_fault.ap.2,
frame_02_Al_encoder.planar_fault.ap.3,0.9062736632449505
frame_02_Al_encoder.planar_fault.ap.4,
frame_02_Al_encoder.spatial.auc,0.6215117603837204
frame_02_Al_encoder.spatial.pairs,1740
frame_02_Al_encoder.spatial.changed_pairs,639
frame_02_Al_encoder.spatial.bins,5
frame_02_Al_encoder.spatial.same_label_normalized_distance,0.22210742718907753
frame_02_Al_encoder.nonbulk_spatial.auc,0.49216801392640935
frame_02_Al_encoder.nonbulk_spatial.pairs,1169
frame_02_Al_encoder.nonbulk_spatial.changed_pairs,574
frame_02_Al_encoder.nonbulk_spatial.bins,5
frame_02_Al_encoder.nonbulk_spatial.same_label_normalized_distance,0.45400395074980565
frame_02_Al_encoder.shuffled_spatial.auc,0.5071003301242204
frame_02_Al_encoder.shuffled_spatial.pairs,1169
frame_02_Al_encoder.shuffled_spatial.changed_pairs,574
frame_02_Al_encoder.shuffled_spatial.bins,5
frame_02_Al_encoder.shuffled_spatial.same_label_normalized_distance,0.8236258621615482
frame_02_Al_encoder.collapsed_spatial.auc,0.5
frame_02_Al_encoder.collapsed_spatial.pairs,1169
frame_02_Al_encoder.collapsed_spatial.changed_pairs,574
frame_02_Al_encoder.collapsed_spatial.bins,5
frame_02_Al_encoder.collapsed_spatial.same_label_normalized_distance,
frame_02_Al_encoder.liquid_topology.train_count,218
frame_02_Al_encoder.liquid_topology.test_count,269
frame_02_Al_encoder.liquid_topology.conditional_r2_gain,-0.6361418962478638
frame_02_Al_encoder.liquid_topology.mean_r2,-0.640682578086853
frame_02_Al_encoder.nonbulk_cluster_ami,0.30177110603388196
frame_02_Al_encoder.continuity.0.0001.pair_rms,7.259973341603516
frame_02_Al_encoder.continuity.0.0001.normalized_median,0.00013507809188595117
frame_02_Al_encoder.continuity.0.0001.normalized_p95,0.0626997784535944
frame_02_Al_encoder.continuity.0.01.pair_rms,7.259973341603516
frame_02_Al_encoder.continuity.0.01.normalized_median,0.11560931437838864
frame_02_Al_encoder.continuity.0.01.normalized_p95,0.2051502569172217
frame_02_Al_encoder.continuity.0.1.pair_rms,7.259973341603516
frame_02_Al_encoder.continuity.0.1.normalized_median,0.22840156825647057
frame_02_Al_encoder.continuity.0.1.normalized_p95,0.380249728415039
frame_02_Al_encoder.triad_index_switch_fraction_1e4_A,0.00813802145421505
frame_02_Al_projector.collapse.effective_rank,2.996186574821652
frame_02_Al_projector.collapse.variance,145.83757484006105
frame_02_Al_projector.collapse.pair_rms,17.078499631997012
frame_02_Al_projector.liquid_collapse.effective_rank,1.5735596225681918
frame_02_Al_projector.liquid_collapse.variance,3.096694178892773
frame_02_Al_projector.liquid_collapse.pair_rms,2.488651915753898
frame_02_Al_projector.reference_coverage.liquid_fraction,0.509033203125
frame_02_Al_projector.reference_coverage.cutoff_stable_fraction,0.951904296875
frame_02_Al_projector.context.counts.0.train,263
frame_02_Al_projector.context.counts.0.test,337
frame_02_Al_projector.context.counts.1.train,652
frame_02_Al_projector.context.counts.1.test,563
frame_02_Al_projector.context.counts.2.train,240
frame_02_Al_projector.context.counts.2.test,211
frame_02_Al_projector.context.counts.3.train,41
frame_02_Al_projector.context.counts.3.test,50
frame_02_Al_projector.context.counts.4.train,0
frame_02_Al_projector.context.counts.4.test,0
frame_02_Al_projector.context.counts.5.train,429
frame_02_Al_projector.context.counts.5.test,525
frame_02_Al_projector.context.counts.6.train,201
frame_02_Al_projector.context.counts.6.test,224
frame_02_Al_projector.context.test_coverage,1.0
frame_02_Al_projector.context.balanced_accuracy,0.6712489362944322
frame_02_Al_projector.context.ap.0,0.4066410843150287
frame_02_Al_projector.context.ap.1,0.9965290964276408
frame_02_Al_projector.context.ap.2,0.8246829862462483
frame_02_Al_projector.context.ap.3,0.6289297180969937
frame_02_Al_projector.context.ap.4,
frame_02_Al_projector.context.ap.5,0.6949621418154033
frame_02_Al_projector.context.ap.6,0.38816281282101317
frame_02_Al_projector.ptm.counts.0.train,1032
frame_02_Al_projector.ptm.counts.0.test,1196
frame_02_Al_projector.ptm.counts.1.train,734
frame_02_Al_projector.ptm.counts.1.test,639
frame_02_Al_projector.ptm.counts.2.train,52
frame_02_Al_projector.ptm.counts.2.test,59
frame_02_Al_projector.ptm.counts.3.train,0
frame_02_Al_projector.ptm.counts.3.test,0
frame_02_Al_projector.ptm.counts.4.train,8
frame_02_Al_projector.ptm.counts.4.test,16
frame_02_Al_projector.ptm.test_coverage,0.9916230366492147
frame_02_Al_projector.ptm.balanced_accuracy,0.8984683419798162
frame_02_Al_projector.ptm.ap.0,0.972886572713389
frame_02_Al_projector.ptm.ap.1,0.9900194803264184
frame_02_Al_projector.ptm.ap.2,0.5084573759494302
frame_02_Al_projector.ptm.ap.3,
frame_02_Al_projector.ptm.ap.4,
frame_02_Al_projector.liquid_order.train_count,893
frame_02_Al_projector.liquid_order.test_count,1086
frame_02_Al_projector.liquid_order.conditional_r2_gain,0.10388559103012085
frame_02_Al_projector.liquid_order.mean_r2,0.13928700983524323
frame_02_Al_projector.context_cutoff_008.counts.0.train,263
frame_02_Al_projector.context_cutoff_008.counts.0.test,338
frame_02_Al_projector.context_cutoff_008.counts.1.train,652
frame_02_Al_projector.context_cutoff_008.counts.1.test,562
frame_02_Al_projector.context_cutoff_008.counts.2.train,209
frame_02_Al_projector.context_cutoff_008.counts.2.test,188
frame_02_Al_projector.context_cutoff_008.counts.3.train,41
frame_02_Al_projector.context_cutoff_008.counts.3.test,50
frame_02_Al_projector.context_cutoff_008.counts.4.train,0
frame_02_Al_projector.context_cutoff_008.counts.4.test,0
frame_02_Al_projector.context_cutoff_008.counts.5.train,433
frame_02_Al_projector.context_cutoff_008.counts.5.test,530
frame_02_Al_projector.context_cutoff_008.counts.6.train,228
frame_02_Al_projector.context_cutoff_008.counts.6.test,242
frame_02_Al_projector.context_cutoff_008.test_coverage,1.0
frame_02_Al_projector.context_cutoff_008.balanced_accuracy,0.683885588514091
frame_02_Al_projector.context_cutoff_008.ap.0,0.4063339815354585
frame_02_Al_projector.context_cutoff_008.ap.1,0.9964393540750571
frame_02_Al_projector.context_cutoff_008.ap.2,0.848702690990443
frame_02_Al_projector.context_cutoff_008.ap.3,0.6304233680985447
frame_02_Al_projector.context_cutoff_008.ap.4,
frame_02_Al_projector.context_cutoff_008.ap.5,0.6942814816604184
frame_02_Al_projector.context_cutoff_008.ap.6,0.44775005470250173
frame_02_Al_projector.context_cutoff_010.counts.0.train,263
frame_02_Al_projector.context_cutoff_010.counts.0.test,337
frame_02_Al_projector.context_cutoff_010.counts.1.train,652
frame_02_Al_projector.context_cutoff_010.counts.1.test,563
frame_02_Al_projector.context_cutoff_010.counts.2.train,240
frame_02_Al_projector.context_cutoff_010.counts.2.test,211
frame_02_Al_projector.context_cutoff_010.counts.3.train,41
frame_02_Al_projector.context_cutoff_010.counts.3.test,50
frame_02_Al_projector.context_cutoff_010.counts.4.train,0
frame_02_Al_projector.context_cutoff_010.counts.4.test,0
frame_02_Al_projector.context_cutoff_010.counts.5.train,429
frame_02_Al_projector.context_cutoff_010.counts.5.test,525
frame_02_Al_projector.context_cutoff_010.counts.6.train,201
frame_02_Al_projector.context_cutoff_010.counts.6.test,224
frame_02_Al_projector.context_cutoff_010.test_coverage,1.0
frame_02_Al_projector.context_cutoff_010.balanced_accuracy,0.6712489362944322
frame_02_Al_projector.context_cutoff_010.ap.0,0.4066410843150287
frame_02_Al_projector.context_cutoff_010.ap.1,0.9965290964276408
frame_02_Al_projector.context_cutoff_010.ap.2,0.8246829862462483
frame_02_Al_projector.context_cutoff_010.ap.3,0.6289297180969937
frame_02_Al_projector.context_cutoff_010.ap.4,
frame_02_Al_projector.context_cutoff_010.ap.5,0.6949621418154033
frame_02_Al_projector.context_cutoff_010.ap.6,0.38816281282101317
frame_02_Al_projector.context_cutoff_012.counts.0.train,261
frame_02_Al_projector.context_cutoff_012.counts.0.test,334
frame_02_Al_projector.context_cutoff_012.counts.1.train,661
frame_02_Al_projector.context_cutoff_012.counts.1.test,571
frame_02_Al_projector.context_cutoff_012.counts.2.train,276
frame_02_Al_projector.context_cutoff_012.counts.2.test,264
frame_02_Al_projector.context_cutoff_012.counts.3.train,41
frame_02_Al_projector.context_cutoff_012.counts.3.test,50
frame_02_Al_projector.context_cutoff_012.counts.4.train,0
frame_02_Al_projector.context_cutoff_012.counts.4.test,0
frame_02_Al_projector.context_cutoff_012.counts.5.train,421
frame_02_Al_projector.context_cutoff_012.counts.5.test,514
frame_02_Al_projector.context_cutoff_012.counts.6.train,166
frame_02_Al_projector.context_cutoff_012.counts.6.test,177
frame_02_Al_projector.context_cutoff_012.test_coverage,1.0
frame_02_Al_projector.context_cutoff_012.balanced_accuracy,0.6488567005739173
frame_02_Al_projector.context_cutoff_012.ap.0,0.4010637724353974
frame_02_Al_projector.context_cutoff_012.ap.1,0.9961431000090124
frame_02_Al_projector.context_cutoff_012.ap.2,0.7617130493442713
frame_02_Al_projector.context_cutoff_012.ap.3,0.6239472117302738
frame_02_Al_projector.context_cutoff_012.ap.4,
frame_02_Al_projector.context_cutoff_012.ap.5,0.6890676486832652
frame_02_Al_projector.context_cutoff_012.ap.6,0.29638257112747474
frame_02_Al_projector.planar_fault.counts.0.train,1774
frame_02_Al_projector.planar_fault.counts.0.test,1851
frame_02_Al_projector.planar_fault.counts.1.train,11
frame_02_Al_projector.planar_fault.counts.1.test,9
frame_02_Al_projector.planar_fault.counts.2.train,7
frame_02_Al_projector.planar_fault.counts.2.test,3
frame_02_Al_projector.planar_fault.counts.3.train,34
frame_02_Al_projector.planar_fault.counts.3.test,47
frame_02_Al_projector.planar_fault.counts.4.train,0
frame_02_Al_projector.planar_fault.counts.4.test,0
frame_02_Al_projector.planar_fault.test_coverage,0.993717277486911
frame_02_Al_projector.planar_fault.balanced_accuracy,0.9287101854086922
frame_02_Al_projector.planar_fault.ap.0,0.9949028293415112
frame_02_Al_projector.planar_fault.ap.1,
frame_02_Al_projector.planar_fault.ap.2,
frame_02_Al_projector.planar_fault.ap.3,0.5887846717870715
frame_02_Al_projector.planar_fault.ap.4,
frame_02_Al_projector.spatial.auc,0.6249613473417817
frame_02_Al_projector.spatial.pairs,1740
frame_02_Al_projector.spatial.changed_pairs,639
frame_02_Al_projector.spatial.bins,5
frame_02_Al_projector.spatial.same_label_normalized_distance,0.18257132563385925
frame_02_Al_projector.nonbulk_spatial.auc,0.4880018936677506
frame_02_Al_projector.nonbulk_spatial.pairs,1169
frame_02_Al_projector.nonbulk_spatial.changed_pairs,574
frame_02_Al_projector.nonbulk_spatial.bins,5
frame_02_Al_projector.nonbulk_spatial.same_label_normalized_distance,0.22863973293753134
frame_02_Al_projector.shuffled_spatial.auc,0.5044603154057207
frame_02_Al_projector.shuffled_spatial.pairs,1169
frame_02_Al_projector.shuffled_spatial.changed_pairs,574
frame_02_Al_projector.shuffled_spatial.bins,5
frame_02_Al_projector.shuffled_spatial.same_label_normalized_distance,0.7675317481386916
frame_02_Al_projector.collapsed_spatial.auc,0.5
frame_02_Al_projector.collapsed_spatial.pairs,1169
frame_02_Al_projector.collapsed_spatial.changed_pairs,574
frame_02_Al_projector.collapsed_spatial.bins,5
frame_02_Al_projector.collapsed_spatial.same_label_normalized_distance,
frame_02_Al_projector.liquid_topology.train_count,218
frame_02_Al_projector.liquid_topology.test_count,269
frame_02_Al_projector.liquid_topology.conditional_r2_gain,-0.11324542760848999
frame_02_Al_projector.liquid_topology.mean_r2,-0.11429498344659805
frame_02_Al_projector.nonbulk_cluster_ami,0.34074792066532844
frame_02_Al_projector.continuity.0.0001.pair_rms,16.36627954207974
frame_02_Al_projector.continuity.0.0001.normalized_median,8.264433347438853e-05
frame_02_Al_projector.continuity.0.0001.normalized_p95,0.016241715588821024
frame_02_Al_projector.continuity.0.01.pair_rms,16.36627954207974
frame_02_Al_projector.continuity.0.01.normalized_median,0.025157009723394786
frame_02_Al_projector.continuity.0.01.normalized_p95,0.12745106576584797
frame_02_Al_projector.continuity.0.1.pair_rms,16.36627954207974
frame_02_Al_projector.continuity.0.1.normalized_median,0.08844325994422347
frame_02_Al_projector.continuity.0.1.normalized_p95,0.47432612020890363
frame_02_Al_projector.triad_index_switch_fraction_1e4_A,0.00813802145421505
frame_03_Ta_encoder.collapse.effective_rank,6.811569391703755
frame_03_Ta_encoder.collapse.variance,1.609915651344951
frame_03_Ta_encoder.collapse.pair_rms,1.794388838209239
frame_03_Ta_encoder.liquid_collapse.effective_rank,6.711175986313879
frame_03_Ta_encoder.liquid_collapse.variance,1.589723053532616
frame_03_Ta_encoder.liquid_collapse.pair_rms,1.7831001393823152
frame_03_Ta_encoder.reference_coverage.liquid_fraction,0.9990234375
frame_03_Ta_encoder.reference_coverage.cutoff_stable_fraction,0.996826171875
frame_03_Ta_encoder.context.counts.0.train,798
frame_03_Ta_encoder.context.counts.0.test,743
frame_03_Ta_encoder.context.counts.1.train,0
frame_03_Ta_encoder.context.counts.1.test,0
frame_03_Ta_encoder.context.counts.2.train,3
frame_03_Ta_encoder.context.counts.2.test,0
frame_03_Ta_encoder.context.counts.3.train,0
frame_03_Ta_encoder.context.counts.3.test,0
frame_03_Ta_encoder.context.counts.4.train,0
frame_03_Ta_encoder.context.counts.4.test,0
frame_03_Ta_encoder.context.counts.5.train,800
frame_03_Ta_encoder.context.counts.5.test,785
frame_03_Ta_encoder.context.counts.6.train,424
frame_03_Ta_encoder.context.counts.6.test,370
frame_03_Ta_encoder.context.test_coverage,1.0
frame_03_Ta_encoder.context.balanced_accuracy,0.6061478294266697
frame_03_Ta_encoder.context.ap.0,0.7250024885266773
frame_03_Ta_encoder.context.ap.1,
frame_03_Ta_encoder.context.ap.2,
frame_03_Ta_encoder.context.ap.3,
frame_03_Ta_encoder.context.ap.4,
frame_03_Ta_encoder.context.ap.5,0.7785658451182657
frame_03_Ta_encoder.context.ap.6,0.435060046777174
frame_03_Ta_encoder.ptm.counts.0.train,1905
frame_03_Ta_encoder.ptm.counts.0.test,1792
frame_03_Ta_encoder.ptm.counts.1.train,0
frame_03_Ta_encoder.ptm.counts.1.test,0
frame_03_Ta_encoder.ptm.counts.2.train,0
frame_03_Ta_encoder.ptm.counts.2.test,0
frame_03_Ta_encoder.ptm.counts.3.train,3
frame_03_Ta_encoder.ptm.counts.3.test,0
frame_03_Ta_encoder.ptm.counts.4.train,117
frame_03_Ta_encoder.ptm.counts.4.test,106
frame_03_Ta_encoder.ptm.test_coverage,1.0
frame_03_Ta_encoder.ptm.balanced_accuracy,0.871925539083558
frame_03_Ta_encoder.ptm.ap.0,0.9967972792074783
frame_03_Ta_encoder.ptm.ap.1,
frame_03_Ta_encoder.ptm.ap.2,
frame_03_Ta_encoder.ptm.ap.3,
frame_03_Ta_encoder.ptm.ap.4,0.6057459902042426
frame_03_Ta_encoder.liquid_order.train_count,2022
frame_03_Ta_encoder.liquid_order.test_count,1898
frame_03_Ta_encoder.liquid_order.conditional_r2_gain,0.1612115055322647
frame_03_Ta_encoder.liquid_order.mean_r2,0.27863529324531555
frame_03_Ta_encoder.context_cutoff_008.counts.0.train,798
frame_03_Ta_encoder.context_cutoff_008.counts.0.test,743
frame_03_Ta_encoder.context_cutoff_008.counts.1.train,0
frame_03_Ta_encoder.context_cutoff_008.counts.1.test,0
frame_03_Ta_encoder.context_cutoff_008.counts.2.train,2
frame_03_Ta_encoder.context_cutoff_008.counts.2.test,0
frame_03_Ta_encoder.context_cutoff_008.counts.3.train,0
frame_03_Ta_encoder.context_cutoff_008.counts.3.test,0
frame_03_Ta_encoder.context_cutoff_008.counts.4.train,0
frame_03_Ta_encoder.context_cutoff_008.counts.4.test,0
frame_03_Ta_encoder.context_cutoff_008.counts.5.train,800
frame_03_Ta_encoder.context_cutoff_008.counts.5.test,785
frame_03_Ta_encoder.context_cutoff_008.counts.6.train,425
frame_03_Ta_encoder.context_cutoff_008.counts.6.test,370
frame_03_Ta_encoder.context_cutoff_008.test_coverage,1.0
frame_03_Ta_encoder.context_cutoff_008.balanced_accuracy,0.6065964611000659
frame_03_Ta_encoder.context_cutoff_008.ap.0,0.7251288608399223
frame_03_Ta_encoder.context_cutoff_008.ap.1,
frame_03_Ta_encoder.context_cutoff_008.ap.2,
frame_03_Ta_encoder.context_cutoff_008.ap.3,
frame_03_Ta_encoder.context_cutoff_008.ap.4,
frame_03_Ta_encoder.context_cutoff_008.ap.5,0.778617762387123
frame_03_Ta_encoder.context_cutoff_008.ap.6,0.43505082616008306
frame_03_Ta_encoder.context_cutoff_010.counts.0.train,798
frame_03_Ta_encoder.context_cutoff_010.counts.0.test,743
frame_03_Ta_encoder.context_cutoff_010.counts.1.train,0
frame_03_Ta_encoder.context_cutoff_010.counts.1.test,0
frame_03_Ta_encoder.context_cutoff_010.counts.2.train,3
frame_03_Ta_encoder.context_cutoff_010.counts.2.test,0
frame_03_Ta_encoder.context_cutoff_010.counts.3.train,0
frame_03_Ta_encoder.context_cutoff_010.counts.3.test,0
frame_03_Ta_encoder.context_cutoff_010.counts.4.train,0
frame_03_Ta_encoder.context_cutoff_010.counts.4.test,0
frame_03_Ta_encoder.context_cutoff_010.counts.5.train,800
frame_03_Ta_encoder.context_cutoff_010.counts.5.test,785
frame_03_Ta_encoder.context_cutoff_010.counts.6.train,424
frame_03_Ta_encoder.context_cutoff_010.counts.6.test,370
frame_03_Ta_encoder.context_cutoff_010.test_coverage,1.0
frame_03_Ta_encoder.context_cutoff_010.balanced_accuracy,0.6061478294266697
frame_03_Ta_encoder.context_cutoff_010.ap.0,0.7250024885266773
frame_03_Ta_encoder.context_cutoff_010.ap.1,
frame_03_Ta_encoder.context_cutoff_010.ap.2,
frame_03_Ta_encoder.context_cutoff_010.ap.3,
frame_03_Ta_encoder.context_cutoff_010.ap.4,
frame_03_Ta_encoder.context_cutoff_010.ap.5,0.7785658451182657
frame_03_Ta_encoder.context_cutoff_010.ap.6,0.435060046777174
frame_03_Ta_encoder.context_cutoff_012.counts.0.train,798
frame_03_Ta_encoder.context_cutoff_012.counts.0.test,743
frame_03_Ta_encoder.context_cutoff_012.counts.1.train,0
frame_03_Ta_encoder.context_cutoff_012.counts.1.test,0
frame_03_Ta_encoder.context_cutoff_012.counts.2.train,6
frame_03_Ta_encoder.context_cutoff_012.counts.2.test,7
frame_03_Ta_encoder.context_cutoff_012.counts.3.train,0
frame_03_Ta_encoder.context_cutoff_012.counts.3.test,0
frame_03_Ta_encoder.context_cutoff_012.counts.4.train,0
frame_03_Ta_encoder.context_cutoff_012.counts.4.test,0
frame_03_Ta_encoder.context_cutoff_012.counts.5.train,800
frame_03_Ta_encoder.context_cutoff_012.counts.5.test,784
frame_03_Ta_encoder.context_cutoff_012.counts.6.train,421
frame_03_Ta_encoder.context_cutoff_012.counts.6.test,364
frame_03_Ta_encoder.context_cutoff_012.test_coverage,0.9963119072708114
frame_03_Ta_encoder.context_cutoff_012.balanced_accuracy,0.605414005337097
frame_03_Ta_encoder.context_cutoff_012.ap.0,0.7240860390554024
frame_03_Ta_encoder.context_cutoff_012.ap.1,
frame_03_Ta_encoder.context_cutoff_012.ap.2,
frame_03_Ta_encoder.context_cutoff_012.ap.3,
frame_03_Ta_encoder.context_cutoff_012.ap.4,
frame_03_Ta_encoder.context_cutoff_012.ap.5,0.7782103017073725
frame_03_Ta_encoder.context_cutoff_012.ap.6,0.4113036755158368
frame_03_Ta_encoder.spatial.auc,0.5152685837749161
frame_03_Ta_encoder.spatial.pairs,1884
frame_03_Ta_encoder.spatial.changed_pairs,1030
frame_03_Ta_encoder.spatial.bins,5
frame_03_Ta_encoder.spatial.same_label_normalized_distance,0.8941596866189189
frame_03_Ta_encoder.nonbulk_spatial.auc,0.5152685837749161
frame_03_Ta_encoder.nonbulk_spatial.pairs,1884
frame_03_Ta_encoder.nonbulk_spatial.changed_pairs,1030
frame_03_Ta_encoder.nonbulk_spatial.bins,5
frame_03_Ta_encoder.nonbulk_spatial.same_label_normalized_distance,0.8941596866189189
frame_03_Ta_encoder.shuffled_spatial.auc,0.5032630926109912
frame_03_Ta_encoder.shuffled_spatial.pairs,1884
frame_03_Ta_encoder.shuffled_spatial.changed_pairs,1030
frame_03_Ta_encoder.shuffled_spatial.bins,5
frame_03_Ta_encoder.shuffled_spatial.same_label_normalized_distance,0.9551214225544842
frame_03_Ta_encoder.collapsed_spatial.auc,0.5
frame_03_Ta_encoder.collapsed_spatial.pairs,1884
frame_03_Ta_encoder.collapsed_spatial.changed_pairs,1030
frame_03_Ta_encoder.collapsed_spatial.bins,5
frame_03_Ta_encoder.collapsed_spatial.same_label_normalized_distance,
frame_03_Ta_encoder.liquid_topology.train_count,521
frame_03_Ta_encoder.liquid_topology.test_count,465
frame_03_Ta_encoder.liquid_topology.conditional_r2_gain,-0.8652133345603943
frame_03_Ta_encoder.liquid_topology.mean_r2,-0.8669635653495789
frame_03_Ta_encoder.nonbulk_cluster_ami,0.034670410560645376
frame_03_Ta_encoder.continuity.0.0001.pair_rms,1.8114107397995378
frame_03_Ta_encoder.continuity.0.0001.normalized_median,0.00040880372575265926
frame_03_Ta_encoder.continuity.0.0001.normalized_p95,0.03172153337522231
frame_03_Ta_encoder.continuity.0.01.pair_rms,1.8114107397995378
frame_03_Ta_encoder.continuity.0.01.normalized_median,0.2522248678315062
frame_03_Ta_encoder.continuity.0.01.normalized_p95,0.5547961946615946
frame_03_Ta_encoder.continuity.0.1.pair_rms,1.8114107397995378
frame_03_Ta_encoder.continuity.0.1.normalized_median,0.6869300802165034
frame_03_Ta_encoder.continuity.0.1.normalized_p95,1.075638903782198
frame_03_Ta_encoder.triad_index_switch_fraction_1e4_A,0.00032552084303461015
frame_03_Ta_projector.collapse.effective_rank,1.3836502925994445
frame_03_Ta_projector.collapse.variance,1.2711275246144043
frame_03_Ta_projector.collapse.pair_rms,1.5944450599593605
frame_03_Ta_projector.liquid_collapse.effective_rank,1.171761498032132
frame_03_Ta_projector.liquid_collapse.variance,1.162263832672177
frame_03_Ta_projector.liquid_collapse.pair_rms,1.524640175695352
frame_03_Ta_projector.reference_coverage.liquid_fraction,0.9990234375
frame_03_Ta_projector.reference_coverage.cutoff_stable_fraction,0.996826171875
frame_03_Ta_projector.context.counts.0.train,798
frame_03_Ta_projector.context.counts.0.test,743
frame_03_Ta_projector.context.counts.1.train,0
frame_03_Ta_projector.context.counts.1.test,0
frame_03_Ta_projector.context.counts.2.train,3
frame_03_Ta_projector.context.counts.2.test,0
frame_03_Ta_projector.context.counts.3.train,0
frame_03_Ta_projector.context.counts.3.test,0
frame_03_Ta_projector.context.counts.4.train,0
frame_03_Ta_projector.context.counts.4.test,0
frame_03_Ta_projector.context.counts.5.train,800
frame_03_Ta_projector.context.counts.5.test,785
frame_03_Ta_projector.context.counts.6.train,424
frame_03_Ta_projector.context.counts.6.test,370
frame_03_Ta_projector.context.test_coverage,1.0
frame_03_Ta_projector.context.balanced_accuracy,0.5503208423123384
frame_03_Ta_projector.context.ap.0,0.6127900673354757
frame_03_Ta_projector.context.ap.1,
frame_03_Ta_projector.context.ap.2,
frame_03_Ta_projector.context.ap.3,
frame_03_Ta_projector.context.ap.4,
frame_03_Ta_projector.context.ap.5,0.7138813155731214
frame_03_Ta_projector.context.ap.6,0.40077864685276937
frame_03_Ta_projector.ptm.counts.0.train,1905
frame_03_Ta_projector.ptm.counts.0.test,1792
frame_03_Ta_projector.ptm.counts.1.train,0
frame_03_Ta_projector.ptm.counts.1.test,0
frame_03_Ta_projector.ptm.counts.2.train,0
frame_03_Ta_projector.ptm.counts.2.test,0
frame_03_Ta_projector.ptm.counts.3.train,3
frame_03_Ta_projector.ptm.counts.3.test,0
frame_03_Ta_projector.ptm.counts.4.train,117
frame_03_Ta_projector.ptm.counts.4.test,106
frame_03_Ta_projector.ptm.test_coverage,1.0
frame_03_Ta_projector.ptm.balanced_accuracy,0.8324787314690028
frame_03_Ta_projector.ptm.ap.0,0.9933682783922169
frame_03_Ta_projector.ptm.ap.1,
frame_03_Ta_projector.ptm.ap.2,
frame_03_Ta_projector.ptm.ap.3,
frame_03_Ta_projector.ptm.ap.4,0.423682516716105
frame_03_Ta_projector.liquid_order.train_count,2022
frame_03_Ta_projector.liquid_order.test_count,1898
frame_03_Ta_projector.liquid_order.conditional_r2_gain,0.11401227861642838
frame_03_Ta_projector.liquid_order.mean_r2,0.17931585013866425
frame_03_Ta_projector.context_cutoff_008.counts.0.train,798
frame_03_Ta_projector.context_cutoff_008.counts.0.test,743
frame_03_Ta_projector.context_cutoff_008.counts.1.train,0
frame_03_Ta_projector.context_cutoff_008.counts.1.test,0
frame_03_Ta_projector.context_cutoff_008.counts.2.train,2
frame_03_Ta_projector.context_cutoff_008.counts.2.test,0
frame_03_Ta_projector.context_cutoff_008.counts.3.train,0
frame_03_Ta_projector.context_cutoff_008.counts.3.test,0
frame_03_Ta_projector.context_cutoff_008.counts.4.train,0
frame_03_Ta_projector.context_cutoff_008.counts.4.test,0
frame_03_Ta_projector.context_cutoff_008.counts.5.train,800
frame_03_Ta_projector.context_cutoff_008.counts.5.test,785
frame_03_Ta_projector.context_cutoff_008.counts.6.train,425
frame_03_Ta_projector.context_cutoff_008.counts.6.test,370
frame_03_Ta_projector.context_cutoff_008.test_coverage,1.0
frame_03_Ta_projector.context_cutoff_008.balanced_accuracy,0.5503208423123384
frame_03_Ta_projector.context_cutoff_008.ap.0,0.6123688087505461
frame_03_Ta_projector.context_cutoff_008.ap.1,
frame_03_Ta_projector.context_cutoff_008.ap.2,
frame_03_Ta_projector.context_cutoff_008.ap.3,
frame_03_Ta_projector.context_cutoff_008.ap.4,
frame_03_Ta_projector.context_cutoff_008.ap.5,0.7138134664855363
frame_03_Ta_projector.context_cutoff_008.ap.6,0.4009219466381674
frame_03_Ta_projector.context_cutoff_010.counts.0.train,798
frame_03_Ta_projector.context_cutoff_010.counts.0.test,743
frame_03_Ta_projector.context_cutoff_010.counts.1.train,0
frame_03_Ta_projector.context_cutoff_010.counts.1.test,0
frame_03_Ta_projector.context_cutoff_010.counts.2.train,3
frame_03_Ta_projector.context_cutoff_010.counts.2.test,0
frame_03_Ta_projector.context_cutoff_010.counts.3.train,0
frame_03_Ta_projector.context_cutoff_010.counts.3.test,0
frame_03_Ta_projector.context_cutoff_010.counts.4.train,0
frame_03_Ta_projector.context_cutoff_010.counts.4.test,0
frame_03_Ta_projector.context_cutoff_010.counts.5.train,800
frame_03_Ta_projector.context_cutoff_010.counts.5.test,785
frame_03_Ta_projector.context_cutoff_010.counts.6.train,424
frame_03_Ta_projector.context_cutoff_010.counts.6.test,370
frame_03_Ta_projector.context_cutoff_010.test_coverage,1.0
frame_03_Ta_projector.context_cutoff_010.balanced_accuracy,0.5503208423123384
frame_03_Ta_projector.context_cutoff_010.ap.0,0.6127900673354757
frame_03_Ta_projector.context_cutoff_010.ap.1,
frame_03_Ta_projector.context_cutoff_010.ap.2,
frame_03_Ta_projector.context_cutoff_010.ap.3,
frame_03_Ta_projector.context_cutoff_010.ap.4,
frame_03_Ta_projector.context_cutoff_010.ap.5,0.7138813155731214
frame_03_Ta_projector.context_cutoff_010.ap.6,0.40077864685276937
frame_03_Ta_projector.context_cutoff_012.counts.0.train,798
frame_03_Ta_projector.context_cutoff_012.counts.0.test,743
frame_03_Ta_projector.context_cutoff_012.counts.1.train,0
frame_03_Ta_projector.context_cutoff_012.counts.1.test,0
frame_03_Ta_projector.context_cutoff_012.counts.2.train,6
frame_03_Ta_projector.context_cutoff_012.counts.2.test,7
frame_03_Ta_projector.context_cutoff_012.counts.3.train,0
frame_03_Ta_projector.context_cutoff_012.counts.3.test,0
frame_03_Ta_projector.context_cutoff_012.counts.4.train,0
frame_03_Ta_projector.context_cutoff_012.counts.4.test,0
frame_03_Ta_projector.context_cutoff_012.counts.5.train,800
frame_03_Ta_projector.context_cutoff_012.counts.5.test,784
frame_03_Ta_projector.context_cutoff_012.counts.6.train,421
frame_03_Ta_projector.context_cutoff_012.counts.6.test,364
frame_03_Ta_projector.context_cutoff_012.test_coverage,0.9963119072708114
frame_03_Ta_projector.context_cutoff_012.balanced_accuracy,0.5480950144836897
frame_03_Ta_projector.context_cutoff_012.ap.0,0.6118571211190101
frame_03_Ta_projector.context_cutoff_012.ap.1,
frame_03_Ta_projector.context_cutoff_012.ap.2,
frame_03_Ta_projector.context_cutoff_012.ap.3,
frame_03_Ta_projector.context_cutoff_012.ap.4,
frame_03_Ta_projector.context_cutoff_012.ap.5,0.7141361444473138
frame_03_Ta_projector.context_cutoff_012.ap.6,0.3804251442708651
frame_03_Ta_projector.spatial.auc,0.5176783817086821
frame_03_Ta_projector.spatial.pairs,1884
frame_03_Ta_projector.spatial.changed_pairs,1030
frame_03_Ta_projector.spatial.bins,5
frame_03_Ta_projector.spatial.same_label_normalized_distance,0.7158455812318992
frame_03_Ta_projector.nonbulk_spatial.auc,0.5176783817086821
frame_03_Ta_projector.nonbulk_spatial.pairs,1884
frame_03_Ta_projector.nonbulk_spatial.changed_pairs,1030
frame_03_Ta_projector.nonbulk_spatial.bins,5
frame_03_Ta_projector.nonbulk_spatial.same_label_normalized_distance,0.7158455812318992
frame_03_Ta_projector.shuffled_spatial.auc,0.49745580445471616
frame_03_Ta_projector.shuffled_spatial.pairs,1884
frame_03_Ta_projector.shuffled_spatial.changed_pairs,1030
frame_03_Ta_projector.shuffled_spatial.bins,5
frame_03_Ta_projector.shuffled_spatial.same_label_normalized_distance,0.7815633273480939
frame_03_Ta_projector.collapsed_spatial.auc,0.5
frame_03_Ta_projector.collapsed_spatial.pairs,1884
frame_03_Ta_projector.collapsed_spatial.changed_pairs,1030
frame_03_Ta_projector.collapsed_spatial.bins,5
frame_03_Ta_projector.collapsed_spatial.same_label_normalized_distance,
frame_03_Ta_projector.liquid_topology.train_count,521
frame_03_Ta_projector.liquid_topology.test_count,465
frame_03_Ta_projector.liquid_topology.conditional_r2_gain,-0.09506681561470032
frame_03_Ta_projector.liquid_topology.mean_r2,-0.10651809722185135
frame_03_Ta_projector.nonbulk_cluster_ami,0.038459525676228394
frame_03_Ta_projector.continuity.0.0001.pair_rms,2.243574193194406
frame_03_Ta_projector.continuity.0.0001.normalized_median,0.00023423970313919614
frame_03_Ta_projector.continuity.0.0001.normalized_p95,0.011444437088411917
frame_03_Ta_projector.continuity.0.01.pair_rms,2.243574193194406
frame_03_Ta_projector.continuity.0.01.normalized_median,0.10339623964595476
frame_03_Ta_projector.continuity.0.01.normalized_p95,0.32946143675167944
frame_03_Ta_projector.continuity.0.1.pair_rms,2.243574193194406
frame_03_Ta_projector.continuity.0.1.normalized_median,0.3317185409888184
frame_03_Ta_projector.continuity.0.1.normalized_p95,0.9779332530679371
frame_03_Ta_projector.triad_index_switch_fraction_1e4_A,0.00032552084303461015
frame_04_Ta_encoder.collapse.effective_rank,1.6562923413200992
frame_04_Ta_encoder.collapse.variance,7.861596787790963
frame_04_Ta_encoder.collapse.pair_rms,3.9652482363128194
frame_04_Ta_encoder.liquid_collapse.effective_rank,6.105371878200748
frame_04_Ta_encoder.liquid_collapse.variance,1.658955322786042
frame_04_Ta_encoder.liquid_collapse.pair_rms,1.8215132844895983
frame_04_Ta_encoder.reference_coverage.liquid_fraction,0.927001953125
frame_04_Ta_encoder.reference_coverage.cutoff_stable_fraction,0.99365234375
frame_04_Ta_encoder.context.counts.0.train,667
frame_04_Ta_encoder.context.counts.0.test,749
frame_04_Ta_encoder.context.counts.1.train,168
frame_04_Ta_encoder.context.counts.1.test,58
frame_04_Ta_encoder.context.counts.2.train,32
frame_04_Ta_encoder.context.counts.2.test,40
frame_04_Ta_encoder.context.counts.3.train,0
frame_04_Ta_encoder.context.counts.3.test,0
frame_04_Ta_encoder.context.counts.4.train,0
frame_04_Ta_encoder.context.counts.4.test,0
frame_04_Ta_encoder.context.counts.5.train,725
frame_04_Ta_encoder.context.counts.5.test,759
frame_04_Ta_encoder.context.counts.6.train,381
frame_04_Ta_encoder.context.counts.6.test,364
frame_04_Ta_encoder.context.test_coverage,1.0
frame_04_Ta_encoder.context.balanced_accuracy,0.7087413948221162
frame_04_Ta_encoder.context.ap.0,0.7366414739862963
frame_04_Ta_encoder.context.ap.1,0.9902494444570448
frame_04_Ta_encoder.context.ap.2,0.8743087154857241
frame_04_Ta_encoder.context.ap.3,
frame_04_Ta_encoder.context.ap.4,
frame_04_Ta_encoder.context.ap.5,0.7739081948009287
frame_04_Ta_encoder.context.ap.6,0.4460663970484373
frame_04_Ta_encoder.ptm.counts.0.train,1692
frame_04_Ta_encoder.ptm.counts.0.test,1809
frame_04_Ta_encoder.ptm.counts.1.train,0
frame_04_Ta_encoder.ptm.counts.1.test,0
frame_04_Ta_encoder.ptm.counts.2.train,0
frame_04_Ta_encoder.ptm.counts.2.test,0
frame_04_Ta_encoder.ptm.counts.3.train,188
frame_04_Ta_encoder.ptm.counts.3.test,73
frame_04_Ta_encoder.ptm.counts.4.train,93
frame_04_Ta_encoder.ptm.counts.4.test,88
frame_04_Ta_encoder.ptm.test_coverage,1.0
frame_04_Ta_encoder.ptm.balanced_accuracy,0.8892517372548722
frame_04_Ta_encoder.ptm.ap.0,0.996613086416082
frame_04_Ta_encoder.ptm.ap.1,
frame_04_Ta_encoder.ptm.ap.2,
frame_04_Ta_encoder.ptm.ap.3,0.9919708030635664
frame_04_Ta_encoder.ptm.ap.4,0.5290558272632396
frame_04_Ta_encoder.liquid_order.train_count,1773
frame_04_Ta_encoder.liquid_order.test_count,1872
frame_04_Ta_encoder.liquid_order.conditional_r2_gain,0.1772933453321457
frame_04_Ta_encoder.liquid_order.mean_r2,0.28662440180778503
frame_04_Ta_encoder.context_cutoff_008.counts.0.train,667
frame_04_Ta_encoder.context_cutoff_008.counts.0.test,749
frame_04_Ta_encoder.context_cutoff_008.counts.1.train,167
frame_04_Ta_encoder.context_cutoff_008.counts.1.test,58
frame_04_Ta_encoder.context_cutoff_008.counts.2.train,31
frame_04_Ta_encoder.context_cutoff_008.counts.2.test,32
frame_04_Ta_encoder.context_cutoff_008.counts.3.train,0
frame_04_Ta_encoder.context_cutoff_008.counts.3.test,0
frame_04_Ta_encoder.context_cutoff_008.counts.4.train,0
frame_04_Ta_encoder.context_cutoff_008.counts.4.test,0
frame_04_Ta_encoder.context_cutoff_008.counts.5.train,726
frame_04_Ta_encoder.context_cutoff_008.counts.5.test,760
frame_04_Ta_encoder.context_cutoff_008.counts.6.train,382
frame_04_Ta_encoder.context_cutoff_008.counts.6.test,371
frame_04_Ta_encoder.context_cutoff_008.test_coverage,1.0
frame_04_Ta_encoder.context_cutoff_008.balanced_accuracy,0.7237952843286992
frame_04_Ta_encoder.context_cutoff_008.ap.0,0.7366788157428393
frame_04_Ta_encoder.context_cutoff_008.ap.1,0.9905543208352879
frame_04_Ta_encoder.context_cutoff_008.ap.2,0.9003764558546666
frame_04_Ta_encoder.context_cutoff_008.ap.3,
frame_04_Ta_encoder.context_cutoff_008.ap.4,
frame_04_Ta_encoder.context_cutoff_008.ap.5,0.7732487395150534
frame_04_Ta_encoder.context_cutoff_008.ap.6,0.470128154486598
frame_04_Ta_encoder.context_cutoff_010.counts.0.train,667
frame_04_Ta_encoder.context_cutoff_010.counts.0.test,749
frame_04_Ta_encoder.context_cutoff_010.counts.1.train,168
frame_04_Ta_encoder.context_cutoff_010.counts.1.test,58
frame_04_Ta_encoder.context_cutoff_010.counts.2.train,32
frame_04_Ta_encoder.context_cutoff_010.counts.2.test,40
frame_04_Ta_encoder.context_cutoff_010.counts.3.train,0
frame_04_Ta_encoder.context_cutoff_010.counts.3.test,0
frame_04_Ta_encoder.context_cutoff_010.counts.4.train,0
frame_04_Ta_encoder.context_cutoff_010.counts.4.test,0
frame_04_Ta_encoder.context_cutoff_010.counts.5.train,725
frame_04_Ta_encoder.context_cutoff_010.counts.5.test,759
frame_04_Ta_encoder.context_cutoff_010.counts.6.train,381
frame_04_Ta_encoder.context_cutoff_010.counts.6.test,364
frame_04_Ta_encoder.context_cutoff_010.test_coverage,1.0
frame_04_Ta_encoder.context_cutoff_010.balanced_accuracy,0.7087413948221162
frame_04_Ta_encoder.context_cutoff_010.ap.0,0.7366414739862963
frame_04_Ta_encoder.context_cutoff_010.ap.1,0.9902494444570448
frame_04_Ta_encoder.context_cutoff_010.ap.2,0.8743087154857241
frame_04_Ta_encoder.context_cutoff_010.ap.3,
frame_04_Ta_encoder.context_cutoff_010.ap.4,
frame_04_Ta_encoder.context_cutoff_010.ap.5,0.7739081948009287
frame_04_Ta_encoder.context_cutoff_010.ap.6,0.4460663970484373
frame_04_Ta_encoder.context_cutoff_012.counts.0.train,667
frame_04_Ta_encoder.context_cutoff_012.counts.0.test,749
frame_04_Ta_encoder.context_cutoff_012.counts.1.train,171
frame_04_Ta_encoder.context_cutoff_012.counts.1.test,59
frame_04_Ta_encoder.context_cutoff_012.counts.2.train,34
frame_04_Ta_encoder.context_cutoff_012.counts.2.test,44
frame_04_Ta_encoder.context_cutoff_012.counts.3.train,0
frame_04_Ta_encoder.context_cutoff_012.counts.3.test,0
frame_04_Ta_encoder.context_cutoff_012.counts.4.train,0
frame_04_Ta_encoder.context_cutoff_012.counts.4.test,0
frame_04_Ta_encoder.context_cutoff_012.counts.5.train,725
frame_04_Ta_encoder.context_cutoff_012.counts.5.test,759
frame_04_Ta_encoder.context_cutoff_012.counts.6.train,376
frame_04_Ta_encoder.context_cutoff_012.counts.6.test,359
frame_04_Ta_encoder.context_cutoff_012.test_coverage,1.0
frame_04_Ta_encoder.context_cutoff_012.balanced_accuracy,0.6817779253999559
frame_04_Ta_encoder.context_cutoff_012.ap.0,0.7370139332009508
frame_04_Ta_encoder.context_cutoff_012.ap.1,0.9706158552750922
frame_04_Ta_encoder.context_cutoff_012.ap.2,0.7649955148332005
frame_04_Ta_encoder.context_cutoff_012.ap.3,
frame_04_Ta_encoder.context_cutoff_012.ap.4,
frame_04_Ta_encoder.context_cutoff_012.ap.5,0.7746361695988596
frame_04_Ta_encoder.context_cutoff_012.ap.6,0.4273173938279308
frame_04_Ta_encoder.spatial.auc,0.5152070586543588
frame_04_Ta_encoder.spatial.pairs,1936
frame_04_Ta_encoder.spatial.changed_pairs,1040
frame_04_Ta_encoder.spatial.bins,5
frame_04_Ta_encoder.spatial.same_label_normalized_distance,0.5066499294737796
frame_04_Ta_encoder.nonbulk_spatial.auc,0.51401165070216
frame_04_Ta_encoder.nonbulk_spatial.pairs,1875
frame_04_Ta_encoder.nonbulk_spatial.changed_pairs,1031
frame_04_Ta_encoder.nonbulk_spatial.bins,5
frame_04_Ta_encoder.nonbulk_spatial.same_label_normalized_distance,0.7767676394903663
frame_04_Ta_encoder.shuffled_spatial.auc,0.5024305061788233
frame_04_Ta_encoder.shuffled_spatial.pairs,1875
frame_04_Ta_encoder.shuffled_spatial.changed_pairs,1031
frame_04_Ta_encoder.shuffled_spatial.bins,5
frame_04_Ta_encoder.shuffled_spatial.same_label_normalized_distance,0.7250933296749095
frame_04_Ta_encoder.collapsed_spatial.auc,0.5
frame_04_Ta_encoder.collapsed_spatial.pairs,1875
frame_04_Ta_encoder.collapsed_spatial.changed_pairs,1031
frame_04_Ta_encoder.collapsed_spatial.bins,5
frame_04_Ta_encoder.collapsed_spatial.same_label_normalized_distance,
frame_04_Ta_encoder.liquid_topology.train_count,431
frame_04_Ta_encoder.liquid_topology.test_count,475
frame_04_Ta_encoder.liquid_topology.conditional_r2_gain,-12.580660820007324
frame_04_Ta_encoder.liquid_topology.mean_r2,-12.775567054748535
frame_04_Ta_encoder.nonbulk_cluster_ami,0.0718185171952491
frame_04_Ta_encoder.continuity.0.0001.pair_rms,4.382603351682262
frame_04_Ta_encoder.continuity.0.0001.normalized_median,0.00017568324623990278
frame_04_Ta_encoder.continuity.0.0001.normalized_p95,0.046767348402547204
frame_04_Ta_encoder.continuity.0.01.pair_rms,4.382603351682262
frame_04_Ta_encoder.continuity.0.01.normalized_median,0.11796550692653368
frame_04_Ta_encoder.continuity.0.01.normalized_p95,0.31526485641955576
frame_04_Ta_encoder.continuity.0.1.pair_rms,4.382603351682262
frame_04_Ta_encoder.continuity.0.1.normalized_median,0.30666107954531
frame_04_Ta_encoder.continuity.0.1.normalized_p95,0.8950429857230731
frame_04_Ta_encoder.triad_index_switch_fraction_1e4_A,0.00341796875
frame_04_Ta_projector.collapse.effective_rank,2.677856832311759
frame_04_Ta_projector.collapse.variance,12.476100362463244
frame_04_Ta_projector.collapse.pair_rms,4.99521778553513
frame_04_Ta_projector.liquid_collapse.effective_rank,1.2218725500055092
frame_04_Ta_projector.liquid_collapse.variance,1.2319644938329164
frame_04_Ta_projector.liquid_collapse.pair_rms,1.5696907299419949
frame_04_Ta_projector.reference_coverage.liquid_fraction,0.927001953125
frame_04_Ta_projector.reference_coverage.cutoff_stable_fraction,0.99365234375
frame_04_Ta_projector.context.counts.0.train,667
frame_04_Ta_projector.context.counts.0.test,749
frame_04_Ta_projector.context.counts.1.train,168
frame_04_Ta_projector.context.counts.1.test,58
frame_04_Ta_projector.context.counts.2.train,32
frame_04_Ta_projector.context.counts.2.test,40
frame_04_Ta_projector.context.counts.3.train,0
frame_04_Ta_projector.context.counts.3.test,0
frame_04_Ta_projector.context.counts.4.train,0
frame_04_Ta_projector.context.counts.4.test,0
frame_04_Ta_projector.context.counts.5.train,725
frame_04_Ta_projector.context.counts.5.test,759
frame_04_Ta_projector.context.counts.6.train,381
frame_04_Ta_projector.context.counts.6.test,364
frame_04_Ta_projector.context.test_coverage,1.0
frame_04_Ta_projector.context.balanced_accuracy,0.6241159249891333
frame_04_Ta_projector.context.ap.0,0.5527862285335059
frame_04_Ta_projector.context.ap.1,0.9500177509898288
frame_04_Ta_projector.context.ap.2,0.7273060137357173
frame_04_Ta_projector.context.ap.3,
frame_04_Ta_projector.context.ap.4,
frame_04_Ta_projector.context.ap.5,0.669034553550849
frame_04_Ta_projector.context.ap.6,0.3902266208394882
frame_04_Ta_projector.ptm.counts.0.train,1692
frame_04_Ta_projector.ptm.counts.0.test,1809
frame_04_Ta_projector.ptm.counts.1.train,0
frame_04_Ta_projector.ptm.counts.1.test,0
frame_04_Ta_projector.ptm.counts.2.train,0
frame_04_Ta_projector.ptm.counts.2.test,0
frame_04_Ta_projector.ptm.counts.3.train,188
frame_04_Ta_projector.ptm.counts.3.test,73
frame_04_Ta_projector.ptm.counts.4.train,93
frame_04_Ta_projector.ptm.counts.4.test,88
frame_04_Ta_projector.ptm.test_coverage,1.0
frame_04_Ta_projector.ptm.balanced_accuracy,0.85891012742202
frame_04_Ta_projector.ptm.ap.0,0.9877846885524676
frame_04_Ta_projector.ptm.ap.1,
frame_04_Ta_projector.ptm.ap.2,
frame_04_Ta_projector.ptm.ap.3,0.9279285659014848
frame_04_Ta_projector.ptm.ap.4,0.35684850635397664
frame_04_Ta_projector.liquid_order.train_count,1773
frame_04_Ta_projector.liquid_order.test_count,1872
frame_04_Ta_projector.liquid_order.conditional_r2_gain,0.11542686074972153
frame_04_Ta_projector.liquid_order.mean_r2,0.16345880925655365
frame_04_Ta_projector.context_cutoff_008.counts.0.train,667
frame_04_Ta_projector.context_cutoff_008.counts.0.test,749
frame_04_Ta_projector.context_cutoff_008.counts.1.train,167
frame_04_Ta_projector.context_cutoff_008.counts.1.test,58
frame_04_Ta_projector.context_cutoff_008.counts.2.train,31
frame_04_Ta_projector.context_cutoff_008.counts.2.test,32
frame_04_Ta_projector.context_cutoff_008.counts.3.train,0
frame_04_Ta_projector.context_cutoff_008.counts.3.test,0
frame_04_Ta_projector.context_cutoff_008.counts.4.train,0
frame_04_Ta_projector.context_cutoff_008.counts.4.test,0
frame_04_Ta_projector.context_cutoff_008.counts.5.train,726
frame_04_Ta_projector.context_cutoff_008.counts.5.test,760
frame_04_Ta_projector.context_cutoff_008.counts.6.train,382
frame_04_Ta_projector.context_cutoff_008.counts.6.test,371
frame_04_Ta_projector.context_cutoff_008.test_coverage,1.0
frame_04_Ta_projector.context_cutoff_008.balanced_accuracy,0.6716465233444614
frame_04_Ta_projector.context_cutoff_008.ap.0,0.5548968104084946
frame_04_Ta_projector.context_cutoff_008.ap.1,0.9529654369997375
frame_04_Ta_projector.context_cutoff_008.ap.2,0.8569205663145057
frame_04_Ta_projector.context_cutoff_008.ap.3,
frame_04_Ta_projector.context_cutoff_008.ap.4,
frame_04_Ta_projector.context_cutoff_008.ap.5,0.6702074034108225
frame_04_Ta_projector.context_cutoff_008.ap.6,0.4328421446455348
frame_04_Ta_projector.context_cutoff_010.counts.0.train,667
frame_04_Ta_projector.context_cutoff_010.counts.0.test,749
frame_04_Ta_projector.context_cutoff_010.counts.1.train,168
frame_04_Ta_projector.context_cutoff_010.counts.1.test,58
frame_04_Ta_projector.context_cutoff_010.counts.2.train,32
frame_04_Ta_projector.context_cutoff_010.counts.2.test,40
frame_04_Ta_projector.context_cutoff_010.counts.3.train,0
frame_04_Ta_projector.context_cutoff_010.counts.3.test,0
frame_04_Ta_projector.context_cutoff_010.counts.4.train,0
frame_04_Ta_projector.context_cutoff_010.counts.4.test,0
frame_04_Ta_projector.context_cutoff_010.counts.5.train,725
frame_04_Ta_projector.context_cutoff_010.counts.5.test,759
frame_04_Ta_projector.context_cutoff_010.counts.6.train,381
frame_04_Ta_projector.context_cutoff_010.counts.6.test,364
frame_04_Ta_projector.context_cutoff_010.test_coverage,1.0
frame_04_Ta_projector.context_cutoff_010.balanced_accuracy,0.6241159249891333
frame_04_Ta_projector.context_cutoff_010.ap.0,0.5527862285335059
frame_04_Ta_projector.context_cutoff_010.ap.1,0.9500177509898288
frame_04_Ta_projector.context_cutoff_010.ap.2,0.7273060137357173
frame_04_Ta_projector.context_cutoff_010.ap.3,
frame_04_Ta_projector.context_cutoff_010.ap.4,
frame_04_Ta_projector.context_cutoff_010.ap.5,0.669034553550849
frame_04_Ta_projector.context_cutoff_010.ap.6,0.3902266208394882
frame_04_Ta_projector.context_cutoff_012.counts.0.train,667
frame_04_Ta_projector.context_cutoff_012.counts.0.test,749
frame_04_Ta_projector.context_cutoff_012.counts.1.train,171
frame_04_Ta_projector.context_cutoff_012.counts.1.test,59
frame_04_Ta_projector.context_cutoff_012.counts.2.train,34
frame_04_Ta_projector.context_cutoff_012.counts.2.test,44
frame_04_Ta_projector.context_cutoff_012.counts.3.train,0
frame_04_Ta_projector.context_cutoff_012.counts.3.test,0
frame_04_Ta_projector.context_cutoff_012.counts.4.train,0
frame_04_Ta_projector.context_cutoff_012.counts.4.test,0
frame_04_Ta_projector.context_cutoff_012.counts.5.train,725
frame_04_Ta_projector.context_cutoff_012.counts.5.test,759
frame_04_Ta_projector.context_cutoff_012.counts.6.train,376
frame_04_Ta_projector.context_cutoff_012.counts.6.test,359
frame_04_Ta_projector.context_cutoff_012.test_coverage,1.0
frame_04_Ta_projector.context_cutoff_012.balanced_accuracy,0.6223117450158003
frame_04_Ta_projector.context_cutoff_012.ap.0,0.550860888677319
frame_04_Ta_projector.context_cutoff_012.ap.1,0.8750233369356096
frame_04_Ta_projector.context_cutoff_012.ap.2,0.6813911315690271
frame_04_Ta_projector.context_cutoff_012.ap.3,
frame_04_Ta_projector.context_cutoff_012.ap.4,
frame_04_Ta_projector.context_cutoff_012.ap.5,0.6682739919683722
frame_04_Ta_projector.context_cutoff_012.ap.6,0.3588791946376095
frame_04_Ta_projector.spatial.auc,0.5272509638280354
frame_04_Ta_projector.spatial.pairs,1936
frame_04_Ta_projector.spatial.changed_pairs,1040
frame_04_Ta_projector.spatial.bins,5
frame_04_Ta_projector.spatial.same_label_normalized_distance,0.30663728632246295
frame_04_Ta_projector.nonbulk_spatial.auc,0.5217043992605536
frame_04_Ta_projector.nonbulk_spatial.pairs,1875
frame_04_Ta_projector.nonbulk_spatial.changed_pairs,1031
frame_04_Ta_projector.nonbulk_spatial.bins,5
frame_04_Ta_projector.nonbulk_spatial.same_label_normalized_distance,0.3787756214375805
frame_04_Ta_projector.shuffled_spatial.auc,0.5005215412714397
frame_04_Ta_projector.shuffled_spatial.pairs,1875
frame_04_Ta_projector.shuffled_spatial.changed_pairs,1031
frame_04_Ta_projector.shuffled_spatial.bins,5
frame_04_Ta_projector.shuffled_spatial.same_label_normalized_distance,0.6040955553371787
frame_04_Ta_projector.collapsed_spatial.auc,0.5
frame_04_Ta_projector.collapsed_spatial.pairs,1875
frame_04_Ta_projector.collapsed_spatial.changed_pairs,1031
frame_04_Ta_projector.collapsed_spatial.bins,5
frame_04_Ta_projector.collapsed_spatial.same_label_normalized_distance,
frame_04_Ta_projector.liquid_topology.train_count,431
frame_04_Ta_projector.liquid_topology.test_count,475
frame_04_Ta_projector.liquid_topology.conditional_r2_gain,-1.438757061958313
frame_04_Ta_projector.liquid_topology.mean_r2,-1.4595379829406738
frame_04_Ta_projector.nonbulk_cluster_ami,0.11991968753492858
frame_04_Ta_projector.continuity.0.0001.pair_rms,6.011131954103029
frame_04_Ta_projector.continuity.0.0001.normalized_median,8.391777230423611e-05
frame_04_Ta_projector.continuity.0.0001.normalized_p95,0.01628720660210199
frame_04_Ta_projector.continuity.0.01.pair_rms,6.011131954103029
frame_04_Ta_projector.continuity.0.01.normalized_median,0.04032748500420266
frame_04_Ta_projector.continuity.0.01.normalized_p95,0.14199285418183083
frame_04_Ta_projector.continuity.0.1.pair_rms,6.011131954103029
frame_04_Ta_projector.continuity.0.1.normalized_median,0.14096689791742886
frame_04_Ta_projector.continuity.0.1.normalized_p95,0.7974595219791926
frame_04_Ta_projector.triad_index_switch_fraction_1e4_A,0.00341796875
frame_05_Ta_encoder.collapse.effective_rank,1.2890211426576865
frame_05_Ta_encoder.collapse.variance,18.688102710326664
frame_05_Ta_encoder.collapse.pair_rms,6.11360821615626
frame_05_Ta_encoder.liquid_collapse.effective_rank,6.127522241569513
frame_05_Ta_encoder.liquid_collapse.variance,1.7255557461000195
frame_05_Ta_encoder.liquid_collapse.pair_rms,1.8577167416482092
frame_05_Ta_encoder.reference_coverage.liquid_fraction,0.7783203125
frame_05_Ta_encoder.reference_coverage.cutoff_stable_fraction,0.990478515625
frame_05_Ta_encoder.context.counts.0.train,515
frame_05_Ta_encoder.context.counts.0.test,612
frame_05_Ta_encoder.context.counts.1.train,465
frame_05_Ta_encoder.context.counts.1.test,276
frame_05_Ta_encoder.context.counts.2.train,91
frame_05_Ta_encoder.context.counts.2.test,72
frame_05_Ta_encoder.context.counts.3.train,0
frame_05_Ta_encoder.context.counts.3.test,0
frame_05_Ta_encoder.context.counts.4.train,0
frame_05_Ta_encoder.context.counts.4.test,0
frame_05_Ta_encoder.context.counts.5.train,644
frame_05_Ta_encoder.context.counts.5.test,702
frame_05_Ta_encoder.context.counts.6.train,270
frame_05_Ta_encoder.context.counts.6.test,284
frame_05_Ta_encoder.context.test_coverage,1.0
frame_05_Ta_encoder.context.balanced_accuracy,0.7249421522394398
frame_05_Ta_encoder.context.ap.0,0.6776107665977615
frame_05_Ta_encoder.context.ap.1,0.992251300999112
frame_05_Ta_encoder.context.ap.2,0.9253457577256698
frame_05_Ta_encoder.context.ap.3,
frame_05_Ta_encoder.context.ap.4,
frame_05_Ta_encoder.context.ap.5,0.8049800197227295
frame_05_Ta_encoder.context.ap.6,0.40977642358054156
frame_05_Ta_encoder.ptm.counts.0.train,1378
frame_05_Ta_encoder.ptm.counts.0.test,1535
frame_05_Ta_encoder.ptm.counts.1.train,0
frame_05_Ta_encoder.ptm.counts.1.test,0
frame_05_Ta_encoder.ptm.counts.2.train,0
frame_05_Ta_encoder.ptm.counts.2.test,0
frame_05_Ta_encoder.ptm.counts.3.train,502
frame_05_Ta_encoder.ptm.counts.3.test,314
frame_05_Ta_encoder.ptm.counts.4.train,105
frame_05_Ta_encoder.ptm.counts.4.test,97
frame_05_Ta_encoder.ptm.test_coverage,1.0
frame_05_Ta_encoder.ptm.balanced_accuracy,0.905898869014479
frame_05_Ta_encoder.ptm.ap.0,0.9959894895982573
frame_05_Ta_encoder.ptm.ap.1,
frame_05_Ta_encoder.ptm.ap.2,
frame_05_Ta_encoder.ptm.ap.3,0.99881533358689
frame_05_Ta_encoder.ptm.ap.4,0.6486014153635564
frame_05_Ta_encoder.liquid_order.train_count,1429
frame_05_Ta_encoder.liquid_order.test_count,1598
frame_05_Ta_encoder.liquid_order.conditional_r2_gain,0.17656230926513672
frame_05_Ta_encoder.liquid_order.mean_r2,0.2864784896373749
frame_05_Ta_encoder.context_cutoff_008.counts.0.train,515
frame_05_Ta_encoder.context_cutoff_008.counts.0.test,612
frame_05_Ta_encoder.context_cutoff_008.counts.1.train,463
frame_05_Ta_encoder.context_cutoff_008.counts.1.test,273
frame_05_Ta_encoder.context_cutoff_008.counts.2.train,89
frame_05_Ta_encoder.context_cutoff_008.counts.2.test,73
frame_05_Ta_encoder.context_cutoff_008.counts.3.train,0
frame_05_Ta_encoder.context_cutoff_008.counts.3.test,0
frame_05_Ta_encoder.context_cutoff_008.counts.4.train,0
frame_05_Ta_encoder.context_cutoff_008.counts.4.test,0
frame_05_Ta_encoder.context_cutoff_008.counts.5.train,645
frame_05_Ta_encoder.context_cutoff_008.counts.5.test,702
frame_05_Ta_encoder.context_cutoff_008.counts.6.train,273
frame_05_Ta_encoder.context_cutoff_008.counts.6.test,286
frame_05_Ta_encoder.context_cutoff_008.test_coverage,1.0
frame_05_Ta_encoder.context_cutoff_008.balanced_accuracy,0.7292090232863802
frame_05_Ta_encoder.context_cutoff_008.ap.0,0.6786425295366422
frame_05_Ta_encoder.context_cutoff_008.ap.1,0.9939016543757866
frame_05_Ta_encoder.context_cutoff_008.ap.2,0.9399033686246038
frame_05_Ta_encoder.context_cutoff_008.ap.3,
frame_05_Ta_encoder.context_cutoff_008.ap.4,
frame_05_Ta_encoder.context_cutoff_008.ap.5,0.8049038684344064
frame_05_Ta_encoder.context_cutoff_008.ap.6,0.42858610804935093
frame_05_Ta_encoder.context_cutoff_010.counts.0.train,515
frame_05_Ta_encoder.context_cutoff_010.counts.0.test,612
frame_05_Ta_encoder.context_cutoff_010.counts.1.train,465
frame_05_Ta_encoder.context_cutoff_010.counts.1.test,276
frame_05_Ta_encoder.context_cutoff_010.counts.2.train,91
frame_05_Ta_encoder.context_cutoff_010.counts.2.test,72
frame_05_Ta_encoder.context_cutoff_010.counts.3.train,0
frame_05_Ta_encoder.context_cutoff_010.counts.3.test,0
frame_05_Ta_encoder.context_cutoff_010.counts.4.train,0
frame_05_Ta_encoder.context_cutoff_010.counts.4.test,0
frame_05_Ta_encoder.context_cutoff_010.counts.5.train,644
frame_05_Ta_encoder.context_cutoff_010.counts.5.test,702
frame_05_Ta_encoder.context_cutoff_010.counts.6.train,270
frame_05_Ta_encoder.context_cutoff_010.counts.6.test,284
frame_05_Ta_encoder.context_cutoff_010.test_coverage,1.0
frame_05_Ta_encoder.context_cutoff_010.balanced_accuracy,0.7249421522394398
frame_05_Ta_encoder.context_cutoff_010.ap.0,0.6776107665977615
frame_05_Ta_encoder.context_cutoff_010.ap.1,0.992251300999112
frame_05_Ta_encoder.context_cutoff_010.ap.2,0.9253457577256698
frame_05_Ta_encoder.context_cutoff_010.ap.3,
frame_05_Ta_encoder.context_cutoff_010.ap.4,
frame_05_Ta_encoder.context_cutoff_010.ap.5,0.8049800197227295
frame_05_Ta_encoder.context_cutoff_010.ap.6,0.40977642358054156
frame_05_Ta_encoder.context_cutoff_012.counts.0.train,515
frame_05_Ta_encoder.context_cutoff_012.counts.0.test,612
frame_05_Ta_encoder.context_cutoff_012.counts.1.train,469
frame_05_Ta_encoder.context_cutoff_012.counts.1.test,277
frame_05_Ta_encoder.context_cutoff_012.counts.2.train,98
frame_05_Ta_encoder.context_cutoff_012.counts.2.test,82
frame_05_Ta_encoder.context_cutoff_012.counts.3.train,0
frame_05_Ta_encoder.context_cutoff_012.counts.3.test,0
frame_05_Ta_encoder.context_cutoff_012.counts.4.train,0
frame_05_Ta_encoder.context_cutoff_012.counts.4.test,0
frame_05_Ta_encoder.context_cutoff_012.counts.5.train,641
frame_05_Ta_encoder.context_cutoff_012.counts.5.test,702
frame_05_Ta_encoder.context_cutoff_012.counts.6.train,262
frame_05_Ta_encoder.context_cutoff_012.counts.6.test,273
frame_05_Ta_encoder.context_cutoff_012.test_coverage,1.0
frame_05_Ta_encoder.context_cutoff_012.balanced_accuracy,0.6970156626486748
frame_05_Ta_encoder.context_cutoff_012.ap.0,0.6746558944195713
frame_05_Ta_encoder.context_cutoff_012.ap.1,0.9912754055497536
frame_05_Ta_encoder.context_cutoff_012.ap.2,0.8358555782429982
frame_05_Ta_encoder.context_cutoff_012.ap.3,
frame_05_Ta_encoder.context_cutoff_012.ap.4,
frame_05_Ta_encoder.context_cutoff_012.ap.5,0.8034577476017016
frame_05_Ta_encoder.context_cutoff_012.ap.6,0.37037096635218075
frame_05_Ta_encoder.spatial.auc,0.5195701257438158
frame_05_Ta_encoder.spatial.pairs,1907
frame_05_Ta_encoder.spatial.changed_pairs,885
frame_05_Ta_encoder.spatial.bins,5
frame_05_Ta_encoder.spatial.same_label_normalized_distance,0.3009823293135797
frame_05_Ta_encoder.nonbulk_spatial.auc,0.49178361162348166
frame_05_Ta_encoder.nonbulk_spatial.pairs,1626
frame_05_Ta_encoder.nonbulk_spatial.changed_pairs,853
frame_05_Ta_encoder.nonbulk_spatial.bins,5
frame_05_Ta_encoder.nonbulk_spatial.same_label_normalized_distance,0.6643052080959105
frame_05_Ta_encoder.shuffled_spatial.auc,0.49857267497131325
frame_05_Ta_encoder.shuffled_spatial.pairs,1626
frame_05_Ta_encoder.shuffled_spatial.changed_pairs,853
frame_05_Ta_encoder.shuffled_spatial.bins,5
frame_05_Ta_encoder.shuffled_spatial.same_label_normalized_distance,0.8007355475452393
frame_05_Ta_encoder.collapsed_spatial.auc,0.5
frame_05_Ta_encoder.collapsed_spatial.pairs,1626
frame_05_Ta_encoder.collapsed_spatial.changed_pairs,853
frame_05_Ta_encoder.collapsed_spatial.bins,5
frame_05_Ta_encoder.collapsed_spatial.same_label_normalized_distance,
frame_05_Ta_encoder.liquid_topology.train_count,366
frame_05_Ta_encoder.liquid_topology.test_count,379
frame_05_Ta_encoder.liquid_topology.conditional_r2_gain,-0.8417205214500427
frame_05_Ta_encoder.liquid_topology.mean_r2,-0.8533180952072144
frame_05_Ta_encoder.nonbulk_cluster_ami,0.16174023785181096
frame_05_Ta_encoder.continuity.0.0001.pair_rms,5.670294155035543
frame_05_Ta_encoder.continuity.0.0001.normalized_median,0.00013628890846570051
frame_05_Ta_encoder.continuity.0.0001.normalized_p95,0.07241609018912061
frame_05_Ta_encoder.continuity.0.01.pair_rms,5.670294155035543
frame_05_Ta_encoder.continuity.0.01.normalized_median,0.0979093311893471
frame_05_Ta_encoder.continuity.0.01.normalized_p95,0.32362594041864406
frame_05_Ta_encoder.continuity.0.1.pair_rms,5.670294155035543
frame_05_Ta_encoder.continuity.0.1.normalized_median,0.2377724791374936
frame_05_Ta_encoder.continuity.0.1.normalized_p95,0.9490857065953
frame_05_Ta_encoder.triad_index_switch_fraction_1e4_A,0.005533854477107525
frame_05_Ta_projector.collapse.effective_rank,2.3997325277422688
frame_05_Ta_projector.collapse.variance,29.68001689876118
frame_05_Ta_projector.collapse.pair_rms,7.704546307052892
frame_05_Ta_projector.liquid_collapse.effective_rank,1.8181746221713726
frame_05_Ta_projector.liquid_collapse.variance,1.6727857844339418
frame_05_Ta_projector.liquid_collapse.pair_rms,1.8290903665122409
frame_05_Ta_projector.reference_coverage.liquid_fraction,0.7783203125
frame_05_Ta_projector.reference_coverage.cutoff_stable_fraction,0.990478515625
frame_05_Ta_projector.context.counts.0.train,515
frame_05_Ta_projector.context.counts.0.test,612
frame_05_Ta_projector.context.counts.1.train,465
frame_05_Ta_projector.context.counts.1.test,276
frame_05_Ta_projector.context.counts.2.train,91
frame_05_Ta_projector.context.counts.2.test,72
frame_05_Ta_projector.context.counts.3.train,0
frame_05_Ta_projector.context.counts.3.test,0
frame_05_Ta_projector.context.counts.4.train,0
frame_05_Ta_projector.context.counts.4.test,0
frame_05_Ta_projector.context.counts.5.train,644
frame_05_Ta_projector.context.counts.5.test,702
frame_05_Ta_projector.context.counts.6.train,270
frame_05_Ta_projector.context.counts.6.test,284
frame_05_Ta_projector.context.test_coverage,1.0
frame_05_Ta_projector.context.balanced_accuracy,0.6661266584504221
frame_05_Ta_projector.context.ap.0,0.5082089801686249
frame_05_Ta_projector.context.ap.1,0.9937698268307683
frame_05_Ta_projector.context.ap.2,0.9118328271177911
frame_05_Ta_projector.context.ap.3,
frame_05_Ta_projector.context.ap.4,
frame_05_Ta_projector.context.ap.5,0.6726876841017805
frame_05_Ta_projector.context.ap.6,0.37974846153636416
frame_05_Ta_projector.ptm.counts.0.train,1378
frame_05_Ta_projector.ptm.counts.0.test,1535
frame_05_Ta_projector.ptm.counts.1.train,0
frame_05_Ta_projector.ptm.counts.1.test,0
frame_05_Ta_projector.ptm.counts.2.train,0
frame_05_Ta_projector.ptm.counts.2.test,0
frame_05_Ta_projector.ptm.counts.3.train,502
frame_05_Ta_projector.ptm.counts.3.test,314
frame_05_Ta_projector.ptm.counts.4.train,105
frame_05_Ta_projector.ptm.counts.4.test,97
frame_05_Ta_projector.ptm.test_coverage,1.0
frame_05_Ta_projector.ptm.balanced_accuracy,0.8778123827838895
frame_05_Ta_projector.ptm.ap.0,0.9907824420090094
frame_05_Ta_projector.ptm.ap.1,
frame_05_Ta_projector.ptm.ap.2,
frame_05_Ta_projector.ptm.ap.3,0.9972465517177005
frame_05_Ta_projector.ptm.ap.4,0.36270799451645747
frame_05_Ta_projector.liquid_order.train_count,1429
frame_05_Ta_projector.liquid_order.test_count,1598
frame_05_Ta_projector.liquid_order.conditional_r2_gain,0.12078291922807693
frame_05_Ta_projector.liquid_order.mean_r2,0.17022858560085297
frame_05_Ta_projector.context_cutoff_008.counts.0.train,515
frame_05_Ta_projector.context_cutoff_008.counts.0.test,612
frame_05_Ta_projector.context_cutoff_008.counts.1.train,463
frame_05_Ta_projector.context_cutoff_008.counts.1.test,273
frame_05_Ta_projector.context_cutoff_008.counts.2.train,89
frame_05_Ta_projector.context_cutoff_008.counts.2.test,73
frame_05_Ta_projector.context_cutoff_008.counts.3.train,0
frame_05_Ta_projector.context_cutoff_008.counts.3.test,0
frame_05_Ta_projector.context_cutoff_008.counts.4.train,0
frame_05_Ta_projector.context_cutoff_008.counts.4.test,0
frame_05_Ta_projector.context_cutoff_008.counts.5.train,645
frame_05_Ta_projector.context_cutoff_008.counts.5.test,702
frame_05_Ta_projector.context_cutoff_008.counts.6.train,273
frame_05_Ta_projector.context_cutoff_008.counts.6.test,286
frame_05_Ta_projector.context_cutoff_008.test_coverage,1.0
frame_05_Ta_projector.context_cutoff_008.balanced_accuracy,0.6726670723850418
frame_05_Ta_projector.context_cutoff_008.ap.0,0.506952440403312
frame_05_Ta_projector.context_cutoff_008.ap.1,0.9940039060898764
frame_05_Ta_projector.context_cutoff_008.ap.2,0.928767172097014
frame_05_Ta_projector.context_cutoff_008.ap.3,
frame_05_Ta_projector.context_cutoff_008.ap.4,
frame_05_Ta_projector.context_cutoff_008.ap.5,0.6713993299498346
frame_05_Ta_projector.context_cutoff_008.ap.6,0.38766820239452876
frame_05_Ta_projector.context_cutoff_010.counts.0.train,515
frame_05_Ta_projector.context_cutoff_010.counts.0.test,612
frame_05_Ta_projector.context_cutoff_010.counts.1.train,465
frame_05_Ta_projector.context_cutoff_010.counts.1.test,276
frame_05_Ta_projector.context_cutoff_010.counts.2.train,91
frame_05_Ta_projector.context_cutoff_010.counts.2.test,72
frame_05_Ta_projector.context_cutoff_010.counts.3.train,0
frame_05_Ta_projector.context_cutoff_010.counts.3.test,0
frame_05_Ta_projector.context_cutoff_010.counts.4.train,0
frame_05_Ta_projector.context_cutoff_010.counts.4.test,0
frame_05_Ta_projector.context_cutoff_010.counts.5.train,644
frame_05_Ta_projector.context_cutoff_010.counts.5.test,702
frame_05_Ta_projector.context_cutoff_010.counts.6.train,270
frame_05_Ta_projector.context_cutoff_010.counts.6.test,284
frame_05_Ta_projector.context_cutoff_010.test_coverage,1.0
frame_05_Ta_projector.context_cutoff_010.balanced_accuracy,0.6661266584504221
frame_05_Ta_projector.context_cutoff_010.ap.0,0.5082089801686249
frame_05_Ta_projector.context_cutoff_010.ap.1,0.9937698268307683
frame_05_Ta_projector.context_cutoff_010.ap.2,0.9118328271177911
frame_05_Ta_projector.context_cutoff_010.ap.3,
frame_05_Ta_projector.context_cutoff_010.ap.4,
frame_05_Ta_projector.context_cutoff_010.ap.5,0.6726876841017805
frame_05_Ta_projector.context_cutoff_010.ap.6,0.37974846153636416
frame_05_Ta_projector.context_cutoff_012.counts.0.train,515
frame_05_Ta_projector.context_cutoff_012.counts.0.test,612
frame_05_Ta_projector.context_cutoff_012.counts.1.train,469
frame_05_Ta_projector.context_cutoff_012.counts.1.test,277
frame_05_Ta_projector.context_cutoff_012.counts.2.train,98
frame_05_Ta_projector.context_cutoff_012.counts.2.test,82
frame_05_Ta_projector.context_cutoff_012.counts.3.train,0
frame_05_Ta_projector.context_cutoff_012.counts.3.test,0
frame_05_Ta_projector.context_cutoff_012.counts.4.train,0
frame_05_Ta_projector.context_cutoff_012.counts.4.test,0
frame_05_Ta_projector.context_cutoff_012.counts.5.train,641
frame_05_Ta_projector.context_cutoff_012.counts.5.test,702
frame_05_Ta_projector.context_cutoff_012.counts.6.train,262
frame_05_Ta_projector.context_cutoff_012.counts.6.test,273
frame_05_Ta_projector.context_cutoff_012.test_coverage,1.0
frame_05_Ta_projector.context_cutoff_012.balanced_accuracy,0.650109449146581
frame_05_Ta_projector.context_cutoff_012.ap.0,0.508281141676513
frame_05_Ta_projector.context_cutoff_012.ap.1,0.9936793800826705
frame_05_Ta_projector.context_cutoff_012.ap.2,0.8829523863092404
frame_05_Ta_projector.context_cutoff_012.ap.3,
frame_05_Ta_projector.context_cutoff_012.ap.4,
frame_05_Ta_projector.context_cutoff_012.ap.5,0.6712941816478432
frame_05_Ta_projector.context_cutoff_012.ap.6,0.3518454884152278
frame_05_Ta_projector.spatial.auc,0.5515831124227668
frame_05_Ta_projector.spatial.pairs,1907
frame_05_Ta_projector.spatial.changed_pairs,885
frame_05_Ta_projector.spatial.bins,5
frame_05_Ta_projector.spatial.same_label_normalized_distance,0.21232787585398255
frame_05_Ta_projector.nonbulk_spatial.auc,0.5168955424515936
frame_05_Ta_projector.nonbulk_spatial.pairs,1626
frame_05_Ta_projector.nonbulk_spatial.changed_pairs,853
frame_05_Ta_projector.nonbulk_spatial.bins,5
frame_05_Ta_projector.nonbulk_spatial.same_label_normalized_distance,0.33145899585861044
frame_05_Ta_projector.shuffled_spatial.auc,0.5173550709646586
frame_05_Ta_projector.shuffled_spatial.pairs,1626
frame_05_Ta_projector.shuffled_spatial.changed_pairs,853
frame_05_Ta_projector.shuffled_spatial.bins,5
frame_05_Ta_projector.shuffled_spatial.same_label_normalized_distance,0.6743656799200759
frame_05_Ta_projector.collapsed_spatial.auc,0.5
frame_05_Ta_projector.collapsed_spatial.pairs,1626
frame_05_Ta_projector.collapsed_spatial.changed_pairs,853
frame_05_Ta_projector.collapsed_spatial.bins,5
frame_05_Ta_projector.collapsed_spatial.same_label_normalized_distance,
frame_05_Ta_projector.liquid_topology.train_count,366
frame_05_Ta_projector.liquid_topology.test_count,379
frame_05_Ta_projector.liquid_topology.conditional_r2_gain,-0.05042220279574394
frame_05_Ta_projector.liquid_topology.mean_r2,-0.06275374442338943
frame_05_Ta_projector.nonbulk_cluster_ami,0.19307854038936598
frame_05_Ta_projector.continuity.0.0001.pair_rms,7.046807847080481
frame_05_Ta_projector.continuity.0.0001.normalized_median,7.933574419272262e-05
frame_05_Ta_projector.continuity.0.0001.normalized_p95,0.030526631835252862
frame_05_Ta_projector.continuity.0.01.pair_rms,7.046807847080481
frame_05_Ta_projector.continuity.0.01.normalized_median,0.041237892101981394
frame_05_Ta_projector.continuity.0.01.normalized_p95,0.17905230407812306
frame_05_Ta_projector.continuity.0.1.pair_rms,7.046807847080481
frame_05_Ta_projector.continuity.0.1.normalized_median,0.13575997492151406
frame_05_Ta_projector.continuity.0.1.normalized_p95,0.9345687470500131
frame_05_Ta_projector.triad_index_switch_fraction_1e4_A,0.005533854477107525
frame_06_Zr_encoder.collapse.effective_rank,7.145264424878737
frame_06_Zr_encoder.collapse.variance,1.9594524637184232
frame_06_Zr_encoder.collapse.pair_rms,1.9796224204218456
frame_06_Zr_encoder.liquid_collapse.effective_rank,10.77299215510736
frame_06_Zr_encoder.liquid_collapse.variance,1.4011386630629503
frame_06_Zr_encoder.liquid_collapse.pair_rms,1.6740003960949055
frame_06_Zr_encoder.reference_coverage.liquid_fraction,0.9765625
frame_06_Zr_encoder.reference_coverage.cutoff_stable_fraction,0.956298828125
frame_06_Zr_encoder.context.counts.0.train,968
frame_06_Zr_encoder.context.counts.0.test,920
frame_06_Zr_encoder.context.counts.1.train,16
frame_06_Zr_encoder.context.counts.1.test,0
frame_06_Zr_encoder.context.counts.2.train,53
frame_06_Zr_encoder.context.counts.2.test,20
frame_06_Zr_encoder.context.counts.3.train,0
frame_06_Zr_encoder.context.counts.3.test,0
frame_06_Zr_encoder.context.counts.4.train,0
frame_06_Zr_encoder.context.counts.4.test,0
frame_06_Zr_encoder.context.counts.5.train,489
frame_06_Zr_encoder.context.counts.5.test,492
frame_06_Zr_encoder.context.counts.6.train,390
frame_06_Zr_encoder.context.counts.6.test,399
frame_06_Zr_encoder.context.test_coverage,1.0
frame_06_Zr_encoder.context.balanced_accuracy,0.5774285262466878
frame_06_Zr_encoder.context.ap.0,0.7045086783844275
frame_06_Zr_encoder.context.ap.1,
frame_06_Zr_encoder.context.ap.2,0.6684207751161834
frame_06_Zr_encoder.context.ap.3,
frame_06_Zr_encoder.context.ap.4,
frame_06_Zr_encoder.context.ap.5,0.5467558143992408
frame_06_Zr_encoder.context.ap.6,0.4857276861192553
frame_06_Zr_encoder.ptm.counts.0.train,1854
frame_06_Zr_encoder.ptm.counts.0.test,1809
frame_06_Zr_encoder.ptm.counts.1.train,0
frame_06_Zr_encoder.ptm.counts.1.test,0
frame_06_Zr_encoder.ptm.counts.2.train,1
frame_06_Zr_encoder.ptm.counts.2.test,0
frame_06_Zr_encoder.ptm.counts.3.train,41
frame_06_Zr_encoder.ptm.counts.3.test,10
frame_06_Zr_encoder.ptm.counts.4.train,20
frame_06_Zr_encoder.ptm.counts.4.test,12
frame_06_Zr_encoder.ptm.test_coverage,1.0
frame_06_Zr_encoder.ptm.balanced_accuracy,0.726147042564953
frame_06_Zr_encoder.ptm.ap.0,0.9996800767888485
frame_06_Zr_encoder.ptm.ap.1,
frame_06_Zr_encoder.ptm.ap.2,
frame_06_Zr_encoder.ptm.ap.3,
frame_06_Zr_encoder.ptm.ap.4,
frame_06_Zr_encoder.liquid_order.train_count,1847
frame_06_Zr_encoder.liquid_order.test_count,1811
frame_06_Zr_encoder.liquid_order.conditional_r2_gain,0.15517503023147583
frame_06_Zr_encoder.liquid_order.mean_r2,0.20113737881183624
frame_06_Zr_encoder.context_cutoff_008.counts.0.train,968
frame_06_Zr_encoder.context_cutoff_008.counts.0.test,920
frame_06_Zr_encoder.context_cutoff_008.counts.1.train,15
frame_06_Zr_encoder.context_cutoff_008.counts.1.test,0
frame_06_Zr_encoder.context_cutoff_008.counts.2.train,31
frame_06_Zr_encoder.context_cutoff_008.counts.2.test,9
frame_06_Zr_encoder.context_cutoff_008.counts.3.train,0
frame_06_Zr_encoder.context_cutoff_008.counts.3.test,0
frame_06_Zr_encoder.context_cutoff_008.counts.4.train,0
frame_06_Zr_encoder.context_cutoff_008.counts.4.test,0
frame_06_Zr_encoder.context_cutoff_008.counts.5.train,489
frame_06_Zr_encoder.context_cutoff_008.counts.5.test,493
frame_06_Zr_encoder.context_cutoff_008.counts.6.train,413
frame_06_Zr_encoder.context_cutoff_008.counts.6.test,409
frame_06_Zr_encoder.context_cutoff_008.test_coverage,1.0
frame_06_Zr_encoder.context_cutoff_008.balanced_accuracy,0.5653399508057946
frame_06_Zr_encoder.context_cutoff_008.ap.0,0.7049295420187143
frame_06_Zr_encoder.context_cutoff_008.ap.1,
frame_06_Zr_encoder.context_cutoff_008.ap.2,
frame_06_Zr_encoder.context_cutoff_008.ap.3,
frame_06_Zr_encoder.context_cutoff_008.ap.4,
frame_06_Zr_encoder.context_cutoff_008.ap.5,0.5495801279919827
frame_06_Zr_encoder.context_cutoff_008.ap.6,0.5588821858319213
frame_06_Zr_encoder.context_cutoff_010.counts.0.train,968
frame_06_Zr_encoder.context_cutoff_010.counts.0.test,920
frame_06_Zr_encoder.context_cutoff_010.counts.1.train,16
frame_06_Zr_encoder.context_cutoff_010.counts.1.test,0
frame_06_Zr_encoder.context_cutoff_010.counts.2.train,53
frame_06_Zr_encoder.context_cutoff_010.counts.2.test,20
frame_06_Zr_encoder.context_cutoff_010.counts.3.train,0
frame_06_Zr_encoder.context_cutoff_010.counts.3.test,0
frame_06_Zr_encoder.context_cutoff_010.counts.4.train,0
frame_06_Zr_encoder.context_cutoff_010.counts.4.test,0
frame_06_Zr_encoder.context_cutoff_010.counts.5.train,489
frame_06_Zr_encoder.context_cutoff_010.counts.5.test,492
frame_06_Zr_encoder.context_cutoff_010.counts.6.train,390
frame_06_Zr_encoder.context_cutoff_010.counts.6.test,399
frame_06_Zr_encoder.context_cutoff_010.test_coverage,1.0
frame_06_Zr_encoder.context_cutoff_010.balanced_accuracy,0.5774285262466878
frame_06_Zr_encoder.context_cutoff_010.ap.0,0.7045086783844275
frame_06_Zr_encoder.context_cutoff_010.ap.1,
frame_06_Zr_encoder.context_cutoff_010.ap.2,0.6684207751161834
frame_06_Zr_encoder.context_cutoff_010.ap.3,
frame_06_Zr_encoder.context_cutoff_010.ap.4,
frame_06_Zr_encoder.context_cutoff_010.ap.5,0.5467558143992408
frame_06_Zr_encoder.context_cutoff_010.ap.6,0.4857276861192553
frame_06_Zr_encoder.context_cutoff_012.counts.0.train,964
frame_06_Zr_encoder.context_cutoff_012.counts.0.test,918
frame_06_Zr_encoder.context_cutoff_012.counts.1.train,17
frame_06_Zr_encoder.context_cutoff_012.counts.1.test,1
frame_06_Zr_encoder.context_cutoff_012.counts.2.train,110
frame_06_Zr_encoder.context_cutoff_012.counts.2.test,90
frame_06_Zr_encoder.context_cutoff_012.counts.3.train,0
frame_06_Zr_encoder.context_cutoff_012.counts.3.test,0
frame_06_Zr_encoder.context_cutoff_012.counts.4.train,0
frame_06_Zr_encoder.context_cutoff_012.counts.4.test,0
frame_06_Zr_encoder.context_cutoff_012.counts.5.train,486
frame_06_Zr_encoder.context_cutoff_012.counts.5.test,490
frame_06_Zr_encoder.context_cutoff_012.counts.6.train,339
frame_06_Zr_encoder.context_cutoff_012.counts.6.test,332
frame_06_Zr_encoder.context_cutoff_012.test_coverage,0.9994538503549972
frame_06_Zr_encoder.context_cutoff_012.balanced_accuracy,0.5104016305317307
frame_06_Zr_encoder.context_cutoff_012.ap.0,0.6944629136677828
frame_06_Zr_encoder.context_cutoff_012.ap.1,
frame_06_Zr_encoder.context_cutoff_012.ap.2,0.4199965016844023
frame_06_Zr_encoder.context_cutoff_012.ap.3,
frame_06_Zr_encoder.context_cutoff_012.ap.4,
frame_06_Zr_encoder.context_cutoff_012.ap.5,0.5418206291800578
frame_06_Zr_encoder.context_cutoff_012.ap.6,0.33209888123977754
frame_06_Zr_encoder.spatial.auc,0.5140712800483513
frame_06_Zr_encoder.spatial.pairs,1687
frame_06_Zr_encoder.spatial.changed_pairs,863
frame_06_Zr_encoder.spatial.bins,5
frame_06_Zr_encoder.spatial.same_label_normalized_distance,0.9260714938019369
frame_06_Zr_encoder.nonbulk_spatial.auc,0.5140712800483513
frame_06_Zr_encoder.nonbulk_spatial.pairs,1687
frame_06_Zr_encoder.nonbulk_spatial.changed_pairs,863
frame_06_Zr_encoder.nonbulk_spatial.bins,5
frame_06_Zr_encoder.nonbulk_spatial.same_label_normalized_distance,0.9260714938019369
frame_06_Zr_encoder.shuffled_spatial.auc,0.46322818371912655
frame_06_Zr_encoder.shuffled_spatial.pairs,1687
frame_06_Zr_encoder.shuffled_spatial.changed_pairs,863
frame_06_Zr_encoder.shuffled_spatial.bins,5
frame_06_Zr_encoder.shuffled_spatial.same_label_normalized_distance,0.9460151671154684
frame_06_Zr_encoder.collapsed_spatial.auc,0.5
frame_06_Zr_encoder.collapsed_spatial.pairs,1687
frame_06_Zr_encoder.collapsed_spatial.changed_pairs,863
frame_06_Zr_encoder.collapsed_spatial.bins,5
frame_06_Zr_encoder.collapsed_spatial.same_label_normalized_distance,
frame_06_Zr_encoder.liquid_topology.train_count,444
frame_06_Zr_encoder.liquid_topology.test_count,470
frame_06_Zr_encoder.liquid_topology.conditional_r2_gain,-0.2511237561702728
frame_06_Zr_encoder.liquid_topology.mean_r2,-0.2513330280780792
frame_06_Zr_encoder.nonbulk_cluster_ami,0.061696945396915115
frame_06_Zr_encoder.continuity.0.0001.pair_rms,2.188190117594452
frame_06_Zr_encoder.continuity.0.0001.normalized_median,0.0003068554582818587
frame_06_Zr_encoder.continuity.0.0001.normalized_p95,0.04699714896116291
frame_06_Zr_encoder.continuity.0.01.pair_rms,2.188190117594452
frame_06_Zr_encoder.continuity.0.01.normalized_median,0.2104143216261413
frame_06_Zr_encoder.continuity.0.01.normalized_p95,0.4737130364312682
frame_06_Zr_encoder.continuity.0.1.pair_rms,2.188190117594452
frame_06_Zr_encoder.continuity.0.1.normalized_median,0.555328104054525
frame_06_Zr_encoder.continuity.0.1.normalized_p95,0.7998069663302406
frame_06_Zr_encoder.triad_index_switch_fraction_1e4_A,0.0013020833721384406
frame_06_Zr_projector.collapse.effective_rank,2.86742747395318
frame_06_Zr_projector.collapse.variance,6.185828258560356
frame_06_Zr_projector.collapse.pair_rms,3.5173365658009916
frame_06_Zr_projector.liquid_collapse.effective_rank,1.2831960792293269
frame_06_Zr_projector.liquid_collapse.variance,1.9843914346095302
frame_06_Zr_projector.liquid_collapse.pair_rms,1.9921804308894966
frame_06_Zr_projector.reference_coverage.liquid_fraction,0.9765625
frame_06_Zr_projector.reference_coverage.cutoff_stable_fraction,0.956298828125
frame_06_Zr_projector.context.counts.0.train,968
frame_06_Zr_projector.context.counts.0.test,920
frame_06_Zr_projector.context.counts.1.train,16
frame_06_Zr_projector.context.counts.1.test,0
frame_06_Zr_projector.context.counts.2.train,53
frame_06_Zr_projector.context.counts.2.test,20
frame_06_Zr_projector.context.counts.3.train,0
frame_06_Zr_projector.context.counts.3.test,0
frame_06_Zr_projector.context.counts.4.train,0
frame_06_Zr_projector.context.counts.4.test,0
frame_06_Zr_projector.context.counts.5.train,489
frame_06_Zr_projector.context.counts.5.test,492
frame_06_Zr_projector.context.counts.6.train,390
frame_06_Zr_projector.context.counts.6.test,399
frame_06_Zr_projector.context.test_coverage,1.0
frame_06_Zr_projector.context.balanced_accuracy,0.6053872917978935
frame_06_Zr_projector.context.ap.0,0.6293147422215639
frame_06_Zr_projector.context.ap.1,
frame_06_Zr_projector.context.ap.2,0.661147448275105
frame_06_Zr_projector.context.ap.3,
frame_06_Zr_projector.context.ap.4,
frame_06_Zr_projector.context.ap.5,0.4433655133587385
frame_06_Zr_projector.context.ap.6,0.4228272960569106
frame_06_Zr_projector.ptm.counts.0.train,1854
frame_06_Zr_projector.ptm.counts.0.test,1809
frame_06_Zr_projector.ptm.counts.1.train,0
frame_06_Zr_projector.ptm.counts.1.test,0
frame_06_Zr_projector.ptm.counts.2.train,1
frame_06_Zr_projector.ptm.counts.2.test,0
frame_06_Zr_projector.ptm.counts.3.train,41
frame_06_Zr_projector.ptm.counts.3.test,10
frame_06_Zr_projector.ptm.counts.4.train,20
frame_06_Zr_projector.ptm.counts.4.test,12
frame_06_Zr_projector.ptm.test_coverage,1.0
frame_06_Zr_projector.ptm.balanced_accuracy,0.7893219089736503
frame_06_Zr_projector.ptm.ap.0,0.9966517347691862
frame_06_Zr_projector.ptm.ap.1,
frame_06_Zr_projector.ptm.ap.2,
frame_06_Zr_projector.ptm.ap.3,
frame_06_Zr_projector.ptm.ap.4,
frame_06_Zr_projector.liquid_order.train_count,1847
frame_06_Zr_projector.liquid_order.test_count,1811
frame_06_Zr_projector.liquid_order.conditional_r2_gain,0.1358058899641037
frame_06_Zr_projector.liquid_order.mean_r2,0.1485809087753296
frame_06_Zr_projector.context_cutoff_008.counts.0.train,968
frame_06_Zr_projector.context_cutoff_008.counts.0.test,920
frame_06_Zr_projector.context_cutoff_008.counts.1.train,15
frame_06_Zr_projector.context_cutoff_008.counts.1.test,0
frame_06_Zr_projector.context_cutoff_008.counts.2.train,31
frame_06_Zr_projector.context_cutoff_008.counts.2.test,9
frame_06_Zr_projector.context_cutoff_008.counts.3.train,0
frame_06_Zr_projector.context_cutoff_008.counts.3.test,0
frame_06_Zr_projector.context_cutoff_008.counts.4.train,0
frame_06_Zr_projector.context_cutoff_008.counts.4.test,0
frame_06_Zr_projector.context_cutoff_008.counts.5.train,489
frame_06_Zr_projector.context_cutoff_008.counts.5.test,493
frame_06_Zr_projector.context_cutoff_008.counts.6.train,413
frame_06_Zr_projector.context_cutoff_008.counts.6.test,409
frame_06_Zr_projector.context_cutoff_008.test_coverage,1.0
frame_06_Zr_projector.context_cutoff_008.balanced_accuracy,0.638462589951249
frame_06_Zr_projector.context_cutoff_008.ap.0,0.6300288265824303
frame_06_Zr_projector.context_cutoff_008.ap.1,
frame_06_Zr_projector.context_cutoff_008.ap.2,
frame_06_Zr_projector.context_cutoff_008.ap.3,
frame_06_Zr_projector.context_cutoff_008.ap.4,
frame_06_Zr_projector.context_cutoff_008.ap.5,0.44450756696093047
frame_06_Zr_projector.context_cutoff_008.ap.6,0.5244140728243396
frame_06_Zr_projector.context_cutoff_010.counts.0.train,968
frame_06_Zr_projector.context_cutoff_010.counts.0.test,920
frame_06_Zr_projector.context_cutoff_010.counts.1.train,16
frame_06_Zr_projector.context_cutoff_010.counts.1.test,0
frame_06_Zr_projector.context_cutoff_010.counts.2.train,53
frame_06_Zr_projector.context_cutoff_010.counts.2.test,20
frame_06_Zr_projector.context_cutoff_010.counts.3.train,0
frame_06_Zr_projector.context_cutoff_010.counts.3.test,0
frame_06_Zr_projector.context_cutoff_010.counts.4.train,0
frame_06_Zr_projector.context_cutoff_010.counts.4.test,0
frame_06_Zr_projector.context_cutoff_010.counts.5.train,489
frame_06_Zr_projector.context_cutoff_010.counts.5.test,492
frame_06_Zr_projector.context_cutoff_010.counts.6.train,390
frame_06_Zr_projector.context_cutoff_010.counts.6.test,399
frame_06_Zr_projector.context_cutoff_010.test_coverage,1.0
frame_06_Zr_projector.context_cutoff_010.balanced_accuracy,0.6053872917978935
frame_06_Zr_projector.context_cutoff_010.ap.0,0.6293147422215639
frame_06_Zr_projector.context_cutoff_010.ap.1,
frame_06_Zr_projector.context_cutoff_010.ap.2,0.661147448275105
frame_06_Zr_projector.context_cutoff_010.ap.3,
frame_06_Zr_projector.context_cutoff_010.ap.4,
frame_06_Zr_projector.context_cutoff_010.ap.5,0.4433655133587385
frame_06_Zr_projector.context_cutoff_010.ap.6,0.4228272960569106
frame_06_Zr_projector.context_cutoff_012.counts.0.train,964
frame_06_Zr_projector.context_cutoff_012.counts.0.test,918
frame_06_Zr_projector.context_cutoff_012.counts.1.train,17
frame_06_Zr_projector.context_cutoff_012.counts.1.test,1
frame_06_Zr_projector.context_cutoff_012.counts.2.train,110
frame_06_Zr_projector.context_cutoff_012.counts.2.test,90
frame_06_Zr_projector.context_cutoff_012.counts.3.train,0
frame_06_Zr_projector.context_cutoff_012.counts.3.test,0
frame_06_Zr_projector.context_cutoff_012.counts.4.train,0
frame_06_Zr_projector.context_cutoff_012.counts.4.test,0
frame_06_Zr_projector.context_cutoff_012.counts.5.train,486
frame_06_Zr_projector.context_cutoff_012.counts.5.test,490
frame_06_Zr_projector.context_cutoff_012.counts.6.train,339
frame_06_Zr_projector.context_cutoff_012.counts.6.test,332
frame_06_Zr_projector.context_cutoff_012.test_coverage,0.9994538503549972
frame_06_Zr_projector.context_cutoff_012.balanced_accuracy,0.487669251100708
frame_06_Zr_projector.context_cutoff_012.ap.0,0.6324633912091057
frame_06_Zr_projector.context_cutoff_012.ap.1,
frame_06_Zr_projector.context_cutoff_012.ap.2,0.49549468162511484
frame_06_Zr_projector.context_cutoff_012.ap.3,
frame_06_Zr_projector.context_cutoff_012.ap.4,
frame_06_Zr_projector.context_cutoff_012.ap.5,0.43917267138389937
frame_06_Zr_projector.context_cutoff_012.ap.6,0.2858582284241791
frame_06_Zr_projector.spatial.auc,0.4885947305554164
frame_06_Zr_projector.spatial.pairs,1687
frame_06_Zr_projector.spatial.changed_pairs,863
frame_06_Zr_projector.spatial.bins,5
frame_06_Zr_projector.spatial.same_label_normalized_distance,0.6733440035690855
frame_06_Zr_projector.nonbulk_spatial.auc,0.4885947305554164
frame_06_Zr_projector.nonbulk_spatial.pairs,1687
frame_06_Zr_projector.nonbulk_spatial.changed_pairs,863
frame_06_Zr_projector.nonbulk_spatial.bins,5
frame_06_Zr_projector.nonbulk_spatial.same_label_normalized_distance,0.6733440035690855
frame_06_Zr_projector.shuffled_spatial.auc,0.48581825812884516
frame_06_Zr_projector.shuffled_spatial.pairs,1687
frame_06_Zr_projector.shuffled_spatial.changed_pairs,863
frame_06_Zr_projector.shuffled_spatial.bins,5
frame_06_Zr_projector.shuffled_spatial.same_label_normalized_distance,0.638312390003816
frame_06_Zr_projector.collapsed_spatial.auc,0.5
frame_06_Zr_projector.collapsed_spatial.pairs,1687
frame_06_Zr_projector.collapsed_spatial.changed_pairs,863
frame_06_Zr_projector.collapsed_spatial.bins,5
frame_06_Zr_projector.collapsed_spatial.same_label_normalized_distance,
frame_06_Zr_projector.liquid_topology.train_count,444
frame_06_Zr_projector.liquid_topology.test_count,470
frame_06_Zr_projector.liquid_topology.conditional_r2_gain,-0.02097676321864128
frame_06_Zr_projector.liquid_topology.mean_r2,-0.02541179396212101
frame_06_Zr_projector.nonbulk_cluster_ami,0.05223978689351327
frame_06_Zr_projector.continuity.0.0001.pair_rms,4.44497354626122
frame_06_Zr_projector.continuity.0.0001.normalized_median,0.00013639824084046802
frame_06_Zr_projector.continuity.0.0001.normalized_p95,0.006911370034559336
frame_06_Zr_projector.continuity.0.01.pair_rms,4.44497354626122
frame_06_Zr_projector.continuity.0.01.normalized_median,0.05983139122797494
frame_06_Zr_projector.continuity.0.01.normalized_p95,0.3866148154220912
frame_06_Zr_projector.continuity.0.1.pair_rms,4.44497354626122
frame_06_Zr_projector.continuity.0.1.normalized_median,0.20186055752196796
frame_06_Zr_projector.continuity.0.1.normalized_p95,0.6188251525268859
frame_06_Zr_projector.triad_index_switch_fraction_1e4_A,0.0013020833721384406
frame_07_Zr_encoder.collapse.effective_rank,1.919398507425931
frame_07_Zr_encoder.collapse.variance,6.267469524377383
frame_07_Zr_encoder.collapse.pair_rms,3.540471585644314
frame_07_Zr_encoder.liquid_collapse.effective_rank,10.417508954364669
frame_07_Zr_encoder.liquid_collapse.variance,1.4709940874020329
frame_07_Zr_encoder.liquid_collapse.pair_rms,1.7152224855114468
frame_07_Zr_encoder.reference_coverage.liquid_fraction,0.91943359375
frame_07_Zr_encoder.reference_coverage.cutoff_stable_fraction,0.94775390625
frame_07_Zr_encoder.context.counts.0.train,797
frame_07_Zr_encoder.context.counts.0.test,925
frame_07_Zr_encoder.context.counts.1.train,128
frame_07_Zr_encoder.context.counts.1.test,13
frame_07_Zr_encoder.context.counts.2.train,114
frame_07_Zr_encoder.context.counts.2.test,40
frame_07_Zr_encoder.context.counts.3.train,0
frame_07_Zr_encoder.context.counts.3.test,0
frame_07_Zr_encoder.context.counts.4.train,0
frame_07_Zr_encoder.context.counts.4.test,0
frame_07_Zr_encoder.context.counts.5.train,408
frame_07_Zr_encoder.context.counts.5.test,507
frame_07_Zr_encoder.context.counts.6.train,381
frame_07_Zr_encoder.context.counts.6.test,423
frame_07_Zr_encoder.context.test_coverage,1.0
frame_07_Zr_encoder.context.balanced_accuracy,0.6675234457673083
frame_07_Zr_encoder.context.ap.0,0.7277994572953664
frame_07_Zr_encoder.context.ap.1,
frame_07_Zr_encoder.context.ap.2,0.7088393068502225
frame_07_Zr_encoder.context.ap.3,
frame_07_Zr_encoder.context.ap.4,
frame_07_Zr_encoder.context.ap.5,0.6299446301691359
frame_07_Zr_encoder.context.ap.6,0.4884954553200315
frame_07_Zr_encoder.ptm.counts.0.train,1637
frame_07_Zr_encoder.ptm.counts.0.test,1868
frame_07_Zr_encoder.ptm.counts.1.train,2
frame_07_Zr_encoder.ptm.counts.1.test,1
frame_07_Zr_encoder.ptm.counts.2.train,0
frame_07_Zr_encoder.ptm.counts.2.test,1
frame_07_Zr_encoder.ptm.counts.3.train,180
frame_07_Zr_encoder.ptm.counts.3.test,28
frame_07_Zr_encoder.ptm.counts.4.train,9
frame_07_Zr_encoder.ptm.counts.4.test,10
frame_07_Zr_encoder.ptm.test_coverage,0.9937106918238994
frame_07_Zr_encoder.ptm.balanced_accuracy,0.8741970021413277
frame_07_Zr_encoder.ptm.ap.0,0.9892924764518773
frame_07_Zr_encoder.ptm.ap.1,
frame_07_Zr_encoder.ptm.ap.2,
frame_07_Zr_encoder.ptm.ap.3,0.8511485261211412
frame_07_Zr_encoder.ptm.ap.4,
frame_07_Zr_encoder.liquid_order.train_count,1586
frame_07_Zr_encoder.liquid_order.test_count,1855
frame_07_Zr_encoder.liquid_order.conditional_r2_gain,0.17631423473358154
frame_07_Zr_encoder.liquid_order.mean_r2,0.23029668629169464
frame_07_Zr_encoder.context_cutoff_008.counts.0.train,797
frame_07_Zr_encoder.context_cutoff_008.counts.0.test,925
frame_07_Zr_encoder.context_cutoff_008.counts.1.train,123
frame_07_Zr_encoder.context_cutoff_008.counts.1.test,13
frame_07_Zr_encoder.context_cutoff_008.counts.2.train,95
frame_07_Zr_encoder.context_cutoff_008.counts.2.test,25
frame_07_Zr_encoder.context_cutoff_008.counts.3.train,0
frame_07_Zr_encoder.context_cutoff_008.counts.3.test,0
frame_07_Zr_encoder.context_cutoff_008.counts.4.train,0
frame_07_Zr_encoder.context_cutoff_008.counts.4.test,0
frame_07_Zr_encoder.context_cutoff_008.counts.5.train,409
frame_07_Zr_encoder.context_cutoff_008.counts.5.test,508
frame_07_Zr_encoder.context_cutoff_008.counts.6.train,404
frame_07_Zr_encoder.context_cutoff_008.counts.6.test,437
frame_07_Zr_encoder.context_cutoff_008.test_coverage,1.0
frame_07_Zr_encoder.context_cutoff_008.balanced_accuracy,0.6708286504684638
frame_07_Zr_encoder.context_cutoff_008.ap.0,0.7275927213144752
frame_07_Zr_encoder.context_cutoff_008.ap.1,
frame_07_Zr_encoder.context_cutoff_008.ap.2,0.85121623974542
frame_07_Zr_encoder.context_cutoff_008.ap.3,
frame_07_Zr_encoder.context_cutoff_008.ap.4,
frame_07_Zr_encoder.context_cutoff_008.ap.5,0.6289370619197048
frame_07_Zr_encoder.context_cutoff_008.ap.6,0.5626666499219337
frame_07_Zr_encoder.context_cutoff_010.counts.0.train,797
frame_07_Zr_encoder.context_cutoff_010.counts.0.test,925
frame_07_Zr_encoder.context_cutoff_010.counts.1.train,128
frame_07_Zr_encoder.context_cutoff_010.counts.1.test,13
frame_07_Zr_encoder.context_cutoff_010.counts.2.train,114
frame_07_Zr_encoder.context_cutoff_010.counts.2.test,40
frame_07_Zr_encoder.context_cutoff_010.counts.3.train,0
frame_07_Zr_encoder.context_cutoff_010.counts.3.test,0
frame_07_Zr_encoder.context_cutoff_010.counts.4.train,0
frame_07_Zr_encoder.context_cutoff_010.counts.4.test,0
frame_07_Zr_encoder.context_cutoff_010.counts.5.train,408
frame_07_Zr_encoder.context_cutoff_010.counts.5.test,507
frame_07_Zr_encoder.context_cutoff_010.counts.6.train,381
frame_07_Zr_encoder.context_cutoff_010.counts.6.test,423
frame_07_Zr_encoder.context_cutoff_010.test_coverage,1.0
frame_07_Zr_encoder.context_cutoff_010.balanced_accuracy,0.6675234457673083
frame_07_Zr_encoder.context_cutoff_010.ap.0,0.7277994572953664
frame_07_Zr_encoder.context_cutoff_010.ap.1,
frame_07_Zr_encoder.context_cutoff_010.ap.2,0.7088393068502225
frame_07_Zr_encoder.context_cutoff_010.ap.3,
frame_07_Zr_encoder.context_cutoff_010.ap.4,
frame_07_Zr_encoder.context_cutoff_010.ap.5,0.6299446301691359
frame_07_Zr_encoder.context_cutoff_010.ap.6,0.4884954553200315
frame_07_Zr_encoder.context_cutoff_012.counts.0.train,792
frame_07_Zr_encoder.context_cutoff_012.counts.0.test,919
frame_07_Zr_encoder.context_cutoff_012.counts.1.train,140
frame_07_Zr_encoder.context_cutoff_012.counts.1.test,14
frame_07_Zr_encoder.context_cutoff_012.counts.2.train,165
frame_07_Zr_encoder.context_cutoff_012.counts.2.test,108
frame_07_Zr_encoder.context_cutoff_012.counts.3.train,0
frame_07_Zr_encoder.context_cutoff_012.counts.3.test,0
frame_07_Zr_encoder.context_cutoff_012.counts.4.train,0
frame_07_Zr_encoder.context_cutoff_012.counts.4.test,0
frame_07_Zr_encoder.context_cutoff_012.counts.5.train,406
frame_07_Zr_encoder.context_cutoff_012.counts.5.test,506
frame_07_Zr_encoder.context_cutoff_012.counts.6.train,325
frame_07_Zr_encoder.context_cutoff_012.counts.6.test,361
frame_07_Zr_encoder.context_cutoff_012.test_coverage,1.0
frame_07_Zr_encoder.context_cutoff_012.balanced_accuracy,0.6109186751893867
frame_07_Zr_encoder.context_cutoff_012.ap.0,0.7268191339621479
frame_07_Zr_encoder.context_cutoff_012.ap.1,
frame_07_Zr_encoder.context_cutoff_012.ap.2,0.5412409382743637
frame_07_Zr_encoder.context_cutoff_012.ap.3,
frame_07_Zr_encoder.context_cutoff_012.ap.4,
frame_07_Zr_encoder.context_cutoff_012.ap.5,0.627260724623651
frame_07_Zr_encoder.context_cutoff_012.ap.6,0.3500624115916
frame_07_Zr_encoder.spatial.auc,0.49303922894483526
frame_07_Zr_encoder.spatial.pairs,1768
frame_07_Zr_encoder.spatial.changed_pairs,850
frame_07_Zr_encoder.spatial.bins,5
frame_07_Zr_encoder.spatial.same_label_normalized_distance,0.7864311857351578
frame_07_Zr_encoder.nonbulk_spatial.auc,0.4938283620616635
frame_07_Zr_encoder.nonbulk_spatial.pairs,1758
frame_07_Zr_encoder.nonbulk_spatial.changed_pairs,849
frame_07_Zr_encoder.nonbulk_spatial.bins,5
frame_07_Zr_encoder.nonbulk_spatial.same_label_normalized_distance,0.8859735403547645
frame_07_Zr_encoder.shuffled_spatial.auc,0.48584251053754024
frame_07_Zr_encoder.shuffled_spatial.pairs,1758
frame_07_Zr_encoder.shuffled_spatial.changed_pairs,849
frame_07_Zr_encoder.shuffled_spatial.bins,5
frame_07_Zr_encoder.shuffled_spatial.same_label_normalized_distance,0.7169150765936095
frame_07_Zr_encoder.collapsed_spatial.auc,0.5
frame_07_Zr_encoder.collapsed_spatial.pairs,1758
frame_07_Zr_encoder.collapsed_spatial.changed_pairs,849
frame_07_Zr_encoder.collapsed_spatial.bins,5
frame_07_Zr_encoder.collapsed_spatial.same_label_normalized_distance,
frame_07_Zr_encoder.liquid_topology.train_count,378
frame_07_Zr_encoder.liquid_topology.test_count,465
frame_07_Zr_encoder.liquid_topology.conditional_r2_gain,-26.058977127075195
frame_07_Zr_encoder.liquid_topology.mean_r2,-26.57524299621582
frame_07_Zr_encoder.nonbulk_cluster_ami,0.08361802576439209
frame_07_Zr_encoder.continuity.0.0001.pair_rms,3.414600509675814
frame_07_Zr_encoder.continuity.0.0001.normalized_median,0.0002092951205186509
frame_07_Zr_encoder.continuity.0.0001.normalized_p95,0.02869826636688385
frame_07_Zr_encoder.continuity.0.01.pair_rms,3.414600509675814
frame_07_Zr_encoder.continuity.0.01.normalized_median,0.14372176117736699
frame_07_Zr_encoder.continuity.0.01.normalized_p95,0.34211305811814186
frame_07_Zr_encoder.continuity.0.1.pair_rms,3.414600509675814
frame_07_Zr_encoder.continuity.0.1.normalized_median,0.37623418106503154
frame_07_Zr_encoder.continuity.0.1.normalized_p95,0.5371611993545584
frame_07_Zr_encoder.triad_index_switch_fraction_1e4_A,0.0006510416860692203
frame_07_Zr_projector.collapse.effective_rank,2.45334419759869
frame_07_Zr_projector.collapse.variance,20.338132515755138
frame_07_Zr_projector.collapse.pair_rms,6.377794684019726
frame_07_Zr_projector.liquid_collapse.effective_rank,1.446780489066682
frame_07_Zr_projector.liquid_collapse.variance,2.296117731037907
frame_07_Zr_projector.liquid_collapse.pair_rms,2.1429501772266693
frame_07_Zr_projector.reference_coverage.liquid_fraction,0.91943359375
frame_07_Zr_projector.reference_coverage.cutoff_stable_fraction,0.94775390625
frame_07_Zr_projector.context.counts.0.train,797
frame_07_Zr_projector.context.counts.0.test,925
frame_07_Zr_projector.context.counts.1.train,128
frame_07_Zr_projector.context.counts.1.test,13
frame_07_Zr_projector.context.counts.2.train,114
frame_07_Zr_projector.context.counts.2.test,40
frame_07_Zr_projector.context.counts.3.train,0
frame_07_Zr_projector.context.counts.3.test,0
frame_07_Zr_projector.context.counts.4.train,0
frame_07_Zr_projector.context.counts.4.test,0
frame_07_Zr_projector.context.counts.5.train,408
frame_07_Zr_projector.context.counts.5.test,507
frame_07_Zr_projector.context.counts.6.train,381
frame_07_Zr_projector.context.counts.6.test,423
frame_07_Zr_projector.context.test_coverage,1.0
frame_07_Zr_projector.context.balanced_accuracy,0.6183995638594657
frame_07_Zr_projector.context.ap.0,0.6273404868040305
frame_07_Zr_projector.context.ap.1,
frame_07_Zr_projector.context.ap.2,0.7411774555576914
frame_07_Zr_projector.context.ap.3,
frame_07_Zr_projector.context.ap.4,
frame_07_Zr_projector.context.ap.5,0.48933121807010604
frame_07_Zr_projector.context.ap.6,0.5053999154846884
frame_07_Zr_projector.ptm.counts.0.train,1637
frame_07_Zr_projector.ptm.counts.0.test,1868
frame_07_Zr_projector.ptm.counts.1.train,2
frame_07_Zr_projector.ptm.counts.1.test,1
frame_07_Zr_projector.ptm.counts.2.train,0
frame_07_Zr_projector.ptm.counts.2.test,1
frame_07_Zr_projector.ptm.counts.3.train,180
frame_07_Zr_projector.ptm.counts.3.test,28
frame_07_Zr_projector.ptm.counts.4.train,9
frame_07_Zr_projector.ptm.counts.4.test,10
frame_07_Zr_projector.ptm.test_coverage,0.9937106918238994
frame_07_Zr_projector.ptm.balanced_accuracy,0.837144386662588
frame_07_Zr_projector.ptm.ap.0,0.9920999904675369
frame_07_Zr_projector.ptm.ap.1,
frame_07_Zr_projector.ptm.ap.2,
frame_07_Zr_projector.ptm.ap.3,0.8095105028332914
frame_07_Zr_projector.ptm.ap.4,
frame_07_Zr_projector.liquid_order.train_count,1586
frame_07_Zr_projector.liquid_order.test_count,1855
frame_07_Zr_projector.liquid_order.conditional_r2_gain,0.13502660393714905
frame_07_Zr_projector.liquid_order.mean_r2,0.15193946659564972
frame_07_Zr_projector.context_cutoff_008.counts.0.train,797
frame_07_Zr_projector.context_cutoff_008.counts.0.test,925
frame_07_Zr_projector.context_cutoff_008.counts.1.train,123
frame_07_Zr_projector.context_cutoff_008.counts.1.test,13
frame_07_Zr_projector.context_cutoff_008.counts.2.train,95
frame_07_Zr_projector.context_cutoff_008.counts.2.test,25
frame_07_Zr_projector.context_cutoff_008.counts.3.train,0
frame_07_Zr_projector.context_cutoff_008.counts.3.test,0
frame_07_Zr_projector.context_cutoff_008.counts.4.train,0
frame_07_Zr_projector.context_cutoff_008.counts.4.test,0
frame_07_Zr_projector.context_cutoff_008.counts.5.train,409
frame_07_Zr_projector.context_cutoff_008.counts.5.test,508
frame_07_Zr_projector.context_cutoff_008.counts.6.train,404
frame_07_Zr_projector.context_cutoff_008.counts.6.test,437
frame_07_Zr_projector.context_cutoff_008.test_coverage,1.0
frame_07_Zr_projector.context_cutoff_008.balanced_accuracy,0.6400352234999346
frame_07_Zr_projector.context_cutoff_008.ap.0,0.6246642743716222
frame_07_Zr_projector.context_cutoff_008.ap.1,
frame_07_Zr_projector.context_cutoff_008.ap.2,0.8720585035548489
frame_07_Zr_projector.context_cutoff_008.ap.3,
frame_07_Zr_projector.context_cutoff_008.ap.4,
frame_07_Zr_projector.context_cutoff_008.ap.5,0.49243960524471075
frame_07_Zr_projector.context_cutoff_008.ap.6,0.5574988167800379
frame_07_Zr_projector.context_cutoff_010.counts.0.train,797
frame_07_Zr_projector.context_cutoff_010.counts.0.test,925
frame_07_Zr_projector.context_cutoff_010.counts.1.train,128
frame_07_Zr_projector.context_cutoff_010.counts.1.test,13
frame_07_Zr_projector.context_cutoff_010.counts.2.train,114
frame_07_Zr_projector.context_cutoff_010.counts.2.test,40
frame_07_Zr_projector.context_cutoff_010.counts.3.train,0
frame_07_Zr_projector.context_cutoff_010.counts.3.test,0
frame_07_Zr_projector.context_cutoff_010.counts.4.train,0
frame_07_Zr_projector.context_cutoff_010.counts.4.test,0
frame_07_Zr_projector.context_cutoff_010.counts.5.train,408
frame_07_Zr_projector.context_cutoff_010.counts.5.test,507
frame_07_Zr_projector.context_cutoff_010.counts.6.train,381
frame_07_Zr_projector.context_cutoff_010.counts.6.test,423
frame_07_Zr_projector.context_cutoff_010.test_coverage,1.0
frame_07_Zr_projector.context_cutoff_010.balanced_accuracy,0.6183995638594657
frame_07_Zr_projector.context_cutoff_010.ap.0,0.6273404868040305
frame_07_Zr_projector.context_cutoff_010.ap.1,
frame_07_Zr_projector.context_cutoff_010.ap.2,0.7411774555576914
frame_07_Zr_projector.context_cutoff_010.ap.3,
frame_07_Zr_projector.context_cutoff_010.ap.4,
frame_07_Zr_projector.context_cutoff_010.ap.5,0.48933121807010604
frame_07_Zr_projector.context_cutoff_010.ap.6,0.5053999154846884
frame_07_Zr_projector.context_cutoff_012.counts.0.train,792
frame_07_Zr_projector.context_cutoff_012.counts.0.test,919
frame_07_Zr_projector.context_cutoff_012.counts.1.train,140
frame_07_Zr_projector.context_cutoff_012.counts.1.test,14
frame_07_Zr_projector.context_cutoff_012.counts.2.train,165
frame_07_Zr_projector.context_cutoff_012.counts.2.test,108
frame_07_Zr_projector.context_cutoff_012.counts.3.train,0
frame_07_Zr_projector.context_cutoff_012.counts.3.test,0
frame_07_Zr_projector.context_cutoff_012.counts.4.train,0
frame_07_Zr_projector.context_cutoff_012.counts.4.test,0
frame_07_Zr_projector.context_cutoff_012.counts.5.train,406
frame_07_Zr_projector.context_cutoff_012.counts.5.test,506
frame_07_Zr_projector.context_cutoff_012.counts.6.train,325
frame_07_Zr_projector.context_cutoff_012.counts.6.test,361
frame_07_Zr_projector.context_cutoff_012.test_coverage,1.0
frame_07_Zr_projector.context_cutoff_012.balanced_accuracy,0.6053525731983851
frame_07_Zr_projector.context_cutoff_012.ap.0,0.6233830592676275
frame_07_Zr_projector.context_cutoff_012.ap.1,
frame_07_Zr_projector.context_cutoff_012.ap.2,0.5879755253865201
frame_07_Zr_projector.context_cutoff_012.ap.3,
frame_07_Zr_projector.context_cutoff_012.ap.4,
frame_07_Zr_projector.context_cutoff_012.ap.5,0.48517062975912617
frame_07_Zr_projector.context_cutoff_012.ap.6,0.3372872048704797
frame_07_Zr_projector.spatial.auc,0.4696799939852811
frame_07_Zr_projector.spatial.pairs,1768
frame_07_Zr_projector.spatial.changed_pairs,850
frame_07_Zr_projector.spatial.bins,5
frame_07_Zr_projector.spatial.same_label_normalized_distance,0.48286999231997896
frame_07_Zr_projector.nonbulk_spatial.auc,0.47105786160697666
frame_07_Zr_projector.nonbulk_spatial.pairs,1758
frame_07_Zr_projector.nonbulk_spatial.changed_pairs,849
frame_07_Zr_projector.nonbulk_spatial.bins,5
frame_07_Zr_projector.nonbulk_spatial.same_label_normalized_distance,0.5325941108907946
frame_07_Zr_projector.shuffled_spatial.auc,0.48759279764405855
frame_07_Zr_projector.shuffled_spatial.pairs,1758
frame_07_Zr_projector.shuffled_spatial.changed_pairs,849
frame_07_Zr_projector.shuffled_spatial.bins,5
frame_07_Zr_projector.shuffled_spatial.same_label_normalized_distance,0.5605983251894727
frame_07_Zr_projector.collapsed_spatial.auc,0.5
frame_07_Zr_projector.collapsed_spatial.pairs,1758
frame_07_Zr_projector.collapsed_spatial.changed_pairs,849
frame_07_Zr_projector.collapsed_spatial.bins,5
frame_07_Zr_projector.collapsed_spatial.same_label_normalized_distance,
frame_07_Zr_projector.liquid_topology.train_count,378
frame_07_Zr_projector.liquid_topology.test_count,465
frame_07_Zr_projector.liquid_topology.conditional_r2_gain,-2.6966559886932373
frame_07_Zr_projector.liquid_topology.mean_r2,-3.363703489303589
frame_07_Zr_projector.nonbulk_cluster_ami,0.09456708893920449
frame_07_Zr_projector.continuity.0.0001.pair_rms,6.420406533719774
frame_07_Zr_projector.continuity.0.0001.normalized_median,0.0001038205249310842
frame_07_Zr_projector.continuity.0.0001.normalized_p95,0.007486273193689227
frame_07_Zr_projector.continuity.0.01.pair_rms,6.420406533719774
frame_07_Zr_projector.continuity.0.01.normalized_median,0.04673957836328553
frame_07_Zr_projector.continuity.0.01.normalized_p95,0.22505643399041628
frame_07_Zr_projector.continuity.0.1.pair_rms,6.420406533719774
frame_07_Zr_projector.continuity.0.1.normalized_median,0.15144124482632118
frame_07_Zr_projector.continuity.0.1.normalized_p95,0.48161131541011626
frame_07_Zr_projector.triad_index_switch_fraction_1e4_A,0.0006510416860692203
frame_08_Zr_encoder.collapse.effective_rank,1.3752195095463815
frame_08_Zr_encoder.collapse.variance,18.170412649723335
frame_08_Zr_encoder.collapse.pair_rms,6.028335201317746
frame_08_Zr_encoder.liquid_collapse.effective_rank,10.620912769239055
frame_08_Zr_encoder.liquid_collapse.variance,1.5082367699533399
frame_08_Zr_encoder.liquid_collapse.pair_rms,1.7367997984530859
frame_08_Zr_encoder.reference_coverage.liquid_fraction,0.739990234375
frame_08_Zr_encoder.reference_coverage.cutoff_stable_fraction,0.935791015625
frame_08_Zr_encoder.context.counts.0.train,576
frame_08_Zr_encoder.context.counts.0.test,733
frame_08_Zr_encoder.context.counts.1.train,446
frame_08_Zr_encoder.context.counts.1.test,156
frame_08_Zr_encoder.context.counts.2.train,211
frame_08_Zr_encoder.context.counts.2.test,150
frame_08_Zr_encoder.context.counts.3.train,0
frame_08_Zr_encoder.context.counts.3.test,0
frame_08_Zr_encoder.context.counts.4.train,0
frame_08_Zr_encoder.context.counts.4.test,0
frame_08_Zr_encoder.context.counts.5.train,321
frame_08_Zr_encoder.context.counts.5.test,392
frame_08_Zr_encoder.context.counts.6.train,331
frame_08_Zr_encoder.context.counts.6.test,386
frame_08_Zr_encoder.context.test_coverage,1.0
frame_08_Zr_encoder.context.balanced_accuracy,0.7043314492269366
frame_08_Zr_encoder.context.ap.0,0.7254100462370842
frame_08_Zr_encoder.context.ap.1,0.9987748879947909
frame_08_Zr_encoder.context.ap.2,0.9168604150943718
frame_08_Zr_encoder.context.ap.3,
frame_08_Zr_encoder.context.ap.4,
frame_08_Zr_encoder.context.ap.5,0.5539993418239127
frame_08_Zr_encoder.context.ap.6,0.5092247814609759
frame_08_Zr_encoder.ptm.counts.0.train,1351
frame_08_Zr_encoder.ptm.counts.0.test,1587
frame_08_Zr_encoder.ptm.counts.1.train,0
frame_08_Zr_encoder.ptm.counts.1.test,1
frame_08_Zr_encoder.ptm.counts.2.train,1
frame_08_Zr_encoder.ptm.counts.2.test,2
frame_08_Zr_encoder.ptm.counts.3.train,525
frame_08_Zr_encoder.ptm.counts.3.test,213
frame_08_Zr_encoder.ptm.counts.4.train,8
frame_08_Zr_encoder.ptm.counts.4.test,14
frame_08_Zr_encoder.ptm.test_coverage,0.9906439185470556
frame_08_Zr_encoder.ptm.balanced_accuracy,0.970082625558011
frame_08_Zr_encoder.ptm.ap.0,0.9901007036928385
frame_08_Zr_encoder.ptm.ap.1,
frame_08_Zr_encoder.ptm.ap.2,
frame_08_Zr_encoder.ptm.ap.3,0.9884345803766446
frame_08_Zr_encoder.ptm.ap.4,
frame_08_Zr_encoder.liquid_order.train_count,1228
frame_08_Zr_encoder.liquid_order.test_count,1511
frame_08_Zr_encoder.liquid_order.conditional_r2_gain,0.1472376585006714
frame_08_Zr_encoder.liquid_order.mean_r2,0.19545893371105194
frame_08_Zr_encoder.context_cutoff_008.counts.0.train,577
frame_08_Zr_encoder.context_cutoff_008.counts.0.test,733
frame_08_Zr_encoder.context_cutoff_008.counts.1.train,432
frame_08_Zr_encoder.context_cutoff_008.counts.1.test,150
frame_08_Zr_encoder.context_cutoff_008.counts.2.train,195
frame_08_Zr_encoder.context_cutoff_008.counts.2.test,121
frame_08_Zr_encoder.context_cutoff_008.counts.3.train,0
frame_08_Zr_encoder.context_cutoff_008.counts.3.test,0
frame_08_Zr_encoder.context_cutoff_008.counts.4.train,0
frame_08_Zr_encoder.context_cutoff_008.counts.4.test,0
frame_08_Zr_encoder.context_cutoff_008.counts.5.train,321
frame_08_Zr_encoder.context_cutoff_008.counts.5.test,392
frame_08_Zr_encoder.context_cutoff_008.counts.6.train,360
frame_08_Zr_encoder.context_cutoff_008.counts.6.test,421
frame_08_Zr_encoder.context_cutoff_008.test_coverage,1.0
frame_08_Zr_encoder.context_cutoff_008.balanced_accuracy,0.7216513416561117
frame_08_Zr_encoder.context_cutoff_008.ap.0,0.7242369566668124
frame_08_Zr_encoder.context_cutoff_008.ap.1,0.9968578644742165
frame_08_Zr_encoder.context_cutoff_008.ap.2,0.9387930728250712
frame_08_Zr_encoder.context_cutoff_008.ap.3,
frame_08_Zr_encoder.context_cutoff_008.ap.4,
frame_08_Zr_encoder.context_cutoff_008.ap.5,0.5591669560712379
frame_08_Zr_encoder.context_cutoff_008.ap.6,0.5957882009809677
frame_08_Zr_encoder.context_cutoff_010.counts.0.train,576
frame_08_Zr_encoder.context_cutoff_010.counts.0.test,733
frame_08_Zr_encoder.context_cutoff_010.counts.1.train,446
frame_08_Zr_encoder.context_cutoff_010.counts.1.test,156
frame_08_Zr_encoder.context_cutoff_010.counts.2.train,211
frame_08_Zr_encoder.context_cutoff_010.counts.2.test,150
frame_08_Zr_encoder.context_cutoff_010.counts.3.train,0
frame_08_Zr_encoder.context_cutoff_010.counts.3.test,0
frame_08_Zr_encoder.context_cutoff_010.counts.4.train,0
frame_08_Zr_encoder.context_cutoff_010.counts.4.test,0
frame_08_Zr_encoder.context_cutoff_010.counts.5.train,321
frame_08_Zr_encoder.context_cutoff_010.counts.5.test,392
frame_08_Zr_encoder.context_cutoff_010.counts.6.train,331
frame_08_Zr_encoder.context_cutoff_010.counts.6.test,386
frame_08_Zr_encoder.context_cutoff_010.test_coverage,1.0
frame_08_Zr_encoder.context_cutoff_010.balanced_accuracy,0.7043314492269366
frame_08_Zr_encoder.context_cutoff_010.ap.0,0.7254100462370842
frame_08_Zr_encoder.context_cutoff_010.ap.1,0.9987748879947909
frame_08_Zr_encoder.context_cutoff_010.ap.2,0.9168604150943718
frame_08_Zr_encoder.context_cutoff_010.ap.3,
frame_08_Zr_encoder.context_cutoff_010.ap.4,
frame_08_Zr_encoder.context_cutoff_010.ap.5,0.5539993418239127
frame_08_Zr_encoder.context_cutoff_010.ap.6,0.5092247814609759
frame_08_Zr_encoder.context_cutoff_012.counts.0.train,573
frame_08_Zr_encoder.context_cutoff_012.counts.0.test,726
frame_08_Zr_encoder.context_cutoff_012.counts.1.train,456
frame_08_Zr_encoder.context_cutoff_012.counts.1.test,163
frame_08_Zr_encoder.context_cutoff_012.counts.2.train,264
frame_08_Zr_encoder.context_cutoff_012.counts.2.test,220
frame_08_Zr_encoder.context_cutoff_012.counts.3.train,0
frame_08_Zr_encoder.context_cutoff_012.counts.3.test,0
frame_08_Zr_encoder.context_cutoff_012.counts.4.train,2
frame_08_Zr_encoder.context_cutoff_012.counts.4.test,0
frame_08_Zr_encoder.context_cutoff_012.counts.5.train,319
frame_08_Zr_encoder.context_cutoff_012.counts.5.test,390
frame_08_Zr_encoder.context_cutoff_012.counts.6.train,271
frame_08_Zr_encoder.context_cutoff_012.counts.6.test,318
frame_08_Zr_encoder.context_cutoff_012.test_coverage,1.0
frame_08_Zr_encoder.context_cutoff_012.balanced_accuracy,0.6505173844490264
frame_08_Zr_encoder.context_cutoff_012.ap.0,0.7195535884317226
frame_08_Zr_encoder.context_cutoff_012.ap.1,0.9922196671856877
frame_08_Zr_encoder.context_cutoff_012.ap.2,0.8080871523292917
frame_08_Zr_encoder.context_cutoff_012.ap.3,
frame_08_Zr_encoder.context_cutoff_012.ap.4,
frame_08_Zr_encoder.context_cutoff_012.ap.5,0.5506283592299163
frame_08_Zr_encoder.context_cutoff_012.ap.6,0.36945650589709894
frame_08_Zr_encoder.spatial.auc,0.4811715682171095
frame_08_Zr_encoder.spatial.pairs,1617
frame_08_Zr_encoder.spatial.changed_pairs,725
frame_08_Zr_encoder.spatial.bins,5
frame_08_Zr_encoder.spatial.same_label_normalized_distance,0.3563990249148598
frame_08_Zr_encoder.nonbulk_spatial.auc,0.4687907588839807
frame_08_Zr_encoder.nonbulk_spatial.pairs,1472
frame_08_Zr_encoder.nonbulk_spatial.changed_pairs,708
frame_08_Zr_encoder.nonbulk_spatial.bins,5
frame_08_Zr_encoder.nonbulk_spatial.same_label_normalized_distance,0.6740679547734265
frame_08_Zr_encoder.shuffled_spatial.auc,0.502392068842115
frame_08_Zr_encoder.shuffled_spatial.pairs,1472
frame_08_Zr_encoder.shuffled_spatial.changed_pairs,708
frame_08_Zr_encoder.shuffled_spatial.bins,5
frame_08_Zr_encoder.shuffled_spatial.same_label_normalized_distance,0.7610610668026443
frame_08_Zr_encoder.collapsed_spatial.auc,0.5
frame_08_Zr_encoder.collapsed_spatial.pairs,1472
frame_08_Zr_encoder.collapsed_spatial.changed_pairs,708
frame_08_Zr_encoder.collapsed_spatial.bins,5
frame_08_Zr_encoder.collapsed_spatial.same_label_normalized_distance,
frame_08_Zr_encoder.liquid_topology.train_count,308
frame_08_Zr_encoder.liquid_topology.test_count,389
frame_08_Zr_encoder.liquid_topology.conditional_r2_gain,-2.097073554992676
frame_08_Zr_encoder.liquid_topology.mean_r2,-2.1476309299468994
frame_08_Zr_encoder.nonbulk_cluster_ami,0.20310377392323145
frame_08_Zr_encoder.continuity.0.0001.pair_rms,5.983396204893937
frame_08_Zr_encoder.continuity.0.0001.normalized_median,0.00012614960534450742
frame_08_Zr_encoder.continuity.0.0001.normalized_p95,0.02326712675686783
frame_08_Zr_encoder.continuity.0.01.pair_rms,5.983396204893937
frame_08_Zr_encoder.continuity.0.01.normalized_median,0.09082604446586309
frame_08_Zr_encoder.continuity.0.01.normalized_p95,0.2647320748507045
frame_08_Zr_encoder.continuity.0.1.pair_rms,5.983396204893937
frame_08_Zr_encoder.continuity.0.1.normalized_median,0.226296249211426
frame_08_Zr_encoder.continuity.0.1.normalized_p95,0.8072843505339438
frame_08_Zr_encoder.triad_index_switch_fraction_1e4_A,0.0021158854942768812
frame_08_Zr_projector.collapse.effective_rank,2.263933187120792
frame_08_Zr_projector.collapse.variance,56.07221133001173
frame_08_Zr_projector.collapse.pair_rms,10.589826375348345
frame_08_Zr_projector.liquid_collapse.effective_rank,1.8265832670234012
frame_08_Zr_projector.liquid_collapse.variance,2.6056065600795884
frame_08_Zr_projector.liquid_collapse.pair_rms,2.2828081654311596
frame_08_Zr_projector.reference_coverage.liquid_fraction,0.739990234375
frame_08_Zr_projector.reference_coverage.cutoff_stable_fraction,0.935791015625
frame_08_Zr_projector.context.counts.0.train,576
frame_08_Zr_projector.context.counts.0.test,733
frame_08_Zr_projector.context.counts.1.train,446
frame_08_Zr_projector.context.counts.1.test,156
frame_08_Zr_projector.context.counts.2.train,211
frame_08_Zr_projector.context.counts.2.test,150
frame_08_Zr_projector.context.counts.3.train,0
frame_08_Zr_projector.context.counts.3.test,0
frame_08_Zr_projector.context.counts.4.train,0
frame_08_Zr_projector.context.counts.4.test,0
frame_08_Zr_projector.context.counts.5.train,321
frame_08_Zr_projector.context.counts.5.test,392
frame_08_Zr_projector.context.counts.6.train,331
frame_08_Zr_projector.context.counts.6.test,386
frame_08_Zr_projector.context.test_coverage,1.0
frame_08_Zr_projector.context.balanced_accuracy,0.6775014087048687
frame_08_Zr_projector.context.ap.0,0.6180694765669086
frame_08_Zr_projector.context.ap.1,0.9993212491979011
frame_08_Zr_projector.context.ap.2,0.9230098492329556
frame_08_Zr_projector.context.ap.3,
frame_08_Zr_projector.context.ap.4,
frame_08_Zr_projector.context.ap.5,0.45739225351656454
frame_08_Zr_projector.context.ap.6,0.5132354585784394
frame_08_Zr_projector.ptm.counts.0.train,1351
frame_08_Zr_projector.ptm.counts.0.test,1587
frame_08_Zr_projector.ptm.counts.1.train,0
frame_08_Zr_projector.ptm.counts.1.test,1
frame_08_Zr_projector.ptm.counts.2.train,1
frame_08_Zr_projector.ptm.counts.2.test,2
frame_08_Zr_projector.ptm.counts.3.train,525
frame_08_Zr_projector.ptm.counts.3.test,213
frame_08_Zr_projector.ptm.counts.4.train,8
frame_08_Zr_projector.ptm.counts.4.test,14
frame_08_Zr_projector.ptm.test_coverage,0.9906439185470556
frame_08_Zr_projector.ptm.balanced_accuracy,0.9625522511248968
frame_08_Zr_projector.ptm.ap.0,0.9880442325246538
frame_08_Zr_projector.ptm.ap.1,
frame_08_Zr_projector.ptm.ap.2,
frame_08_Zr_projector.ptm.ap.3,0.97883911623526
frame_08_Zr_projector.ptm.ap.4,
frame_08_Zr_projector.liquid_order.train_count,1228
frame_08_Zr_projector.liquid_order.test_count,1511
frame_08_Zr_projector.liquid_order.conditional_r2_gain,0.13723069429397583
frame_08_Zr_projector.liquid_order.mean_r2,0.15402451157569885
frame_08_Zr_projector.context_cutoff_008.counts.0.train,577
frame_08_Zr_projector.context_cutoff_008.counts.0.test,733
frame_08_Zr_projector.context_cutoff_008.counts.1.train,432
frame_08_Zr_projector.context_cutoff_008.counts.1.test,150
frame_08_Zr_projector.context_cutoff_008.counts.2.train,195
frame_08_Zr_projector.context_cutoff_008.counts.2.test,121
frame_08_Zr_projector.context_cutoff_008.counts.3.train,0
frame_08_Zr_projector.context_cutoff_008.counts.3.test,0
frame_08_Zr_projector.context_cutoff_008.counts.4.train,0
frame_08_Zr_projector.context_cutoff_008.counts.4.test,0
frame_08_Zr_projector.context_cutoff_008.counts.5.train,321
frame_08_Zr_projector.context_cutoff_008.counts.5.test,392
frame_08_Zr_projector.context_cutoff_008.counts.6.train,360
frame_08_Zr_projector.context_cutoff_008.counts.6.test,421
frame_08_Zr_projector.context_cutoff_008.test_coverage,1.0
frame_08_Zr_projector.context_cutoff_008.balanced_accuracy,0.6950976583785836
frame_08_Zr_projector.context_cutoff_008.ap.0,0.6181771935402842
frame_08_Zr_projector.context_cutoff_008.ap.1,0.9970453155181618
frame_08_Zr_projector.context_cutoff_008.ap.2,0.9559713336472282
frame_08_Zr_projector.context_cutoff_008.ap.3,
frame_08_Zr_projector.context_cutoff_008.ap.4,
frame_08_Zr_projector.context_cutoff_008.ap.5,0.4544559654556855
frame_08_Zr_projector.context_cutoff_008.ap.6,0.5796484648176916
frame_08_Zr_projector.context_cutoff_010.counts.0.train,576
frame_08_Zr_projector.context_cutoff_010.counts.0.test,733
frame_08_Zr_projector.context_cutoff_010.counts.1.train,446
frame_08_Zr_projector.context_cutoff_010.counts.1.test,156
frame_08_Zr_projector.context_cutoff_010.counts.2.train,211
frame_08_Zr_projector.context_cutoff_010.counts.2.test,150
frame_08_Zr_projector.context_cutoff_010.counts.3.train,0
frame_08_Zr_projector.context_cutoff_010.counts.3.test,0
frame_08_Zr_projector.context_cutoff_010.counts.4.train,0
frame_08_Zr_projector.context_cutoff_010.counts.4.test,0
frame_08_Zr_projector.context_cutoff_010.counts.5.train,321
frame_08_Zr_projector.context_cutoff_010.counts.5.test,392
frame_08_Zr_projector.context_cutoff_010.counts.6.train,331
frame_08_Zr_projector.context_cutoff_010.counts.6.test,386
frame_08_Zr_projector.context_cutoff_010.test_coverage,1.0
frame_08_Zr_projector.context_cutoff_010.balanced_accuracy,0.6775014087048687
frame_08_Zr_projector.context_cutoff_010.ap.0,0.6180694765669086
frame_08_Zr_projector.context_cutoff_010.ap.1,0.9993212491979011
frame_08_Zr_projector.context_cutoff_010.ap.2,0.9230098492329556
frame_08_Zr_projector.context_cutoff_010.ap.3,
frame_08_Zr_projector.context_cutoff_010.ap.4,
frame_08_Zr_projector.context_cutoff_010.ap.5,0.45739225351656454
frame_08_Zr_projector.context_cutoff_010.ap.6,0.5132354585784394
frame_08_Zr_projector.context_cutoff_012.counts.0.train,573
frame_08_Zr_projector.context_cutoff_012.counts.0.test,726
frame_08_Zr_projector.context_cutoff_012.counts.1.train,456
frame_08_Zr_projector.context_cutoff_012.counts.1.test,163
frame_08_Zr_projector.context_cutoff_012.counts.2.train,264
frame_08_Zr_projector.context_cutoff_012.counts.2.test,220
frame_08_Zr_projector.context_cutoff_012.counts.3.train,0
frame_08_Zr_projector.context_cutoff_012.counts.3.test,0
frame_08_Zr_projector.context_cutoff_012.counts.4.train,2
frame_08_Zr_projector.context_cutoff_012.counts.4.test,0
frame_08_Zr_projector.context_cutoff_012.counts.5.train,319
frame_08_Zr_projector.context_cutoff_012.counts.5.test,390
frame_08_Zr_projector.context_cutoff_012.counts.6.train,271
frame_08_Zr_projector.context_cutoff_012.counts.6.test,318
frame_08_Zr_projector.context_cutoff_012.test_coverage,1.0
frame_08_Zr_projector.context_cutoff_012.balanced_accuracy,0.6249003904856328
frame_08_Zr_projector.context_cutoff_012.ap.0,0.6151144916916024
frame_08_Zr_projector.context_cutoff_012.ap.1,0.9900136125658527
frame_08_Zr_projector.context_cutoff_012.ap.2,0.8188119260144088
frame_08_Zr_projector.context_cutoff_012.ap.3,
frame_08_Zr_projector.context_cutoff_012.ap.4,
frame_08_Zr_projector.context_cutoff_012.ap.5,0.4569679949608848
frame_08_Zr_projector.context_cutoff_012.ap.6,0.36649063557414374
frame_08_Zr_projector.spatial.auc,0.49464470451023634
frame_08_Zr_projector.spatial.pairs,1617
frame_08_Zr_projector.spatial.changed_pairs,725
frame_08_Zr_projector.spatial.bins,5
frame_08_Zr_projector.spatial.same_label_normalized_distance,0.3145307221825494
frame_08_Zr_projector.nonbulk_spatial.auc,0.47274554844963296
frame_08_Zr_projector.nonbulk_spatial.pairs,1472
frame_08_Zr_projector.nonbulk_spatial.changed_pairs,708
frame_08_Zr_projector.nonbulk_spatial.bins,5
frame_08_Zr_projector.nonbulk_spatial.same_label_normalized_distance,0.3507819719886693
frame_08_Zr_projector.shuffled_spatial.auc,0.49780451712432516
frame_08_Zr_projector.shuffled_spatial.pairs,1472
frame_08_Zr_projector.shuffled_spatial.changed_pairs,708
frame_08_Zr_projector.shuffled_spatial.bins,5
frame_08_Zr_projector.shuffled_spatial.same_label_normalized_distance,0.6905545169894708
frame_08_Zr_projector.collapsed_spatial.auc,0.5
frame_08_Zr_projector.collapsed_spatial.pairs,1472
frame_08_Zr_projector.collapsed_spatial.changed_pairs,708
frame_08_Zr_projector.collapsed_spatial.bins,5
frame_08_Zr_projector.collapsed_spatial.same_label_normalized_distance,
frame_08_Zr_projector.liquid_topology.train_count,308
frame_08_Zr_projector.liquid_topology.test_count,389
frame_08_Zr_projector.liquid_topology.conditional_r2_gain,-0.4615034759044647
frame_08_Zr_projector.liquid_topology.mean_r2,-0.505739152431488
frame_08_Zr_projector.nonbulk_cluster_ami,0.2554514880261836
frame_08_Zr_projector.continuity.0.0001.pair_rms,10.971505017846564
frame_08_Zr_projector.continuity.0.0001.normalized_median,6.016153058864122e-05
frame_08_Zr_projector.continuity.0.0001.normalized_p95,0.007878616295265803
frame_08_Zr_projector.continuity.0.01.pair_rms,10.971505017846564
frame_08_Zr_projector.continuity.0.01.normalized_median,0.03216487683568783
frame_08_Zr_projector.continuity.0.01.normalized_p95,0.20398673805264192
frame_08_Zr_projector.continuity.0.1.pair_rms,10.971505017846564
frame_08_Zr_projector.continuity.0.1.normalized_median,0.1114905090448738
frame_08_Zr_projector.continuity.0.1.normalized_p95,0.6711014025800985
frame_08_Zr_projector.triad_index_switch_fraction_1e4_A,0.0021158854942768812
prediction_encoder.future_residual_9ps.groups.all.rows,960
prediction_encoder.future_residual_9ps.groups.all.sources,15
prediction_encoder.future_residual_9ps.groups.all.mse,1.3753422635335786
prediction_encoder.future_residual_9ps.groups.PTM_other.rows,686
prediction_encoder.future_residual_9ps.groups.PTM_other.sources,15
prediction_encoder.future_residual_9ps.groups.PTM_other.mse,1.7633978051821417
prediction_encoder.future_residual_9ps.groups.PTM_crystalline.rows,274
prediction_encoder.future_residual_9ps.groups.PTM_crystalline.sources,13
prediction_encoder.future_residual_9ps.groups.PTM_crystalline.mse,0.6127222089604082
prediction_encoder.future_residual_9ps.groups.T400.rows,192
prediction_encoder.future_residual_9ps.groups.T400.sources,3
prediction_encoder.future_residual_9ps.groups.T400.mse,1.5386530347168446
prediction_encoder.future_residual_9ps.groups.T450.rows,192
prediction_encoder.future_residual_9ps.groups.T450.sources,3
prediction_encoder.future_residual_9ps.groups.T450.mse,1.329322943056468
prediction_encoder.future_residual_9ps.groups.T500.rows,192
prediction_encoder.future_residual_9ps.groups.T500.sources,3
prediction_encoder.future_residual_9ps.groups.T500.mse,1.229155677234909
prediction_encoder.future_residual_9ps.groups.T510.rows,192
prediction_encoder.future_residual_9ps.groups.T510.sources,3
prediction_encoder.future_residual_9ps.groups.T510.mse,1.2562820157812287
prediction_encoder.future_residual_9ps.groups.T520.rows,192
prediction_encoder.future_residual_9ps.groups.T520.sources,3
prediction_encoder.future_residual_9ps.groups.T520.mse,1.5232976468784423
prediction_encoder.future_residual_9ps.per_source.876,1.3251951932907104
prediction_encoder.future_residual_9ps.per_source.878,1.8038891553878784
prediction_encoder.future_residual_9ps.per_source.879,1.4408087730407715
prediction_encoder.future_residual_9ps.per_source.902,1.590707778930664
prediction_encoder.future_residual_9ps.per_source.903,1.451639175415039
prediction_encoder.future_residual_9ps.per_source.906,1.573612093925476
prediction_encoder.future_residual_9ps.per_source.935,1.6022818088531494
prediction_encoder.future_residual_9ps.per_source.936,1.383270502090454
prediction_encoder.future_residual_9ps.per_source.937,1.0024166107177734
prediction_encoder.future_residual_9ps.per_source.963,0.6972469091415405
prediction_encoder.future_residual_9ps.per_source.965,1.5821201801300049
prediction_encoder.future_residual_9ps.per_source.967,1.408099889755249
prediction_encoder.future_residual_9ps.per_source.992,0.7518354654312134
prediction_encoder.future_residual_9ps.per_source.994,1.3383846282958984
prediction_encoder.future_residual_9ps.per_source.997,1.6786259412765503
prediction_encoder.residual_constant.groups.all.rows,960
prediction_encoder.residual_constant.groups.all.sources,15
prediction_encoder.residual_constant.groups.all.mse,1.332023421890335
prediction_encoder.residual_constant.groups.PTM_other.rows,686
prediction_encoder.residual_constant.groups.PTM_other.sources,15
prediction_encoder.residual_constant.groups.PTM_other.mse,1.7201624557924204
prediction_encoder.residual_constant.groups.PTM_crystalline.rows,274
prediction_encoder.residual_constant.groups.PTM_crystalline.sources,13
prediction_encoder.residual_constant.groups.PTM_crystalline.mse,0.6290717859534679
prediction_encoder.residual_constant.groups.T400.rows,192
prediction_encoder.residual_constant.groups.T400.sources,3
prediction_encoder.residual_constant.groups.T400.mse,1.4719453435391188
prediction_encoder.residual_constant.groups.T450.rows,192
prediction_encoder.residual_constant.groups.T450.sources,3
prediction_encoder.residual_constant.groups.T450.mse,1.296212443509527
prediction_encoder.residual_constant.groups.T500.rows,192
prediction_encoder.residual_constant.groups.T500.sources,3
prediction_encoder.residual_constant.groups.T500.mse,1.1845963720988948
prediction_encoder.residual_constant.groups.T510.rows,192
prediction_encoder.residual_constant.groups.T510.sources,3
prediction_encoder.residual_constant.groups.T510.mse,1.227402587159304
prediction_encoder.residual_constant.groups.T520.rows,192
prediction_encoder.residual_constant.groups.T520.sources,3
prediction_encoder.residual_constant.groups.T520.mse,1.479960363144831
prediction_encoder.residual_constant.per_source.876,1.2510082721710205
prediction_encoder.residual_constant.per_source.878,1.784614086151123
prediction_encoder.residual_constant.per_source.879,1.4042587280273438
prediction_encoder.residual_constant.per_source.902,1.5010030269622803
prediction_encoder.residual_constant.per_source.903,1.3775594234466553
prediction_encoder.residual_constant.per_source.906,1.537273645401001
prediction_encoder.residual_constant.per_source.935,1.6242361068725586
prediction_encoder.residual_constant.per_source.936,1.31929349899292
prediction_encoder.residual_constant.per_source.937,0.9451076984405518
prediction_encoder.residual_constant.per_source.963,0.6611502170562744
prediction_encoder.residual_constant.per_source.965,1.5156984329223633
prediction_encoder.residual_constant.per_source.967,1.3769402503967285
prediction_encoder.residual_constant.per_source.992,0.6967796087265015
prediction_encoder.residual_constant.per_source.994,1.2939176559448242
prediction_encoder.residual_constant.per_source.997,1.6915104389190674
prediction_encoder.conditional_hazard.rows,643
prediction_encoder.conditional_hazard.events_12ps,18
prediction_encoder.conditional_hazard.nll,0.1834426168818281
prediction_encoder.conditional_hazard.best_step,128
prediction_encoder.conditional_hazard.tuning_nll,0.2382662740433985
prediction_encoder.conditional_hazard.per_source.876,0.029905810952186584
prediction_encoder.conditional_hazard.per_source.878,0.1116020604968071
prediction_encoder.conditional_hazard.per_source.879,0.017645878717303276
prediction_encoder.conditional_hazard.per_source.902,0.02024359256029129
prediction_encoder.conditional_hazard.per_source.903,0.020518865436315536
prediction_encoder.conditional_hazard.per_source.906,0.053452469408512115
prediction_encoder.conditional_hazard.per_source.935,0.4444273114204407
prediction_encoder.conditional_hazard.per_source.936,0.2619098722934723
prediction_encoder.conditional_hazard.per_source.937,0.17975306510925293
prediction_encoder.conditional_hazard.per_source.963,0.09222165495157242
prediction_encoder.conditional_hazard.per_source.965,0.6259534358978271
prediction_encoder.conditional_hazard.per_source.967,0.30804166197776794
prediction_encoder.conditional_hazard.per_source.992,0.09317927807569504
prediction_encoder.conditional_hazard.per_source.994,0.1577697992324829
prediction_encoder.conditional_hazard.per_source.997,0.3350145220756531
prediction_encoder.conditional_hazard.horizons.0.75.n,643
prediction_encoder.conditional_hazard.horizons.0.75.sources,15
prediction_encoder.conditional_hazard.horizons.0.75.prevalence,0.0
prediction_encoder.conditional_hazard.horizons.0.75.log_loss,0.006821127471307685
prediction_encoder.conditional_hazard.horizons.0.75.brier,0.001571906606476527
prediction_encoder.conditional_hazard.horizons.0.75.average_precision,
prediction_encoder.conditional_hazard.horizons.0.75.threshold,0.003998312633484602
prediction_encoder.conditional_hazard.horizons.0.75.recall,
prediction_encoder.conditional_hazard.horizons.0.75.false_positive_rate,0.08249038889599834
prediction_encoder.conditional_hazard.horizons.0.75.precision,0.0
prediction_encoder.conditional_hazard.horizons.0.75.events,0
prediction_encoder.conditional_hazard.horizons.0.75.missed,0
prediction_encoder.conditional_hazard.horizons.0.75.detected_timing_mae_ps,
prediction_encoder.conditional_hazard.horizons.0.75.timed_within_3ps_recall,
prediction_encoder.conditional_hazard.horizons.3.0.n,643
prediction_encoder.conditional_hazard.horizons.3.0.sources,15
prediction_encoder.conditional_hazard.horizons.3.0.prevalence,0.004964157706093189
prediction_encoder.conditional_hazard.horizons.3.0.log_loss,0.03420501822074261
prediction_encoder.conditional_hazard.horizons.3.0.brier,0.008339883148395778
prediction_encoder.conditional_hazard.horizons.3.0.average_precision,0.0628358175619843
prediction_encoder.conditional_hazard.horizons.3.0.threshold,0.026137899607419968
prediction_encoder.conditional_hazard.horizons.3.0.recall,1.0
prediction_encoder.conditional_hazard.horizons.3.0.false_positive_rate,0.08214172278668508
prediction_encoder.conditional_hazard.horizons.3.0.precision,0.05725796515081445
prediction_encoder.conditional_hazard.horizons.3.0.events,3
prediction_encoder.conditional_hazard.horizons.3.0.missed,0
prediction_encoder.conditional_hazard.horizons.3.0.detected_timing_mae_ps,0.320252055799668
prediction_encoder.conditional_hazard.horizons.3.0.timed_within_3ps_recall,1.0
prediction_encoder.conditional_hazard.horizons.6.0.n,643
prediction_encoder.conditional_hazard.horizons.6.0.sources,15
prediction_encoder.conditional_hazard.horizons.6.0.prevalence,0.012423636212083323
prediction_encoder.conditional_hazard.horizons.6.0.log_loss,0.06545291563948437
prediction_encoder.conditional_hazard.horizons.6.0.brier,0.01670936864654628
prediction_encoder.conditional_hazard.horizons.6.0.average_precision,0.09081177151751417
prediction_encoder.conditional_hazard.horizons.6.0.threshold,0.0506742037832737
prediction_encoder.conditional_hazard.horizons.6.0.recall,0.6869765966660771
prediction_encoder.conditional_hazard.horizons.6.0.false_positive_rate,0.06564478559968745
prediction_encoder.conditional_hazard.horizons.6.0.precision,0.1163342913873791
prediction_encoder.conditional_hazard.horizons.6.0.events,7
prediction_encoder.conditional_hazard.horizons.6.0.missed,2
prediction_encoder.conditional_hazard.horizons.6.0.detected_timing_mae_ps,1.1770948171613598
prediction_encoder.conditional_hazard.horizons.6.0.timed_within_3ps_recall,0.7142857142857143
prediction_encoder.conditional_hazard.horizons.9.0.n,643
prediction_encoder.conditional_hazard.horizons.9.0.sources,15
prediction_encoder.conditional_hazard.horizons.9.0.prevalence,0.02264552139352361
prediction_encoder.conditional_hazard.horizons.9.0.log_loss,0.10784577024229605
prediction_encoder.conditional_hazard.horizons.9.0.brier,0.025782681503343556
prediction_encoder.conditional_hazard.horizons.9.0.average_precision,0.09461838088814802
prediction_encoder.conditional_hazard.horizons.9.0.threshold,0.07848788052797318
prediction_encoder.conditional_hazard.horizons.9.0.recall,0.4453478789398908
prediction_encoder.conditional_hazard.horizons.9.0.false_positive_rate,0.0589262798185129
prediction_encoder.conditional_hazard.horizons.9.0.precision,0.1490186497226728
prediction_encoder.conditional_hazard.horizons.9.0.events,13
prediction_encoder.conditional_hazard.horizons.9.0.missed,7
prediction_encoder.conditional_hazard.horizons.9.0.detected_timing_mae_ps,2.3091080288163126
prediction_encoder.conditional_hazard.horizons.9.0.timed_within_3ps_recall,0.3076923076923077
prediction_encoder.conditional_hazard.horizons.12.0.n,643
prediction_encoder.conditional_hazard.horizons.12.0.sources,15
prediction_encoder.conditional_hazard.horizons.12.0.prevalence,0.032479084681539046
prediction_encoder.conditional_hazard.horizons.12.0.log_loss,0.13328398649749545
prediction_encoder.conditional_hazard.horizons.12.0.brier,0.032925793855971344
prediction_encoder.conditional_hazard.horizons.12.0.average_precision,0.15756147167465134
prediction_encoder.conditional_hazard.horizons.12.0.threshold,0.08368441462516785
prediction_encoder.conditional_hazard.horizons.12.0.recall,0.4312530259051907
prediction_encoder.conditional_hazard.horizons.12.0.false_positive_rate,0.05891720508735619
prediction_encoder.conditional_hazard.horizons.12.0.precision,0.19724881160251614
prediction_encoder.conditional_hazard.horizons.12.0.events,18
prediction_encoder.conditional_hazard.horizons.12.0.missed,11
prediction_encoder.conditional_hazard.horizons.12.0.detected_timing_mae_ps,3.2136839239994157
prediction_encoder.conditional_hazard.horizons.12.0.timed_within_3ps_recall,0.2222222222222222
prediction_encoder.temporal_response.low_change_threshold,1.2580139935016632
prediction_encoder.temporal_response.high_change_threshold,4.198172450065613
prediction_encoder.temporal_response.domains.all.pairs,720
prediction_encoder.temporal_response.domains.all.quiet,103
prediction_encoder.temporal_response.domains.all.changed,176
prediction_encoder.temporal_response.domains.all.change_distance_spearman,0.5013022787466797
prediction_encoder.temporal_response.domains.all.response_auc,0.8492939099735216
prediction_encoder.temporal_response.domains.all.quiet_normalized_distance,0.3236209787585008
prediction_encoder.temporal_response.domains.all.changed_normalized_distance,1.0119181067019847
prediction_encoder.temporal_response.domains.both_PTM_other.pairs,437
prediction_encoder.temporal_response.domains.both_PTM_other.quiet,15
prediction_encoder.temporal_response.domains.both_PTM_other.changed,67
prediction_encoder.temporal_response.domains.both_PTM_other.change_distance_spearman,0.15498162463055856
prediction_encoder.temporal_response.domains.both_PTM_other.response_auc,0.6159203980099501
prediction_encoder.temporal_response.domains.both_PTM_other.quiet_normalized_distance,0.2448917481044126
prediction_encoder.temporal_response.domains.both_PTM_other.changed_normalized_distance,0.3791595074615628
prediction_projector.future_residual_9ps.groups.all.rows,960
prediction_projector.future_residual_9ps.groups.all.sources,15
prediction_projector.future_residual_9ps.groups.all.mse,1.3367561267912
prediction_projector.future_residual_9ps.groups.PTM_other.rows,686
prediction_projector.future_residual_9ps.groups.PTM_other.sources,15
prediction_projector.future_residual_9ps.groups.PTM_other.mse,1.7306889620636796
prediction_projector.future_residual_9ps.groups.PTM_crystalline.rows,274
prediction_projector.future_residual_9ps.groups.PTM_crystalline.sources,13
prediction_projector.future_residual_9ps.groups.PTM_crystalline.mse,0.6359601606184021
prediction_projector.future_residual_9ps.groups.T400.rows,192
prediction_projector.future_residual_9ps.groups.T400.sources,3
prediction_projector.future_residual_9ps.groups.T400.mse,1.4713899844015637
prediction_projector.future_residual_9ps.groups.T450.rows,192
prediction_projector.future_residual_9ps.groups.T450.sources,3
prediction_projector.future_residual_9ps.groups.T450.mse,1.2975451823149342
prediction_projector.future_residual_9ps.groups.T500.rows,192
prediction_projector.future_residual_9ps.groups.T500.sources,3
prediction_projector.future_residual_9ps.groups.T500.mse,1.1965692061154791
prediction_projector.future_residual_9ps.groups.T510.rows,192
prediction_projector.future_residual_9ps.groups.T510.sources,3
prediction_projector.future_residual_9ps.groups.T510.mse,1.2195620165487828
prediction_projector.future_residual_9ps.groups.T520.rows,192
prediction_projector.future_residual_9ps.groups.T520.sources,3
prediction_projector.future_residual_9ps.groups.T520.mse,1.4987142445752397
prediction_projector.future_residual_9ps.per_source.876,1.304628849029541
prediction_projector.future_residual_9ps.per_source.878,1.777389407157898
prediction_projector.future_residual_9ps.per_source.879,1.4141244888305664
prediction_projector.future_residual_9ps.per_source.902,1.5081058740615845
prediction_projector.future_residual_9ps.per_source.903,1.3940575122833252
prediction_projector.future_residual_9ps.per_source.906,1.5120066404342651
prediction_projector.future_residual_9ps.per_source.935,1.5821433067321777
prediction_projector.future_residual_9ps.per_source.936,1.336891770362854
prediction_projector.future_residual_9ps.per_source.937,0.9736003875732422
prediction_projector.future_residual_9ps.per_source.963,0.6646618247032166
prediction_projector.future_residual_9ps.per_source.965,1.519580602645874
prediction_projector.future_residual_9ps.per_source.967,1.4054651260375977
prediction_projector.future_residual_9ps.per_source.992,0.7016803026199341
prediction_projector.future_residual_9ps.per_source.994,1.2612971067428589
prediction_projector.future_residual_9ps.per_source.997,1.6957085132598877
prediction_projector.residual_constant.groups.all.rows,960
prediction_projector.residual_constant.groups.all.sources,15
prediction_projector.residual_constant.groups.all.mse,1.332023421890335
prediction_projector.residual_constant.groups.PTM_other.rows,686
prediction_projector.residual_constant.groups.PTM_other.sources,15
prediction_projector.residual_constant.groups.PTM_other.mse,1.7201624557924204
prediction_projector.residual_constant.groups.PTM_crystalline.rows,274
prediction_projector.residual_constant.groups.PTM_crystalline.sources,13
prediction_projector.residual_constant.groups.PTM_crystalline.mse,0.6290717859534679
prediction_projector.residual_constant.groups.T400.rows,192
prediction_projector.residual_constant.groups.T400.sources,3
prediction_projector.residual_constant.groups.T400.mse,1.4719453435391188
prediction_projector.residual_constant.groups.T450.rows,192
prediction_projector.residual_constant.groups.T450.sources,3
prediction_projector.residual_constant.groups.T450.mse,1.296212443509527
prediction_projector.residual_constant.groups.T500.rows,192
prediction_projector.residual_constant.groups.T500.sources,3
prediction_projector.residual_constant.groups.T500.mse,1.1845963720988948
prediction_projector.residual_constant.groups.T510.rows,192
prediction_projector.residual_constant.groups.T510.sources,3
prediction_projector.residual_constant.groups.T510.mse,1.227402587159304
prediction_projector.residual_constant.groups.T520.rows,192
prediction_projector.residual_constant.groups.T520.sources,3
prediction_projector.residual_constant.groups.T520.mse,1.479960363144831
prediction_projector.residual_constant.per_source.876,1.2510082721710205
prediction_projector.residual_constant.per_source.878,1.784614086151123
prediction_projector.residual_constant.per_source.879,1.4042587280273438
prediction_projector.residual_constant.per_source.902,1.5010030269622803
prediction_projector.residual_constant.per_source.903,1.3775594234466553
prediction_projector.residual_constant.per_source.906,1.537273645401001
prediction_projector.residual_constant.per_source.935,1.6242361068725586
prediction_projector.residual_constant.per_source.936,1.31929349899292
prediction_projector.residual_constant.per_source.937,0.9451076984405518
prediction_projector.residual_constant.per_source.963,0.6611502170562744
prediction_projector.residual_constant.per_source.965,1.5156984329223633
prediction_projector.residual_constant.per_source.967,1.3769402503967285
prediction_projector.residual_constant.per_source.992,0.6967796087265015
prediction_projector.residual_constant.per_source.994,1.2939176559448242
prediction_projector.residual_constant.per_source.997,1.6915104389190674
prediction_projector.conditional_hazard.rows,643
prediction_projector.conditional_hazard.events_12ps,18
prediction_projector.conditional_hazard.nll,0.19559800495529914
prediction_projector.conditional_hazard.best_step,0
prediction_projector.conditional_hazard.tuning_nll,0.27174814963242233
prediction_projector.conditional_hazard.per_source.876,0.045317165553569794
prediction_projector.conditional_hazard.per_source.878,0.12049723416566849
prediction_projector.conditional_hazard.per_source.879,0.04531716927886009
prediction_projector.conditional_hazard.per_source.902,0.04531716927886009
prediction_projector.conditional_hazard.per_source.903,0.04531716927886009
prediction_projector.conditional_hazard.per_source.906,0.11370283365249634
prediction_projector.conditional_hazard.per_source.935,0.5063647031784058
prediction_projector.conditional_hazard.per_source.936,0.26027289032936096
prediction_projector.conditional_hazard.per_source.937,0.18313126266002655
prediction_projector.conditional_hazard.per_source.963,0.32834798097610474
prediction_projector.conditional_hazard.per_source.965,0.4947506785392761
prediction_projector.conditional_hazard.per_source.967,0.2519857585430145
prediction_projector.conditional_hazard.per_source.992,0.045317165553569794
prediction_projector.conditional_hazard.per_source.994,0.17193622887134552
prediction_projector.conditional_hazard.per_source.997,0.2763946056365967
prediction_projector.conditional_hazard.horizons.0.75.n,643
prediction_projector.conditional_hazard.horizons.0.75.sources,15
prediction_projector.conditional_hazard.horizons.0.75.prevalence,0.0
prediction_projector.conditional_hazard.horizons.0.75.log_loss,0.003913401680912204
prediction_projector.conditional_hazard.horizons.0.75.brier,1.5254916679774812e-05
prediction_projector.conditional_hazard.horizons.0.75.average_precision,
prediction_projector.conditional_hazard.horizons.0.75.threshold,0.0039057543035596613
prediction_projector.conditional_hazard.horizons.0.75.recall,
prediction_projector.conditional_hazard.horizons.0.75.false_positive_rate,0.0
prediction_projector.conditional_hazard.horizons.0.75.precision,
prediction_projector.conditional_hazard.horizons.0.75.events,0
prediction_projector.conditional_hazard.horizons.0.75.missed,0
prediction_projector.conditional_hazard.horizons.0.75.detected_timing_mae_ps,
prediction_projector.conditional_hazard.horizons.0.75.timed_within_3ps_recall,
prediction_projector.conditional_hazard.horizons.3.0.n,643
prediction_projector.conditional_hazard.horizons.3.0.sources,15
prediction_projector.conditional_hazard.horizons.3.0.prevalence,0.004964157706093189
prediction_projector.conditional_hazard.horizons.3.0.log_loss,0.03777881787235592
prediction_projector.conditional_hazard.horizons.3.0.brier,0.005101111639588548
prediction_projector.conditional_hazard.horizons.3.0.average_precision,0.00496415770609317
prediction_projector.conditional_hazard.horizons.3.0.threshold,0.017676230520009998
prediction_projector.conditional_hazard.horizons.3.0.recall,0.0
prediction_projector.conditional_hazard.horizons.3.0.false_positive_rate,0.0
prediction_projector.conditional_hazard.horizons.3.0.precision,
prediction_projector.conditional_hazard.horizons.3.0.events,3
prediction_projector.conditional_hazard.horizons.3.0.missed,3
prediction_projector.conditional_hazard.horizons.3.0.detected_timing_mae_ps,
prediction_projector.conditional_hazard.horizons.3.0.timed_within_3ps_recall,0.0
prediction_projector.conditional_hazard.horizons.6.0.n,643
prediction_projector.conditional_hazard.horizons.6.0.sources,15
prediction_projector.conditional_hazard.horizons.6.0.prevalence,0.012423636212083323
prediction_projector.conditional_hazard.horizons.6.0.log_loss,0.07235206248666551
prediction_projector.conditional_hazard.horizons.6.0.brier,0.012505624535516392
prediction_projector.conditional_hazard.horizons.6.0.average_precision,0.012423636212083278
prediction_projector.conditional_hazard.horizons.6.0.threshold,0.027796829119324688
prediction_projector.conditional_hazard.horizons.6.0.recall,0.0
prediction_projector.conditional_hazard.horizons.6.0.false_positive_rate,0.0
prediction_projector.conditional_hazard.horizons.6.0.precision,
prediction_projector.conditional_hazard.horizons.6.0.events,7
prediction_projector.conditional_hazard.horizons.6.0.missed,7
prediction_projector.conditional_hazard.horizons.6.0.detected_timing_mae_ps,
prediction_projector.conditional_hazard.horizons.6.0.timed_within_3ps_recall,0.0
prediction_projector.conditional_hazard.horizons.9.0.n,643
prediction_projector.conditional_hazard.horizons.9.0.sources,15
prediction_projector.conditional_hazard.horizons.9.0.prevalence,0.02264552139352361
prediction_projector.conditional_hazard.horizons.9.0.log_loss,0.11131956953968651
prediction_projector.conditional_hazard.horizons.9.0.brier,0.02232549930691915
prediction_projector.conditional_hazard.horizons.9.0.average_precision,0.022645521393523528
prediction_projector.conditional_hazard.horizons.9.0.threshold,0.03653067722916604
prediction_projector.conditional_hazard.horizons.9.0.recall,0.0
prediction_projector.conditional_hazard.horizons.9.0.false_positive_rate,0.0
prediction_projector.conditional_hazard.horizons.9.0.precision,
prediction_projector.conditional_hazard.horizons.9.0.events,13
prediction_projector.conditional_hazard.horizons.9.0.missed,13
prediction_projector.conditional_hazard.horizons.9.0.detected_timing_mae_ps,
prediction_projector.conditional_hazard.horizons.9.0.timed_within_3ps_recall,0.0
prediction_projector.conditional_hazard.horizons.12.0.n,643
prediction_projector.conditional_hazard.horizons.12.0.sources,15
prediction_projector.conditional_hazard.horizons.12.0.prevalence,0.032479084681539046
prediction_projector.conditional_hazard.horizons.12.0.log_loss,0.14507099669010734
prediction_projector.conditional_hazard.horizons.12.0.brier,0.03156406197200376
prediction_projector.conditional_hazard.horizons.12.0.average_precision,0.03247908468153893
prediction_projector.conditional_hazard.horizons.12.0.threshold,0.04430567473173142
prediction_projector.conditional_hazard.horizons.12.0.recall,0.0
prediction_projector.conditional_hazard.horizons.12.0.false_positive_rate,0.0
prediction_projector.conditional_hazard.horizons.12.0.precision,
prediction_projector.conditional_hazard.horizons.12.0.events,18
prediction_projector.conditional_hazard.horizons.12.0.missed,18
prediction_projector.conditional_hazard.horizons.12.0.detected_timing_mae_ps,
prediction_projector.conditional_hazard.horizons.12.0.timed_within_3ps_recall,0.0
prediction_projector.temporal_response.low_change_threshold,1.2580139935016632
prediction_projector.temporal_response.high_change_threshold,4.198172450065613
prediction_projector.temporal_response.domains.all.pairs,720
prediction_projector.temporal_response.domains.all.quiet,103
prediction_projector.temporal_response.domains.all.changed,176
prediction_projector.temporal_response.domains.all.change_distance_spearman,0.3616822177511917
prediction_projector.temporal_response.domains.all.response_auc,0.7257281553398058
prediction_projector.temporal_response.domains.all.quiet_normalized_distance,0.386052163420319
prediction_projector.temporal_response.domains.all.changed_normalized_distance,0.851524046089321
prediction_projector.temporal_response.domains.both_PTM_other.pairs,437
prediction_projector.temporal_response.domains.both_PTM_other.quiet,15
prediction_projector.temporal_response.domains.both_PTM_other.changed,67
prediction_projector.temporal_response.domains.both_PTM_other.change_distance_spearman,0.13234191559955125
prediction_projector.temporal_response.domains.both_PTM_other.response_auc,0.42388059701492536
prediction_projector.temporal_response.domains.both_PTM_other.quiet_normalized_distance,0.15365238101026482
prediction_projector.temporal_response.domains.both_PTM_other.changed_normalized_distance,0.3295292251562086
prediction_current_physics.future_residual_9ps.groups.all.rows,960
prediction_current_physics.future_residual_9ps.groups.all.sources,15
prediction_current_physics.future_residual_9ps.groups.all.mse,1.332023421868022
prediction_current_physics.future_residual_9ps.groups.PTM_other.rows,686
prediction_current_physics.future_residual_9ps.groups.PTM_other.sources,15
prediction_current_physics.future_residual_9ps.groups.PTM_other.mse,1.7201624557924204
prediction_current_physics.future_residual_9ps.groups.PTM_crystalline.rows,274
prediction_current_physics.future_residual_9ps.groups.PTM_crystalline.sources,13
prediction_current_physics.future_residual_9ps.groups.PTM_crystalline.mse,0.629071785891294
prediction_current_physics.future_residual_9ps.groups.T400.rows,192
prediction_current_physics.future_residual_9ps.groups.T400.sources,3
prediction_current_physics.future_residual_9ps.groups.T400.mse,1.4719453435391188
prediction_current_physics.future_residual_9ps.groups.T450.rows,192
prediction_current_physics.future_residual_9ps.groups.T450.sources,3
prediction_current_physics.future_residual_9ps.groups.T450.mse,1.2962124434319169
prediction_current_physics.future_residual_9ps.groups.T500.rows,192
prediction_current_physics.future_residual_9ps.groups.T500.sources,3
prediction_current_physics.future_residual_9ps.groups.T500.mse,1.1845963720600896
prediction_current_physics.future_residual_9ps.groups.T510.rows,192
prediction_current_physics.future_residual_9ps.groups.T510.sources,3
prediction_current_physics.future_residual_9ps.groups.T510.mse,1.2274025871641547
prediction_current_physics.future_residual_9ps.groups.T520.rows,192
prediction_current_physics.future_residual_9ps.groups.T520.sources,3
prediction_current_physics.future_residual_9ps.groups.T520.mse,1.479960363144831
prediction_current_physics.future_residual_9ps.per_source.876,1.2510082721710205
prediction_current_physics.future_residual_9ps.per_source.878,1.784614086151123
prediction_current_physics.future_residual_9ps.per_source.879,1.4042587280273438
prediction_current_physics.future_residual_9ps.per_source.902,1.5010030269622803
prediction_current_physics.future_residual_9ps.per_source.903,1.3775594234466553
prediction_current_physics.future_residual_9ps.per_source.906,1.537273645401001
prediction_current_physics.future_residual_9ps.per_source.935,1.6242361068725586
prediction_current_physics.future_residual_9ps.per_source.936,1.31929349899292
prediction_current_physics.future_residual_9ps.per_source.937,0.9451076984405518
prediction_current_physics.future_residual_9ps.per_source.963,0.6611502170562744
prediction_current_physics.future_residual_9ps.per_source.965,1.5156984329223633
prediction_current_physics.future_residual_9ps.per_source.967,1.3769402503967285
prediction_current_physics.future_residual_9ps.per_source.992,0.6967796087265015
prediction_current_physics.future_residual_9ps.per_source.994,1.2939176559448242
prediction_current_physics.future_residual_9ps.per_source.997,1.6915104389190674
prediction_current_physics.residual_constant.groups.all.rows,960
prediction_current_physics.residual_constant.groups.all.sources,15
prediction_current_physics.residual_constant.groups.all.mse,1.332023421890335
prediction_current_physics.residual_constant.groups.PTM_other.rows,686
prediction_current_physics.residual_constant.groups.PTM_other.sources,15
prediction_current_physics.residual_constant.groups.PTM_other.mse,1.7201624557924204
prediction_current_physics.residual_constant.groups.PTM_crystalline.rows,274
prediction_current_physics.residual_constant.groups.PTM_crystalline.sources,13
prediction_current_physics.residual_constant.groups.PTM_crystalline.mse,0.6290717859534679
prediction_current_physics.residual_constant.groups.T400.rows,192
prediction_current_physics.residual_constant.groups.T400.sources,3
prediction_current_physics.residual_constant.groups.T400.mse,1.4719453435391188
prediction_current_physics.residual_constant.groups.T450.rows,192
prediction_current_physics.residual_constant.groups.T450.sources,3
prediction_current_physics.residual_constant.groups.T450.mse,1.296212443509527
prediction_current_physics.residual_constant.groups.T500.rows,192
prediction_current_physics.residual_constant.groups.T500.sources,3
prediction_current_physics.residual_constant.groups.T500.mse,1.1845963720988948
prediction_current_physics.residual_constant.groups.T510.rows,192
prediction_current_physics.residual_constant.groups.T510.sources,3
prediction_current_physics.residual_constant.groups.T510.mse,1.227402587159304
prediction_current_physics.residual_constant.groups.T520.rows,192
prediction_current_physics.residual_constant.groups.T520.sources,3
prediction_current_physics.residual_constant.groups.T520.mse,1.479960363144831
prediction_current_physics.residual_constant.per_source.876,1.2510082721710205
prediction_current_physics.residual_constant.per_source.878,1.784614086151123
prediction_current_physics.residual_constant.per_source.879,1.4042587280273438
prediction_current_physics.residual_constant.per_source.902,1.5010030269622803
prediction_current_physics.residual_constant.per_source.903,1.3775594234466553
prediction_current_physics.residual_constant.per_source.906,1.537273645401001
prediction_current_physics.residual_constant.per_source.935,1.6242361068725586
prediction_current_physics.residual_constant.per_source.936,1.31929349899292
prediction_current_physics.residual_constant.per_source.937,0.9451076984405518
prediction_current_physics.residual_constant.per_source.963,0.6611502170562744
prediction_current_physics.residual_constant.per_source.965,1.5156984329223633
prediction_current_physics.residual_constant.per_source.967,1.3769402503967285
prediction_current_physics.residual_constant.per_source.992,0.6967796087265015
prediction_current_physics.residual_constant.per_source.994,1.2939176559448242
prediction_current_physics.residual_constant.per_source.997,1.6915104389190674
prediction_current_physics.conditional_hazard.rows,643
prediction_current_physics.conditional_hazard.events_12ps,18
prediction_current_physics.conditional_hazard.nll,0.19540325506963602
prediction_current_physics.conditional_hazard.best_step,128
prediction_current_physics.conditional_hazard.tuning_nll,0.2561934801151333
prediction_current_physics.conditional_hazard.per_source.876,0.03283444046974182
prediction_current_physics.conditional_hazard.per_source.878,0.10592883825302124
prediction_current_physics.conditional_hazard.per_source.879,0.027593081817030907
prediction_current_physics.conditional_hazard.per_source.902,0.026391858235001564
prediction_current_physics.conditional_hazard.per_source.903,0.02586611919105053
prediction_current_physics.conditional_hazard.per_source.906,0.09201586991548538
prediction_current_physics.conditional_hazard.per_source.935,0.5200216174125671
prediction_current_physics.conditional_hazard.per_source.936,0.27840831875801086
prediction_current_physics.conditional_hazard.per_source.937,0.12092452496290207
prediction_current_physics.conditional_hazard.per_source.963,0.31395724415779114
prediction_current_physics.conditional_hazard.per_source.965,0.5928173065185547
prediction_current_physics.conditional_hazard.per_source.967,0.2722397744655609
prediction_current_physics.conditional_hazard.per_source.992,0.06770939379930496
prediction_current_physics.conditional_hazard.per_source.994,0.16438837349414825
prediction_current_physics.conditional_hazard.per_source.997,0.28995203971862793
prediction_current_physics.conditional_hazard.horizons.0.75.n,643
prediction_current_physics.conditional_hazard.horizons.0.75.sources,15
prediction_current_physics.conditional_hazard.horizons.0.75.prevalence,0.0
prediction_current_physics.conditional_hazard.horizons.0.75.log_loss,0.0018221962342550454
prediction_current_physics.conditional_hazard.horizons.0.75.brier,2.572840217057089e-05
prediction_current_physics.conditional_hazard.horizons.0.75.average_precision,
prediction_current_physics.conditional_hazard.horizons.0.75.threshold,0.011828443966805935
prediction_current_physics.conditional_hazard.horizons.0.75.recall,
prediction_current_physics.conditional_hazard.horizons.0.75.false_positive_rate,0.03939854824595747
prediction_current_physics.conditional_hazard.horizons.0.75.precision,0.0
prediction_current_physics.conditional_hazard.horizons.0.75.events,0
prediction_current_physics.conditional_hazard.horizons.0.75.missed,0
prediction_current_physics.conditional_hazard.horizons.0.75.detected_timing_mae_ps,
prediction_current_physics.conditional_hazard.horizons.0.75.timed_within_3ps_recall,
prediction_current_physics.conditional_hazard.horizons.3.0.n,643
prediction_current_physics.conditional_hazard.horizons.3.0.sources,15
prediction_current_physics.conditional_hazard.horizons.3.0.prevalence,0.004964157706093189
prediction_current_physics.conditional_hazard.horizons.3.0.log_loss,0.033494891115670174
prediction_current_physics.conditional_hazard.horizons.3.0.brier,0.0052732243378661
prediction_current_physics.conditional_hazard.horizons.3.0.average_precision,0.011237196934333817
prediction_current_physics.conditional_hazard.horizons.3.0.threshold,0.046833887696266174
prediction_current_physics.conditional_hazard.horizons.3.0.recall,0.0
prediction_current_physics.conditional_hazard.horizons.3.0.false_positive_rate,0.03815384140465163
prediction_current_physics.conditional_hazard.horizons.3.0.precision,0.0
prediction_current_physics.conditional_hazard.horizons.3.0.events,3
prediction_current_physics.conditional_hazard.horizons.3.0.missed,3
prediction_current_physics.conditional_hazard.horizons.3.0.detected_timing_mae_ps,
prediction_current_physics.conditional_hazard.horizons.3.0.timed_within_3ps_recall,0.0
prediction_current_physics.conditional_hazard.horizons.6.0.n,643
prediction_current_physics.conditional_hazard.horizons.6.0.sources,15
prediction_current_physics.conditional_hazard.horizons.6.0.prevalence,0.012423636212083323
prediction_current_physics.conditional_hazard.horizons.6.0.log_loss,0.06261243348197096
prediction_current_physics.conditional_hazard.horizons.6.0.brier,0.012434480697318579
prediction_current_physics.conditional_hazard.horizons.6.0.average_precision,0.04987511646410167
prediction_current_physics.conditional_hazard.horizons.6.0.threshold,0.05409042909741402
prediction_current_physics.conditional_hazard.horizons.6.0.recall,0.28740294356240587
prediction_current_physics.conditional_hazard.horizons.6.0.false_positive_rate,0.05540425631475534
prediction_current_physics.conditional_hazard.horizons.6.0.precision,0.06125926536961312
prediction_current_physics.conditional_hazard.horizons.6.0.events,7
prediction_current_physics.conditional_hazard.horizons.6.0.missed,5
prediction_current_physics.conditional_hazard.horizons.6.0.detected_timing_mae_ps,1.1745945380067804
prediction_current_physics.conditional_hazard.horizons.6.0.timed_within_3ps_recall,0.2857142857142857
prediction_current_physics.conditional_hazard.horizons.9.0.n,643
prediction_current_physics.conditional_hazard.horizons.9.0.sources,15
prediction_current_physics.conditional_hazard.horizons.9.0.prevalence,0.02264552139352361
prediction_current_physics.conditional_hazard.horizons.9.0.log_loss,0.1065822724154313
prediction_current_physics.conditional_hazard.horizons.9.0.brier,0.02236764432895219
prediction_current_physics.conditional_hazard.horizons.9.0.average_precision,0.048694118083437384
prediction_current_physics.conditional_hazard.horizons.9.0.threshold,0.09030628204345703
prediction_current_physics.conditional_hazard.horizons.9.0.recall,0.08920978170896862
prediction_current_physics.conditional_hazard.horizons.9.0.false_positive_rate,0.04314545625272642
prediction_current_physics.conditional_hazard.horizons.9.0.precision,0.0457177123470904
prediction_current_physics.conditional_hazard.horizons.9.0.events,13
prediction_current_physics.conditional_hazard.horizons.9.0.missed,12
prediction_current_physics.conditional_hazard.horizons.9.0.detected_timing_mae_ps,0.17285206840809098
prediction_current_physics.conditional_hazard.horizons.9.0.timed_within_3ps_recall,0.07692307692307693
prediction_current_physics.conditional_hazard.horizons.12.0.n,643
prediction_current_physics.conditional_hazard.horizons.12.0.sources,15
prediction_current_physics.conditional_hazard.horizons.12.0.prevalence,0.032479084681539046
prediction_current_physics.conditional_hazard.horizons.12.0.log_loss,0.141430123894987
prediction_current_physics.conditional_hazard.horizons.12.0.brier,0.0315640730195752
prediction_current_physics.conditional_hazard.horizons.12.0.average_precision,0.06091461042254151
prediction_current_physics.conditional_hazard.horizons.12.0.threshold,0.10798215121030807
prediction_current_physics.conditional_hazard.horizons.12.0.recall,0.06220009092036677
prediction_current_physics.conditional_hazard.horizons.12.0.false_positive_rate,0.040060440428074225
prediction_current_physics.conditional_hazard.horizons.12.0.precision,0.04953962719041437
prediction_current_physics.conditional_hazard.horizons.12.0.events,18
prediction_current_physics.conditional_hazard.horizons.12.0.missed,17
prediction_current_physics.conditional_hazard.horizons.12.0.detected_timing_mae_ps,0.3691432520556992
prediction_current_physics.conditional_hazard.horizons.12.0.timed_within_3ps_recall,0.05555555555555555
prediction_current_physics.temporal_response.low_change_threshold,1.2580139935016632
prediction_current_physics.temporal_response.high_change_threshold,4.198172450065613
prediction_current_physics.temporal_response.domains.all.pairs,720
prediction_current_physics.temporal_response.domains.all.quiet,103
prediction_current_physics.temporal_response.domains.all.changed,176
prediction_current_physics.temporal_response.domains.all.change_distance_spearman,
prediction_current_physics.temporal_response.domains.all.response_auc,0.5
prediction_current_physics.temporal_response.domains.all.quiet_normalized_distance,
prediction_current_physics.temporal_response.domains.all.changed_normalized_distance,
prediction_current_physics.temporal_response.domains.both_PTM_other.pairs,437
prediction_current_physics.temporal_response.domains.both_PTM_other.quiet,15
prediction_current_physics.temporal_response.domains.both_PTM_other.changed,67
prediction_current_physics.temporal_response.domains.both_PTM_other.change_distance_spearman,
prediction_current_physics.temporal_response.domains.both_PTM_other.response_auc,0.5
prediction_current_physics.temporal_response.domains.both_PTM_other.quiet_normalized_distance,
prediction_current_physics.temporal_response.domains.both_PTM_other.changed_normalized_distance,
